<?xml version="1.0" encoding="UTF-8"?>
<gpx version="1.0" creator="GPSBabel - https://www.gpsbabel.org" xmlns="http://www.topografix.com/GPX/1/0">
  <time>2026-05-27T10:13:55.062Z</time>
  <bounds minlat="45.549420000" minlon="5.674740000" maxlat="46.058540000" maxlon="5.814050000"/>
  <trk>
    <trkseg>
      <trkpt lat="45.549420000" lon="5.721730000">
        <ele>279.000</ele>
      </trkpt>
      <trkpt lat="45.549450000" lon="5.721380000">
        <ele>279.000</ele>
      </trkpt>
      <trkpt lat="45.549500000" lon="5.720880000">
        <ele>279.000</ele>
      </trkpt>
      <trkpt lat="45.549650000" lon="5.720060000">
        <ele>279.000</ele>
      </trkpt>
      <trkpt lat="45.549960000" lon="5.719300000">
        <ele>279.000</ele>
      </trkpt>
      <trkpt lat="45.549960000" lon="5.719300000">
        <ele>279.000</ele>
      </trkpt>
      <trkpt lat="45.550160000" lon="5.718820000">
        <ele>280.000</ele>
      </trkpt>
      <trkpt lat="45.550300000" lon="5.718610000">
        <ele>281.000</ele>
      </trkpt>
      <trkpt lat="45.550500000" lon="5.718310000">
        <ele>283.000</ele>
      </trkpt>
      <trkpt lat="45.550540000" lon="5.718410000">
        <ele>285.000</ele>
      </trkpt>
      <trkpt lat="45.550670000" lon="5.718540000">
        <ele>286.000</ele>
      </trkpt>
      <trkpt lat="45.550950000" lon="5.718590000">
        <ele>288.000</ele>
      </trkpt>
      <trkpt lat="45.551320000" lon="5.718600000">
        <ele>291.000</ele>
      </trkpt>
      <trkpt lat="45.551440000" lon="5.718500000">
        <ele>293.000</ele>
      </trkpt>
      <trkpt lat="45.551520000" lon="5.718360000">
        <ele>295.000</ele>
      </trkpt>
      <trkpt lat="45.551630000" lon="5.717820000">
        <ele>296.000</ele>
      </trkpt>
      <trkpt lat="45.551830000" lon="5.717010000">
        <ele>298.000</ele>
      </trkpt>
      <trkpt lat="45.551940000" lon="5.716590000">
        <ele>300.000</ele>
      </trkpt>
      <trkpt lat="45.552410000" lon="5.715240000">
        <ele>302.000</ele>
      </trkpt>
      <trkpt lat="45.552570000" lon="5.714790000">
        <ele>305.000</ele>
      </trkpt>
      <trkpt lat="45.552590000" lon="5.714770000">
        <ele>307.000</ele>
      </trkpt>
      <trkpt lat="45.552670000" lon="5.714690000">
        <ele>308.000</ele>
      </trkpt>
      <trkpt lat="45.552800000" lon="5.714680000">
        <ele>309.000</ele>
      </trkpt>
      <trkpt lat="45.552890000" lon="5.714740000">
        <ele>310.000</ele>
      </trkpt>
      <trkpt lat="45.552920000" lon="5.714890000">
        <ele>311.000</ele>
      </trkpt>
      <trkpt lat="45.552920000" lon="5.715270000">
        <ele>312.000</ele>
      </trkpt>
      <trkpt lat="45.552880000" lon="5.715550000">
        <ele>313.000</ele>
      </trkpt>
      <trkpt lat="45.552860000" lon="5.715650000">
        <ele>314.000</ele>
      </trkpt>
      <trkpt lat="45.552890000" lon="5.715720000">
        <ele>315.000</ele>
      </trkpt>
      <trkpt lat="45.552970000" lon="5.715740000">
        <ele>316.000</ele>
      </trkpt>
      <trkpt lat="45.553030000" lon="5.715660000">
        <ele>316.000</ele>
      </trkpt>
      <trkpt lat="45.553050000" lon="5.715440000">
        <ele>317.000</ele>
      </trkpt>
      <trkpt lat="45.553110000" lon="5.715240000">
        <ele>318.000</ele>
      </trkpt>
      <trkpt lat="45.553240000" lon="5.715050000">
        <ele>319.000</ele>
      </trkpt>
      <trkpt lat="45.553430000" lon="5.714960000">
        <ele>320.000</ele>
      </trkpt>
      <trkpt lat="45.553490000" lon="5.715050000">
        <ele>321.000</ele>
      </trkpt>
      <trkpt lat="45.553590000" lon="5.715160000">
        <ele>322.000</ele>
      </trkpt>
      <trkpt lat="45.553850000" lon="5.715290000">
        <ele>324.000</ele>
      </trkpt>
      <trkpt lat="45.554190000" lon="5.715420000">
        <ele>326.000</ele>
      </trkpt>
      <trkpt lat="45.554150000" lon="5.715490000">
        <ele>327.000</ele>
      </trkpt>
      <trkpt lat="45.554070000" lon="5.715810000">
        <ele>329.000</ele>
      </trkpt>
      <trkpt lat="45.553920000" lon="5.716450000">
        <ele>331.000</ele>
      </trkpt>
      <trkpt lat="45.553840000" lon="5.716820000">
        <ele>333.000</ele>
      </trkpt>
      <trkpt lat="45.553790000" lon="5.717170000">
        <ele>335.000</ele>
      </trkpt>
      <trkpt lat="45.553780000" lon="5.717580000">
        <ele>337.000</ele>
      </trkpt>
      <trkpt lat="45.553790000" lon="5.717880000">
        <ele>338.000</ele>
      </trkpt>
      <trkpt lat="45.553810000" lon="5.718110000">
        <ele>339.000</ele>
      </trkpt>
      <trkpt lat="45.553820000" lon="5.718260000">
        <ele>341.000</ele>
      </trkpt>
      <trkpt lat="45.553930000" lon="5.718700000">
        <ele>342.000</ele>
      </trkpt>
      <trkpt lat="45.554060000" lon="5.719130000">
        <ele>343.000</ele>
      </trkpt>
      <trkpt lat="45.554090000" lon="5.719400000">
        <ele>345.000</ele>
      </trkpt>
      <trkpt lat="45.554040000" lon="5.719720000">
        <ele>347.000</ele>
      </trkpt>
      <trkpt lat="45.553910000" lon="5.720310000">
        <ele>349.000</ele>
      </trkpt>
      <trkpt lat="45.553820000" lon="5.720960000">
        <ele>352.000</ele>
      </trkpt>
      <trkpt lat="45.553810000" lon="5.721630000">
        <ele>356.000</ele>
      </trkpt>
      <trkpt lat="45.553800000" lon="5.721800000">
        <ele>358.000</ele>
      </trkpt>
      <trkpt lat="45.553700000" lon="5.721910000">
        <ele>360.000</ele>
      </trkpt>
      <trkpt lat="45.553570000" lon="5.721980000">
        <ele>361.000</ele>
      </trkpt>
      <trkpt lat="45.553500000" lon="5.722060000">
        <ele>362.000</ele>
      </trkpt>
      <trkpt lat="45.553350000" lon="5.722100000">
        <ele>363.000</ele>
      </trkpt>
      <trkpt lat="45.553240000" lon="5.722170000">
        <ele>364.000</ele>
      </trkpt>
      <trkpt lat="45.553150000" lon="5.722300000">
        <ele>364.000</ele>
      </trkpt>
      <trkpt lat="45.552910000" lon="5.722990000">
        <ele>365.000</ele>
      </trkpt>
      <trkpt lat="45.552720000" lon="5.723350000">
        <ele>365.000</ele>
      </trkpt>
      <trkpt lat="45.552410000" lon="5.724500000">
        <ele>366.000</ele>
      </trkpt>
      <trkpt lat="45.552410000" lon="5.724500000">
        <ele>367.000</ele>
      </trkpt>
      <trkpt lat="45.552410000" lon="5.724500000">
        <ele>368.000</ele>
      </trkpt>
      <trkpt lat="45.552330000" lon="5.725000000">
        <ele>368.000</ele>
      </trkpt>
      <trkpt lat="45.552280000" lon="5.725560000">
        <ele>367.000</ele>
      </trkpt>
      <trkpt lat="45.552280000" lon="5.725790000">
        <ele>367.000</ele>
      </trkpt>
      <trkpt lat="45.552340000" lon="5.726060000">
        <ele>366.000</ele>
      </trkpt>
      <trkpt lat="45.552630000" lon="5.726650000">
        <ele>365.000</ele>
      </trkpt>
      <trkpt lat="45.552840000" lon="5.727040000">
        <ele>364.000</ele>
      </trkpt>
      <trkpt lat="45.553070000" lon="5.727450000">
        <ele>364.000</ele>
      </trkpt>
      <trkpt lat="45.553190000" lon="5.727590000">
        <ele>364.000</ele>
      </trkpt>
      <trkpt lat="45.553400000" lon="5.727550000">
        <ele>364.000</ele>
      </trkpt>
      <trkpt lat="45.553580000" lon="5.727450000">
        <ele>364.000</ele>
      </trkpt>
      <trkpt lat="45.553840000" lon="5.727050000">
        <ele>365.000</ele>
      </trkpt>
      <trkpt lat="45.554000000" lon="5.726800000">
        <ele>365.000</ele>
      </trkpt>
      <trkpt lat="45.554180000" lon="5.726580000">
        <ele>366.000</ele>
      </trkpt>
      <trkpt lat="45.554350000" lon="5.726440000">
        <ele>366.000</ele>
      </trkpt>
      <trkpt lat="45.554630000" lon="5.726340000">
        <ele>367.000</ele>
      </trkpt>
      <trkpt lat="45.554930000" lon="5.726340000">
        <ele>369.000</ele>
      </trkpt>
      <trkpt lat="45.555240000" lon="5.726350000">
        <ele>371.000</ele>
      </trkpt>
      <trkpt lat="45.555510000" lon="5.726400000">
        <ele>372.000</ele>
      </trkpt>
      <trkpt lat="45.555710000" lon="5.726500000">
        <ele>374.000</ele>
      </trkpt>
      <trkpt lat="45.555880000" lon="5.726690000">
        <ele>376.000</ele>
      </trkpt>
      <trkpt lat="45.556000000" lon="5.726940000">
        <ele>377.000</ele>
      </trkpt>
      <trkpt lat="45.556270000" lon="5.727740000">
        <ele>380.000</ele>
      </trkpt>
      <trkpt lat="45.556420000" lon="5.728080000">
        <ele>383.000</ele>
      </trkpt>
      <trkpt lat="45.556540000" lon="5.728170000">
        <ele>386.000</ele>
      </trkpt>
      <trkpt lat="45.556690000" lon="5.728190000">
        <ele>388.000</ele>
      </trkpt>
      <trkpt lat="45.556940000" lon="5.728060000">
        <ele>390.000</ele>
      </trkpt>
      <trkpt lat="45.557240000" lon="5.727810000">
        <ele>393.000</ele>
      </trkpt>
      <trkpt lat="45.557800000" lon="5.727870000">
        <ele>395.000</ele>
      </trkpt>
      <trkpt lat="45.558320000" lon="5.727940000">
        <ele>397.000</ele>
      </trkpt>
      <trkpt lat="45.558510000" lon="5.727990000">
        <ele>398.000</ele>
      </trkpt>
      <trkpt lat="45.558640000" lon="5.728100000">
        <ele>399.000</ele>
      </trkpt>
      <trkpt lat="45.558760000" lon="5.728330000">
        <ele>400.000</ele>
      </trkpt>
      <trkpt lat="45.558860000" lon="5.728670000">
        <ele>400.000</ele>
      </trkpt>
      <trkpt lat="45.559040000" lon="5.728970000">
        <ele>402.000</ele>
      </trkpt>
      <trkpt lat="45.559210000" lon="5.729100000">
        <ele>403.000</ele>
      </trkpt>
      <trkpt lat="45.559690000" lon="5.729380000">
        <ele>406.000</ele>
      </trkpt>
      <trkpt lat="45.560150000" lon="5.729670000">
        <ele>409.000</ele>
      </trkpt>
      <trkpt lat="45.560770000" lon="5.730030000">
        <ele>413.000</ele>
      </trkpt>
      <trkpt lat="45.561020000" lon="5.730180000">
        <ele>417.000</ele>
      </trkpt>
      <trkpt lat="45.561130000" lon="5.730260000">
        <ele>420.000</ele>
      </trkpt>
      <trkpt lat="45.561210000" lon="5.730290000">
        <ele>423.000</ele>
      </trkpt>
      <trkpt lat="45.561300000" lon="5.730310000">
        <ele>425.000</ele>
      </trkpt>
      <trkpt lat="45.561440000" lon="5.730330000">
        <ele>427.000</ele>
      </trkpt>
      <trkpt lat="45.561630000" lon="5.730340000">
        <ele>429.000</ele>
      </trkpt>
      <trkpt lat="45.561710000" lon="5.730340000">
        <ele>431.000</ele>
      </trkpt>
      <trkpt lat="45.561770000" lon="5.730360000">
        <ele>432.000</ele>
      </trkpt>
      <trkpt lat="45.561810000" lon="5.730380000">
        <ele>433.000</ele>
      </trkpt>
      <trkpt lat="45.561850000" lon="5.730430000">
        <ele>434.000</ele>
      </trkpt>
      <trkpt lat="45.561870000" lon="5.730490000">
        <ele>435.000</ele>
      </trkpt>
      <trkpt lat="45.561870000" lon="5.730550000">
        <ele>436.000</ele>
      </trkpt>
      <trkpt lat="45.561870000" lon="5.730600000">
        <ele>436.000</ele>
      </trkpt>
      <trkpt lat="45.561850000" lon="5.730650000">
        <ele>437.000</ele>
      </trkpt>
      <trkpt lat="45.561810000" lon="5.730680000">
        <ele>438.000</ele>
      </trkpt>
      <trkpt lat="45.561750000" lon="5.730700000">
        <ele>438.000</ele>
      </trkpt>
      <trkpt lat="45.561530000" lon="5.730740000">
        <ele>440.000</ele>
      </trkpt>
      <trkpt lat="45.561220000" lon="5.730780000">
        <ele>442.000</ele>
      </trkpt>
      <trkpt lat="45.560980000" lon="5.730770000">
        <ele>444.000</ele>
      </trkpt>
      <trkpt lat="45.560740000" lon="5.730800000">
        <ele>445.000</ele>
      </trkpt>
      <trkpt lat="45.560640000" lon="5.730830000">
        <ele>446.000</ele>
      </trkpt>
      <trkpt lat="45.560570000" lon="5.730890000">
        <ele>446.000</ele>
      </trkpt>
      <trkpt lat="45.560520000" lon="5.730920000">
        <ele>446.000</ele>
      </trkpt>
      <trkpt lat="45.560330000" lon="5.731000000">
        <ele>447.000</ele>
      </trkpt>
      <trkpt lat="45.560090000" lon="5.731060000">
        <ele>447.000</ele>
      </trkpt>
      <trkpt lat="45.559830000" lon="5.731160000">
        <ele>447.000</ele>
      </trkpt>
      <trkpt lat="45.559690000" lon="5.731200000">
        <ele>448.000</ele>
      </trkpt>
      <trkpt lat="45.559550000" lon="5.731270000">
        <ele>448.000</ele>
      </trkpt>
      <trkpt lat="45.559350000" lon="5.731420000">
        <ele>448.000</ele>
      </trkpt>
      <trkpt lat="45.559170000" lon="5.731570000">
        <ele>450.000</ele>
      </trkpt>
      <trkpt lat="45.558960000" lon="5.731740000">
        <ele>454.000</ele>
      </trkpt>
      <trkpt lat="45.558860000" lon="5.731800000">
        <ele>457.000</ele>
      </trkpt>
      <trkpt lat="45.558630000" lon="5.731980000">
        <ele>462.000</ele>
      </trkpt>
      <trkpt lat="45.558490000" lon="5.732100000">
        <ele>467.000</ele>
      </trkpt>
      <trkpt lat="45.558320000" lon="5.732340000">
        <ele>472.000</ele>
      </trkpt>
      <trkpt lat="45.558210000" lon="5.732410000">
        <ele>477.000</ele>
      </trkpt>
      <trkpt lat="45.558100000" lon="5.732470000">
        <ele>481.000</ele>
      </trkpt>
      <trkpt lat="45.557990000" lon="5.732530000">
        <ele>485.000</ele>
      </trkpt>
      <trkpt lat="45.557970000" lon="5.732600000">
        <ele>488.000</ele>
      </trkpt>
      <trkpt lat="45.557990000" lon="5.732660000">
        <ele>491.000</ele>
      </trkpt>
      <trkpt lat="45.558050000" lon="5.732670000">
        <ele>493.000</ele>
      </trkpt>
      <trkpt lat="45.558130000" lon="5.732650000">
        <ele>495.000</ele>
      </trkpt>
      <trkpt lat="45.558210000" lon="5.732580000">
        <ele>496.000</ele>
      </trkpt>
      <trkpt lat="45.558320000" lon="5.732500000">
        <ele>497.000</ele>
      </trkpt>
      <trkpt lat="45.558360000" lon="5.732470000">
        <ele>498.000</ele>
      </trkpt>
      <trkpt lat="45.558690000" lon="5.732240000">
        <ele>498.000</ele>
      </trkpt>
      <trkpt lat="45.558900000" lon="5.732100000">
        <ele>498.000</ele>
      </trkpt>
      <trkpt lat="45.559060000" lon="5.731980000">
        <ele>497.000</ele>
      </trkpt>
      <trkpt lat="45.559250000" lon="5.731890000">
        <ele>497.000</ele>
      </trkpt>
      <trkpt lat="45.559490000" lon="5.731820000">
        <ele>496.000</ele>
      </trkpt>
      <trkpt lat="45.559850000" lon="5.731810000">
        <ele>496.000</ele>
      </trkpt>
      <trkpt lat="45.559990000" lon="5.731790000">
        <ele>496.000</ele>
      </trkpt>
      <trkpt lat="45.560020000" lon="5.731770000">
        <ele>496.000</ele>
      </trkpt>
      <trkpt lat="45.560240000" lon="5.731680000">
        <ele>497.000</ele>
      </trkpt>
      <trkpt lat="45.560560000" lon="5.731570000">
        <ele>498.000</ele>
      </trkpt>
      <trkpt lat="45.560850000" lon="5.731470000">
        <ele>501.000</ele>
      </trkpt>
      <trkpt lat="45.561090000" lon="5.731370000">
        <ele>503.000</ele>
      </trkpt>
      <trkpt lat="45.561280000" lon="5.731330000">
        <ele>505.000</ele>
      </trkpt>
      <trkpt lat="45.561420000" lon="5.731350000">
        <ele>507.000</ele>
      </trkpt>
      <trkpt lat="45.561610000" lon="5.731440000">
        <ele>509.000</ele>
      </trkpt>
      <trkpt lat="45.562310000" lon="5.731420000">
        <ele>511.000</ele>
      </trkpt>
      <trkpt lat="45.562840000" lon="5.731440000">
        <ele>514.000</ele>
      </trkpt>
      <trkpt lat="45.563160000" lon="5.731470000">
        <ele>517.000</ele>
      </trkpt>
      <trkpt lat="45.563480000" lon="5.731460000">
        <ele>519.000</ele>
      </trkpt>
      <trkpt lat="45.563800000" lon="5.731390000">
        <ele>522.000</ele>
      </trkpt>
      <trkpt lat="45.564150000" lon="5.731380000">
        <ele>525.000</ele>
      </trkpt>
      <trkpt lat="45.564530000" lon="5.731320000">
        <ele>528.000</ele>
      </trkpt>
      <trkpt lat="45.564650000" lon="5.731240000">
        <ele>530.000</ele>
      </trkpt>
      <trkpt lat="45.565030000" lon="5.731180000">
        <ele>534.000</ele>
      </trkpt>
      <trkpt lat="45.565290000" lon="5.731190000">
        <ele>537.000</ele>
      </trkpt>
      <trkpt lat="45.565440000" lon="5.731120000">
        <ele>539.000</ele>
      </trkpt>
      <trkpt lat="45.565570000" lon="5.731090000">
        <ele>541.000</ele>
      </trkpt>
      <trkpt lat="45.565850000" lon="5.731050000">
        <ele>543.000</ele>
      </trkpt>
      <trkpt lat="45.565960000" lon="5.731050000">
        <ele>545.000</ele>
      </trkpt>
      <trkpt lat="45.566110000" lon="5.731140000">
        <ele>547.000</ele>
      </trkpt>
      <trkpt lat="45.566130000" lon="5.731210000">
        <ele>548.000</ele>
      </trkpt>
      <trkpt lat="45.566110000" lon="5.731280000">
        <ele>549.000</ele>
      </trkpt>
      <trkpt lat="45.566060000" lon="5.731300000">
        <ele>550.000</ele>
      </trkpt>
      <trkpt lat="45.565930000" lon="5.731190000">
        <ele>551.000</ele>
      </trkpt>
      <trkpt lat="45.565840000" lon="5.731190000">
        <ele>552.000</ele>
      </trkpt>
      <trkpt lat="45.565770000" lon="5.731220000">
        <ele>553.000</ele>
      </trkpt>
      <trkpt lat="45.565570000" lon="5.731400000">
        <ele>554.000</ele>
      </trkpt>
      <trkpt lat="45.565450000" lon="5.731490000">
        <ele>556.000</ele>
      </trkpt>
      <trkpt lat="45.565320000" lon="5.731530000">
        <ele>557.000</ele>
      </trkpt>
      <trkpt lat="45.565200000" lon="5.731510000">
        <ele>558.000</ele>
      </trkpt>
      <trkpt lat="45.565070000" lon="5.731480000">
        <ele>559.000</ele>
      </trkpt>
      <trkpt lat="45.565020000" lon="5.731490000">
        <ele>560.000</ele>
      </trkpt>
      <trkpt lat="45.564990000" lon="5.731540000">
        <ele>560.000</ele>
      </trkpt>
      <trkpt lat="45.565010000" lon="5.731600000">
        <ele>561.000</ele>
      </trkpt>
      <trkpt lat="45.565080000" lon="5.731640000">
        <ele>561.000</ele>
      </trkpt>
      <trkpt lat="45.565200000" lon="5.731630000">
        <ele>562.000</ele>
      </trkpt>
      <trkpt lat="45.565360000" lon="5.731710000">
        <ele>562.000</ele>
      </trkpt>
      <trkpt lat="45.565450000" lon="5.731790000">
        <ele>563.000</ele>
      </trkpt>
      <trkpt lat="45.565550000" lon="5.731800000">
        <ele>563.000</ele>
      </trkpt>
      <trkpt lat="45.565650000" lon="5.731760000">
        <ele>564.000</ele>
      </trkpt>
      <trkpt lat="45.565780000" lon="5.731680000">
        <ele>565.000</ele>
      </trkpt>
      <trkpt lat="45.565870000" lon="5.731650000">
        <ele>565.000</ele>
      </trkpt>
      <trkpt lat="45.565980000" lon="5.731670000">
        <ele>566.000</ele>
      </trkpt>
      <trkpt lat="45.566320000" lon="5.731860000">
        <ele>567.000</ele>
      </trkpt>
      <trkpt lat="45.566450000" lon="5.731910000">
        <ele>568.000</ele>
      </trkpt>
      <trkpt lat="45.566590000" lon="5.731910000">
        <ele>569.000</ele>
      </trkpt>
      <trkpt lat="45.566720000" lon="5.731890000">
        <ele>570.000</ele>
      </trkpt>
      <trkpt lat="45.566790000" lon="5.731930000">
        <ele>571.000</ele>
      </trkpt>
      <trkpt lat="45.566830000" lon="5.732040000">
        <ele>572.000</ele>
      </trkpt>
      <trkpt lat="45.566830000" lon="5.732140000">
        <ele>572.000</ele>
      </trkpt>
      <trkpt lat="45.566800000" lon="5.732250000">
        <ele>573.000</ele>
      </trkpt>
      <trkpt lat="45.566710000" lon="5.732300000">
        <ele>574.000</ele>
      </trkpt>
      <trkpt lat="45.566570000" lon="5.732330000">
        <ele>575.000</ele>
      </trkpt>
      <trkpt lat="45.566390000" lon="5.732300000">
        <ele>576.000</ele>
      </trkpt>
      <trkpt lat="45.566210000" lon="5.732250000">
        <ele>577.000</ele>
      </trkpt>
      <trkpt lat="45.566050000" lon="5.732240000">
        <ele>579.000</ele>
      </trkpt>
      <trkpt lat="45.565910000" lon="5.732310000">
        <ele>580.000</ele>
      </trkpt>
      <trkpt lat="45.565820000" lon="5.732460000">
        <ele>581.000</ele>
      </trkpt>
      <trkpt lat="45.565730000" lon="5.732690000">
        <ele>583.000</ele>
      </trkpt>
      <trkpt lat="45.565700000" lon="5.732840000">
        <ele>584.000</ele>
      </trkpt>
      <trkpt lat="45.565660000" lon="5.732960000">
        <ele>585.000</ele>
      </trkpt>
      <trkpt lat="45.565630000" lon="5.733080000">
        <ele>585.000</ele>
      </trkpt>
      <trkpt lat="45.565610000" lon="5.733220000">
        <ele>586.000</ele>
      </trkpt>
      <trkpt lat="45.565600000" lon="5.733340000">
        <ele>586.000</ele>
      </trkpt>
      <trkpt lat="45.565590000" lon="5.733590000">
        <ele>587.000</ele>
      </trkpt>
      <trkpt lat="45.565590000" lon="5.733770000">
        <ele>587.000</ele>
      </trkpt>
      <trkpt lat="45.565620000" lon="5.733860000">
        <ele>588.000</ele>
      </trkpt>
      <trkpt lat="45.565700000" lon="5.733950000">
        <ele>588.000</ele>
      </trkpt>
      <trkpt lat="45.565800000" lon="5.734040000">
        <ele>589.000</ele>
      </trkpt>
      <trkpt lat="45.565900000" lon="5.734090000">
        <ele>589.000</ele>
      </trkpt>
      <trkpt lat="45.566050000" lon="5.734150000">
        <ele>590.000</ele>
      </trkpt>
      <trkpt lat="45.566200000" lon="5.734240000">
        <ele>590.000</ele>
      </trkpt>
      <trkpt lat="45.566280000" lon="5.734340000">
        <ele>591.000</ele>
      </trkpt>
      <trkpt lat="45.566950000" lon="5.735340000">
        <ele>592.000</ele>
      </trkpt>
      <trkpt lat="45.567020000" lon="5.735460000">
        <ele>593.000</ele>
      </trkpt>
      <trkpt lat="45.567030000" lon="5.735520000">
        <ele>593.000</ele>
      </trkpt>
      <trkpt lat="45.567040000" lon="5.735580000">
        <ele>594.000</ele>
      </trkpt>
      <trkpt lat="45.567050000" lon="5.735640000">
        <ele>594.000</ele>
      </trkpt>
      <trkpt lat="45.567050000" lon="5.735720000">
        <ele>593.000</ele>
      </trkpt>
      <trkpt lat="45.567030000" lon="5.735810000">
        <ele>593.000</ele>
      </trkpt>
      <trkpt lat="45.566970000" lon="5.735940000">
        <ele>593.000</ele>
      </trkpt>
      <trkpt lat="45.566910000" lon="5.736110000">
        <ele>592.000</ele>
      </trkpt>
      <trkpt lat="45.566840000" lon="5.736330000">
        <ele>591.000</ele>
      </trkpt>
      <trkpt lat="45.566790000" lon="5.736520000">
        <ele>590.000</ele>
      </trkpt>
      <trkpt lat="45.566740000" lon="5.736750000">
        <ele>589.000</ele>
      </trkpt>
      <trkpt lat="45.566680000" lon="5.736960000">
        <ele>588.000</ele>
      </trkpt>
      <trkpt lat="45.566620000" lon="5.737180000">
        <ele>586.000</ele>
      </trkpt>
      <trkpt lat="45.566600000" lon="5.737400000">
        <ele>585.000</ele>
      </trkpt>
      <trkpt lat="45.566590000" lon="5.737660000">
        <ele>584.000</ele>
      </trkpt>
      <trkpt lat="45.566600000" lon="5.737900000">
        <ele>582.000</ele>
      </trkpt>
      <trkpt lat="45.566610000" lon="5.738230000">
        <ele>582.000</ele>
      </trkpt>
      <trkpt lat="45.566610000" lon="5.738490000">
        <ele>582.000</ele>
      </trkpt>
      <trkpt lat="45.566630000" lon="5.739050000">
        <ele>582.000</ele>
      </trkpt>
      <trkpt lat="45.566640000" lon="5.739170000">
        <ele>582.000</ele>
      </trkpt>
      <trkpt lat="45.566660000" lon="5.739260000">
        <ele>583.000</ele>
      </trkpt>
      <trkpt lat="45.566670000" lon="5.739330000">
        <ele>583.000</ele>
      </trkpt>
      <trkpt lat="45.566690000" lon="5.739380000">
        <ele>583.000</ele>
      </trkpt>
      <trkpt lat="45.566690000" lon="5.739380000">
        <ele>584.000</ele>
      </trkpt>
      <trkpt lat="45.566740000" lon="5.739500000">
        <ele>584.000</ele>
      </trkpt>
      <trkpt lat="45.566790000" lon="5.739620000">
        <ele>584.000</ele>
      </trkpt>
      <trkpt lat="45.566880000" lon="5.739810000">
        <ele>585.000</ele>
      </trkpt>
      <trkpt lat="45.566990000" lon="5.740090000">
        <ele>585.000</ele>
      </trkpt>
      <trkpt lat="45.567030000" lon="5.740180000">
        <ele>586.000</ele>
      </trkpt>
      <trkpt lat="45.567010000" lon="5.740380000">
        <ele>586.000</ele>
      </trkpt>
      <trkpt lat="45.566980000" lon="5.740540000">
        <ele>586.000</ele>
      </trkpt>
      <trkpt lat="45.566970000" lon="5.740650000">
        <ele>586.000</ele>
      </trkpt>
      <trkpt lat="45.566960000" lon="5.740760000">
        <ele>586.000</ele>
      </trkpt>
      <trkpt lat="45.566950000" lon="5.740930000">
        <ele>586.000</ele>
      </trkpt>
      <trkpt lat="45.566940000" lon="5.741230000">
        <ele>585.000</ele>
      </trkpt>
      <trkpt lat="45.566940000" lon="5.741310000">
        <ele>584.000</ele>
      </trkpt>
      <trkpt lat="45.566940000" lon="5.741410000">
        <ele>584.000</ele>
      </trkpt>
      <trkpt lat="45.566940000" lon="5.741480000">
        <ele>583.000</ele>
      </trkpt>
      <trkpt lat="45.566930000" lon="5.741640000">
        <ele>582.000</ele>
      </trkpt>
      <trkpt lat="45.566920000" lon="5.741800000">
        <ele>582.000</ele>
      </trkpt>
      <trkpt lat="45.566920000" lon="5.741920000">
        <ele>581.000</ele>
      </trkpt>
      <trkpt lat="45.566920000" lon="5.742120000">
        <ele>580.000</ele>
      </trkpt>
      <trkpt lat="45.566910000" lon="5.742130000">
        <ele>580.000</ele>
      </trkpt>
      <trkpt lat="45.566920000" lon="5.742400000">
        <ele>579.000</ele>
      </trkpt>
      <trkpt lat="45.566950000" lon="5.742570000">
        <ele>578.000</ele>
      </trkpt>
      <trkpt lat="45.566990000" lon="5.742780000">
        <ele>577.000</ele>
      </trkpt>
      <trkpt lat="45.567030000" lon="5.742970000">
        <ele>576.000</ele>
      </trkpt>
      <trkpt lat="45.567060000" lon="5.743120000">
        <ele>575.000</ele>
      </trkpt>
      <trkpt lat="45.567100000" lon="5.743270000">
        <ele>575.000</ele>
      </trkpt>
      <trkpt lat="45.567140000" lon="5.743440000">
        <ele>574.000</ele>
      </trkpt>
      <trkpt lat="45.567210000" lon="5.743620000">
        <ele>573.000</ele>
      </trkpt>
      <trkpt lat="45.567300000" lon="5.743770000">
        <ele>572.000</ele>
      </trkpt>
      <trkpt lat="45.567400000" lon="5.743880000">
        <ele>571.000</ele>
      </trkpt>
      <trkpt lat="45.567520000" lon="5.743990000">
        <ele>570.000</ele>
      </trkpt>
      <trkpt lat="45.567590000" lon="5.744070000">
        <ele>569.000</ele>
      </trkpt>
      <trkpt lat="45.567690000" lon="5.744210000">
        <ele>568.000</ele>
      </trkpt>
      <trkpt lat="45.567730000" lon="5.744290000">
        <ele>567.000</ele>
      </trkpt>
      <trkpt lat="45.567850000" lon="5.744460000">
        <ele>567.000</ele>
      </trkpt>
      <trkpt lat="45.567960000" lon="5.744640000">
        <ele>566.000</ele>
      </trkpt>
      <trkpt lat="45.568040000" lon="5.744790000">
        <ele>565.000</ele>
      </trkpt>
      <trkpt lat="45.568110000" lon="5.744980000">
        <ele>564.000</ele>
      </trkpt>
      <trkpt lat="45.568160000" lon="5.745160000">
        <ele>563.000</ele>
      </trkpt>
      <trkpt lat="45.568200000" lon="5.745310000">
        <ele>562.000</ele>
      </trkpt>
      <trkpt lat="45.568360000" lon="5.745830000">
        <ele>562.000</ele>
      </trkpt>
      <trkpt lat="45.568430000" lon="5.746050000">
        <ele>562.000</ele>
      </trkpt>
      <trkpt lat="45.568460000" lon="5.746220000">
        <ele>561.000</ele>
      </trkpt>
      <trkpt lat="45.568460000" lon="5.746250000">
        <ele>561.000</ele>
      </trkpt>
      <trkpt lat="45.568510000" lon="5.746290000">
        <ele>561.000</ele>
      </trkpt>
      <trkpt lat="45.568640000" lon="5.746520000">
        <ele>561.000</ele>
      </trkpt>
      <trkpt lat="45.568870000" lon="5.747000000">
        <ele>561.000</ele>
      </trkpt>
      <trkpt lat="45.569020000" lon="5.747260000">
        <ele>561.000</ele>
      </trkpt>
      <trkpt lat="45.569160000" lon="5.747540000">
        <ele>560.000</ele>
      </trkpt>
      <trkpt lat="45.569280000" lon="5.747790000">
        <ele>560.000</ele>
      </trkpt>
      <trkpt lat="45.569360000" lon="5.747900000">
        <ele>559.000</ele>
      </trkpt>
      <trkpt lat="45.569490000" lon="5.748030000">
        <ele>559.000</ele>
      </trkpt>
      <trkpt lat="45.569630000" lon="5.748140000">
        <ele>558.000</ele>
      </trkpt>
      <trkpt lat="45.569990000" lon="5.748340000">
        <ele>557.000</ele>
      </trkpt>
      <trkpt lat="45.570140000" lon="5.748450000">
        <ele>556.000</ele>
      </trkpt>
      <trkpt lat="45.570290000" lon="5.748590000">
        <ele>555.000</ele>
      </trkpt>
      <trkpt lat="45.570460000" lon="5.748790000">
        <ele>554.000</ele>
      </trkpt>
      <trkpt lat="45.570500000" lon="5.748850000">
        <ele>554.000</ele>
      </trkpt>
      <trkpt lat="45.570680000" lon="5.749140000">
        <ele>553.000</ele>
      </trkpt>
      <trkpt lat="45.570690000" lon="5.749140000">
        <ele>553.000</ele>
      </trkpt>
      <trkpt lat="45.570830000" lon="5.749350000">
        <ele>553.000</ele>
      </trkpt>
      <trkpt lat="45.570950000" lon="5.749460000">
        <ele>553.000</ele>
      </trkpt>
      <trkpt lat="45.571090000" lon="5.749550000">
        <ele>553.000</ele>
      </trkpt>
      <trkpt lat="45.571210000" lon="5.749600000">
        <ele>553.000</ele>
      </trkpt>
      <trkpt lat="45.571450000" lon="5.749650000">
        <ele>553.000</ele>
      </trkpt>
      <trkpt lat="45.571600000" lon="5.749680000">
        <ele>554.000</ele>
      </trkpt>
      <trkpt lat="45.571740000" lon="5.749710000">
        <ele>554.000</ele>
      </trkpt>
      <trkpt lat="45.572140000" lon="5.749780000">
        <ele>554.000</ele>
      </trkpt>
      <trkpt lat="45.572540000" lon="5.749840000">
        <ele>554.000</ele>
      </trkpt>
      <trkpt lat="45.572870000" lon="5.749870000">
        <ele>554.000</ele>
      </trkpt>
      <trkpt lat="45.572900000" lon="5.749870000">
        <ele>554.000</ele>
      </trkpt>
      <trkpt lat="45.573430000" lon="5.749880000">
        <ele>554.000</ele>
      </trkpt>
      <trkpt lat="45.573960000" lon="5.749910000">
        <ele>554.000</ele>
      </trkpt>
      <trkpt lat="45.574160000" lon="5.749970000">
        <ele>555.000</ele>
      </trkpt>
      <trkpt lat="45.574260000" lon="5.750000000">
        <ele>555.000</ele>
      </trkpt>
      <trkpt lat="45.574360000" lon="5.750030000">
        <ele>555.000</ele>
      </trkpt>
      <trkpt lat="45.574540000" lon="5.750090000">
        <ele>555.000</ele>
      </trkpt>
      <trkpt lat="45.574710000" lon="5.750150000">
        <ele>555.000</ele>
      </trkpt>
      <trkpt lat="45.574750000" lon="5.750160000">
        <ele>555.000</ele>
      </trkpt>
      <trkpt lat="45.575110000" lon="5.750350000">
        <ele>556.000</ele>
      </trkpt>
      <trkpt lat="45.575310000" lon="5.750390000">
        <ele>556.000</ele>
      </trkpt>
      <trkpt lat="45.575780000" lon="5.750360000">
        <ele>557.000</ele>
      </trkpt>
      <trkpt lat="45.575930000" lon="5.750360000">
        <ele>557.000</ele>
      </trkpt>
      <trkpt lat="45.576140000" lon="5.750410000">
        <ele>557.000</ele>
      </trkpt>
      <trkpt lat="45.576480000" lon="5.750490000">
        <ele>556.000</ele>
      </trkpt>
      <trkpt lat="45.576950000" lon="5.750570000">
        <ele>556.000</ele>
      </trkpt>
      <trkpt lat="45.577460000" lon="5.750700000">
        <ele>555.000</ele>
      </trkpt>
      <trkpt lat="45.577950000" lon="5.750870000">
        <ele>554.000</ele>
      </trkpt>
      <trkpt lat="45.578250000" lon="5.750960000">
        <ele>554.000</ele>
      </trkpt>
      <trkpt lat="45.578550000" lon="5.751100000">
        <ele>553.000</ele>
      </trkpt>
      <trkpt lat="45.579280000" lon="5.751550000">
        <ele>553.000</ele>
      </trkpt>
      <trkpt lat="45.579460000" lon="5.751650000">
        <ele>553.000</ele>
      </trkpt>
      <trkpt lat="45.579590000" lon="5.751740000">
        <ele>553.000</ele>
      </trkpt>
      <trkpt lat="45.579640000" lon="5.751930000">
        <ele>553.000</ele>
      </trkpt>
      <trkpt lat="45.579680000" lon="5.752260000">
        <ele>553.000</ele>
      </trkpt>
      <trkpt lat="45.579730000" lon="5.752660000">
        <ele>552.000</ele>
      </trkpt>
      <trkpt lat="45.579770000" lon="5.752790000">
        <ele>552.000</ele>
      </trkpt>
      <trkpt lat="45.579860000" lon="5.752980000">
        <ele>551.000</ele>
      </trkpt>
      <trkpt lat="45.580100000" lon="5.753240000">
        <ele>550.000</ele>
      </trkpt>
      <trkpt lat="45.580220000" lon="5.753370000">
        <ele>549.000</ele>
      </trkpt>
      <trkpt lat="45.580340000" lon="5.753490000">
        <ele>548.000</ele>
      </trkpt>
      <trkpt lat="45.580560000" lon="5.753710000">
        <ele>547.000</ele>
      </trkpt>
      <trkpt lat="45.580680000" lon="5.753890000">
        <ele>546.000</ele>
      </trkpt>
      <trkpt lat="45.580750000" lon="5.753990000">
        <ele>545.000</ele>
      </trkpt>
      <trkpt lat="45.580840000" lon="5.754040000">
        <ele>544.000</ele>
      </trkpt>
      <trkpt lat="45.580960000" lon="5.754070000">
        <ele>543.000</ele>
      </trkpt>
      <trkpt lat="45.581080000" lon="5.754100000">
        <ele>542.000</ele>
      </trkpt>
      <trkpt lat="45.581220000" lon="5.754260000">
        <ele>542.000</ele>
      </trkpt>
      <trkpt lat="45.581390000" lon="5.754470000">
        <ele>541.000</ele>
      </trkpt>
      <trkpt lat="45.581950000" lon="5.755150000">
        <ele>539.000</ele>
      </trkpt>
      <trkpt lat="45.582270000" lon="5.755750000">
        <ele>536.000</ele>
      </trkpt>
      <trkpt lat="45.582430000" lon="5.756120000">
        <ele>534.000</ele>
      </trkpt>
      <trkpt lat="45.582620000" lon="5.757080000">
        <ele>530.000</ele>
      </trkpt>
      <trkpt lat="45.582840000" lon="5.757740000">
        <ele>527.000</ele>
      </trkpt>
      <trkpt lat="45.582990000" lon="5.757950000">
        <ele>524.000</ele>
      </trkpt>
      <trkpt lat="45.583260000" lon="5.758050000">
        <ele>521.000</ele>
      </trkpt>
      <trkpt lat="45.583520000" lon="5.758100000">
        <ele>518.000</ele>
      </trkpt>
      <trkpt lat="45.583790000" lon="5.758270000">
        <ele>516.000</ele>
      </trkpt>
      <trkpt lat="45.584310000" lon="5.758720000">
        <ele>513.000</ele>
      </trkpt>
      <trkpt lat="45.584570000" lon="5.758830000">
        <ele>510.000</ele>
      </trkpt>
      <trkpt lat="45.584900000" lon="5.758870000">
        <ele>507.000</ele>
      </trkpt>
      <trkpt lat="45.585060000" lon="5.758970000">
        <ele>505.000</ele>
      </trkpt>
      <trkpt lat="45.586010000" lon="5.760190000">
        <ele>501.000</ele>
      </trkpt>
      <trkpt lat="45.586220000" lon="5.760550000">
        <ele>498.000</ele>
      </trkpt>
      <trkpt lat="45.586410000" lon="5.761380000">
        <ele>494.000</ele>
      </trkpt>
      <trkpt lat="45.586720000" lon="5.762680000">
        <ele>490.000</ele>
      </trkpt>
      <trkpt lat="45.586800000" lon="5.762950000">
        <ele>487.000</ele>
      </trkpt>
      <trkpt lat="45.586800000" lon="5.762950000">
        <ele>485.000</ele>
      </trkpt>
      <trkpt lat="45.586950000" lon="5.763430000">
        <ele>483.000</ele>
      </trkpt>
      <trkpt lat="45.587070000" lon="5.763860000">
        <ele>481.000</ele>
      </trkpt>
      <trkpt lat="45.587130000" lon="5.764080000">
        <ele>479.000</ele>
      </trkpt>
      <trkpt lat="45.587190000" lon="5.764310000">
        <ele>477.000</ele>
      </trkpt>
      <trkpt lat="45.587260000" lon="5.764480000">
        <ele>476.000</ele>
      </trkpt>
      <trkpt lat="45.587380000" lon="5.764680000">
        <ele>475.000</ele>
      </trkpt>
      <trkpt lat="45.587450000" lon="5.764810000">
        <ele>474.000</ele>
      </trkpt>
      <trkpt lat="45.587510000" lon="5.764920000">
        <ele>473.000</ele>
      </trkpt>
      <trkpt lat="45.587550000" lon="5.765040000">
        <ele>473.000</ele>
      </trkpt>
      <trkpt lat="45.587610000" lon="5.765260000">
        <ele>472.000</ele>
      </trkpt>
      <trkpt lat="45.587640000" lon="5.765510000">
        <ele>471.000</ele>
      </trkpt>
      <trkpt lat="45.587680000" lon="5.765740000">
        <ele>470.000</ele>
      </trkpt>
      <trkpt lat="45.587710000" lon="5.765920000">
        <ele>469.000</ele>
      </trkpt>
      <trkpt lat="45.587830000" lon="5.766140000">
        <ele>468.000</ele>
      </trkpt>
      <trkpt lat="45.588260000" lon="5.766710000">
        <ele>466.000</ele>
      </trkpt>
      <trkpt lat="45.588540000" lon="5.767100000">
        <ele>464.000</ele>
      </trkpt>
      <trkpt lat="45.588880000" lon="5.767640000">
        <ele>460.000</ele>
      </trkpt>
      <trkpt lat="45.589040000" lon="5.768000000">
        <ele>457.000</ele>
      </trkpt>
      <trkpt lat="45.589440000" lon="5.768880000">
        <ele>453.000</ele>
      </trkpt>
      <trkpt lat="45.589490000" lon="5.768980000">
        <ele>451.000</ele>
      </trkpt>
      <trkpt lat="45.589640000" lon="5.769340000">
        <ele>448.000</ele>
      </trkpt>
      <trkpt lat="45.589760000" lon="5.769500000">
        <ele>446.000</ele>
      </trkpt>
      <trkpt lat="45.589910000" lon="5.769540000">
        <ele>445.000</ele>
      </trkpt>
      <trkpt lat="45.590100000" lon="5.769450000">
        <ele>443.000</ele>
      </trkpt>
      <trkpt lat="45.590170000" lon="5.769380000">
        <ele>442.000</ele>
      </trkpt>
      <trkpt lat="45.590230000" lon="5.769310000">
        <ele>441.000</ele>
      </trkpt>
      <trkpt lat="45.590290000" lon="5.769200000">
        <ele>440.000</ele>
      </trkpt>
      <trkpt lat="45.590360000" lon="5.769030000">
        <ele>439.000</ele>
      </trkpt>
      <trkpt lat="45.590430000" lon="5.768870000">
        <ele>439.000</ele>
      </trkpt>
      <trkpt lat="45.590530000" lon="5.768600000">
        <ele>438.000</ele>
      </trkpt>
      <trkpt lat="45.590570000" lon="5.768530000">
        <ele>437.000</ele>
      </trkpt>
      <trkpt lat="45.590620000" lon="5.768450000">
        <ele>436.000</ele>
      </trkpt>
      <trkpt lat="45.590670000" lon="5.768420000">
        <ele>436.000</ele>
      </trkpt>
      <trkpt lat="45.590720000" lon="5.768410000">
        <ele>435.000</ele>
      </trkpt>
      <trkpt lat="45.590770000" lon="5.768410000">
        <ele>435.000</ele>
      </trkpt>
      <trkpt lat="45.590830000" lon="5.768440000">
        <ele>435.000</ele>
      </trkpt>
      <trkpt lat="45.590850000" lon="5.768460000">
        <ele>434.000</ele>
      </trkpt>
      <trkpt lat="45.590870000" lon="5.768480000">
        <ele>434.000</ele>
      </trkpt>
      <trkpt lat="45.590900000" lon="5.768540000">
        <ele>434.000</ele>
      </trkpt>
      <trkpt lat="45.590940000" lon="5.768650000">
        <ele>434.000</ele>
      </trkpt>
      <trkpt lat="45.590960000" lon="5.768750000">
        <ele>434.000</ele>
      </trkpt>
      <trkpt lat="45.590990000" lon="5.769010000">
        <ele>433.000</ele>
      </trkpt>
      <trkpt lat="45.591020000" lon="5.769130000">
        <ele>433.000</ele>
      </trkpt>
      <trkpt lat="45.591050000" lon="5.769240000">
        <ele>433.000</ele>
      </trkpt>
      <trkpt lat="45.591090000" lon="5.769290000">
        <ele>433.000</ele>
      </trkpt>
      <trkpt lat="45.591150000" lon="5.769340000">
        <ele>433.000</ele>
      </trkpt>
      <trkpt lat="45.591690000" lon="5.769570000">
        <ele>432.000</ele>
      </trkpt>
      <trkpt lat="45.591880000" lon="5.769640000">
        <ele>431.000</ele>
      </trkpt>
      <trkpt lat="45.592180000" lon="5.769740000">
        <ele>431.000</ele>
      </trkpt>
      <trkpt lat="45.592360000" lon="5.769800000">
        <ele>430.000</ele>
      </trkpt>
      <trkpt lat="45.592370000" lon="5.769810000">
        <ele>430.000</ele>
      </trkpt>
      <trkpt lat="45.592710000" lon="5.769930000">
        <ele>430.000</ele>
      </trkpt>
      <trkpt lat="45.592840000" lon="5.768780000">
        <ele>431.000</ele>
      </trkpt>
      <trkpt lat="45.592860000" lon="5.768700000">
        <ele>431.000</ele>
      </trkpt>
      <trkpt lat="45.592900000" lon="5.768640000">
        <ele>431.000</ele>
      </trkpt>
      <trkpt lat="45.592920000" lon="5.768620000">
        <ele>432.000</ele>
      </trkpt>
      <trkpt lat="45.593090000" lon="5.768580000">
        <ele>432.000</ele>
      </trkpt>
      <trkpt lat="45.593120000" lon="5.768580000">
        <ele>432.000</ele>
      </trkpt>
      <trkpt lat="45.593150000" lon="5.768580000">
        <ele>432.000</ele>
      </trkpt>
      <trkpt lat="45.593170000" lon="5.768560000">
        <ele>432.000</ele>
      </trkpt>
      <trkpt lat="45.593190000" lon="5.768530000">
        <ele>432.000</ele>
      </trkpt>
      <trkpt lat="45.593200000" lon="5.768500000">
        <ele>432.000</ele>
      </trkpt>
      <trkpt lat="45.593200000" lon="5.768460000">
        <ele>432.000</ele>
      </trkpt>
      <trkpt lat="45.593200000" lon="5.768430000">
        <ele>433.000</ele>
      </trkpt>
      <trkpt lat="45.593190000" lon="5.768390000">
        <ele>433.000</ele>
      </trkpt>
      <trkpt lat="45.593180000" lon="5.768370000">
        <ele>433.000</ele>
      </trkpt>
      <trkpt lat="45.593180000" lon="5.768270000">
        <ele>433.000</ele>
      </trkpt>
      <trkpt lat="45.593160000" lon="5.768100000">
        <ele>433.000</ele>
      </trkpt>
      <trkpt lat="45.593130000" lon="5.767790000">
        <ele>434.000</ele>
      </trkpt>
      <trkpt lat="45.593090000" lon="5.767280000">
        <ele>435.000</ele>
      </trkpt>
      <trkpt lat="45.593010000" lon="5.766450000">
        <ele>437.000</ele>
      </trkpt>
      <trkpt lat="45.592990000" lon="5.766170000">
        <ele>439.000</ele>
      </trkpt>
      <trkpt lat="45.592980000" lon="5.766080000">
        <ele>440.000</ele>
      </trkpt>
      <trkpt lat="45.592910000" lon="5.765270000">
        <ele>442.000</ele>
      </trkpt>
      <trkpt lat="45.592910000" lon="5.765120000">
        <ele>443.000</ele>
      </trkpt>
      <trkpt lat="45.592890000" lon="5.764990000">
        <ele>444.000</ele>
      </trkpt>
      <trkpt lat="45.592850000" lon="5.764550000">
        <ele>444.000</ele>
      </trkpt>
      <trkpt lat="45.592800000" lon="5.763960000">
        <ele>445.000</ele>
      </trkpt>
      <trkpt lat="45.592780000" lon="5.763760000">
        <ele>445.000</ele>
      </trkpt>
      <trkpt lat="45.592780000" lon="5.763480000">
        <ele>445.000</ele>
      </trkpt>
      <trkpt lat="45.592800000" lon="5.763300000">
        <ele>445.000</ele>
      </trkpt>
      <trkpt lat="45.592840000" lon="5.763120000">
        <ele>445.000</ele>
      </trkpt>
      <trkpt lat="45.592880000" lon="5.763000000">
        <ele>445.000</ele>
      </trkpt>
      <trkpt lat="45.592950000" lon="5.762820000">
        <ele>445.000</ele>
      </trkpt>
      <trkpt lat="45.593180000" lon="5.762410000">
        <ele>445.000</ele>
      </trkpt>
      <trkpt lat="45.593550000" lon="5.761820000">
        <ele>446.000</ele>
      </trkpt>
      <trkpt lat="45.594000000" lon="5.761060000">
        <ele>447.000</ele>
      </trkpt>
      <trkpt lat="45.594410000" lon="5.760420000">
        <ele>448.000</ele>
      </trkpt>
      <trkpt lat="45.594650000" lon="5.759960000">
        <ele>449.000</ele>
      </trkpt>
      <trkpt lat="45.594750000" lon="5.759640000">
        <ele>450.000</ele>
      </trkpt>
      <trkpt lat="45.594830000" lon="5.759310000">
        <ele>451.000</ele>
      </trkpt>
      <trkpt lat="45.594860000" lon="5.758810000">
        <ele>453.000</ele>
      </trkpt>
      <trkpt lat="45.594900000" lon="5.757760000">
        <ele>455.000</ele>
      </trkpt>
      <trkpt lat="45.594940000" lon="5.756740000">
        <ele>458.000</ele>
      </trkpt>
      <trkpt lat="45.594940000" lon="5.756640000">
        <ele>460.000</ele>
      </trkpt>
      <trkpt lat="45.594940000" lon="5.756640000">
        <ele>462.000</ele>
      </trkpt>
      <trkpt lat="45.594980000" lon="5.755440000">
        <ele>465.000</ele>
      </trkpt>
      <trkpt lat="45.595010000" lon="5.754740000">
        <ele>468.000</ele>
      </trkpt>
      <trkpt lat="45.595010000" lon="5.753550000">
        <ele>471.000</ele>
      </trkpt>
      <trkpt lat="45.594990000" lon="5.752920000">
        <ele>474.000</ele>
      </trkpt>
      <trkpt lat="45.594910000" lon="5.752180000">
        <ele>477.000</ele>
      </trkpt>
      <trkpt lat="45.594900000" lon="5.752050000">
        <ele>479.000</ele>
      </trkpt>
      <trkpt lat="45.594800000" lon="5.751310000">
        <ele>482.000</ele>
      </trkpt>
      <trkpt lat="45.594740000" lon="5.750730000">
        <ele>485.000</ele>
      </trkpt>
      <trkpt lat="45.594550000" lon="5.750150000">
        <ele>487.000</ele>
      </trkpt>
      <trkpt lat="45.594390000" lon="5.749730000">
        <ele>490.000</ele>
      </trkpt>
      <trkpt lat="45.594240000" lon="5.749130000">
        <ele>493.000</ele>
      </trkpt>
      <trkpt lat="45.594150000" lon="5.748490000">
        <ele>496.000</ele>
      </trkpt>
      <trkpt lat="45.594090000" lon="5.748060000">
        <ele>498.000</ele>
      </trkpt>
      <trkpt lat="45.594060000" lon="5.747840000">
        <ele>500.000</ele>
      </trkpt>
      <trkpt lat="45.594090000" lon="5.747590000">
        <ele>502.000</ele>
      </trkpt>
      <trkpt lat="45.594140000" lon="5.747430000">
        <ele>503.000</ele>
      </trkpt>
      <trkpt lat="45.594280000" lon="5.747180000">
        <ele>505.000</ele>
      </trkpt>
      <trkpt lat="45.594380000" lon="5.747070000">
        <ele>506.000</ele>
      </trkpt>
      <trkpt lat="45.594550000" lon="5.746960000">
        <ele>507.000</ele>
      </trkpt>
      <trkpt lat="45.594700000" lon="5.746880000">
        <ele>508.000</ele>
      </trkpt>
      <trkpt lat="45.594840000" lon="5.746810000">
        <ele>509.000</ele>
      </trkpt>
      <trkpt lat="45.594970000" lon="5.746750000">
        <ele>510.000</ele>
      </trkpt>
      <trkpt lat="45.595100000" lon="5.746710000">
        <ele>511.000</ele>
      </trkpt>
      <trkpt lat="45.595240000" lon="5.746670000">
        <ele>512.000</ele>
      </trkpt>
      <trkpt lat="45.595310000" lon="5.746670000">
        <ele>513.000</ele>
      </trkpt>
      <trkpt lat="45.595400000" lon="5.746680000">
        <ele>513.000</ele>
      </trkpt>
      <trkpt lat="45.595470000" lon="5.746700000">
        <ele>514.000</ele>
      </trkpt>
      <trkpt lat="45.595540000" lon="5.746740000">
        <ele>514.000</ele>
      </trkpt>
      <trkpt lat="45.595630000" lon="5.746810000">
        <ele>515.000</ele>
      </trkpt>
      <trkpt lat="45.595690000" lon="5.746880000">
        <ele>515.000</ele>
      </trkpt>
      <trkpt lat="45.595830000" lon="5.747060000">
        <ele>516.000</ele>
      </trkpt>
      <trkpt lat="45.595950000" lon="5.747220000">
        <ele>517.000</ele>
      </trkpt>
      <trkpt lat="45.596210000" lon="5.747520000">
        <ele>518.000</ele>
      </trkpt>
      <trkpt lat="45.596420000" lon="5.747750000">
        <ele>519.000</ele>
      </trkpt>
      <trkpt lat="45.596560000" lon="5.747900000">
        <ele>520.000</ele>
      </trkpt>
      <trkpt lat="45.596680000" lon="5.747940000">
        <ele>521.000</ele>
      </trkpt>
      <trkpt lat="45.596770000" lon="5.747910000">
        <ele>522.000</ele>
      </trkpt>
      <trkpt lat="45.596830000" lon="5.747820000">
        <ele>522.000</ele>
      </trkpt>
      <trkpt lat="45.596860000" lon="5.747690000">
        <ele>523.000</ele>
      </trkpt>
      <trkpt lat="45.596820000" lon="5.747490000">
        <ele>523.000</ele>
      </trkpt>
      <trkpt lat="45.596760000" lon="5.747280000">
        <ele>524.000</ele>
      </trkpt>
      <trkpt lat="45.596670000" lon="5.746990000">
        <ele>525.000</ele>
      </trkpt>
      <trkpt lat="45.596600000" lon="5.746750000">
        <ele>526.000</ele>
      </trkpt>
      <trkpt lat="45.596570000" lon="5.746610000">
        <ele>526.000</ele>
      </trkpt>
      <trkpt lat="45.596560000" lon="5.746480000">
        <ele>527.000</ele>
      </trkpt>
      <trkpt lat="45.596560000" lon="5.746330000">
        <ele>527.000</ele>
      </trkpt>
      <trkpt lat="45.596580000" lon="5.746210000">
        <ele>528.000</ele>
      </trkpt>
      <trkpt lat="45.596640000" lon="5.745970000">
        <ele>528.000</ele>
      </trkpt>
      <trkpt lat="45.596720000" lon="5.745750000">
        <ele>529.000</ele>
      </trkpt>
      <trkpt lat="45.596800000" lon="5.745540000">
        <ele>531.000</ele>
      </trkpt>
      <trkpt lat="45.596830000" lon="5.745440000">
        <ele>532.000</ele>
      </trkpt>
      <trkpt lat="45.596850000" lon="5.745360000">
        <ele>533.000</ele>
      </trkpt>
      <trkpt lat="45.596850000" lon="5.745280000">
        <ele>533.000</ele>
      </trkpt>
      <trkpt lat="45.596860000" lon="5.745190000">
        <ele>534.000</ele>
      </trkpt>
      <trkpt lat="45.596860000" lon="5.745070000">
        <ele>535.000</ele>
      </trkpt>
      <trkpt lat="45.596830000" lon="5.744950000">
        <ele>536.000</ele>
      </trkpt>
      <trkpt lat="45.596790000" lon="5.744850000">
        <ele>537.000</ele>
      </trkpt>
      <trkpt lat="45.596730000" lon="5.744730000">
        <ele>538.000</ele>
      </trkpt>
      <trkpt lat="45.596580000" lon="5.744500000">
        <ele>539.000</ele>
      </trkpt>
      <trkpt lat="45.596410000" lon="5.744230000">
        <ele>541.000</ele>
      </trkpt>
      <trkpt lat="45.596080000" lon="5.743720000">
        <ele>544.000</ele>
      </trkpt>
      <trkpt lat="45.595640000" lon="5.743010000">
        <ele>546.000</ele>
      </trkpt>
      <trkpt lat="45.595410000" lon="5.742660000">
        <ele>548.000</ele>
      </trkpt>
      <trkpt lat="45.595150000" lon="5.742420000">
        <ele>550.000</ele>
      </trkpt>
      <trkpt lat="45.594770000" lon="5.742180000">
        <ele>552.000</ele>
      </trkpt>
      <trkpt lat="45.594350000" lon="5.741960000">
        <ele>553.000</ele>
      </trkpt>
      <trkpt lat="45.593960000" lon="5.741690000">
        <ele>555.000</ele>
      </trkpt>
      <trkpt lat="45.593770000" lon="5.741560000">
        <ele>556.000</ele>
      </trkpt>
      <trkpt lat="45.593610000" lon="5.741430000">
        <ele>558.000</ele>
      </trkpt>
      <trkpt lat="45.593510000" lon="5.741270000">
        <ele>559.000</ele>
      </trkpt>
      <trkpt lat="45.593340000" lon="5.740890000">
        <ele>560.000</ele>
      </trkpt>
      <trkpt lat="45.593050000" lon="5.740320000">
        <ele>561.000</ele>
      </trkpt>
      <trkpt lat="45.592830000" lon="5.739980000">
        <ele>563.000</ele>
      </trkpt>
      <trkpt lat="45.592520000" lon="5.739560000">
        <ele>564.000</ele>
      </trkpt>
      <trkpt lat="45.592230000" lon="5.739220000">
        <ele>565.000</ele>
      </trkpt>
      <trkpt lat="45.592100000" lon="5.739070000">
        <ele>567.000</ele>
      </trkpt>
      <trkpt lat="45.592010000" lon="5.738950000">
        <ele>568.000</ele>
      </trkpt>
      <trkpt lat="45.591520000" lon="5.738320000">
        <ele>569.000</ele>
      </trkpt>
      <trkpt lat="45.591330000" lon="5.738080000">
        <ele>570.000</ele>
      </trkpt>
      <trkpt lat="45.591240000" lon="5.737920000">
        <ele>571.000</ele>
      </trkpt>
      <trkpt lat="45.591190000" lon="5.737800000">
        <ele>572.000</ele>
      </trkpt>
      <trkpt lat="45.591160000" lon="5.737630000">
        <ele>573.000</ele>
      </trkpt>
      <trkpt lat="45.591160000" lon="5.737460000">
        <ele>573.000</ele>
      </trkpt>
      <trkpt lat="45.591190000" lon="5.737280000">
        <ele>574.000</ele>
      </trkpt>
      <trkpt lat="45.591210000" lon="5.737190000">
        <ele>574.000</ele>
      </trkpt>
      <trkpt lat="45.591390000" lon="5.736730000">
        <ele>575.000</ele>
      </trkpt>
      <trkpt lat="45.591550000" lon="5.736320000">
        <ele>576.000</ele>
      </trkpt>
      <trkpt lat="45.591770000" lon="5.735760000">
        <ele>578.000</ele>
      </trkpt>
      <trkpt lat="45.592040000" lon="5.735020000">
        <ele>578.000</ele>
      </trkpt>
      <trkpt lat="45.592440000" lon="5.733980000">
        <ele>578.000</ele>
      </trkpt>
      <trkpt lat="45.593040000" lon="5.732450000">
        <ele>577.000</ele>
      </trkpt>
      <trkpt lat="45.593180000" lon="5.732070000">
        <ele>576.000</ele>
      </trkpt>
      <trkpt lat="45.593360000" lon="5.731630000">
        <ele>576.000</ele>
      </trkpt>
      <trkpt lat="45.593430000" lon="5.731450000">
        <ele>575.000</ele>
      </trkpt>
      <trkpt lat="45.593490000" lon="5.731310000">
        <ele>575.000</ele>
      </trkpt>
      <trkpt lat="45.593530000" lon="5.731170000">
        <ele>575.000</ele>
      </trkpt>
      <trkpt lat="45.593580000" lon="5.730930000">
        <ele>575.000</ele>
      </trkpt>
      <trkpt lat="45.593580000" lon="5.730830000">
        <ele>575.000</ele>
      </trkpt>
      <trkpt lat="45.593580000" lon="5.730720000">
        <ele>575.000</ele>
      </trkpt>
      <trkpt lat="45.593570000" lon="5.730640000">
        <ele>575.000</ele>
      </trkpt>
      <trkpt lat="45.593550000" lon="5.730450000">
        <ele>575.000</ele>
      </trkpt>
      <trkpt lat="45.593530000" lon="5.730330000">
        <ele>575.000</ele>
      </trkpt>
      <trkpt lat="45.593530000" lon="5.730200000">
        <ele>575.000</ele>
      </trkpt>
      <trkpt lat="45.593550000" lon="5.730080000">
        <ele>575.000</ele>
      </trkpt>
      <trkpt lat="45.593580000" lon="5.729900000">
        <ele>575.000</ele>
      </trkpt>
      <trkpt lat="45.593620000" lon="5.729670000">
        <ele>575.000</ele>
      </trkpt>
      <trkpt lat="45.593680000" lon="5.729280000">
        <ele>573.000</ele>
      </trkpt>
      <trkpt lat="45.593720000" lon="5.729030000">
        <ele>572.000</ele>
      </trkpt>
      <trkpt lat="45.593750000" lon="5.728840000">
        <ele>570.000</ele>
      </trkpt>
      <trkpt lat="45.593810000" lon="5.728530000">
        <ele>569.000</ele>
      </trkpt>
      <trkpt lat="45.593900000" lon="5.728210000">
        <ele>567.000</ele>
      </trkpt>
      <trkpt lat="45.593990000" lon="5.727960000">
        <ele>565.000</ele>
      </trkpt>
      <trkpt lat="45.594200000" lon="5.727580000">
        <ele>562.000</ele>
      </trkpt>
      <trkpt lat="45.594670000" lon="5.726830000">
        <ele>558.000</ele>
      </trkpt>
      <trkpt lat="45.594780000" lon="5.726650000">
        <ele>555.000</ele>
      </trkpt>
      <trkpt lat="45.594830000" lon="5.726550000">
        <ele>552.000</ele>
      </trkpt>
      <trkpt lat="45.594860000" lon="5.726430000">
        <ele>551.000</ele>
      </trkpt>
      <trkpt lat="45.594880000" lon="5.726340000">
        <ele>549.000</ele>
      </trkpt>
      <trkpt lat="45.594880000" lon="5.726230000">
        <ele>548.000</ele>
      </trkpt>
      <trkpt lat="45.594870000" lon="5.726110000">
        <ele>547.000</ele>
      </trkpt>
      <trkpt lat="45.594850000" lon="5.726010000">
        <ele>547.000</ele>
      </trkpt>
      <trkpt lat="45.594820000" lon="5.725910000">
        <ele>546.000</ele>
      </trkpt>
      <trkpt lat="45.594780000" lon="5.725810000">
        <ele>545.000</ele>
      </trkpt>
      <trkpt lat="45.594720000" lon="5.725690000">
        <ele>545.000</ele>
      </trkpt>
      <trkpt lat="45.594690000" lon="5.725620000">
        <ele>544.000</ele>
      </trkpt>
      <trkpt lat="45.594670000" lon="5.725540000">
        <ele>544.000</ele>
      </trkpt>
      <trkpt lat="45.594650000" lon="5.725460000">
        <ele>543.000</ele>
      </trkpt>
      <trkpt lat="45.594650000" lon="5.725370000">
        <ele>543.000</ele>
      </trkpt>
      <trkpt lat="45.594660000" lon="5.725280000">
        <ele>542.000</ele>
      </trkpt>
      <trkpt lat="45.594670000" lon="5.725180000">
        <ele>542.000</ele>
      </trkpt>
      <trkpt lat="45.594700000" lon="5.725090000">
        <ele>541.000</ele>
      </trkpt>
      <trkpt lat="45.594740000" lon="5.724990000">
        <ele>541.000</ele>
      </trkpt>
      <trkpt lat="45.595490000" lon="5.723250000">
        <ele>537.000</ele>
      </trkpt>
      <trkpt lat="45.595700000" lon="5.722750000">
        <ele>534.000</ele>
      </trkpt>
      <trkpt lat="45.595790000" lon="5.722530000">
        <ele>531.000</ele>
      </trkpt>
      <trkpt lat="45.595830000" lon="5.722370000">
        <ele>529.000</ele>
      </trkpt>
      <trkpt lat="45.595860000" lon="5.722240000">
        <ele>527.000</ele>
      </trkpt>
      <trkpt lat="45.595880000" lon="5.722110000">
        <ele>526.000</ele>
      </trkpt>
      <trkpt lat="45.595910000" lon="5.721560000">
        <ele>523.000</ele>
      </trkpt>
      <trkpt lat="45.595950000" lon="5.721150000">
        <ele>521.000</ele>
      </trkpt>
      <trkpt lat="45.595960000" lon="5.720840000">
        <ele>519.000</ele>
      </trkpt>
      <trkpt lat="45.595950000" lon="5.720640000">
        <ele>517.000</ele>
      </trkpt>
      <trkpt lat="45.595930000" lon="5.720540000">
        <ele>516.000</ele>
      </trkpt>
      <trkpt lat="45.595910000" lon="5.720450000">
        <ele>515.000</ele>
      </trkpt>
      <trkpt lat="45.595870000" lon="5.720390000">
        <ele>514.000</ele>
      </trkpt>
      <trkpt lat="45.595830000" lon="5.720350000">
        <ele>513.000</ele>
      </trkpt>
      <trkpt lat="45.595770000" lon="5.720330000">
        <ele>512.000</ele>
      </trkpt>
      <trkpt lat="45.595720000" lon="5.720340000">
        <ele>512.000</ele>
      </trkpt>
      <trkpt lat="45.595640000" lon="5.720370000">
        <ele>511.000</ele>
      </trkpt>
      <trkpt lat="45.595590000" lon="5.720410000">
        <ele>511.000</ele>
      </trkpt>
      <trkpt lat="45.595540000" lon="5.720470000">
        <ele>510.000</ele>
      </trkpt>
      <trkpt lat="45.595400000" lon="5.720630000">
        <ele>509.000</ele>
      </trkpt>
      <trkpt lat="45.595190000" lon="5.720880000">
        <ele>508.000</ele>
      </trkpt>
      <trkpt lat="45.595100000" lon="5.720960000">
        <ele>507.000</ele>
      </trkpt>
      <trkpt lat="45.595000000" lon="5.721060000">
        <ele>506.000</ele>
      </trkpt>
      <trkpt lat="45.594930000" lon="5.721090000">
        <ele>505.000</ele>
      </trkpt>
      <trkpt lat="45.594840000" lon="5.721100000">
        <ele>504.000</ele>
      </trkpt>
      <trkpt lat="45.594760000" lon="5.721070000">
        <ele>504.000</ele>
      </trkpt>
      <trkpt lat="45.594690000" lon="5.721010000">
        <ele>503.000</ele>
      </trkpt>
      <trkpt lat="45.594650000" lon="5.720950000">
        <ele>502.000</ele>
      </trkpt>
      <trkpt lat="45.594600000" lon="5.720830000">
        <ele>502.000</ele>
      </trkpt>
      <trkpt lat="45.594560000" lon="5.720700000">
        <ele>501.000</ele>
      </trkpt>
      <trkpt lat="45.594550000" lon="5.720600000">
        <ele>500.000</ele>
      </trkpt>
      <trkpt lat="45.594560000" lon="5.720500000">
        <ele>500.000</ele>
      </trkpt>
      <trkpt lat="45.594570000" lon="5.720380000">
        <ele>499.000</ele>
      </trkpt>
      <trkpt lat="45.594590000" lon="5.720270000">
        <ele>499.000</ele>
      </trkpt>
      <trkpt lat="45.594610000" lon="5.720180000">
        <ele>498.000</ele>
      </trkpt>
      <trkpt lat="45.594670000" lon="5.720120000">
        <ele>498.000</ele>
      </trkpt>
      <trkpt lat="45.594720000" lon="5.720090000">
        <ele>497.000</ele>
      </trkpt>
      <trkpt lat="45.594850000" lon="5.720040000">
        <ele>497.000</ele>
      </trkpt>
      <trkpt lat="45.595070000" lon="5.719950000">
        <ele>496.000</ele>
      </trkpt>
      <trkpt lat="45.595240000" lon="5.719820000">
        <ele>495.000</ele>
      </trkpt>
      <trkpt lat="45.595560000" lon="5.719380000">
        <ele>494.000</ele>
      </trkpt>
      <trkpt lat="45.595890000" lon="5.718930000">
        <ele>492.000</ele>
      </trkpt>
      <trkpt lat="45.596240000" lon="5.718420000">
        <ele>490.000</ele>
      </trkpt>
      <trkpt lat="45.596360000" lon="5.718200000">
        <ele>488.000</ele>
      </trkpt>
      <trkpt lat="45.596550000" lon="5.718080000">
        <ele>486.000</ele>
      </trkpt>
      <trkpt lat="45.596790000" lon="5.718010000">
        <ele>484.000</ele>
      </trkpt>
      <trkpt lat="45.597070000" lon="5.717930000">
        <ele>482.000</ele>
      </trkpt>
      <trkpt lat="45.597310000" lon="5.717900000">
        <ele>480.000</ele>
      </trkpt>
      <trkpt lat="45.597500000" lon="5.717870000">
        <ele>479.000</ele>
      </trkpt>
      <trkpt lat="45.597570000" lon="5.717820000">
        <ele>478.000</ele>
      </trkpt>
      <trkpt lat="45.597570000" lon="5.717820000">
        <ele>477.000</ele>
      </trkpt>
      <trkpt lat="45.597720000" lon="5.717730000">
        <ele>476.000</ele>
      </trkpt>
      <trkpt lat="45.597920000" lon="5.717460000">
        <ele>475.000</ele>
      </trkpt>
      <trkpt lat="45.598460000" lon="5.716750000">
        <ele>472.000</ele>
      </trkpt>
      <trkpt lat="45.598520000" lon="5.716670000">
        <ele>470.000</ele>
      </trkpt>
      <trkpt lat="45.598640000" lon="5.716550000">
        <ele>469.000</ele>
      </trkpt>
      <trkpt lat="45.598790000" lon="5.716550000">
        <ele>467.000</ele>
      </trkpt>
      <trkpt lat="45.598960000" lon="5.716610000">
        <ele>466.000</ele>
      </trkpt>
      <trkpt lat="45.599140000" lon="5.716570000">
        <ele>465.000</ele>
      </trkpt>
      <trkpt lat="45.599290000" lon="5.716440000">
        <ele>464.000</ele>
      </trkpt>
      <trkpt lat="45.599410000" lon="5.716210000">
        <ele>463.000</ele>
      </trkpt>
      <trkpt lat="45.599470000" lon="5.715900000">
        <ele>463.000</ele>
      </trkpt>
      <trkpt lat="45.599470000" lon="5.715210000">
        <ele>462.000</ele>
      </trkpt>
      <trkpt lat="45.599540000" lon="5.714930000">
        <ele>461.000</ele>
      </trkpt>
      <trkpt lat="45.599790000" lon="5.714550000">
        <ele>460.000</ele>
      </trkpt>
      <trkpt lat="45.600200000" lon="5.713910000">
        <ele>459.000</ele>
      </trkpt>
      <trkpt lat="45.600780000" lon="5.712950000">
        <ele>456.000</ele>
      </trkpt>
      <trkpt lat="45.601080000" lon="5.712500000">
        <ele>453.000</ele>
      </trkpt>
      <trkpt lat="45.601170000" lon="5.712300000">
        <ele>452.000</ele>
      </trkpt>
      <trkpt lat="45.601210000" lon="5.712220000">
        <ele>450.000</ele>
      </trkpt>
      <trkpt lat="45.601230000" lon="5.712040000">
        <ele>449.000</ele>
      </trkpt>
      <trkpt lat="45.601220000" lon="5.711880000">
        <ele>448.000</ele>
      </trkpt>
      <trkpt lat="45.601160000" lon="5.711620000">
        <ele>447.000</ele>
      </trkpt>
      <trkpt lat="45.601120000" lon="5.711470000">
        <ele>447.000</ele>
      </trkpt>
      <trkpt lat="45.601090000" lon="5.711230000">
        <ele>446.000</ele>
      </trkpt>
      <trkpt lat="45.601050000" lon="5.710960000">
        <ele>445.000</ele>
      </trkpt>
      <trkpt lat="45.600970000" lon="5.710750000">
        <ele>444.000</ele>
      </trkpt>
      <trkpt lat="45.600840000" lon="5.710400000">
        <ele>444.000</ele>
      </trkpt>
      <trkpt lat="45.600830000" lon="5.710310000">
        <ele>443.000</ele>
      </trkpt>
      <trkpt lat="45.600790000" lon="5.709990000">
        <ele>442.000</ele>
      </trkpt>
      <trkpt lat="45.600710000" lon="5.709400000">
        <ele>441.000</ele>
      </trkpt>
      <trkpt lat="45.600640000" lon="5.709010000">
        <ele>440.000</ele>
      </trkpt>
      <trkpt lat="45.600580000" lon="5.708830000">
        <ele>439.000</ele>
      </trkpt>
      <trkpt lat="45.600530000" lon="5.708750000">
        <ele>438.000</ele>
      </trkpt>
      <trkpt lat="45.600250000" lon="5.708270000">
        <ele>437.000</ele>
      </trkpt>
      <trkpt lat="45.600130000" lon="5.708060000">
        <ele>436.000</ele>
      </trkpt>
      <trkpt lat="45.600070000" lon="5.707930000">
        <ele>435.000</ele>
      </trkpt>
      <trkpt lat="45.600020000" lon="5.707760000">
        <ele>434.000</ele>
      </trkpt>
      <trkpt lat="45.600010000" lon="5.707590000">
        <ele>434.000</ele>
      </trkpt>
      <trkpt lat="45.600010000" lon="5.707270000">
        <ele>433.000</ele>
      </trkpt>
      <trkpt lat="45.600030000" lon="5.707040000">
        <ele>432.000</ele>
      </trkpt>
      <trkpt lat="45.600090000" lon="5.706830000">
        <ele>431.000</ele>
      </trkpt>
      <trkpt lat="45.600480000" lon="5.705730000">
        <ele>429.000</ele>
      </trkpt>
      <trkpt lat="45.600530000" lon="5.705570000">
        <ele>428.000</ele>
      </trkpt>
      <trkpt lat="45.600570000" lon="5.705240000">
        <ele>426.000</ele>
      </trkpt>
      <trkpt lat="45.600560000" lon="5.704700000">
        <ele>425.000</ele>
      </trkpt>
      <trkpt lat="45.600430000" lon="5.704270000">
        <ele>423.000</ele>
      </trkpt>
      <trkpt lat="45.600210000" lon="5.703790000">
        <ele>420.000</ele>
      </trkpt>
      <trkpt lat="45.600120000" lon="5.703500000">
        <ele>418.000</ele>
      </trkpt>
      <trkpt lat="45.600120000" lon="5.703260000">
        <ele>416.000</ele>
      </trkpt>
      <trkpt lat="45.600200000" lon="5.702930000">
        <ele>415.000</ele>
      </trkpt>
      <trkpt lat="45.600360000" lon="5.702450000">
        <ele>412.000</ele>
      </trkpt>
      <trkpt lat="45.600620000" lon="5.701740000">
        <ele>409.000</ele>
      </trkpt>
      <trkpt lat="45.600870000" lon="5.700990000">
        <ele>406.000</ele>
      </trkpt>
      <trkpt lat="45.600950000" lon="5.700670000">
        <ele>404.000</ele>
      </trkpt>
      <trkpt lat="45.600970000" lon="5.700390000">
        <ele>401.000</ele>
      </trkpt>
      <trkpt lat="45.601000000" lon="5.699500000">
        <ele>399.000</ele>
      </trkpt>
      <trkpt lat="45.601010000" lon="5.698640000">
        <ele>396.000</ele>
      </trkpt>
      <trkpt lat="45.601030000" lon="5.698170000">
        <ele>393.000</ele>
      </trkpt>
      <trkpt lat="45.601050000" lon="5.697850000">
        <ele>391.000</ele>
      </trkpt>
      <trkpt lat="45.601130000" lon="5.697610000">
        <ele>389.000</ele>
      </trkpt>
      <trkpt lat="45.601250000" lon="5.697400000">
        <ele>387.000</ele>
      </trkpt>
      <trkpt lat="45.601520000" lon="5.696960000">
        <ele>385.000</ele>
      </trkpt>
      <trkpt lat="45.601790000" lon="5.696440000">
        <ele>383.000</ele>
      </trkpt>
      <trkpt lat="45.601990000" lon="5.696010000">
        <ele>381.000</ele>
      </trkpt>
      <trkpt lat="45.602080000" lon="5.695590000">
        <ele>379.000</ele>
      </trkpt>
      <trkpt lat="45.602180000" lon="5.695060000">
        <ele>377.000</ele>
      </trkpt>
      <trkpt lat="45.602350000" lon="5.694060000">
        <ele>374.000</ele>
      </trkpt>
      <trkpt lat="45.602380000" lon="5.693490000">
        <ele>371.000</ele>
      </trkpt>
      <trkpt lat="45.602390000" lon="5.693300000">
        <ele>369.000</ele>
      </trkpt>
      <trkpt lat="45.602420000" lon="5.692060000">
        <ele>365.000</ele>
      </trkpt>
      <trkpt lat="45.602460000" lon="5.691160000">
        <ele>360.000</ele>
      </trkpt>
      <trkpt lat="45.602520000" lon="5.690650000">
        <ele>356.000</ele>
      </trkpt>
      <trkpt lat="45.602650000" lon="5.690090000">
        <ele>353.000</ele>
      </trkpt>
      <trkpt lat="45.602880000" lon="5.689470000">
        <ele>350.000</ele>
      </trkpt>
      <trkpt lat="45.602900000" lon="5.689410000">
        <ele>348.000</ele>
      </trkpt>
      <trkpt lat="45.603000000" lon="5.689130000">
        <ele>346.000</ele>
      </trkpt>
      <trkpt lat="45.603090000" lon="5.688850000">
        <ele>345.000</ele>
      </trkpt>
      <trkpt lat="45.603130000" lon="5.688720000">
        <ele>344.000</ele>
      </trkpt>
      <trkpt lat="45.603170000" lon="5.688600000">
        <ele>343.000</ele>
      </trkpt>
      <trkpt lat="45.603240000" lon="5.688440000">
        <ele>342.000</ele>
      </trkpt>
      <trkpt lat="45.603280000" lon="5.688350000">
        <ele>341.000</ele>
      </trkpt>
      <trkpt lat="45.603350000" lon="5.688280000">
        <ele>341.000</ele>
      </trkpt>
      <trkpt lat="45.603450000" lon="5.688190000">
        <ele>340.000</ele>
      </trkpt>
      <trkpt lat="45.603530000" lon="5.688160000">
        <ele>340.000</ele>
      </trkpt>
      <trkpt lat="45.603610000" lon="5.688140000">
        <ele>340.000</ele>
      </trkpt>
      <trkpt lat="45.603710000" lon="5.688160000">
        <ele>340.000</ele>
      </trkpt>
      <trkpt lat="45.603960000" lon="5.688290000">
        <ele>340.000</ele>
      </trkpt>
      <trkpt lat="45.604330000" lon="5.688590000">
        <ele>341.000</ele>
      </trkpt>
      <trkpt lat="45.604710000" lon="5.688960000">
        <ele>342.000</ele>
      </trkpt>
      <trkpt lat="45.604810000" lon="5.689050000">
        <ele>342.000</ele>
      </trkpt>
      <trkpt lat="45.604880000" lon="5.689090000">
        <ele>343.000</ele>
      </trkpt>
      <trkpt lat="45.604950000" lon="5.689110000">
        <ele>343.000</ele>
      </trkpt>
      <trkpt lat="45.605030000" lon="5.689080000">
        <ele>343.000</ele>
      </trkpt>
      <trkpt lat="45.605080000" lon="5.689040000">
        <ele>343.000</ele>
      </trkpt>
      <trkpt lat="45.605130000" lon="5.689000000">
        <ele>343.000</ele>
      </trkpt>
      <trkpt lat="45.605180000" lon="5.688930000">
        <ele>342.000</ele>
      </trkpt>
      <trkpt lat="45.605220000" lon="5.688830000">
        <ele>342.000</ele>
      </trkpt>
      <trkpt lat="45.605240000" lon="5.688730000">
        <ele>342.000</ele>
      </trkpt>
      <trkpt lat="45.605240000" lon="5.688620000">
        <ele>341.000</ele>
      </trkpt>
      <trkpt lat="45.605240000" lon="5.688500000">
        <ele>341.000</ele>
      </trkpt>
      <trkpt lat="45.605220000" lon="5.688370000">
        <ele>341.000</ele>
      </trkpt>
      <trkpt lat="45.605190000" lon="5.688270000">
        <ele>340.000</ele>
      </trkpt>
      <trkpt lat="45.605140000" lon="5.688170000">
        <ele>340.000</ele>
      </trkpt>
      <trkpt lat="45.605080000" lon="5.688090000">
        <ele>339.000</ele>
      </trkpt>
      <trkpt lat="45.604990000" lon="5.687980000">
        <ele>339.000</ele>
      </trkpt>
      <trkpt lat="45.604820000" lon="5.687800000">
        <ele>338.000</ele>
      </trkpt>
      <trkpt lat="45.604760000" lon="5.687730000">
        <ele>337.000</ele>
      </trkpt>
      <trkpt lat="45.604700000" lon="5.687630000">
        <ele>337.000</ele>
      </trkpt>
      <trkpt lat="45.604660000" lon="5.687510000">
        <ele>336.000</ele>
      </trkpt>
      <trkpt lat="45.604630000" lon="5.687380000">
        <ele>336.000</ele>
      </trkpt>
      <trkpt lat="45.604590000" lon="5.687190000">
        <ele>335.000</ele>
      </trkpt>
      <trkpt lat="45.604490000" lon="5.686600000">
        <ele>334.000</ele>
      </trkpt>
      <trkpt lat="45.604370000" lon="5.685980000">
        <ele>333.000</ele>
      </trkpt>
      <trkpt lat="45.604340000" lon="5.685810000">
        <ele>333.000</ele>
      </trkpt>
      <trkpt lat="45.604290000" lon="5.685500000">
        <ele>332.000</ele>
      </trkpt>
      <trkpt lat="45.604300000" lon="5.685210000">
        <ele>332.000</ele>
      </trkpt>
      <trkpt lat="45.604400000" lon="5.684840000">
        <ele>332.000</ele>
      </trkpt>
      <trkpt lat="45.604650000" lon="5.684260000">
        <ele>332.000</ele>
      </trkpt>
      <trkpt lat="45.605020000" lon="5.683440000">
        <ele>332.000</ele>
      </trkpt>
      <trkpt lat="45.605330000" lon="5.682710000">
        <ele>331.000</ele>
      </trkpt>
      <trkpt lat="45.605540000" lon="5.682260000">
        <ele>331.000</ele>
      </trkpt>
      <trkpt lat="45.605680000" lon="5.681940000">
        <ele>330.000</ele>
      </trkpt>
      <trkpt lat="45.605910000" lon="5.681240000">
        <ele>329.000</ele>
      </trkpt>
      <trkpt lat="45.606140000" lon="5.680170000">
        <ele>328.000</ele>
      </trkpt>
      <trkpt lat="45.606270000" lon="5.679490000">
        <ele>328.000</ele>
      </trkpt>
      <trkpt lat="45.606450000" lon="5.678660000">
        <ele>328.000</ele>
      </trkpt>
      <trkpt lat="45.606590000" lon="5.677990000">
        <ele>328.000</ele>
      </trkpt>
      <trkpt lat="45.606720000" lon="5.677550000">
        <ele>328.000</ele>
      </trkpt>
      <trkpt lat="45.606910000" lon="5.677110000">
        <ele>328.000</ele>
      </trkpt>
      <trkpt lat="45.607160000" lon="5.676570000">
        <ele>329.000</ele>
      </trkpt>
      <trkpt lat="45.607190000" lon="5.676610000">
        <ele>330.000</ele>
      </trkpt>
      <trkpt lat="45.607260000" lon="5.676650000">
        <ele>330.000</ele>
      </trkpt>
      <trkpt lat="45.607310000" lon="5.676660000">
        <ele>331.000</ele>
      </trkpt>
      <trkpt lat="45.607340000" lon="5.676650000">
        <ele>331.000</ele>
      </trkpt>
      <trkpt lat="45.607370000" lon="5.676620000">
        <ele>331.000</ele>
      </trkpt>
      <trkpt lat="45.607400000" lon="5.676590000">
        <ele>332.000</ele>
      </trkpt>
      <trkpt lat="45.607430000" lon="5.676550000">
        <ele>332.000</ele>
      </trkpt>
      <trkpt lat="45.607640000" lon="5.676240000">
        <ele>332.000</ele>
      </trkpt>
      <trkpt lat="45.607760000" lon="5.676080000">
        <ele>333.000</ele>
      </trkpt>
      <trkpt lat="45.607960000" lon="5.675820000">
        <ele>334.000</ele>
      </trkpt>
      <trkpt lat="45.608240000" lon="5.675450000">
        <ele>336.000</ele>
      </trkpt>
      <trkpt lat="45.608390000" lon="5.675280000">
        <ele>338.000</ele>
      </trkpt>
      <trkpt lat="45.608620000" lon="5.675160000">
        <ele>340.000</ele>
      </trkpt>
      <trkpt lat="45.608880000" lon="5.675080000">
        <ele>342.000</ele>
      </trkpt>
      <trkpt lat="45.609270000" lon="5.674950000">
        <ele>345.000</ele>
      </trkpt>
      <trkpt lat="45.609450000" lon="5.674890000">
        <ele>347.000</ele>
      </trkpt>
      <trkpt lat="45.609970000" lon="5.674740000">
        <ele>351.000</ele>
      </trkpt>
      <trkpt lat="45.610080000" lon="5.674770000">
        <ele>353.000</ele>
      </trkpt>
      <trkpt lat="45.610140000" lon="5.674830000">
        <ele>355.000</ele>
      </trkpt>
      <trkpt lat="45.610180000" lon="5.674960000">
        <ele>356.000</ele>
      </trkpt>
      <trkpt lat="45.610190000" lon="5.675080000">
        <ele>357.000</ele>
      </trkpt>
      <trkpt lat="45.610130000" lon="5.675270000">
        <ele>358.000</ele>
      </trkpt>
      <trkpt lat="45.609790000" lon="5.676070000">
        <ele>360.000</ele>
      </trkpt>
      <trkpt lat="45.609670000" lon="5.676410000">
        <ele>361.000</ele>
      </trkpt>
      <trkpt lat="45.609540000" lon="5.676810000">
        <ele>362.000</ele>
      </trkpt>
      <trkpt lat="45.609460000" lon="5.677480000">
        <ele>364.000</ele>
      </trkpt>
      <trkpt lat="45.609420000" lon="5.678140000">
        <ele>367.000</ele>
      </trkpt>
      <trkpt lat="45.609420000" lon="5.678140000">
        <ele>368.000</ele>
      </trkpt>
      <trkpt lat="45.609410000" lon="5.678310000">
        <ele>370.000</ele>
      </trkpt>
      <trkpt lat="45.609350000" lon="5.679100000">
        <ele>372.000</ele>
      </trkpt>
      <trkpt lat="45.609280000" lon="5.680170000">
        <ele>376.000</ele>
      </trkpt>
      <trkpt lat="45.609250000" lon="5.680730000">
        <ele>379.000</ele>
      </trkpt>
      <trkpt lat="45.609210000" lon="5.681150000">
        <ele>382.000</ele>
      </trkpt>
      <trkpt lat="45.609220000" lon="5.681260000">
        <ele>384.000</ele>
      </trkpt>
      <trkpt lat="45.609230000" lon="5.681550000">
        <ele>386.000</ele>
      </trkpt>
      <trkpt lat="45.609380000" lon="5.682590000">
        <ele>389.000</ele>
      </trkpt>
      <trkpt lat="45.609450000" lon="5.682910000">
        <ele>392.000</ele>
      </trkpt>
      <trkpt lat="45.609470000" lon="5.683090000">
        <ele>394.000</ele>
      </trkpt>
      <trkpt lat="45.609560000" lon="5.683760000">
        <ele>397.000</ele>
      </trkpt>
      <trkpt lat="45.609590000" lon="5.684010000">
        <ele>399.000</ele>
      </trkpt>
      <trkpt lat="45.609610000" lon="5.684140000">
        <ele>401.000</ele>
      </trkpt>
      <trkpt lat="45.609630000" lon="5.684280000">
        <ele>403.000</ele>
      </trkpt>
      <trkpt lat="45.609650000" lon="5.684390000">
        <ele>405.000</ele>
      </trkpt>
      <trkpt lat="45.609680000" lon="5.684490000">
        <ele>406.000</ele>
      </trkpt>
      <trkpt lat="45.609730000" lon="5.684590000">
        <ele>407.000</ele>
      </trkpt>
      <trkpt lat="45.609780000" lon="5.684690000">
        <ele>408.000</ele>
      </trkpt>
      <trkpt lat="45.609850000" lon="5.684780000">
        <ele>409.000</ele>
      </trkpt>
      <trkpt lat="45.609890000" lon="5.684830000">
        <ele>410.000</ele>
      </trkpt>
      <trkpt lat="45.610020000" lon="5.684970000">
        <ele>411.000</ele>
      </trkpt>
      <trkpt lat="45.610090000" lon="5.685050000">
        <ele>412.000</ele>
      </trkpt>
      <trkpt lat="45.610130000" lon="5.685120000">
        <ele>413.000</ele>
      </trkpt>
      <trkpt lat="45.610150000" lon="5.685190000">
        <ele>414.000</ele>
      </trkpt>
      <trkpt lat="45.610160000" lon="5.685270000">
        <ele>415.000</ele>
      </trkpt>
      <trkpt lat="45.610160000" lon="5.685350000">
        <ele>415.000</ele>
      </trkpt>
      <trkpt lat="45.610140000" lon="5.685460000">
        <ele>416.000</ele>
      </trkpt>
      <trkpt lat="45.610110000" lon="5.685570000">
        <ele>417.000</ele>
      </trkpt>
      <trkpt lat="45.610050000" lon="5.685760000">
        <ele>418.000</ele>
      </trkpt>
      <trkpt lat="45.609960000" lon="5.686070000">
        <ele>420.000</ele>
      </trkpt>
      <trkpt lat="45.609910000" lon="5.686220000">
        <ele>421.000</ele>
      </trkpt>
      <trkpt lat="45.609870000" lon="5.686400000">
        <ele>423.000</ele>
      </trkpt>
      <trkpt lat="45.609840000" lon="5.686590000">
        <ele>424.000</ele>
      </trkpt>
      <trkpt lat="45.609820000" lon="5.686810000">
        <ele>426.000</ele>
      </trkpt>
      <trkpt lat="45.609810000" lon="5.687050000">
        <ele>428.000</ele>
      </trkpt>
      <trkpt lat="45.609820000" lon="5.687250000">
        <ele>429.000</ele>
      </trkpt>
      <trkpt lat="45.609840000" lon="5.687400000">
        <ele>431.000</ele>
      </trkpt>
      <trkpt lat="45.609880000" lon="5.687610000">
        <ele>432.000</ele>
      </trkpt>
      <trkpt lat="45.609890000" lon="5.687720000">
        <ele>434.000</ele>
      </trkpt>
      <trkpt lat="45.609890000" lon="5.687880000">
        <ele>435.000</ele>
      </trkpt>
      <trkpt lat="45.609890000" lon="5.687970000">
        <ele>436.000</ele>
      </trkpt>
      <trkpt lat="45.609840000" lon="5.688360000">
        <ele>438.000</ele>
      </trkpt>
      <trkpt lat="45.609750000" lon="5.688910000">
        <ele>441.000</ele>
      </trkpt>
      <trkpt lat="45.609710000" lon="5.689170000">
        <ele>443.000</ele>
      </trkpt>
      <trkpt lat="45.609690000" lon="5.689280000">
        <ele>445.000</ele>
      </trkpt>
      <trkpt lat="45.609480000" lon="5.689890000">
        <ele>448.000</ele>
      </trkpt>
      <trkpt lat="45.609420000" lon="5.690230000">
        <ele>451.000</ele>
      </trkpt>
      <trkpt lat="45.609390000" lon="5.690640000">
        <ele>454.000</ele>
      </trkpt>
      <trkpt lat="45.609200000" lon="5.691700000">
        <ele>459.000</ele>
      </trkpt>
      <trkpt lat="45.609080000" lon="5.692280000">
        <ele>464.000</ele>
      </trkpt>
      <trkpt lat="45.608900000" lon="5.693060000">
        <ele>469.000</ele>
      </trkpt>
      <trkpt lat="45.608770000" lon="5.693410000">
        <ele>473.000</ele>
      </trkpt>
      <trkpt lat="45.608710000" lon="5.693700000">
        <ele>476.000</ele>
      </trkpt>
      <trkpt lat="45.608620000" lon="5.693920000">
        <ele>479.000</ele>
      </trkpt>
      <trkpt lat="45.608480000" lon="5.694100000">
        <ele>481.000</ele>
      </trkpt>
      <trkpt lat="45.608350000" lon="5.694520000">
        <ele>484.000</ele>
      </trkpt>
      <trkpt lat="45.608250000" lon="5.695040000">
        <ele>487.000</ele>
      </trkpt>
      <trkpt lat="45.608270000" lon="5.695350000">
        <ele>489.000</ele>
      </trkpt>
      <trkpt lat="45.608210000" lon="5.695910000">
        <ele>492.000</ele>
      </trkpt>
      <trkpt lat="45.608080000" lon="5.696530000">
        <ele>495.000</ele>
      </trkpt>
      <trkpt lat="45.608010000" lon="5.696970000">
        <ele>498.000</ele>
      </trkpt>
      <trkpt lat="45.607940000" lon="5.697360000">
        <ele>500.000</ele>
      </trkpt>
      <trkpt lat="45.607910000" lon="5.697720000">
        <ele>503.000</ele>
      </trkpt>
      <trkpt lat="45.607960000" lon="5.697990000">
        <ele>505.000</ele>
      </trkpt>
      <trkpt lat="45.607980000" lon="5.698060000">
        <ele>506.000</ele>
      </trkpt>
      <trkpt lat="45.608120000" lon="5.698310000">
        <ele>508.000</ele>
      </trkpt>
      <trkpt lat="45.608250000" lon="5.698610000">
        <ele>509.000</ele>
      </trkpt>
      <trkpt lat="45.608350000" lon="5.698950000">
        <ele>510.000</ele>
      </trkpt>
      <trkpt lat="45.608420000" lon="5.699340000">
        <ele>511.000</ele>
      </trkpt>
      <trkpt lat="45.608410000" lon="5.699700000">
        <ele>511.000</ele>
      </trkpt>
      <trkpt lat="45.608350000" lon="5.700110000">
        <ele>511.000</ele>
      </trkpt>
      <trkpt lat="45.608250000" lon="5.700800000">
        <ele>511.000</ele>
      </trkpt>
      <trkpt lat="45.608190000" lon="5.701290000">
        <ele>510.000</ele>
      </trkpt>
      <trkpt lat="45.608130000" lon="5.701820000">
        <ele>511.000</ele>
      </trkpt>
      <trkpt lat="45.608120000" lon="5.702210000">
        <ele>512.000</ele>
      </trkpt>
      <trkpt lat="45.608130000" lon="5.702310000">
        <ele>513.000</ele>
      </trkpt>
      <trkpt lat="45.608140000" lon="5.702560000">
        <ele>514.000</ele>
      </trkpt>
      <trkpt lat="45.608170000" lon="5.703000000">
        <ele>516.000</ele>
      </trkpt>
      <trkpt lat="45.608220000" lon="5.703140000">
        <ele>517.000</ele>
      </trkpt>
      <trkpt lat="45.608320000" lon="5.703280000">
        <ele>518.000</ele>
      </trkpt>
      <trkpt lat="45.608710000" lon="5.703570000">
        <ele>520.000</ele>
      </trkpt>
      <trkpt lat="45.608970000" lon="5.703780000">
        <ele>523.000</ele>
      </trkpt>
      <trkpt lat="45.609080000" lon="5.703820000">
        <ele>524.000</ele>
      </trkpt>
      <trkpt lat="45.609110000" lon="5.703810000">
        <ele>526.000</ele>
      </trkpt>
      <trkpt lat="45.609160000" lon="5.703790000">
        <ele>527.000</ele>
      </trkpt>
      <trkpt lat="45.609220000" lon="5.703720000">
        <ele>527.000</ele>
      </trkpt>
      <trkpt lat="45.609280000" lon="5.703550000">
        <ele>528.000</ele>
      </trkpt>
      <trkpt lat="45.609430000" lon="5.703190000">
        <ele>530.000</ele>
      </trkpt>
      <trkpt lat="45.609680000" lon="5.702550000">
        <ele>532.000</ele>
      </trkpt>
      <trkpt lat="45.609810000" lon="5.702230000">
        <ele>534.000</ele>
      </trkpt>
      <trkpt lat="45.609960000" lon="5.702050000">
        <ele>536.000</ele>
      </trkpt>
      <trkpt lat="45.610260000" lon="5.701790000">
        <ele>539.000</ele>
      </trkpt>
      <trkpt lat="45.610550000" lon="5.701570000">
        <ele>541.000</ele>
      </trkpt>
      <trkpt lat="45.610760000" lon="5.701370000">
        <ele>544.000</ele>
      </trkpt>
      <trkpt lat="45.610890000" lon="5.701170000">
        <ele>546.000</ele>
      </trkpt>
      <trkpt lat="45.610990000" lon="5.700940000">
        <ele>548.000</ele>
      </trkpt>
      <trkpt lat="45.611260000" lon="5.700410000">
        <ele>550.000</ele>
      </trkpt>
      <trkpt lat="45.611450000" lon="5.700000000">
        <ele>553.000</ele>
      </trkpt>
      <trkpt lat="45.611560000" lon="5.699610000">
        <ele>556.000</ele>
      </trkpt>
      <trkpt lat="45.611620000" lon="5.699130000">
        <ele>558.000</ele>
      </trkpt>
      <trkpt lat="45.611650000" lon="5.698790000">
        <ele>561.000</ele>
      </trkpt>
      <trkpt lat="45.611660000" lon="5.698520000">
        <ele>563.000</ele>
      </trkpt>
      <trkpt lat="45.611670000" lon="5.698290000">
        <ele>565.000</ele>
      </trkpt>
      <trkpt lat="45.611720000" lon="5.698170000">
        <ele>567.000</ele>
      </trkpt>
      <trkpt lat="45.611790000" lon="5.698140000">
        <ele>568.000</ele>
      </trkpt>
      <trkpt lat="45.611840000" lon="5.698150000">
        <ele>569.000</ele>
      </trkpt>
      <trkpt lat="45.611890000" lon="5.698240000">
        <ele>570.000</ele>
      </trkpt>
      <trkpt lat="45.611930000" lon="5.698510000">
        <ele>571.000</ele>
      </trkpt>
      <trkpt lat="45.611940000" lon="5.698580000">
        <ele>572.000</ele>
      </trkpt>
      <trkpt lat="45.611940000" lon="5.698580000">
        <ele>573.000</ele>
      </trkpt>
      <trkpt lat="45.612000000" lon="5.698820000">
        <ele>574.000</ele>
      </trkpt>
      <trkpt lat="45.612150000" lon="5.699270000">
        <ele>575.000</ele>
      </trkpt>
      <trkpt lat="45.612310000" lon="5.699660000">
        <ele>577.000</ele>
      </trkpt>
      <trkpt lat="45.612480000" lon="5.700110000">
        <ele>579.000</ele>
      </trkpt>
      <trkpt lat="45.612570000" lon="5.700230000">
        <ele>581.000</ele>
      </trkpt>
      <trkpt lat="45.612630000" lon="5.700240000">
        <ele>582.000</ele>
      </trkpt>
      <trkpt lat="45.612670000" lon="5.700150000">
        <ele>583.000</ele>
      </trkpt>
      <trkpt lat="45.612680000" lon="5.700040000">
        <ele>584.000</ele>
      </trkpt>
      <trkpt lat="45.612660000" lon="5.699720000">
        <ele>586.000</ele>
      </trkpt>
      <trkpt lat="45.612600000" lon="5.699280000">
        <ele>587.000</ele>
      </trkpt>
      <trkpt lat="45.612570000" lon="5.698930000">
        <ele>589.000</ele>
      </trkpt>
      <trkpt lat="45.612580000" lon="5.698710000">
        <ele>591.000</ele>
      </trkpt>
      <trkpt lat="45.612630000" lon="5.698550000">
        <ele>592.000</ele>
      </trkpt>
      <trkpt lat="45.612780000" lon="5.698350000">
        <ele>594.000</ele>
      </trkpt>
      <trkpt lat="45.612930000" lon="5.698210000">
        <ele>596.000</ele>
      </trkpt>
      <trkpt lat="45.613140000" lon="5.698120000">
        <ele>597.000</ele>
      </trkpt>
      <trkpt lat="45.613270000" lon="5.697990000">
        <ele>599.000</ele>
      </trkpt>
      <trkpt lat="45.613450000" lon="5.697970000">
        <ele>601.000</ele>
      </trkpt>
      <trkpt lat="45.613620000" lon="5.697980000">
        <ele>602.000</ele>
      </trkpt>
      <trkpt lat="45.613780000" lon="5.698160000">
        <ele>604.000</ele>
      </trkpt>
      <trkpt lat="45.613940000" lon="5.698430000">
        <ele>606.000</ele>
      </trkpt>
      <trkpt lat="45.613970000" lon="5.698710000">
        <ele>607.000</ele>
      </trkpt>
      <trkpt lat="45.613880000" lon="5.698950000">
        <ele>608.000</ele>
      </trkpt>
      <trkpt lat="45.613810000" lon="5.699280000">
        <ele>610.000</ele>
      </trkpt>
      <trkpt lat="45.613790000" lon="5.699810000">
        <ele>611.000</ele>
      </trkpt>
      <trkpt lat="45.613790000" lon="5.699990000">
        <ele>613.000</ele>
      </trkpt>
      <trkpt lat="45.613850000" lon="5.700150000">
        <ele>614.000</ele>
      </trkpt>
      <trkpt lat="45.613960000" lon="5.700420000">
        <ele>615.000</ele>
      </trkpt>
      <trkpt lat="45.614010000" lon="5.700520000">
        <ele>616.000</ele>
      </trkpt>
      <trkpt lat="45.614110000" lon="5.700710000">
        <ele>617.000</ele>
      </trkpt>
      <trkpt lat="45.614230000" lon="5.700870000">
        <ele>619.000</ele>
      </trkpt>
      <trkpt lat="45.614460000" lon="5.700860000">
        <ele>620.000</ele>
      </trkpt>
      <trkpt lat="45.614980000" lon="5.700800000">
        <ele>624.000</ele>
      </trkpt>
      <trkpt lat="45.615090000" lon="5.700800000">
        <ele>627.000</ele>
      </trkpt>
      <trkpt lat="45.615120000" lon="5.700790000">
        <ele>629.000</ele>
      </trkpt>
      <trkpt lat="45.615170000" lon="5.700790000">
        <ele>630.000</ele>
      </trkpt>
      <trkpt lat="45.615250000" lon="5.700780000">
        <ele>631.000</ele>
      </trkpt>
      <trkpt lat="45.615360000" lon="5.700810000">
        <ele>633.000</ele>
      </trkpt>
      <trkpt lat="45.615620000" lon="5.700900000">
        <ele>635.000</ele>
      </trkpt>
      <trkpt lat="45.615930000" lon="5.700990000">
        <ele>637.000</ele>
      </trkpt>
      <trkpt lat="45.616040000" lon="5.701010000">
        <ele>639.000</ele>
      </trkpt>
      <trkpt lat="45.616170000" lon="5.700970000">
        <ele>641.000</ele>
      </trkpt>
      <trkpt lat="45.616380000" lon="5.700890000">
        <ele>642.000</ele>
      </trkpt>
      <trkpt lat="45.616570000" lon="5.700760000">
        <ele>643.000</ele>
      </trkpt>
      <trkpt lat="45.617500000" lon="5.700120000">
        <ele>646.000</ele>
      </trkpt>
      <trkpt lat="45.618250000" lon="5.699510000">
        <ele>649.000</ele>
      </trkpt>
      <trkpt lat="45.618570000" lon="5.699290000">
        <ele>652.000</ele>
      </trkpt>
      <trkpt lat="45.618910000" lon="5.699110000">
        <ele>655.000</ele>
      </trkpt>
      <trkpt lat="45.620190000" lon="5.698390000">
        <ele>661.000</ele>
      </trkpt>
      <trkpt lat="45.620460000" lon="5.698220000">
        <ele>665.000</ele>
      </trkpt>
      <trkpt lat="45.620570000" lon="5.698070000">
        <ele>669.000</ele>
      </trkpt>
      <trkpt lat="45.620780000" lon="5.697630000">
        <ele>672.000</ele>
      </trkpt>
      <trkpt lat="45.621040000" lon="5.697020000">
        <ele>675.000</ele>
      </trkpt>
      <trkpt lat="45.621140000" lon="5.696840000">
        <ele>678.000</ele>
      </trkpt>
      <trkpt lat="45.621260000" lon="5.696750000">
        <ele>680.000</ele>
      </trkpt>
      <trkpt lat="45.621420000" lon="5.696740000">
        <ele>681.000</ele>
      </trkpt>
      <trkpt lat="45.622360000" lon="5.696710000">
        <ele>685.000</ele>
      </trkpt>
      <trkpt lat="45.622700000" lon="5.696600000">
        <ele>687.000</ele>
      </trkpt>
      <trkpt lat="45.622760000" lon="5.696550000">
        <ele>688.000</ele>
      </trkpt>
      <trkpt lat="45.622840000" lon="5.696430000">
        <ele>689.000</ele>
      </trkpt>
      <trkpt lat="45.622950000" lon="5.696190000">
        <ele>689.000</ele>
      </trkpt>
      <trkpt lat="45.623020000" lon="5.696100000">
        <ele>689.000</ele>
      </trkpt>
      <trkpt lat="45.623080000" lon="5.696060000">
        <ele>690.000</ele>
      </trkpt>
      <trkpt lat="45.623170000" lon="5.696030000">
        <ele>690.000</ele>
      </trkpt>
      <trkpt lat="45.623300000" lon="5.696040000">
        <ele>689.000</ele>
      </trkpt>
      <trkpt lat="45.623690000" lon="5.696150000">
        <ele>689.000</ele>
      </trkpt>
      <trkpt lat="45.624140000" lon="5.696430000">
        <ele>689.000</ele>
      </trkpt>
      <trkpt lat="45.624510000" lon="5.696740000">
        <ele>689.000</ele>
      </trkpt>
      <trkpt lat="45.624670000" lon="5.696780000">
        <ele>689.000</ele>
      </trkpt>
      <trkpt lat="45.625060000" lon="5.696700000">
        <ele>689.000</ele>
      </trkpt>
      <trkpt lat="45.625560000" lon="5.696560000">
        <ele>690.000</ele>
      </trkpt>
      <trkpt lat="45.625820000" lon="5.696480000">
        <ele>691.000</ele>
      </trkpt>
      <trkpt lat="45.626060000" lon="5.696420000">
        <ele>691.000</ele>
      </trkpt>
      <trkpt lat="45.626060000" lon="5.696420000">
        <ele>692.000</ele>
      </trkpt>
      <trkpt lat="45.626960000" lon="5.696200000">
        <ele>694.000</ele>
      </trkpt>
      <trkpt lat="45.627340000" lon="5.696110000">
        <ele>695.000</ele>
      </trkpt>
      <trkpt lat="45.627640000" lon="5.695990000">
        <ele>697.000</ele>
      </trkpt>
      <trkpt lat="45.627780000" lon="5.696050000">
        <ele>699.000</ele>
      </trkpt>
      <trkpt lat="45.627930000" lon="5.696130000">
        <ele>700.000</ele>
      </trkpt>
      <trkpt lat="45.627970000" lon="5.696200000">
        <ele>701.000</ele>
      </trkpt>
      <trkpt lat="45.628170000" lon="5.696550000">
        <ele>702.000</ele>
      </trkpt>
      <trkpt lat="45.628430000" lon="5.697070000">
        <ele>704.000</ele>
      </trkpt>
      <trkpt lat="45.628510000" lon="5.697350000">
        <ele>706.000</ele>
      </trkpt>
      <trkpt lat="45.628450000" lon="5.697590000">
        <ele>708.000</ele>
      </trkpt>
      <trkpt lat="45.628320000" lon="5.697940000">
        <ele>709.000</ele>
      </trkpt>
      <trkpt lat="45.628240000" lon="5.698130000">
        <ele>711.000</ele>
      </trkpt>
      <trkpt lat="45.628150000" lon="5.698290000">
        <ele>712.000</ele>
      </trkpt>
      <trkpt lat="45.627960000" lon="5.698430000">
        <ele>714.000</ele>
      </trkpt>
      <trkpt lat="45.627860000" lon="5.698490000">
        <ele>715.000</ele>
      </trkpt>
      <trkpt lat="45.627810000" lon="5.698570000">
        <ele>716.000</ele>
      </trkpt>
      <trkpt lat="45.627810000" lon="5.698720000">
        <ele>716.000</ele>
      </trkpt>
      <trkpt lat="45.627890000" lon="5.698960000">
        <ele>717.000</ele>
      </trkpt>
      <trkpt lat="45.628090000" lon="5.699320000">
        <ele>718.000</ele>
      </trkpt>
      <trkpt lat="45.628360000" lon="5.700010000">
        <ele>720.000</ele>
      </trkpt>
      <trkpt lat="45.628800000" lon="5.701140000">
        <ele>723.000</ele>
      </trkpt>
      <trkpt lat="45.629170000" lon="5.701760000">
        <ele>726.000</ele>
      </trkpt>
      <trkpt lat="45.629560000" lon="5.701960000">
        <ele>730.000</ele>
      </trkpt>
      <trkpt lat="45.630000000" lon="5.702210000">
        <ele>734.000</ele>
      </trkpt>
      <trkpt lat="45.630370000" lon="5.702470000">
        <ele>737.000</ele>
      </trkpt>
      <trkpt lat="45.630500000" lon="5.702550000">
        <ele>740.000</ele>
      </trkpt>
      <trkpt lat="45.630590000" lon="5.702600000">
        <ele>742.000</ele>
      </trkpt>
      <trkpt lat="45.630660000" lon="5.702630000">
        <ele>744.000</ele>
      </trkpt>
      <trkpt lat="45.630870000" lon="5.702680000">
        <ele>746.000</ele>
      </trkpt>
      <trkpt lat="45.631010000" lon="5.702720000">
        <ele>748.000</ele>
      </trkpt>
      <trkpt lat="45.631090000" lon="5.702750000">
        <ele>749.000</ele>
      </trkpt>
      <trkpt lat="45.631150000" lon="5.702800000">
        <ele>750.000</ele>
      </trkpt>
      <trkpt lat="45.631210000" lon="5.702850000">
        <ele>751.000</ele>
      </trkpt>
      <trkpt lat="45.631290000" lon="5.702950000">
        <ele>752.000</ele>
      </trkpt>
      <trkpt lat="45.631390000" lon="5.703120000">
        <ele>753.000</ele>
      </trkpt>
      <trkpt lat="45.631530000" lon="5.703340000">
        <ele>755.000</ele>
      </trkpt>
      <trkpt lat="45.631620000" lon="5.703430000">
        <ele>756.000</ele>
      </trkpt>
      <trkpt lat="45.631700000" lon="5.703460000">
        <ele>757.000</ele>
      </trkpt>
      <trkpt lat="45.631790000" lon="5.703480000">
        <ele>758.000</ele>
      </trkpt>
      <trkpt lat="45.632080000" lon="5.703430000">
        <ele>760.000</ele>
      </trkpt>
      <trkpt lat="45.632190000" lon="5.703430000">
        <ele>762.000</ele>
      </trkpt>
      <trkpt lat="45.632370000" lon="5.703460000">
        <ele>763.000</ele>
      </trkpt>
      <trkpt lat="45.632510000" lon="5.703480000">
        <ele>764.000</ele>
      </trkpt>
      <trkpt lat="45.632680000" lon="5.703480000">
        <ele>766.000</ele>
      </trkpt>
      <trkpt lat="45.633010000" lon="5.703470000">
        <ele>767.000</ele>
      </trkpt>
      <trkpt lat="45.633160000" lon="5.703450000">
        <ele>769.000</ele>
      </trkpt>
      <trkpt lat="45.633320000" lon="5.703390000">
        <ele>770.000</ele>
      </trkpt>
      <trkpt lat="45.633470000" lon="5.703320000">
        <ele>772.000</ele>
      </trkpt>
      <trkpt lat="45.633590000" lon="5.703240000">
        <ele>773.000</ele>
      </trkpt>
      <trkpt lat="45.633640000" lon="5.703190000">
        <ele>774.000</ele>
      </trkpt>
      <trkpt lat="45.633690000" lon="5.703140000">
        <ele>775.000</ele>
      </trkpt>
      <trkpt lat="45.633780000" lon="5.702950000">
        <ele>776.000</ele>
      </trkpt>
      <trkpt lat="45.633850000" lon="5.702850000">
        <ele>776.000</ele>
      </trkpt>
      <trkpt lat="45.633920000" lon="5.702780000">
        <ele>777.000</ele>
      </trkpt>
      <trkpt lat="45.633990000" lon="5.702740000">
        <ele>778.000</ele>
      </trkpt>
      <trkpt lat="45.634080000" lon="5.702710000">
        <ele>779.000</ele>
      </trkpt>
      <trkpt lat="45.634270000" lon="5.702670000">
        <ele>780.000</ele>
      </trkpt>
      <trkpt lat="45.634430000" lon="5.702600000">
        <ele>781.000</ele>
      </trkpt>
      <trkpt lat="45.634540000" lon="5.702590000">
        <ele>781.000</ele>
      </trkpt>
      <trkpt lat="45.634640000" lon="5.702600000">
        <ele>782.000</ele>
      </trkpt>
      <trkpt lat="45.634750000" lon="5.702640000">
        <ele>783.000</ele>
      </trkpt>
      <trkpt lat="45.634830000" lon="5.702700000">
        <ele>784.000</ele>
      </trkpt>
      <trkpt lat="45.634950000" lon="5.702850000">
        <ele>785.000</ele>
      </trkpt>
      <trkpt lat="45.635000000" lon="5.702970000">
        <ele>786.000</ele>
      </trkpt>
      <trkpt lat="45.635100000" lon="5.703160000">
        <ele>787.000</ele>
      </trkpt>
      <trkpt lat="45.635310000" lon="5.703480000">
        <ele>788.000</ele>
      </trkpt>
      <trkpt lat="45.635470000" lon="5.703730000">
        <ele>790.000</ele>
      </trkpt>
      <trkpt lat="45.635580000" lon="5.703920000">
        <ele>792.000</ele>
      </trkpt>
      <trkpt lat="45.635640000" lon="5.704070000">
        <ele>793.000</ele>
      </trkpt>
      <trkpt lat="45.635650000" lon="5.704210000">
        <ele>795.000</ele>
      </trkpt>
      <trkpt lat="45.635640000" lon="5.704350000">
        <ele>797.000</ele>
      </trkpt>
      <trkpt lat="45.635580000" lon="5.704470000">
        <ele>798.000</ele>
      </trkpt>
      <trkpt lat="45.635490000" lon="5.704560000">
        <ele>799.000</ele>
      </trkpt>
      <trkpt lat="45.635380000" lon="5.704670000">
        <ele>801.000</ele>
      </trkpt>
      <trkpt lat="45.635260000" lon="5.704810000">
        <ele>803.000</ele>
      </trkpt>
      <trkpt lat="45.635090000" lon="5.705020000">
        <ele>805.000</ele>
      </trkpt>
      <trkpt lat="45.634890000" lon="5.705240000">
        <ele>807.000</ele>
      </trkpt>
      <trkpt lat="45.634720000" lon="5.705450000">
        <ele>809.000</ele>
      </trkpt>
      <trkpt lat="45.634620000" lon="5.705610000">
        <ele>811.000</ele>
      </trkpt>
      <trkpt lat="45.634550000" lon="5.705800000">
        <ele>813.000</ele>
      </trkpt>
      <trkpt lat="45.634530000" lon="5.706010000">
        <ele>814.000</ele>
      </trkpt>
      <trkpt lat="45.634490000" lon="5.706110000">
        <ele>814.000</ele>
      </trkpt>
      <trkpt lat="45.634400000" lon="5.706170000">
        <ele>815.000</ele>
      </trkpt>
      <trkpt lat="45.634260000" lon="5.706170000">
        <ele>815.000</ele>
      </trkpt>
      <trkpt lat="45.634120000" lon="5.706150000">
        <ele>816.000</ele>
      </trkpt>
      <trkpt lat="45.633990000" lon="5.706120000">
        <ele>816.000</ele>
      </trkpt>
      <trkpt lat="45.633880000" lon="5.706130000">
        <ele>817.000</ele>
      </trkpt>
      <trkpt lat="45.633720000" lon="5.706200000">
        <ele>817.000</ele>
      </trkpt>
      <trkpt lat="45.633540000" lon="5.706340000">
        <ele>818.000</ele>
      </trkpt>
      <trkpt lat="45.633420000" lon="5.706500000">
        <ele>818.000</ele>
      </trkpt>
      <trkpt lat="45.633310000" lon="5.706780000">
        <ele>819.000</ele>
      </trkpt>
      <trkpt lat="45.633090000" lon="5.707330000">
        <ele>819.000</ele>
      </trkpt>
      <trkpt lat="45.632940000" lon="5.707710000">
        <ele>820.000</ele>
      </trkpt>
      <trkpt lat="45.632820000" lon="5.708000000">
        <ele>822.000</ele>
      </trkpt>
      <trkpt lat="45.632800000" lon="5.708120000">
        <ele>822.000</ele>
      </trkpt>
      <trkpt lat="45.632840000" lon="5.708270000">
        <ele>823.000</ele>
      </trkpt>
      <trkpt lat="45.632940000" lon="5.708380000">
        <ele>824.000</ele>
      </trkpt>
      <trkpt lat="45.633060000" lon="5.708440000">
        <ele>824.000</ele>
      </trkpt>
      <trkpt lat="45.633300000" lon="5.708580000">
        <ele>825.000</ele>
      </trkpt>
      <trkpt lat="45.633490000" lon="5.708820000">
        <ele>826.000</ele>
      </trkpt>
      <trkpt lat="45.633620000" lon="5.709090000">
        <ele>826.000</ele>
      </trkpt>
      <trkpt lat="45.633770000" lon="5.709410000">
        <ele>826.000</ele>
      </trkpt>
      <trkpt lat="45.633770000" lon="5.709440000">
        <ele>826.000</ele>
      </trkpt>
      <trkpt lat="45.633750000" lon="5.709590000">
        <ele>826.000</ele>
      </trkpt>
      <trkpt lat="45.633620000" lon="5.709840000">
        <ele>826.000</ele>
      </trkpt>
      <trkpt lat="45.633580000" lon="5.709940000">
        <ele>826.000</ele>
      </trkpt>
      <trkpt lat="45.633530000" lon="5.709980000">
        <ele>825.000</ele>
      </trkpt>
      <trkpt lat="45.633360000" lon="5.710090000">
        <ele>825.000</ele>
      </trkpt>
      <trkpt lat="45.633270000" lon="5.710180000">
        <ele>825.000</ele>
      </trkpt>
      <trkpt lat="45.633260000" lon="5.710230000">
        <ele>824.000</ele>
      </trkpt>
      <trkpt lat="45.633250000" lon="5.710300000">
        <ele>824.000</ele>
      </trkpt>
      <trkpt lat="45.633290000" lon="5.710380000">
        <ele>824.000</ele>
      </trkpt>
      <trkpt lat="45.633350000" lon="5.710420000">
        <ele>824.000</ele>
      </trkpt>
      <trkpt lat="45.633590000" lon="5.710340000">
        <ele>823.000</ele>
      </trkpt>
      <trkpt lat="45.633690000" lon="5.710370000">
        <ele>823.000</ele>
      </trkpt>
      <trkpt lat="45.633870000" lon="5.710490000">
        <ele>823.000</ele>
      </trkpt>
      <trkpt lat="45.634050000" lon="5.710630000">
        <ele>822.000</ele>
      </trkpt>
      <trkpt lat="45.634480000" lon="5.710950000">
        <ele>821.000</ele>
      </trkpt>
      <trkpt lat="45.635000000" lon="5.711420000">
        <ele>819.000</ele>
      </trkpt>
      <trkpt lat="45.635180000" lon="5.711430000">
        <ele>817.000</ele>
      </trkpt>
      <trkpt lat="45.635340000" lon="5.711380000">
        <ele>816.000</ele>
      </trkpt>
      <trkpt lat="45.635480000" lon="5.711450000">
        <ele>815.000</ele>
      </trkpt>
      <trkpt lat="45.635610000" lon="5.711470000">
        <ele>814.000</ele>
      </trkpt>
      <trkpt lat="45.635740000" lon="5.711430000">
        <ele>814.000</ele>
      </trkpt>
      <trkpt lat="45.635870000" lon="5.711530000">
        <ele>813.000</ele>
      </trkpt>
      <trkpt lat="45.636010000" lon="5.711780000">
        <ele>813.000</ele>
      </trkpt>
      <trkpt lat="45.636170000" lon="5.712100000">
        <ele>812.000</ele>
      </trkpt>
      <trkpt lat="45.636390000" lon="5.712390000">
        <ele>811.000</ele>
      </trkpt>
      <trkpt lat="45.636620000" lon="5.712580000">
        <ele>811.000</ele>
      </trkpt>
      <trkpt lat="45.636660000" lon="5.712610000">
        <ele>810.000</ele>
      </trkpt>
      <trkpt lat="45.636850000" lon="5.712640000">
        <ele>810.000</ele>
      </trkpt>
      <trkpt lat="45.637270000" lon="5.712930000">
        <ele>809.000</ele>
      </trkpt>
      <trkpt lat="45.637690000" lon="5.713160000">
        <ele>808.000</ele>
      </trkpt>
      <trkpt lat="45.637710000" lon="5.713160000">
        <ele>807.000</ele>
      </trkpt>
      <trkpt lat="45.637710000" lon="5.713160000">
        <ele>807.000</ele>
      </trkpt>
      <trkpt lat="45.637820000" lon="5.713160000">
        <ele>806.000</ele>
      </trkpt>
      <trkpt lat="45.637940000" lon="5.713100000">
        <ele>806.000</ele>
      </trkpt>
      <trkpt lat="45.638340000" lon="5.712710000">
        <ele>805.000</ele>
      </trkpt>
      <trkpt lat="45.638630000" lon="5.712430000">
        <ele>804.000</ele>
      </trkpt>
      <trkpt lat="45.638760000" lon="5.712440000">
        <ele>803.000</ele>
      </trkpt>
      <trkpt lat="45.638860000" lon="5.712510000">
        <ele>803.000</ele>
      </trkpt>
      <trkpt lat="45.639090000" lon="5.712640000">
        <ele>801.000</ele>
      </trkpt>
      <trkpt lat="45.639320000" lon="5.712670000">
        <ele>800.000</ele>
      </trkpt>
      <trkpt lat="45.639570000" lon="5.712640000">
        <ele>799.000</ele>
      </trkpt>
      <trkpt lat="45.639620000" lon="5.712640000">
        <ele>798.000</ele>
      </trkpt>
      <trkpt lat="45.639650000" lon="5.712670000">
        <ele>797.000</ele>
      </trkpt>
      <trkpt lat="45.639780000" lon="5.713010000">
        <ele>796.000</ele>
      </trkpt>
      <trkpt lat="45.639930000" lon="5.713410000">
        <ele>795.000</ele>
      </trkpt>
      <trkpt lat="45.639970000" lon="5.713650000">
        <ele>793.000</ele>
      </trkpt>
      <trkpt lat="45.639990000" lon="5.713800000">
        <ele>792.000</ele>
      </trkpt>
      <trkpt lat="45.639960000" lon="5.713920000">
        <ele>791.000</ele>
      </trkpt>
      <trkpt lat="45.639900000" lon="5.713990000">
        <ele>790.000</ele>
      </trkpt>
      <trkpt lat="45.639820000" lon="5.714050000">
        <ele>789.000</ele>
      </trkpt>
      <trkpt lat="45.639680000" lon="5.714150000">
        <ele>788.000</ele>
      </trkpt>
      <trkpt lat="45.639570000" lon="5.714250000">
        <ele>787.000</ele>
      </trkpt>
      <trkpt lat="45.639520000" lon="5.714380000">
        <ele>786.000</ele>
      </trkpt>
      <trkpt lat="45.639520000" lon="5.714650000">
        <ele>785.000</ele>
      </trkpt>
      <trkpt lat="45.639520000" lon="5.714830000">
        <ele>784.000</ele>
      </trkpt>
      <trkpt lat="45.639500000" lon="5.714920000">
        <ele>783.000</ele>
      </trkpt>
      <trkpt lat="45.639440000" lon="5.714990000">
        <ele>783.000</ele>
      </trkpt>
      <trkpt lat="45.639240000" lon="5.715050000">
        <ele>781.000</ele>
      </trkpt>
      <trkpt lat="45.639040000" lon="5.715120000">
        <ele>780.000</ele>
      </trkpt>
      <trkpt lat="45.638770000" lon="5.715190000">
        <ele>779.000</ele>
      </trkpt>
      <trkpt lat="45.638580000" lon="5.715280000">
        <ele>777.000</ele>
      </trkpt>
      <trkpt lat="45.638490000" lon="5.715440000">
        <ele>776.000</ele>
      </trkpt>
      <trkpt lat="45.638410000" lon="5.715610000">
        <ele>774.000</ele>
      </trkpt>
      <trkpt lat="45.638280000" lon="5.715930000">
        <ele>772.000</ele>
      </trkpt>
      <trkpt lat="45.638230000" lon="5.716080000">
        <ele>771.000</ele>
      </trkpt>
      <trkpt lat="45.638240000" lon="5.716330000">
        <ele>769.000</ele>
      </trkpt>
      <trkpt lat="45.638290000" lon="5.716600000">
        <ele>768.000</ele>
      </trkpt>
      <trkpt lat="45.638330000" lon="5.716710000">
        <ele>766.000</ele>
      </trkpt>
      <trkpt lat="45.638390000" lon="5.716790000">
        <ele>765.000</ele>
      </trkpt>
      <trkpt lat="45.638450000" lon="5.716800000">
        <ele>764.000</ele>
      </trkpt>
      <trkpt lat="45.638520000" lon="5.716790000">
        <ele>764.000</ele>
      </trkpt>
      <trkpt lat="45.638710000" lon="5.716700000">
        <ele>762.000</ele>
      </trkpt>
      <trkpt lat="45.638790000" lon="5.716690000">
        <ele>761.000</ele>
      </trkpt>
      <trkpt lat="45.638870000" lon="5.716720000">
        <ele>761.000</ele>
      </trkpt>
      <trkpt lat="45.639010000" lon="5.716770000">
        <ele>759.000</ele>
      </trkpt>
      <trkpt lat="45.639310000" lon="5.717000000">
        <ele>757.000</ele>
      </trkpt>
      <trkpt lat="45.639710000" lon="5.717360000">
        <ele>754.000</ele>
      </trkpt>
      <trkpt lat="45.640140000" lon="5.717770000">
        <ele>750.000</ele>
      </trkpt>
      <trkpt lat="45.640220000" lon="5.717890000">
        <ele>747.000</ele>
      </trkpt>
      <trkpt lat="45.640250000" lon="5.717990000">
        <ele>744.000</ele>
      </trkpt>
      <trkpt lat="45.640310000" lon="5.718370000">
        <ele>742.000</ele>
      </trkpt>
      <trkpt lat="45.640290000" lon="5.718560000">
        <ele>740.000</ele>
      </trkpt>
      <trkpt lat="45.640230000" lon="5.718710000">
        <ele>738.000</ele>
      </trkpt>
      <trkpt lat="45.640120000" lon="5.718880000">
        <ele>736.000</ele>
      </trkpt>
      <trkpt lat="45.640090000" lon="5.719030000">
        <ele>735.000</ele>
      </trkpt>
      <trkpt lat="45.640110000" lon="5.719220000">
        <ele>734.000</ele>
      </trkpt>
      <trkpt lat="45.640180000" lon="5.719370000">
        <ele>732.000</ele>
      </trkpt>
      <trkpt lat="45.640250000" lon="5.719440000">
        <ele>731.000</ele>
      </trkpt>
      <trkpt lat="45.640320000" lon="5.719500000">
        <ele>731.000</ele>
      </trkpt>
      <trkpt lat="45.640440000" lon="5.719560000">
        <ele>730.000</ele>
      </trkpt>
      <trkpt lat="45.640610000" lon="5.719590000">
        <ele>729.000</ele>
      </trkpt>
      <trkpt lat="45.640780000" lon="5.719630000">
        <ele>727.000</ele>
      </trkpt>
      <trkpt lat="45.641060000" lon="5.719780000">
        <ele>726.000</ele>
      </trkpt>
      <trkpt lat="45.641680000" lon="5.719850000">
        <ele>723.000</ele>
      </trkpt>
      <trkpt lat="45.642040000" lon="5.719970000">
        <ele>720.000</ele>
      </trkpt>
      <trkpt lat="45.642300000" lon="5.720100000">
        <ele>717.000</ele>
      </trkpt>
      <trkpt lat="45.642350000" lon="5.720160000">
        <ele>714.000</ele>
      </trkpt>
      <trkpt lat="45.642370000" lon="5.720260000">
        <ele>713.000</ele>
      </trkpt>
      <trkpt lat="45.642380000" lon="5.720380000">
        <ele>711.000</ele>
      </trkpt>
      <trkpt lat="45.642350000" lon="5.720510000">
        <ele>710.000</ele>
      </trkpt>
      <trkpt lat="45.642320000" lon="5.720630000">
        <ele>709.000</ele>
      </trkpt>
      <trkpt lat="45.642310000" lon="5.720760000">
        <ele>707.000</ele>
      </trkpt>
      <trkpt lat="45.642340000" lon="5.720890000">
        <ele>706.000</ele>
      </trkpt>
      <trkpt lat="45.642390000" lon="5.721010000">
        <ele>705.000</ele>
      </trkpt>
      <trkpt lat="45.642570000" lon="5.721180000">
        <ele>704.000</ele>
      </trkpt>
      <trkpt lat="45.642590000" lon="5.721290000">
        <ele>702.000</ele>
      </trkpt>
      <trkpt lat="45.642580000" lon="5.721390000">
        <ele>701.000</ele>
      </trkpt>
      <trkpt lat="45.642560000" lon="5.721500000">
        <ele>700.000</ele>
      </trkpt>
      <trkpt lat="45.642510000" lon="5.721570000">
        <ele>699.000</ele>
      </trkpt>
      <trkpt lat="45.642450000" lon="5.721610000">
        <ele>699.000</ele>
      </trkpt>
      <trkpt lat="45.642260000" lon="5.721660000">
        <ele>697.000</ele>
      </trkpt>
      <trkpt lat="45.642060000" lon="5.721700000">
        <ele>696.000</ele>
      </trkpt>
      <trkpt lat="45.641970000" lon="5.721730000">
        <ele>695.000</ele>
      </trkpt>
      <trkpt lat="45.641900000" lon="5.721760000">
        <ele>694.000</ele>
      </trkpt>
      <trkpt lat="45.641860000" lon="5.721810000">
        <ele>693.000</ele>
      </trkpt>
      <trkpt lat="45.641810000" lon="5.721930000">
        <ele>692.000</ele>
      </trkpt>
      <trkpt lat="45.641800000" lon="5.722050000">
        <ele>691.000</ele>
      </trkpt>
      <trkpt lat="45.641810000" lon="5.722170000">
        <ele>690.000</ele>
      </trkpt>
      <trkpt lat="45.641860000" lon="5.722290000">
        <ele>689.000</ele>
      </trkpt>
      <trkpt lat="45.642020000" lon="5.722450000">
        <ele>688.000</ele>
      </trkpt>
      <trkpt lat="45.642490000" lon="5.722870000">
        <ele>686.000</ele>
      </trkpt>
      <trkpt lat="45.643080000" lon="5.723400000">
        <ele>682.000</ele>
      </trkpt>
      <trkpt lat="45.643170000" lon="5.723490000">
        <ele>679.000</ele>
      </trkpt>
      <trkpt lat="45.643260000" lon="5.723640000">
        <ele>677.000</ele>
      </trkpt>
      <trkpt lat="45.643430000" lon="5.724150000">
        <ele>675.000</ele>
      </trkpt>
      <trkpt lat="45.643470000" lon="5.724260000">
        <ele>673.000</ele>
      </trkpt>
      <trkpt lat="45.643640000" lon="5.724360000">
        <ele>671.000</ele>
      </trkpt>
      <trkpt lat="45.643840000" lon="5.724450000">
        <ele>669.000</ele>
      </trkpt>
      <trkpt lat="45.644200000" lon="5.724620000">
        <ele>667.000</ele>
      </trkpt>
      <trkpt lat="45.644520000" lon="5.724760000">
        <ele>664.000</ele>
      </trkpt>
      <trkpt lat="45.644690000" lon="5.724830000">
        <ele>662.000</ele>
      </trkpt>
      <trkpt lat="45.644860000" lon="5.724880000">
        <ele>659.000</ele>
      </trkpt>
      <trkpt lat="45.645260000" lon="5.724930000">
        <ele>657.000</ele>
      </trkpt>
      <trkpt lat="45.645460000" lon="5.724930000">
        <ele>654.000</ele>
      </trkpt>
      <trkpt lat="45.645670000" lon="5.724890000">
        <ele>652.000</ele>
      </trkpt>
      <trkpt lat="45.645720000" lon="5.724930000">
        <ele>650.000</ele>
      </trkpt>
      <trkpt lat="45.645760000" lon="5.724990000">
        <ele>649.000</ele>
      </trkpt>
      <trkpt lat="45.646230000" lon="5.724840000">
        <ele>647.000</ele>
      </trkpt>
      <trkpt lat="45.646360000" lon="5.724840000">
        <ele>646.000</ele>
      </trkpt>
      <trkpt lat="45.646610000" lon="5.724960000">
        <ele>644.000</ele>
      </trkpt>
      <trkpt lat="45.646880000" lon="5.725030000">
        <ele>643.000</ele>
      </trkpt>
      <trkpt lat="45.647270000" lon="5.724990000">
        <ele>641.000</ele>
      </trkpt>
      <trkpt lat="45.647600000" lon="5.725010000">
        <ele>639.000</ele>
      </trkpt>
      <trkpt lat="45.647840000" lon="5.725060000">
        <ele>638.000</ele>
      </trkpt>
      <trkpt lat="45.648080000" lon="5.724950000">
        <ele>637.000</ele>
      </trkpt>
      <trkpt lat="45.648250000" lon="5.724900000">
        <ele>636.000</ele>
      </trkpt>
      <trkpt lat="45.648360000" lon="5.724920000">
        <ele>636.000</ele>
      </trkpt>
      <trkpt lat="45.648570000" lon="5.725090000">
        <ele>636.000</ele>
      </trkpt>
      <trkpt lat="45.648800000" lon="5.725280000">
        <ele>635.000</ele>
      </trkpt>
      <trkpt lat="45.648870000" lon="5.725410000">
        <ele>635.000</ele>
      </trkpt>
      <trkpt lat="45.648910000" lon="5.725690000">
        <ele>635.000</ele>
      </trkpt>
      <trkpt lat="45.649090000" lon="5.726850000">
        <ele>635.000</ele>
      </trkpt>
      <trkpt lat="45.649160000" lon="5.727150000">
        <ele>635.000</ele>
      </trkpt>
      <trkpt lat="45.649220000" lon="5.727300000">
        <ele>635.000</ele>
      </trkpt>
      <trkpt lat="45.649360000" lon="5.727420000">
        <ele>636.000</ele>
      </trkpt>
      <trkpt lat="45.649660000" lon="5.727500000">
        <ele>637.000</ele>
      </trkpt>
      <trkpt lat="45.650130000" lon="5.727560000">
        <ele>638.000</ele>
      </trkpt>
      <trkpt lat="45.650600000" lon="5.727490000">
        <ele>639.000</ele>
      </trkpt>
      <trkpt lat="45.651270000" lon="5.727360000">
        <ele>641.000</ele>
      </trkpt>
      <trkpt lat="45.651560000" lon="5.727290000">
        <ele>642.000</ele>
      </trkpt>
      <trkpt lat="45.652200000" lon="5.727060000">
        <ele>643.000</ele>
      </trkpt>
      <trkpt lat="45.652310000" lon="5.727020000">
        <ele>642.000</ele>
      </trkpt>
      <trkpt lat="45.652490000" lon="5.726990000">
        <ele>642.000</ele>
      </trkpt>
      <trkpt lat="45.652800000" lon="5.726980000">
        <ele>642.000</ele>
      </trkpt>
      <trkpt lat="45.653570000" lon="5.726920000">
        <ele>641.000</ele>
      </trkpt>
      <trkpt lat="45.654530000" lon="5.726870000">
        <ele>639.000</ele>
      </trkpt>
      <trkpt lat="45.654830000" lon="5.726910000">
        <ele>637.000</ele>
      </trkpt>
      <trkpt lat="45.655310000" lon="5.727110000">
        <ele>635.000</ele>
      </trkpt>
      <trkpt lat="45.655460000" lon="5.727240000">
        <ele>633.000</ele>
      </trkpt>
      <trkpt lat="45.655590000" lon="5.727460000">
        <ele>632.000</ele>
      </trkpt>
      <trkpt lat="45.655720000" lon="5.727760000">
        <ele>631.000</ele>
      </trkpt>
      <trkpt lat="45.655970000" lon="5.728100000">
        <ele>630.000</ele>
      </trkpt>
      <trkpt lat="45.656290000" lon="5.728570000">
        <ele>628.000</ele>
      </trkpt>
      <trkpt lat="45.656440000" lon="5.728930000">
        <ele>627.000</ele>
      </trkpt>
      <trkpt lat="45.656640000" lon="5.729470000">
        <ele>625.000</ele>
      </trkpt>
      <trkpt lat="45.657160000" lon="5.730180000">
        <ele>623.000</ele>
      </trkpt>
      <trkpt lat="45.657630000" lon="5.730720000">
        <ele>621.000</ele>
      </trkpt>
      <trkpt lat="45.657890000" lon="5.730960000">
        <ele>619.000</ele>
      </trkpt>
      <trkpt lat="45.658300000" lon="5.731210000">
        <ele>617.000</ele>
      </trkpt>
      <trkpt lat="45.658760000" lon="5.731420000">
        <ele>614.000</ele>
      </trkpt>
      <trkpt lat="45.658910000" lon="5.731540000">
        <ele>612.000</ele>
      </trkpt>
      <trkpt lat="45.659250000" lon="5.732020000">
        <ele>609.000</ele>
      </trkpt>
      <trkpt lat="45.659320000" lon="5.732200000">
        <ele>606.000</ele>
      </trkpt>
      <trkpt lat="45.659340000" lon="5.732360000">
        <ele>604.000</ele>
      </trkpt>
      <trkpt lat="45.659320000" lon="5.732740000">
        <ele>602.000</ele>
      </trkpt>
      <trkpt lat="45.659330000" lon="5.732880000">
        <ele>600.000</ele>
      </trkpt>
      <trkpt lat="45.659370000" lon="5.732940000">
        <ele>599.000</ele>
      </trkpt>
      <trkpt lat="45.659430000" lon="5.732990000">
        <ele>598.000</ele>
      </trkpt>
      <trkpt lat="45.659640000" lon="5.733040000">
        <ele>597.000</ele>
      </trkpt>
      <trkpt lat="45.659780000" lon="5.733130000">
        <ele>595.000</ele>
      </trkpt>
      <trkpt lat="45.659920000" lon="5.733380000">
        <ele>594.000</ele>
      </trkpt>
      <trkpt lat="45.660120000" lon="5.733620000">
        <ele>592.000</ele>
      </trkpt>
      <trkpt lat="45.660300000" lon="5.733770000">
        <ele>591.000</ele>
      </trkpt>
      <trkpt lat="45.660250000" lon="5.734070000">
        <ele>589.000</ele>
      </trkpt>
      <trkpt lat="45.660110000" lon="5.734280000">
        <ele>587.000</ele>
      </trkpt>
      <trkpt lat="45.659530000" lon="5.734570000">
        <ele>584.000</ele>
      </trkpt>
      <trkpt lat="45.659310000" lon="5.734820000">
        <ele>582.000</ele>
      </trkpt>
      <trkpt lat="45.659260000" lon="5.734870000">
        <ele>580.000</ele>
      </trkpt>
      <trkpt lat="45.658970000" lon="5.735240000">
        <ele>578.000</ele>
      </trkpt>
      <trkpt lat="45.658850000" lon="5.735500000">
        <ele>576.000</ele>
      </trkpt>
      <trkpt lat="45.658840000" lon="5.735850000">
        <ele>574.000</ele>
      </trkpt>
      <trkpt lat="45.658900000" lon="5.736240000">
        <ele>572.000</ele>
      </trkpt>
      <trkpt lat="45.659020000" lon="5.736350000">
        <ele>570.000</ele>
      </trkpt>
      <trkpt lat="45.659280000" lon="5.736580000">
        <ele>568.000</ele>
      </trkpt>
      <trkpt lat="45.659500000" lon="5.736690000">
        <ele>567.000</ele>
      </trkpt>
      <trkpt lat="45.659710000" lon="5.736690000">
        <ele>565.000</ele>
      </trkpt>
      <trkpt lat="45.661810000" lon="5.736520000">
        <ele>561.000</ele>
      </trkpt>
      <trkpt lat="45.662090000" lon="5.736570000">
        <ele>557.000</ele>
      </trkpt>
      <trkpt lat="45.662290000" lon="5.736670000">
        <ele>554.000</ele>
      </trkpt>
      <trkpt lat="45.662370000" lon="5.736770000">
        <ele>552.000</ele>
      </trkpt>
      <trkpt lat="45.662510000" lon="5.736930000">
        <ele>550.000</ele>
      </trkpt>
      <trkpt lat="45.662710000" lon="5.737070000">
        <ele>548.000</ele>
      </trkpt>
      <trkpt lat="45.662990000" lon="5.737240000">
        <ele>546.000</ele>
      </trkpt>
      <trkpt lat="45.663310000" lon="5.737410000">
        <ele>543.000</ele>
      </trkpt>
      <trkpt lat="45.663570000" lon="5.737470000">
        <ele>541.000</ele>
      </trkpt>
      <trkpt lat="45.663840000" lon="5.737430000">
        <ele>539.000</ele>
      </trkpt>
      <trkpt lat="45.664000000" lon="5.737320000">
        <ele>537.000</ele>
      </trkpt>
      <trkpt lat="45.664140000" lon="5.737150000">
        <ele>535.000</ele>
      </trkpt>
      <trkpt lat="45.664270000" lon="5.736810000">
        <ele>533.000</ele>
      </trkpt>
      <trkpt lat="45.664360000" lon="5.736490000">
        <ele>531.000</ele>
      </trkpt>
      <trkpt lat="45.664470000" lon="5.736340000">
        <ele>529.000</ele>
      </trkpt>
      <trkpt lat="45.664580000" lon="5.736280000">
        <ele>528.000</ele>
      </trkpt>
      <trkpt lat="45.664920000" lon="5.736340000">
        <ele>526.000</ele>
      </trkpt>
      <trkpt lat="45.665360000" lon="5.736470000">
        <ele>523.000</ele>
      </trkpt>
      <trkpt lat="45.665710000" lon="5.736460000">
        <ele>521.000</ele>
      </trkpt>
      <trkpt lat="45.666020000" lon="5.736430000">
        <ele>519.000</ele>
      </trkpt>
      <trkpt lat="45.666200000" lon="5.736400000">
        <ele>517.000</ele>
      </trkpt>
      <trkpt lat="45.666470000" lon="5.736310000">
        <ele>515.000</ele>
      </trkpt>
      <trkpt lat="45.666610000" lon="5.736230000">
        <ele>513.000</ele>
      </trkpt>
      <trkpt lat="45.666760000" lon="5.736140000">
        <ele>511.000</ele>
      </trkpt>
      <trkpt lat="45.666830000" lon="5.736080000">
        <ele>510.000</ele>
      </trkpt>
      <trkpt lat="45.666900000" lon="5.736000000">
        <ele>509.000</ele>
      </trkpt>
      <trkpt lat="45.666960000" lon="5.735880000">
        <ele>508.000</ele>
      </trkpt>
      <trkpt lat="45.667040000" lon="5.735720000">
        <ele>507.000</ele>
      </trkpt>
      <trkpt lat="45.667320000" lon="5.735110000">
        <ele>506.000</ele>
      </trkpt>
      <trkpt lat="45.667570000" lon="5.734750000">
        <ele>504.000</ele>
      </trkpt>
      <trkpt lat="45.667920000" lon="5.734330000">
        <ele>502.000</ele>
      </trkpt>
      <trkpt lat="45.668030000" lon="5.734230000">
        <ele>500.000</ele>
      </trkpt>
      <trkpt lat="45.668090000" lon="5.734190000">
        <ele>499.000</ele>
      </trkpt>
      <trkpt lat="45.668170000" lon="5.734170000">
        <ele>498.000</ele>
      </trkpt>
      <trkpt lat="45.668260000" lon="5.734170000">
        <ele>497.000</ele>
      </trkpt>
      <trkpt lat="45.668340000" lon="5.734210000">
        <ele>496.000</ele>
      </trkpt>
      <trkpt lat="45.668400000" lon="5.734280000">
        <ele>496.000</ele>
      </trkpt>
      <trkpt lat="45.668460000" lon="5.734400000">
        <ele>495.000</ele>
      </trkpt>
      <trkpt lat="45.668570000" lon="5.734700000">
        <ele>494.000</ele>
      </trkpt>
      <trkpt lat="45.668590000" lon="5.734810000">
        <ele>493.000</ele>
      </trkpt>
      <trkpt lat="45.668580000" lon="5.734890000">
        <ele>493.000</ele>
      </trkpt>
      <trkpt lat="45.668560000" lon="5.734980000">
        <ele>492.000</ele>
      </trkpt>
      <trkpt lat="45.668530000" lon="5.735060000">
        <ele>491.000</ele>
      </trkpt>
      <trkpt lat="45.668460000" lon="5.735170000">
        <ele>491.000</ele>
      </trkpt>
      <trkpt lat="45.668320000" lon="5.735360000">
        <ele>490.000</ele>
      </trkpt>
      <trkpt lat="45.668270000" lon="5.735440000">
        <ele>489.000</ele>
      </trkpt>
      <trkpt lat="45.668240000" lon="5.735510000">
        <ele>488.000</ele>
      </trkpt>
      <trkpt lat="45.668230000" lon="5.735570000">
        <ele>488.000</ele>
      </trkpt>
      <trkpt lat="45.668240000" lon="5.735610000">
        <ele>487.000</ele>
      </trkpt>
      <trkpt lat="45.668260000" lon="5.735670000">
        <ele>487.000</ele>
      </trkpt>
      <trkpt lat="45.668290000" lon="5.735710000">
        <ele>487.000</ele>
      </trkpt>
      <trkpt lat="45.668320000" lon="5.735730000">
        <ele>486.000</ele>
      </trkpt>
      <trkpt lat="45.668370000" lon="5.735740000">
        <ele>486.000</ele>
      </trkpt>
      <trkpt lat="45.668470000" lon="5.735740000">
        <ele>485.000</ele>
      </trkpt>
      <trkpt lat="45.668840000" lon="5.735740000">
        <ele>484.000</ele>
      </trkpt>
      <trkpt lat="45.669030000" lon="5.735760000">
        <ele>483.000</ele>
      </trkpt>
      <trkpt lat="45.669130000" lon="5.735760000">
        <ele>482.000</ele>
      </trkpt>
      <trkpt lat="45.669210000" lon="5.735760000">
        <ele>481.000</ele>
      </trkpt>
      <trkpt lat="45.669290000" lon="5.735710000">
        <ele>481.000</ele>
      </trkpt>
      <trkpt lat="45.669390000" lon="5.735620000">
        <ele>480.000</ele>
      </trkpt>
      <trkpt lat="45.669470000" lon="5.735550000">
        <ele>480.000</ele>
      </trkpt>
      <trkpt lat="45.669530000" lon="5.735520000">
        <ele>479.000</ele>
      </trkpt>
      <trkpt lat="45.669590000" lon="5.735490000">
        <ele>479.000</ele>
      </trkpt>
      <trkpt lat="45.669710000" lon="5.735480000">
        <ele>479.000</ele>
      </trkpt>
      <trkpt lat="45.669820000" lon="5.735480000">
        <ele>478.000</ele>
      </trkpt>
      <trkpt lat="45.669930000" lon="5.735490000">
        <ele>478.000</ele>
      </trkpt>
      <trkpt lat="45.670030000" lon="5.735540000">
        <ele>477.000</ele>
      </trkpt>
      <trkpt lat="45.670130000" lon="5.735590000">
        <ele>477.000</ele>
      </trkpt>
      <trkpt lat="45.670210000" lon="5.735660000">
        <ele>477.000</ele>
      </trkpt>
      <trkpt lat="45.670430000" lon="5.735830000">
        <ele>476.000</ele>
      </trkpt>
      <trkpt lat="45.670570000" lon="5.735940000">
        <ele>475.000</ele>
      </trkpt>
      <trkpt lat="45.670620000" lon="5.735970000">
        <ele>475.000</ele>
      </trkpt>
      <trkpt lat="45.670680000" lon="5.735980000">
        <ele>475.000</ele>
      </trkpt>
      <trkpt lat="45.670740000" lon="5.735970000">
        <ele>474.000</ele>
      </trkpt>
      <trkpt lat="45.670790000" lon="5.735940000">
        <ele>474.000</ele>
      </trkpt>
      <trkpt lat="45.670820000" lon="5.735910000">
        <ele>474.000</ele>
      </trkpt>
      <trkpt lat="45.670850000" lon="5.735860000">
        <ele>473.000</ele>
      </trkpt>
      <trkpt lat="45.670870000" lon="5.735750000">
        <ele>473.000</ele>
      </trkpt>
      <trkpt lat="45.670880000" lon="5.735670000">
        <ele>473.000</ele>
      </trkpt>
      <trkpt lat="45.670870000" lon="5.735540000">
        <ele>472.000</ele>
      </trkpt>
      <trkpt lat="45.670850000" lon="5.735420000">
        <ele>472.000</ele>
      </trkpt>
      <trkpt lat="45.670840000" lon="5.735350000">
        <ele>471.000</ele>
      </trkpt>
      <trkpt lat="45.670700000" lon="5.734770000">
        <ele>470.000</ele>
      </trkpt>
      <trkpt lat="45.670560000" lon="5.734360000">
        <ele>469.000</ele>
      </trkpt>
      <trkpt lat="45.670390000" lon="5.733960000">
        <ele>467.000</ele>
      </trkpt>
      <trkpt lat="45.670380000" lon="5.733880000">
        <ele>466.000</ele>
      </trkpt>
      <trkpt lat="45.670380000" lon="5.733810000">
        <ele>465.000</ele>
      </trkpt>
      <trkpt lat="45.670390000" lon="5.733730000">
        <ele>464.000</ele>
      </trkpt>
      <trkpt lat="45.670430000" lon="5.733640000">
        <ele>464.000</ele>
      </trkpt>
      <trkpt lat="45.670460000" lon="5.733600000">
        <ele>463.000</ele>
      </trkpt>
      <trkpt lat="45.670500000" lon="5.733580000">
        <ele>463.000</ele>
      </trkpt>
      <trkpt lat="45.670550000" lon="5.733570000">
        <ele>462.000</ele>
      </trkpt>
      <trkpt lat="45.670610000" lon="5.733580000">
        <ele>462.000</ele>
      </trkpt>
      <trkpt lat="45.670650000" lon="5.733620000">
        <ele>462.000</ele>
      </trkpt>
      <trkpt lat="45.670790000" lon="5.733740000">
        <ele>461.000</ele>
      </trkpt>
      <trkpt lat="45.671080000" lon="5.734030000">
        <ele>460.000</ele>
      </trkpt>
      <trkpt lat="45.671490000" lon="5.734450000">
        <ele>458.000</ele>
      </trkpt>
      <trkpt lat="45.671850000" lon="5.734950000">
        <ele>456.000</ele>
      </trkpt>
      <trkpt lat="45.672180000" lon="5.735570000">
        <ele>453.000</ele>
      </trkpt>
      <trkpt lat="45.672510000" lon="5.736120000">
        <ele>450.000</ele>
      </trkpt>
      <trkpt lat="45.673000000" lon="5.736900000">
        <ele>447.000</ele>
      </trkpt>
      <trkpt lat="45.673440000" lon="5.737570000">
        <ele>443.000</ele>
      </trkpt>
      <trkpt lat="45.673690000" lon="5.737820000">
        <ele>439.000</ele>
      </trkpt>
      <trkpt lat="45.674040000" lon="5.738070000">
        <ele>436.000</ele>
      </trkpt>
      <trkpt lat="45.674600000" lon="5.738390000">
        <ele>432.000</ele>
      </trkpt>
      <trkpt lat="45.674980000" lon="5.738550000">
        <ele>428.000</ele>
      </trkpt>
      <trkpt lat="45.675290000" lon="5.738610000">
        <ele>425.000</ele>
      </trkpt>
      <trkpt lat="45.675740000" lon="5.738680000">
        <ele>422.000</ele>
      </trkpt>
      <trkpt lat="45.676080000" lon="5.738690000">
        <ele>419.000</ele>
      </trkpt>
      <trkpt lat="45.676290000" lon="5.738800000">
        <ele>417.000</ele>
      </trkpt>
      <trkpt lat="45.676610000" lon="5.739040000">
        <ele>416.000</ele>
      </trkpt>
      <trkpt lat="45.676970000" lon="5.739320000">
        <ele>414.000</ele>
      </trkpt>
      <trkpt lat="45.677060000" lon="5.739400000">
        <ele>413.000</ele>
      </trkpt>
      <trkpt lat="45.677090000" lon="5.739560000">
        <ele>412.000</ele>
      </trkpt>
      <trkpt lat="45.677090000" lon="5.739660000">
        <ele>411.000</ele>
      </trkpt>
      <trkpt lat="45.676940000" lon="5.739690000">
        <ele>410.000</ele>
      </trkpt>
      <trkpt lat="45.676710000" lon="5.739680000">
        <ele>410.000</ele>
      </trkpt>
      <trkpt lat="45.676290000" lon="5.739620000">
        <ele>408.000</ele>
      </trkpt>
      <trkpt lat="45.675860000" lon="5.739620000">
        <ele>407.000</ele>
      </trkpt>
      <trkpt lat="45.675470000" lon="5.739620000">
        <ele>406.000</ele>
      </trkpt>
      <trkpt lat="45.675290000" lon="5.739650000">
        <ele>404.000</ele>
      </trkpt>
      <trkpt lat="45.675210000" lon="5.739750000">
        <ele>403.000</ele>
      </trkpt>
      <trkpt lat="45.675240000" lon="5.740010000">
        <ele>402.000</ele>
      </trkpt>
      <trkpt lat="45.675460000" lon="5.740420000">
        <ele>400.000</ele>
      </trkpt>
      <trkpt lat="45.676090000" lon="5.741330000">
        <ele>396.000</ele>
      </trkpt>
      <trkpt lat="45.676470000" lon="5.741930000">
        <ele>393.000</ele>
      </trkpt>
      <trkpt lat="45.676660000" lon="5.742330000">
        <ele>389.000</ele>
      </trkpt>
      <trkpt lat="45.676810000" lon="5.742510000">
        <ele>387.000</ele>
      </trkpt>
      <trkpt lat="45.676970000" lon="5.742630000">
        <ele>384.000</ele>
      </trkpt>
      <trkpt lat="45.677170000" lon="5.742630000">
        <ele>382.000</ele>
      </trkpt>
      <trkpt lat="45.677360000" lon="5.742750000">
        <ele>380.000</ele>
      </trkpt>
      <trkpt lat="45.677690000" lon="5.743020000">
        <ele>377.000</ele>
      </trkpt>
      <trkpt lat="45.677870000" lon="5.743110000">
        <ele>375.000</ele>
      </trkpt>
      <trkpt lat="45.678020000" lon="5.743130000">
        <ele>373.000</ele>
      </trkpt>
      <trkpt lat="45.678210000" lon="5.743080000">
        <ele>371.000</ele>
      </trkpt>
      <trkpt lat="45.678440000" lon="5.743070000">
        <ele>369.000</ele>
      </trkpt>
      <trkpt lat="45.678790000" lon="5.743150000">
        <ele>367.000</ele>
      </trkpt>
      <trkpt lat="45.679550000" lon="5.743470000">
        <ele>362.000</ele>
      </trkpt>
      <trkpt lat="45.680180000" lon="5.743770000">
        <ele>356.000</ele>
      </trkpt>
      <trkpt lat="45.680460000" lon="5.743990000">
        <ele>352.000</ele>
      </trkpt>
      <trkpt lat="45.680740000" lon="5.744220000">
        <ele>349.000</ele>
      </trkpt>
      <trkpt lat="45.681360000" lon="5.745130000">
        <ele>345.000</ele>
      </trkpt>
      <trkpt lat="45.681740000" lon="5.745560000">
        <ele>341.000</ele>
      </trkpt>
      <trkpt lat="45.682100000" lon="5.745930000">
        <ele>338.000</ele>
      </trkpt>
      <trkpt lat="45.682390000" lon="5.746430000">
        <ele>334.000</ele>
      </trkpt>
      <trkpt lat="45.682510000" lon="5.746720000">
        <ele>332.000</ele>
      </trkpt>
      <trkpt lat="45.682660000" lon="5.746930000">
        <ele>330.000</ele>
      </trkpt>
      <trkpt lat="45.682840000" lon="5.747050000">
        <ele>328.000</ele>
      </trkpt>
      <trkpt lat="45.683140000" lon="5.747100000">
        <ele>326.000</ele>
      </trkpt>
      <trkpt lat="45.683340000" lon="5.747130000">
        <ele>325.000</ele>
      </trkpt>
      <trkpt lat="45.683500000" lon="5.747240000">
        <ele>323.000</ele>
      </trkpt>
      <trkpt lat="45.683620000" lon="5.747550000">
        <ele>322.000</ele>
      </trkpt>
      <trkpt lat="45.683730000" lon="5.747700000">
        <ele>321.000</ele>
      </trkpt>
      <trkpt lat="45.683880000" lon="5.747790000">
        <ele>320.000</ele>
      </trkpt>
      <trkpt lat="45.684150000" lon="5.747810000">
        <ele>319.000</ele>
      </trkpt>
      <trkpt lat="45.684450000" lon="5.747930000">
        <ele>317.000</ele>
      </trkpt>
      <trkpt lat="45.685080000" lon="5.748180000">
        <ele>315.000</ele>
      </trkpt>
      <trkpt lat="45.685630000" lon="5.748400000">
        <ele>313.000</ele>
      </trkpt>
      <trkpt lat="45.685900000" lon="5.748500000">
        <ele>311.000</ele>
      </trkpt>
      <trkpt lat="45.686170000" lon="5.748520000">
        <ele>309.000</ele>
      </trkpt>
      <trkpt lat="45.686430000" lon="5.748470000">
        <ele>307.000</ele>
      </trkpt>
      <trkpt lat="45.686600000" lon="5.748410000">
        <ele>305.000</ele>
      </trkpt>
      <trkpt lat="45.686760000" lon="5.748410000">
        <ele>303.000</ele>
      </trkpt>
      <trkpt lat="45.687090000" lon="5.748430000">
        <ele>302.000</ele>
      </trkpt>
      <trkpt lat="45.687920000" lon="5.748570000">
        <ele>298.000</ele>
      </trkpt>
      <trkpt lat="45.688680000" lon="5.748860000">
        <ele>292.000</ele>
      </trkpt>
      <trkpt lat="45.689530000" lon="5.749270000">
        <ele>286.000</ele>
      </trkpt>
      <trkpt lat="45.690000000" lon="5.749480000">
        <ele>280.000</ele>
      </trkpt>
      <trkpt lat="45.690300000" lon="5.749520000">
        <ele>276.000</ele>
      </trkpt>
      <trkpt lat="45.690300000" lon="5.749520000">
        <ele>273.000</ele>
      </trkpt>
      <trkpt lat="45.690750000" lon="5.749580000">
        <ele>271.000</ele>
      </trkpt>
      <trkpt lat="45.691070000" lon="5.749620000">
        <ele>268.000</ele>
      </trkpt>
      <trkpt lat="45.691400000" lon="5.749690000">
        <ele>266.000</ele>
      </trkpt>
      <trkpt lat="45.691890000" lon="5.749880000">
        <ele>264.000</ele>
      </trkpt>
      <trkpt lat="45.692110000" lon="5.749980000">
        <ele>261.000</ele>
      </trkpt>
      <trkpt lat="45.692270000" lon="5.750090000">
        <ele>260.000</ele>
      </trkpt>
      <trkpt lat="45.692350000" lon="5.750170000">
        <ele>258.000</ele>
      </trkpt>
      <trkpt lat="45.692430000" lon="5.750350000">
        <ele>257.000</ele>
      </trkpt>
      <trkpt lat="45.692470000" lon="5.750580000">
        <ele>256.000</ele>
      </trkpt>
      <trkpt lat="45.692470000" lon="5.750860000">
        <ele>255.000</ele>
      </trkpt>
      <trkpt lat="45.692460000" lon="5.751210000">
        <ele>253.000</ele>
      </trkpt>
      <trkpt lat="45.692460000" lon="5.751310000">
        <ele>252.000</ele>
      </trkpt>
      <trkpt lat="45.692440000" lon="5.751490000">
        <ele>252.000</ele>
      </trkpt>
      <trkpt lat="45.692430000" lon="5.751640000">
        <ele>251.000</ele>
      </trkpt>
      <trkpt lat="45.692370000" lon="5.752070000">
        <ele>251.000</ele>
      </trkpt>
      <trkpt lat="45.692340000" lon="5.752360000">
        <ele>251.000</ele>
      </trkpt>
      <trkpt lat="45.692320000" lon="5.752580000">
        <ele>250.000</ele>
      </trkpt>
      <trkpt lat="45.692340000" lon="5.752760000">
        <ele>250.000</ele>
      </trkpt>
      <trkpt lat="45.692430000" lon="5.753080000">
        <ele>250.000</ele>
      </trkpt>
      <trkpt lat="45.692440000" lon="5.753130000">
        <ele>250.000</ele>
      </trkpt>
      <trkpt lat="45.692580000" lon="5.753640000">
        <ele>250.000</ele>
      </trkpt>
      <trkpt lat="45.692630000" lon="5.753840000">
        <ele>250.000</ele>
      </trkpt>
      <trkpt lat="45.692970000" lon="5.755030000">
        <ele>250.000</ele>
      </trkpt>
      <trkpt lat="45.693610000" lon="5.755370000">
        <ele>250.000</ele>
      </trkpt>
      <trkpt lat="45.693680000" lon="5.755430000">
        <ele>250.000</ele>
      </trkpt>
      <trkpt lat="45.693870000" lon="5.755610000">
        <ele>250.000</ele>
      </trkpt>
      <trkpt lat="45.694050000" lon="5.755750000">
        <ele>249.000</ele>
      </trkpt>
      <trkpt lat="45.694240000" lon="5.755830000">
        <ele>249.000</ele>
      </trkpt>
      <trkpt lat="45.694570000" lon="5.755880000">
        <ele>249.000</ele>
      </trkpt>
      <trkpt lat="45.694710000" lon="5.755920000">
        <ele>248.000</ele>
      </trkpt>
      <trkpt lat="45.695180000" lon="5.756140000">
        <ele>247.000</ele>
      </trkpt>
      <trkpt lat="45.695700000" lon="5.756290000">
        <ele>246.000</ele>
      </trkpt>
      <trkpt lat="45.696230000" lon="5.756360000">
        <ele>245.000</ele>
      </trkpt>
      <trkpt lat="45.697090000" lon="5.756320000">
        <ele>244.000</ele>
      </trkpt>
      <trkpt lat="45.697990000" lon="5.756330000">
        <ele>242.000</ele>
      </trkpt>
      <trkpt lat="45.698800000" lon="5.756400000">
        <ele>240.000</ele>
      </trkpt>
      <trkpt lat="45.699360000" lon="5.756590000">
        <ele>240.000</ele>
      </trkpt>
      <trkpt lat="45.699520000" lon="5.756640000">
        <ele>240.000</ele>
      </trkpt>
      <trkpt lat="45.699580000" lon="5.756660000">
        <ele>240.000</ele>
      </trkpt>
      <trkpt lat="45.699700000" lon="5.756710000">
        <ele>239.000</ele>
      </trkpt>
      <trkpt lat="45.699730000" lon="5.756710000">
        <ele>239.000</ele>
      </trkpt>
      <trkpt lat="45.699820000" lon="5.756750000">
        <ele>239.000</ele>
      </trkpt>
      <trkpt lat="45.699880000" lon="5.756760000">
        <ele>239.000</ele>
      </trkpt>
      <trkpt lat="45.699950000" lon="5.756770000">
        <ele>239.000</ele>
      </trkpt>
      <trkpt lat="45.700040000" lon="5.756770000">
        <ele>239.000</ele>
      </trkpt>
      <trkpt lat="45.700130000" lon="5.756760000">
        <ele>239.000</ele>
      </trkpt>
      <trkpt lat="45.700870000" lon="5.756700000">
        <ele>239.000</ele>
      </trkpt>
      <trkpt lat="45.701130000" lon="5.756700000">
        <ele>238.000</ele>
      </trkpt>
      <trkpt lat="45.701390000" lon="5.756690000">
        <ele>238.000</ele>
      </trkpt>
      <trkpt lat="45.701490000" lon="5.756700000">
        <ele>238.000</ele>
      </trkpt>
      <trkpt lat="45.701560000" lon="5.756730000">
        <ele>237.000</ele>
      </trkpt>
      <trkpt lat="45.701680000" lon="5.756770000">
        <ele>237.000</ele>
      </trkpt>
      <trkpt lat="45.701960000" lon="5.756990000">
        <ele>237.000</ele>
      </trkpt>
      <trkpt lat="45.702170000" lon="5.757120000">
        <ele>236.000</ele>
      </trkpt>
      <trkpt lat="45.702530000" lon="5.757370000">
        <ele>236.000</ele>
      </trkpt>
      <trkpt lat="45.702930000" lon="5.757590000">
        <ele>235.000</ele>
      </trkpt>
      <trkpt lat="45.703050000" lon="5.757270000">
        <ele>234.000</ele>
      </trkpt>
      <trkpt lat="45.703210000" lon="5.756960000">
        <ele>234.000</ele>
      </trkpt>
      <trkpt lat="45.703400000" lon="5.756670000">
        <ele>233.000</ele>
      </trkpt>
      <trkpt lat="45.703530000" lon="5.756550000">
        <ele>233.000</ele>
      </trkpt>
      <trkpt lat="45.703730000" lon="5.756430000">
        <ele>232.000</ele>
      </trkpt>
      <trkpt lat="45.703940000" lon="5.756340000">
        <ele>232.000</ele>
      </trkpt>
      <trkpt lat="45.704020000" lon="5.756320000">
        <ele>232.000</ele>
      </trkpt>
      <trkpt lat="45.704210000" lon="5.756300000">
        <ele>232.000</ele>
      </trkpt>
      <trkpt lat="45.704310000" lon="5.756320000">
        <ele>231.000</ele>
      </trkpt>
      <trkpt lat="45.704380000" lon="5.756270000">
        <ele>231.000</ele>
      </trkpt>
      <trkpt lat="45.704610000" lon="5.754930000">
        <ele>231.000</ele>
      </trkpt>
      <trkpt lat="45.704680000" lon="5.754520000">
        <ele>230.000</ele>
      </trkpt>
      <trkpt lat="45.704820000" lon="5.753770000">
        <ele>230.000</ele>
      </trkpt>
      <trkpt lat="45.704860000" lon="5.753550000">
        <ele>230.000</ele>
      </trkpt>
      <trkpt lat="45.704870000" lon="5.753500000">
        <ele>231.000</ele>
      </trkpt>
      <trkpt lat="45.704970000" lon="5.752950000">
        <ele>231.000</ele>
      </trkpt>
      <trkpt lat="45.705010000" lon="5.752740000">
        <ele>231.000</ele>
      </trkpt>
      <trkpt lat="45.705030000" lon="5.752660000">
        <ele>231.000</ele>
      </trkpt>
      <trkpt lat="45.705110000" lon="5.752560000">
        <ele>231.000</ele>
      </trkpt>
      <trkpt lat="45.705180000" lon="5.752550000">
        <ele>231.000</ele>
      </trkpt>
      <trkpt lat="45.705200000" lon="5.752550000">
        <ele>231.000</ele>
      </trkpt>
      <trkpt lat="45.705280000" lon="5.752540000">
        <ele>231.000</ele>
      </trkpt>
      <trkpt lat="45.705310000" lon="5.752540000">
        <ele>231.000</ele>
      </trkpt>
      <trkpt lat="45.705310000" lon="5.752330000">
        <ele>231.000</ele>
      </trkpt>
      <trkpt lat="45.705370000" lon="5.751900000">
        <ele>230.000</ele>
      </trkpt>
      <trkpt lat="45.705420000" lon="5.751050000">
        <ele>229.000</ele>
      </trkpt>
      <trkpt lat="45.705430000" lon="5.750910000">
        <ele>227.000</ele>
      </trkpt>
      <trkpt lat="45.705460000" lon="5.750920000">
        <ele>227.000</ele>
      </trkpt>
      <trkpt lat="45.705490000" lon="5.750920000">
        <ele>226.000</ele>
      </trkpt>
      <trkpt lat="45.705990000" lon="5.751030000">
        <ele>225.000</ele>
      </trkpt>
      <trkpt lat="45.706480000" lon="5.751140000">
        <ele>225.000</ele>
      </trkpt>
      <trkpt lat="45.706550000" lon="5.751170000">
        <ele>226.000</ele>
      </trkpt>
      <trkpt lat="45.706590000" lon="5.751220000">
        <ele>226.000</ele>
      </trkpt>
      <trkpt lat="45.706630000" lon="5.751340000">
        <ele>226.000</ele>
      </trkpt>
      <trkpt lat="45.706660000" lon="5.751490000">
        <ele>227.000</ele>
      </trkpt>
      <trkpt lat="45.706690000" lon="5.751560000">
        <ele>227.000</ele>
      </trkpt>
      <trkpt lat="45.706740000" lon="5.751680000">
        <ele>228.000</ele>
      </trkpt>
      <trkpt lat="45.706850000" lon="5.751800000">
        <ele>229.000</ele>
      </trkpt>
      <trkpt lat="45.707140000" lon="5.752010000">
        <ele>230.000</ele>
      </trkpt>
      <trkpt lat="45.707200000" lon="5.752040000">
        <ele>231.000</ele>
      </trkpt>
      <trkpt lat="45.707400000" lon="5.752120000">
        <ele>232.000</ele>
      </trkpt>
      <trkpt lat="45.707500000" lon="5.752170000">
        <ele>233.000</ele>
      </trkpt>
      <trkpt lat="45.709000000" lon="5.752880000">
        <ele>238.000</ele>
      </trkpt>
      <trkpt lat="45.709140000" lon="5.752980000">
        <ele>241.000</ele>
      </trkpt>
      <trkpt lat="45.709270000" lon="5.753210000">
        <ele>244.000</ele>
      </trkpt>
      <trkpt lat="45.709400000" lon="5.753490000">
        <ele>247.000</ele>
      </trkpt>
      <trkpt lat="45.709500000" lon="5.753660000">
        <ele>249.000</ele>
      </trkpt>
      <trkpt lat="45.709600000" lon="5.753790000">
        <ele>250.000</ele>
      </trkpt>
      <trkpt lat="45.709740000" lon="5.753890000">
        <ele>252.000</ele>
      </trkpt>
      <trkpt lat="45.709880000" lon="5.753950000">
        <ele>253.000</ele>
      </trkpt>
      <trkpt lat="45.710180000" lon="5.754070000">
        <ele>254.000</ele>
      </trkpt>
      <trkpt lat="45.710520000" lon="5.754190000">
        <ele>256.000</ele>
      </trkpt>
      <trkpt lat="45.711260000" lon="5.754490000">
        <ele>258.000</ele>
      </trkpt>
      <trkpt lat="45.711780000" lon="5.754700000">
        <ele>262.000</ele>
      </trkpt>
      <trkpt lat="45.712380000" lon="5.754970000">
        <ele>265.000</ele>
      </trkpt>
      <trkpt lat="45.713670000" lon="5.755240000">
        <ele>271.000</ele>
      </trkpt>
      <trkpt lat="45.714130000" lon="5.755300000">
        <ele>276.000</ele>
      </trkpt>
      <trkpt lat="45.714420000" lon="5.755250000">
        <ele>280.000</ele>
      </trkpt>
      <trkpt lat="45.714740000" lon="5.755110000">
        <ele>283.000</ele>
      </trkpt>
      <trkpt lat="45.714840000" lon="5.755120000">
        <ele>285.000</ele>
      </trkpt>
      <trkpt lat="45.715240000" lon="5.755180000">
        <ele>287.000</ele>
      </trkpt>
      <trkpt lat="45.715500000" lon="5.755240000">
        <ele>289.000</ele>
      </trkpt>
      <trkpt lat="45.715890000" lon="5.755420000">
        <ele>291.000</ele>
      </trkpt>
      <trkpt lat="45.716120000" lon="5.755450000">
        <ele>292.000</ele>
      </trkpt>
      <trkpt lat="45.716120000" lon="5.755450000">
        <ele>293.000</ele>
      </trkpt>
      <trkpt lat="45.716500000" lon="5.755490000">
        <ele>294.000</ele>
      </trkpt>
      <trkpt lat="45.716760000" lon="5.755590000">
        <ele>295.000</ele>
      </trkpt>
      <trkpt lat="45.717070000" lon="5.755630000">
        <ele>296.000</ele>
      </trkpt>
      <trkpt lat="45.717480000" lon="5.755870000">
        <ele>298.000</ele>
      </trkpt>
      <trkpt lat="45.717900000" lon="5.755930000">
        <ele>300.000</ele>
      </trkpt>
      <trkpt lat="45.718220000" lon="5.756080000">
        <ele>302.000</ele>
      </trkpt>
      <trkpt lat="45.718580000" lon="5.756180000">
        <ele>305.000</ele>
      </trkpt>
      <trkpt lat="45.718880000" lon="5.756150000">
        <ele>307.000</ele>
      </trkpt>
      <trkpt lat="45.719120000" lon="5.756050000">
        <ele>310.000</ele>
      </trkpt>
      <trkpt lat="45.719270000" lon="5.756080000">
        <ele>312.000</ele>
      </trkpt>
      <trkpt lat="45.719470000" lon="5.756290000">
        <ele>314.000</ele>
      </trkpt>
      <trkpt lat="45.719680000" lon="5.756320000">
        <ele>315.000</ele>
      </trkpt>
      <trkpt lat="45.719970000" lon="5.756290000">
        <ele>318.000</ele>
      </trkpt>
      <trkpt lat="45.720440000" lon="5.756250000">
        <ele>320.000</ele>
      </trkpt>
      <trkpt lat="45.720880000" lon="5.756240000">
        <ele>323.000</ele>
      </trkpt>
      <trkpt lat="45.721140000" lon="5.756370000">
        <ele>326.000</ele>
      </trkpt>
      <trkpt lat="45.721450000" lon="5.756670000">
        <ele>328.000</ele>
      </trkpt>
      <trkpt lat="45.721970000" lon="5.757220000">
        <ele>328.000</ele>
      </trkpt>
      <trkpt lat="45.722410000" lon="5.757630000">
        <ele>328.000</ele>
      </trkpt>
      <trkpt lat="45.723000000" lon="5.758120000">
        <ele>328.000</ele>
      </trkpt>
      <trkpt lat="45.723500000" lon="5.758500000">
        <ele>328.000</ele>
      </trkpt>
      <trkpt lat="45.723690000" lon="5.758590000">
        <ele>328.000</ele>
      </trkpt>
      <trkpt lat="45.724420000" lon="5.758840000">
        <ele>327.000</ele>
      </trkpt>
      <trkpt lat="45.724740000" lon="5.758960000">
        <ele>327.000</ele>
      </trkpt>
      <trkpt lat="45.725010000" lon="5.759010000">
        <ele>327.000</ele>
      </trkpt>
      <trkpt lat="45.725550000" lon="5.759030000">
        <ele>327.000</ele>
      </trkpt>
      <trkpt lat="45.725590000" lon="5.759040000">
        <ele>327.000</ele>
      </trkpt>
      <trkpt lat="45.726280000" lon="5.758980000">
        <ele>327.000</ele>
      </trkpt>
      <trkpt lat="45.726580000" lon="5.758990000">
        <ele>327.000</ele>
      </trkpt>
      <trkpt lat="45.726870000" lon="5.759080000">
        <ele>326.000</ele>
      </trkpt>
      <trkpt lat="45.727240000" lon="5.759190000">
        <ele>326.000</ele>
      </trkpt>
      <trkpt lat="45.727820000" lon="5.759270000">
        <ele>326.000</ele>
      </trkpt>
      <trkpt lat="45.728660000" lon="5.759380000">
        <ele>325.000</ele>
      </trkpt>
      <trkpt lat="45.729370000" lon="5.759480000">
        <ele>324.000</ele>
      </trkpt>
      <trkpt lat="45.729610000" lon="5.759510000">
        <ele>324.000</ele>
      </trkpt>
      <trkpt lat="45.730190000" lon="5.759710000">
        <ele>323.000</ele>
      </trkpt>
      <trkpt lat="45.731470000" lon="5.760240000">
        <ele>323.000</ele>
      </trkpt>
      <trkpt lat="45.731670000" lon="5.760320000">
        <ele>322.000</ele>
      </trkpt>
      <trkpt lat="45.731770000" lon="5.760360000">
        <ele>322.000</ele>
      </trkpt>
      <trkpt lat="45.732030000" lon="5.760560000">
        <ele>323.000</ele>
      </trkpt>
      <trkpt lat="45.732330000" lon="5.760920000">
        <ele>323.000</ele>
      </trkpt>
      <trkpt lat="45.732460000" lon="5.761080000">
        <ele>323.000</ele>
      </trkpt>
      <trkpt lat="45.732590000" lon="5.760930000">
        <ele>324.000</ele>
      </trkpt>
      <trkpt lat="45.732950000" lon="5.760460000">
        <ele>324.000</ele>
      </trkpt>
      <trkpt lat="45.733110000" lon="5.760280000">
        <ele>325.000</ele>
      </trkpt>
      <trkpt lat="45.733320000" lon="5.760130000">
        <ele>327.000</ele>
      </trkpt>
      <trkpt lat="45.733480000" lon="5.760030000">
        <ele>328.000</ele>
      </trkpt>
      <trkpt lat="45.733600000" lon="5.760020000">
        <ele>330.000</ele>
      </trkpt>
      <trkpt lat="45.733730000" lon="5.760100000">
        <ele>331.000</ele>
      </trkpt>
      <trkpt lat="45.733970000" lon="5.760320000">
        <ele>333.000</ele>
      </trkpt>
      <trkpt lat="45.734300000" lon="5.760480000">
        <ele>335.000</ele>
      </trkpt>
      <trkpt lat="45.734480000" lon="5.760470000">
        <ele>337.000</ele>
      </trkpt>
      <trkpt lat="45.734590000" lon="5.760390000">
        <ele>339.000</ele>
      </trkpt>
      <trkpt lat="45.734770000" lon="5.760280000">
        <ele>341.000</ele>
      </trkpt>
      <trkpt lat="45.734810000" lon="5.760180000">
        <ele>342.000</ele>
      </trkpt>
      <trkpt lat="45.734790000" lon="5.760090000">
        <ele>343.000</ele>
      </trkpt>
      <trkpt lat="45.734740000" lon="5.760020000">
        <ele>344.000</ele>
      </trkpt>
      <trkpt lat="45.734670000" lon="5.759980000">
        <ele>345.000</ele>
      </trkpt>
      <trkpt lat="45.734600000" lon="5.759950000">
        <ele>346.000</ele>
      </trkpt>
      <trkpt lat="45.734450000" lon="5.759880000">
        <ele>347.000</ele>
      </trkpt>
      <trkpt lat="45.734320000" lon="5.759760000">
        <ele>349.000</ele>
      </trkpt>
      <trkpt lat="45.734310000" lon="5.759630000">
        <ele>350.000</ele>
      </trkpt>
      <trkpt lat="45.734390000" lon="5.759310000">
        <ele>351.000</ele>
      </trkpt>
      <trkpt lat="45.734500000" lon="5.759010000">
        <ele>353.000</ele>
      </trkpt>
      <trkpt lat="45.734490000" lon="5.758810000">
        <ele>355.000</ele>
      </trkpt>
      <trkpt lat="45.734430000" lon="5.758600000">
        <ele>356.000</ele>
      </trkpt>
      <trkpt lat="45.734320000" lon="5.758400000">
        <ele>358.000</ele>
      </trkpt>
      <trkpt lat="45.734120000" lon="5.758180000">
        <ele>360.000</ele>
      </trkpt>
      <trkpt lat="45.733810000" lon="5.757910000">
        <ele>363.000</ele>
      </trkpt>
      <trkpt lat="45.733740000" lon="5.757800000">
        <ele>365.000</ele>
      </trkpt>
      <trkpt lat="45.733760000" lon="5.757740000">
        <ele>366.000</ele>
      </trkpt>
      <trkpt lat="45.733870000" lon="5.757560000">
        <ele>368.000</ele>
      </trkpt>
      <trkpt lat="45.734010000" lon="5.757340000">
        <ele>370.000</ele>
      </trkpt>
      <trkpt lat="45.734280000" lon="5.757060000">
        <ele>372.000</ele>
      </trkpt>
      <trkpt lat="45.734430000" lon="5.756900000">
        <ele>374.000</ele>
      </trkpt>
      <trkpt lat="45.734630000" lon="5.756680000">
        <ele>377.000</ele>
      </trkpt>
      <trkpt lat="45.734870000" lon="5.756430000">
        <ele>379.000</ele>
      </trkpt>
      <trkpt lat="45.735040000" lon="5.756260000">
        <ele>382.000</ele>
      </trkpt>
      <trkpt lat="45.735150000" lon="5.756090000">
        <ele>384.000</ele>
      </trkpt>
      <trkpt lat="45.735390000" lon="5.755560000">
        <ele>388.000</ele>
      </trkpt>
      <trkpt lat="45.735460000" lon="5.755410000">
        <ele>390.000</ele>
      </trkpt>
      <trkpt lat="45.735660000" lon="5.755010000">
        <ele>393.000</ele>
      </trkpt>
      <trkpt lat="45.735820000" lon="5.754640000">
        <ele>396.000</ele>
      </trkpt>
      <trkpt lat="45.735990000" lon="5.754170000">
        <ele>399.000</ele>
      </trkpt>
      <trkpt lat="45.736130000" lon="5.753700000">
        <ele>400.000</ele>
      </trkpt>
      <trkpt lat="45.736250000" lon="5.753150000">
        <ele>402.000</ele>
      </trkpt>
      <trkpt lat="45.736320000" lon="5.752700000">
        <ele>403.000</ele>
      </trkpt>
      <trkpt lat="45.736340000" lon="5.752180000">
        <ele>404.000</ele>
      </trkpt>
      <trkpt lat="45.736370000" lon="5.751190000">
        <ele>404.000</ele>
      </trkpt>
      <trkpt lat="45.736350000" lon="5.750360000">
        <ele>402.000</ele>
      </trkpt>
      <trkpt lat="45.736360000" lon="5.749830000">
        <ele>401.000</ele>
      </trkpt>
      <trkpt lat="45.736370000" lon="5.749400000">
        <ele>399.000</ele>
      </trkpt>
      <trkpt lat="45.736430000" lon="5.749240000">
        <ele>398.000</ele>
      </trkpt>
      <trkpt lat="45.736510000" lon="5.749170000">
        <ele>397.000</ele>
      </trkpt>
      <trkpt lat="45.736700000" lon="5.749140000">
        <ele>397.000</ele>
      </trkpt>
      <trkpt lat="45.737000000" lon="5.749120000">
        <ele>397.000</ele>
      </trkpt>
      <trkpt lat="45.737340000" lon="5.749120000">
        <ele>397.000</ele>
      </trkpt>
      <trkpt lat="45.737720000" lon="5.749120000">
        <ele>397.000</ele>
      </trkpt>
      <trkpt lat="45.737900000" lon="5.749110000">
        <ele>398.000</ele>
      </trkpt>
      <trkpt lat="45.738110000" lon="5.749200000">
        <ele>398.000</ele>
      </trkpt>
      <trkpt lat="45.738400000" lon="5.749340000">
        <ele>398.000</ele>
      </trkpt>
      <trkpt lat="45.738720000" lon="5.749550000">
        <ele>399.000</ele>
      </trkpt>
      <trkpt lat="45.738810000" lon="5.749640000">
        <ele>400.000</ele>
      </trkpt>
      <trkpt lat="45.738870000" lon="5.749730000">
        <ele>401.000</ele>
      </trkpt>
      <trkpt lat="45.738950000" lon="5.749810000">
        <ele>401.000</ele>
      </trkpt>
      <trkpt lat="45.739060000" lon="5.749910000">
        <ele>402.000</ele>
      </trkpt>
      <trkpt lat="45.739160000" lon="5.749990000">
        <ele>402.000</ele>
      </trkpt>
      <trkpt lat="45.739290000" lon="5.750000000">
        <ele>403.000</ele>
      </trkpt>
      <trkpt lat="45.739380000" lon="5.749980000">
        <ele>403.000</ele>
      </trkpt>
      <trkpt lat="45.739440000" lon="5.749950000">
        <ele>403.000</ele>
      </trkpt>
      <trkpt lat="45.739490000" lon="5.749930000">
        <ele>404.000</ele>
      </trkpt>
      <trkpt lat="45.739600000" lon="5.749880000">
        <ele>404.000</ele>
      </trkpt>
      <trkpt lat="45.739690000" lon="5.749910000">
        <ele>404.000</ele>
      </trkpt>
      <trkpt lat="45.739740000" lon="5.750020000">
        <ele>405.000</ele>
      </trkpt>
      <trkpt lat="45.739770000" lon="5.750150000">
        <ele>405.000</ele>
      </trkpt>
      <trkpt lat="45.739790000" lon="5.750370000">
        <ele>406.000</ele>
      </trkpt>
      <trkpt lat="45.739750000" lon="5.750670000">
        <ele>408.000</ele>
      </trkpt>
      <trkpt lat="45.739740000" lon="5.750870000">
        <ele>409.000</ele>
      </trkpt>
      <trkpt lat="45.739760000" lon="5.751030000">
        <ele>411.000</ele>
      </trkpt>
      <trkpt lat="45.739830000" lon="5.751260000">
        <ele>412.000</ele>
      </trkpt>
      <trkpt lat="45.739900000" lon="5.751390000">
        <ele>414.000</ele>
      </trkpt>
      <trkpt lat="45.739970000" lon="5.751480000">
        <ele>415.000</ele>
      </trkpt>
      <trkpt lat="45.740050000" lon="5.751510000">
        <ele>416.000</ele>
      </trkpt>
      <trkpt lat="45.740180000" lon="5.751450000">
        <ele>417.000</ele>
      </trkpt>
      <trkpt lat="45.740300000" lon="5.751370000">
        <ele>419.000</ele>
      </trkpt>
      <trkpt lat="45.740400000" lon="5.751260000">
        <ele>420.000</ele>
      </trkpt>
      <trkpt lat="45.740500000" lon="5.751110000">
        <ele>422.000</ele>
      </trkpt>
      <trkpt lat="45.740560000" lon="5.751010000">
        <ele>423.000</ele>
      </trkpt>
      <trkpt lat="45.740710000" lon="5.750770000">
        <ele>425.000</ele>
      </trkpt>
      <trkpt lat="45.740810000" lon="5.750650000">
        <ele>426.000</ele>
      </trkpt>
      <trkpt lat="45.740930000" lon="5.750560000">
        <ele>428.000</ele>
      </trkpt>
      <trkpt lat="45.741320000" lon="5.750330000">
        <ele>431.000</ele>
      </trkpt>
      <trkpt lat="45.741580000" lon="5.750160000">
        <ele>434.000</ele>
      </trkpt>
      <trkpt lat="45.741710000" lon="5.750070000">
        <ele>437.000</ele>
      </trkpt>
      <trkpt lat="45.741920000" lon="5.749980000">
        <ele>439.000</ele>
      </trkpt>
      <trkpt lat="45.742170000" lon="5.749950000">
        <ele>442.000</ele>
      </trkpt>
      <trkpt lat="45.742300000" lon="5.749940000">
        <ele>444.000</ele>
      </trkpt>
      <trkpt lat="45.742390000" lon="5.749930000">
        <ele>446.000</ele>
      </trkpt>
      <trkpt lat="45.742470000" lon="5.749910000">
        <ele>447.000</ele>
      </trkpt>
      <trkpt lat="45.742540000" lon="5.749880000">
        <ele>448.000</ele>
      </trkpt>
      <trkpt lat="45.742660000" lon="5.749810000">
        <ele>448.000</ele>
      </trkpt>
      <trkpt lat="45.742760000" lon="5.749720000">
        <ele>449.000</ele>
      </trkpt>
      <trkpt lat="45.742870000" lon="5.749650000">
        <ele>450.000</ele>
      </trkpt>
      <trkpt lat="45.742940000" lon="5.749620000">
        <ele>451.000</ele>
      </trkpt>
      <trkpt lat="45.743030000" lon="5.749600000">
        <ele>451.000</ele>
      </trkpt>
      <trkpt lat="45.743170000" lon="5.749590000">
        <ele>452.000</ele>
      </trkpt>
      <trkpt lat="45.743550000" lon="5.749650000">
        <ele>453.000</ele>
      </trkpt>
      <trkpt lat="45.743690000" lon="5.749670000">
        <ele>454.000</ele>
      </trkpt>
      <trkpt lat="45.743900000" lon="5.749710000">
        <ele>455.000</ele>
      </trkpt>
      <trkpt lat="45.744010000" lon="5.749700000">
        <ele>456.000</ele>
      </trkpt>
      <trkpt lat="45.744180000" lon="5.749660000">
        <ele>456.000</ele>
      </trkpt>
      <trkpt lat="45.744370000" lon="5.749600000">
        <ele>457.000</ele>
      </trkpt>
      <trkpt lat="45.744410000" lon="5.749580000">
        <ele>457.000</ele>
      </trkpt>
      <trkpt lat="45.744490000" lon="5.749520000">
        <ele>458.000</ele>
      </trkpt>
      <trkpt lat="45.744600000" lon="5.749440000">
        <ele>458.000</ele>
      </trkpt>
      <trkpt lat="45.744680000" lon="5.749380000">
        <ele>458.000</ele>
      </trkpt>
      <trkpt lat="45.744800000" lon="5.749270000">
        <ele>458.000</ele>
      </trkpt>
      <trkpt lat="45.744990000" lon="5.749060000">
        <ele>459.000</ele>
      </trkpt>
      <trkpt lat="45.745130000" lon="5.748840000">
        <ele>459.000</ele>
      </trkpt>
      <trkpt lat="45.745180000" lon="5.748700000">
        <ele>459.000</ele>
      </trkpt>
      <trkpt lat="45.745210000" lon="5.748470000">
        <ele>459.000</ele>
      </trkpt>
      <trkpt lat="45.745240000" lon="5.748270000">
        <ele>460.000</ele>
      </trkpt>
      <trkpt lat="45.745280000" lon="5.747900000">
        <ele>460.000</ele>
      </trkpt>
      <trkpt lat="45.745340000" lon="5.747300000">
        <ele>461.000</ele>
      </trkpt>
      <trkpt lat="45.745320000" lon="5.747040000">
        <ele>463.000</ele>
      </trkpt>
      <trkpt lat="45.745300000" lon="5.746910000">
        <ele>464.000</ele>
      </trkpt>
      <trkpt lat="45.745240000" lon="5.746740000">
        <ele>465.000</ele>
      </trkpt>
      <trkpt lat="45.745130000" lon="5.746540000">
        <ele>466.000</ele>
      </trkpt>
      <trkpt lat="45.745060000" lon="5.746460000">
        <ele>467.000</ele>
      </trkpt>
      <trkpt lat="45.744560000" lon="5.745960000">
        <ele>469.000</ele>
      </trkpt>
      <trkpt lat="45.744270000" lon="5.745680000">
        <ele>472.000</ele>
      </trkpt>
      <trkpt lat="45.744030000" lon="5.745460000">
        <ele>474.000</ele>
      </trkpt>
      <trkpt lat="45.743930000" lon="5.745320000">
        <ele>476.000</ele>
      </trkpt>
      <trkpt lat="45.743840000" lon="5.745180000">
        <ele>478.000</ele>
      </trkpt>
      <trkpt lat="45.743760000" lon="5.745030000">
        <ele>479.000</ele>
      </trkpt>
      <trkpt lat="45.743690000" lon="5.744860000">
        <ele>480.000</ele>
      </trkpt>
      <trkpt lat="45.743630000" lon="5.744570000">
        <ele>482.000</ele>
      </trkpt>
      <trkpt lat="45.743560000" lon="5.744140000">
        <ele>484.000</ele>
      </trkpt>
      <trkpt lat="45.743550000" lon="5.743990000">
        <ele>485.000</ele>
      </trkpt>
      <trkpt lat="45.743510000" lon="5.743750000">
        <ele>487.000</ele>
      </trkpt>
      <trkpt lat="45.743490000" lon="5.743360000">
        <ele>488.000</ele>
      </trkpt>
      <trkpt lat="45.743500000" lon="5.743070000">
        <ele>489.000</ele>
      </trkpt>
      <trkpt lat="45.743500000" lon="5.742890000">
        <ele>491.000</ele>
      </trkpt>
      <trkpt lat="45.743490000" lon="5.742680000">
        <ele>491.000</ele>
      </trkpt>
      <trkpt lat="45.743480000" lon="5.742570000">
        <ele>492.000</ele>
      </trkpt>
      <trkpt lat="45.743450000" lon="5.742470000">
        <ele>492.000</ele>
      </trkpt>
      <trkpt lat="45.743440000" lon="5.742350000">
        <ele>493.000</ele>
      </trkpt>
      <trkpt lat="45.743430000" lon="5.742260000">
        <ele>493.000</ele>
      </trkpt>
      <trkpt lat="45.743430000" lon="5.742230000">
        <ele>493.000</ele>
      </trkpt>
      <trkpt lat="45.743400000" lon="5.742140000">
        <ele>494.000</ele>
      </trkpt>
      <trkpt lat="45.743360000" lon="5.742010000">
        <ele>494.000</ele>
      </trkpt>
      <trkpt lat="45.743340000" lon="5.741960000">
        <ele>494.000</ele>
      </trkpt>
      <trkpt lat="45.743310000" lon="5.741920000">
        <ele>494.000</ele>
      </trkpt>
      <trkpt lat="45.743270000" lon="5.741880000">
        <ele>495.000</ele>
      </trkpt>
      <trkpt lat="45.743230000" lon="5.741820000">
        <ele>495.000</ele>
      </trkpt>
      <trkpt lat="45.743180000" lon="5.741710000">
        <ele>495.000</ele>
      </trkpt>
      <trkpt lat="45.743370000" lon="5.741370000">
        <ele>495.000</ele>
      </trkpt>
      <trkpt lat="45.743610000" lon="5.740980000">
        <ele>496.000</ele>
      </trkpt>
      <trkpt lat="45.743740000" lon="5.740800000">
        <ele>497.000</ele>
      </trkpt>
      <trkpt lat="45.743890000" lon="5.740600000">
        <ele>497.000</ele>
      </trkpt>
      <trkpt lat="45.743950000" lon="5.740540000">
        <ele>498.000</ele>
      </trkpt>
      <trkpt lat="45.744100000" lon="5.740380000">
        <ele>498.000</ele>
      </trkpt>
      <trkpt lat="45.744210000" lon="5.740260000">
        <ele>498.000</ele>
      </trkpt>
      <trkpt lat="45.744220000" lon="5.740240000">
        <ele>498.000</ele>
      </trkpt>
      <trkpt lat="45.744310000" lon="5.740140000">
        <ele>499.000</ele>
      </trkpt>
      <trkpt lat="45.744380000" lon="5.740100000">
        <ele>499.000</ele>
      </trkpt>
      <trkpt lat="45.744390000" lon="5.740080000">
        <ele>499.000</ele>
      </trkpt>
      <trkpt lat="45.744440000" lon="5.740050000">
        <ele>499.000</ele>
      </trkpt>
      <trkpt lat="45.744510000" lon="5.740020000">
        <ele>499.000</ele>
      </trkpt>
      <trkpt lat="45.744570000" lon="5.740010000">
        <ele>499.000</ele>
      </trkpt>
      <trkpt lat="45.744650000" lon="5.740000000">
        <ele>499.000</ele>
      </trkpt>
      <trkpt lat="45.744730000" lon="5.740010000">
        <ele>499.000</ele>
      </trkpt>
      <trkpt lat="45.744800000" lon="5.740010000">
        <ele>500.000</ele>
      </trkpt>
      <trkpt lat="45.744860000" lon="5.740020000">
        <ele>500.000</ele>
      </trkpt>
      <trkpt lat="45.744890000" lon="5.740030000">
        <ele>500.000</ele>
      </trkpt>
      <trkpt lat="45.744900000" lon="5.740030000">
        <ele>500.000</ele>
      </trkpt>
      <trkpt lat="45.744980000" lon="5.740060000">
        <ele>500.000</ele>
      </trkpt>
      <trkpt lat="45.745100000" lon="5.740110000">
        <ele>500.000</ele>
      </trkpt>
      <trkpt lat="45.745190000" lon="5.740150000">
        <ele>500.000</ele>
      </trkpt>
      <trkpt lat="45.745270000" lon="5.740190000">
        <ele>500.000</ele>
      </trkpt>
      <trkpt lat="45.745330000" lon="5.740210000">
        <ele>500.000</ele>
      </trkpt>
      <trkpt lat="45.745380000" lon="5.740230000">
        <ele>500.000</ele>
      </trkpt>
      <trkpt lat="45.745430000" lon="5.740240000">
        <ele>500.000</ele>
      </trkpt>
      <trkpt lat="45.745470000" lon="5.740250000">
        <ele>500.000</ele>
      </trkpt>
      <trkpt lat="45.745720000" lon="5.740240000">
        <ele>499.000</ele>
      </trkpt>
      <trkpt lat="45.745940000" lon="5.740230000">
        <ele>499.000</ele>
      </trkpt>
      <trkpt lat="45.746090000" lon="5.740220000">
        <ele>498.000</ele>
      </trkpt>
      <trkpt lat="45.746210000" lon="5.740240000">
        <ele>497.000</ele>
      </trkpt>
      <trkpt lat="45.746300000" lon="5.740280000">
        <ele>497.000</ele>
      </trkpt>
      <trkpt lat="45.746420000" lon="5.740330000">
        <ele>496.000</ele>
      </trkpt>
      <trkpt lat="45.746580000" lon="5.740430000">
        <ele>496.000</ele>
      </trkpt>
      <trkpt lat="45.746740000" lon="5.740540000">
        <ele>495.000</ele>
      </trkpt>
      <trkpt lat="45.746820000" lon="5.740590000">
        <ele>494.000</ele>
      </trkpt>
      <trkpt lat="45.746990000" lon="5.740680000">
        <ele>494.000</ele>
      </trkpt>
      <trkpt lat="45.747100000" lon="5.740710000">
        <ele>493.000</ele>
      </trkpt>
      <trkpt lat="45.747340000" lon="5.740690000">
        <ele>493.000</ele>
      </trkpt>
      <trkpt lat="45.747530000" lon="5.740630000">
        <ele>493.000</ele>
      </trkpt>
      <trkpt lat="45.748070000" lon="5.740380000">
        <ele>492.000</ele>
      </trkpt>
      <trkpt lat="45.748300000" lon="5.740310000">
        <ele>492.000</ele>
      </trkpt>
      <trkpt lat="45.748670000" lon="5.740190000">
        <ele>491.000</ele>
      </trkpt>
      <trkpt lat="45.748920000" lon="5.740080000">
        <ele>491.000</ele>
      </trkpt>
      <trkpt lat="45.749060000" lon="5.739990000">
        <ele>491.000</ele>
      </trkpt>
      <trkpt lat="45.750040000" lon="5.739060000">
        <ele>488.000</ele>
      </trkpt>
      <trkpt lat="45.750380000" lon="5.738740000">
        <ele>485.000</ele>
      </trkpt>
      <trkpt lat="45.750760000" lon="5.738450000">
        <ele>482.000</ele>
      </trkpt>
      <trkpt lat="45.750870000" lon="5.738380000">
        <ele>480.000</ele>
      </trkpt>
      <trkpt lat="45.750870000" lon="5.738380000">
        <ele>479.000</ele>
      </trkpt>
      <trkpt lat="45.751010000" lon="5.738290000">
        <ele>478.000</ele>
      </trkpt>
      <trkpt lat="45.751100000" lon="5.738240000">
        <ele>477.000</ele>
      </trkpt>
      <trkpt lat="45.751180000" lon="5.738220000">
        <ele>476.000</ele>
      </trkpt>
      <trkpt lat="45.751390000" lon="5.738210000">
        <ele>475.000</ele>
      </trkpt>
      <trkpt lat="45.751930000" lon="5.738100000">
        <ele>474.000</ele>
      </trkpt>
      <trkpt lat="45.752510000" lon="5.737750000">
        <ele>472.000</ele>
      </trkpt>
      <trkpt lat="45.752630000" lon="5.737640000">
        <ele>471.000</ele>
      </trkpt>
      <trkpt lat="45.752720000" lon="5.737520000">
        <ele>469.000</ele>
      </trkpt>
      <trkpt lat="45.752760000" lon="5.737380000">
        <ele>468.000</ele>
      </trkpt>
      <trkpt lat="45.752790000" lon="5.737170000">
        <ele>467.000</ele>
      </trkpt>
      <trkpt lat="45.752860000" lon="5.735520000">
        <ele>463.000</ele>
      </trkpt>
      <trkpt lat="45.752830000" lon="5.734840000">
        <ele>459.000</ele>
      </trkpt>
      <trkpt lat="45.752770000" lon="5.734210000">
        <ele>455.000</ele>
      </trkpt>
      <trkpt lat="45.752740000" lon="5.734050000">
        <ele>452.000</ele>
      </trkpt>
      <trkpt lat="45.752630000" lon="5.733760000">
        <ele>450.000</ele>
      </trkpt>
      <trkpt lat="45.752540000" lon="5.732830000">
        <ele>446.000</ele>
      </trkpt>
      <trkpt lat="45.752590000" lon="5.732580000">
        <ele>443.000</ele>
      </trkpt>
      <trkpt lat="45.752720000" lon="5.732020000">
        <ele>440.000</ele>
      </trkpt>
      <trkpt lat="45.752740000" lon="5.731870000">
        <ele>438.000</ele>
      </trkpt>
      <trkpt lat="45.752720000" lon="5.731700000">
        <ele>436.000</ele>
      </trkpt>
      <trkpt lat="45.752570000" lon="5.730940000">
        <ele>434.000</ele>
      </trkpt>
      <trkpt lat="45.752440000" lon="5.730180000">
        <ele>432.000</ele>
      </trkpt>
      <trkpt lat="45.752400000" lon="5.729990000">
        <ele>430.000</ele>
      </trkpt>
      <trkpt lat="45.752300000" lon="5.729670000">
        <ele>428.000</ele>
      </trkpt>
      <trkpt lat="45.752240000" lon="5.729220000">
        <ele>427.000</ele>
      </trkpt>
      <trkpt lat="45.752180000" lon="5.728920000">
        <ele>425.000</ele>
      </trkpt>
      <trkpt lat="45.752120000" lon="5.728790000">
        <ele>424.000</ele>
      </trkpt>
      <trkpt lat="45.751650000" lon="5.727950000">
        <ele>423.000</ele>
      </trkpt>
      <trkpt lat="45.751310000" lon="5.727410000">
        <ele>421.000</ele>
      </trkpt>
      <trkpt lat="45.751240000" lon="5.727330000">
        <ele>420.000</ele>
      </trkpt>
      <trkpt lat="45.750100000" lon="5.726220000">
        <ele>417.000</ele>
      </trkpt>
      <trkpt lat="45.749640000" lon="5.725610000">
        <ele>413.000</ele>
      </trkpt>
      <trkpt lat="45.749100000" lon="5.724900000">
        <ele>406.000</ele>
      </trkpt>
      <trkpt lat="45.749030000" lon="5.724780000">
        <ele>400.000</ele>
      </trkpt>
      <trkpt lat="45.749010000" lon="5.724720000">
        <ele>397.000</ele>
      </trkpt>
      <trkpt lat="45.749000000" lon="5.724580000">
        <ele>394.000</ele>
      </trkpt>
      <trkpt lat="45.749000000" lon="5.724500000">
        <ele>391.000</ele>
      </trkpt>
      <trkpt lat="45.749040000" lon="5.724400000">
        <ele>389.000</ele>
      </trkpt>
      <trkpt lat="45.749090000" lon="5.724340000">
        <ele>388.000</ele>
      </trkpt>
      <trkpt lat="45.749160000" lon="5.724310000">
        <ele>387.000</ele>
      </trkpt>
      <trkpt lat="45.749270000" lon="5.724300000">
        <ele>386.000</ele>
      </trkpt>
      <trkpt lat="45.749570000" lon="5.724350000">
        <ele>385.000</ele>
      </trkpt>
      <trkpt lat="45.749740000" lon="5.724430000">
        <ele>384.000</ele>
      </trkpt>
      <trkpt lat="45.749870000" lon="5.724510000">
        <ele>383.000</ele>
      </trkpt>
      <trkpt lat="45.750300000" lon="5.724760000">
        <ele>382.000</ele>
      </trkpt>
      <trkpt lat="45.750620000" lon="5.724870000">
        <ele>380.000</ele>
      </trkpt>
      <trkpt lat="45.751190000" lon="5.725070000">
        <ele>379.000</ele>
      </trkpt>
      <trkpt lat="45.751640000" lon="5.725120000">
        <ele>376.000</ele>
      </trkpt>
      <trkpt lat="45.751820000" lon="5.725190000">
        <ele>374.000</ele>
      </trkpt>
      <trkpt lat="45.752010000" lon="5.725430000">
        <ele>372.000</ele>
      </trkpt>
      <trkpt lat="45.752080000" lon="5.725570000">
        <ele>370.000</ele>
      </trkpt>
      <trkpt lat="45.752360000" lon="5.725970000">
        <ele>368.000</ele>
      </trkpt>
      <trkpt lat="45.752580000" lon="5.726170000">
        <ele>366.000</ele>
      </trkpt>
      <trkpt lat="45.752700000" lon="5.726310000">
        <ele>364.000</ele>
      </trkpt>
      <trkpt lat="45.752790000" lon="5.726450000">
        <ele>362.000</ele>
      </trkpt>
      <trkpt lat="45.752850000" lon="5.726710000">
        <ele>361.000</ele>
      </trkpt>
      <trkpt lat="45.752900000" lon="5.727060000">
        <ele>359.000</ele>
      </trkpt>
      <trkpt lat="45.752940000" lon="5.727170000">
        <ele>358.000</ele>
      </trkpt>
      <trkpt lat="45.753020000" lon="5.727290000">
        <ele>357.000</ele>
      </trkpt>
      <trkpt lat="45.753110000" lon="5.727360000">
        <ele>357.000</ele>
      </trkpt>
      <trkpt lat="45.753210000" lon="5.727400000">
        <ele>356.000</ele>
      </trkpt>
      <trkpt lat="45.753320000" lon="5.727350000">
        <ele>355.000</ele>
      </trkpt>
      <trkpt lat="45.753380000" lon="5.727290000">
        <ele>355.000</ele>
      </trkpt>
      <trkpt lat="45.753470000" lon="5.727060000">
        <ele>354.000</ele>
      </trkpt>
      <trkpt lat="45.753530000" lon="5.726720000">
        <ele>353.000</ele>
      </trkpt>
      <trkpt lat="45.753620000" lon="5.726440000">
        <ele>352.000</ele>
      </trkpt>
      <trkpt lat="45.753720000" lon="5.726270000">
        <ele>351.000</ele>
      </trkpt>
      <trkpt lat="45.753770000" lon="5.726040000">
        <ele>350.000</ele>
      </trkpt>
      <trkpt lat="45.753760000" lon="5.725840000">
        <ele>349.000</ele>
      </trkpt>
      <trkpt lat="45.753680000" lon="5.725580000">
        <ele>348.000</ele>
      </trkpt>
      <trkpt lat="45.753550000" lon="5.725290000">
        <ele>346.000</ele>
      </trkpt>
      <trkpt lat="45.753410000" lon="5.724880000">
        <ele>344.000</ele>
      </trkpt>
      <trkpt lat="45.753000000" lon="5.724360000">
        <ele>342.000</ele>
      </trkpt>
      <trkpt lat="45.752660000" lon="5.723920000">
        <ele>339.000</ele>
      </trkpt>
      <trkpt lat="45.752470000" lon="5.723760000">
        <ele>336.000</ele>
      </trkpt>
      <trkpt lat="45.751910000" lon="5.723540000">
        <ele>334.000</ele>
      </trkpt>
      <trkpt lat="45.751670000" lon="5.723540000">
        <ele>333.000</ele>
      </trkpt>
      <trkpt lat="45.751300000" lon="5.723470000">
        <ele>331.000</ele>
      </trkpt>
      <trkpt lat="45.750510000" lon="5.723250000">
        <ele>329.000</ele>
      </trkpt>
      <trkpt lat="45.750090000" lon="5.723230000">
        <ele>327.000</ele>
      </trkpt>
      <trkpt lat="45.749890000" lon="5.723160000">
        <ele>325.000</ele>
      </trkpt>
      <trkpt lat="45.749080000" lon="5.722900000">
        <ele>321.000</ele>
      </trkpt>
      <trkpt lat="45.748650000" lon="5.722750000">
        <ele>318.000</ele>
      </trkpt>
      <trkpt lat="45.748460000" lon="5.722720000">
        <ele>315.000</ele>
      </trkpt>
      <trkpt lat="45.748360000" lon="5.722690000">
        <ele>313.000</ele>
      </trkpt>
      <trkpt lat="45.748320000" lon="5.722610000">
        <ele>311.000</ele>
      </trkpt>
      <trkpt lat="45.748310000" lon="5.722490000">
        <ele>310.000</ele>
      </trkpt>
      <trkpt lat="45.748330000" lon="5.722370000">
        <ele>309.000</ele>
      </trkpt>
      <trkpt lat="45.748390000" lon="5.722320000">
        <ele>308.000</ele>
      </trkpt>
      <trkpt lat="45.748480000" lon="5.722300000">
        <ele>307.000</ele>
      </trkpt>
      <trkpt lat="45.748740000" lon="5.722360000">
        <ele>306.000</ele>
      </trkpt>
      <trkpt lat="45.749320000" lon="5.722480000">
        <ele>304.000</ele>
      </trkpt>
      <trkpt lat="45.749540000" lon="5.722570000">
        <ele>301.000</ele>
      </trkpt>
      <trkpt lat="45.749790000" lon="5.722620000">
        <ele>299.000</ele>
      </trkpt>
      <trkpt lat="45.750040000" lon="5.722630000">
        <ele>298.000</ele>
      </trkpt>
      <trkpt lat="45.750400000" lon="5.722560000">
        <ele>296.000</ele>
      </trkpt>
      <trkpt lat="45.750640000" lon="5.722570000">
        <ele>295.000</ele>
      </trkpt>
      <trkpt lat="45.750870000" lon="5.722530000">
        <ele>294.000</ele>
      </trkpt>
      <trkpt lat="45.750990000" lon="5.722490000">
        <ele>293.000</ele>
      </trkpt>
      <trkpt lat="45.751420000" lon="5.722340000">
        <ele>292.000</ele>
      </trkpt>
      <trkpt lat="45.751560000" lon="5.722340000">
        <ele>292.000</ele>
      </trkpt>
      <trkpt lat="45.751710000" lon="5.722390000">
        <ele>291.000</ele>
      </trkpt>
      <trkpt lat="45.751760000" lon="5.722380000">
        <ele>290.000</ele>
      </trkpt>
      <trkpt lat="45.751810000" lon="5.722340000">
        <ele>290.000</ele>
      </trkpt>
      <trkpt lat="45.751840000" lon="5.722220000">
        <ele>289.000</ele>
      </trkpt>
      <trkpt lat="45.751840000" lon="5.722130000">
        <ele>288.000</ele>
      </trkpt>
      <trkpt lat="45.751790000" lon="5.722040000">
        <ele>287.000</ele>
      </trkpt>
      <trkpt lat="45.751410000" lon="5.721750000">
        <ele>285.000</ele>
      </trkpt>
      <trkpt lat="45.751140000" lon="5.721590000">
        <ele>283.000</ele>
      </trkpt>
      <trkpt lat="45.751020000" lon="5.721490000">
        <ele>281.000</ele>
      </trkpt>
      <trkpt lat="45.750940000" lon="5.721380000">
        <ele>279.000</ele>
      </trkpt>
      <trkpt lat="45.750890000" lon="5.721250000">
        <ele>278.000</ele>
      </trkpt>
      <trkpt lat="45.750750000" lon="5.720800000">
        <ele>276.000</ele>
      </trkpt>
      <trkpt lat="45.750680000" lon="5.720440000">
        <ele>273.000</ele>
      </trkpt>
      <trkpt lat="45.750600000" lon="5.719700000">
        <ele>272.000</ele>
      </trkpt>
      <trkpt lat="45.750440000" lon="5.718450000">
        <ele>271.000</ele>
      </trkpt>
      <trkpt lat="45.750430000" lon="5.718320000">
        <ele>270.000</ele>
      </trkpt>
      <trkpt lat="45.750440000" lon="5.718020000">
        <ele>269.000</ele>
      </trkpt>
      <trkpt lat="45.750480000" lon="5.717790000">
        <ele>269.000</ele>
      </trkpt>
      <trkpt lat="45.750960000" lon="5.716580000">
        <ele>267.000</ele>
      </trkpt>
      <trkpt lat="45.751330000" lon="5.715670000">
        <ele>264.000</ele>
      </trkpt>
      <trkpt lat="45.751590000" lon="5.715120000">
        <ele>261.000</ele>
      </trkpt>
      <trkpt lat="45.751740000" lon="5.714850000">
        <ele>259.000</ele>
      </trkpt>
      <trkpt lat="45.751860000" lon="5.714670000">
        <ele>257.000</ele>
      </trkpt>
      <trkpt lat="45.751920000" lon="5.714530000">
        <ele>256.000</ele>
      </trkpt>
      <trkpt lat="45.751940000" lon="5.714490000">
        <ele>255.000</ele>
      </trkpt>
      <trkpt lat="45.752050000" lon="5.714220000">
        <ele>254.000</ele>
      </trkpt>
      <trkpt lat="45.752070000" lon="5.713990000">
        <ele>253.000</ele>
      </trkpt>
      <trkpt lat="45.752100000" lon="5.713790000">
        <ele>252.000</ele>
      </trkpt>
      <trkpt lat="45.752140000" lon="5.713640000">
        <ele>252.000</ele>
      </trkpt>
      <trkpt lat="45.752180000" lon="5.713480000">
        <ele>251.000</ele>
      </trkpt>
      <trkpt lat="45.752220000" lon="5.713390000">
        <ele>250.000</ele>
      </trkpt>
      <trkpt lat="45.752260000" lon="5.713260000">
        <ele>250.000</ele>
      </trkpt>
      <trkpt lat="45.752270000" lon="5.713200000">
        <ele>250.000</ele>
      </trkpt>
      <trkpt lat="45.752360000" lon="5.712970000">
        <ele>249.000</ele>
      </trkpt>
      <trkpt lat="45.752410000" lon="5.712860000">
        <ele>248.000</ele>
      </trkpt>
      <trkpt lat="45.752490000" lon="5.712670000">
        <ele>248.000</ele>
      </trkpt>
      <trkpt lat="45.752620000" lon="5.712320000">
        <ele>247.000</ele>
      </trkpt>
      <trkpt lat="45.752710000" lon="5.712080000">
        <ele>246.000</ele>
      </trkpt>
      <trkpt lat="45.752740000" lon="5.712020000">
        <ele>245.000</ele>
      </trkpt>
      <trkpt lat="45.752920000" lon="5.711620000">
        <ele>244.000</ele>
      </trkpt>
      <trkpt lat="45.752970000" lon="5.711510000">
        <ele>243.000</ele>
      </trkpt>
      <trkpt lat="45.753260000" lon="5.710950000">
        <ele>241.000</ele>
      </trkpt>
      <trkpt lat="45.753320000" lon="5.710800000">
        <ele>239.000</ele>
      </trkpt>
      <trkpt lat="45.753370000" lon="5.710580000">
        <ele>238.000</ele>
      </trkpt>
      <trkpt lat="45.753440000" lon="5.710300000">
        <ele>237.000</ele>
      </trkpt>
      <trkpt lat="45.753450000" lon="5.710230000">
        <ele>236.000</ele>
      </trkpt>
      <trkpt lat="45.753550000" lon="5.709800000">
        <ele>236.000</ele>
      </trkpt>
      <trkpt lat="45.753590000" lon="5.709650000">
        <ele>235.000</ele>
      </trkpt>
      <trkpt lat="45.753620000" lon="5.709460000">
        <ele>235.000</ele>
      </trkpt>
      <trkpt lat="45.753630000" lon="5.709360000">
        <ele>235.000</ele>
      </trkpt>
      <trkpt lat="45.753620000" lon="5.709170000">
        <ele>235.000</ele>
      </trkpt>
      <trkpt lat="45.753600000" lon="5.709040000">
        <ele>234.000</ele>
      </trkpt>
      <trkpt lat="45.753530000" lon="5.708870000">
        <ele>234.000</ele>
      </trkpt>
      <trkpt lat="45.753440000" lon="5.708750000">
        <ele>234.000</ele>
      </trkpt>
      <trkpt lat="45.753380000" lon="5.708690000">
        <ele>234.000</ele>
      </trkpt>
      <trkpt lat="45.753290000" lon="5.708630000">
        <ele>234.000</ele>
      </trkpt>
      <trkpt lat="45.753100000" lon="5.708580000">
        <ele>234.000</ele>
      </trkpt>
      <trkpt lat="45.752450000" lon="5.708580000">
        <ele>233.000</ele>
      </trkpt>
      <trkpt lat="45.751530000" lon="5.708580000">
        <ele>233.000</ele>
      </trkpt>
      <trkpt lat="45.751060000" lon="5.708590000">
        <ele>232.000</ele>
      </trkpt>
      <trkpt lat="45.750930000" lon="5.708560000">
        <ele>231.000</ele>
      </trkpt>
      <trkpt lat="45.750860000" lon="5.708480000">
        <ele>231.000</ele>
      </trkpt>
      <trkpt lat="45.750830000" lon="5.708350000">
        <ele>231.000</ele>
      </trkpt>
      <trkpt lat="45.750760000" lon="5.707840000">
        <ele>230.000</ele>
      </trkpt>
      <trkpt lat="45.750750000" lon="5.707610000">
        <ele>230.000</ele>
      </trkpt>
      <trkpt lat="45.750780000" lon="5.707220000">
        <ele>230.000</ele>
      </trkpt>
      <trkpt lat="45.751200000" lon="5.707320000">
        <ele>230.000</ele>
      </trkpt>
      <trkpt lat="45.751470000" lon="5.707440000">
        <ele>230.000</ele>
      </trkpt>
      <trkpt lat="45.751700000" lon="5.707590000">
        <ele>230.000</ele>
      </trkpt>
      <trkpt lat="45.752020000" lon="5.707830000">
        <ele>230.000</ele>
      </trkpt>
      <trkpt lat="45.752330000" lon="5.708040000">
        <ele>230.000</ele>
      </trkpt>
      <trkpt lat="45.752540000" lon="5.708140000">
        <ele>230.000</ele>
      </trkpt>
      <trkpt lat="45.752790000" lon="5.708240000">
        <ele>231.000</ele>
      </trkpt>
      <trkpt lat="45.753010000" lon="5.708260000">
        <ele>231.000</ele>
      </trkpt>
      <trkpt lat="45.753240000" lon="5.708260000">
        <ele>231.000</ele>
      </trkpt>
      <trkpt lat="45.753460000" lon="5.708210000">
        <ele>232.000</ele>
      </trkpt>
      <trkpt lat="45.753790000" lon="5.708080000">
        <ele>232.000</ele>
      </trkpt>
      <trkpt lat="45.754630000" lon="5.707730000">
        <ele>233.000</ele>
      </trkpt>
      <trkpt lat="45.754630000" lon="5.707730000">
        <ele>233.000</ele>
      </trkpt>
      <trkpt lat="45.754990000" lon="5.707580000">
        <ele>234.000</ele>
      </trkpt>
      <trkpt lat="45.755830000" lon="5.707240000">
        <ele>234.000</ele>
      </trkpt>
      <trkpt lat="45.756170000" lon="5.707080000">
        <ele>233.000</ele>
      </trkpt>
      <trkpt lat="45.756440000" lon="5.706900000">
        <ele>233.000</ele>
      </trkpt>
      <trkpt lat="45.756720000" lon="5.706650000">
        <ele>233.000</ele>
      </trkpt>
      <trkpt lat="45.756860000" lon="5.706490000">
        <ele>232.000</ele>
      </trkpt>
      <trkpt lat="45.756940000" lon="5.706430000">
        <ele>232.000</ele>
      </trkpt>
      <trkpt lat="45.757000000" lon="5.706360000">
        <ele>231.000</ele>
      </trkpt>
      <trkpt lat="45.757080000" lon="5.706260000">
        <ele>231.000</ele>
      </trkpt>
      <trkpt lat="45.757270000" lon="5.706030000">
        <ele>231.000</ele>
      </trkpt>
      <trkpt lat="45.757360000" lon="5.705930000">
        <ele>230.000</ele>
      </trkpt>
      <trkpt lat="45.757430000" lon="5.705860000">
        <ele>230.000</ele>
      </trkpt>
      <trkpt lat="45.757590000" lon="5.705760000">
        <ele>229.000</ele>
      </trkpt>
      <trkpt lat="45.757710000" lon="5.705720000">
        <ele>229.000</ele>
      </trkpt>
      <trkpt lat="45.757810000" lon="5.705710000">
        <ele>229.000</ele>
      </trkpt>
      <trkpt lat="45.757920000" lon="5.705740000">
        <ele>228.000</ele>
      </trkpt>
      <trkpt lat="45.757980000" lon="5.705770000">
        <ele>228.000</ele>
      </trkpt>
      <trkpt lat="45.758010000" lon="5.705830000">
        <ele>228.000</ele>
      </trkpt>
      <trkpt lat="45.758030000" lon="5.705880000">
        <ele>228.000</ele>
      </trkpt>
      <trkpt lat="45.758070000" lon="5.705990000">
        <ele>228.000</ele>
      </trkpt>
      <trkpt lat="45.758070000" lon="5.706110000">
        <ele>228.000</ele>
      </trkpt>
      <trkpt lat="45.758030000" lon="5.706350000">
        <ele>229.000</ele>
      </trkpt>
      <trkpt lat="45.757980000" lon="5.706580000">
        <ele>229.000</ele>
      </trkpt>
      <trkpt lat="45.757930000" lon="5.706820000">
        <ele>230.000</ele>
      </trkpt>
      <trkpt lat="45.757890000" lon="5.707080000">
        <ele>230.000</ele>
      </trkpt>
      <trkpt lat="45.757850000" lon="5.707350000">
        <ele>231.000</ele>
      </trkpt>
      <trkpt lat="45.757810000" lon="5.707680000">
        <ele>232.000</ele>
      </trkpt>
      <trkpt lat="45.757810000" lon="5.708180000">
        <ele>233.000</ele>
      </trkpt>
      <trkpt lat="45.757870000" lon="5.708690000">
        <ele>234.000</ele>
      </trkpt>
      <trkpt lat="45.758040000" lon="5.709580000">
        <ele>235.000</ele>
      </trkpt>
      <trkpt lat="45.758160000" lon="5.710200000">
        <ele>237.000</ele>
      </trkpt>
      <trkpt lat="45.758300000" lon="5.710740000">
        <ele>238.000</ele>
      </trkpt>
      <trkpt lat="45.758470000" lon="5.711240000">
        <ele>239.000</ele>
      </trkpt>
      <trkpt lat="45.758940000" lon="5.712260000">
        <ele>241.000</ele>
      </trkpt>
      <trkpt lat="45.759120000" lon="5.712620000">
        <ele>242.000</ele>
      </trkpt>
      <trkpt lat="45.759330000" lon="5.712920000">
        <ele>243.000</ele>
      </trkpt>
      <trkpt lat="45.760370000" lon="5.714100000">
        <ele>245.000</ele>
      </trkpt>
      <trkpt lat="45.760660000" lon="5.714450000">
        <ele>246.000</ele>
      </trkpt>
      <trkpt lat="45.761070000" lon="5.715010000">
        <ele>245.000</ele>
      </trkpt>
      <trkpt lat="45.761570000" lon="5.715710000">
        <ele>243.000</ele>
      </trkpt>
      <trkpt lat="45.761710000" lon="5.715980000">
        <ele>241.000</ele>
      </trkpt>
      <trkpt lat="45.761880000" lon="5.716500000">
        <ele>240.000</ele>
      </trkpt>
      <trkpt lat="45.762160000" lon="5.717380000">
        <ele>240.000</ele>
      </trkpt>
      <trkpt lat="45.762690000" lon="5.719170000">
        <ele>241.000</ele>
      </trkpt>
      <trkpt lat="45.762830000" lon="5.719700000">
        <ele>242.000</ele>
      </trkpt>
      <trkpt lat="45.762970000" lon="5.720360000">
        <ele>243.000</ele>
      </trkpt>
      <trkpt lat="45.763320000" lon="5.722460000">
        <ele>244.000</ele>
      </trkpt>
      <trkpt lat="45.763430000" lon="5.723290000">
        <ele>244.000</ele>
      </trkpt>
      <trkpt lat="45.763480000" lon="5.724020000">
        <ele>243.000</ele>
      </trkpt>
      <trkpt lat="45.763450000" lon="5.724510000">
        <ele>242.000</ele>
      </trkpt>
      <trkpt lat="45.763410000" lon="5.724990000">
        <ele>242.000</ele>
      </trkpt>
      <trkpt lat="45.763250000" lon="5.725670000">
        <ele>241.000</ele>
      </trkpt>
      <trkpt lat="45.763090000" lon="5.726110000">
        <ele>240.000</ele>
      </trkpt>
      <trkpt lat="45.762650000" lon="5.727020000">
        <ele>239.000</ele>
      </trkpt>
      <trkpt lat="45.762350000" lon="5.727590000">
        <ele>239.000</ele>
      </trkpt>
      <trkpt lat="45.761920000" lon="5.728470000">
        <ele>239.000</ele>
      </trkpt>
      <trkpt lat="45.761650000" lon="5.729000000">
        <ele>239.000</ele>
      </trkpt>
      <trkpt lat="45.761470000" lon="5.729500000">
        <ele>240.000</ele>
      </trkpt>
      <trkpt lat="45.761350000" lon="5.729980000">
        <ele>240.000</ele>
      </trkpt>
      <trkpt lat="45.761250000" lon="5.730690000">
        <ele>241.000</ele>
      </trkpt>
      <trkpt lat="45.761180000" lon="5.731380000">
        <ele>242.000</ele>
      </trkpt>
      <trkpt lat="45.761180000" lon="5.731380000">
        <ele>242.000</ele>
      </trkpt>
      <trkpt lat="45.761120000" lon="5.731960000">
        <ele>243.000</ele>
      </trkpt>
      <trkpt lat="45.761090000" lon="5.732240000">
        <ele>243.000</ele>
      </trkpt>
      <trkpt lat="45.761060000" lon="5.732370000">
        <ele>243.000</ele>
      </trkpt>
      <trkpt lat="45.760460000" lon="5.734930000">
        <ele>244.000</ele>
      </trkpt>
      <trkpt lat="45.760330000" lon="5.735500000">
        <ele>244.000</ele>
      </trkpt>
      <trkpt lat="45.760010000" lon="5.736870000">
        <ele>245.000</ele>
      </trkpt>
      <trkpt lat="45.759920000" lon="5.737350000">
        <ele>245.000</ele>
      </trkpt>
      <trkpt lat="45.759880000" lon="5.737760000">
        <ele>246.000</ele>
      </trkpt>
      <trkpt lat="45.759870000" lon="5.738250000">
        <ele>246.000</ele>
      </trkpt>
      <trkpt lat="45.759920000" lon="5.738770000">
        <ele>246.000</ele>
      </trkpt>
      <trkpt lat="45.760010000" lon="5.739170000">
        <ele>246.000</ele>
      </trkpt>
      <trkpt lat="45.760130000" lon="5.739560000">
        <ele>246.000</ele>
      </trkpt>
      <trkpt lat="45.760220000" lon="5.739830000">
        <ele>245.000</ele>
      </trkpt>
      <trkpt lat="45.760490000" lon="5.740320000">
        <ele>245.000</ele>
      </trkpt>
      <trkpt lat="45.760650000" lon="5.740610000">
        <ele>245.000</ele>
      </trkpt>
      <trkpt lat="45.760940000" lon="5.741150000">
        <ele>245.000</ele>
      </trkpt>
      <trkpt lat="45.761060000" lon="5.741370000">
        <ele>245.000</ele>
      </trkpt>
      <trkpt lat="45.761420000" lon="5.742030000">
        <ele>245.000</ele>
      </trkpt>
      <trkpt lat="45.763190000" lon="5.745310000">
        <ele>245.000</ele>
      </trkpt>
      <trkpt lat="45.763650000" lon="5.746150000">
        <ele>246.000</ele>
      </trkpt>
      <trkpt lat="45.764280000" lon="5.747250000">
        <ele>248.000</ele>
      </trkpt>
      <trkpt lat="45.764770000" lon="5.748100000">
        <ele>249.000</ele>
      </trkpt>
      <trkpt lat="45.765210000" lon="5.748850000">
        <ele>250.000</ele>
      </trkpt>
      <trkpt lat="45.765340000" lon="5.749160000">
        <ele>251.000</ele>
      </trkpt>
      <trkpt lat="45.765410000" lon="5.749440000">
        <ele>252.000</ele>
      </trkpt>
      <trkpt lat="45.765450000" lon="5.749710000">
        <ele>253.000</ele>
      </trkpt>
      <trkpt lat="45.765460000" lon="5.750030000">
        <ele>254.000</ele>
      </trkpt>
      <trkpt lat="45.765420000" lon="5.750340000">
        <ele>255.000</ele>
      </trkpt>
      <trkpt lat="45.765120000" lon="5.751740000">
        <ele>256.000</ele>
      </trkpt>
      <trkpt lat="45.765040000" lon="5.752320000">
        <ele>256.000</ele>
      </trkpt>
      <trkpt lat="45.765050000" lon="5.752790000">
        <ele>256.000</ele>
      </trkpt>
      <trkpt lat="45.765120000" lon="5.753160000">
        <ele>255.000</ele>
      </trkpt>
      <trkpt lat="45.765180000" lon="5.753290000">
        <ele>255.000</ele>
      </trkpt>
      <trkpt lat="45.765290000" lon="5.753520000">
        <ele>254.000</ele>
      </trkpt>
      <trkpt lat="45.765380000" lon="5.753630000">
        <ele>253.000</ele>
      </trkpt>
      <trkpt lat="45.765570000" lon="5.753770000">
        <ele>253.000</ele>
      </trkpt>
      <trkpt lat="45.765680000" lon="5.753850000">
        <ele>252.000</ele>
      </trkpt>
      <trkpt lat="45.766170000" lon="5.754090000">
        <ele>251.000</ele>
      </trkpt>
      <trkpt lat="45.766630000" lon="5.754240000">
        <ele>250.000</ele>
      </trkpt>
      <trkpt lat="45.767070000" lon="5.754440000">
        <ele>249.000</ele>
      </trkpt>
      <trkpt lat="45.767210000" lon="5.754550000">
        <ele>248.000</ele>
      </trkpt>
      <trkpt lat="45.767420000" lon="5.754700000">
        <ele>247.000</ele>
      </trkpt>
      <trkpt lat="45.767780000" lon="5.755020000">
        <ele>246.000</ele>
      </trkpt>
      <trkpt lat="45.768190000" lon="5.755450000">
        <ele>245.000</ele>
      </trkpt>
      <trkpt lat="45.768510000" lon="5.755740000">
        <ele>245.000</ele>
      </trkpt>
      <trkpt lat="45.769120000" lon="5.756150000">
        <ele>245.000</ele>
      </trkpt>
      <trkpt lat="45.769850000" lon="5.756650000">
        <ele>246.000</ele>
      </trkpt>
      <trkpt lat="45.770920000" lon="5.757340000">
        <ele>243.000</ele>
      </trkpt>
      <trkpt lat="45.771350000" lon="5.757680000">
        <ele>241.000</ele>
      </trkpt>
      <trkpt lat="45.771650000" lon="5.757990000">
        <ele>238.000</ele>
      </trkpt>
      <trkpt lat="45.771690000" lon="5.758050000">
        <ele>237.000</ele>
      </trkpt>
      <trkpt lat="45.771870000" lon="5.758300000">
        <ele>236.000</ele>
      </trkpt>
      <trkpt lat="45.772130000" lon="5.758710000">
        <ele>236.000</ele>
      </trkpt>
      <trkpt lat="45.772400000" lon="5.759170000">
        <ele>236.000</ele>
      </trkpt>
      <trkpt lat="45.772820000" lon="5.759940000">
        <ele>237.000</ele>
      </trkpt>
      <trkpt lat="45.773610000" lon="5.761390000">
        <ele>238.000</ele>
      </trkpt>
      <trkpt lat="45.773940000" lon="5.761930000">
        <ele>239.000</ele>
      </trkpt>
      <trkpt lat="45.774240000" lon="5.762370000">
        <ele>239.000</ele>
      </trkpt>
      <trkpt lat="45.775360000" lon="5.763740000">
        <ele>237.000</ele>
      </trkpt>
      <trkpt lat="45.776730000" lon="5.765410000">
        <ele>236.000</ele>
      </trkpt>
      <trkpt lat="45.777030000" lon="5.765770000">
        <ele>235.000</ele>
      </trkpt>
      <trkpt lat="45.778220000" lon="5.767220000">
        <ele>235.000</ele>
      </trkpt>
      <trkpt lat="45.779410000" lon="5.768660000">
        <ele>236.000</ele>
      </trkpt>
      <trkpt lat="45.779820000" lon="5.769050000">
        <ele>236.000</ele>
      </trkpt>
      <trkpt lat="45.780140000" lon="5.769230000">
        <ele>236.000</ele>
      </trkpt>
      <trkpt lat="45.780460000" lon="5.769330000">
        <ele>236.000</ele>
      </trkpt>
      <trkpt lat="45.780780000" lon="5.769370000">
        <ele>236.000</ele>
      </trkpt>
      <trkpt lat="45.781200000" lon="5.769330000">
        <ele>236.000</ele>
      </trkpt>
      <trkpt lat="45.781730000" lon="5.769220000">
        <ele>236.000</ele>
      </trkpt>
      <trkpt lat="45.782330000" lon="5.769140000">
        <ele>236.000</ele>
      </trkpt>
      <trkpt lat="45.782340000" lon="5.769190000">
        <ele>236.000</ele>
      </trkpt>
      <trkpt lat="45.782350000" lon="5.769230000">
        <ele>236.000</ele>
      </trkpt>
      <trkpt lat="45.782380000" lon="5.769280000">
        <ele>237.000</ele>
      </trkpt>
      <trkpt lat="45.782420000" lon="5.769310000">
        <ele>237.000</ele>
      </trkpt>
      <trkpt lat="45.782460000" lon="5.769320000">
        <ele>237.000</ele>
      </trkpt>
      <trkpt lat="45.782500000" lon="5.769310000">
        <ele>237.000</ele>
      </trkpt>
      <trkpt lat="45.782540000" lon="5.769290000">
        <ele>237.000</ele>
      </trkpt>
      <trkpt lat="45.782570000" lon="5.769250000">
        <ele>237.000</ele>
      </trkpt>
      <trkpt lat="45.782590000" lon="5.769190000">
        <ele>237.000</ele>
      </trkpt>
      <trkpt lat="45.782600000" lon="5.769140000">
        <ele>237.000</ele>
      </trkpt>
      <trkpt lat="45.782940000" lon="5.769190000">
        <ele>237.000</ele>
      </trkpt>
      <trkpt lat="45.783330000" lon="5.769280000">
        <ele>237.000</ele>
      </trkpt>
      <trkpt lat="45.784600000" lon="5.769730000">
        <ele>236.000</ele>
      </trkpt>
      <trkpt lat="45.785120000" lon="5.769910000">
        <ele>234.000</ele>
      </trkpt>
      <trkpt lat="45.785580000" lon="5.770050000">
        <ele>233.000</ele>
      </trkpt>
      <trkpt lat="45.785970000" lon="5.770100000">
        <ele>233.000</ele>
      </trkpt>
      <trkpt lat="45.786340000" lon="5.770080000">
        <ele>232.000</ele>
      </trkpt>
      <trkpt lat="45.787050000" lon="5.769970000">
        <ele>231.000</ele>
      </trkpt>
      <trkpt lat="45.788430000" lon="5.769760000">
        <ele>231.000</ele>
      </trkpt>
      <trkpt lat="45.788850000" lon="5.769750000">
        <ele>231.000</ele>
      </trkpt>
      <trkpt lat="45.789230000" lon="5.769790000">
        <ele>231.000</ele>
      </trkpt>
      <trkpt lat="45.789350000" lon="5.769810000">
        <ele>231.000</ele>
      </trkpt>
      <trkpt lat="45.790140000" lon="5.769940000">
        <ele>232.000</ele>
      </trkpt>
      <trkpt lat="45.791450000" lon="5.770160000">
        <ele>234.000</ele>
      </trkpt>
      <trkpt lat="45.792210000" lon="5.770290000">
        <ele>234.000</ele>
      </trkpt>
      <trkpt lat="45.794330000" lon="5.770610000">
        <ele>234.000</ele>
      </trkpt>
      <trkpt lat="45.797340000" lon="5.771140000">
        <ele>234.000</ele>
      </trkpt>
      <trkpt lat="45.797410000" lon="5.771150000">
        <ele>233.000</ele>
      </trkpt>
      <trkpt lat="45.798560000" lon="5.771340000">
        <ele>233.000</ele>
      </trkpt>
      <trkpt lat="45.800340000" lon="5.771600000">
        <ele>234.000</ele>
      </trkpt>
      <trkpt lat="45.801750000" lon="5.771870000">
        <ele>234.000</ele>
      </trkpt>
      <trkpt lat="45.802100000" lon="5.771930000">
        <ele>235.000</ele>
      </trkpt>
      <trkpt lat="45.802820000" lon="5.772070000">
        <ele>235.000</ele>
      </trkpt>
      <trkpt lat="45.803160000" lon="5.772200000">
        <ele>235.000</ele>
      </trkpt>
      <trkpt lat="45.803160000" lon="5.772200000">
        <ele>235.000</ele>
      </trkpt>
      <trkpt lat="45.803680000" lon="5.772400000">
        <ele>235.000</ele>
      </trkpt>
      <trkpt lat="45.804820000" lon="5.773020000">
        <ele>235.000</ele>
      </trkpt>
      <trkpt lat="45.807140000" lon="5.774400000">
        <ele>235.000</ele>
      </trkpt>
      <trkpt lat="45.807220000" lon="5.774440000">
        <ele>234.000</ele>
      </trkpt>
      <trkpt lat="45.807820000" lon="5.774790000">
        <ele>234.000</ele>
      </trkpt>
      <trkpt lat="45.808250000" lon="5.775100000">
        <ele>234.000</ele>
      </trkpt>
      <trkpt lat="45.808760000" lon="5.775530000">
        <ele>233.000</ele>
      </trkpt>
      <trkpt lat="45.809260000" lon="5.775990000">
        <ele>233.000</ele>
      </trkpt>
      <trkpt lat="45.809350000" lon="5.776070000">
        <ele>232.000</ele>
      </trkpt>
      <trkpt lat="45.809620000" lon="5.776300000">
        <ele>232.000</ele>
      </trkpt>
      <trkpt lat="45.811560000" lon="5.778060000">
        <ele>233.000</ele>
      </trkpt>
      <trkpt lat="45.813800000" lon="5.780050000">
        <ele>236.000</ele>
      </trkpt>
      <trkpt lat="45.814350000" lon="5.780420000">
        <ele>237.000</ele>
      </trkpt>
      <trkpt lat="45.814960000" lon="5.780740000">
        <ele>237.000</ele>
      </trkpt>
      <trkpt lat="45.816640000" lon="5.781280000">
        <ele>236.000</ele>
      </trkpt>
      <trkpt lat="45.816970000" lon="5.781380000">
        <ele>235.000</ele>
      </trkpt>
      <trkpt lat="45.817300000" lon="5.781530000">
        <ele>235.000</ele>
      </trkpt>
      <trkpt lat="45.817930000" lon="5.781900000">
        <ele>234.000</ele>
      </trkpt>
      <trkpt lat="45.819200000" lon="5.782890000">
        <ele>234.000</ele>
      </trkpt>
      <trkpt lat="45.819460000" lon="5.783070000">
        <ele>234.000</ele>
      </trkpt>
      <trkpt lat="45.819810000" lon="5.783270000">
        <ele>234.000</ele>
      </trkpt>
      <trkpt lat="45.820090000" lon="5.783400000">
        <ele>234.000</ele>
      </trkpt>
      <trkpt lat="45.820380000" lon="5.783510000">
        <ele>234.000</ele>
      </trkpt>
      <trkpt lat="45.824040000" lon="5.784530000">
        <ele>233.000</ele>
      </trkpt>
      <trkpt lat="45.826720000" lon="5.785260000">
        <ele>233.000</ele>
      </trkpt>
      <trkpt lat="45.827090000" lon="5.785360000">
        <ele>233.000</ele>
      </trkpt>
      <trkpt lat="45.827600000" lon="5.785550000">
        <ele>234.000</ele>
      </trkpt>
      <trkpt lat="45.828020000" lon="5.785820000">
        <ele>235.000</ele>
      </trkpt>
      <trkpt lat="45.828430000" lon="5.786170000">
        <ele>235.000</ele>
      </trkpt>
      <trkpt lat="45.828710000" lon="5.786470000">
        <ele>236.000</ele>
      </trkpt>
      <trkpt lat="45.828970000" lon="5.786780000">
        <ele>236.000</ele>
      </trkpt>
      <trkpt lat="45.829640000" lon="5.787640000">
        <ele>236.000</ele>
      </trkpt>
      <trkpt lat="45.829720000" lon="5.787730000">
        <ele>236.000</ele>
      </trkpt>
      <trkpt lat="45.830390000" lon="5.788590000">
        <ele>236.000</ele>
      </trkpt>
      <trkpt lat="45.830990000" lon="5.789340000">
        <ele>236.000</ele>
      </trkpt>
      <trkpt lat="45.831250000" lon="5.789670000">
        <ele>236.000</ele>
      </trkpt>
      <trkpt lat="45.831930000" lon="5.790530000">
        <ele>236.000</ele>
      </trkpt>
      <trkpt lat="45.832170000" lon="5.790790000">
        <ele>236.000</ele>
      </trkpt>
      <trkpt lat="45.832360000" lon="5.790940000">
        <ele>236.000</ele>
      </trkpt>
      <trkpt lat="45.832700000" lon="5.791140000">
        <ele>236.000</ele>
      </trkpt>
      <trkpt lat="45.833760000" lon="5.791580000">
        <ele>235.000</ele>
      </trkpt>
      <trkpt lat="45.834490000" lon="5.791880000">
        <ele>235.000</ele>
      </trkpt>
      <trkpt lat="45.834650000" lon="5.791950000">
        <ele>235.000</ele>
      </trkpt>
      <trkpt lat="45.835530000" lon="5.792310000">
        <ele>235.000</ele>
      </trkpt>
      <trkpt lat="45.838870000" lon="5.793650000">
        <ele>235.000</ele>
      </trkpt>
      <trkpt lat="45.839130000" lon="5.793740000">
        <ele>235.000</ele>
      </trkpt>
      <trkpt lat="45.839400000" lon="5.793810000">
        <ele>235.000</ele>
      </trkpt>
      <trkpt lat="45.839510000" lon="5.793840000">
        <ele>235.000</ele>
      </trkpt>
      <trkpt lat="45.839990000" lon="5.793970000">
        <ele>235.000</ele>
      </trkpt>
      <trkpt lat="45.840160000" lon="5.794000000">
        <ele>235.000</ele>
      </trkpt>
      <trkpt lat="45.840370000" lon="5.794080000">
        <ele>235.000</ele>
      </trkpt>
      <trkpt lat="45.840540000" lon="5.794140000">
        <ele>234.000</ele>
      </trkpt>
      <trkpt lat="45.841180000" lon="5.794390000">
        <ele>234.000</ele>
      </trkpt>
      <trkpt lat="45.842730000" lon="5.795020000">
        <ele>235.000</ele>
      </trkpt>
      <trkpt lat="45.843730000" lon="5.795420000">
        <ele>235.000</ele>
      </trkpt>
      <trkpt lat="45.844420000" lon="5.795720000">
        <ele>235.000</ele>
      </trkpt>
      <trkpt lat="45.845350000" lon="5.796230000">
        <ele>236.000</ele>
      </trkpt>
      <trkpt lat="45.845750000" lon="5.796440000">
        <ele>236.000</ele>
      </trkpt>
      <trkpt lat="45.846850000" lon="5.796900000">
        <ele>236.000</ele>
      </trkpt>
      <trkpt lat="45.848980000" lon="5.797760000">
        <ele>236.000</ele>
      </trkpt>
      <trkpt lat="45.849020000" lon="5.797780000">
        <ele>236.000</ele>
      </trkpt>
      <trkpt lat="45.849140000" lon="5.797890000">
        <ele>236.000</ele>
      </trkpt>
      <trkpt lat="45.849220000" lon="5.798000000">
        <ele>236.000</ele>
      </trkpt>
      <trkpt lat="45.849230000" lon="5.798040000">
        <ele>236.000</ele>
      </trkpt>
      <trkpt lat="45.849260000" lon="5.798100000">
        <ele>236.000</ele>
      </trkpt>
      <trkpt lat="45.849260000" lon="5.798160000">
        <ele>236.000</ele>
      </trkpt>
      <trkpt lat="45.849280000" lon="5.798210000">
        <ele>236.000</ele>
      </trkpt>
      <trkpt lat="45.849300000" lon="5.798260000">
        <ele>236.000</ele>
      </trkpt>
      <trkpt lat="45.849340000" lon="5.798300000">
        <ele>236.000</ele>
      </trkpt>
      <trkpt lat="45.849380000" lon="5.798320000">
        <ele>236.000</ele>
      </trkpt>
      <trkpt lat="45.849430000" lon="5.798320000">
        <ele>236.000</ele>
      </trkpt>
      <trkpt lat="45.849470000" lon="5.798300000">
        <ele>236.000</ele>
      </trkpt>
      <trkpt lat="45.849500000" lon="5.798270000">
        <ele>236.000</ele>
      </trkpt>
      <trkpt lat="45.849530000" lon="5.798230000">
        <ele>236.000</ele>
      </trkpt>
      <trkpt lat="45.849540000" lon="5.798180000">
        <ele>236.000</ele>
      </trkpt>
      <trkpt lat="45.849600000" lon="5.798070000">
        <ele>236.000</ele>
      </trkpt>
      <trkpt lat="45.849700000" lon="5.797860000">
        <ele>236.000</ele>
      </trkpt>
      <trkpt lat="45.849890000" lon="5.797460000">
        <ele>236.000</ele>
      </trkpt>
      <trkpt lat="45.849940000" lon="5.797290000">
        <ele>236.000</ele>
      </trkpt>
      <trkpt lat="45.850550000" lon="5.795900000">
        <ele>236.000</ele>
      </trkpt>
      <trkpt lat="45.850590000" lon="5.795800000">
        <ele>236.000</ele>
      </trkpt>
      <trkpt lat="45.850700000" lon="5.795560000">
        <ele>236.000</ele>
      </trkpt>
      <trkpt lat="45.850940000" lon="5.794990000">
        <ele>236.000</ele>
      </trkpt>
      <trkpt lat="45.851150000" lon="5.794690000">
        <ele>236.000</ele>
      </trkpt>
      <trkpt lat="45.851200000" lon="5.794630000">
        <ele>236.000</ele>
      </trkpt>
      <trkpt lat="45.851250000" lon="5.794580000">
        <ele>236.000</ele>
      </trkpt>
      <trkpt lat="45.851300000" lon="5.794570000">
        <ele>236.000</ele>
      </trkpt>
      <trkpt lat="45.851340000" lon="5.794530000">
        <ele>236.000</ele>
      </trkpt>
      <trkpt lat="45.851380000" lon="5.794480000">
        <ele>236.000</ele>
      </trkpt>
      <trkpt lat="45.851400000" lon="5.794410000">
        <ele>236.000</ele>
      </trkpt>
      <trkpt lat="45.851410000" lon="5.794340000">
        <ele>236.000</ele>
      </trkpt>
      <trkpt lat="45.851410000" lon="5.794270000">
        <ele>236.000</ele>
      </trkpt>
      <trkpt lat="45.851380000" lon="5.794200000">
        <ele>236.000</ele>
      </trkpt>
      <trkpt lat="45.851330000" lon="5.794140000">
        <ele>236.000</ele>
      </trkpt>
      <trkpt lat="45.851290000" lon="5.794110000">
        <ele>236.000</ele>
      </trkpt>
      <trkpt lat="45.851240000" lon="5.794100000">
        <ele>236.000</ele>
      </trkpt>
      <trkpt lat="45.851180000" lon="5.794110000">
        <ele>236.000</ele>
      </trkpt>
      <trkpt lat="45.851040000" lon="5.794050000">
        <ele>236.000</ele>
      </trkpt>
      <trkpt lat="45.850940000" lon="5.793960000">
        <ele>236.000</ele>
      </trkpt>
      <trkpt lat="45.850750000" lon="5.793800000">
        <ele>237.000</ele>
      </trkpt>
      <trkpt lat="45.850700000" lon="5.793750000">
        <ele>237.000</ele>
      </trkpt>
      <trkpt lat="45.850530000" lon="5.793590000">
        <ele>237.000</ele>
      </trkpt>
      <trkpt lat="45.850250000" lon="5.793370000">
        <ele>237.000</ele>
      </trkpt>
      <trkpt lat="45.850150000" lon="5.793300000">
        <ele>237.000</ele>
      </trkpt>
      <trkpt lat="45.850030000" lon="5.793200000">
        <ele>237.000</ele>
      </trkpt>
      <trkpt lat="45.849580000" lon="5.792900000">
        <ele>238.000</ele>
      </trkpt>
      <trkpt lat="45.849270000" lon="5.792680000">
        <ele>238.000</ele>
      </trkpt>
      <trkpt lat="45.849220000" lon="5.792640000">
        <ele>238.000</ele>
      </trkpt>
      <trkpt lat="45.849220000" lon="5.792640000">
        <ele>238.000</ele>
      </trkpt>
      <trkpt lat="45.849220000" lon="5.792640000">
        <ele>238.000</ele>
      </trkpt>
      <trkpt lat="45.849180000" lon="5.792590000">
        <ele>238.000</ele>
      </trkpt>
      <trkpt lat="45.849090000" lon="5.792490000">
        <ele>238.000</ele>
      </trkpt>
      <trkpt lat="45.849070000" lon="5.792470000">
        <ele>238.000</ele>
      </trkpt>
      <trkpt lat="45.848940000" lon="5.792280000">
        <ele>238.000</ele>
      </trkpt>
      <trkpt lat="45.848910000" lon="5.792240000">
        <ele>238.000</ele>
      </trkpt>
      <trkpt lat="45.848790000" lon="5.791950000">
        <ele>238.000</ele>
      </trkpt>
      <trkpt lat="45.848730000" lon="5.791590000">
        <ele>238.000</ele>
      </trkpt>
      <trkpt lat="45.848620000" lon="5.790960000">
        <ele>238.000</ele>
      </trkpt>
      <trkpt lat="45.848430000" lon="5.789860000">
        <ele>237.000</ele>
      </trkpt>
      <trkpt lat="45.848380000" lon="5.789620000">
        <ele>237.000</ele>
      </trkpt>
      <trkpt lat="45.848260000" lon="5.788910000">
        <ele>237.000</ele>
      </trkpt>
      <trkpt lat="45.848140000" lon="5.788300000">
        <ele>237.000</ele>
      </trkpt>
      <trkpt lat="45.848050000" lon="5.787740000">
        <ele>238.000</ele>
      </trkpt>
      <trkpt lat="45.847980000" lon="5.787330000">
        <ele>238.000</ele>
      </trkpt>
      <trkpt lat="45.847890000" lon="5.786880000">
        <ele>238.000</ele>
      </trkpt>
      <trkpt lat="45.847830000" lon="5.786540000">
        <ele>239.000</ele>
      </trkpt>
      <trkpt lat="45.847800000" lon="5.786340000">
        <ele>239.000</ele>
      </trkpt>
      <trkpt lat="45.847780000" lon="5.786180000">
        <ele>240.000</ele>
      </trkpt>
      <trkpt lat="45.847750000" lon="5.785830000">
        <ele>240.000</ele>
      </trkpt>
      <trkpt lat="45.847730000" lon="5.785420000">
        <ele>240.000</ele>
      </trkpt>
      <trkpt lat="45.847730000" lon="5.785090000">
        <ele>241.000</ele>
      </trkpt>
      <trkpt lat="45.847750000" lon="5.784670000">
        <ele>241.000</ele>
      </trkpt>
      <trkpt lat="45.847840000" lon="5.783840000">
        <ele>242.000</ele>
      </trkpt>
      <trkpt lat="45.847860000" lon="5.783610000">
        <ele>243.000</ele>
      </trkpt>
      <trkpt lat="45.847920000" lon="5.783100000">
        <ele>243.000</ele>
      </trkpt>
      <trkpt lat="45.847950000" lon="5.783100000">
        <ele>244.000</ele>
      </trkpt>
      <trkpt lat="45.848080000" lon="5.783130000">
        <ele>244.000</ele>
      </trkpt>
      <trkpt lat="45.848250000" lon="5.783170000">
        <ele>245.000</ele>
      </trkpt>
      <trkpt lat="45.848320000" lon="5.783170000">
        <ele>245.000</ele>
      </trkpt>
      <trkpt lat="45.848570000" lon="5.783100000">
        <ele>245.000</ele>
      </trkpt>
      <trkpt lat="45.848750000" lon="5.783050000">
        <ele>246.000</ele>
      </trkpt>
      <trkpt lat="45.848820000" lon="5.783050000">
        <ele>246.000</ele>
      </trkpt>
      <trkpt lat="45.848900000" lon="5.783050000">
        <ele>246.000</ele>
      </trkpt>
      <trkpt lat="45.848990000" lon="5.783080000">
        <ele>247.000</ele>
      </trkpt>
      <trkpt lat="45.849070000" lon="5.783110000">
        <ele>247.000</ele>
      </trkpt>
      <trkpt lat="45.849140000" lon="5.783170000">
        <ele>248.000</ele>
      </trkpt>
      <trkpt lat="45.849240000" lon="5.783250000">
        <ele>248.000</ele>
      </trkpt>
      <trkpt lat="45.849660000" lon="5.783640000">
        <ele>249.000</ele>
      </trkpt>
      <trkpt lat="45.849900000" lon="5.783870000">
        <ele>250.000</ele>
      </trkpt>
      <trkpt lat="45.849950000" lon="5.783900000">
        <ele>251.000</ele>
      </trkpt>
      <trkpt lat="45.850010000" lon="5.783930000">
        <ele>251.000</ele>
      </trkpt>
      <trkpt lat="45.850070000" lon="5.783940000">
        <ele>252.000</ele>
      </trkpt>
      <trkpt lat="45.850130000" lon="5.783950000">
        <ele>252.000</ele>
      </trkpt>
      <trkpt lat="45.850190000" lon="5.783950000">
        <ele>253.000</ele>
      </trkpt>
      <trkpt lat="45.850260000" lon="5.783930000">
        <ele>253.000</ele>
      </trkpt>
      <trkpt lat="45.850310000" lon="5.783910000">
        <ele>253.000</ele>
      </trkpt>
      <trkpt lat="45.850420000" lon="5.783860000">
        <ele>254.000</ele>
      </trkpt>
      <trkpt lat="45.850680000" lon="5.783740000">
        <ele>254.000</ele>
      </trkpt>
      <trkpt lat="45.850700000" lon="5.783730000">
        <ele>255.000</ele>
      </trkpt>
      <trkpt lat="45.850740000" lon="5.783740000">
        <ele>255.000</ele>
      </trkpt>
      <trkpt lat="45.850800000" lon="5.783780000">
        <ele>256.000</ele>
      </trkpt>
      <trkpt lat="45.850880000" lon="5.783790000">
        <ele>256.000</ele>
      </trkpt>
      <trkpt lat="45.850910000" lon="5.783790000">
        <ele>256.000</ele>
      </trkpt>
      <trkpt lat="45.850940000" lon="5.783780000">
        <ele>256.000</ele>
      </trkpt>
      <trkpt lat="45.850950000" lon="5.783750000">
        <ele>257.000</ele>
      </trkpt>
      <trkpt lat="45.850960000" lon="5.783710000">
        <ele>257.000</ele>
      </trkpt>
      <trkpt lat="45.850960000" lon="5.783680000">
        <ele>257.000</ele>
      </trkpt>
      <trkpt lat="45.850950000" lon="5.783650000">
        <ele>257.000</ele>
      </trkpt>
      <trkpt lat="45.850930000" lon="5.783630000">
        <ele>257.000</ele>
      </trkpt>
      <trkpt lat="45.850920000" lon="5.783620000">
        <ele>257.000</ele>
      </trkpt>
      <trkpt lat="45.850900000" lon="5.783620000">
        <ele>257.000</ele>
      </trkpt>
      <trkpt lat="45.850880000" lon="5.783620000">
        <ele>258.000</ele>
      </trkpt>
      <trkpt lat="45.850860000" lon="5.783640000">
        <ele>258.000</ele>
      </trkpt>
      <trkpt lat="45.850780000" lon="5.783680000">
        <ele>258.000</ele>
      </trkpt>
      <trkpt lat="45.850750000" lon="5.783700000">
        <ele>258.000</ele>
      </trkpt>
      <trkpt lat="45.850750000" lon="5.783700000">
        <ele>258.000</ele>
      </trkpt>
      <trkpt lat="45.850700000" lon="5.783730000">
        <ele>258.000</ele>
      </trkpt>
      <trkpt lat="45.850740000" lon="5.783740000">
        <ele>258.000</ele>
      </trkpt>
      <trkpt lat="45.850800000" lon="5.783780000">
        <ele>259.000</ele>
      </trkpt>
      <trkpt lat="45.850880000" lon="5.783790000">
        <ele>259.000</ele>
      </trkpt>
      <trkpt lat="45.850910000" lon="5.783790000">
        <ele>259.000</ele>
      </trkpt>
      <trkpt lat="45.850940000" lon="5.783780000">
        <ele>259.000</ele>
      </trkpt>
      <trkpt lat="45.850950000" lon="5.783750000">
        <ele>259.000</ele>
      </trkpt>
      <trkpt lat="45.850960000" lon="5.783710000">
        <ele>260.000</ele>
      </trkpt>
      <trkpt lat="45.850960000" lon="5.783680000">
        <ele>260.000</ele>
      </trkpt>
      <trkpt lat="45.850950000" lon="5.783650000">
        <ele>260.000</ele>
      </trkpt>
      <trkpt lat="45.850930000" lon="5.783630000">
        <ele>260.000</ele>
      </trkpt>
      <trkpt lat="45.850980000" lon="5.783590000">
        <ele>260.000</ele>
      </trkpt>
      <trkpt lat="45.851040000" lon="5.783560000">
        <ele>260.000</ele>
      </trkpt>
      <trkpt lat="45.851340000" lon="5.783410000">
        <ele>261.000</ele>
      </trkpt>
      <trkpt lat="45.851620000" lon="5.783290000">
        <ele>262.000</ele>
      </trkpt>
      <trkpt lat="45.851650000" lon="5.783280000">
        <ele>262.000</ele>
      </trkpt>
      <trkpt lat="45.851730000" lon="5.783270000">
        <ele>263.000</ele>
      </trkpt>
      <trkpt lat="45.851800000" lon="5.783280000">
        <ele>264.000</ele>
      </trkpt>
      <trkpt lat="45.851870000" lon="5.783300000">
        <ele>264.000</ele>
      </trkpt>
      <trkpt lat="45.851910000" lon="5.783340000">
        <ele>265.000</ele>
      </trkpt>
      <trkpt lat="45.851980000" lon="5.783420000">
        <ele>265.000</ele>
      </trkpt>
      <trkpt lat="45.852320000" lon="5.784000000">
        <ele>267.000</ele>
      </trkpt>
      <trkpt lat="45.852440000" lon="5.784190000">
        <ele>268.000</ele>
      </trkpt>
      <trkpt lat="45.852670000" lon="5.784550000">
        <ele>270.000</ele>
      </trkpt>
      <trkpt lat="45.852810000" lon="5.784880000">
        <ele>272.000</ele>
      </trkpt>
      <trkpt lat="45.852850000" lon="5.784990000">
        <ele>274.000</ele>
      </trkpt>
      <trkpt lat="45.852890000" lon="5.785100000">
        <ele>275.000</ele>
      </trkpt>
      <trkpt lat="45.853090000" lon="5.785650000">
        <ele>277.000</ele>
      </trkpt>
      <trkpt lat="45.853200000" lon="5.785920000">
        <ele>279.000</ele>
      </trkpt>
      <trkpt lat="45.853250000" lon="5.786010000">
        <ele>280.000</ele>
      </trkpt>
      <trkpt lat="45.853300000" lon="5.786040000">
        <ele>281.000</ele>
      </trkpt>
      <trkpt lat="45.853380000" lon="5.786040000">
        <ele>282.000</ele>
      </trkpt>
      <trkpt lat="45.853450000" lon="5.786010000">
        <ele>283.000</ele>
      </trkpt>
      <trkpt lat="45.853500000" lon="5.785970000">
        <ele>284.000</ele>
      </trkpt>
      <trkpt lat="45.853540000" lon="5.785920000">
        <ele>285.000</ele>
      </trkpt>
      <trkpt lat="45.853570000" lon="5.785830000">
        <ele>285.000</ele>
      </trkpt>
      <trkpt lat="45.853590000" lon="5.785710000">
        <ele>286.000</ele>
      </trkpt>
      <trkpt lat="45.853610000" lon="5.784970000">
        <ele>288.000</ele>
      </trkpt>
      <trkpt lat="45.853650000" lon="5.783790000">
        <ele>291.000</ele>
      </trkpt>
      <trkpt lat="45.853680000" lon="5.782480000">
        <ele>294.000</ele>
      </trkpt>
      <trkpt lat="45.853700000" lon="5.782180000">
        <ele>297.000</ele>
      </trkpt>
      <trkpt lat="45.853730000" lon="5.781850000">
        <ele>299.000</ele>
      </trkpt>
      <trkpt lat="45.853820000" lon="5.781210000">
        <ele>302.000</ele>
      </trkpt>
      <trkpt lat="45.853840000" lon="5.781010000">
        <ele>304.000</ele>
      </trkpt>
      <trkpt lat="45.853840000" lon="5.780850000">
        <ele>306.000</ele>
      </trkpt>
      <trkpt lat="45.853830000" lon="5.780670000">
        <ele>307.000</ele>
      </trkpt>
      <trkpt lat="45.853810000" lon="5.780480000">
        <ele>309.000</ele>
      </trkpt>
      <trkpt lat="45.853770000" lon="5.780240000">
        <ele>310.000</ele>
      </trkpt>
      <trkpt lat="45.853750000" lon="5.780060000">
        <ele>311.000</ele>
      </trkpt>
      <trkpt lat="45.853760000" lon="5.779960000">
        <ele>312.000</ele>
      </trkpt>
      <trkpt lat="45.853790000" lon="5.779870000">
        <ele>313.000</ele>
      </trkpt>
      <trkpt lat="45.853810000" lon="5.779810000">
        <ele>313.000</ele>
      </trkpt>
      <trkpt lat="45.853820000" lon="5.779800000">
        <ele>314.000</ele>
      </trkpt>
      <trkpt lat="45.853870000" lon="5.779790000">
        <ele>314.000</ele>
      </trkpt>
      <trkpt lat="45.853930000" lon="5.779790000">
        <ele>315.000</ele>
      </trkpt>
      <trkpt lat="45.853980000" lon="5.779810000">
        <ele>315.000</ele>
      </trkpt>
      <trkpt lat="45.854030000" lon="5.779860000">
        <ele>316.000</ele>
      </trkpt>
      <trkpt lat="45.854080000" lon="5.779940000">
        <ele>316.000</ele>
      </trkpt>
      <trkpt lat="45.854140000" lon="5.780100000">
        <ele>317.000</ele>
      </trkpt>
      <trkpt lat="45.854220000" lon="5.780270000">
        <ele>318.000</ele>
      </trkpt>
      <trkpt lat="45.854470000" lon="5.780620000">
        <ele>320.000</ele>
      </trkpt>
      <trkpt lat="45.854550000" lon="5.780810000">
        <ele>321.000</ele>
      </trkpt>
      <trkpt lat="45.854700000" lon="5.781290000">
        <ele>323.000</ele>
      </trkpt>
      <trkpt lat="45.854800000" lon="5.781550000">
        <ele>326.000</ele>
      </trkpt>
      <trkpt lat="45.854950000" lon="5.781880000">
        <ele>328.000</ele>
      </trkpt>
      <trkpt lat="45.855240000" lon="5.782490000">
        <ele>331.000</ele>
      </trkpt>
      <trkpt lat="45.855310000" lon="5.782630000">
        <ele>333.000</ele>
      </trkpt>
      <trkpt lat="45.855360000" lon="5.782700000">
        <ele>334.000</ele>
      </trkpt>
      <trkpt lat="45.855460000" lon="5.782840000">
        <ele>336.000</ele>
      </trkpt>
      <trkpt lat="45.855720000" lon="5.783130000">
        <ele>338.000</ele>
      </trkpt>
      <trkpt lat="45.855790000" lon="5.783230000">
        <ele>339.000</ele>
      </trkpt>
      <trkpt lat="45.855910000" lon="5.783420000">
        <ele>340.000</ele>
      </trkpt>
      <trkpt lat="45.855980000" lon="5.783490000">
        <ele>341.000</ele>
      </trkpt>
      <trkpt lat="45.856170000" lon="5.783670000">
        <ele>343.000</ele>
      </trkpt>
      <trkpt lat="45.856320000" lon="5.783740000">
        <ele>344.000</ele>
      </trkpt>
      <trkpt lat="45.856760000" lon="5.783970000">
        <ele>346.000</ele>
      </trkpt>
      <trkpt lat="45.856880000" lon="5.784010000">
        <ele>349.000</ele>
      </trkpt>
      <trkpt lat="45.857010000" lon="5.784060000">
        <ele>350.000</ele>
      </trkpt>
      <trkpt lat="45.857410000" lon="5.784170000">
        <ele>353.000</ele>
      </trkpt>
      <trkpt lat="45.857530000" lon="5.784190000">
        <ele>355.000</ele>
      </trkpt>
      <trkpt lat="45.857590000" lon="5.784170000">
        <ele>357.000</ele>
      </trkpt>
      <trkpt lat="45.857640000" lon="5.784140000">
        <ele>358.000</ele>
      </trkpt>
      <trkpt lat="45.857670000" lon="5.784090000">
        <ele>359.000</ele>
      </trkpt>
      <trkpt lat="45.857680000" lon="5.784030000">
        <ele>360.000</ele>
      </trkpt>
      <trkpt lat="45.857680000" lon="5.783930000">
        <ele>361.000</ele>
      </trkpt>
      <trkpt lat="45.857650000" lon="5.783840000">
        <ele>362.000</ele>
      </trkpt>
      <trkpt lat="45.857570000" lon="5.783740000">
        <ele>362.000</ele>
      </trkpt>
      <trkpt lat="45.857380000" lon="5.783590000">
        <ele>364.000</ele>
      </trkpt>
      <trkpt lat="45.857310000" lon="5.783500000">
        <ele>365.000</ele>
      </trkpt>
      <trkpt lat="45.857280000" lon="5.783420000">
        <ele>366.000</ele>
      </trkpt>
      <trkpt lat="45.857240000" lon="5.783300000">
        <ele>367.000</ele>
      </trkpt>
      <trkpt lat="45.857150000" lon="5.783010000">
        <ele>369.000</ele>
      </trkpt>
      <trkpt lat="45.857100000" lon="5.782790000">
        <ele>371.000</ele>
      </trkpt>
      <trkpt lat="45.856890000" lon="5.781830000">
        <ele>375.000</ele>
      </trkpt>
      <trkpt lat="45.856850000" lon="5.781700000">
        <ele>378.000</ele>
      </trkpt>
      <trkpt lat="45.856850000" lon="5.781610000">
        <ele>380.000</ele>
      </trkpt>
      <trkpt lat="45.856860000" lon="5.781550000">
        <ele>382.000</ele>
      </trkpt>
      <trkpt lat="45.856900000" lon="5.781470000">
        <ele>383.000</ele>
      </trkpt>
      <trkpt lat="45.856940000" lon="5.781440000">
        <ele>384.000</ele>
      </trkpt>
      <trkpt lat="45.857000000" lon="5.781440000">
        <ele>385.000</ele>
      </trkpt>
      <trkpt lat="45.857040000" lon="5.781460000">
        <ele>386.000</ele>
      </trkpt>
      <trkpt lat="45.857090000" lon="5.781510000">
        <ele>387.000</ele>
      </trkpt>
      <trkpt lat="45.857160000" lon="5.781600000">
        <ele>388.000</ele>
      </trkpt>
      <trkpt lat="45.857230000" lon="5.781670000">
        <ele>389.000</ele>
      </trkpt>
      <trkpt lat="45.857330000" lon="5.781740000">
        <ele>390.000</ele>
      </trkpt>
      <trkpt lat="45.857630000" lon="5.781920000">
        <ele>392.000</ele>
      </trkpt>
      <trkpt lat="45.857980000" lon="5.782120000">
        <ele>395.000</ele>
      </trkpt>
      <trkpt lat="45.858030000" lon="5.782140000">
        <ele>397.000</ele>
      </trkpt>
      <trkpt lat="45.858120000" lon="5.782220000">
        <ele>399.000</ele>
      </trkpt>
      <trkpt lat="45.858260000" lon="5.782380000">
        <ele>401.000</ele>
      </trkpt>
      <trkpt lat="45.858300000" lon="5.782400000">
        <ele>403.000</ele>
      </trkpt>
      <trkpt lat="45.858330000" lon="5.782410000">
        <ele>404.000</ele>
      </trkpt>
      <trkpt lat="45.858360000" lon="5.782400000">
        <ele>405.000</ele>
      </trkpt>
      <trkpt lat="45.858400000" lon="5.782390000">
        <ele>406.000</ele>
      </trkpt>
      <trkpt lat="45.858420000" lon="5.782350000">
        <ele>406.000</ele>
      </trkpt>
      <trkpt lat="45.858440000" lon="5.782300000">
        <ele>407.000</ele>
      </trkpt>
      <trkpt lat="45.858440000" lon="5.782240000">
        <ele>408.000</ele>
      </trkpt>
      <trkpt lat="45.858440000" lon="5.782180000">
        <ele>408.000</ele>
      </trkpt>
      <trkpt lat="45.858410000" lon="5.782120000">
        <ele>409.000</ele>
      </trkpt>
      <trkpt lat="45.858320000" lon="5.781990000">
        <ele>410.000</ele>
      </trkpt>
      <trkpt lat="45.858270000" lon="5.781880000">
        <ele>411.000</ele>
      </trkpt>
      <trkpt lat="45.858200000" lon="5.781710000">
        <ele>412.000</ele>
      </trkpt>
      <trkpt lat="45.858140000" lon="5.781490000">
        <ele>413.000</ele>
      </trkpt>
      <trkpt lat="45.857980000" lon="5.781010000">
        <ele>416.000</ele>
      </trkpt>
      <trkpt lat="45.857920000" lon="5.780830000">
        <ele>418.000</ele>
      </trkpt>
      <trkpt lat="45.857760000" lon="5.780590000">
        <ele>420.000</ele>
      </trkpt>
      <trkpt lat="45.857620000" lon="5.780440000">
        <ele>422.000</ele>
      </trkpt>
      <trkpt lat="45.857520000" lon="5.780350000">
        <ele>424.000</ele>
      </trkpt>
      <trkpt lat="45.857360000" lon="5.780220000">
        <ele>426.000</ele>
      </trkpt>
      <trkpt lat="45.857250000" lon="5.780150000">
        <ele>428.000</ele>
      </trkpt>
      <trkpt lat="45.857180000" lon="5.780090000">
        <ele>429.000</ele>
      </trkpt>
      <trkpt lat="45.857100000" lon="5.780020000">
        <ele>431.000</ele>
      </trkpt>
      <trkpt lat="45.857040000" lon="5.779940000">
        <ele>432.000</ele>
      </trkpt>
      <trkpt lat="45.856710000" lon="5.779410000">
        <ele>434.000</ele>
      </trkpt>
      <trkpt lat="45.856550000" lon="5.779180000">
        <ele>436.000</ele>
      </trkpt>
      <trkpt lat="45.856350000" lon="5.778950000">
        <ele>438.000</ele>
      </trkpt>
      <trkpt lat="45.856220000" lon="5.778720000">
        <ele>439.000</ele>
      </trkpt>
      <trkpt lat="45.856190000" lon="5.778630000">
        <ele>441.000</ele>
      </trkpt>
      <trkpt lat="45.856160000" lon="5.778200000">
        <ele>442.000</ele>
      </trkpt>
      <trkpt lat="45.856120000" lon="5.777700000">
        <ele>444.000</ele>
      </trkpt>
      <trkpt lat="45.856120000" lon="5.777360000">
        <ele>447.000</ele>
      </trkpt>
      <trkpt lat="45.856090000" lon="5.776840000">
        <ele>450.000</ele>
      </trkpt>
      <trkpt lat="45.856100000" lon="5.776730000">
        <ele>453.000</ele>
      </trkpt>
      <trkpt lat="45.856120000" lon="5.776630000">
        <ele>455.000</ele>
      </trkpt>
      <trkpt lat="45.856140000" lon="5.776560000">
        <ele>456.000</ele>
      </trkpt>
      <trkpt lat="45.856180000" lon="5.776490000">
        <ele>458.000</ele>
      </trkpt>
      <trkpt lat="45.856230000" lon="5.776420000">
        <ele>459.000</ele>
      </trkpt>
      <trkpt lat="45.856420000" lon="5.776270000">
        <ele>461.000</ele>
      </trkpt>
      <trkpt lat="45.856480000" lon="5.776170000">
        <ele>462.000</ele>
      </trkpt>
      <trkpt lat="45.856530000" lon="5.776060000">
        <ele>464.000</ele>
      </trkpt>
      <trkpt lat="45.856590000" lon="5.775810000">
        <ele>466.000</ele>
      </trkpt>
      <trkpt lat="45.856650000" lon="5.775630000">
        <ele>468.000</ele>
      </trkpt>
      <trkpt lat="45.856670000" lon="5.775580000">
        <ele>469.000</ele>
      </trkpt>
      <trkpt lat="45.856710000" lon="5.775560000">
        <ele>470.000</ele>
      </trkpt>
      <trkpt lat="45.856750000" lon="5.775550000">
        <ele>471.000</ele>
      </trkpt>
      <trkpt lat="45.856790000" lon="5.775560000">
        <ele>472.000</ele>
      </trkpt>
      <trkpt lat="45.856810000" lon="5.775600000">
        <ele>473.000</ele>
      </trkpt>
      <trkpt lat="45.856830000" lon="5.775670000">
        <ele>473.000</ele>
      </trkpt>
      <trkpt lat="45.856830000" lon="5.775770000">
        <ele>474.000</ele>
      </trkpt>
      <trkpt lat="45.856800000" lon="5.776040000">
        <ele>474.000</ele>
      </trkpt>
      <trkpt lat="45.856790000" lon="5.776240000">
        <ele>475.000</ele>
      </trkpt>
      <trkpt lat="45.856790000" lon="5.776520000">
        <ele>476.000</ele>
      </trkpt>
      <trkpt lat="45.856810000" lon="5.776700000">
        <ele>477.000</ele>
      </trkpt>
      <trkpt lat="45.856840000" lon="5.776860000">
        <ele>478.000</ele>
      </trkpt>
      <trkpt lat="45.856940000" lon="5.777190000">
        <ele>479.000</ele>
      </trkpt>
      <trkpt lat="45.857040000" lon="5.777460000">
        <ele>481.000</ele>
      </trkpt>
      <trkpt lat="45.857070000" lon="5.777590000">
        <ele>482.000</ele>
      </trkpt>
      <trkpt lat="45.857080000" lon="5.777700000">
        <ele>483.000</ele>
      </trkpt>
      <trkpt lat="45.857070000" lon="5.778000000">
        <ele>484.000</ele>
      </trkpt>
      <trkpt lat="45.857080000" lon="5.778110000">
        <ele>485.000</ele>
      </trkpt>
      <trkpt lat="45.857110000" lon="5.778170000">
        <ele>485.000</ele>
      </trkpt>
      <trkpt lat="45.857140000" lon="5.778220000">
        <ele>486.000</ele>
      </trkpt>
      <trkpt lat="45.857210000" lon="5.778270000">
        <ele>487.000</ele>
      </trkpt>
      <trkpt lat="45.857460000" lon="5.778390000">
        <ele>488.000</ele>
      </trkpt>
      <trkpt lat="45.857580000" lon="5.778480000">
        <ele>489.000</ele>
      </trkpt>
      <trkpt lat="45.857660000" lon="5.778570000">
        <ele>490.000</ele>
      </trkpt>
      <trkpt lat="45.857820000" lon="5.778770000">
        <ele>492.000</ele>
      </trkpt>
      <trkpt lat="45.857870000" lon="5.778810000">
        <ele>493.000</ele>
      </trkpt>
      <trkpt lat="45.857920000" lon="5.778820000">
        <ele>493.000</ele>
      </trkpt>
      <trkpt lat="45.858060000" lon="5.778800000">
        <ele>494.000</ele>
      </trkpt>
      <trkpt lat="45.858550000" lon="5.778680000">
        <ele>497.000</ele>
      </trkpt>
      <trkpt lat="45.858670000" lon="5.778680000">
        <ele>498.000</ele>
      </trkpt>
      <trkpt lat="45.858760000" lon="5.778710000">
        <ele>500.000</ele>
      </trkpt>
      <trkpt lat="45.858810000" lon="5.778750000">
        <ele>501.000</ele>
      </trkpt>
      <trkpt lat="45.858890000" lon="5.778840000">
        <ele>502.000</ele>
      </trkpt>
      <trkpt lat="45.859230000" lon="5.779320000">
        <ele>504.000</ele>
      </trkpt>
      <trkpt lat="45.859330000" lon="5.779490000">
        <ele>507.000</ele>
      </trkpt>
      <trkpt lat="45.859390000" lon="5.779630000">
        <ele>509.000</ele>
      </trkpt>
      <trkpt lat="45.859510000" lon="5.779960000">
        <ele>511.000</ele>
      </trkpt>
      <trkpt lat="45.859630000" lon="5.780280000">
        <ele>513.000</ele>
      </trkpt>
      <trkpt lat="45.859770000" lon="5.780590000">
        <ele>516.000</ele>
      </trkpt>
      <trkpt lat="45.859810000" lon="5.780700000">
        <ele>518.000</ele>
      </trkpt>
      <trkpt lat="45.859830000" lon="5.780800000">
        <ele>519.000</ele>
      </trkpt>
      <trkpt lat="45.859850000" lon="5.781100000">
        <ele>521.000</ele>
      </trkpt>
      <trkpt lat="45.859900000" lon="5.781540000">
        <ele>523.000</ele>
      </trkpt>
      <trkpt lat="45.859940000" lon="5.781720000">
        <ele>525.000</ele>
      </trkpt>
      <trkpt lat="45.860020000" lon="5.782000000">
        <ele>527.000</ele>
      </trkpt>
      <trkpt lat="45.860090000" lon="5.782220000">
        <ele>528.000</ele>
      </trkpt>
      <trkpt lat="45.860180000" lon="5.782460000">
        <ele>530.000</ele>
      </trkpt>
      <trkpt lat="45.860470000" lon="5.783110000">
        <ele>533.000</ele>
      </trkpt>
      <trkpt lat="45.860800000" lon="5.783810000">
        <ele>536.000</ele>
      </trkpt>
      <trkpt lat="45.860920000" lon="5.784090000">
        <ele>539.000</ele>
      </trkpt>
      <trkpt lat="45.861050000" lon="5.784420000">
        <ele>541.000</ele>
      </trkpt>
      <trkpt lat="45.861320000" lon="5.785250000">
        <ele>544.000</ele>
      </trkpt>
      <trkpt lat="45.861410000" lon="5.785460000">
        <ele>546.000</ele>
      </trkpt>
      <trkpt lat="45.861670000" lon="5.785940000">
        <ele>548.000</ele>
      </trkpt>
      <trkpt lat="45.861740000" lon="5.786120000">
        <ele>550.000</ele>
      </trkpt>
      <trkpt lat="45.861820000" lon="5.786400000">
        <ele>552.000</ele>
      </trkpt>
      <trkpt lat="45.861970000" lon="5.787150000">
        <ele>556.000</ele>
      </trkpt>
      <trkpt lat="45.862060000" lon="5.787500000">
        <ele>559.000</ele>
      </trkpt>
      <trkpt lat="45.862160000" lon="5.787850000">
        <ele>562.000</ele>
      </trkpt>
      <trkpt lat="45.862220000" lon="5.788200000">
        <ele>565.000</ele>
      </trkpt>
      <trkpt lat="45.862300000" lon="5.788750000">
        <ele>569.000</ele>
      </trkpt>
      <trkpt lat="45.862300000" lon="5.788890000">
        <ele>572.000</ele>
      </trkpt>
      <trkpt lat="45.862290000" lon="5.789070000">
        <ele>574.000</ele>
      </trkpt>
      <trkpt lat="45.862250000" lon="5.789260000">
        <ele>575.000</ele>
      </trkpt>
      <trkpt lat="45.862200000" lon="5.789380000">
        <ele>576.000</ele>
      </trkpt>
      <trkpt lat="45.862120000" lon="5.789500000">
        <ele>577.000</ele>
      </trkpt>
      <trkpt lat="45.862050000" lon="5.789580000">
        <ele>578.000</ele>
      </trkpt>
      <trkpt lat="45.862010000" lon="5.789650000">
        <ele>578.000</ele>
      </trkpt>
      <trkpt lat="45.861980000" lon="5.789750000">
        <ele>579.000</ele>
      </trkpt>
      <trkpt lat="45.861960000" lon="5.789890000">
        <ele>579.000</ele>
      </trkpt>
      <trkpt lat="45.861870000" lon="5.790250000">
        <ele>580.000</ele>
      </trkpt>
      <trkpt lat="45.861830000" lon="5.790370000">
        <ele>580.000</ele>
      </trkpt>
      <trkpt lat="45.861770000" lon="5.790450000">
        <ele>581.000</ele>
      </trkpt>
      <trkpt lat="45.861680000" lon="5.790540000">
        <ele>581.000</ele>
      </trkpt>
      <trkpt lat="45.861620000" lon="5.790610000">
        <ele>582.000</ele>
      </trkpt>
      <trkpt lat="45.861580000" lon="5.790680000">
        <ele>582.000</ele>
      </trkpt>
      <trkpt lat="45.861510000" lon="5.790810000">
        <ele>582.000</ele>
      </trkpt>
      <trkpt lat="45.861360000" lon="5.791290000">
        <ele>583.000</ele>
      </trkpt>
      <trkpt lat="45.861170000" lon="5.791740000">
        <ele>584.000</ele>
      </trkpt>
      <trkpt lat="45.861160000" lon="5.791830000">
        <ele>585.000</ele>
      </trkpt>
      <trkpt lat="45.861160000" lon="5.791910000">
        <ele>586.000</ele>
      </trkpt>
      <trkpt lat="45.861180000" lon="5.791960000">
        <ele>586.000</ele>
      </trkpt>
      <trkpt lat="45.861200000" lon="5.791990000">
        <ele>586.000</ele>
      </trkpt>
      <trkpt lat="45.861240000" lon="5.792010000">
        <ele>587.000</ele>
      </trkpt>
      <trkpt lat="45.861300000" lon="5.792010000">
        <ele>587.000</ele>
      </trkpt>
      <trkpt lat="45.861570000" lon="5.791950000">
        <ele>588.000</ele>
      </trkpt>
      <trkpt lat="45.861680000" lon="5.791940000">
        <ele>588.000</ele>
      </trkpt>
      <trkpt lat="45.861730000" lon="5.791930000">
        <ele>589.000</ele>
      </trkpt>
      <trkpt lat="45.861760000" lon="5.791910000">
        <ele>589.000</ele>
      </trkpt>
      <trkpt lat="45.861780000" lon="5.791870000">
        <ele>590.000</ele>
      </trkpt>
      <trkpt lat="45.861790000" lon="5.791830000">
        <ele>590.000</ele>
      </trkpt>
      <trkpt lat="45.861790000" lon="5.791780000">
        <ele>590.000</ele>
      </trkpt>
      <trkpt lat="45.861780000" lon="5.791730000">
        <ele>590.000</ele>
      </trkpt>
      <trkpt lat="45.861750000" lon="5.791690000">
        <ele>591.000</ele>
      </trkpt>
      <trkpt lat="45.861710000" lon="5.791690000">
        <ele>591.000</ele>
      </trkpt>
      <trkpt lat="45.861660000" lon="5.791700000">
        <ele>591.000</ele>
      </trkpt>
      <trkpt lat="45.861560000" lon="5.791760000">
        <ele>591.000</ele>
      </trkpt>
      <trkpt lat="45.861530000" lon="5.791750000">
        <ele>592.000</ele>
      </trkpt>
      <trkpt lat="45.861510000" lon="5.791740000">
        <ele>592.000</ele>
      </trkpt>
      <trkpt lat="45.861480000" lon="5.791720000">
        <ele>592.000</ele>
      </trkpt>
      <trkpt lat="45.861470000" lon="5.791680000">
        <ele>592.000</ele>
      </trkpt>
      <trkpt lat="45.861470000" lon="5.791640000">
        <ele>592.000</ele>
      </trkpt>
      <trkpt lat="45.861490000" lon="5.791580000">
        <ele>592.000</ele>
      </trkpt>
      <trkpt lat="45.861550000" lon="5.791510000">
        <ele>593.000</ele>
      </trkpt>
      <trkpt lat="45.861590000" lon="5.791460000">
        <ele>593.000</ele>
      </trkpt>
      <trkpt lat="45.861620000" lon="5.791400000">
        <ele>593.000</ele>
      </trkpt>
      <trkpt lat="45.861690000" lon="5.791240000">
        <ele>594.000</ele>
      </trkpt>
      <trkpt lat="45.861720000" lon="5.791160000">
        <ele>595.000</ele>
      </trkpt>
      <trkpt lat="45.861760000" lon="5.791130000">
        <ele>596.000</ele>
      </trkpt>
      <trkpt lat="45.861780000" lon="5.791110000">
        <ele>597.000</ele>
      </trkpt>
      <trkpt lat="45.861820000" lon="5.791120000">
        <ele>597.000</ele>
      </trkpt>
      <trkpt lat="45.861840000" lon="5.791150000">
        <ele>598.000</ele>
      </trkpt>
      <trkpt lat="45.861860000" lon="5.791190000">
        <ele>598.000</ele>
      </trkpt>
      <trkpt lat="45.861870000" lon="5.791230000">
        <ele>599.000</ele>
      </trkpt>
      <trkpt lat="45.861870000" lon="5.791280000">
        <ele>599.000</ele>
      </trkpt>
      <trkpt lat="45.861850000" lon="5.791410000">
        <ele>600.000</ele>
      </trkpt>
      <trkpt lat="45.861850000" lon="5.791470000">
        <ele>601.000</ele>
      </trkpt>
      <trkpt lat="45.861860000" lon="5.791520000">
        <ele>601.000</ele>
      </trkpt>
      <trkpt lat="45.861890000" lon="5.791550000">
        <ele>602.000</ele>
      </trkpt>
      <trkpt lat="45.861930000" lon="5.791570000">
        <ele>602.000</ele>
      </trkpt>
      <trkpt lat="45.861990000" lon="5.791560000">
        <ele>603.000</ele>
      </trkpt>
      <trkpt lat="45.862030000" lon="5.791530000">
        <ele>604.000</ele>
      </trkpt>
      <trkpt lat="45.862060000" lon="5.791490000">
        <ele>604.000</ele>
      </trkpt>
      <trkpt lat="45.862070000" lon="5.791450000">
        <ele>605.000</ele>
      </trkpt>
      <trkpt lat="45.862070000" lon="5.791390000">
        <ele>606.000</ele>
      </trkpt>
      <trkpt lat="45.862060000" lon="5.791330000">
        <ele>606.000</ele>
      </trkpt>
      <trkpt lat="45.861990000" lon="5.791180000">
        <ele>607.000</ele>
      </trkpt>
      <trkpt lat="45.861980000" lon="5.791120000">
        <ele>608.000</ele>
      </trkpt>
      <trkpt lat="45.861990000" lon="5.791060000">
        <ele>609.000</ele>
      </trkpt>
      <trkpt lat="45.862010000" lon="5.791020000">
        <ele>609.000</ele>
      </trkpt>
      <trkpt lat="45.862030000" lon="5.790990000">
        <ele>610.000</ele>
      </trkpt>
      <trkpt lat="45.862060000" lon="5.790980000">
        <ele>611.000</ele>
      </trkpt>
      <trkpt lat="45.862090000" lon="5.790970000">
        <ele>611.000</ele>
      </trkpt>
      <trkpt lat="45.862120000" lon="5.791000000">
        <ele>612.000</ele>
      </trkpt>
      <trkpt lat="45.862150000" lon="5.791050000">
        <ele>612.000</ele>
      </trkpt>
      <trkpt lat="45.862190000" lon="5.791170000">
        <ele>613.000</ele>
      </trkpt>
      <trkpt lat="45.862220000" lon="5.791230000">
        <ele>614.000</ele>
      </trkpt>
      <trkpt lat="45.862250000" lon="5.791270000">
        <ele>614.000</ele>
      </trkpt>
      <trkpt lat="45.862290000" lon="5.791280000">
        <ele>615.000</ele>
      </trkpt>
      <trkpt lat="45.862350000" lon="5.791260000">
        <ele>616.000</ele>
      </trkpt>
      <trkpt lat="45.862390000" lon="5.791240000">
        <ele>616.000</ele>
      </trkpt>
      <trkpt lat="45.862430000" lon="5.791190000">
        <ele>617.000</ele>
      </trkpt>
      <trkpt lat="45.862460000" lon="5.791150000">
        <ele>618.000</ele>
      </trkpt>
      <trkpt lat="45.862470000" lon="5.791100000">
        <ele>619.000</ele>
      </trkpt>
      <trkpt lat="45.862470000" lon="5.791060000">
        <ele>619.000</ele>
      </trkpt>
      <trkpt lat="45.862460000" lon="5.791020000">
        <ele>620.000</ele>
      </trkpt>
      <trkpt lat="45.862440000" lon="5.790990000">
        <ele>620.000</ele>
      </trkpt>
      <trkpt lat="45.862390000" lon="5.790970000">
        <ele>621.000</ele>
      </trkpt>
      <trkpt lat="45.862320000" lon="5.790960000">
        <ele>622.000</ele>
      </trkpt>
      <trkpt lat="45.862280000" lon="5.790940000">
        <ele>623.000</ele>
      </trkpt>
      <trkpt lat="45.862260000" lon="5.790920000">
        <ele>624.000</ele>
      </trkpt>
      <trkpt lat="45.862240000" lon="5.790860000">
        <ele>624.000</ele>
      </trkpt>
      <trkpt lat="45.862240000" lon="5.790800000">
        <ele>625.000</ele>
      </trkpt>
      <trkpt lat="45.862260000" lon="5.790740000">
        <ele>626.000</ele>
      </trkpt>
      <trkpt lat="45.862290000" lon="5.790700000">
        <ele>627.000</ele>
      </trkpt>
      <trkpt lat="45.862330000" lon="5.790660000">
        <ele>628.000</ele>
      </trkpt>
      <trkpt lat="45.862380000" lon="5.790650000">
        <ele>629.000</ele>
      </trkpt>
      <trkpt lat="45.862420000" lon="5.790660000">
        <ele>629.000</ele>
      </trkpt>
      <trkpt lat="45.862480000" lon="5.790700000">
        <ele>630.000</ele>
      </trkpt>
      <trkpt lat="45.862550000" lon="5.790780000">
        <ele>632.000</ele>
      </trkpt>
      <trkpt lat="45.862600000" lon="5.790800000">
        <ele>633.000</ele>
      </trkpt>
      <trkpt lat="45.862670000" lon="5.790800000">
        <ele>634.000</ele>
      </trkpt>
      <trkpt lat="45.862730000" lon="5.790780000">
        <ele>635.000</ele>
      </trkpt>
      <trkpt lat="45.862810000" lon="5.790740000">
        <ele>636.000</ele>
      </trkpt>
      <trkpt lat="45.863180000" lon="5.790470000">
        <ele>640.000</ele>
      </trkpt>
      <trkpt lat="45.863530000" lon="5.790190000">
        <ele>645.000</ele>
      </trkpt>
      <trkpt lat="45.863710000" lon="5.790070000">
        <ele>649.000</ele>
      </trkpt>
      <trkpt lat="45.863870000" lon="5.789970000">
        <ele>652.000</ele>
      </trkpt>
      <trkpt lat="45.864170000" lon="5.789820000">
        <ele>655.000</ele>
      </trkpt>
      <trkpt lat="45.864360000" lon="5.789690000">
        <ele>658.000</ele>
      </trkpt>
      <trkpt lat="45.864760000" lon="5.789400000">
        <ele>661.000</ele>
      </trkpt>
      <trkpt lat="45.864950000" lon="5.789230000">
        <ele>664.000</ele>
      </trkpt>
      <trkpt lat="45.865160000" lon="5.789000000">
        <ele>667.000</ele>
      </trkpt>
      <trkpt lat="45.865650000" lon="5.788580000">
        <ele>671.000</ele>
      </trkpt>
      <trkpt lat="45.865770000" lon="5.788480000">
        <ele>674.000</ele>
      </trkpt>
      <trkpt lat="45.865800000" lon="5.788440000">
        <ele>677.000</ele>
      </trkpt>
      <trkpt lat="45.865800000" lon="5.788400000">
        <ele>678.000</ele>
      </trkpt>
      <trkpt lat="45.865790000" lon="5.788340000">
        <ele>680.000</ele>
      </trkpt>
      <trkpt lat="45.865770000" lon="5.788310000">
        <ele>681.000</ele>
      </trkpt>
      <trkpt lat="45.865740000" lon="5.788290000">
        <ele>682.000</ele>
      </trkpt>
      <trkpt lat="45.865710000" lon="5.788290000">
        <ele>682.000</ele>
      </trkpt>
      <trkpt lat="45.865680000" lon="5.788310000">
        <ele>683.000</ele>
      </trkpt>
      <trkpt lat="45.865650000" lon="5.788330000">
        <ele>683.000</ele>
      </trkpt>
      <trkpt lat="45.865590000" lon="5.788450000">
        <ele>684.000</ele>
      </trkpt>
      <trkpt lat="45.865550000" lon="5.788510000">
        <ele>685.000</ele>
      </trkpt>
      <trkpt lat="45.865460000" lon="5.788580000">
        <ele>686.000</ele>
      </trkpt>
      <trkpt lat="45.865370000" lon="5.788650000">
        <ele>687.000</ele>
      </trkpt>
      <trkpt lat="45.865190000" lon="5.788740000">
        <ele>688.000</ele>
      </trkpt>
      <trkpt lat="45.864910000" lon="5.788850000">
        <ele>690.000</ele>
      </trkpt>
      <trkpt lat="45.864780000" lon="5.788910000">
        <ele>692.000</ele>
      </trkpt>
      <trkpt lat="45.864570000" lon="5.789040000">
        <ele>694.000</ele>
      </trkpt>
      <trkpt lat="45.864250000" lon="5.789200000">
        <ele>696.000</ele>
      </trkpt>
      <trkpt lat="45.864170000" lon="5.789210000">
        <ele>697.000</ele>
      </trkpt>
      <trkpt lat="45.864070000" lon="5.789220000">
        <ele>699.000</ele>
      </trkpt>
      <trkpt lat="45.863790000" lon="5.789200000">
        <ele>700.000</ele>
      </trkpt>
      <trkpt lat="45.863620000" lon="5.789150000">
        <ele>702.000</ele>
      </trkpt>
      <trkpt lat="45.863540000" lon="5.789100000">
        <ele>703.000</ele>
      </trkpt>
      <trkpt lat="45.863490000" lon="5.789050000">
        <ele>704.000</ele>
      </trkpt>
      <trkpt lat="45.863460000" lon="5.789000000">
        <ele>705.000</ele>
      </trkpt>
      <trkpt lat="45.863430000" lon="5.788930000">
        <ele>705.000</ele>
      </trkpt>
      <trkpt lat="45.863420000" lon="5.788850000">
        <ele>706.000</ele>
      </trkpt>
      <trkpt lat="45.863420000" lon="5.788730000">
        <ele>707.000</ele>
      </trkpt>
      <trkpt lat="45.863480000" lon="5.788410000">
        <ele>708.000</ele>
      </trkpt>
      <trkpt lat="45.863500000" lon="5.788190000">
        <ele>709.000</ele>
      </trkpt>
      <trkpt lat="45.863530000" lon="5.788120000">
        <ele>710.000</ele>
      </trkpt>
      <trkpt lat="45.863560000" lon="5.788100000">
        <ele>711.000</ele>
      </trkpt>
      <trkpt lat="45.863590000" lon="5.788090000">
        <ele>712.000</ele>
      </trkpt>
      <trkpt lat="45.863630000" lon="5.788120000">
        <ele>713.000</ele>
      </trkpt>
      <trkpt lat="45.863640000" lon="5.788150000">
        <ele>713.000</ele>
      </trkpt>
      <trkpt lat="45.863660000" lon="5.788190000">
        <ele>714.000</ele>
      </trkpt>
      <trkpt lat="45.863650000" lon="5.788260000">
        <ele>714.000</ele>
      </trkpt>
      <trkpt lat="45.863590000" lon="5.788480000">
        <ele>715.000</ele>
      </trkpt>
      <trkpt lat="45.863590000" lon="5.788530000">
        <ele>716.000</ele>
      </trkpt>
      <trkpt lat="45.863600000" lon="5.788600000">
        <ele>717.000</ele>
      </trkpt>
      <trkpt lat="45.863630000" lon="5.788650000">
        <ele>718.000</ele>
      </trkpt>
      <trkpt lat="45.863680000" lon="5.788700000">
        <ele>719.000</ele>
      </trkpt>
      <trkpt lat="45.863730000" lon="5.788730000">
        <ele>720.000</ele>
      </trkpt>
      <trkpt lat="45.863880000" lon="5.788730000">
        <ele>721.000</ele>
      </trkpt>
      <trkpt lat="45.864050000" lon="5.788730000">
        <ele>723.000</ele>
      </trkpt>
      <trkpt lat="45.864180000" lon="5.788710000">
        <ele>724.000</ele>
      </trkpt>
      <trkpt lat="45.864290000" lon="5.788650000">
        <ele>726.000</ele>
      </trkpt>
      <trkpt lat="45.864370000" lon="5.788570000">
        <ele>727.000</ele>
      </trkpt>
      <trkpt lat="45.864450000" lon="5.788480000">
        <ele>729.000</ele>
      </trkpt>
      <trkpt lat="45.864520000" lon="5.788380000">
        <ele>730.000</ele>
      </trkpt>
      <trkpt lat="45.864730000" lon="5.788100000">
        <ele>733.000</ele>
      </trkpt>
      <trkpt lat="45.864980000" lon="5.787820000">
        <ele>736.000</ele>
      </trkpt>
      <trkpt lat="45.865210000" lon="5.787640000">
        <ele>739.000</ele>
      </trkpt>
      <trkpt lat="45.865430000" lon="5.787430000">
        <ele>742.000</ele>
      </trkpt>
      <trkpt lat="45.865750000" lon="5.787190000">
        <ele>746.000</ele>
      </trkpt>
      <trkpt lat="45.865840000" lon="5.787150000">
        <ele>749.000</ele>
      </trkpt>
      <trkpt lat="45.865920000" lon="5.787130000">
        <ele>752.000</ele>
      </trkpt>
      <trkpt lat="45.866040000" lon="5.787130000">
        <ele>754.000</ele>
      </trkpt>
      <trkpt lat="45.866730000" lon="5.787230000">
        <ele>758.000</ele>
      </trkpt>
      <trkpt lat="45.867220000" lon="5.787160000">
        <ele>764.000</ele>
      </trkpt>
      <trkpt lat="45.867400000" lon="5.787100000">
        <ele>769.000</ele>
      </trkpt>
      <trkpt lat="45.867840000" lon="5.786910000">
        <ele>776.000</ele>
      </trkpt>
      <trkpt lat="45.868010000" lon="5.786810000">
        <ele>781.000</ele>
      </trkpt>
      <trkpt lat="45.868120000" lon="5.786760000">
        <ele>785.000</ele>
      </trkpt>
      <trkpt lat="45.868780000" lon="5.786560000">
        <ele>792.000</ele>
      </trkpt>
      <trkpt lat="45.869270000" lon="5.786460000">
        <ele>798.000</ele>
      </trkpt>
      <trkpt lat="45.869390000" lon="5.786430000">
        <ele>803.000</ele>
      </trkpt>
      <trkpt lat="45.869600000" lon="5.786340000">
        <ele>807.000</ele>
      </trkpt>
      <trkpt lat="45.869680000" lon="5.786300000">
        <ele>810.000</ele>
      </trkpt>
      <trkpt lat="45.869880000" lon="5.786180000">
        <ele>813.000</ele>
      </trkpt>
      <trkpt lat="45.870020000" lon="5.786090000">
        <ele>816.000</ele>
      </trkpt>
      <trkpt lat="45.870110000" lon="5.786060000">
        <ele>818.000</ele>
      </trkpt>
      <trkpt lat="45.870490000" lon="5.786040000">
        <ele>821.000</ele>
      </trkpt>
      <trkpt lat="45.871430000" lon="5.785870000">
        <ele>826.000</ele>
      </trkpt>
      <trkpt lat="45.871510000" lon="5.785860000">
        <ele>830.000</ele>
      </trkpt>
      <trkpt lat="45.871880000" lon="5.785910000">
        <ele>833.000</ele>
      </trkpt>
      <trkpt lat="45.872060000" lon="5.785930000">
        <ele>835.000</ele>
      </trkpt>
      <trkpt lat="45.872170000" lon="5.785920000">
        <ele>836.000</ele>
      </trkpt>
      <trkpt lat="45.872260000" lon="5.785890000">
        <ele>838.000</ele>
      </trkpt>
      <trkpt lat="45.872420000" lon="5.785800000">
        <ele>838.000</ele>
      </trkpt>
      <trkpt lat="45.872570000" lon="5.785710000">
        <ele>839.000</ele>
      </trkpt>
      <trkpt lat="45.872670000" lon="5.785660000">
        <ele>840.000</ele>
      </trkpt>
      <trkpt lat="45.872930000" lon="5.785590000">
        <ele>840.000</ele>
      </trkpt>
      <trkpt lat="45.873060000" lon="5.785560000">
        <ele>841.000</ele>
      </trkpt>
      <trkpt lat="45.873170000" lon="5.785580000">
        <ele>841.000</ele>
      </trkpt>
      <trkpt lat="45.873370000" lon="5.785630000">
        <ele>842.000</ele>
      </trkpt>
      <trkpt lat="45.873640000" lon="5.785650000">
        <ele>842.000</ele>
      </trkpt>
      <trkpt lat="45.873740000" lon="5.785640000">
        <ele>843.000</ele>
      </trkpt>
      <trkpt lat="45.874080000" lon="5.785570000">
        <ele>843.000</ele>
      </trkpt>
      <trkpt lat="45.874200000" lon="5.785550000">
        <ele>844.000</ele>
      </trkpt>
      <trkpt lat="45.874920000" lon="5.785520000">
        <ele>845.000</ele>
      </trkpt>
      <trkpt lat="45.875420000" lon="5.785530000">
        <ele>846.000</ele>
      </trkpt>
      <trkpt lat="45.876320000" lon="5.785470000">
        <ele>848.000</ele>
      </trkpt>
      <trkpt lat="45.876620000" lon="5.785450000">
        <ele>850.000</ele>
      </trkpt>
      <trkpt lat="45.876860000" lon="5.785440000">
        <ele>851.000</ele>
      </trkpt>
      <trkpt lat="45.876960000" lon="5.785410000">
        <ele>852.000</ele>
      </trkpt>
      <trkpt lat="45.877330000" lon="5.785260000">
        <ele>853.000</ele>
      </trkpt>
      <trkpt lat="45.878060000" lon="5.785100000">
        <ele>855.000</ele>
      </trkpt>
      <trkpt lat="45.878150000" lon="5.785100000">
        <ele>857.000</ele>
      </trkpt>
      <trkpt lat="45.878250000" lon="5.785120000">
        <ele>858.000</ele>
      </trkpt>
      <trkpt lat="45.878500000" lon="5.785190000">
        <ele>859.000</ele>
      </trkpt>
      <trkpt lat="45.878770000" lon="5.785230000">
        <ele>860.000</ele>
      </trkpt>
      <trkpt lat="45.879170000" lon="5.785330000">
        <ele>862.000</ele>
      </trkpt>
      <trkpt lat="45.879350000" lon="5.785350000">
        <ele>863.000</ele>
      </trkpt>
      <trkpt lat="45.880590000" lon="5.785340000">
        <ele>863.000</ele>
      </trkpt>
      <trkpt lat="45.880780000" lon="5.785370000">
        <ele>864.000</ele>
      </trkpt>
      <trkpt lat="45.881250000" lon="5.785330000">
        <ele>865.000</ele>
      </trkpt>
      <trkpt lat="45.881410000" lon="5.785300000">
        <ele>865.000</ele>
      </trkpt>
      <trkpt lat="45.881540000" lon="5.785250000">
        <ele>866.000</ele>
      </trkpt>
      <trkpt lat="45.881650000" lon="5.785180000">
        <ele>867.000</ele>
      </trkpt>
      <trkpt lat="45.882040000" lon="5.784830000">
        <ele>868.000</ele>
      </trkpt>
      <trkpt lat="45.882170000" lon="5.784740000">
        <ele>870.000</ele>
      </trkpt>
      <trkpt lat="45.882240000" lon="5.784710000">
        <ele>871.000</ele>
      </trkpt>
      <trkpt lat="45.882340000" lon="5.784680000">
        <ele>871.000</ele>
      </trkpt>
      <trkpt lat="45.882870000" lon="5.784640000">
        <ele>873.000</ele>
      </trkpt>
      <trkpt lat="45.883000000" lon="5.784600000">
        <ele>875.000</ele>
      </trkpt>
      <trkpt lat="45.883230000" lon="5.784510000">
        <ele>876.000</ele>
      </trkpt>
      <trkpt lat="45.883540000" lon="5.784450000">
        <ele>876.000</ele>
      </trkpt>
      <trkpt lat="45.883740000" lon="5.784430000">
        <ele>877.000</ele>
      </trkpt>
      <trkpt lat="45.883870000" lon="5.784450000">
        <ele>878.000</ele>
      </trkpt>
      <trkpt lat="45.884000000" lon="5.784510000">
        <ele>878.000</ele>
      </trkpt>
      <trkpt lat="45.884190000" lon="5.784560000">
        <ele>878.000</ele>
      </trkpt>
      <trkpt lat="45.884430000" lon="5.784690000">
        <ele>878.000</ele>
      </trkpt>
      <trkpt lat="45.884590000" lon="5.784750000">
        <ele>879.000</ele>
      </trkpt>
      <trkpt lat="45.884930000" lon="5.784830000">
        <ele>879.000</ele>
      </trkpt>
      <trkpt lat="45.885090000" lon="5.784820000">
        <ele>879.000</ele>
      </trkpt>
      <trkpt lat="45.885170000" lon="5.784820000">
        <ele>879.000</ele>
      </trkpt>
      <trkpt lat="45.885250000" lon="5.784850000">
        <ele>880.000</ele>
      </trkpt>
      <trkpt lat="45.885480000" lon="5.784930000">
        <ele>880.000</ele>
      </trkpt>
      <trkpt lat="45.885600000" lon="5.784950000">
        <ele>880.000</ele>
      </trkpt>
      <trkpt lat="45.885740000" lon="5.784950000">
        <ele>880.000</ele>
      </trkpt>
      <trkpt lat="45.886130000" lon="5.785010000">
        <ele>880.000</ele>
      </trkpt>
      <trkpt lat="45.886320000" lon="5.785030000">
        <ele>881.000</ele>
      </trkpt>
      <trkpt lat="45.886500000" lon="5.785030000">
        <ele>881.000</ele>
      </trkpt>
      <trkpt lat="45.886730000" lon="5.785060000">
        <ele>881.000</ele>
      </trkpt>
      <trkpt lat="45.887100000" lon="5.785090000">
        <ele>881.000</ele>
      </trkpt>
      <trkpt lat="45.887240000" lon="5.785120000">
        <ele>882.000</ele>
      </trkpt>
      <trkpt lat="45.887390000" lon="5.785180000">
        <ele>882.000</ele>
      </trkpt>
      <trkpt lat="45.887500000" lon="5.785200000">
        <ele>882.000</ele>
      </trkpt>
      <trkpt lat="45.887890000" lon="5.785220000">
        <ele>883.000</ele>
      </trkpt>
      <trkpt lat="45.888080000" lon="5.785250000">
        <ele>883.000</ele>
      </trkpt>
      <trkpt lat="45.888430000" lon="5.785340000">
        <ele>883.000</ele>
      </trkpt>
      <trkpt lat="45.888650000" lon="5.785420000">
        <ele>884.000</ele>
      </trkpt>
      <trkpt lat="45.888800000" lon="5.785450000">
        <ele>884.000</ele>
      </trkpt>
      <trkpt lat="45.888980000" lon="5.785450000">
        <ele>884.000</ele>
      </trkpt>
      <trkpt lat="45.889640000" lon="5.785430000">
        <ele>884.000</ele>
      </trkpt>
      <trkpt lat="45.889730000" lon="5.785390000">
        <ele>883.000</ele>
      </trkpt>
      <trkpt lat="45.889810000" lon="5.785340000">
        <ele>883.000</ele>
      </trkpt>
      <trkpt lat="45.889950000" lon="5.785210000">
        <ele>883.000</ele>
      </trkpt>
      <trkpt lat="45.890070000" lon="5.785250000">
        <ele>883.000</ele>
      </trkpt>
      <trkpt lat="45.890170000" lon="5.785260000">
        <ele>882.000</ele>
      </trkpt>
      <trkpt lat="45.890300000" lon="5.785250000">
        <ele>882.000</ele>
      </trkpt>
      <trkpt lat="45.890490000" lon="5.785220000">
        <ele>882.000</ele>
      </trkpt>
      <trkpt lat="45.890600000" lon="5.785170000">
        <ele>881.000</ele>
      </trkpt>
      <trkpt lat="45.890790000" lon="5.785020000">
        <ele>880.000</ele>
      </trkpt>
      <trkpt lat="45.891030000" lon="5.784880000">
        <ele>879.000</ele>
      </trkpt>
      <trkpt lat="45.891210000" lon="5.784840000">
        <ele>878.000</ele>
      </trkpt>
      <trkpt lat="45.891460000" lon="5.784840000">
        <ele>876.000</ele>
      </trkpt>
      <trkpt lat="45.891910000" lon="5.785020000">
        <ele>873.000</ele>
      </trkpt>
      <trkpt lat="45.892270000" lon="5.785180000">
        <ele>870.000</ele>
      </trkpt>
      <trkpt lat="45.892670000" lon="5.785440000">
        <ele>867.000</ele>
      </trkpt>
      <trkpt lat="45.892930000" lon="5.785590000">
        <ele>863.000</ele>
      </trkpt>
      <trkpt lat="45.893130000" lon="5.785680000">
        <ele>860.000</ele>
      </trkpt>
      <trkpt lat="45.893250000" lon="5.785770000">
        <ele>858.000</ele>
      </trkpt>
      <trkpt lat="45.893380000" lon="5.785850000">
        <ele>856.000</ele>
      </trkpt>
      <trkpt lat="45.893540000" lon="5.785900000">
        <ele>854.000</ele>
      </trkpt>
      <trkpt lat="45.893860000" lon="5.785950000">
        <ele>851.000</ele>
      </trkpt>
      <trkpt lat="45.894000000" lon="5.785900000">
        <ele>849.000</ele>
      </trkpt>
      <trkpt lat="45.894030000" lon="5.785900000">
        <ele>847.000</ele>
      </trkpt>
      <trkpt lat="45.894070000" lon="5.785910000">
        <ele>846.000</ele>
      </trkpt>
      <trkpt lat="45.894110000" lon="5.785940000">
        <ele>845.000</ele>
      </trkpt>
      <trkpt lat="45.894130000" lon="5.785980000">
        <ele>844.000</ele>
      </trkpt>
      <trkpt lat="45.894140000" lon="5.786040000">
        <ele>844.000</ele>
      </trkpt>
      <trkpt lat="45.894150000" lon="5.786090000">
        <ele>843.000</ele>
      </trkpt>
      <trkpt lat="45.894140000" lon="5.786150000">
        <ele>843.000</ele>
      </trkpt>
      <trkpt lat="45.894120000" lon="5.786190000">
        <ele>842.000</ele>
      </trkpt>
      <trkpt lat="45.894090000" lon="5.786240000">
        <ele>842.000</ele>
      </trkpt>
      <trkpt lat="45.894000000" lon="5.786290000">
        <ele>841.000</ele>
      </trkpt>
      <trkpt lat="45.893940000" lon="5.786310000">
        <ele>840.000</ele>
      </trkpt>
      <trkpt lat="45.893870000" lon="5.786300000">
        <ele>840.000</ele>
      </trkpt>
      <trkpt lat="45.893810000" lon="5.786280000">
        <ele>839.000</ele>
      </trkpt>
      <trkpt lat="45.893690000" lon="5.786210000">
        <ele>838.000</ele>
      </trkpt>
      <trkpt lat="45.893620000" lon="5.786190000">
        <ele>837.000</ele>
      </trkpt>
      <trkpt lat="45.893570000" lon="5.786200000">
        <ele>837.000</ele>
      </trkpt>
      <trkpt lat="45.893510000" lon="5.786250000">
        <ele>836.000</ele>
      </trkpt>
      <trkpt lat="45.893420000" lon="5.786360000">
        <ele>835.000</ele>
      </trkpt>
      <trkpt lat="45.893300000" lon="5.786550000">
        <ele>834.000</ele>
      </trkpt>
      <trkpt lat="45.893240000" lon="5.786630000">
        <ele>833.000</ele>
      </trkpt>
      <trkpt lat="45.893170000" lon="5.786680000">
        <ele>832.000</ele>
      </trkpt>
      <trkpt lat="45.893110000" lon="5.786700000">
        <ele>831.000</ele>
      </trkpt>
      <trkpt lat="45.893050000" lon="5.786710000">
        <ele>830.000</ele>
      </trkpt>
      <trkpt lat="45.892980000" lon="5.786710000">
        <ele>829.000</ele>
      </trkpt>
      <trkpt lat="45.892840000" lon="5.786600000">
        <ele>828.000</ele>
      </trkpt>
      <trkpt lat="45.892780000" lon="5.786600000">
        <ele>827.000</ele>
      </trkpt>
      <trkpt lat="45.892740000" lon="5.786620000">
        <ele>827.000</ele>
      </trkpt>
      <trkpt lat="45.892670000" lon="5.786670000">
        <ele>826.000</ele>
      </trkpt>
      <trkpt lat="45.892550000" lon="5.786820000">
        <ele>824.000</ele>
      </trkpt>
      <trkpt lat="45.892500000" lon="5.786840000">
        <ele>823.000</ele>
      </trkpt>
      <trkpt lat="45.892390000" lon="5.786830000">
        <ele>822.000</ele>
      </trkpt>
      <trkpt lat="45.892180000" lon="5.786800000">
        <ele>820.000</ele>
      </trkpt>
      <trkpt lat="45.892090000" lon="5.786800000">
        <ele>818.000</ele>
      </trkpt>
      <trkpt lat="45.892020000" lon="5.786820000">
        <ele>817.000</ele>
      </trkpt>
      <trkpt lat="45.891950000" lon="5.786870000">
        <ele>815.000</ele>
      </trkpt>
      <trkpt lat="45.891730000" lon="5.786950000">
        <ele>813.000</ele>
      </trkpt>
      <trkpt lat="45.891650000" lon="5.786950000">
        <ele>812.000</ele>
      </trkpt>
      <trkpt lat="45.891480000" lon="5.786910000">
        <ele>810.000</ele>
      </trkpt>
      <trkpt lat="45.891380000" lon="5.786930000">
        <ele>808.000</ele>
      </trkpt>
      <trkpt lat="45.891330000" lon="5.786960000">
        <ele>807.000</ele>
      </trkpt>
      <trkpt lat="45.891280000" lon="5.787010000">
        <ele>805.000</ele>
      </trkpt>
      <trkpt lat="45.891240000" lon="5.787080000">
        <ele>804.000</ele>
      </trkpt>
      <trkpt lat="45.891190000" lon="5.787260000">
        <ele>803.000</ele>
      </trkpt>
      <trkpt lat="45.891170000" lon="5.787510000">
        <ele>801.000</ele>
      </trkpt>
      <trkpt lat="45.891160000" lon="5.787730000">
        <ele>799.000</ele>
      </trkpt>
      <trkpt lat="45.891140000" lon="5.787890000">
        <ele>798.000</ele>
      </trkpt>
      <trkpt lat="45.891100000" lon="5.787990000">
        <ele>797.000</ele>
      </trkpt>
      <trkpt lat="45.891080000" lon="5.788010000">
        <ele>796.000</ele>
      </trkpt>
      <trkpt lat="45.891040000" lon="5.788050000">
        <ele>795.000</ele>
      </trkpt>
      <trkpt lat="45.890970000" lon="5.788070000">
        <ele>794.000</ele>
      </trkpt>
      <trkpt lat="45.890660000" lon="5.788110000">
        <ele>793.000</ele>
      </trkpt>
      <trkpt lat="45.890400000" lon="5.788150000">
        <ele>791.000</ele>
      </trkpt>
      <trkpt lat="45.890130000" lon="5.788180000">
        <ele>789.000</ele>
      </trkpt>
      <trkpt lat="45.889990000" lon="5.788210000">
        <ele>787.000</ele>
      </trkpt>
      <trkpt lat="45.889690000" lon="5.788290000">
        <ele>784.000</ele>
      </trkpt>
      <trkpt lat="45.889570000" lon="5.788310000">
        <ele>782.000</ele>
      </trkpt>
      <trkpt lat="45.889480000" lon="5.788310000">
        <ele>781.000</ele>
      </trkpt>
      <trkpt lat="45.889380000" lon="5.788280000">
        <ele>779.000</ele>
      </trkpt>
      <trkpt lat="45.888990000" lon="5.788090000">
        <ele>776.000</ele>
      </trkpt>
      <trkpt lat="45.888910000" lon="5.788060000">
        <ele>773.000</ele>
      </trkpt>
      <trkpt lat="45.888830000" lon="5.788050000">
        <ele>771.000</ele>
      </trkpt>
      <trkpt lat="45.888770000" lon="5.788060000">
        <ele>769.000</ele>
      </trkpt>
      <trkpt lat="45.888770000" lon="5.788060000">
        <ele>768.000</ele>
      </trkpt>
      <trkpt lat="45.888740000" lon="5.788060000">
        <ele>767.000</ele>
      </trkpt>
      <trkpt lat="45.888530000" lon="5.788120000">
        <ele>765.000</ele>
      </trkpt>
      <trkpt lat="45.888060000" lon="5.788210000">
        <ele>761.000</ele>
      </trkpt>
      <trkpt lat="45.887900000" lon="5.788260000">
        <ele>758.000</ele>
      </trkpt>
      <trkpt lat="45.887750000" lon="5.788270000">
        <ele>755.000</ele>
      </trkpt>
      <trkpt lat="45.887610000" lon="5.788260000">
        <ele>752.000</ele>
      </trkpt>
      <trkpt lat="45.887500000" lon="5.788230000">
        <ele>750.000</ele>
      </trkpt>
      <trkpt lat="45.887390000" lon="5.788160000">
        <ele>748.000</ele>
      </trkpt>
      <trkpt lat="45.887200000" lon="5.788000000">
        <ele>747.000</ele>
      </trkpt>
      <trkpt lat="45.886950000" lon="5.787870000">
        <ele>745.000</ele>
      </trkpt>
      <trkpt lat="45.886840000" lon="5.787840000">
        <ele>743.000</ele>
      </trkpt>
      <trkpt lat="45.886510000" lon="5.787820000">
        <ele>741.000</ele>
      </trkpt>
      <trkpt lat="45.886410000" lon="5.787840000">
        <ele>739.000</ele>
      </trkpt>
      <trkpt lat="45.886090000" lon="5.788020000">
        <ele>737.000</ele>
      </trkpt>
      <trkpt lat="45.885800000" lon="5.788140000">
        <ele>734.000</ele>
      </trkpt>
      <trkpt lat="45.885710000" lon="5.788140000">
        <ele>732.000</ele>
      </trkpt>
      <trkpt lat="45.885620000" lon="5.788140000">
        <ele>730.000</ele>
      </trkpt>
      <trkpt lat="45.885460000" lon="5.788170000">
        <ele>728.000</ele>
      </trkpt>
      <trkpt lat="45.885340000" lon="5.788210000">
        <ele>726.000</ele>
      </trkpt>
      <trkpt lat="45.885080000" lon="5.788370000">
        <ele>723.000</ele>
      </trkpt>
      <trkpt lat="45.884920000" lon="5.788470000">
        <ele>721.000</ele>
      </trkpt>
      <trkpt lat="45.884820000" lon="5.788510000">
        <ele>718.000</ele>
      </trkpt>
      <trkpt lat="45.884660000" lon="5.788550000">
        <ele>716.000</ele>
      </trkpt>
      <trkpt lat="45.884480000" lon="5.788570000">
        <ele>713.000</ele>
      </trkpt>
      <trkpt lat="45.884240000" lon="5.788560000">
        <ele>710.000</ele>
      </trkpt>
      <trkpt lat="45.884170000" lon="5.788590000">
        <ele>708.000</ele>
      </trkpt>
      <trkpt lat="45.884130000" lon="5.788630000">
        <ele>706.000</ele>
      </trkpt>
      <trkpt lat="45.884100000" lon="5.788680000">
        <ele>704.000</ele>
      </trkpt>
      <trkpt lat="45.884080000" lon="5.788750000">
        <ele>703.000</ele>
      </trkpt>
      <trkpt lat="45.884090000" lon="5.788820000">
        <ele>702.000</ele>
      </trkpt>
      <trkpt lat="45.884110000" lon="5.788880000">
        <ele>701.000</ele>
      </trkpt>
      <trkpt lat="45.884150000" lon="5.788920000">
        <ele>701.000</ele>
      </trkpt>
      <trkpt lat="45.884210000" lon="5.788930000">
        <ele>700.000</ele>
      </trkpt>
      <trkpt lat="45.884320000" lon="5.788930000">
        <ele>699.000</ele>
      </trkpt>
      <trkpt lat="45.884580000" lon="5.789010000">
        <ele>698.000</ele>
      </trkpt>
      <trkpt lat="45.884670000" lon="5.789080000">
        <ele>697.000</ele>
      </trkpt>
      <trkpt lat="45.884840000" lon="5.789230000">
        <ele>695.000</ele>
      </trkpt>
      <trkpt lat="45.885000000" lon="5.789340000">
        <ele>694.000</ele>
      </trkpt>
      <trkpt lat="45.885240000" lon="5.789450000">
        <ele>692.000</ele>
      </trkpt>
      <trkpt lat="45.885430000" lon="5.789580000">
        <ele>690.000</ele>
      </trkpt>
      <trkpt lat="45.885620000" lon="5.789780000">
        <ele>688.000</ele>
      </trkpt>
      <trkpt lat="45.885920000" lon="5.790080000">
        <ele>685.000</ele>
      </trkpt>
      <trkpt lat="45.886210000" lon="5.790500000">
        <ele>682.000</ele>
      </trkpt>
      <trkpt lat="45.886290000" lon="5.790660000">
        <ele>679.000</ele>
      </trkpt>
      <trkpt lat="45.886310000" lon="5.790750000">
        <ele>677.000</ele>
      </trkpt>
      <trkpt lat="45.886330000" lon="5.790820000">
        <ele>675.000</ele>
      </trkpt>
      <trkpt lat="45.886340000" lon="5.790950000">
        <ele>673.000</ele>
      </trkpt>
      <trkpt lat="45.886340000" lon="5.791130000">
        <ele>671.000</ele>
      </trkpt>
      <trkpt lat="45.886340000" lon="5.791270000">
        <ele>670.000</ele>
      </trkpt>
      <trkpt lat="45.886310000" lon="5.791460000">
        <ele>668.000</ele>
      </trkpt>
      <trkpt lat="45.886300000" lon="5.791620000">
        <ele>666.000</ele>
      </trkpt>
      <trkpt lat="45.886300000" lon="5.791790000">
        <ele>665.000</ele>
      </trkpt>
      <trkpt lat="45.886310000" lon="5.791920000">
        <ele>663.000</ele>
      </trkpt>
      <trkpt lat="45.886350000" lon="5.792070000">
        <ele>662.000</ele>
      </trkpt>
      <trkpt lat="45.886410000" lon="5.792200000">
        <ele>660.000</ele>
      </trkpt>
      <trkpt lat="45.886480000" lon="5.792310000">
        <ele>659.000</ele>
      </trkpt>
      <trkpt lat="45.886660000" lon="5.792500000">
        <ele>657.000</ele>
      </trkpt>
      <trkpt lat="45.886990000" lon="5.792790000">
        <ele>654.000</ele>
      </trkpt>
      <trkpt lat="45.887300000" lon="5.792980000">
        <ele>652.000</ele>
      </trkpt>
      <trkpt lat="45.887450000" lon="5.793060000">
        <ele>650.000</ele>
      </trkpt>
      <trkpt lat="45.887670000" lon="5.793150000">
        <ele>648.000</ele>
      </trkpt>
      <trkpt lat="45.887800000" lon="5.793190000">
        <ele>646.000</ele>
      </trkpt>
      <trkpt lat="45.887980000" lon="5.793240000">
        <ele>644.000</ele>
      </trkpt>
      <trkpt lat="45.888190000" lon="5.793290000">
        <ele>643.000</ele>
      </trkpt>
      <trkpt lat="45.888870000" lon="5.793540000">
        <ele>640.000</ele>
      </trkpt>
      <trkpt lat="45.889110000" lon="5.793620000">
        <ele>637.000</ele>
      </trkpt>
      <trkpt lat="45.889240000" lon="5.793620000">
        <ele>634.000</ele>
      </trkpt>
      <trkpt lat="45.889430000" lon="5.793610000">
        <ele>632.000</ele>
      </trkpt>
      <trkpt lat="45.889920000" lon="5.793500000">
        <ele>629.000</ele>
      </trkpt>
      <trkpt lat="45.890210000" lon="5.793420000">
        <ele>626.000</ele>
      </trkpt>
      <trkpt lat="45.890310000" lon="5.793360000">
        <ele>623.000</ele>
      </trkpt>
      <trkpt lat="45.890360000" lon="5.793330000">
        <ele>621.000</ele>
      </trkpt>
      <trkpt lat="45.890390000" lon="5.793270000">
        <ele>620.000</ele>
      </trkpt>
      <trkpt lat="45.890390000" lon="5.793220000">
        <ele>619.000</ele>
      </trkpt>
      <trkpt lat="45.890390000" lon="5.793180000">
        <ele>618.000</ele>
      </trkpt>
      <trkpt lat="45.890380000" lon="5.793120000">
        <ele>617.000</ele>
      </trkpt>
      <trkpt lat="45.890330000" lon="5.793040000">
        <ele>617.000</ele>
      </trkpt>
      <trkpt lat="45.890200000" lon="5.792890000">
        <ele>616.000</ele>
      </trkpt>
      <trkpt lat="45.890060000" lon="5.792770000">
        <ele>614.000</ele>
      </trkpt>
      <trkpt lat="45.890010000" lon="5.792680000">
        <ele>614.000</ele>
      </trkpt>
      <trkpt lat="45.889990000" lon="5.792600000">
        <ele>613.000</ele>
      </trkpt>
      <trkpt lat="45.889990000" lon="5.792520000">
        <ele>612.000</ele>
      </trkpt>
      <trkpt lat="45.890000000" lon="5.792470000">
        <ele>612.000</ele>
      </trkpt>
      <trkpt lat="45.890040000" lon="5.792410000">
        <ele>611.000</ele>
      </trkpt>
      <trkpt lat="45.890080000" lon="5.792380000">
        <ele>611.000</ele>
      </trkpt>
      <trkpt lat="45.890310000" lon="5.792330000">
        <ele>610.000</ele>
      </trkpt>
      <trkpt lat="45.890720000" lon="5.792230000">
        <ele>608.000</ele>
      </trkpt>
      <trkpt lat="45.890970000" lon="5.792190000">
        <ele>606.000</ele>
      </trkpt>
      <trkpt lat="45.891620000" lon="5.792100000">
        <ele>603.000</ele>
      </trkpt>
      <trkpt lat="45.891870000" lon="5.792080000">
        <ele>600.000</ele>
      </trkpt>
      <trkpt lat="45.892020000" lon="5.792080000">
        <ele>598.000</ele>
      </trkpt>
      <trkpt lat="45.892080000" lon="5.792100000">
        <ele>596.000</ele>
      </trkpt>
      <trkpt lat="45.892110000" lon="5.792130000">
        <ele>595.000</ele>
      </trkpt>
      <trkpt lat="45.892140000" lon="5.792170000">
        <ele>593.000</ele>
      </trkpt>
      <trkpt lat="45.892150000" lon="5.792240000">
        <ele>593.000</ele>
      </trkpt>
      <trkpt lat="45.892150000" lon="5.792290000">
        <ele>592.000</ele>
      </trkpt>
      <trkpt lat="45.892140000" lon="5.792330000">
        <ele>591.000</ele>
      </trkpt>
      <trkpt lat="45.892110000" lon="5.792380000">
        <ele>591.000</ele>
      </trkpt>
      <trkpt lat="45.892070000" lon="5.792420000">
        <ele>590.000</ele>
      </trkpt>
      <trkpt lat="45.892010000" lon="5.792460000">
        <ele>589.000</ele>
      </trkpt>
      <trkpt lat="45.891550000" lon="5.792590000">
        <ele>587.000</ele>
      </trkpt>
      <trkpt lat="45.891500000" lon="5.792630000">
        <ele>585.000</ele>
      </trkpt>
      <trkpt lat="45.891470000" lon="5.792700000">
        <ele>584.000</ele>
      </trkpt>
      <trkpt lat="45.891450000" lon="5.792770000">
        <ele>583.000</ele>
      </trkpt>
      <trkpt lat="45.891460000" lon="5.792840000">
        <ele>582.000</ele>
      </trkpt>
      <trkpt lat="45.891470000" lon="5.792910000">
        <ele>581.000</ele>
      </trkpt>
      <trkpt lat="45.891510000" lon="5.792950000">
        <ele>580.000</ele>
      </trkpt>
      <trkpt lat="45.891590000" lon="5.793000000">
        <ele>580.000</ele>
      </trkpt>
      <trkpt lat="45.891880000" lon="5.793080000">
        <ele>578.000</ele>
      </trkpt>
      <trkpt lat="45.892020000" lon="5.793090000">
        <ele>576.000</ele>
      </trkpt>
      <trkpt lat="45.892160000" lon="5.793110000">
        <ele>574.000</ele>
      </trkpt>
      <trkpt lat="45.892330000" lon="5.793100000">
        <ele>572.000</ele>
      </trkpt>
      <trkpt lat="45.892570000" lon="5.793070000">
        <ele>569.000</ele>
      </trkpt>
      <trkpt lat="45.892660000" lon="5.793100000">
        <ele>567.000</ele>
      </trkpt>
      <trkpt lat="45.892740000" lon="5.793170000">
        <ele>565.000</ele>
      </trkpt>
      <trkpt lat="45.892780000" lon="5.793250000">
        <ele>563.000</ele>
      </trkpt>
      <trkpt lat="45.892810000" lon="5.793340000">
        <ele>562.000</ele>
      </trkpt>
      <trkpt lat="45.892850000" lon="5.793450000">
        <ele>560.000</ele>
      </trkpt>
      <trkpt lat="45.892890000" lon="5.793660000">
        <ele>559.000</ele>
      </trkpt>
      <trkpt lat="45.892920000" lon="5.793750000">
        <ele>557.000</ele>
      </trkpt>
      <trkpt lat="45.892960000" lon="5.793810000">
        <ele>556.000</ele>
      </trkpt>
      <trkpt lat="45.893030000" lon="5.793830000">
        <ele>555.000</ele>
      </trkpt>
      <trkpt lat="45.893110000" lon="5.793840000">
        <ele>553.000</ele>
      </trkpt>
      <trkpt lat="45.893180000" lon="5.793800000">
        <ele>552.000</ele>
      </trkpt>
      <trkpt lat="45.893240000" lon="5.793740000">
        <ele>551.000</ele>
      </trkpt>
      <trkpt lat="45.893340000" lon="5.793600000">
        <ele>550.000</ele>
      </trkpt>
      <trkpt lat="45.893480000" lon="5.793440000">
        <ele>548.000</ele>
      </trkpt>
      <trkpt lat="45.893610000" lon="5.793330000">
        <ele>546.000</ele>
      </trkpt>
      <trkpt lat="45.893730000" lon="5.793260000">
        <ele>545.000</ele>
      </trkpt>
      <trkpt lat="45.893870000" lon="5.793220000">
        <ele>543.000</ele>
      </trkpt>
      <trkpt lat="45.893980000" lon="5.793220000">
        <ele>542.000</ele>
      </trkpt>
      <trkpt lat="45.894110000" lon="5.793240000">
        <ele>541.000</ele>
      </trkpt>
      <trkpt lat="45.894330000" lon="5.793380000">
        <ele>539.000</ele>
      </trkpt>
      <trkpt lat="45.894420000" lon="5.793460000">
        <ele>538.000</ele>
      </trkpt>
      <trkpt lat="45.894520000" lon="5.793570000">
        <ele>536.000</ele>
      </trkpt>
      <trkpt lat="45.894700000" lon="5.793830000">
        <ele>534.000</ele>
      </trkpt>
      <trkpt lat="45.894940000" lon="5.794180000">
        <ele>532.000</ele>
      </trkpt>
      <trkpt lat="45.895030000" lon="5.794300000">
        <ele>530.000</ele>
      </trkpt>
      <trkpt lat="45.895090000" lon="5.794350000">
        <ele>529.000</ele>
      </trkpt>
      <trkpt lat="45.895130000" lon="5.794370000">
        <ele>528.000</ele>
      </trkpt>
      <trkpt lat="45.895180000" lon="5.794370000">
        <ele>527.000</ele>
      </trkpt>
      <trkpt lat="45.895230000" lon="5.794340000">
        <ele>526.000</ele>
      </trkpt>
      <trkpt lat="45.895330000" lon="5.794240000">
        <ele>526.000</ele>
      </trkpt>
      <trkpt lat="45.895400000" lon="5.794190000">
        <ele>525.000</ele>
      </trkpt>
      <trkpt lat="45.895470000" lon="5.794180000">
        <ele>524.000</ele>
      </trkpt>
      <trkpt lat="45.895560000" lon="5.794180000">
        <ele>523.000</ele>
      </trkpt>
      <trkpt lat="45.895640000" lon="5.794200000">
        <ele>523.000</ele>
      </trkpt>
      <trkpt lat="45.895780000" lon="5.794290000">
        <ele>522.000</ele>
      </trkpt>
      <trkpt lat="45.896390000" lon="5.794830000">
        <ele>520.000</ele>
      </trkpt>
      <trkpt lat="45.896460000" lon="5.794920000">
        <ele>518.000</ele>
      </trkpt>
      <trkpt lat="45.896510000" lon="5.795020000">
        <ele>516.000</ele>
      </trkpt>
      <trkpt lat="45.896590000" lon="5.795220000">
        <ele>515.000</ele>
      </trkpt>
      <trkpt lat="45.896710000" lon="5.795440000">
        <ele>514.000</ele>
      </trkpt>
      <trkpt lat="45.896790000" lon="5.795560000">
        <ele>512.000</ele>
      </trkpt>
      <trkpt lat="45.896880000" lon="5.795650000">
        <ele>511.000</ele>
      </trkpt>
      <trkpt lat="45.897010000" lon="5.795770000">
        <ele>510.000</ele>
      </trkpt>
      <trkpt lat="45.897150000" lon="5.795880000">
        <ele>509.000</ele>
      </trkpt>
      <trkpt lat="45.897240000" lon="5.795920000">
        <ele>508.000</ele>
      </trkpt>
      <trkpt lat="45.897310000" lon="5.795940000">
        <ele>507.000</ele>
      </trkpt>
      <trkpt lat="45.897360000" lon="5.795920000">
        <ele>506.000</ele>
      </trkpt>
      <trkpt lat="45.897420000" lon="5.795890000">
        <ele>505.000</ele>
      </trkpt>
      <trkpt lat="45.897490000" lon="5.795810000">
        <ele>505.000</ele>
      </trkpt>
      <trkpt lat="45.897590000" lon="5.795680000">
        <ele>504.000</ele>
      </trkpt>
      <trkpt lat="45.897660000" lon="5.795650000">
        <ele>503.000</ele>
      </trkpt>
      <trkpt lat="45.897730000" lon="5.795630000">
        <ele>502.000</ele>
      </trkpt>
      <trkpt lat="45.897800000" lon="5.795630000">
        <ele>502.000</ele>
      </trkpt>
      <trkpt lat="45.897850000" lon="5.795660000">
        <ele>501.000</ele>
      </trkpt>
      <trkpt lat="45.897910000" lon="5.795730000">
        <ele>500.000</ele>
      </trkpt>
      <trkpt lat="45.897960000" lon="5.795830000">
        <ele>500.000</ele>
      </trkpt>
      <trkpt lat="45.898100000" lon="5.796220000">
        <ele>498.000</ele>
      </trkpt>
      <trkpt lat="45.898160000" lon="5.796360000">
        <ele>497.000</ele>
      </trkpt>
      <trkpt lat="45.898240000" lon="5.796490000">
        <ele>495.000</ele>
      </trkpt>
      <trkpt lat="45.898310000" lon="5.796590000">
        <ele>494.000</ele>
      </trkpt>
      <trkpt lat="45.898390000" lon="5.796660000">
        <ele>493.000</ele>
      </trkpt>
      <trkpt lat="45.898490000" lon="5.796730000">
        <ele>492.000</ele>
      </trkpt>
      <trkpt lat="45.898600000" lon="5.796780000">
        <ele>491.000</ele>
      </trkpt>
      <trkpt lat="45.898670000" lon="5.796780000">
        <ele>489.000</ele>
      </trkpt>
      <trkpt lat="45.898740000" lon="5.796760000">
        <ele>489.000</ele>
      </trkpt>
      <trkpt lat="45.898800000" lon="5.796700000">
        <ele>488.000</ele>
      </trkpt>
      <trkpt lat="45.898900000" lon="5.796520000">
        <ele>486.000</ele>
      </trkpt>
      <trkpt lat="45.898940000" lon="5.796460000">
        <ele>485.000</ele>
      </trkpt>
      <trkpt lat="45.899010000" lon="5.796440000">
        <ele>484.000</ele>
      </trkpt>
      <trkpt lat="45.899080000" lon="5.796450000">
        <ele>484.000</ele>
      </trkpt>
      <trkpt lat="45.899160000" lon="5.796500000">
        <ele>483.000</ele>
      </trkpt>
      <trkpt lat="45.899350000" lon="5.796670000">
        <ele>481.000</ele>
      </trkpt>
      <trkpt lat="45.899470000" lon="5.796710000">
        <ele>480.000</ele>
      </trkpt>
      <trkpt lat="45.899610000" lon="5.796740000">
        <ele>479.000</ele>
      </trkpt>
      <trkpt lat="45.899850000" lon="5.796790000">
        <ele>477.000</ele>
      </trkpt>
      <trkpt lat="45.900040000" lon="5.796870000">
        <ele>476.000</ele>
      </trkpt>
      <trkpt lat="45.900840000" lon="5.797280000">
        <ele>472.000</ele>
      </trkpt>
      <trkpt lat="45.900970000" lon="5.797320000">
        <ele>470.000</ele>
      </trkpt>
      <trkpt lat="45.901270000" lon="5.797390000">
        <ele>467.000</ele>
      </trkpt>
      <trkpt lat="45.901480000" lon="5.797450000">
        <ele>464.000</ele>
      </trkpt>
      <trkpt lat="45.901930000" lon="5.797650000">
        <ele>460.000</ele>
      </trkpt>
      <trkpt lat="45.902110000" lon="5.797740000">
        <ele>457.000</ele>
      </trkpt>
      <trkpt lat="45.902430000" lon="5.797930000">
        <ele>453.000</ele>
      </trkpt>
      <trkpt lat="45.902720000" lon="5.798120000">
        <ele>449.000</ele>
      </trkpt>
      <trkpt lat="45.902990000" lon="5.798290000">
        <ele>445.000</ele>
      </trkpt>
      <trkpt lat="45.903510000" lon="5.798520000">
        <ele>440.000</ele>
      </trkpt>
      <trkpt lat="45.903670000" lon="5.798580000">
        <ele>436.000</ele>
      </trkpt>
      <trkpt lat="45.903820000" lon="5.798620000">
        <ele>433.000</ele>
      </trkpt>
      <trkpt lat="45.904010000" lon="5.798640000">
        <ele>430.000</ele>
      </trkpt>
      <trkpt lat="45.904150000" lon="5.798640000">
        <ele>428.000</ele>
      </trkpt>
      <trkpt lat="45.904330000" lon="5.798640000">
        <ele>425.000</ele>
      </trkpt>
      <trkpt lat="45.904440000" lon="5.798660000">
        <ele>423.000</ele>
      </trkpt>
      <trkpt lat="45.904560000" lon="5.798700000">
        <ele>422.000</ele>
      </trkpt>
      <trkpt lat="45.905230000" lon="5.799110000">
        <ele>418.000</ele>
      </trkpt>
      <trkpt lat="45.905410000" lon="5.799190000">
        <ele>414.000</ele>
      </trkpt>
      <trkpt lat="45.905500000" lon="5.799210000">
        <ele>412.000</ele>
      </trkpt>
      <trkpt lat="45.905580000" lon="5.799210000">
        <ele>410.000</ele>
      </trkpt>
      <trkpt lat="45.905670000" lon="5.799200000">
        <ele>408.000</ele>
      </trkpt>
      <trkpt lat="45.905750000" lon="5.799150000">
        <ele>407.000</ele>
      </trkpt>
      <trkpt lat="45.905850000" lon="5.799070000">
        <ele>405.000</ele>
      </trkpt>
      <trkpt lat="45.906060000" lon="5.798900000">
        <ele>404.000</ele>
      </trkpt>
      <trkpt lat="45.906110000" lon="5.798870000">
        <ele>402.000</ele>
      </trkpt>
      <trkpt lat="45.906210000" lon="5.798860000">
        <ele>401.000</ele>
      </trkpt>
      <trkpt lat="45.906260000" lon="5.798870000">
        <ele>400.000</ele>
      </trkpt>
      <trkpt lat="45.906290000" lon="5.798890000">
        <ele>399.000</ele>
      </trkpt>
      <trkpt lat="45.906670000" lon="5.799120000">
        <ele>397.000</ele>
      </trkpt>
      <trkpt lat="45.907040000" lon="5.799290000">
        <ele>395.000</ele>
      </trkpt>
      <trkpt lat="45.907110000" lon="5.799300000">
        <ele>393.000</ele>
      </trkpt>
      <trkpt lat="45.907250000" lon="5.799310000">
        <ele>391.000</ele>
      </trkpt>
      <trkpt lat="45.907300000" lon="5.799330000">
        <ele>389.000</ele>
      </trkpt>
      <trkpt lat="45.907350000" lon="5.799370000">
        <ele>388.000</ele>
      </trkpt>
      <trkpt lat="45.907470000" lon="5.799510000">
        <ele>386.000</ele>
      </trkpt>
      <trkpt lat="45.907520000" lon="5.799550000">
        <ele>385.000</ele>
      </trkpt>
      <trkpt lat="45.907650000" lon="5.799590000">
        <ele>384.000</ele>
      </trkpt>
      <trkpt lat="45.907760000" lon="5.799680000">
        <ele>382.000</ele>
      </trkpt>
      <trkpt lat="45.907890000" lon="5.799830000">
        <ele>380.000</ele>
      </trkpt>
      <trkpt lat="45.908000000" lon="5.799920000">
        <ele>379.000</ele>
      </trkpt>
      <trkpt lat="45.908100000" lon="5.799980000">
        <ele>377.000</ele>
      </trkpt>
      <trkpt lat="45.908170000" lon="5.800040000">
        <ele>375.000</ele>
      </trkpt>
      <trkpt lat="45.908220000" lon="5.800110000">
        <ele>374.000</ele>
      </trkpt>
      <trkpt lat="45.908300000" lon="5.800250000">
        <ele>373.000</ele>
      </trkpt>
      <trkpt lat="45.908380000" lon="5.800360000">
        <ele>371.000</ele>
      </trkpt>
      <trkpt lat="45.908470000" lon="5.800440000">
        <ele>370.000</ele>
      </trkpt>
      <trkpt lat="45.908640000" lon="5.800570000">
        <ele>368.000</ele>
      </trkpt>
      <trkpt lat="45.908790000" lon="5.800680000">
        <ele>366.000</ele>
      </trkpt>
      <trkpt lat="45.909130000" lon="5.800860000">
        <ele>363.000</ele>
      </trkpt>
      <trkpt lat="45.909200000" lon="5.800880000">
        <ele>361.000</ele>
      </trkpt>
      <trkpt lat="45.909230000" lon="5.800880000">
        <ele>359.000</ele>
      </trkpt>
      <trkpt lat="45.909230000" lon="5.800880000">
        <ele>358.000</ele>
      </trkpt>
      <trkpt lat="45.909370000" lon="5.800890000">
        <ele>357.000</ele>
      </trkpt>
      <trkpt lat="45.909430000" lon="5.800910000">
        <ele>355.000</ele>
      </trkpt>
      <trkpt lat="45.909490000" lon="5.800950000">
        <ele>354.000</ele>
      </trkpt>
      <trkpt lat="45.909560000" lon="5.801020000">
        <ele>353.000</ele>
      </trkpt>
      <trkpt lat="45.909630000" lon="5.801120000">
        <ele>352.000</ele>
      </trkpt>
      <trkpt lat="45.909670000" lon="5.801220000">
        <ele>351.000</ele>
      </trkpt>
      <trkpt lat="45.909690000" lon="5.801330000">
        <ele>349.000</ele>
      </trkpt>
      <trkpt lat="45.909700000" lon="5.801430000">
        <ele>348.000</ele>
      </trkpt>
      <trkpt lat="45.909710000" lon="5.801620000">
        <ele>347.000</ele>
      </trkpt>
      <trkpt lat="45.909730000" lon="5.801750000">
        <ele>346.000</ele>
      </trkpt>
      <trkpt lat="45.909760000" lon="5.801870000">
        <ele>344.000</ele>
      </trkpt>
      <trkpt lat="45.909810000" lon="5.801940000">
        <ele>343.000</ele>
      </trkpt>
      <trkpt lat="45.909870000" lon="5.802010000">
        <ele>342.000</ele>
      </trkpt>
      <trkpt lat="45.909950000" lon="5.802070000">
        <ele>341.000</ele>
      </trkpt>
      <trkpt lat="45.910020000" lon="5.802130000">
        <ele>340.000</ele>
      </trkpt>
      <trkpt lat="45.910110000" lon="5.802160000">
        <ele>339.000</ele>
      </trkpt>
      <trkpt lat="45.910230000" lon="5.802200000">
        <ele>338.000</ele>
      </trkpt>
      <trkpt lat="45.910360000" lon="5.802220000">
        <ele>337.000</ele>
      </trkpt>
      <trkpt lat="45.910460000" lon="5.802250000">
        <ele>337.000</ele>
      </trkpt>
      <trkpt lat="45.910560000" lon="5.802290000">
        <ele>336.000</ele>
      </trkpt>
      <trkpt lat="45.910660000" lon="5.802370000">
        <ele>335.000</ele>
      </trkpt>
      <trkpt lat="45.910800000" lon="5.802510000">
        <ele>334.000</ele>
      </trkpt>
      <trkpt lat="45.910830000" lon="5.802550000">
        <ele>334.000</ele>
      </trkpt>
      <trkpt lat="45.910890000" lon="5.802580000">
        <ele>333.000</ele>
      </trkpt>
      <trkpt lat="45.910940000" lon="5.802600000">
        <ele>332.000</ele>
      </trkpt>
      <trkpt lat="45.911130000" lon="5.802590000">
        <ele>332.000</ele>
      </trkpt>
      <trkpt lat="45.911210000" lon="5.802590000">
        <ele>331.000</ele>
      </trkpt>
      <trkpt lat="45.911270000" lon="5.802620000">
        <ele>330.000</ele>
      </trkpt>
      <trkpt lat="45.911310000" lon="5.802650000">
        <ele>330.000</ele>
      </trkpt>
      <trkpt lat="45.911360000" lon="5.802710000">
        <ele>330.000</ele>
      </trkpt>
      <trkpt lat="45.911390000" lon="5.802820000">
        <ele>329.000</ele>
      </trkpt>
      <trkpt lat="45.911410000" lon="5.802960000">
        <ele>328.000</ele>
      </trkpt>
      <trkpt lat="45.911410000" lon="5.803150000">
        <ele>328.000</ele>
      </trkpt>
      <trkpt lat="45.911400000" lon="5.803560000">
        <ele>326.000</ele>
      </trkpt>
      <trkpt lat="45.911380000" lon="5.803760000">
        <ele>325.000</ele>
      </trkpt>
      <trkpt lat="45.911380000" lon="5.803950000">
        <ele>324.000</ele>
      </trkpt>
      <trkpt lat="45.911390000" lon="5.804040000">
        <ele>323.000</ele>
      </trkpt>
      <trkpt lat="45.911450000" lon="5.804200000">
        <ele>321.000</ele>
      </trkpt>
      <trkpt lat="45.911550000" lon="5.804390000">
        <ele>320.000</ele>
      </trkpt>
      <trkpt lat="45.911590000" lon="5.804450000">
        <ele>319.000</ele>
      </trkpt>
      <trkpt lat="45.911690000" lon="5.804530000">
        <ele>318.000</ele>
      </trkpt>
      <trkpt lat="45.911840000" lon="5.804630000">
        <ele>317.000</ele>
      </trkpt>
      <trkpt lat="45.912010000" lon="5.804770000">
        <ele>315.000</ele>
      </trkpt>
      <trkpt lat="45.912150000" lon="5.804890000">
        <ele>314.000</ele>
      </trkpt>
      <trkpt lat="45.912170000" lon="5.804910000">
        <ele>313.000</ele>
      </trkpt>
      <trkpt lat="45.912410000" lon="5.805130000">
        <ele>311.000</ele>
      </trkpt>
      <trkpt lat="45.912480000" lon="5.805220000">
        <ele>310.000</ele>
      </trkpt>
      <trkpt lat="45.912570000" lon="5.805350000">
        <ele>309.000</ele>
      </trkpt>
      <trkpt lat="45.912630000" lon="5.805490000">
        <ele>309.000</ele>
      </trkpt>
      <trkpt lat="45.912690000" lon="5.805610000">
        <ele>308.000</ele>
      </trkpt>
      <trkpt lat="45.912720000" lon="5.805670000">
        <ele>308.000</ele>
      </trkpt>
      <trkpt lat="45.912760000" lon="5.805710000">
        <ele>308.000</ele>
      </trkpt>
      <trkpt lat="45.912830000" lon="5.805750000">
        <ele>308.000</ele>
      </trkpt>
      <trkpt lat="45.912930000" lon="5.805790000">
        <ele>308.000</ele>
      </trkpt>
      <trkpt lat="45.913170000" lon="5.805820000">
        <ele>308.000</ele>
      </trkpt>
      <trkpt lat="45.913440000" lon="5.805890000">
        <ele>308.000</ele>
      </trkpt>
      <trkpt lat="45.913630000" lon="5.805960000">
        <ele>309.000</ele>
      </trkpt>
      <trkpt lat="45.914270000" lon="5.806100000">
        <ele>309.000</ele>
      </trkpt>
      <trkpt lat="45.914420000" lon="5.806120000">
        <ele>309.000</ele>
      </trkpt>
      <trkpt lat="45.914520000" lon="5.806160000">
        <ele>308.000</ele>
      </trkpt>
      <trkpt lat="45.914600000" lon="5.806230000">
        <ele>308.000</ele>
      </trkpt>
      <trkpt lat="45.915380000" lon="5.807020000">
        <ele>306.000</ele>
      </trkpt>
      <trkpt lat="45.915400000" lon="5.807040000">
        <ele>304.000</ele>
      </trkpt>
      <trkpt lat="45.915660000" lon="5.807310000">
        <ele>302.000</ele>
      </trkpt>
      <trkpt lat="45.915760000" lon="5.807440000">
        <ele>301.000</ele>
      </trkpt>
      <trkpt lat="45.915920000" lon="5.807730000">
        <ele>300.000</ele>
      </trkpt>
      <trkpt lat="45.915960000" lon="5.807830000">
        <ele>298.000</ele>
      </trkpt>
      <trkpt lat="45.915980000" lon="5.807920000">
        <ele>298.000</ele>
      </trkpt>
      <trkpt lat="45.915990000" lon="5.808030000">
        <ele>297.000</ele>
      </trkpt>
      <trkpt lat="45.915960000" lon="5.808920000">
        <ele>296.000</ele>
      </trkpt>
      <trkpt lat="45.915960000" lon="5.809050000">
        <ele>296.000</ele>
      </trkpt>
      <trkpt lat="45.915960000" lon="5.809080000">
        <ele>295.000</ele>
      </trkpt>
      <trkpt lat="45.915960000" lon="5.809150000">
        <ele>295.000</ele>
      </trkpt>
      <trkpt lat="45.916000000" lon="5.809150000">
        <ele>295.000</ele>
      </trkpt>
      <trkpt lat="45.916400000" lon="5.809100000">
        <ele>294.000</ele>
      </trkpt>
      <trkpt lat="45.916560000" lon="5.809060000">
        <ele>294.000</ele>
      </trkpt>
      <trkpt lat="45.917350000" lon="5.808980000">
        <ele>293.000</ele>
      </trkpt>
      <trkpt lat="45.917940000" lon="5.808910000">
        <ele>293.000</ele>
      </trkpt>
      <trkpt lat="45.917980000" lon="5.808910000">
        <ele>294.000</ele>
      </trkpt>
      <trkpt lat="45.918350000" lon="5.808890000">
        <ele>294.000</ele>
      </trkpt>
      <trkpt lat="45.918810000" lon="5.808900000">
        <ele>295.000</ele>
      </trkpt>
      <trkpt lat="45.919160000" lon="5.808930000">
        <ele>296.000</ele>
      </trkpt>
      <trkpt lat="45.919220000" lon="5.808940000">
        <ele>297.000</ele>
      </trkpt>
      <trkpt lat="45.919580000" lon="5.809020000">
        <ele>297.000</ele>
      </trkpt>
      <trkpt lat="45.921140000" lon="5.809470000">
        <ele>297.000</ele>
      </trkpt>
      <trkpt lat="45.921620000" lon="5.809560000">
        <ele>297.000</ele>
      </trkpt>
      <trkpt lat="45.921900000" lon="5.809570000">
        <ele>298.000</ele>
      </trkpt>
      <trkpt lat="45.922260000" lon="5.809590000">
        <ele>299.000</ele>
      </trkpt>
      <trkpt lat="45.922620000" lon="5.809620000">
        <ele>300.000</ele>
      </trkpt>
      <trkpt lat="45.923250000" lon="5.809700000">
        <ele>301.000</ele>
      </trkpt>
      <trkpt lat="45.923310000" lon="5.809710000">
        <ele>302.000</ele>
      </trkpt>
      <trkpt lat="45.923440000" lon="5.809720000">
        <ele>303.000</ele>
      </trkpt>
      <trkpt lat="45.923740000" lon="5.809760000">
        <ele>304.000</ele>
      </trkpt>
      <trkpt lat="45.923880000" lon="5.809780000">
        <ele>304.000</ele>
      </trkpt>
      <trkpt lat="45.925260000" lon="5.809950000">
        <ele>307.000</ele>
      </trkpt>
      <trkpt lat="45.925540000" lon="5.809950000">
        <ele>309.000</ele>
      </trkpt>
      <trkpt lat="45.925800000" lon="5.809900000">
        <ele>311.000</ele>
      </trkpt>
      <trkpt lat="45.926160000" lon="5.809760000">
        <ele>312.000</ele>
      </trkpt>
      <trkpt lat="45.926460000" lon="5.809690000">
        <ele>314.000</ele>
      </trkpt>
      <trkpt lat="45.926790000" lon="5.809660000">
        <ele>316.000</ele>
      </trkpt>
      <trkpt lat="45.927810000" lon="5.809620000">
        <ele>318.000</ele>
      </trkpt>
      <trkpt lat="45.928170000" lon="5.809660000">
        <ele>320.000</ele>
      </trkpt>
      <trkpt lat="45.928230000" lon="5.809670000">
        <ele>322.000</ele>
      </trkpt>
      <trkpt lat="45.928330000" lon="5.809690000">
        <ele>322.000</ele>
      </trkpt>
      <trkpt lat="45.928400000" lon="5.809700000">
        <ele>323.000</ele>
      </trkpt>
      <trkpt lat="45.928570000" lon="5.809740000">
        <ele>324.000</ele>
      </trkpt>
      <trkpt lat="45.928900000" lon="5.809870000">
        <ele>324.000</ele>
      </trkpt>
      <trkpt lat="45.929080000" lon="5.809980000">
        <ele>325.000</ele>
      </trkpt>
      <trkpt lat="45.929580000" lon="5.810260000">
        <ele>325.000</ele>
      </trkpt>
      <trkpt lat="45.929930000" lon="5.810430000">
        <ele>326.000</ele>
      </trkpt>
      <trkpt lat="45.930240000" lon="5.810550000">
        <ele>326.000</ele>
      </trkpt>
      <trkpt lat="45.930370000" lon="5.810570000">
        <ele>326.000</ele>
      </trkpt>
      <trkpt lat="45.930460000" lon="5.810580000">
        <ele>327.000</ele>
      </trkpt>
      <trkpt lat="45.931000000" lon="5.810610000">
        <ele>327.000</ele>
      </trkpt>
      <trkpt lat="45.931000000" lon="5.810610000">
        <ele>327.000</ele>
      </trkpt>
      <trkpt lat="45.931610000" lon="5.810640000">
        <ele>327.000</ele>
      </trkpt>
      <trkpt lat="45.931950000" lon="5.810700000">
        <ele>328.000</ele>
      </trkpt>
      <trkpt lat="45.932240000" lon="5.810810000">
        <ele>328.000</ele>
      </trkpt>
      <trkpt lat="45.932900000" lon="5.811160000">
        <ele>329.000</ele>
      </trkpt>
      <trkpt lat="45.933550000" lon="5.811560000">
        <ele>331.000</ele>
      </trkpt>
      <trkpt lat="45.933880000" lon="5.811670000">
        <ele>331.000</ele>
      </trkpt>
      <trkpt lat="45.934120000" lon="5.811710000">
        <ele>332.000</ele>
      </trkpt>
      <trkpt lat="45.934880000" lon="5.811760000">
        <ele>331.000</ele>
      </trkpt>
      <trkpt lat="45.935810000" lon="5.811920000">
        <ele>330.000</ele>
      </trkpt>
      <trkpt lat="45.936360000" lon="5.811990000">
        <ele>330.000</ele>
      </trkpt>
      <trkpt lat="45.936620000" lon="5.811990000">
        <ele>330.000</ele>
      </trkpt>
      <trkpt lat="45.937230000" lon="5.811910000">
        <ele>330.000</ele>
      </trkpt>
      <trkpt lat="45.937500000" lon="5.811950000">
        <ele>331.000</ele>
      </trkpt>
      <trkpt lat="45.938170000" lon="5.812180000">
        <ele>332.000</ele>
      </trkpt>
      <trkpt lat="45.938570000" lon="5.812300000">
        <ele>333.000</ele>
      </trkpt>
      <trkpt lat="45.938980000" lon="5.812390000">
        <ele>334.000</ele>
      </trkpt>
      <trkpt lat="45.939810000" lon="5.812560000">
        <ele>336.000</ele>
      </trkpt>
      <trkpt lat="45.940190000" lon="5.812720000">
        <ele>338.000</ele>
      </trkpt>
      <trkpt lat="45.940500000" lon="5.812880000">
        <ele>339.000</ele>
      </trkpt>
      <trkpt lat="45.940870000" lon="5.813080000">
        <ele>340.000</ele>
      </trkpt>
      <trkpt lat="45.941280000" lon="5.813270000">
        <ele>340.000</ele>
      </trkpt>
      <trkpt lat="45.942400000" lon="5.813780000">
        <ele>340.000</ele>
      </trkpt>
      <trkpt lat="45.943020000" lon="5.814000000">
        <ele>340.000</ele>
      </trkpt>
      <trkpt lat="45.943160000" lon="5.814050000">
        <ele>340.000</ele>
      </trkpt>
      <trkpt lat="45.943170000" lon="5.813990000">
        <ele>341.000</ele>
      </trkpt>
      <trkpt lat="45.943210000" lon="5.813900000">
        <ele>341.000</ele>
      </trkpt>
      <trkpt lat="45.943240000" lon="5.813840000">
        <ele>341.000</ele>
      </trkpt>
      <trkpt lat="45.943290000" lon="5.813790000">
        <ele>341.000</ele>
      </trkpt>
      <trkpt lat="45.943350000" lon="5.813750000">
        <ele>341.000</ele>
      </trkpt>
      <trkpt lat="45.943520000" lon="5.813680000">
        <ele>342.000</ele>
      </trkpt>
      <trkpt lat="45.944690000" lon="5.813200000">
        <ele>343.000</ele>
      </trkpt>
      <trkpt lat="45.944780000" lon="5.813160000">
        <ele>343.000</ele>
      </trkpt>
      <trkpt lat="45.944920000" lon="5.813120000">
        <ele>344.000</ele>
      </trkpt>
      <trkpt lat="45.945030000" lon="5.813100000">
        <ele>344.000</ele>
      </trkpt>
      <trkpt lat="45.945360000" lon="5.813100000">
        <ele>345.000</ele>
      </trkpt>
      <trkpt lat="45.945790000" lon="5.813110000">
        <ele>346.000</ele>
      </trkpt>
      <trkpt lat="45.945910000" lon="5.813110000">
        <ele>347.000</ele>
      </trkpt>
      <trkpt lat="45.946080000" lon="5.813130000">
        <ele>347.000</ele>
      </trkpt>
      <trkpt lat="45.946980000" lon="5.813170000">
        <ele>349.000</ele>
      </trkpt>
      <trkpt lat="45.947860000" lon="5.813220000">
        <ele>350.000</ele>
      </trkpt>
      <trkpt lat="45.949300000" lon="5.813280000">
        <ele>352.000</ele>
      </trkpt>
      <trkpt lat="45.949890000" lon="5.813320000">
        <ele>353.000</ele>
      </trkpt>
      <trkpt lat="45.950500000" lon="5.813350000">
        <ele>354.000</ele>
      </trkpt>
      <trkpt lat="45.950650000" lon="5.813370000">
        <ele>355.000</ele>
      </trkpt>
      <trkpt lat="45.951280000" lon="5.813390000">
        <ele>356.000</ele>
      </trkpt>
      <trkpt lat="45.951940000" lon="5.813430000">
        <ele>357.000</ele>
      </trkpt>
      <trkpt lat="45.952290000" lon="5.813430000">
        <ele>358.000</ele>
      </trkpt>
      <trkpt lat="45.952680000" lon="5.813460000">
        <ele>359.000</ele>
      </trkpt>
      <trkpt lat="45.953590000" lon="5.813480000">
        <ele>361.000</ele>
      </trkpt>
      <trkpt lat="45.954310000" lon="5.813490000">
        <ele>363.000</ele>
      </trkpt>
      <trkpt lat="45.954850000" lon="5.813480000">
        <ele>364.000</ele>
      </trkpt>
      <trkpt lat="45.955980000" lon="5.813410000">
        <ele>366.000</ele>
      </trkpt>
      <trkpt lat="45.956500000" lon="5.813360000">
        <ele>366.000</ele>
      </trkpt>
      <trkpt lat="45.957180000" lon="5.813260000">
        <ele>366.000</ele>
      </trkpt>
      <trkpt lat="45.957940000" lon="5.813110000">
        <ele>364.000</ele>
      </trkpt>
      <trkpt lat="45.959990000" lon="5.812730000">
        <ele>363.000</ele>
      </trkpt>
      <trkpt lat="45.960690000" lon="5.812600000">
        <ele>364.000</ele>
      </trkpt>
      <trkpt lat="45.960720000" lon="5.812600000">
        <ele>365.000</ele>
      </trkpt>
      <trkpt lat="45.960770000" lon="5.812590000">
        <ele>366.000</ele>
      </trkpt>
      <trkpt lat="45.960880000" lon="5.812570000">
        <ele>366.000</ele>
      </trkpt>
      <trkpt lat="45.960890000" lon="5.812560000">
        <ele>367.000</ele>
      </trkpt>
      <trkpt lat="45.962060000" lon="5.812310000">
        <ele>370.000</ele>
      </trkpt>
      <trkpt lat="45.962180000" lon="5.812270000">
        <ele>371.000</ele>
      </trkpt>
      <trkpt lat="45.962520000" lon="5.812140000">
        <ele>372.000</ele>
      </trkpt>
      <trkpt lat="45.963140000" lon="5.811860000">
        <ele>372.000</ele>
      </trkpt>
      <trkpt lat="45.964810000" lon="5.811070000">
        <ele>369.000</ele>
      </trkpt>
      <trkpt lat="45.965780000" lon="5.810640000">
        <ele>367.000</ele>
      </trkpt>
      <trkpt lat="45.965970000" lon="5.810570000">
        <ele>367.000</ele>
      </trkpt>
      <trkpt lat="45.966330000" lon="5.810420000">
        <ele>367.000</ele>
      </trkpt>
      <trkpt lat="45.966480000" lon="5.810370000">
        <ele>367.000</ele>
      </trkpt>
      <trkpt lat="45.966920000" lon="5.810170000">
        <ele>367.000</ele>
      </trkpt>
      <trkpt lat="45.966950000" lon="5.810150000">
        <ele>368.000</ele>
      </trkpt>
      <trkpt lat="45.967730000" lon="5.809780000">
        <ele>368.000</ele>
      </trkpt>
      <trkpt lat="45.967800000" lon="5.809770000">
        <ele>369.000</ele>
      </trkpt>
      <trkpt lat="45.967930000" lon="5.809750000">
        <ele>369.000</ele>
      </trkpt>
      <trkpt lat="45.968110000" lon="5.809780000">
        <ele>369.000</ele>
      </trkpt>
      <trkpt lat="45.968420000" lon="5.809920000">
        <ele>370.000</ele>
      </trkpt>
      <trkpt lat="45.968530000" lon="5.809980000">
        <ele>370.000</ele>
      </trkpt>
      <trkpt lat="45.968610000" lon="5.810010000">
        <ele>370.000</ele>
      </trkpt>
      <trkpt lat="45.968760000" lon="5.810050000">
        <ele>370.000</ele>
      </trkpt>
      <trkpt lat="45.968920000" lon="5.810060000">
        <ele>370.000</ele>
      </trkpt>
      <trkpt lat="45.969240000" lon="5.810060000">
        <ele>371.000</ele>
      </trkpt>
      <trkpt lat="45.969370000" lon="5.810050000">
        <ele>371.000</ele>
      </trkpt>
      <trkpt lat="45.969820000" lon="5.810020000">
        <ele>372.000</ele>
      </trkpt>
      <trkpt lat="45.970000000" lon="5.809990000">
        <ele>373.000</ele>
      </trkpt>
      <trkpt lat="45.970170000" lon="5.809940000">
        <ele>373.000</ele>
      </trkpt>
      <trkpt lat="45.970230000" lon="5.809920000">
        <ele>374.000</ele>
      </trkpt>
      <trkpt lat="45.970330000" lon="5.809880000">
        <ele>374.000</ele>
      </trkpt>
      <trkpt lat="45.970490000" lon="5.809820000">
        <ele>375.000</ele>
      </trkpt>
      <trkpt lat="45.970720000" lon="5.809670000">
        <ele>375.000</ele>
      </trkpt>
      <trkpt lat="45.970780000" lon="5.809610000">
        <ele>376.000</ele>
      </trkpt>
      <trkpt lat="45.970990000" lon="5.809400000">
        <ele>376.000</ele>
      </trkpt>
      <trkpt lat="45.971250000" lon="5.809110000">
        <ele>376.000</ele>
      </trkpt>
      <trkpt lat="45.971450000" lon="5.808920000">
        <ele>376.000</ele>
      </trkpt>
      <trkpt lat="45.971760000" lon="5.808670000">
        <ele>376.000</ele>
      </trkpt>
      <trkpt lat="45.971910000" lon="5.808600000">
        <ele>375.000</ele>
      </trkpt>
      <trkpt lat="45.972100000" lon="5.808610000">
        <ele>375.000</ele>
      </trkpt>
      <trkpt lat="45.972170000" lon="5.808620000">
        <ele>375.000</ele>
      </trkpt>
      <trkpt lat="45.972280000" lon="5.808650000">
        <ele>375.000</ele>
      </trkpt>
      <trkpt lat="45.972540000" lon="5.808660000">
        <ele>375.000</ele>
      </trkpt>
      <trkpt lat="45.972810000" lon="5.808630000">
        <ele>375.000</ele>
      </trkpt>
      <trkpt lat="45.973220000" lon="5.808500000">
        <ele>374.000</ele>
      </trkpt>
      <trkpt lat="45.973800000" lon="5.808300000">
        <ele>374.000</ele>
      </trkpt>
      <trkpt lat="45.974050000" lon="5.808210000">
        <ele>374.000</ele>
      </trkpt>
      <trkpt lat="45.974100000" lon="5.808180000">
        <ele>373.000</ele>
      </trkpt>
      <trkpt lat="45.974480000" lon="5.808010000">
        <ele>373.000</ele>
      </trkpt>
      <trkpt lat="45.974910000" lon="5.807790000">
        <ele>373.000</ele>
      </trkpt>
      <trkpt lat="45.975210000" lon="5.807630000">
        <ele>374.000</ele>
      </trkpt>
      <trkpt lat="45.975540000" lon="5.807480000">
        <ele>374.000</ele>
      </trkpt>
      <trkpt lat="45.975690000" lon="5.807440000">
        <ele>375.000</ele>
      </trkpt>
      <trkpt lat="45.975890000" lon="5.807460000">
        <ele>375.000</ele>
      </trkpt>
      <trkpt lat="45.976140000" lon="5.807490000">
        <ele>376.000</ele>
      </trkpt>
      <trkpt lat="45.976330000" lon="5.807480000">
        <ele>376.000</ele>
      </trkpt>
      <trkpt lat="45.976560000" lon="5.807430000">
        <ele>377.000</ele>
      </trkpt>
      <trkpt lat="45.976890000" lon="5.807340000">
        <ele>377.000</ele>
      </trkpt>
      <trkpt lat="45.977780000" lon="5.807060000">
        <ele>378.000</ele>
      </trkpt>
      <trkpt lat="45.978410000" lon="5.806860000">
        <ele>379.000</ele>
      </trkpt>
      <trkpt lat="45.979550000" lon="5.806590000">
        <ele>382.000</ele>
      </trkpt>
      <trkpt lat="45.979780000" lon="5.806500000">
        <ele>384.000</ele>
      </trkpt>
      <trkpt lat="45.979900000" lon="5.806420000">
        <ele>386.000</ele>
      </trkpt>
      <trkpt lat="45.980270000" lon="5.806160000">
        <ele>388.000</ele>
      </trkpt>
      <trkpt lat="45.981000000" lon="5.805670000">
        <ele>388.000</ele>
      </trkpt>
      <trkpt lat="45.981320000" lon="5.805440000">
        <ele>389.000</ele>
      </trkpt>
      <trkpt lat="45.981390000" lon="5.805330000">
        <ele>389.000</ele>
      </trkpt>
      <trkpt lat="45.981390000" lon="5.805280000">
        <ele>389.000</ele>
      </trkpt>
      <trkpt lat="45.981400000" lon="5.805200000">
        <ele>389.000</ele>
      </trkpt>
      <trkpt lat="45.981400000" lon="5.805060000">
        <ele>389.000</ele>
      </trkpt>
      <trkpt lat="45.981280000" lon="5.804850000">
        <ele>389.000</ele>
      </trkpt>
      <trkpt lat="45.981120000" lon="5.804610000">
        <ele>389.000</ele>
      </trkpt>
      <trkpt lat="45.980950000" lon="5.804280000">
        <ele>389.000</ele>
      </trkpt>
      <trkpt lat="45.980880000" lon="5.804030000">
        <ele>389.000</ele>
      </trkpt>
      <trkpt lat="45.980800000" lon="5.803480000">
        <ele>390.000</ele>
      </trkpt>
      <trkpt lat="45.980760000" lon="5.803010000">
        <ele>390.000</ele>
      </trkpt>
      <trkpt lat="45.980740000" lon="5.802470000">
        <ele>391.000</ele>
      </trkpt>
      <trkpt lat="45.980830000" lon="5.802090000">
        <ele>392.000</ele>
      </trkpt>
      <trkpt lat="45.981050000" lon="5.801850000">
        <ele>393.000</ele>
      </trkpt>
      <trkpt lat="45.981310000" lon="5.801720000">
        <ele>393.000</ele>
      </trkpt>
      <trkpt lat="45.981580000" lon="5.801680000">
        <ele>393.000</ele>
      </trkpt>
      <trkpt lat="45.981950000" lon="5.801640000">
        <ele>394.000</ele>
      </trkpt>
      <trkpt lat="45.982110000" lon="5.801570000">
        <ele>394.000</ele>
      </trkpt>
      <trkpt lat="45.982290000" lon="5.801480000">
        <ele>394.000</ele>
      </trkpt>
      <trkpt lat="45.982440000" lon="5.801330000">
        <ele>394.000</ele>
      </trkpt>
      <trkpt lat="45.982670000" lon="5.801100000">
        <ele>394.000</ele>
      </trkpt>
      <trkpt lat="45.982850000" lon="5.800970000">
        <ele>395.000</ele>
      </trkpt>
      <trkpt lat="45.983030000" lon="5.800900000">
        <ele>395.000</ele>
      </trkpt>
      <trkpt lat="45.983380000" lon="5.800790000">
        <ele>396.000</ele>
      </trkpt>
      <trkpt lat="45.983690000" lon="5.800660000">
        <ele>397.000</ele>
      </trkpt>
      <trkpt lat="45.983810000" lon="5.800570000">
        <ele>397.000</ele>
      </trkpt>
      <trkpt lat="45.983910000" lon="5.800440000">
        <ele>398.000</ele>
      </trkpt>
      <trkpt lat="45.984070000" lon="5.800180000">
        <ele>399.000</ele>
      </trkpt>
      <trkpt lat="45.984350000" lon="5.799670000">
        <ele>400.000</ele>
      </trkpt>
      <trkpt lat="45.984700000" lon="5.799150000">
        <ele>400.000</ele>
      </trkpt>
      <trkpt lat="45.984740000" lon="5.799080000">
        <ele>401.000</ele>
      </trkpt>
      <trkpt lat="45.984830000" lon="5.798910000">
        <ele>402.000</ele>
      </trkpt>
      <trkpt lat="45.984920000" lon="5.798580000">
        <ele>402.000</ele>
      </trkpt>
      <trkpt lat="45.984980000" lon="5.798390000">
        <ele>403.000</ele>
      </trkpt>
      <trkpt lat="45.985110000" lon="5.798100000">
        <ele>403.000</ele>
      </trkpt>
      <trkpt lat="45.985250000" lon="5.797970000">
        <ele>403.000</ele>
      </trkpt>
      <trkpt lat="45.985330000" lon="5.797930000">
        <ele>404.000</ele>
      </trkpt>
      <trkpt lat="45.985350000" lon="5.797910000">
        <ele>404.000</ele>
      </trkpt>
      <trkpt lat="45.985510000" lon="5.797840000">
        <ele>404.000</ele>
      </trkpt>
      <trkpt lat="45.985980000" lon="5.797610000">
        <ele>405.000</ele>
      </trkpt>
      <trkpt lat="45.986390000" lon="5.797460000">
        <ele>405.000</ele>
      </trkpt>
      <trkpt lat="45.986720000" lon="5.797260000">
        <ele>405.000</ele>
      </trkpt>
      <trkpt lat="45.987180000" lon="5.796890000">
        <ele>405.000</ele>
      </trkpt>
      <trkpt lat="45.987220000" lon="5.796860000">
        <ele>405.000</ele>
      </trkpt>
      <trkpt lat="45.987510000" lon="5.796570000">
        <ele>405.000</ele>
      </trkpt>
      <trkpt lat="45.987740000" lon="5.796290000">
        <ele>405.000</ele>
      </trkpt>
      <trkpt lat="45.987790000" lon="5.796220000">
        <ele>405.000</ele>
      </trkpt>
      <trkpt lat="45.987880000" lon="5.796080000">
        <ele>405.000</ele>
      </trkpt>
      <trkpt lat="45.988280000" lon="5.795470000">
        <ele>406.000</ele>
      </trkpt>
      <trkpt lat="45.988790000" lon="5.794720000">
        <ele>407.000</ele>
      </trkpt>
      <trkpt lat="45.989040000" lon="5.794200000">
        <ele>409.000</ele>
      </trkpt>
      <trkpt lat="45.989230000" lon="5.793850000">
        <ele>410.000</ele>
      </trkpt>
      <trkpt lat="45.989420000" lon="5.793570000">
        <ele>411.000</ele>
      </trkpt>
      <trkpt lat="45.989680000" lon="5.793300000">
        <ele>413.000</ele>
      </trkpt>
      <trkpt lat="45.989940000" lon="5.793090000">
        <ele>414.000</ele>
      </trkpt>
      <trkpt lat="45.990170000" lon="5.792920000">
        <ele>415.000</ele>
      </trkpt>
      <trkpt lat="45.990440000" lon="5.792800000">
        <ele>416.000</ele>
      </trkpt>
      <trkpt lat="45.990710000" lon="5.792680000">
        <ele>417.000</ele>
      </trkpt>
      <trkpt lat="45.990930000" lon="5.792510000">
        <ele>418.000</ele>
      </trkpt>
      <trkpt lat="45.991120000" lon="5.792320000">
        <ele>419.000</ele>
      </trkpt>
      <trkpt lat="45.991420000" lon="5.792120000">
        <ele>419.000</ele>
      </trkpt>
      <trkpt lat="45.991640000" lon="5.791980000">
        <ele>420.000</ele>
      </trkpt>
      <trkpt lat="45.991720000" lon="5.791930000">
        <ele>420.000</ele>
      </trkpt>
      <trkpt lat="45.991920000" lon="5.791780000">
        <ele>420.000</ele>
      </trkpt>
      <trkpt lat="45.992480000" lon="5.791230000">
        <ele>421.000</ele>
      </trkpt>
      <trkpt lat="45.992690000" lon="5.791060000">
        <ele>421.000</ele>
      </trkpt>
      <trkpt lat="45.992910000" lon="5.791030000">
        <ele>422.000</ele>
      </trkpt>
      <trkpt lat="45.993090000" lon="5.791060000">
        <ele>422.000</ele>
      </trkpt>
      <trkpt lat="45.993200000" lon="5.791120000">
        <ele>422.000</ele>
      </trkpt>
      <trkpt lat="45.993310000" lon="5.791240000">
        <ele>423.000</ele>
      </trkpt>
      <trkpt lat="45.993410000" lon="5.791450000">
        <ele>423.000</ele>
      </trkpt>
      <trkpt lat="45.993510000" lon="5.791760000">
        <ele>424.000</ele>
      </trkpt>
      <trkpt lat="45.993610000" lon="5.791930000">
        <ele>424.000</ele>
      </trkpt>
      <trkpt lat="45.993750000" lon="5.792040000">
        <ele>424.000</ele>
      </trkpt>
      <trkpt lat="45.993930000" lon="5.792050000">
        <ele>425.000</ele>
      </trkpt>
      <trkpt lat="45.994170000" lon="5.791970000">
        <ele>425.000</ele>
      </trkpt>
      <trkpt lat="45.994470000" lon="5.791770000">
        <ele>426.000</ele>
      </trkpt>
      <trkpt lat="45.994500000" lon="5.791750000">
        <ele>426.000</ele>
      </trkpt>
      <trkpt lat="45.994580000" lon="5.791660000">
        <ele>426.000</ele>
      </trkpt>
      <trkpt lat="45.994940000" lon="5.791200000">
        <ele>427.000</ele>
      </trkpt>
      <trkpt lat="45.995170000" lon="5.790750000">
        <ele>428.000</ele>
      </trkpt>
      <trkpt lat="45.995260000" lon="5.790310000">
        <ele>428.000</ele>
      </trkpt>
      <trkpt lat="45.995360000" lon="5.789510000">
        <ele>429.000</ele>
      </trkpt>
      <trkpt lat="45.995350000" lon="5.789210000">
        <ele>431.000</ele>
      </trkpt>
      <trkpt lat="45.995290000" lon="5.788790000">
        <ele>432.000</ele>
      </trkpt>
      <trkpt lat="45.995290000" lon="5.788540000">
        <ele>433.000</ele>
      </trkpt>
      <trkpt lat="45.995290000" lon="5.788400000">
        <ele>433.000</ele>
      </trkpt>
      <trkpt lat="45.995450000" lon="5.787790000">
        <ele>435.000</ele>
      </trkpt>
      <trkpt lat="45.995450000" lon="5.787570000">
        <ele>436.000</ele>
      </trkpt>
      <trkpt lat="45.995450000" lon="5.787180000">
        <ele>436.000</ele>
      </trkpt>
      <trkpt lat="45.995510000" lon="5.786890000">
        <ele>437.000</ele>
      </trkpt>
      <trkpt lat="45.995570000" lon="5.786650000">
        <ele>438.000</ele>
      </trkpt>
      <trkpt lat="45.995590000" lon="5.786310000">
        <ele>438.000</ele>
      </trkpt>
      <trkpt lat="45.995580000" lon="5.785780000">
        <ele>438.000</ele>
      </trkpt>
      <trkpt lat="45.995610000" lon="5.785510000">
        <ele>439.000</ele>
      </trkpt>
      <trkpt lat="45.995650000" lon="5.785360000">
        <ele>439.000</ele>
      </trkpt>
      <trkpt lat="45.995710000" lon="5.785210000">
        <ele>440.000</ele>
      </trkpt>
      <trkpt lat="45.995790000" lon="5.785120000">
        <ele>440.000</ele>
      </trkpt>
      <trkpt lat="45.995870000" lon="5.785060000">
        <ele>440.000</ele>
      </trkpt>
      <trkpt lat="45.996340000" lon="5.784920000">
        <ele>440.000</ele>
      </trkpt>
      <trkpt lat="45.996400000" lon="5.784930000">
        <ele>440.000</ele>
      </trkpt>
      <trkpt lat="45.996470000" lon="5.784970000">
        <ele>441.000</ele>
      </trkpt>
      <trkpt lat="45.996510000" lon="5.785030000">
        <ele>441.000</ele>
      </trkpt>
      <trkpt lat="45.996560000" lon="5.785090000">
        <ele>441.000</ele>
      </trkpt>
      <trkpt lat="45.996610000" lon="5.785200000">
        <ele>441.000</ele>
      </trkpt>
      <trkpt lat="45.996660000" lon="5.785420000">
        <ele>441.000</ele>
      </trkpt>
      <trkpt lat="45.996690000" lon="5.785550000">
        <ele>441.000</ele>
      </trkpt>
      <trkpt lat="45.996740000" lon="5.785660000">
        <ele>441.000</ele>
      </trkpt>
      <trkpt lat="45.996830000" lon="5.785710000">
        <ele>441.000</ele>
      </trkpt>
      <trkpt lat="45.996870000" lon="5.785730000">
        <ele>441.000</ele>
      </trkpt>
      <trkpt lat="45.996930000" lon="5.785730000">
        <ele>441.000</ele>
      </trkpt>
      <trkpt lat="45.996990000" lon="5.785720000">
        <ele>441.000</ele>
      </trkpt>
      <trkpt lat="45.997080000" lon="5.785670000">
        <ele>441.000</ele>
      </trkpt>
      <trkpt lat="45.997170000" lon="5.785580000">
        <ele>441.000</ele>
      </trkpt>
      <trkpt lat="45.997280000" lon="5.785410000">
        <ele>441.000</ele>
      </trkpt>
      <trkpt lat="45.997390000" lon="5.785170000">
        <ele>442.000</ele>
      </trkpt>
      <trkpt lat="45.997510000" lon="5.784900000">
        <ele>443.000</ele>
      </trkpt>
      <trkpt lat="45.997620000" lon="5.784720000">
        <ele>445.000</ele>
      </trkpt>
      <trkpt lat="45.997720000" lon="5.784570000">
        <ele>446.000</ele>
      </trkpt>
      <trkpt lat="45.997940000" lon="5.784340000">
        <ele>448.000</ele>
      </trkpt>
      <trkpt lat="45.998140000" lon="5.784150000">
        <ele>450.000</ele>
      </trkpt>
      <trkpt lat="45.998350000" lon="5.783970000">
        <ele>453.000</ele>
      </trkpt>
      <trkpt lat="45.998350000" lon="5.783970000">
        <ele>454.000</ele>
      </trkpt>
      <trkpt lat="45.998550000" lon="5.783800000">
        <ele>456.000</ele>
      </trkpt>
      <trkpt lat="45.998920000" lon="5.783440000">
        <ele>459.000</ele>
      </trkpt>
      <trkpt lat="45.999190000" lon="5.783200000">
        <ele>461.000</ele>
      </trkpt>
      <trkpt lat="45.999450000" lon="5.783000000">
        <ele>462.000</ele>
      </trkpt>
      <trkpt lat="45.999620000" lon="5.782910000">
        <ele>463.000</ele>
      </trkpt>
      <trkpt lat="45.999690000" lon="5.782880000">
        <ele>464.000</ele>
      </trkpt>
      <trkpt lat="45.999780000" lon="5.782880000">
        <ele>465.000</ele>
      </trkpt>
      <trkpt lat="45.999870000" lon="5.782900000">
        <ele>465.000</ele>
      </trkpt>
      <trkpt lat="46.000070000" lon="5.782970000">
        <ele>466.000</ele>
      </trkpt>
      <trkpt lat="46.000150000" lon="5.782980000">
        <ele>466.000</ele>
      </trkpt>
      <trkpt lat="46.000250000" lon="5.782980000">
        <ele>466.000</ele>
      </trkpt>
      <trkpt lat="46.000350000" lon="5.782950000">
        <ele>466.000</ele>
      </trkpt>
      <trkpt lat="46.000520000" lon="5.782850000">
        <ele>467.000</ele>
      </trkpt>
      <trkpt lat="46.000830000" lon="5.782550000">
        <ele>467.000</ele>
      </trkpt>
      <trkpt lat="46.001350000" lon="5.782050000">
        <ele>469.000</ele>
      </trkpt>
      <trkpt lat="46.001630000" lon="5.781680000">
        <ele>471.000</ele>
      </trkpt>
      <trkpt lat="46.001780000" lon="5.781530000">
        <ele>473.000</ele>
      </trkpt>
      <trkpt lat="46.001920000" lon="5.781480000">
        <ele>474.000</ele>
      </trkpt>
      <trkpt lat="46.002030000" lon="5.781490000">
        <ele>476.000</ele>
      </trkpt>
      <trkpt lat="46.002120000" lon="5.781550000">
        <ele>477.000</ele>
      </trkpt>
      <trkpt lat="46.002190000" lon="5.781640000">
        <ele>478.000</ele>
      </trkpt>
      <trkpt lat="46.002250000" lon="5.781800000">
        <ele>479.000</ele>
      </trkpt>
      <trkpt lat="46.002250000" lon="5.781950000">
        <ele>480.000</ele>
      </trkpt>
      <trkpt lat="46.002220000" lon="5.782100000">
        <ele>480.000</ele>
      </trkpt>
      <trkpt lat="46.002140000" lon="5.782260000">
        <ele>481.000</ele>
      </trkpt>
      <trkpt lat="46.001640000" lon="5.782960000">
        <ele>481.000</ele>
      </trkpt>
      <trkpt lat="46.001550000" lon="5.783130000">
        <ele>482.000</ele>
      </trkpt>
      <trkpt lat="46.001510000" lon="5.783310000">
        <ele>482.000</ele>
      </trkpt>
      <trkpt lat="46.001510000" lon="5.783410000">
        <ele>482.000</ele>
      </trkpt>
      <trkpt lat="46.001520000" lon="5.783530000">
        <ele>483.000</ele>
      </trkpt>
      <trkpt lat="46.001550000" lon="5.783620000">
        <ele>483.000</ele>
      </trkpt>
      <trkpt lat="46.001610000" lon="5.783740000">
        <ele>483.000</ele>
      </trkpt>
      <trkpt lat="46.001680000" lon="5.783810000">
        <ele>483.000</ele>
      </trkpt>
      <trkpt lat="46.001770000" lon="5.783860000">
        <ele>483.000</ele>
      </trkpt>
      <trkpt lat="46.001870000" lon="5.783900000">
        <ele>483.000</ele>
      </trkpt>
      <trkpt lat="46.002060000" lon="5.783880000">
        <ele>484.000</ele>
      </trkpt>
      <trkpt lat="46.002160000" lon="5.783880000">
        <ele>484.000</ele>
      </trkpt>
      <trkpt lat="46.002380000" lon="5.783910000">
        <ele>484.000</ele>
      </trkpt>
      <trkpt lat="46.002940000" lon="5.784000000">
        <ele>485.000</ele>
      </trkpt>
      <trkpt lat="46.003120000" lon="5.784040000">
        <ele>486.000</ele>
      </trkpt>
      <trkpt lat="46.003420000" lon="5.784230000">
        <ele>487.000</ele>
      </trkpt>
      <trkpt lat="46.003770000" lon="5.784530000">
        <ele>488.000</ele>
      </trkpt>
      <trkpt lat="46.003880000" lon="5.784600000">
        <ele>489.000</ele>
      </trkpt>
      <trkpt lat="46.004010000" lon="5.784640000">
        <ele>490.000</ele>
      </trkpt>
      <trkpt lat="46.004260000" lon="5.784700000">
        <ele>490.000</ele>
      </trkpt>
      <trkpt lat="46.004510000" lon="5.784770000">
        <ele>491.000</ele>
      </trkpt>
      <trkpt lat="46.004940000" lon="5.784890000">
        <ele>492.000</ele>
      </trkpt>
      <trkpt lat="46.005030000" lon="5.784920000">
        <ele>493.000</ele>
      </trkpt>
      <trkpt lat="46.005100000" lon="5.784960000">
        <ele>493.000</ele>
      </trkpt>
      <trkpt lat="46.005290000" lon="5.785090000">
        <ele>494.000</ele>
      </trkpt>
      <trkpt lat="46.005560000" lon="5.785290000">
        <ele>494.000</ele>
      </trkpt>
      <trkpt lat="46.005600000" lon="5.785310000">
        <ele>495.000</ele>
      </trkpt>
      <trkpt lat="46.005710000" lon="5.785430000">
        <ele>495.000</ele>
      </trkpt>
      <trkpt lat="46.005850000" lon="5.785590000">
        <ele>494.000</ele>
      </trkpt>
      <trkpt lat="46.005970000" lon="5.785750000">
        <ele>494.000</ele>
      </trkpt>
      <trkpt lat="46.006020000" lon="5.785860000">
        <ele>493.000</ele>
      </trkpt>
      <trkpt lat="46.006110000" lon="5.785940000">
        <ele>493.000</ele>
      </trkpt>
      <trkpt lat="46.006390000" lon="5.786060000">
        <ele>492.000</ele>
      </trkpt>
      <trkpt lat="46.006510000" lon="5.786090000">
        <ele>492.000</ele>
      </trkpt>
      <trkpt lat="46.007090000" lon="5.786270000">
        <ele>490.000</ele>
      </trkpt>
      <trkpt lat="46.007260000" lon="5.786310000">
        <ele>489.000</ele>
      </trkpt>
      <trkpt lat="46.007770000" lon="5.786460000">
        <ele>488.000</ele>
      </trkpt>
      <trkpt lat="46.007890000" lon="5.786490000">
        <ele>487.000</ele>
      </trkpt>
      <trkpt lat="46.007950000" lon="5.786510000">
        <ele>486.000</ele>
      </trkpt>
      <trkpt lat="46.008120000" lon="5.786530000">
        <ele>485.000</ele>
      </trkpt>
      <trkpt lat="46.008530000" lon="5.786560000">
        <ele>485.000</ele>
      </trkpt>
      <trkpt lat="46.008830000" lon="5.786530000">
        <ele>484.000</ele>
      </trkpt>
      <trkpt lat="46.009080000" lon="5.786420000">
        <ele>483.000</ele>
      </trkpt>
      <trkpt lat="46.009490000" lon="5.786170000">
        <ele>483.000</ele>
      </trkpt>
      <trkpt lat="46.009530000" lon="5.786150000">
        <ele>483.000</ele>
      </trkpt>
      <trkpt lat="46.009850000" lon="5.785930000">
        <ele>483.000</ele>
      </trkpt>
      <trkpt lat="46.010110000" lon="5.785700000">
        <ele>484.000</ele>
      </trkpt>
      <trkpt lat="46.010470000" lon="5.785270000">
        <ele>485.000</ele>
      </trkpt>
      <trkpt lat="46.010850000" lon="5.784860000">
        <ele>486.000</ele>
      </trkpt>
      <trkpt lat="46.010980000" lon="5.784750000">
        <ele>486.000</ele>
      </trkpt>
      <trkpt lat="46.011110000" lon="5.784660000">
        <ele>487.000</ele>
      </trkpt>
      <trkpt lat="46.011230000" lon="5.784600000">
        <ele>487.000</ele>
      </trkpt>
      <trkpt lat="46.011400000" lon="5.784530000">
        <ele>488.000</ele>
      </trkpt>
      <trkpt lat="46.011780000" lon="5.784450000">
        <ele>488.000</ele>
      </trkpt>
      <trkpt lat="46.012170000" lon="5.784390000">
        <ele>489.000</ele>
      </trkpt>
      <trkpt lat="46.012570000" lon="5.784270000">
        <ele>489.000</ele>
      </trkpt>
      <trkpt lat="46.012690000" lon="5.784210000">
        <ele>490.000</ele>
      </trkpt>
      <trkpt lat="46.012930000" lon="5.784060000">
        <ele>490.000</ele>
      </trkpt>
      <trkpt lat="46.013400000" lon="5.783690000">
        <ele>490.000</ele>
      </trkpt>
      <trkpt lat="46.014590000" lon="5.782710000">
        <ele>490.000</ele>
      </trkpt>
      <trkpt lat="46.014680000" lon="5.782640000">
        <ele>490.000</ele>
      </trkpt>
      <trkpt lat="46.014850000" lon="5.782490000">
        <ele>490.000</ele>
      </trkpt>
      <trkpt lat="46.015240000" lon="5.782210000">
        <ele>490.000</ele>
      </trkpt>
      <trkpt lat="46.015590000" lon="5.781950000">
        <ele>490.000</ele>
      </trkpt>
      <trkpt lat="46.016320000" lon="5.781410000">
        <ele>491.000</ele>
      </trkpt>
      <trkpt lat="46.016670000" lon="5.781180000">
        <ele>492.000</ele>
      </trkpt>
      <trkpt lat="46.017280000" lon="5.780850000">
        <ele>492.000</ele>
      </trkpt>
      <trkpt lat="46.017460000" lon="5.780780000">
        <ele>492.000</ele>
      </trkpt>
      <trkpt lat="46.017700000" lon="5.780710000">
        <ele>492.000</ele>
      </trkpt>
      <trkpt lat="46.018140000" lon="5.780610000">
        <ele>492.000</ele>
      </trkpt>
      <trkpt lat="46.018500000" lon="5.780510000">
        <ele>491.000</ele>
      </trkpt>
      <trkpt lat="46.019350000" lon="5.780190000">
        <ele>490.000</ele>
      </trkpt>
      <trkpt lat="46.019670000" lon="5.780060000">
        <ele>488.000</ele>
      </trkpt>
      <trkpt lat="46.019880000" lon="5.779950000">
        <ele>487.000</ele>
      </trkpt>
      <trkpt lat="46.019990000" lon="5.779860000">
        <ele>486.000</ele>
      </trkpt>
      <trkpt lat="46.020100000" lon="5.779760000">
        <ele>486.000</ele>
      </trkpt>
      <trkpt lat="46.020270000" lon="5.779560000">
        <ele>485.000</ele>
      </trkpt>
      <trkpt lat="46.020490000" lon="5.779250000">
        <ele>485.000</ele>
      </trkpt>
      <trkpt lat="46.020570000" lon="5.779130000">
        <ele>485.000</ele>
      </trkpt>
      <trkpt lat="46.020620000" lon="5.779050000">
        <ele>484.000</ele>
      </trkpt>
      <trkpt lat="46.020810000" lon="5.778710000">
        <ele>484.000</ele>
      </trkpt>
      <trkpt lat="46.020860000" lon="5.778640000">
        <ele>484.000</ele>
      </trkpt>
      <trkpt lat="46.020910000" lon="5.778600000">
        <ele>484.000</ele>
      </trkpt>
      <trkpt lat="46.020990000" lon="5.778550000">
        <ele>484.000</ele>
      </trkpt>
      <trkpt lat="46.021080000" lon="5.778540000">
        <ele>484.000</ele>
      </trkpt>
      <trkpt lat="46.021200000" lon="5.778570000">
        <ele>484.000</ele>
      </trkpt>
      <trkpt lat="46.021470000" lon="5.778780000">
        <ele>484.000</ele>
      </trkpt>
      <trkpt lat="46.021560000" lon="5.778840000">
        <ele>484.000</ele>
      </trkpt>
      <trkpt lat="46.021770000" lon="5.779030000">
        <ele>483.000</ele>
      </trkpt>
      <trkpt lat="46.021900000" lon="5.779090000">
        <ele>483.000</ele>
      </trkpt>
      <trkpt lat="46.022230000" lon="5.779270000">
        <ele>483.000</ele>
      </trkpt>
      <trkpt lat="46.022960000" lon="5.779550000">
        <ele>482.000</ele>
      </trkpt>
      <trkpt lat="46.023120000" lon="5.779640000">
        <ele>482.000</ele>
      </trkpt>
      <trkpt lat="46.023240000" lon="5.779730000">
        <ele>481.000</ele>
      </trkpt>
      <trkpt lat="46.023400000" lon="5.779900000">
        <ele>481.000</ele>
      </trkpt>
      <trkpt lat="46.023450000" lon="5.779940000">
        <ele>480.000</ele>
      </trkpt>
      <trkpt lat="46.023870000" lon="5.780400000">
        <ele>479.000</ele>
      </trkpt>
      <trkpt lat="46.024070000" lon="5.780630000">
        <ele>478.000</ele>
      </trkpt>
      <trkpt lat="46.024150000" lon="5.780730000">
        <ele>477.000</ele>
      </trkpt>
      <trkpt lat="46.024220000" lon="5.780830000">
        <ele>476.000</ele>
      </trkpt>
      <trkpt lat="46.024270000" lon="5.780960000">
        <ele>476.000</ele>
      </trkpt>
      <trkpt lat="46.024330000" lon="5.781130000">
        <ele>475.000</ele>
      </trkpt>
      <trkpt lat="46.024370000" lon="5.781310000">
        <ele>474.000</ele>
      </trkpt>
      <trkpt lat="46.024430000" lon="5.781740000">
        <ele>473.000</ele>
      </trkpt>
      <trkpt lat="46.024480000" lon="5.781940000">
        <ele>472.000</ele>
      </trkpt>
      <trkpt lat="46.024550000" lon="5.782090000">
        <ele>472.000</ele>
      </trkpt>
      <trkpt lat="46.024630000" lon="5.782240000">
        <ele>471.000</ele>
      </trkpt>
      <trkpt lat="46.024740000" lon="5.782380000">
        <ele>470.000</ele>
      </trkpt>
      <trkpt lat="46.024890000" lon="5.782500000">
        <ele>470.000</ele>
      </trkpt>
      <trkpt lat="46.024990000" lon="5.782560000">
        <ele>469.000</ele>
      </trkpt>
      <trkpt lat="46.025100000" lon="5.782590000">
        <ele>468.000</ele>
      </trkpt>
      <trkpt lat="46.025310000" lon="5.782610000">
        <ele>468.000</ele>
      </trkpt>
      <trkpt lat="46.025690000" lon="5.782600000">
        <ele>467.000</ele>
      </trkpt>
      <trkpt lat="46.025880000" lon="5.782650000">
        <ele>466.000</ele>
      </trkpt>
      <trkpt lat="46.026110000" lon="5.782750000">
        <ele>465.000</ele>
      </trkpt>
      <trkpt lat="46.026310000" lon="5.782800000">
        <ele>464.000</ele>
      </trkpt>
      <trkpt lat="46.026440000" lon="5.782800000">
        <ele>463.000</ele>
      </trkpt>
      <trkpt lat="46.026580000" lon="5.782750000">
        <ele>463.000</ele>
      </trkpt>
      <trkpt lat="46.026920000" lon="5.782590000">
        <ele>462.000</ele>
      </trkpt>
      <trkpt lat="46.027150000" lon="5.782530000">
        <ele>462.000</ele>
      </trkpt>
      <trkpt lat="46.027340000" lon="5.782520000">
        <ele>461.000</ele>
      </trkpt>
      <trkpt lat="46.027520000" lon="5.782490000">
        <ele>461.000</ele>
      </trkpt>
      <trkpt lat="46.027680000" lon="5.782430000">
        <ele>461.000</ele>
      </trkpt>
      <trkpt lat="46.027790000" lon="5.782340000">
        <ele>460.000</ele>
      </trkpt>
      <trkpt lat="46.027910000" lon="5.782210000">
        <ele>460.000</ele>
      </trkpt>
      <trkpt lat="46.027990000" lon="5.782060000">
        <ele>460.000</ele>
      </trkpt>
      <trkpt lat="46.028070000" lon="5.781850000">
        <ele>460.000</ele>
      </trkpt>
      <trkpt lat="46.028130000" lon="5.781550000">
        <ele>461.000</ele>
      </trkpt>
      <trkpt lat="46.028190000" lon="5.780740000">
        <ele>461.000</ele>
      </trkpt>
      <trkpt lat="46.028240000" lon="5.780500000">
        <ele>462.000</ele>
      </trkpt>
      <trkpt lat="46.028300000" lon="5.780300000">
        <ele>463.000</ele>
      </trkpt>
      <trkpt lat="46.028400000" lon="5.780090000">
        <ele>463.000</ele>
      </trkpt>
      <trkpt lat="46.028550000" lon="5.779870000">
        <ele>464.000</ele>
      </trkpt>
      <trkpt lat="46.028720000" lon="5.779680000">
        <ele>465.000</ele>
      </trkpt>
      <trkpt lat="46.028900000" lon="5.779520000">
        <ele>465.000</ele>
      </trkpt>
      <trkpt lat="46.029190000" lon="5.779310000">
        <ele>465.000</ele>
      </trkpt>
      <trkpt lat="46.029310000" lon="5.779230000">
        <ele>465.000</ele>
      </trkpt>
      <trkpt lat="46.029440000" lon="5.779170000">
        <ele>465.000</ele>
      </trkpt>
      <trkpt lat="46.029770000" lon="5.779050000">
        <ele>465.000</ele>
      </trkpt>
      <trkpt lat="46.030040000" lon="5.778990000">
        <ele>465.000</ele>
      </trkpt>
      <trkpt lat="46.030230000" lon="5.778980000">
        <ele>465.000</ele>
      </trkpt>
      <trkpt lat="46.030400000" lon="5.778990000">
        <ele>466.000</ele>
      </trkpt>
      <trkpt lat="46.030490000" lon="5.779000000">
        <ele>466.000</ele>
      </trkpt>
      <trkpt lat="46.030710000" lon="5.779020000">
        <ele>466.000</ele>
      </trkpt>
      <trkpt lat="46.030930000" lon="5.779050000">
        <ele>466.000</ele>
      </trkpt>
      <trkpt lat="46.031130000" lon="5.779120000">
        <ele>467.000</ele>
      </trkpt>
      <trkpt lat="46.031310000" lon="5.779260000">
        <ele>467.000</ele>
      </trkpt>
      <trkpt lat="46.031440000" lon="5.779430000">
        <ele>467.000</ele>
      </trkpt>
      <trkpt lat="46.031530000" lon="5.779620000">
        <ele>468.000</ele>
      </trkpt>
      <trkpt lat="46.031560000" lon="5.779810000">
        <ele>468.000</ele>
      </trkpt>
      <trkpt lat="46.031570000" lon="5.780030000">
        <ele>469.000</ele>
      </trkpt>
      <trkpt lat="46.031560000" lon="5.780210000">
        <ele>469.000</ele>
      </trkpt>
      <trkpt lat="46.031530000" lon="5.780370000">
        <ele>469.000</ele>
      </trkpt>
      <trkpt lat="46.031490000" lon="5.780510000">
        <ele>470.000</ele>
      </trkpt>
      <trkpt lat="46.031230000" lon="5.781210000">
        <ele>470.000</ele>
      </trkpt>
      <trkpt lat="46.031160000" lon="5.781460000">
        <ele>471.000</ele>
      </trkpt>
      <trkpt lat="46.031130000" lon="5.781700000">
        <ele>472.000</ele>
      </trkpt>
      <trkpt lat="46.031120000" lon="5.781870000">
        <ele>473.000</ele>
      </trkpt>
      <trkpt lat="46.031140000" lon="5.782060000">
        <ele>473.000</ele>
      </trkpt>
      <trkpt lat="46.031210000" lon="5.782470000">
        <ele>474.000</ele>
      </trkpt>
      <trkpt lat="46.031460000" lon="5.783680000">
        <ele>475.000</ele>
      </trkpt>
      <trkpt lat="46.031500000" lon="5.783850000">
        <ele>477.000</ele>
      </trkpt>
      <trkpt lat="46.031610000" lon="5.784100000">
        <ele>478.000</ele>
      </trkpt>
      <trkpt lat="46.031740000" lon="5.784290000">
        <ele>479.000</ele>
      </trkpt>
      <trkpt lat="46.031880000" lon="5.784420000">
        <ele>480.000</ele>
      </trkpt>
      <trkpt lat="46.032070000" lon="5.784540000">
        <ele>481.000</ele>
      </trkpt>
      <trkpt lat="46.032250000" lon="5.784580000">
        <ele>482.000</ele>
      </trkpt>
      <trkpt lat="46.032420000" lon="5.784580000">
        <ele>483.000</ele>
      </trkpt>
      <trkpt lat="46.032600000" lon="5.784520000">
        <ele>484.000</ele>
      </trkpt>
      <trkpt lat="46.032730000" lon="5.784440000">
        <ele>485.000</ele>
      </trkpt>
      <trkpt lat="46.032860000" lon="5.784320000">
        <ele>486.000</ele>
      </trkpt>
      <trkpt lat="46.032990000" lon="5.784160000">
        <ele>487.000</ele>
      </trkpt>
      <trkpt lat="46.034180000" lon="5.782540000">
        <ele>490.000</ele>
      </trkpt>
      <trkpt lat="46.034390000" lon="5.782280000">
        <ele>492.000</ele>
      </trkpt>
      <trkpt lat="46.034560000" lon="5.782100000">
        <ele>494.000</ele>
      </trkpt>
      <trkpt lat="46.035320000" lon="5.781510000">
        <ele>496.000</ele>
      </trkpt>
      <trkpt lat="46.035620000" lon="5.781300000">
        <ele>498.000</ele>
      </trkpt>
      <trkpt lat="46.035930000" lon="5.781150000">
        <ele>500.000</ele>
      </trkpt>
      <trkpt lat="46.036560000" lon="5.780910000">
        <ele>501.000</ele>
      </trkpt>
      <trkpt lat="46.037120000" lon="5.780690000">
        <ele>503.000</ele>
      </trkpt>
      <trkpt lat="46.037670000" lon="5.780500000">
        <ele>505.000</ele>
      </trkpt>
      <trkpt lat="46.038550000" lon="5.780280000">
        <ele>507.000</ele>
      </trkpt>
      <trkpt lat="46.040360000" lon="5.779810000">
        <ele>510.000</ele>
      </trkpt>
      <trkpt lat="46.041220000" lon="5.779600000">
        <ele>512.000</ele>
      </trkpt>
      <trkpt lat="46.041790000" lon="5.779470000">
        <ele>513.000</ele>
      </trkpt>
      <trkpt lat="46.042410000" lon="5.779300000">
        <ele>513.000</ele>
      </trkpt>
      <trkpt lat="46.042700000" lon="5.779260000">
        <ele>513.000</ele>
      </trkpt>
      <trkpt lat="46.042880000" lon="5.779260000">
        <ele>513.000</ele>
      </trkpt>
      <trkpt lat="46.043080000" lon="5.779280000">
        <ele>514.000</ele>
      </trkpt>
      <trkpt lat="46.043350000" lon="5.779300000">
        <ele>514.000</ele>
      </trkpt>
      <trkpt lat="46.044070000" lon="5.779400000">
        <ele>514.000</ele>
      </trkpt>
      <trkpt lat="46.044110000" lon="5.779400000">
        <ele>514.000</ele>
      </trkpt>
      <trkpt lat="46.045180000" lon="5.779550000">
        <ele>515.000</ele>
      </trkpt>
      <trkpt lat="46.045670000" lon="5.779620000">
        <ele>515.000</ele>
      </trkpt>
      <trkpt lat="46.046040000" lon="5.779650000">
        <ele>515.000</ele>
      </trkpt>
      <trkpt lat="46.046260000" lon="5.779650000">
        <ele>515.000</ele>
      </trkpt>
      <trkpt lat="46.046450000" lon="5.779610000">
        <ele>515.000</ele>
      </trkpt>
      <trkpt lat="46.047100000" lon="5.779430000">
        <ele>515.000</ele>
      </trkpt>
      <trkpt lat="46.047180000" lon="5.779410000">
        <ele>515.000</ele>
      </trkpt>
      <trkpt lat="46.047740000" lon="5.779270000">
        <ele>515.000</ele>
      </trkpt>
      <trkpt lat="46.048020000" lon="5.779220000">
        <ele>515.000</ele>
      </trkpt>
      <trkpt lat="46.048440000" lon="5.779230000">
        <ele>515.000</ele>
      </trkpt>
      <trkpt lat="46.049240000" lon="5.779390000">
        <ele>515.000</ele>
      </trkpt>
      <trkpt lat="46.049730000" lon="5.779420000">
        <ele>515.000</ele>
      </trkpt>
      <trkpt lat="46.049730000" lon="5.779420000">
        <ele>515.000</ele>
      </trkpt>
      <trkpt lat="46.050820000" lon="5.779490000">
        <ele>514.000</ele>
      </trkpt>
      <trkpt lat="46.051270000" lon="5.779440000">
        <ele>514.000</ele>
      </trkpt>
      <trkpt lat="46.051770000" lon="5.779460000">
        <ele>514.000</ele>
      </trkpt>
      <trkpt lat="46.053550000" lon="5.779580000">
        <ele>514.000</ele>
      </trkpt>
      <trkpt lat="46.055110000" lon="5.779690000">
        <ele>515.000</ele>
      </trkpt>
      <trkpt lat="46.055980000" lon="5.779730000">
        <ele>516.000</ele>
      </trkpt>
      <trkpt lat="46.056220000" lon="5.779730000">
        <ele>518.000</ele>
      </trkpt>
      <trkpt lat="46.056370000" lon="5.779710000">
        <ele>519.000</ele>
      </trkpt>
      <trkpt lat="46.056500000" lon="5.779670000">
        <ele>519.000</ele>
      </trkpt>
      <trkpt lat="46.056680000" lon="5.779570000">
        <ele>520.000</ele>
      </trkpt>
      <trkpt lat="46.056710000" lon="5.779460000">
        <ele>521.000</ele>
      </trkpt>
      <trkpt lat="46.056920000" lon="5.779130000">
        <ele>522.000</ele>
      </trkpt>
      <trkpt lat="46.057130000" lon="5.778790000">
        <ele>524.000</ele>
      </trkpt>
      <trkpt lat="46.057200000" lon="5.778600000">
        <ele>525.000</ele>
      </trkpt>
      <trkpt lat="46.057270000" lon="5.778370000">
        <ele>526.000</ele>
      </trkpt>
      <trkpt lat="46.057380000" lon="5.778020000">
        <ele>527.000</ele>
      </trkpt>
      <trkpt lat="46.057580000" lon="5.777520000">
        <ele>529.000</ele>
      </trkpt>
      <trkpt lat="46.057820000" lon="5.776980000">
        <ele>531.000</ele>
      </trkpt>
      <trkpt lat="46.058010000" lon="5.776520000">
        <ele>533.000</ele>
      </trkpt>
      <trkpt lat="46.058140000" lon="5.776150000">
        <ele>535.000</ele>
      </trkpt>
      <trkpt lat="46.058170000" lon="5.775870000">
        <ele>537.000</ele>
      </trkpt>
      <trkpt lat="46.058180000" lon="5.775650000">
        <ele>538.000</ele>
      </trkpt>
      <trkpt lat="46.058180000" lon="5.775570000">
        <ele>540.000</ele>
      </trkpt>
      <trkpt lat="46.058170000" lon="5.775510000">
        <ele>540.000</ele>
      </trkpt>
      <trkpt lat="46.058150000" lon="5.775370000">
        <ele>541.000</ele>
      </trkpt>
      <trkpt lat="46.058080000" lon="5.775220000">
        <ele>542.000</ele>
      </trkpt>
      <trkpt lat="46.057950000" lon="5.775000000">
        <ele>543.000</ele>
      </trkpt>
      <trkpt lat="46.057880000" lon="5.774850000">
        <ele>543.000</ele>
      </trkpt>
      <trkpt lat="46.057850000" lon="5.774720000">
        <ele>544.000</ele>
      </trkpt>
      <trkpt lat="46.057830000" lon="5.774520000">
        <ele>545.000</ele>
      </trkpt>
      <trkpt lat="46.057820000" lon="5.774220000">
        <ele>546.000</ele>
      </trkpt>
      <trkpt lat="46.057810000" lon="5.774000000">
        <ele>546.000</ele>
      </trkpt>
      <trkpt lat="46.057790000" lon="5.773780000">
        <ele>547.000</ele>
      </trkpt>
      <trkpt lat="46.057790000" lon="5.773660000">
        <ele>548.000</ele>
      </trkpt>
      <trkpt lat="46.057930000" lon="5.772840000">
        <ele>549.000</ele>
      </trkpt>
      <trkpt lat="46.058030000" lon="5.772030000">
        <ele>551.000</ele>
      </trkpt>
      <trkpt lat="46.058150000" lon="5.771580000">
        <ele>553.000</ele>
      </trkpt>
      <trkpt lat="46.058540000" lon="5.770350000">
        <ele>555.000</ele>
      </trkpt>
      <trkpt lat="46.058490000" lon="5.770280000">
        <ele>556.000</ele>
      </trkpt>
      <trkpt lat="46.058400000" lon="5.770190000">
        <ele>557.000</ele>
      </trkpt>
      <trkpt lat="46.058270000" lon="5.770120000">
        <ele>558.000</ele>
      </trkpt>
      <trkpt lat="46.058040000" lon="5.769990000">
        <ele>558.000</ele>
      </trkpt>
      <trkpt lat="46.057920000" lon="5.769940000">
        <ele>559.000</ele>
      </trkpt>
      <trkpt lat="46.057830000" lon="5.769930000">
        <ele>560.000</ele>
      </trkpt>
      <trkpt lat="46.057620000" lon="5.769980000">
        <ele>560.000</ele>
      </trkpt>
      <trkpt lat="46.057300000" lon="5.769960000">
        <ele>561.000</ele>
      </trkpt>
      <trkpt lat="46.057190000" lon="5.769930000">
        <ele>561.000</ele>
      </trkpt>
      <trkpt lat="46.057030000" lon="5.769880000">
        <ele>562.000</ele>
      </trkpt>
      <trkpt lat="46.056760000" lon="5.769670000">
        <ele>562.000</ele>
      </trkpt>
      <trkpt lat="46.056370000" lon="5.769350000">
        <ele>563.000</ele>
      </trkpt>
      <trkpt lat="46.056150000" lon="5.769170000">
        <ele>564.000</ele>
      </trkpt>
      <trkpt lat="46.054890000" lon="5.767810000">
        <ele>566.000</ele>
      </trkpt>
      <trkpt lat="46.054820000" lon="5.767730000">
        <ele>568.000</ele>
      </trkpt>
      <trkpt lat="46.053700000" lon="5.766470000">
        <ele>573.000</ele>
      </trkpt>
      <trkpt lat="46.053700000" lon="5.766470000">
        <ele>576.000</ele>
      </trkpt>
      <trkpt lat="46.053390000" lon="5.766110000">
        <ele>579.000</ele>
      </trkpt>
      <trkpt lat="46.052390000" lon="5.765020000">
        <ele>584.000</ele>
      </trkpt>
      <trkpt lat="46.052100000" lon="5.764120000">
        <ele>590.000</ele>
      </trkpt>
      <trkpt lat="46.051940000" lon="5.763710000">
        <ele>594.000</ele>
      </trkpt>
      <trkpt lat="46.051490000" lon="5.763600000">
        <ele>598.000</ele>
      </trkpt>
      <trkpt lat="46.050700000" lon="5.763120000">
        <ele>602.000</ele>
      </trkpt>
      <trkpt lat="46.050040000" lon="5.762930000">
        <ele>607.000</ele>
      </trkpt>
      <trkpt lat="46.049320000" lon="5.762440000">
        <ele>612.000</ele>
      </trkpt>
      <trkpt lat="46.048510000" lon="5.761600000">
        <ele>619.000</ele>
      </trkpt>
      <trkpt lat="46.048340000" lon="5.761430000">
        <ele>623.000</ele>
      </trkpt>
      <trkpt lat="46.048090000" lon="5.761370000">
        <ele>627.000</ele>
      </trkpt>
      <trkpt lat="46.047980000" lon="5.761180000">
        <ele>629.000</ele>
      </trkpt>
      <trkpt lat="46.047990000" lon="5.760920000">
        <ele>631.000</ele>
      </trkpt>
      <trkpt lat="46.048160000" lon="5.760660000">
        <ele>633.000</ele>
      </trkpt>
      <trkpt lat="46.048250000" lon="5.760580000">
        <ele>634.000</ele>
      </trkpt>
      <trkpt lat="46.048430000" lon="5.760180000">
        <ele>635.000</ele>
      </trkpt>
      <trkpt lat="46.048460000" lon="5.759640000">
        <ele>637.000</ele>
      </trkpt>
      <trkpt lat="46.048210000" lon="5.758520000">
        <ele>640.000</ele>
      </trkpt>
      <trkpt lat="46.047460000" lon="5.757500000">
        <ele>644.000</ele>
      </trkpt>
      <trkpt lat="46.047400000" lon="5.757440000">
        <ele>647.000</ele>
      </trkpt>
      <trkpt lat="46.047280000" lon="5.757330000">
        <ele>649.000</ele>
      </trkpt>
      <trkpt lat="46.047100000" lon="5.757270000">
        <ele>651.000</ele>
      </trkpt>
      <trkpt lat="46.046020000" lon="5.757230000">
        <ele>654.000</ele>
      </trkpt>
      <trkpt lat="46.045880000" lon="5.757250000">
        <ele>657.000</ele>
      </trkpt>
      <trkpt lat="46.044860000" lon="5.757330000">
        <ele>660.000</ele>
      </trkpt>
      <trkpt lat="46.044750000" lon="5.757340000">
        <ele>663.000</ele>
      </trkpt>
      <trkpt lat="46.044430000" lon="5.757220000">
        <ele>665.000</ele>
      </trkpt>
      <trkpt lat="46.043840000" lon="5.756840000">
        <ele>666.000</ele>
      </trkpt>
      <trkpt lat="46.043650000" lon="5.756730000">
        <ele>667.000</ele>
      </trkpt>
      <trkpt lat="46.043390000" lon="5.756570000">
        <ele>668.000</ele>
      </trkpt>
      <trkpt lat="46.043220000" lon="5.756380000">
        <ele>669.000</ele>
      </trkpt>
      <trkpt lat="46.043110000" lon="5.756310000">
        <ele>669.000</ele>
      </trkpt>
      <trkpt lat="46.042880000" lon="5.756210000">
        <ele>670.000</ele>
      </trkpt>
      <trkpt lat="46.042610000" lon="5.756110000">
        <ele>670.000</ele>
      </trkpt>
      <trkpt lat="46.042460000" lon="5.756050000">
        <ele>671.000</ele>
      </trkpt>
      <trkpt lat="46.042260000" lon="5.755970000">
        <ele>671.000</ele>
      </trkpt>
      <trkpt lat="46.041940000" lon="5.755800000">
        <ele>672.000</ele>
      </trkpt>
      <trkpt lat="46.041800000" lon="5.755760000">
        <ele>672.000</ele>
      </trkpt>
      <trkpt lat="46.041200000" lon="5.755930000">
        <ele>673.000</ele>
      </trkpt>
      <trkpt lat="46.041060000" lon="5.755890000">
        <ele>674.000</ele>
      </trkpt>
      <trkpt lat="46.040890000" lon="5.755690000">
        <ele>675.000</ele>
      </trkpt>
      <trkpt lat="46.040730000" lon="5.755550000">
        <ele>677.000</ele>
      </trkpt>
      <trkpt lat="46.040540000" lon="5.755510000">
        <ele>679.000</ele>
      </trkpt>
      <trkpt lat="46.040500000" lon="5.755500000">
        <ele>680.000</ele>
      </trkpt>
      <trkpt lat="46.040430000" lon="5.755490000">
        <ele>681.000</ele>
      </trkpt>
      <trkpt lat="46.040260000" lon="5.755450000">
        <ele>682.000</ele>
      </trkpt>
      <trkpt lat="46.039880000" lon="5.755320000">
        <ele>684.000</ele>
      </trkpt>
      <trkpt lat="46.039500000" lon="5.755110000">
        <ele>687.000</ele>
      </trkpt>
      <trkpt lat="46.039370000" lon="5.755130000">
        <ele>689.000</ele>
      </trkpt>
      <trkpt lat="46.039210000" lon="5.755280000">
        <ele>691.000</ele>
      </trkpt>
      <trkpt lat="46.039100000" lon="5.755450000">
        <ele>692.000</ele>
      </trkpt>
      <trkpt lat="46.038950000" lon="5.755560000">
        <ele>693.000</ele>
      </trkpt>
      <trkpt lat="46.038580000" lon="5.755480000">
        <ele>695.000</ele>
      </trkpt>
      <trkpt lat="46.037890000" lon="5.755200000">
        <ele>697.000</ele>
      </trkpt>
      <trkpt lat="46.037590000" lon="5.755140000">
        <ele>699.000</ele>
      </trkpt>
      <trkpt lat="46.037100000" lon="5.754850000">
        <ele>701.000</ele>
      </trkpt>
      <trkpt lat="46.036940000" lon="5.754790000">
        <ele>703.000</ele>
      </trkpt>
      <trkpt lat="46.036700000" lon="5.754780000">
        <ele>705.000</ele>
      </trkpt>
      <trkpt lat="46.035910000" lon="5.754880000">
        <ele>708.000</ele>
      </trkpt>
      <trkpt lat="46.035380000" lon="5.754880000">
        <ele>712.000</ele>
      </trkpt>
      <trkpt lat="46.035080000" lon="5.755020000">
        <ele>715.000</ele>
      </trkpt>
      <trkpt lat="46.034740000" lon="5.755110000">
        <ele>718.000</ele>
      </trkpt>
      <trkpt lat="46.034330000" lon="5.755210000">
        <ele>721.000</ele>
      </trkpt>
      <trkpt lat="46.033800000" lon="5.755440000">
        <ele>724.000</ele>
      </trkpt>
      <trkpt lat="46.033640000" lon="5.755580000">
        <ele>727.000</ele>
      </trkpt>
      <trkpt lat="46.033370000" lon="5.755920000">
        <ele>730.000</ele>
      </trkpt>
      <trkpt lat="46.033060000" lon="5.756120000">
        <ele>732.000</ele>
      </trkpt>
      <trkpt lat="46.032540000" lon="5.756280000">
        <ele>735.000</ele>
      </trkpt>
      <trkpt lat="46.032430000" lon="5.756290000">
        <ele>738.000</ele>
      </trkpt>
      <trkpt lat="46.032180000" lon="5.756240000">
        <ele>740.000</ele>
      </trkpt>
      <trkpt lat="46.031990000" lon="5.756080000">
        <ele>742.000</ele>
      </trkpt>
      <trkpt lat="46.031790000" lon="5.755910000">
        <ele>743.000</ele>
      </trkpt>
      <trkpt lat="46.031610000" lon="5.755830000">
        <ele>745.000</ele>
      </trkpt>
      <trkpt lat="46.031280000" lon="5.755770000">
        <ele>746.000</ele>
      </trkpt>
      <trkpt lat="46.030960000" lon="5.755800000">
        <ele>748.000</ele>
      </trkpt>
      <trkpt lat="46.030690000" lon="5.755860000">
        <ele>749.000</ele>
      </trkpt>
      <trkpt lat="46.030480000" lon="5.755850000">
        <ele>750.000</ele>
      </trkpt>
      <trkpt lat="46.030180000" lon="5.755790000">
        <ele>752.000</ele>
      </trkpt>
      <trkpt lat="46.029620000" lon="5.755520000">
        <ele>755.000</ele>
      </trkpt>
      <trkpt lat="46.029350000" lon="5.755230000">
        <ele>759.000</ele>
      </trkpt>
      <trkpt lat="46.029020000" lon="5.755020000">
        <ele>762.000</ele>
      </trkpt>
      <trkpt lat="46.028690000" lon="5.754970000">
        <ele>766.000</ele>
      </trkpt>
      <trkpt lat="46.028390000" lon="5.755000000">
        <ele>770.000</ele>
      </trkpt>
      <trkpt lat="46.027880000" lon="5.755140000">
        <ele>773.000</ele>
      </trkpt>
      <trkpt lat="46.027670000" lon="5.755100000">
        <ele>776.000</ele>
      </trkpt>
      <trkpt lat="46.027300000" lon="5.754970000">
        <ele>779.000</ele>
      </trkpt>
      <trkpt lat="46.026990000" lon="5.754860000">
        <ele>781.000</ele>
      </trkpt>
      <trkpt lat="46.026620000" lon="5.754610000">
        <ele>784.000</ele>
      </trkpt>
      <trkpt lat="46.026350000" lon="5.754500000">
        <ele>786.000</ele>
      </trkpt>
      <trkpt lat="46.026200000" lon="5.754480000">
        <ele>788.000</ele>
      </trkpt>
      <trkpt lat="46.026090000" lon="5.754460000">
        <ele>789.000</ele>
      </trkpt>
      <trkpt lat="46.025950000" lon="5.754490000">
        <ele>790.000</ele>
      </trkpt>
      <trkpt lat="46.025580000" lon="5.754620000">
        <ele>792.000</ele>
      </trkpt>
      <trkpt lat="46.025400000" lon="5.754640000">
        <ele>794.000</ele>
      </trkpt>
      <trkpt lat="46.025270000" lon="5.754640000">
        <ele>795.000</ele>
      </trkpt>
      <trkpt lat="46.025170000" lon="5.754620000">
        <ele>796.000</ele>
      </trkpt>
      <trkpt lat="46.025070000" lon="5.754560000">
        <ele>797.000</ele>
      </trkpt>
      <trkpt lat="46.025010000" lon="5.754490000">
        <ele>798.000</ele>
      </trkpt>
      <trkpt lat="46.024970000" lon="5.754390000">
        <ele>798.000</ele>
      </trkpt>
      <trkpt lat="46.024940000" lon="5.754240000">
        <ele>799.000</ele>
      </trkpt>
      <trkpt lat="46.024910000" lon="5.754130000">
        <ele>800.000</ele>
      </trkpt>
      <trkpt lat="46.024860000" lon="5.754000000">
        <ele>801.000</ele>
      </trkpt>
      <trkpt lat="46.024700000" lon="5.753680000">
        <ele>802.000</ele>
      </trkpt>
      <trkpt lat="46.024580000" lon="5.753430000">
        <ele>803.000</ele>
      </trkpt>
      <trkpt lat="46.024460000" lon="5.753270000">
        <ele>805.000</ele>
      </trkpt>
      <trkpt lat="46.024390000" lon="5.753240000">
        <ele>806.000</ele>
      </trkpt>
      <trkpt lat="46.024360000" lon="5.753250000">
        <ele>807.000</ele>
      </trkpt>
      <trkpt lat="46.024310000" lon="5.753260000">
        <ele>808.000</ele>
      </trkpt>
      <trkpt lat="46.024230000" lon="5.753510000">
        <ele>809.000</ele>
      </trkpt>
      <trkpt lat="46.024060000" lon="5.753990000">
        <ele>811.000</ele>
      </trkpt>
      <trkpt lat="46.023870000" lon="5.754190000">
        <ele>813.000</ele>
      </trkpt>
      <trkpt lat="46.023340000" lon="5.754490000">
        <ele>816.000</ele>
      </trkpt>
      <trkpt lat="46.023130000" lon="5.754540000">
        <ele>818.000</ele>
      </trkpt>
      <trkpt lat="46.022910000" lon="5.754520000">
        <ele>820.000</ele>
      </trkpt>
      <trkpt lat="46.022660000" lon="5.754490000">
        <ele>822.000</ele>
      </trkpt>
      <trkpt lat="46.022460000" lon="5.754510000">
        <ele>823.000</ele>
      </trkpt>
      <trkpt lat="46.022170000" lon="5.754590000">
        <ele>825.000</ele>
      </trkpt>
      <trkpt lat="46.021780000" lon="5.754600000">
        <ele>826.000</ele>
      </trkpt>
      <trkpt lat="46.021310000" lon="5.754760000">
        <ele>828.000</ele>
      </trkpt>
      <trkpt lat="46.021100000" lon="5.754670000">
        <ele>830.000</ele>
      </trkpt>
      <trkpt lat="46.020960000" lon="5.754700000">
        <ele>832.000</ele>
      </trkpt>
      <trkpt lat="46.020310000" lon="5.755040000">
        <ele>835.000</ele>
      </trkpt>
      <trkpt lat="46.019780000" lon="5.755190000">
        <ele>839.000</ele>
      </trkpt>
      <trkpt lat="46.019030000" lon="5.755610000">
        <ele>843.000</ele>
      </trkpt>
      <trkpt lat="46.018830000" lon="5.755770000">
        <ele>847.000</ele>
      </trkpt>
      <trkpt lat="46.018700000" lon="5.755820000">
        <ele>849.000</ele>
      </trkpt>
      <trkpt lat="46.018590000" lon="5.755780000">
        <ele>852.000</ele>
      </trkpt>
      <trkpt lat="46.018440000" lon="5.755750000">
        <ele>853.000</ele>
      </trkpt>
      <trkpt lat="46.018310000" lon="5.755810000">
        <ele>855.000</ele>
      </trkpt>
      <trkpt lat="46.018120000" lon="5.755990000">
        <ele>856.000</ele>
      </trkpt>
      <trkpt lat="46.017730000" lon="5.756360000">
        <ele>858.000</ele>
      </trkpt>
      <trkpt lat="46.017360000" lon="5.756670000">
        <ele>860.000</ele>
      </trkpt>
      <trkpt lat="46.017240000" lon="5.756690000">
        <ele>862.000</ele>
      </trkpt>
      <trkpt lat="46.017010000" lon="5.756620000">
        <ele>863.000</ele>
      </trkpt>
      <trkpt lat="46.016880000" lon="5.756660000">
        <ele>864.000</ele>
      </trkpt>
      <trkpt lat="46.016690000" lon="5.756780000">
        <ele>866.000</ele>
      </trkpt>
      <trkpt lat="46.016420000" lon="5.756800000">
        <ele>867.000</ele>
      </trkpt>
      <trkpt lat="46.016310000" lon="5.756850000">
        <ele>868.000</ele>
      </trkpt>
      <trkpt lat="46.016050000" lon="5.757050000">
        <ele>869.000</ele>
      </trkpt>
      <trkpt lat="46.015960000" lon="5.757080000">
        <ele>870.000</ele>
      </trkpt>
      <trkpt lat="46.015860000" lon="5.757020000">
        <ele>871.000</ele>
      </trkpt>
      <trkpt lat="46.015790000" lon="5.756920000">
        <ele>871.000</ele>
      </trkpt>
      <trkpt lat="46.015730000" lon="5.756750000">
        <ele>872.000</ele>
      </trkpt>
      <trkpt lat="46.015690000" lon="5.756460000">
        <ele>873.000</ele>
      </trkpt>
      <trkpt lat="46.015690000" lon="5.756020000">
        <ele>874.000</ele>
      </trkpt>
      <trkpt lat="46.015730000" lon="5.755750000">
        <ele>875.000</ele>
      </trkpt>
      <trkpt lat="46.015820000" lon="5.755450000">
        <ele>877.000</ele>
      </trkpt>
      <trkpt lat="46.016330000" lon="5.754410000">
        <ele>879.000</ele>
      </trkpt>
      <trkpt lat="46.016510000" lon="5.754010000">
        <ele>882.000</ele>
      </trkpt>
      <trkpt lat="46.016670000" lon="5.753740000">
        <ele>885.000</ele>
      </trkpt>
      <trkpt lat="46.016770000" lon="5.753630000">
        <ele>887.000</ele>
      </trkpt>
      <trkpt lat="46.017110000" lon="5.753370000">
        <ele>890.000</ele>
      </trkpt>
      <trkpt lat="46.017240000" lon="5.753190000">
        <ele>893.000</ele>
      </trkpt>
      <trkpt lat="46.017400000" lon="5.752810000">
        <ele>896.000</ele>
      </trkpt>
      <trkpt lat="46.017520000" lon="5.752660000">
        <ele>899.000</ele>
      </trkpt>
      <trkpt lat="46.018000000" lon="5.752060000">
        <ele>903.000</ele>
      </trkpt>
      <trkpt lat="46.018260000" lon="5.751830000">
        <ele>906.000</ele>
      </trkpt>
      <trkpt lat="46.018610000" lon="5.751630000">
        <ele>909.000</ele>
      </trkpt>
      <trkpt lat="46.019230000" lon="5.751320000">
        <ele>913.000</ele>
      </trkpt>
      <trkpt lat="46.019830000" lon="5.750880000">
        <ele>917.000</ele>
      </trkpt>
      <trkpt lat="46.020070000" lon="5.750760000">
        <ele>920.000</ele>
      </trkpt>
      <trkpt lat="46.020550000" lon="5.750580000">
        <ele>923.000</ele>
      </trkpt>
      <trkpt lat="46.021100000" lon="5.750420000">
        <ele>925.000</ele>
      </trkpt>
      <trkpt lat="46.021420000" lon="5.750240000">
        <ele>927.000</ele>
      </trkpt>
      <trkpt lat="46.021740000" lon="5.750050000">
        <ele>929.000</ele>
      </trkpt>
      <trkpt lat="46.022100000" lon="5.749960000">
        <ele>931.000</ele>
      </trkpt>
      <trkpt lat="46.022200000" lon="5.749870000">
        <ele>933.000</ele>
      </trkpt>
      <trkpt lat="46.022220000" lon="5.749810000">
        <ele>934.000</ele>
      </trkpt>
      <trkpt lat="46.022210000" lon="5.749730000">
        <ele>935.000</ele>
      </trkpt>
      <trkpt lat="46.022180000" lon="5.749680000">
        <ele>936.000</ele>
      </trkpt>
      <trkpt lat="46.022160000" lon="5.749650000">
        <ele>936.000</ele>
      </trkpt>
      <trkpt lat="46.022110000" lon="5.749630000">
        <ele>937.000</ele>
      </trkpt>
      <trkpt lat="46.021500000" lon="5.749530000">
        <ele>938.000</ele>
      </trkpt>
      <trkpt lat="46.021210000" lon="5.749560000">
        <ele>940.000</ele>
      </trkpt>
      <trkpt lat="46.021000000" lon="5.749630000">
        <ele>942.000</ele>
      </trkpt>
      <trkpt lat="46.020680000" lon="5.749660000">
        <ele>944.000</ele>
      </trkpt>
      <trkpt lat="46.019840000" lon="5.749580000">
        <ele>949.000</ele>
      </trkpt>
      <trkpt lat="46.018870000" lon="5.749690000">
        <ele>956.000</ele>
      </trkpt>
      <trkpt lat="46.018610000" lon="5.749710000">
        <ele>961.000</ele>
      </trkpt>
      <trkpt lat="46.018470000" lon="5.749660000">
        <ele>965.000</ele>
      </trkpt>
      <trkpt lat="46.018340000" lon="5.749580000">
        <ele>968.000</ele>
      </trkpt>
      <trkpt lat="46.018080000" lon="5.749300000">
        <ele>970.000</ele>
      </trkpt>
      <trkpt lat="46.017990000" lon="5.749240000">
        <ele>972.000</ele>
      </trkpt>
      <trkpt lat="46.017900000" lon="5.749250000">
        <ele>974.000</ele>
      </trkpt>
      <trkpt lat="46.017610000" lon="5.749410000">
        <ele>976.000</ele>
      </trkpt>
      <trkpt lat="46.017130000" lon="5.749560000">
        <ele>978.000</ele>
      </trkpt>
      <trkpt lat="46.016790000" lon="5.749580000">
        <ele>980.000</ele>
      </trkpt>
      <trkpt lat="46.016460000" lon="5.749650000">
        <ele>982.000</ele>
      </trkpt>
      <trkpt lat="46.015680000" lon="5.749900000">
        <ele>985.000</ele>
      </trkpt>
      <trkpt lat="46.015040000" lon="5.750080000">
        <ele>988.000</ele>
      </trkpt>
      <trkpt lat="46.014480000" lon="5.750260000">
        <ele>991.000</ele>
      </trkpt>
      <trkpt lat="46.014090000" lon="5.750450000">
        <ele>993.000</ele>
      </trkpt>
      <trkpt lat="46.013570000" lon="5.750740000">
        <ele>996.000</ele>
      </trkpt>
      <trkpt lat="46.013020000" lon="5.750920000">
        <ele>999.000</ele>
      </trkpt>
      <trkpt lat="46.012170000" lon="5.751040000">
        <ele>1003.000</ele>
      </trkpt>
      <trkpt lat="46.011760000" lon="5.751010000">
        <ele>1006.000</ele>
      </trkpt>
      <trkpt lat="46.011560000" lon="5.750920000">
        <ele>1009.000</ele>
      </trkpt>
      <trkpt lat="46.011450000" lon="5.750810000">
        <ele>1011.000</ele>
      </trkpt>
      <trkpt lat="46.011300000" lon="5.750570000">
        <ele>1012.000</ele>
      </trkpt>
      <trkpt lat="46.011180000" lon="5.750430000">
        <ele>1014.000</ele>
      </trkpt>
      <trkpt lat="46.011060000" lon="5.750350000">
        <ele>1015.000</ele>
      </trkpt>
      <trkpt lat="46.010800000" lon="5.750250000">
        <ele>1017.000</ele>
      </trkpt>
      <trkpt lat="46.010530000" lon="5.750170000">
        <ele>1020.000</ele>
      </trkpt>
      <trkpt lat="46.010120000" lon="5.750160000">
        <ele>1023.000</ele>
      </trkpt>
      <trkpt lat="46.009950000" lon="5.750120000">
        <ele>1025.000</ele>
      </trkpt>
      <trkpt lat="46.009790000" lon="5.750000000">
        <ele>1028.000</ele>
      </trkpt>
      <trkpt lat="46.009460000" lon="5.749550000">
        <ele>1031.000</ele>
      </trkpt>
      <trkpt lat="46.009250000" lon="5.749320000">
        <ele>1033.000</ele>
      </trkpt>
      <trkpt lat="46.009060000" lon="5.749170000">
        <ele>1034.000</ele>
      </trkpt>
      <trkpt lat="46.008930000" lon="5.749090000">
        <ele>1035.000</ele>
      </trkpt>
      <trkpt lat="46.008570000" lon="5.748950000">
        <ele>1035.000</ele>
      </trkpt>
      <trkpt lat="46.008430000" lon="5.748850000">
        <ele>1035.000</ele>
      </trkpt>
      <trkpt lat="46.008320000" lon="5.748700000">
        <ele>1035.000</ele>
      </trkpt>
      <trkpt lat="46.008280000" lon="5.748540000">
        <ele>1035.000</ele>
      </trkpt>
      <trkpt lat="46.008270000" lon="5.748380000">
        <ele>1035.000</ele>
      </trkpt>
      <trkpt lat="46.008290000" lon="5.748190000">
        <ele>1035.000</ele>
      </trkpt>
      <trkpt lat="46.008420000" lon="5.747970000">
        <ele>1035.000</ele>
      </trkpt>
      <trkpt lat="46.008650000" lon="5.747790000">
        <ele>1035.000</ele>
      </trkpt>
      <trkpt lat="46.008830000" lon="5.747680000">
        <ele>1035.000</ele>
      </trkpt>
      <trkpt lat="46.009270000" lon="5.747390000">
        <ele>1035.000</ele>
      </trkpt>
      <trkpt lat="46.009740000" lon="5.747170000">
        <ele>1035.000</ele>
      </trkpt>
      <trkpt lat="46.009900000" lon="5.747090000">
        <ele>1035.000</ele>
      </trkpt>
      <trkpt lat="46.010000000" lon="5.746980000">
        <ele>1035.000</ele>
      </trkpt>
      <trkpt lat="46.010070000" lon="5.746860000">
        <ele>1035.000</ele>
      </trkpt>
      <trkpt lat="46.010100000" lon="5.746770000">
        <ele>1034.000</ele>
      </trkpt>
      <trkpt lat="46.010090000" lon="5.746680000">
        <ele>1034.000</ele>
      </trkpt>
      <trkpt lat="46.010060000" lon="5.746590000">
        <ele>1034.000</ele>
      </trkpt>
      <trkpt lat="46.010000000" lon="5.746530000">
        <ele>1034.000</ele>
      </trkpt>
      <trkpt lat="46.009790000" lon="5.746530000">
        <ele>1033.000</ele>
      </trkpt>
      <trkpt lat="46.009680000" lon="5.746490000">
        <ele>1033.000</ele>
      </trkpt>
      <trkpt lat="46.009580000" lon="5.746400000">
        <ele>1032.000</ele>
      </trkpt>
      <trkpt lat="46.009460000" lon="5.746270000">
        <ele>1032.000</ele>
      </trkpt>
      <trkpt lat="46.009360000" lon="5.746110000">
        <ele>1031.000</ele>
      </trkpt>
      <trkpt lat="46.009300000" lon="5.745920000">
        <ele>1031.000</ele>
      </trkpt>
      <trkpt lat="46.009100000" lon="5.744650000">
        <ele>1029.000</ele>
      </trkpt>
      <trkpt lat="46.009040000" lon="5.744260000">
        <ele>1028.000</ele>
      </trkpt>
      <trkpt lat="46.009000000" lon="5.743920000">
        <ele>1028.000</ele>
      </trkpt>
      <trkpt lat="46.009010000" lon="5.743660000">
        <ele>1028.000</ele>
      </trkpt>
      <trkpt lat="46.009080000" lon="5.743300000">
        <ele>1028.000</ele>
      </trkpt>
      <trkpt lat="46.009090000" lon="5.743070000">
        <ele>1028.000</ele>
      </trkpt>
      <trkpt lat="46.009080000" lon="5.742850000">
        <ele>1029.000</ele>
      </trkpt>
      <trkpt lat="46.008900000" lon="5.742160000">
        <ele>1030.000</ele>
      </trkpt>
      <trkpt lat="46.008560000" lon="5.740830000">
        <ele>1031.000</ele>
      </trkpt>
      <trkpt lat="46.008490000" lon="5.740640000">
        <ele>1033.000</ele>
      </trkpt>
      <trkpt lat="46.008460000" lon="5.740490000">
        <ele>1034.000</ele>
      </trkpt>
      <trkpt lat="46.008490000" lon="5.740170000">
        <ele>1035.000</ele>
      </trkpt>
      <trkpt lat="46.008480000" lon="5.739870000">
        <ele>1036.000</ele>
      </trkpt>
      <trkpt lat="46.008430000" lon="5.739620000">
        <ele>1037.000</ele>
      </trkpt>
      <trkpt lat="46.008360000" lon="5.739490000">
        <ele>1037.000</ele>
      </trkpt>
      <trkpt lat="46.008310000" lon="5.739420000">
        <ele>1038.000</ele>
      </trkpt>
      <trkpt lat="46.008250000" lon="5.739370000">
        <ele>1038.000</ele>
      </trkpt>
      <trkpt lat="46.008070000" lon="5.739330000">
        <ele>1039.000</ele>
      </trkpt>
      <trkpt lat="46.007870000" lon="5.739340000">
        <ele>1040.000</ele>
      </trkpt>
      <trkpt lat="46.007650000" lon="5.739420000">
        <ele>1041.000</ele>
      </trkpt>
      <trkpt lat="46.007580000" lon="5.739420000">
        <ele>1041.000</ele>
      </trkpt>
      <trkpt lat="46.007290000" lon="5.739330000">
        <ele>1042.000</ele>
      </trkpt>
      <trkpt lat="46.007020000" lon="5.739200000">
        <ele>1043.000</ele>
      </trkpt>
      <trkpt lat="46.006870000" lon="5.739060000">
        <ele>1045.000</ele>
      </trkpt>
      <trkpt lat="46.006730000" lon="5.738870000">
        <ele>1046.000</ele>
      </trkpt>
      <trkpt lat="46.006650000" lon="5.738800000">
        <ele>1047.000</ele>
      </trkpt>
      <trkpt lat="46.006570000" lon="5.738790000">
        <ele>1047.000</ele>
      </trkpt>
      <trkpt lat="46.006510000" lon="5.738820000">
        <ele>1048.000</ele>
      </trkpt>
      <trkpt lat="46.006280000" lon="5.738950000">
        <ele>1049.000</ele>
      </trkpt>
      <trkpt lat="46.006170000" lon="5.738980000">
        <ele>1050.000</ele>
      </trkpt>
      <trkpt lat="46.005760000" lon="5.738920000">
        <ele>1051.000</ele>
      </trkpt>
      <trkpt lat="46.005160000" lon="5.738930000">
        <ele>1052.000</ele>
      </trkpt>
      <trkpt lat="46.004680000" lon="5.738870000">
        <ele>1054.000</ele>
      </trkpt>
      <trkpt lat="46.004510000" lon="5.738890000">
        <ele>1055.000</ele>
      </trkpt>
      <trkpt lat="46.004200000" lon="5.738980000">
        <ele>1056.000</ele>
      </trkpt>
      <trkpt lat="46.003850000" lon="5.738990000">
        <ele>1057.000</ele>
      </trkpt>
      <trkpt lat="46.003620000" lon="5.738870000">
        <ele>1057.000</ele>
      </trkpt>
      <trkpt lat="46.003180000" lon="5.738470000">
        <ele>1057.000</ele>
      </trkpt>
      <trkpt lat="46.003080000" lon="5.738410000">
        <ele>1057.000</ele>
      </trkpt>
      <trkpt lat="46.002850000" lon="5.738340000">
        <ele>1057.000</ele>
      </trkpt>
      <trkpt lat="46.002570000" lon="5.738160000">
        <ele>1057.000</ele>
      </trkpt>
      <trkpt lat="46.002230000" lon="5.737740000">
        <ele>1056.000</ele>
      </trkpt>
      <trkpt lat="46.001920000" lon="5.737430000">
        <ele>1056.000</ele>
      </trkpt>
      <trkpt lat="46.001620000" lon="5.737200000">
        <ele>1055.000</ele>
      </trkpt>
      <trkpt lat="46.001470000" lon="5.737180000">
        <ele>1055.000</ele>
      </trkpt>
      <trkpt lat="46.001200000" lon="5.737230000">
        <ele>1054.000</ele>
      </trkpt>
      <trkpt lat="46.001130000" lon="5.737230000">
        <ele>1054.000</ele>
      </trkpt>
      <trkpt lat="46.001060000" lon="5.737210000">
        <ele>1053.000</ele>
      </trkpt>
      <trkpt lat="46.000530000" lon="5.737030000">
        <ele>1053.000</ele>
      </trkpt>
      <trkpt lat="46.000420000" lon="5.736960000">
        <ele>1052.000</ele>
      </trkpt>
      <trkpt lat="46.000370000" lon="5.736910000">
        <ele>1051.000</ele>
      </trkpt>
      <trkpt lat="46.000310000" lon="5.736860000">
        <ele>1051.000</ele>
      </trkpt>
      <trkpt lat="46.000240000" lon="5.736790000">
        <ele>1050.000</ele>
      </trkpt>
      <trkpt lat="46.000170000" lon="5.736720000">
        <ele>1050.000</ele>
      </trkpt>
      <trkpt lat="46.000080000" lon="5.736600000">
        <ele>1049.000</ele>
      </trkpt>
      <trkpt lat="45.999960000" lon="5.736410000">
        <ele>1048.000</ele>
      </trkpt>
      <trkpt lat="45.999700000" lon="5.736010000">
        <ele>1046.000</ele>
      </trkpt>
      <trkpt lat="45.999380000" lon="5.735500000">
        <ele>1044.000</ele>
      </trkpt>
      <trkpt lat="45.998980000" lon="5.734870000">
        <ele>1041.000</ele>
      </trkpt>
      <trkpt lat="45.998560000" lon="5.734200000">
        <ele>1039.000</ele>
      </trkpt>
      <trkpt lat="45.998460000" lon="5.734060000">
        <ele>1037.000</ele>
      </trkpt>
      <trkpt lat="45.998330000" lon="5.733900000">
        <ele>1035.000</ele>
      </trkpt>
      <trkpt lat="45.998190000" lon="5.733740000">
        <ele>1034.000</ele>
      </trkpt>
      <trkpt lat="45.997940000" lon="5.733460000">
        <ele>1033.000</ele>
      </trkpt>
      <trkpt lat="45.997770000" lon="5.733300000">
        <ele>1032.000</ele>
      </trkpt>
      <trkpt lat="45.997650000" lon="5.733190000">
        <ele>1032.000</ele>
      </trkpt>
      <trkpt lat="45.997460000" lon="5.733040000">
        <ele>1031.000</ele>
      </trkpt>
      <trkpt lat="45.997280000" lon="5.732900000">
        <ele>1030.000</ele>
      </trkpt>
      <trkpt lat="45.997200000" lon="5.732840000">
        <ele>1029.000</ele>
      </trkpt>
      <trkpt lat="45.997140000" lon="5.732790000">
        <ele>1029.000</ele>
      </trkpt>
      <trkpt lat="45.997100000" lon="5.732730000">
        <ele>1028.000</ele>
      </trkpt>
      <trkpt lat="45.997080000" lon="5.732660000">
        <ele>1028.000</ele>
      </trkpt>
      <trkpt lat="45.997070000" lon="5.732590000">
        <ele>1027.000</ele>
      </trkpt>
      <trkpt lat="45.997070000" lon="5.732500000">
        <ele>1027.000</ele>
      </trkpt>
      <trkpt lat="45.997080000" lon="5.732450000">
        <ele>1026.000</ele>
      </trkpt>
      <trkpt lat="45.997100000" lon="5.732400000">
        <ele>1026.000</ele>
      </trkpt>
      <trkpt lat="45.997120000" lon="5.732340000">
        <ele>1026.000</ele>
      </trkpt>
      <trkpt lat="45.997190000" lon="5.732220000">
        <ele>1025.000</ele>
      </trkpt>
      <trkpt lat="45.997260000" lon="5.732110000">
        <ele>1025.000</ele>
      </trkpt>
      <trkpt lat="45.997330000" lon="5.732000000">
        <ele>1024.000</ele>
      </trkpt>
      <trkpt lat="45.997380000" lon="5.731900000">
        <ele>1024.000</ele>
      </trkpt>
      <trkpt lat="45.997500000" lon="5.731680000">
        <ele>1023.000</ele>
      </trkpt>
      <trkpt lat="45.997680000" lon="5.731350000">
        <ele>1022.000</ele>
      </trkpt>
      <trkpt lat="45.997730000" lon="5.731240000">
        <ele>1021.000</ele>
      </trkpt>
      <trkpt lat="45.997760000" lon="5.731160000">
        <ele>1020.000</ele>
      </trkpt>
      <trkpt lat="45.997790000" lon="5.731070000">
        <ele>1020.000</ele>
      </trkpt>
      <trkpt lat="45.997810000" lon="5.730980000">
        <ele>1019.000</ele>
      </trkpt>
      <trkpt lat="45.997820000" lon="5.730890000">
        <ele>1019.000</ele>
      </trkpt>
      <trkpt lat="45.997820000" lon="5.730790000">
        <ele>1018.000</ele>
      </trkpt>
      <trkpt lat="45.997810000" lon="5.730690000">
        <ele>1018.000</ele>
      </trkpt>
      <trkpt lat="45.997800000" lon="5.730590000">
        <ele>1017.000</ele>
      </trkpt>
      <trkpt lat="45.997780000" lon="5.730520000">
        <ele>1017.000</ele>
      </trkpt>
      <trkpt lat="45.997750000" lon="5.730440000">
        <ele>1017.000</ele>
      </trkpt>
      <trkpt lat="45.997720000" lon="5.730380000">
        <ele>1016.000</ele>
      </trkpt>
      <trkpt lat="45.997690000" lon="5.730330000">
        <ele>1016.000</ele>
      </trkpt>
      <trkpt lat="45.997640000" lon="5.730270000">
        <ele>1016.000</ele>
      </trkpt>
      <trkpt lat="45.997570000" lon="5.730200000">
        <ele>1015.000</ele>
      </trkpt>
      <trkpt lat="45.997490000" lon="5.730110000">
        <ele>1015.000</ele>
      </trkpt>
      <trkpt lat="45.997450000" lon="5.730070000">
        <ele>1014.000</ele>
      </trkpt>
      <trkpt lat="45.997410000" lon="5.730010000">
        <ele>1014.000</ele>
      </trkpt>
      <trkpt lat="45.997370000" lon="5.729940000">
        <ele>1013.000</ele>
      </trkpt>
      <trkpt lat="45.997330000" lon="5.729870000">
        <ele>1013.000</ele>
      </trkpt>
      <trkpt lat="45.997300000" lon="5.729750000">
        <ele>1013.000</ele>
      </trkpt>
      <trkpt lat="45.997240000" lon="5.729520000">
        <ele>1012.000</ele>
      </trkpt>
      <trkpt lat="45.997190000" lon="5.729330000">
        <ele>1011.000</ele>
      </trkpt>
      <trkpt lat="45.997140000" lon="5.729180000">
        <ele>1011.000</ele>
      </trkpt>
      <trkpt lat="45.997090000" lon="5.729070000">
        <ele>1010.000</ele>
      </trkpt>
      <trkpt lat="45.997030000" lon="5.728960000">
        <ele>1009.000</ele>
      </trkpt>
      <trkpt lat="45.996960000" lon="5.728880000">
        <ele>1009.000</ele>
      </trkpt>
      <trkpt lat="45.996920000" lon="5.728830000">
        <ele>1008.000</ele>
      </trkpt>
      <trkpt lat="45.996890000" lon="5.728750000">
        <ele>1008.000</ele>
      </trkpt>
      <trkpt lat="45.996850000" lon="5.728630000">
        <ele>1007.000</ele>
      </trkpt>
      <trkpt lat="45.996820000" lon="5.728470000">
        <ele>1007.000</ele>
      </trkpt>
      <trkpt lat="45.996780000" lon="5.728250000">
        <ele>1006.000</ele>
      </trkpt>
      <trkpt lat="45.996740000" lon="5.728140000">
        <ele>1006.000</ele>
      </trkpt>
      <trkpt lat="45.996700000" lon="5.728040000">
        <ele>1005.000</ele>
      </trkpt>
      <trkpt lat="45.996640000" lon="5.727940000">
        <ele>1005.000</ele>
      </trkpt>
      <trkpt lat="45.996570000" lon="5.727870000">
        <ele>1004.000</ele>
      </trkpt>
      <trkpt lat="45.996490000" lon="5.727790000">
        <ele>1004.000</ele>
      </trkpt>
      <trkpt lat="45.996390000" lon="5.727740000">
        <ele>1003.000</ele>
      </trkpt>
      <trkpt lat="45.996310000" lon="5.727710000">
        <ele>1003.000</ele>
      </trkpt>
      <trkpt lat="45.996210000" lon="5.727690000">
        <ele>1002.000</ele>
      </trkpt>
      <trkpt lat="45.996120000" lon="5.727690000">
        <ele>1002.000</ele>
      </trkpt>
      <trkpt lat="45.996030000" lon="5.727710000">
        <ele>1001.000</ele>
      </trkpt>
      <trkpt lat="45.995920000" lon="5.727740000">
        <ele>1001.000</ele>
      </trkpt>
      <trkpt lat="45.995780000" lon="5.727800000">
        <ele>1000.000</ele>
      </trkpt>
      <trkpt lat="45.995340000" lon="5.727980000">
        <ele>999.000</ele>
      </trkpt>
      <trkpt lat="45.992110000" lon="5.729150000">
        <ele>996.000</ele>
      </trkpt>
      <trkpt lat="45.990370000" lon="5.729770000">
        <ele>990.000</ele>
      </trkpt>
      <trkpt lat="45.990210000" lon="5.729810000">
        <ele>986.000</ele>
      </trkpt>
      <trkpt lat="45.990050000" lon="5.729800000">
        <ele>984.000</ele>
      </trkpt>
      <trkpt lat="45.989900000" lon="5.729750000">
        <ele>982.000</ele>
      </trkpt>
      <trkpt lat="45.989770000" lon="5.729650000">
        <ele>980.000</ele>
      </trkpt>
      <trkpt lat="45.989660000" lon="5.729510000">
        <ele>979.000</ele>
      </trkpt>
      <trkpt lat="45.989540000" lon="5.729350000">
        <ele>978.000</ele>
      </trkpt>
      <trkpt lat="45.989440000" lon="5.729240000">
        <ele>978.000</ele>
      </trkpt>
      <trkpt lat="45.989190000" lon="5.729010000">
        <ele>977.000</ele>
      </trkpt>
      <trkpt lat="45.989040000" lon="5.728810000">
        <ele>977.000</ele>
      </trkpt>
      <trkpt lat="45.988980000" lon="5.728530000">
        <ele>976.000</ele>
      </trkpt>
      <trkpt lat="45.988920000" lon="5.728510000">
        <ele>976.000</ele>
      </trkpt>
      <trkpt lat="45.988860000" lon="5.728440000">
        <ele>975.000</ele>
      </trkpt>
      <trkpt lat="45.988750000" lon="5.728340000">
        <ele>975.000</ele>
      </trkpt>
      <trkpt lat="45.988550000" lon="5.728190000">
        <ele>974.000</ele>
      </trkpt>
      <trkpt lat="45.988320000" lon="5.728040000">
        <ele>973.000</ele>
      </trkpt>
      <trkpt lat="45.987590000" lon="5.727690000">
        <ele>971.000</ele>
      </trkpt>
      <trkpt lat="45.986980000" lon="5.727530000">
        <ele>968.000</ele>
      </trkpt>
      <trkpt lat="45.986540000" lon="5.727200000">
        <ele>964.000</ele>
      </trkpt>
      <trkpt lat="45.986290000" lon="5.727120000">
        <ele>961.000</ele>
      </trkpt>
      <trkpt lat="45.985690000" lon="5.727070000">
        <ele>957.000</ele>
      </trkpt>
      <trkpt lat="45.985310000" lon="5.727110000">
        <ele>953.000</ele>
      </trkpt>
      <trkpt lat="45.984460000" lon="5.727420000">
        <ele>948.000</ele>
      </trkpt>
      <trkpt lat="45.983910000" lon="5.727690000">
        <ele>944.000</ele>
      </trkpt>
      <trkpt lat="45.983560000" lon="5.727960000">
        <ele>941.000</ele>
      </trkpt>
      <trkpt lat="45.983200000" lon="5.728500000">
        <ele>938.000</ele>
      </trkpt>
      <trkpt lat="45.982720000" lon="5.728690000">
        <ele>935.000</ele>
      </trkpt>
      <trkpt lat="45.982430000" lon="5.728860000">
        <ele>933.000</ele>
      </trkpt>
      <trkpt lat="45.982110000" lon="5.729120000">
        <ele>931.000</ele>
      </trkpt>
      <trkpt lat="45.981990000" lon="5.729280000">
        <ele>930.000</ele>
      </trkpt>
      <trkpt lat="45.981830000" lon="5.729600000">
        <ele>929.000</ele>
      </trkpt>
      <trkpt lat="45.981720000" lon="5.729830000">
        <ele>927.000</ele>
      </trkpt>
      <trkpt lat="45.981690000" lon="5.729900000">
        <ele>927.000</ele>
      </trkpt>
      <trkpt lat="45.981640000" lon="5.729960000">
        <ele>926.000</ele>
      </trkpt>
      <trkpt lat="45.981600000" lon="5.729990000">
        <ele>925.000</ele>
      </trkpt>
      <trkpt lat="45.981550000" lon="5.730000000">
        <ele>925.000</ele>
      </trkpt>
      <trkpt lat="45.981500000" lon="5.730000000">
        <ele>925.000</ele>
      </trkpt>
      <trkpt lat="45.981450000" lon="5.729980000">
        <ele>924.000</ele>
      </trkpt>
      <trkpt lat="45.981390000" lon="5.729950000">
        <ele>924.000</ele>
      </trkpt>
      <trkpt lat="45.981320000" lon="5.729900000">
        <ele>924.000</ele>
      </trkpt>
      <trkpt lat="45.981000000" lon="5.729520000">
        <ele>923.000</ele>
      </trkpt>
      <trkpt lat="45.980740000" lon="5.729180000">
        <ele>921.000</ele>
      </trkpt>
      <trkpt lat="45.980630000" lon="5.729060000">
        <ele>920.000</ele>
      </trkpt>
      <trkpt lat="45.980010000" lon="5.728670000">
        <ele>916.000</ele>
      </trkpt>
      <trkpt lat="45.979700000" lon="5.728450000">
        <ele>913.000</ele>
      </trkpt>
      <trkpt lat="45.979450000" lon="5.728280000">
        <ele>910.000</ele>
      </trkpt>
      <trkpt lat="45.979280000" lon="5.728150000">
        <ele>907.000</ele>
      </trkpt>
      <trkpt lat="45.979120000" lon="5.728090000">
        <ele>905.000</ele>
      </trkpt>
      <trkpt lat="45.978840000" lon="5.728050000">
        <ele>903.000</ele>
      </trkpt>
      <trkpt lat="45.978630000" lon="5.728030000">
        <ele>901.000</ele>
      </trkpt>
      <trkpt lat="45.978480000" lon="5.727980000">
        <ele>899.000</ele>
      </trkpt>
      <trkpt lat="45.978280000" lon="5.727910000">
        <ele>898.000</ele>
      </trkpt>
      <trkpt lat="45.978190000" lon="5.727890000">
        <ele>897.000</ele>
      </trkpt>
      <trkpt lat="45.978110000" lon="5.727880000">
        <ele>896.000</ele>
      </trkpt>
      <trkpt lat="45.978040000" lon="5.727880000">
        <ele>895.000</ele>
      </trkpt>
      <trkpt lat="45.977900000" lon="5.727910000">
        <ele>894.000</ele>
      </trkpt>
      <trkpt lat="45.977800000" lon="5.727920000">
        <ele>893.000</ele>
      </trkpt>
      <trkpt lat="45.977690000" lon="5.727910000">
        <ele>892.000</ele>
      </trkpt>
      <trkpt lat="45.977570000" lon="5.727880000">
        <ele>892.000</ele>
      </trkpt>
      <trkpt lat="45.977340000" lon="5.727790000">
        <ele>891.000</ele>
      </trkpt>
      <trkpt lat="45.977260000" lon="5.727740000">
        <ele>890.000</ele>
      </trkpt>
      <trkpt lat="45.977210000" lon="5.727670000">
        <ele>889.000</ele>
      </trkpt>
      <trkpt lat="45.977150000" lon="5.727600000">
        <ele>888.000</ele>
      </trkpt>
      <trkpt lat="45.977120000" lon="5.727520000">
        <ele>887.000</ele>
      </trkpt>
      <trkpt lat="45.977090000" lon="5.727410000">
        <ele>887.000</ele>
      </trkpt>
      <trkpt lat="45.977060000" lon="5.727080000">
        <ele>885.000</ele>
      </trkpt>
      <trkpt lat="45.977020000" lon="5.726980000">
        <ele>885.000</ele>
      </trkpt>
      <trkpt lat="45.976980000" lon="5.726900000">
        <ele>884.000</ele>
      </trkpt>
      <trkpt lat="45.976910000" lon="5.726840000">
        <ele>883.000</ele>
      </trkpt>
      <trkpt lat="45.976820000" lon="5.726770000">
        <ele>882.000</ele>
      </trkpt>
      <trkpt lat="45.976720000" lon="5.726720000">
        <ele>881.000</ele>
      </trkpt>
      <trkpt lat="45.976580000" lon="5.726660000">
        <ele>880.000</ele>
      </trkpt>
      <trkpt lat="45.976420000" lon="5.726610000">
        <ele>879.000</ele>
      </trkpt>
      <trkpt lat="45.976300000" lon="5.726570000">
        <ele>878.000</ele>
      </trkpt>
      <trkpt lat="45.976180000" lon="5.726560000">
        <ele>877.000</ele>
      </trkpt>
      <trkpt lat="45.976050000" lon="5.726550000">
        <ele>876.000</ele>
      </trkpt>
      <trkpt lat="45.975950000" lon="5.726530000">
        <ele>875.000</ele>
      </trkpt>
      <trkpt lat="45.975850000" lon="5.726490000">
        <ele>874.000</ele>
      </trkpt>
      <trkpt lat="45.975450000" lon="5.726280000">
        <ele>872.000</ele>
      </trkpt>
      <trkpt lat="45.975230000" lon="5.726160000">
        <ele>871.000</ele>
      </trkpt>
      <trkpt lat="45.974960000" lon="5.726050000">
        <ele>869.000</ele>
      </trkpt>
      <trkpt lat="45.974420000" lon="5.725800000">
        <ele>867.000</ele>
      </trkpt>
      <trkpt lat="45.974290000" lon="5.725760000">
        <ele>866.000</ele>
      </trkpt>
      <trkpt lat="45.974130000" lon="5.725710000">
        <ele>864.000</ele>
      </trkpt>
      <trkpt lat="45.973840000" lon="5.725660000">
        <ele>863.000</ele>
      </trkpt>
      <trkpt lat="45.973770000" lon="5.725660000">
        <ele>862.000</ele>
      </trkpt>
      <trkpt lat="45.973760000" lon="5.725660000">
        <ele>862.000</ele>
      </trkpt>
      <trkpt lat="45.973660000" lon="5.725670000">
        <ele>861.000</ele>
      </trkpt>
      <trkpt lat="45.973570000" lon="5.725690000">
        <ele>861.000</ele>
      </trkpt>
      <trkpt lat="45.973490000" lon="5.725720000">
        <ele>860.000</ele>
      </trkpt>
      <trkpt lat="45.973390000" lon="5.725790000">
        <ele>860.000</ele>
      </trkpt>
      <trkpt lat="45.973320000" lon="5.725830000">
        <ele>860.000</ele>
      </trkpt>
      <trkpt lat="45.972910000" lon="5.726130000">
        <ele>859.000</ele>
      </trkpt>
      <trkpt lat="45.972720000" lon="5.726290000">
        <ele>858.000</ele>
      </trkpt>
      <trkpt lat="45.972640000" lon="5.726350000">
        <ele>858.000</ele>
      </trkpt>
      <trkpt lat="45.972580000" lon="5.726360000">
        <ele>858.000</ele>
      </trkpt>
      <trkpt lat="45.972520000" lon="5.726370000">
        <ele>857.000</ele>
      </trkpt>
      <trkpt lat="45.972450000" lon="5.726350000">
        <ele>857.000</ele>
      </trkpt>
      <trkpt lat="45.972140000" lon="5.726260000">
        <ele>856.000</ele>
      </trkpt>
      <trkpt lat="45.971960000" lon="5.726220000">
        <ele>856.000</ele>
      </trkpt>
      <trkpt lat="45.971520000" lon="5.726060000">
        <ele>854.000</ele>
      </trkpt>
      <trkpt lat="45.971270000" lon="5.726070000">
        <ele>852.000</ele>
      </trkpt>
      <trkpt lat="45.971200000" lon="5.726050000">
        <ele>850.000</ele>
      </trkpt>
      <trkpt lat="45.971140000" lon="5.726010000">
        <ele>849.000</ele>
      </trkpt>
      <trkpt lat="45.970910000" lon="5.725740000">
        <ele>847.000</ele>
      </trkpt>
      <trkpt lat="45.970790000" lon="5.725610000">
        <ele>846.000</ele>
      </trkpt>
      <trkpt lat="45.970690000" lon="5.725550000">
        <ele>844.000</ele>
      </trkpt>
      <trkpt lat="45.970570000" lon="5.725510000">
        <ele>843.000</ele>
      </trkpt>
      <trkpt lat="45.970370000" lon="5.725520000">
        <ele>841.000</ele>
      </trkpt>
      <trkpt lat="45.970120000" lon="5.725530000">
        <ele>840.000</ele>
      </trkpt>
      <trkpt lat="45.969900000" lon="5.725480000">
        <ele>839.000</ele>
      </trkpt>
      <trkpt lat="45.969810000" lon="5.725440000">
        <ele>838.000</ele>
      </trkpt>
      <trkpt lat="45.969630000" lon="5.725360000">
        <ele>837.000</ele>
      </trkpt>
      <trkpt lat="45.969450000" lon="5.725290000">
        <ele>836.000</ele>
      </trkpt>
      <trkpt lat="45.969050000" lon="5.725280000">
        <ele>835.000</ele>
      </trkpt>
      <trkpt lat="45.968260000" lon="5.725330000">
        <ele>833.000</ele>
      </trkpt>
      <trkpt lat="45.967800000" lon="5.725360000">
        <ele>831.000</ele>
      </trkpt>
      <trkpt lat="45.967500000" lon="5.725370000">
        <ele>829.000</ele>
      </trkpt>
      <trkpt lat="45.967070000" lon="5.725330000">
        <ele>827.000</ele>
      </trkpt>
      <trkpt lat="45.966460000" lon="5.725250000">
        <ele>825.000</ele>
      </trkpt>
      <trkpt lat="45.966300000" lon="5.725220000">
        <ele>824.000</ele>
      </trkpt>
      <trkpt lat="45.966250000" lon="5.725210000">
        <ele>823.000</ele>
      </trkpt>
      <trkpt lat="45.966250000" lon="5.725210000">
        <ele>822.000</ele>
      </trkpt>
      <trkpt lat="45.965720000" lon="5.725090000">
        <ele>821.000</ele>
      </trkpt>
      <trkpt lat="45.965510000" lon="5.725080000">
        <ele>820.000</ele>
      </trkpt>
      <trkpt lat="45.965180000" lon="5.725070000">
        <ele>819.000</ele>
      </trkpt>
      <trkpt lat="45.964710000" lon="5.725060000">
        <ele>817.000</ele>
      </trkpt>
      <trkpt lat="45.964490000" lon="5.725020000">
        <ele>816.000</ele>
      </trkpt>
      <trkpt lat="45.964210000" lon="5.724970000">
        <ele>814.000</ele>
      </trkpt>
      <trkpt lat="45.963740000" lon="5.724850000">
        <ele>812.000</ele>
      </trkpt>
      <trkpt lat="45.963450000" lon="5.724740000">
        <ele>810.000</ele>
      </trkpt>
      <trkpt lat="45.963210000" lon="5.724680000">
        <ele>808.000</ele>
      </trkpt>
      <trkpt lat="45.962420000" lon="5.724500000">
        <ele>804.000</ele>
      </trkpt>
      <trkpt lat="45.961690000" lon="5.724290000">
        <ele>801.000</ele>
      </trkpt>
      <trkpt lat="45.961260000" lon="5.724170000">
        <ele>797.000</ele>
      </trkpt>
      <trkpt lat="45.960760000" lon="5.724070000">
        <ele>794.000</ele>
      </trkpt>
      <trkpt lat="45.960330000" lon="5.723980000">
        <ele>791.000</ele>
      </trkpt>
      <trkpt lat="45.960100000" lon="5.723960000">
        <ele>788.000</ele>
      </trkpt>
      <trkpt lat="45.960010000" lon="5.723970000">
        <ele>786.000</ele>
      </trkpt>
      <trkpt lat="45.959880000" lon="5.724000000">
        <ele>785.000</ele>
      </trkpt>
      <trkpt lat="45.959730000" lon="5.724080000">
        <ele>783.000</ele>
      </trkpt>
      <trkpt lat="45.959420000" lon="5.724290000">
        <ele>782.000</ele>
      </trkpt>
      <trkpt lat="45.959320000" lon="5.724340000">
        <ele>780.000</ele>
      </trkpt>
      <trkpt lat="45.959220000" lon="5.724360000">
        <ele>779.000</ele>
      </trkpt>
      <trkpt lat="45.959070000" lon="5.724360000">
        <ele>778.000</ele>
      </trkpt>
      <trkpt lat="45.958860000" lon="5.724320000">
        <ele>777.000</ele>
      </trkpt>
      <trkpt lat="45.958730000" lon="5.724310000">
        <ele>776.000</ele>
      </trkpt>
      <trkpt lat="45.958590000" lon="5.724310000">
        <ele>775.000</ele>
      </trkpt>
      <trkpt lat="45.958270000" lon="5.724360000">
        <ele>774.000</ele>
      </trkpt>
      <trkpt lat="45.957910000" lon="5.724470000">
        <ele>773.000</ele>
      </trkpt>
      <trkpt lat="45.957670000" lon="5.724610000">
        <ele>772.000</ele>
      </trkpt>
      <trkpt lat="45.957390000" lon="5.724780000">
        <ele>771.000</ele>
      </trkpt>
      <trkpt lat="45.957270000" lon="5.724800000">
        <ele>770.000</ele>
      </trkpt>
      <trkpt lat="45.957150000" lon="5.724800000">
        <ele>770.000</ele>
      </trkpt>
      <trkpt lat="45.956880000" lon="5.724750000">
        <ele>769.000</ele>
      </trkpt>
      <trkpt lat="45.956740000" lon="5.724740000">
        <ele>769.000</ele>
      </trkpt>
      <trkpt lat="45.956520000" lon="5.724760000">
        <ele>768.000</ele>
      </trkpt>
      <trkpt lat="45.956210000" lon="5.724820000">
        <ele>767.000</ele>
      </trkpt>
      <trkpt lat="45.955920000" lon="5.724860000">
        <ele>766.000</ele>
      </trkpt>
      <trkpt lat="45.955860000" lon="5.724870000">
        <ele>766.000</ele>
      </trkpt>
      <trkpt lat="45.955540000" lon="5.724970000">
        <ele>765.000</ele>
      </trkpt>
      <trkpt lat="45.955480000" lon="5.725000000">
        <ele>764.000</ele>
      </trkpt>
      <trkpt lat="45.955380000" lon="5.725050000">
        <ele>763.000</ele>
      </trkpt>
      <trkpt lat="45.955170000" lon="5.725160000">
        <ele>763.000</ele>
      </trkpt>
      <trkpt lat="45.954170000" lon="5.725640000">
        <ele>761.000</ele>
      </trkpt>
      <trkpt lat="45.954130000" lon="5.725650000">
        <ele>760.000</ele>
      </trkpt>
      <trkpt lat="45.953790000" lon="5.725770000">
        <ele>758.000</ele>
      </trkpt>
      <trkpt lat="45.953460000" lon="5.725790000">
        <ele>757.000</ele>
      </trkpt>
      <trkpt lat="45.953290000" lon="5.725790000">
        <ele>756.000</ele>
      </trkpt>
      <trkpt lat="45.953180000" lon="5.725760000">
        <ele>755.000</ele>
      </trkpt>
      <trkpt lat="45.953090000" lon="5.725710000">
        <ele>754.000</ele>
      </trkpt>
      <trkpt lat="45.952970000" lon="5.725560000">
        <ele>753.000</ele>
      </trkpt>
      <trkpt lat="45.952900000" lon="5.725450000">
        <ele>752.000</ele>
      </trkpt>
      <trkpt lat="45.952810000" lon="5.725260000">
        <ele>752.000</ele>
      </trkpt>
      <trkpt lat="45.952720000" lon="5.725050000">
        <ele>751.000</ele>
      </trkpt>
      <trkpt lat="45.952670000" lon="5.724790000">
        <ele>750.000</ele>
      </trkpt>
      <trkpt lat="45.952660000" lon="5.724640000">
        <ele>749.000</ele>
      </trkpt>
      <trkpt lat="45.952660000" lon="5.724410000">
        <ele>748.000</ele>
      </trkpt>
      <trkpt lat="45.952700000" lon="5.723790000">
        <ele>746.000</ele>
      </trkpt>
      <trkpt lat="45.952720000" lon="5.722980000">
        <ele>743.000</ele>
      </trkpt>
      <trkpt lat="45.952770000" lon="5.722540000">
        <ele>740.000</ele>
      </trkpt>
      <trkpt lat="45.952730000" lon="5.722260000">
        <ele>737.000</ele>
      </trkpt>
      <trkpt lat="45.952600000" lon="5.721930000">
        <ele>735.000</ele>
      </trkpt>
      <trkpt lat="45.952280000" lon="5.721510000">
        <ele>732.000</ele>
      </trkpt>
      <trkpt lat="45.951920000" lon="5.721140000">
        <ele>730.000</ele>
      </trkpt>
      <trkpt lat="45.951390000" lon="5.720860000">
        <ele>727.000</ele>
      </trkpt>
      <trkpt lat="45.950910000" lon="5.720720000">
        <ele>724.000</ele>
      </trkpt>
      <trkpt lat="45.950490000" lon="5.720720000">
        <ele>722.000</ele>
      </trkpt>
      <trkpt lat="45.950370000" lon="5.720720000">
        <ele>720.000</ele>
      </trkpt>
      <trkpt lat="45.950280000" lon="5.720760000">
        <ele>718.000</ele>
      </trkpt>
      <trkpt lat="45.950230000" lon="5.720820000">
        <ele>717.000</ele>
      </trkpt>
      <trkpt lat="45.950180000" lon="5.720890000">
        <ele>717.000</ele>
      </trkpt>
      <trkpt lat="45.950050000" lon="5.721250000">
        <ele>716.000</ele>
      </trkpt>
      <trkpt lat="45.949920000" lon="5.721580000">
        <ele>715.000</ele>
      </trkpt>
      <trkpt lat="45.949820000" lon="5.721730000">
        <ele>714.000</ele>
      </trkpt>
      <trkpt lat="45.949260000" lon="5.722410000">
        <ele>712.000</ele>
      </trkpt>
      <trkpt lat="45.949180000" lon="5.722500000">
        <ele>711.000</ele>
      </trkpt>
      <trkpt lat="45.949060000" lon="5.722530000">
        <ele>709.000</ele>
      </trkpt>
      <trkpt lat="45.948070000" lon="5.722690000">
        <ele>707.000</ele>
      </trkpt>
      <trkpt lat="45.947980000" lon="5.722690000">
        <ele>705.000</ele>
      </trkpt>
      <trkpt lat="45.947700000" lon="5.722620000">
        <ele>703.000</ele>
      </trkpt>
      <trkpt lat="45.947610000" lon="5.722610000">
        <ele>701.000</ele>
      </trkpt>
      <trkpt lat="45.947570000" lon="5.722670000">
        <ele>700.000</ele>
      </trkpt>
      <trkpt lat="45.947540000" lon="5.722730000">
        <ele>699.000</ele>
      </trkpt>
      <trkpt lat="45.947530000" lon="5.722810000">
        <ele>699.000</ele>
      </trkpt>
      <trkpt lat="45.947510000" lon="5.722970000">
        <ele>698.000</ele>
      </trkpt>
      <trkpt lat="45.947400000" lon="5.723540000">
        <ele>698.000</ele>
      </trkpt>
      <trkpt lat="45.947310000" lon="5.723660000">
        <ele>698.000</ele>
      </trkpt>
      <trkpt lat="45.946850000" lon="5.724130000">
        <ele>699.000</ele>
      </trkpt>
      <trkpt lat="45.946480000" lon="5.724620000">
        <ele>699.000</ele>
      </trkpt>
      <trkpt lat="45.946260000" lon="5.725050000">
        <ele>700.000</ele>
      </trkpt>
      <trkpt lat="45.946200000" lon="5.725240000">
        <ele>700.000</ele>
      </trkpt>
      <trkpt lat="45.946040000" lon="5.725900000">
        <ele>701.000</ele>
      </trkpt>
      <trkpt lat="45.945960000" lon="5.726160000">
        <ele>701.000</ele>
      </trkpt>
      <trkpt lat="45.945790000" lon="5.726550000">
        <ele>702.000</ele>
      </trkpt>
      <trkpt lat="45.945660000" lon="5.726720000">
        <ele>703.000</ele>
      </trkpt>
      <trkpt lat="45.945500000" lon="5.726820000">
        <ele>703.000</ele>
      </trkpt>
      <trkpt lat="45.945350000" lon="5.726840000">
        <ele>704.000</ele>
      </trkpt>
      <trkpt lat="45.945050000" lon="5.726800000">
        <ele>704.000</ele>
      </trkpt>
      <trkpt lat="45.944800000" lon="5.726790000">
        <ele>704.000</ele>
      </trkpt>
      <trkpt lat="45.944530000" lon="5.726840000">
        <ele>704.000</ele>
      </trkpt>
      <trkpt lat="45.944230000" lon="5.726900000">
        <ele>703.000</ele>
      </trkpt>
      <trkpt lat="45.944140000" lon="5.726960000">
        <ele>702.000</ele>
      </trkpt>
      <trkpt lat="45.944060000" lon="5.727050000">
        <ele>701.000</ele>
      </trkpt>
      <trkpt lat="45.943950000" lon="5.727290000">
        <ele>700.000</ele>
      </trkpt>
      <trkpt lat="45.943890000" lon="5.727390000">
        <ele>699.000</ele>
      </trkpt>
      <trkpt lat="45.943710000" lon="5.727620000">
        <ele>698.000</ele>
      </trkpt>
      <trkpt lat="45.943580000" lon="5.727800000">
        <ele>697.000</ele>
      </trkpt>
      <trkpt lat="45.943520000" lon="5.727820000">
        <ele>696.000</ele>
      </trkpt>
      <trkpt lat="45.943440000" lon="5.727830000">
        <ele>695.000</ele>
      </trkpt>
      <trkpt lat="45.943380000" lon="5.727820000">
        <ele>695.000</ele>
      </trkpt>
      <trkpt lat="45.943260000" lon="5.727750000">
        <ele>694.000</ele>
      </trkpt>
      <trkpt lat="45.943200000" lon="5.727670000">
        <ele>693.000</ele>
      </trkpt>
      <trkpt lat="45.942850000" lon="5.726920000">
        <ele>692.000</ele>
      </trkpt>
      <trkpt lat="45.942780000" lon="5.726830000">
        <ele>690.000</ele>
      </trkpt>
      <trkpt lat="45.942700000" lon="5.726780000">
        <ele>689.000</ele>
      </trkpt>
      <trkpt lat="45.942620000" lon="5.726770000">
        <ele>688.000</ele>
      </trkpt>
      <trkpt lat="45.942530000" lon="5.726790000">
        <ele>687.000</ele>
      </trkpt>
      <trkpt lat="45.942320000" lon="5.727010000">
        <ele>686.000</ele>
      </trkpt>
      <trkpt lat="45.942150000" lon="5.727100000">
        <ele>685.000</ele>
      </trkpt>
      <trkpt lat="45.941980000" lon="5.727100000">
        <ele>684.000</ele>
      </trkpt>
      <trkpt lat="45.941690000" lon="5.727010000">
        <ele>683.000</ele>
      </trkpt>
      <trkpt lat="45.941560000" lon="5.727020000">
        <ele>681.000</ele>
      </trkpt>
      <trkpt lat="45.941470000" lon="5.727070000">
        <ele>681.000</ele>
      </trkpt>
      <trkpt lat="45.941380000" lon="5.727160000">
        <ele>680.000</ele>
      </trkpt>
      <trkpt lat="45.941210000" lon="5.727520000">
        <ele>679.000</ele>
      </trkpt>
      <trkpt lat="45.941080000" lon="5.727730000">
        <ele>678.000</ele>
      </trkpt>
      <trkpt lat="45.941000000" lon="5.727810000">
        <ele>677.000</ele>
      </trkpt>
      <trkpt lat="45.940860000" lon="5.727910000">
        <ele>676.000</ele>
      </trkpt>
      <trkpt lat="45.940750000" lon="5.727950000">
        <ele>675.000</ele>
      </trkpt>
      <trkpt lat="45.940620000" lon="5.727930000">
        <ele>674.000</ele>
      </trkpt>
      <trkpt lat="45.938900000" lon="5.727120000">
        <ele>671.000</ele>
      </trkpt>
      <trkpt lat="45.938640000" lon="5.727000000">
        <ele>668.000</ele>
      </trkpt>
      <trkpt lat="45.938440000" lon="5.726990000">
        <ele>666.000</ele>
      </trkpt>
      <trkpt lat="45.938310000" lon="5.727090000">
        <ele>664.000</ele>
      </trkpt>
      <trkpt lat="45.938220000" lon="5.727200000">
        <ele>663.000</ele>
      </trkpt>
      <trkpt lat="45.938080000" lon="5.727440000">
        <ele>662.000</ele>
      </trkpt>
      <trkpt lat="45.937980000" lon="5.727560000">
        <ele>661.000</ele>
      </trkpt>
      <trkpt lat="45.937900000" lon="5.727600000">
        <ele>660.000</ele>
      </trkpt>
      <trkpt lat="45.937820000" lon="5.727620000">
        <ele>659.000</ele>
      </trkpt>
      <trkpt lat="45.937360000" lon="5.727620000">
        <ele>658.000</ele>
      </trkpt>
      <trkpt lat="45.936910000" lon="5.727660000">
        <ele>656.000</ele>
      </trkpt>
      <trkpt lat="45.936570000" lon="5.727640000">
        <ele>654.000</ele>
      </trkpt>
      <trkpt lat="45.936220000" lon="5.727580000">
        <ele>651.000</ele>
      </trkpt>
      <trkpt lat="45.936110000" lon="5.727540000">
        <ele>649.000</ele>
      </trkpt>
      <trkpt lat="45.936010000" lon="5.727480000">
        <ele>647.000</ele>
      </trkpt>
      <trkpt lat="45.935890000" lon="5.727390000">
        <ele>646.000</ele>
      </trkpt>
      <trkpt lat="45.935590000" lon="5.727050000">
        <ele>643.000</ele>
      </trkpt>
      <trkpt lat="45.935440000" lon="5.726920000">
        <ele>641.000</ele>
      </trkpt>
      <trkpt lat="45.935130000" lon="5.726740000">
        <ele>638.000</ele>
      </trkpt>
      <trkpt lat="45.934320000" lon="5.726400000">
        <ele>634.000</ele>
      </trkpt>
      <trkpt lat="45.934150000" lon="5.726350000">
        <ele>632.000</ele>
      </trkpt>
      <trkpt lat="45.934010000" lon="5.726350000">
        <ele>630.000</ele>
      </trkpt>
      <trkpt lat="45.933870000" lon="5.726370000">
        <ele>628.000</ele>
      </trkpt>
      <trkpt lat="45.932610000" lon="5.726770000">
        <ele>624.000</ele>
      </trkpt>
      <trkpt lat="45.932300000" lon="5.726860000">
        <ele>621.000</ele>
      </trkpt>
      <trkpt lat="45.932260000" lon="5.726870000">
        <ele>620.000</ele>
      </trkpt>
      <trkpt lat="45.931430000" lon="5.727300000">
        <ele>618.000</ele>
      </trkpt>
      <trkpt lat="45.931400000" lon="5.727330000">
        <ele>617.000</ele>
      </trkpt>
      <trkpt lat="45.931340000" lon="5.727380000">
        <ele>616.000</ele>
      </trkpt>
      <trkpt lat="45.931030000" lon="5.727660000">
        <ele>616.000</ele>
      </trkpt>
      <trkpt lat="45.930940000" lon="5.727740000">
        <ele>615.000</ele>
      </trkpt>
      <trkpt lat="45.930860000" lon="5.727780000">
        <ele>615.000</ele>
      </trkpt>
      <trkpt lat="45.930680000" lon="5.727810000">
        <ele>615.000</ele>
      </trkpt>
      <trkpt lat="45.930520000" lon="5.727820000">
        <ele>615.000</ele>
      </trkpt>
      <trkpt lat="45.930420000" lon="5.727830000">
        <ele>615.000</ele>
      </trkpt>
      <trkpt lat="45.930290000" lon="5.727860000">
        <ele>615.000</ele>
      </trkpt>
      <trkpt lat="45.930180000" lon="5.727910000">
        <ele>615.000</ele>
      </trkpt>
      <trkpt lat="45.930010000" lon="5.728030000">
        <ele>615.000</ele>
      </trkpt>
      <trkpt lat="45.929910000" lon="5.728120000">
        <ele>615.000</ele>
      </trkpt>
      <trkpt lat="45.929840000" lon="5.728220000">
        <ele>615.000</ele>
      </trkpt>
      <trkpt lat="45.929700000" lon="5.728400000">
        <ele>615.000</ele>
      </trkpt>
      <trkpt lat="45.929580000" lon="5.728510000">
        <ele>615.000</ele>
      </trkpt>
      <trkpt lat="45.929470000" lon="5.728620000">
        <ele>615.000</ele>
      </trkpt>
      <trkpt lat="45.929320000" lon="5.728730000">
        <ele>615.000</ele>
      </trkpt>
      <trkpt lat="45.929120000" lon="5.728860000">
        <ele>614.000</ele>
      </trkpt>
      <trkpt lat="45.928800000" lon="5.729060000">
        <ele>614.000</ele>
      </trkpt>
      <trkpt lat="45.928680000" lon="5.729120000">
        <ele>614.000</ele>
      </trkpt>
      <trkpt lat="45.928610000" lon="5.729130000">
        <ele>613.000</ele>
      </trkpt>
      <trkpt lat="45.928530000" lon="5.729130000">
        <ele>613.000</ele>
      </trkpt>
      <trkpt lat="45.928240000" lon="5.729100000">
        <ele>613.000</ele>
      </trkpt>
      <trkpt lat="45.928070000" lon="5.729070000">
        <ele>613.000</ele>
      </trkpt>
      <trkpt lat="45.927970000" lon="5.729070000">
        <ele>612.000</ele>
      </trkpt>
      <trkpt lat="45.927710000" lon="5.729160000">
        <ele>612.000</ele>
      </trkpt>
      <trkpt lat="45.927650000" lon="5.729160000">
        <ele>612.000</ele>
      </trkpt>
      <trkpt lat="45.927600000" lon="5.729150000">
        <ele>611.000</ele>
      </trkpt>
      <trkpt lat="45.927370000" lon="5.729050000">
        <ele>611.000</ele>
      </trkpt>
      <trkpt lat="45.927190000" lon="5.729010000">
        <ele>611.000</ele>
      </trkpt>
      <trkpt lat="45.926810000" lon="5.728970000">
        <ele>610.000</ele>
      </trkpt>
      <trkpt lat="45.926130000" lon="5.728930000">
        <ele>610.000</ele>
      </trkpt>
      <trkpt lat="45.925620000" lon="5.728940000">
        <ele>609.000</ele>
      </trkpt>
      <trkpt lat="45.924900000" lon="5.728970000">
        <ele>608.000</ele>
      </trkpt>
      <trkpt lat="45.924900000" lon="5.728970000">
        <ele>608.000</ele>
      </trkpt>
      <trkpt lat="45.924810000" lon="5.728980000">
        <ele>607.000</ele>
      </trkpt>
      <trkpt lat="45.924580000" lon="5.729000000">
        <ele>607.000</ele>
      </trkpt>
      <trkpt lat="45.924490000" lon="5.729030000">
        <ele>607.000</ele>
      </trkpt>
      <trkpt lat="45.924390000" lon="5.729070000">
        <ele>608.000</ele>
      </trkpt>
      <trkpt lat="45.923910000" lon="5.729360000">
        <ele>608.000</ele>
      </trkpt>
      <trkpt lat="45.923810000" lon="5.729420000">
        <ele>609.000</ele>
      </trkpt>
      <trkpt lat="45.923720000" lon="5.729450000">
        <ele>609.000</ele>
      </trkpt>
      <trkpt lat="45.923630000" lon="5.729470000">
        <ele>609.000</ele>
      </trkpt>
      <trkpt lat="45.923540000" lon="5.729470000">
        <ele>610.000</ele>
      </trkpt>
      <trkpt lat="45.923460000" lon="5.729440000">
        <ele>610.000</ele>
      </trkpt>
      <trkpt lat="45.923370000" lon="5.729390000">
        <ele>610.000</ele>
      </trkpt>
      <trkpt lat="45.923180000" lon="5.729220000">
        <ele>611.000</ele>
      </trkpt>
      <trkpt lat="45.923100000" lon="5.729170000">
        <ele>611.000</ele>
      </trkpt>
      <trkpt lat="45.922990000" lon="5.729150000">
        <ele>612.000</ele>
      </trkpt>
      <trkpt lat="45.922780000" lon="5.729130000">
        <ele>612.000</ele>
      </trkpt>
      <trkpt lat="45.922510000" lon="5.729040000">
        <ele>613.000</ele>
      </trkpt>
      <trkpt lat="45.922210000" lon="5.728860000">
        <ele>614.000</ele>
      </trkpt>
      <trkpt lat="45.922140000" lon="5.728840000">
        <ele>615.000</ele>
      </trkpt>
      <trkpt lat="45.922090000" lon="5.728850000">
        <ele>616.000</ele>
      </trkpt>
      <trkpt lat="45.921990000" lon="5.728890000">
        <ele>616.000</ele>
      </trkpt>
      <trkpt lat="45.921900000" lon="5.728980000">
        <ele>617.000</ele>
      </trkpt>
      <trkpt lat="45.921620000" lon="5.729320000">
        <ele>618.000</ele>
      </trkpt>
      <trkpt lat="45.921330000" lon="5.729720000">
        <ele>619.000</ele>
      </trkpt>
      <trkpt lat="45.921140000" lon="5.730010000">
        <ele>620.000</ele>
      </trkpt>
      <trkpt lat="45.920840000" lon="5.730550000">
        <ele>620.000</ele>
      </trkpt>
      <trkpt lat="45.920730000" lon="5.730740000">
        <ele>620.000</ele>
      </trkpt>
      <trkpt lat="45.920660000" lon="5.730840000">
        <ele>620.000</ele>
      </trkpt>
      <trkpt lat="45.920570000" lon="5.730960000">
        <ele>620.000</ele>
      </trkpt>
      <trkpt lat="45.920450000" lon="5.731100000">
        <ele>620.000</ele>
      </trkpt>
      <trkpt lat="45.920260000" lon="5.731300000">
        <ele>619.000</ele>
      </trkpt>
      <trkpt lat="45.920180000" lon="5.731400000">
        <ele>619.000</ele>
      </trkpt>
      <trkpt lat="45.920060000" lon="5.731540000">
        <ele>619.000</ele>
      </trkpt>
      <trkpt lat="45.919970000" lon="5.731660000">
        <ele>619.000</ele>
      </trkpt>
      <trkpt lat="45.919920000" lon="5.731760000">
        <ele>619.000</ele>
      </trkpt>
      <trkpt lat="45.919860000" lon="5.731900000">
        <ele>620.000</ele>
      </trkpt>
      <trkpt lat="45.919810000" lon="5.732090000">
        <ele>620.000</ele>
      </trkpt>
      <trkpt lat="45.919740000" lon="5.732380000">
        <ele>621.000</ele>
      </trkpt>
      <trkpt lat="45.919690000" lon="5.732580000">
        <ele>622.000</ele>
      </trkpt>
      <trkpt lat="45.919650000" lon="5.732660000">
        <ele>623.000</ele>
      </trkpt>
      <trkpt lat="45.919620000" lon="5.732710000">
        <ele>623.000</ele>
      </trkpt>
      <trkpt lat="45.919570000" lon="5.732730000">
        <ele>624.000</ele>
      </trkpt>
      <trkpt lat="45.919530000" lon="5.732750000">
        <ele>624.000</ele>
      </trkpt>
      <trkpt lat="45.919470000" lon="5.732750000">
        <ele>624.000</ele>
      </trkpt>
      <trkpt lat="45.919420000" lon="5.732720000">
        <ele>625.000</ele>
      </trkpt>
      <trkpt lat="45.919400000" lon="5.732690000">
        <ele>625.000</ele>
      </trkpt>
      <trkpt lat="45.919350000" lon="5.732600000">
        <ele>626.000</ele>
      </trkpt>
      <trkpt lat="45.919320000" lon="5.732550000">
        <ele>626.000</ele>
      </trkpt>
      <trkpt lat="45.919020000" lon="5.732010000">
        <ele>627.000</ele>
      </trkpt>
      <trkpt lat="45.918930000" lon="5.731810000">
        <ele>628.000</ele>
      </trkpt>
      <trkpt lat="45.918890000" lon="5.731650000">
        <ele>629.000</ele>
      </trkpt>
      <trkpt lat="45.918860000" lon="5.731420000">
        <ele>630.000</ele>
      </trkpt>
      <trkpt lat="45.918850000" lon="5.730930000">
        <ele>631.000</ele>
      </trkpt>
      <trkpt lat="45.918840000" lon="5.730750000">
        <ele>631.000</ele>
      </trkpt>
      <trkpt lat="45.918810000" lon="5.730590000">
        <ele>632.000</ele>
      </trkpt>
      <trkpt lat="45.918680000" lon="5.730100000">
        <ele>632.000</ele>
      </trkpt>
      <trkpt lat="45.918630000" lon="5.729860000">
        <ele>633.000</ele>
      </trkpt>
      <trkpt lat="45.918630000" lon="5.729720000">
        <ele>633.000</ele>
      </trkpt>
      <trkpt lat="45.918650000" lon="5.729510000">
        <ele>634.000</ele>
      </trkpt>
      <trkpt lat="45.918710000" lon="5.729090000">
        <ele>634.000</ele>
      </trkpt>
      <trkpt lat="45.918720000" lon="5.728910000">
        <ele>635.000</ele>
      </trkpt>
      <trkpt lat="45.918700000" lon="5.728500000">
        <ele>635.000</ele>
      </trkpt>
      <trkpt lat="45.918690000" lon="5.728120000">
        <ele>636.000</ele>
      </trkpt>
      <trkpt lat="45.918660000" lon="5.727850000">
        <ele>636.000</ele>
      </trkpt>
      <trkpt lat="45.918630000" lon="5.727760000">
        <ele>637.000</ele>
      </trkpt>
      <trkpt lat="45.918590000" lon="5.727680000">
        <ele>637.000</ele>
      </trkpt>
      <trkpt lat="45.918530000" lon="5.727630000">
        <ele>637.000</ele>
      </trkpt>
      <trkpt lat="45.918470000" lon="5.727620000">
        <ele>637.000</ele>
      </trkpt>
      <trkpt lat="45.917700000" lon="5.727480000">
        <ele>638.000</ele>
      </trkpt>
      <trkpt lat="45.917560000" lon="5.727440000">
        <ele>639.000</ele>
      </trkpt>
      <trkpt lat="45.917430000" lon="5.727390000">
        <ele>639.000</ele>
      </trkpt>
      <trkpt lat="45.917340000" lon="5.727330000">
        <ele>640.000</ele>
      </trkpt>
      <trkpt lat="45.917090000" lon="5.727170000">
        <ele>640.000</ele>
      </trkpt>
      <trkpt lat="45.916530000" lon="5.726780000">
        <ele>641.000</ele>
      </trkpt>
      <trkpt lat="45.915690000" lon="5.726140000">
        <ele>642.000</ele>
      </trkpt>
      <trkpt lat="45.915560000" lon="5.726060000">
        <ele>643.000</ele>
      </trkpt>
      <trkpt lat="45.915370000" lon="5.725980000">
        <ele>643.000</ele>
      </trkpt>
      <trkpt lat="45.915300000" lon="5.725950000">
        <ele>644.000</ele>
      </trkpt>
      <trkpt lat="45.914970000" lon="5.725820000">
        <ele>644.000</ele>
      </trkpt>
      <trkpt lat="45.914660000" lon="5.725670000">
        <ele>644.000</ele>
      </trkpt>
      <trkpt lat="45.914340000" lon="5.725480000">
        <ele>644.000</ele>
      </trkpt>
      <trkpt lat="45.913920000" lon="5.725280000">
        <ele>644.000</ele>
      </trkpt>
      <trkpt lat="45.913540000" lon="5.725110000">
        <ele>644.000</ele>
      </trkpt>
      <trkpt lat="45.912970000" lon="5.724890000">
        <ele>644.000</ele>
      </trkpt>
      <trkpt lat="45.912120000" lon="5.724730000">
        <ele>644.000</ele>
      </trkpt>
      <trkpt lat="45.911930000" lon="5.724720000">
        <ele>644.000</ele>
      </trkpt>
      <trkpt lat="45.911820000" lon="5.724720000">
        <ele>644.000</ele>
      </trkpt>
      <trkpt lat="45.911690000" lon="5.724730000">
        <ele>644.000</ele>
      </trkpt>
      <trkpt lat="45.911510000" lon="5.724750000">
        <ele>644.000</ele>
      </trkpt>
      <trkpt lat="45.911350000" lon="5.724800000">
        <ele>643.000</ele>
      </trkpt>
      <trkpt lat="45.910860000" lon="5.724970000">
        <ele>643.000</ele>
      </trkpt>
      <trkpt lat="45.910280000" lon="5.725170000">
        <ele>642.000</ele>
      </trkpt>
      <trkpt lat="45.910200000" lon="5.725190000">
        <ele>642.000</ele>
      </trkpt>
      <trkpt lat="45.910200000" lon="5.725240000">
        <ele>642.000</ele>
      </trkpt>
      <trkpt lat="45.910220000" lon="5.725290000">
        <ele>642.000</ele>
      </trkpt>
      <trkpt lat="45.910270000" lon="5.725360000">
        <ele>642.000</ele>
      </trkpt>
      <trkpt lat="45.910350000" lon="5.725420000">
        <ele>643.000</ele>
      </trkpt>
      <trkpt lat="45.910790000" lon="5.725780000">
        <ele>644.000</ele>
      </trkpt>
      <trkpt lat="45.910990000" lon="5.725920000">
        <ele>646.000</ele>
      </trkpt>
      <trkpt lat="45.912350000" lon="5.726930000">
        <ele>652.000</ele>
      </trkpt>
      <trkpt lat="45.912530000" lon="5.727090000">
        <ele>657.000</ele>
      </trkpt>
      <trkpt lat="45.912800000" lon="5.727350000">
        <ele>661.000</ele>
      </trkpt>
      <trkpt lat="45.913200000" lon="5.727820000">
        <ele>666.000</ele>
      </trkpt>
      <trkpt lat="45.913300000" lon="5.727950000">
        <ele>669.000</ele>
      </trkpt>
      <trkpt lat="45.913360000" lon="5.728050000">
        <ele>672.000</ele>
      </trkpt>
      <trkpt lat="45.913410000" lon="5.728150000">
        <ele>674.000</ele>
      </trkpt>
      <trkpt lat="45.913440000" lon="5.728250000">
        <ele>675.000</ele>
      </trkpt>
      <trkpt lat="45.913460000" lon="5.728370000">
        <ele>677.000</ele>
      </trkpt>
      <trkpt lat="45.913470000" lon="5.728490000">
        <ele>678.000</ele>
      </trkpt>
      <trkpt lat="45.913460000" lon="5.728610000">
        <ele>679.000</ele>
      </trkpt>
      <trkpt lat="45.913440000" lon="5.728730000">
        <ele>680.000</ele>
      </trkpt>
      <trkpt lat="45.913420000" lon="5.728820000">
        <ele>681.000</ele>
      </trkpt>
      <trkpt lat="45.913370000" lon="5.728920000">
        <ele>682.000</ele>
      </trkpt>
      <trkpt lat="45.913310000" lon="5.729010000">
        <ele>683.000</ele>
      </trkpt>
      <trkpt lat="45.913250000" lon="5.729080000">
        <ele>684.000</ele>
      </trkpt>
      <trkpt lat="45.913180000" lon="5.729150000">
        <ele>685.000</ele>
      </trkpt>
      <trkpt lat="45.913080000" lon="5.729200000">
        <ele>686.000</ele>
      </trkpt>
      <trkpt lat="45.912810000" lon="5.729270000">
        <ele>688.000</ele>
      </trkpt>
      <trkpt lat="45.912130000" lon="5.729480000">
        <ele>693.000</ele>
      </trkpt>
      <trkpt lat="45.911830000" lon="5.729560000">
        <ele>697.000</ele>
      </trkpt>
      <trkpt lat="45.911710000" lon="5.729580000">
        <ele>701.000</ele>
      </trkpt>
      <trkpt lat="45.911470000" lon="5.729530000">
        <ele>704.000</ele>
      </trkpt>
      <trkpt lat="45.911240000" lon="5.729420000">
        <ele>707.000</ele>
      </trkpt>
      <trkpt lat="45.911160000" lon="5.729400000">
        <ele>709.000</ele>
      </trkpt>
      <trkpt lat="45.911090000" lon="5.729410000">
        <ele>711.000</ele>
      </trkpt>
      <trkpt lat="45.911040000" lon="5.729420000">
        <ele>712.000</ele>
      </trkpt>
      <trkpt lat="45.911000000" lon="5.729460000">
        <ele>713.000</ele>
      </trkpt>
      <trkpt lat="45.910960000" lon="5.729520000">
        <ele>714.000</ele>
      </trkpt>
      <trkpt lat="45.910940000" lon="5.729590000">
        <ele>715.000</ele>
      </trkpt>
      <trkpt lat="45.910930000" lon="5.729670000">
        <ele>716.000</ele>
      </trkpt>
      <trkpt lat="45.910940000" lon="5.729750000">
        <ele>717.000</ele>
      </trkpt>
      <trkpt lat="45.910950000" lon="5.729820000">
        <ele>717.000</ele>
      </trkpt>
      <trkpt lat="45.910990000" lon="5.729910000">
        <ele>718.000</ele>
      </trkpt>
      <trkpt lat="45.911130000" lon="5.730080000">
        <ele>719.000</ele>
      </trkpt>
      <trkpt lat="45.911600000" lon="5.730480000">
        <ele>722.000</ele>
      </trkpt>
      <trkpt lat="45.911980000" lon="5.730770000">
        <ele>726.000</ele>
      </trkpt>
      <trkpt lat="45.912090000" lon="5.730890000">
        <ele>730.000</ele>
      </trkpt>
      <trkpt lat="45.912220000" lon="5.731090000">
        <ele>733.000</ele>
      </trkpt>
      <trkpt lat="45.912350000" lon="5.731320000">
        <ele>736.000</ele>
      </trkpt>
      <trkpt lat="45.912770000" lon="5.732110000">
        <ele>742.000</ele>
      </trkpt>
      <trkpt lat="45.912940000" lon="5.732500000">
        <ele>747.000</ele>
      </trkpt>
      <trkpt lat="45.913050000" lon="5.732860000">
        <ele>752.000</ele>
      </trkpt>
      <trkpt lat="45.913110000" lon="5.733220000">
        <ele>755.000</ele>
      </trkpt>
      <trkpt lat="45.913150000" lon="5.733380000">
        <ele>758.000</ele>
      </trkpt>
      <trkpt lat="45.913240000" lon="5.733590000">
        <ele>760.000</ele>
      </trkpt>
      <trkpt lat="45.913350000" lon="5.733790000">
        <ele>763.000</ele>
      </trkpt>
      <trkpt lat="45.913380000" lon="5.733890000">
        <ele>764.000</ele>
      </trkpt>
      <trkpt lat="45.913390000" lon="5.733980000">
        <ele>765.000</ele>
      </trkpt>
      <trkpt lat="45.913390000" lon="5.734050000">
        <ele>766.000</ele>
      </trkpt>
      <trkpt lat="45.913360000" lon="5.734110000">
        <ele>767.000</ele>
      </trkpt>
      <trkpt lat="45.913340000" lon="5.734170000">
        <ele>768.000</ele>
      </trkpt>
      <trkpt lat="45.913290000" lon="5.734210000">
        <ele>768.000</ele>
      </trkpt>
      <trkpt lat="45.913240000" lon="5.734230000">
        <ele>769.000</ele>
      </trkpt>
      <trkpt lat="45.913180000" lon="5.734230000">
        <ele>769.000</ele>
      </trkpt>
      <trkpt lat="45.913090000" lon="5.734210000">
        <ele>770.000</ele>
      </trkpt>
      <trkpt lat="45.912910000" lon="5.734130000">
        <ele>771.000</ele>
      </trkpt>
      <trkpt lat="45.912780000" lon="5.734090000">
        <ele>772.000</ele>
      </trkpt>
      <trkpt lat="45.912620000" lon="5.734080000">
        <ele>773.000</ele>
      </trkpt>
      <trkpt lat="45.912430000" lon="5.734040000">
        <ele>774.000</ele>
      </trkpt>
      <trkpt lat="45.912330000" lon="5.734000000">
        <ele>774.000</ele>
      </trkpt>
      <trkpt lat="45.912260000" lon="5.733960000">
        <ele>775.000</ele>
      </trkpt>
      <trkpt lat="45.912110000" lon="5.733840000">
        <ele>776.000</ele>
      </trkpt>
      <trkpt lat="45.912000000" lon="5.733670000">
        <ele>777.000</ele>
      </trkpt>
      <trkpt lat="45.911920000" lon="5.733580000">
        <ele>778.000</ele>
      </trkpt>
      <trkpt lat="45.911850000" lon="5.733540000">
        <ele>778.000</ele>
      </trkpt>
      <trkpt lat="45.911780000" lon="5.733540000">
        <ele>779.000</ele>
      </trkpt>
      <trkpt lat="45.911720000" lon="5.733550000">
        <ele>780.000</ele>
      </trkpt>
      <trkpt lat="45.911670000" lon="5.733580000">
        <ele>780.000</ele>
      </trkpt>
      <trkpt lat="45.911630000" lon="5.733630000">
        <ele>780.000</ele>
      </trkpt>
      <trkpt lat="45.911620000" lon="5.733730000">
        <ele>781.000</ele>
      </trkpt>
      <trkpt lat="45.911620000" lon="5.733800000">
        <ele>781.000</ele>
      </trkpt>
      <trkpt lat="45.911650000" lon="5.733920000">
        <ele>782.000</ele>
      </trkpt>
      <trkpt lat="45.911690000" lon="5.734020000">
        <ele>782.000</ele>
      </trkpt>
      <trkpt lat="45.911910000" lon="5.734520000">
        <ele>783.000</ele>
      </trkpt>
      <trkpt lat="45.912070000" lon="5.734890000">
        <ele>786.000</ele>
      </trkpt>
      <trkpt lat="45.912280000" lon="5.735310000">
        <ele>789.000</ele>
      </trkpt>
      <trkpt lat="45.912410000" lon="5.735800000">
        <ele>794.000</ele>
      </trkpt>
      <trkpt lat="45.912550000" lon="5.736420000">
        <ele>799.000</ele>
      </trkpt>
      <trkpt lat="45.912600000" lon="5.736860000">
        <ele>805.000</ele>
      </trkpt>
      <trkpt lat="45.912660000" lon="5.737280000">
        <ele>810.000</ele>
      </trkpt>
      <trkpt lat="45.912670000" lon="5.737500000">
        <ele>814.000</ele>
      </trkpt>
      <trkpt lat="45.912680000" lon="5.737750000">
        <ele>819.000</ele>
      </trkpt>
      <trkpt lat="45.912670000" lon="5.738110000">
        <ele>823.000</ele>
      </trkpt>
      <trkpt lat="45.912690000" lon="5.738320000">
        <ele>827.000</ele>
      </trkpt>
      <trkpt lat="45.912720000" lon="5.738570000">
        <ele>830.000</ele>
      </trkpt>
      <trkpt lat="45.912720000" lon="5.738700000">
        <ele>833.000</ele>
      </trkpt>
      <trkpt lat="45.912700000" lon="5.738800000">
        <ele>836.000</ele>
      </trkpt>
      <trkpt lat="45.912650000" lon="5.738860000">
        <ele>838.000</ele>
      </trkpt>
      <trkpt lat="45.912580000" lon="5.738890000">
        <ele>840.000</ele>
      </trkpt>
      <trkpt lat="45.912540000" lon="5.738880000">
        <ele>841.000</ele>
      </trkpt>
      <trkpt lat="45.912480000" lon="5.738850000">
        <ele>843.000</ele>
      </trkpt>
      <trkpt lat="45.912440000" lon="5.738760000">
        <ele>844.000</ele>
      </trkpt>
      <trkpt lat="45.912390000" lon="5.738580000">
        <ele>846.000</ele>
      </trkpt>
      <trkpt lat="45.912320000" lon="5.738360000">
        <ele>848.000</ele>
      </trkpt>
      <trkpt lat="45.912190000" lon="5.738050000">
        <ele>851.000</ele>
      </trkpt>
      <trkpt lat="45.912040000" lon="5.737740000">
        <ele>854.000</ele>
      </trkpt>
      <trkpt lat="45.911900000" lon="5.737520000">
        <ele>857.000</ele>
      </trkpt>
      <trkpt lat="45.911740000" lon="5.737330000">
        <ele>860.000</ele>
      </trkpt>
      <trkpt lat="45.911570000" lon="5.737160000">
        <ele>862.000</ele>
      </trkpt>
      <trkpt lat="45.911320000" lon="5.737020000">
        <ele>865.000</ele>
      </trkpt>
      <trkpt lat="45.911100000" lon="5.736750000">
        <ele>867.000</ele>
      </trkpt>
      <trkpt lat="45.910880000" lon="5.736510000">
        <ele>870.000</ele>
      </trkpt>
      <trkpt lat="45.910720000" lon="5.736420000">
        <ele>873.000</ele>
      </trkpt>
      <trkpt lat="45.910590000" lon="5.736380000">
        <ele>875.000</ele>
      </trkpt>
      <trkpt lat="45.910290000" lon="5.736330000">
        <ele>878.000</ele>
      </trkpt>
      <trkpt lat="45.910180000" lon="5.736300000">
        <ele>880.000</ele>
      </trkpt>
      <trkpt lat="45.910020000" lon="5.736230000">
        <ele>883.000</ele>
      </trkpt>
      <trkpt lat="45.909780000" lon="5.736090000">
        <ele>886.000</ele>
      </trkpt>
      <trkpt lat="45.909680000" lon="5.736070000">
        <ele>888.000</ele>
      </trkpt>
      <trkpt lat="45.909560000" lon="5.736100000">
        <ele>890.000</ele>
      </trkpt>
      <trkpt lat="45.909200000" lon="5.736230000">
        <ele>894.000</ele>
      </trkpt>
      <trkpt lat="45.908920000" lon="5.736300000">
        <ele>897.000</ele>
      </trkpt>
      <trkpt lat="45.908810000" lon="5.736320000">
        <ele>900.000</ele>
      </trkpt>
      <trkpt lat="45.908600000" lon="5.736280000">
        <ele>904.000</ele>
      </trkpt>
      <trkpt lat="45.908310000" lon="5.736210000">
        <ele>907.000</ele>
      </trkpt>
      <trkpt lat="45.907890000" lon="5.736250000">
        <ele>912.000</ele>
      </trkpt>
      <trkpt lat="45.907750000" lon="5.736290000">
        <ele>917.000</ele>
      </trkpt>
      <trkpt lat="45.907750000" lon="5.736290000">
        <ele>919.000</ele>
      </trkpt>
      <trkpt lat="45.907720000" lon="5.736300000">
        <ele>921.000</ele>
      </trkpt>
      <trkpt lat="45.907560000" lon="5.736370000">
        <ele>924.000</ele>
      </trkpt>
      <trkpt lat="45.907400000" lon="5.736510000">
        <ele>926.000</ele>
      </trkpt>
      <trkpt lat="45.907230000" lon="5.736650000">
        <ele>929.000</ele>
      </trkpt>
      <trkpt lat="45.907150000" lon="5.736740000">
        <ele>932.000</ele>
      </trkpt>
      <trkpt lat="45.907010000" lon="5.736840000">
        <ele>934.000</ele>
      </trkpt>
      <trkpt lat="45.906700000" lon="5.737010000">
        <ele>937.000</ele>
      </trkpt>
      <trkpt lat="45.905650000" lon="5.737460000">
        <ele>944.000</ele>
      </trkpt>
      <trkpt lat="45.905460000" lon="5.737540000">
        <ele>950.000</ele>
      </trkpt>
      <trkpt lat="45.905360000" lon="5.737570000">
        <ele>954.000</ele>
      </trkpt>
      <trkpt lat="45.905270000" lon="5.737580000">
        <ele>957.000</ele>
      </trkpt>
      <trkpt lat="45.905240000" lon="5.737580000">
        <ele>959.000</ele>
      </trkpt>
      <trkpt lat="45.905210000" lon="5.737570000">
        <ele>961.000</ele>
      </trkpt>
      <trkpt lat="45.905100000" lon="5.737510000">
        <ele>963.000</ele>
      </trkpt>
      <trkpt lat="45.905020000" lon="5.737500000">
        <ele>964.000</ele>
      </trkpt>
      <trkpt lat="45.904950000" lon="5.737520000">
        <ele>965.000</ele>
      </trkpt>
      <trkpt lat="45.904890000" lon="5.737590000">
        <ele>966.000</ele>
      </trkpt>
      <trkpt lat="45.904860000" lon="5.737660000">
        <ele>967.000</ele>
      </trkpt>
      <trkpt lat="45.904850000" lon="5.737740000">
        <ele>968.000</ele>
      </trkpt>
      <trkpt lat="45.904870000" lon="5.737830000">
        <ele>969.000</ele>
      </trkpt>
      <trkpt lat="45.904910000" lon="5.737890000">
        <ele>970.000</ele>
      </trkpt>
      <trkpt lat="45.905020000" lon="5.737960000">
        <ele>971.000</ele>
      </trkpt>
      <trkpt lat="45.905250000" lon="5.738040000">
        <ele>973.000</ele>
      </trkpt>
      <trkpt lat="45.905330000" lon="5.738070000">
        <ele>974.000</ele>
      </trkpt>
      <trkpt lat="45.905570000" lon="5.738100000">
        <ele>976.000</ele>
      </trkpt>
      <trkpt lat="45.905720000" lon="5.738140000">
        <ele>978.000</ele>
      </trkpt>
      <trkpt lat="45.905910000" lon="5.738220000">
        <ele>980.000</ele>
      </trkpt>
      <trkpt lat="45.906470000" lon="5.738590000">
        <ele>984.000</ele>
      </trkpt>
      <trkpt lat="45.906900000" lon="5.738790000">
        <ele>989.000</ele>
      </trkpt>
      <trkpt lat="45.907090000" lon="5.738920000">
        <ele>993.000</ele>
      </trkpt>
      <trkpt lat="45.907600000" lon="5.739430000">
        <ele>999.000</ele>
      </trkpt>
      <trkpt lat="45.907830000" lon="5.739630000">
        <ele>1004.000</ele>
      </trkpt>
      <trkpt lat="45.908610000" lon="5.740260000">
        <ele>1012.000</ele>
      </trkpt>
      <trkpt lat="45.908810000" lon="5.740410000">
        <ele>1018.000</ele>
      </trkpt>
      <trkpt lat="45.909170000" lon="5.740610000">
        <ele>1024.000</ele>
      </trkpt>
      <trkpt lat="45.909290000" lon="5.740650000">
        <ele>1029.000</ele>
      </trkpt>
      <trkpt lat="45.909400000" lon="5.740650000">
        <ele>1033.000</ele>
      </trkpt>
      <trkpt lat="45.909500000" lon="5.740660000">
        <ele>1035.000</ele>
      </trkpt>
      <trkpt lat="45.909620000" lon="5.740700000">
        <ele>1038.000</ele>
      </trkpt>
      <trkpt lat="45.910020000" lon="5.740940000">
        <ele>1042.000</ele>
      </trkpt>
      <trkpt lat="45.910190000" lon="5.741110000">
        <ele>1045.000</ele>
      </trkpt>
      <trkpt lat="45.910310000" lon="5.741250000">
        <ele>1048.000</ele>
      </trkpt>
      <trkpt lat="45.910400000" lon="5.741510000">
        <ele>1052.000</ele>
      </trkpt>
      <trkpt lat="45.910600000" lon="5.741850000">
        <ele>1056.000</ele>
      </trkpt>
      <trkpt lat="45.910690000" lon="5.742080000">
        <ele>1060.000</ele>
      </trkpt>
      <trkpt lat="45.910730000" lon="5.742350000">
        <ele>1064.000</ele>
      </trkpt>
      <trkpt lat="45.910800000" lon="5.742610000">
        <ele>1068.000</ele>
      </trkpt>
      <trkpt lat="45.910850000" lon="5.743000000">
        <ele>1073.000</ele>
      </trkpt>
      <trkpt lat="45.910900000" lon="5.743330000">
        <ele>1078.000</ele>
      </trkpt>
      <trkpt lat="45.910910000" lon="5.743480000">
        <ele>1081.000</ele>
      </trkpt>
      <trkpt lat="45.910890000" lon="5.743660000">
        <ele>1085.000</ele>
      </trkpt>
      <trkpt lat="45.910830000" lon="5.743950000">
        <ele>1088.000</ele>
      </trkpt>
      <trkpt lat="45.910730000" lon="5.744320000">
        <ele>1092.000</ele>
      </trkpt>
      <trkpt lat="45.910470000" lon="5.744950000">
        <ele>1096.000</ele>
      </trkpt>
      <trkpt lat="45.910370000" lon="5.745130000">
        <ele>1100.000</ele>
      </trkpt>
      <trkpt lat="45.910280000" lon="5.745220000">
        <ele>1103.000</ele>
      </trkpt>
      <trkpt lat="45.910110000" lon="5.745350000">
        <ele>1106.000</ele>
      </trkpt>
      <trkpt lat="45.909890000" lon="5.745390000">
        <ele>1109.000</ele>
      </trkpt>
      <trkpt lat="45.909530000" lon="5.745400000">
        <ele>1113.000</ele>
      </trkpt>
      <trkpt lat="45.908880000" lon="5.745350000">
        <ele>1119.000</ele>
      </trkpt>
      <trkpt lat="45.908490000" lon="5.745280000">
        <ele>1126.000</ele>
      </trkpt>
      <trkpt lat="45.907400000" lon="5.745000000">
        <ele>1136.000</ele>
      </trkpt>
      <trkpt lat="45.906590000" lon="5.744890000">
        <ele>1146.000</ele>
      </trkpt>
      <trkpt lat="45.906360000" lon="5.744920000">
        <ele>1154.000</ele>
      </trkpt>
      <trkpt lat="45.906190000" lon="5.744970000">
        <ele>1160.000</ele>
      </trkpt>
      <trkpt lat="45.906010000" lon="5.745050000">
        <ele>1164.000</ele>
      </trkpt>
      <trkpt lat="45.905750000" lon="5.745200000">
        <ele>1168.000</ele>
      </trkpt>
      <trkpt lat="45.905670000" lon="5.745290000">
        <ele>1171.000</ele>
      </trkpt>
      <trkpt lat="45.905630000" lon="5.745270000">
        <ele>1173.000</ele>
      </trkpt>
      <trkpt lat="45.905570000" lon="5.745280000">
        <ele>1175.000</ele>
      </trkpt>
      <trkpt lat="45.905520000" lon="5.745320000">
        <ele>1176.000</ele>
      </trkpt>
      <trkpt lat="45.905450000" lon="5.745400000">
        <ele>1177.000</ele>
      </trkpt>
      <trkpt lat="45.905340000" lon="5.745590000">
        <ele>1178.000</ele>
      </trkpt>
      <trkpt lat="45.905240000" lon="5.745840000">
        <ele>1179.000</ele>
      </trkpt>
      <trkpt lat="45.905190000" lon="5.746030000">
        <ele>1179.000</ele>
      </trkpt>
      <trkpt lat="45.905110000" lon="5.746400000">
        <ele>1181.000</ele>
      </trkpt>
      <trkpt lat="45.905070000" lon="5.746520000">
        <ele>1181.000</ele>
      </trkpt>
      <trkpt lat="45.905030000" lon="5.746610000">
        <ele>1182.000</ele>
      </trkpt>
      <trkpt lat="45.904970000" lon="5.746670000">
        <ele>1183.000</ele>
      </trkpt>
      <trkpt lat="45.904900000" lon="5.746710000">
        <ele>1183.000</ele>
      </trkpt>
      <trkpt lat="45.904800000" lon="5.746730000">
        <ele>1184.000</ele>
      </trkpt>
      <trkpt lat="45.904270000" lon="5.746790000">
        <ele>1185.000</ele>
      </trkpt>
      <trkpt lat="45.903460000" lon="5.746960000">
        <ele>1187.000</ele>
      </trkpt>
      <trkpt lat="45.903360000" lon="5.746980000">
        <ele>1189.000</ele>
      </trkpt>
      <trkpt lat="45.903130000" lon="5.747090000">
        <ele>1190.000</ele>
      </trkpt>
      <trkpt lat="45.903040000" lon="5.747120000">
        <ele>1192.000</ele>
      </trkpt>
      <trkpt lat="45.902960000" lon="5.747130000">
        <ele>1193.000</ele>
      </trkpt>
      <trkpt lat="45.902740000" lon="5.747100000">
        <ele>1194.000</ele>
      </trkpt>
      <trkpt lat="45.902360000" lon="5.747060000">
        <ele>1195.000</ele>
      </trkpt>
      <trkpt lat="45.902100000" lon="5.747050000">
        <ele>1197.000</ele>
      </trkpt>
      <trkpt lat="45.901760000" lon="5.747090000">
        <ele>1200.000</ele>
      </trkpt>
      <trkpt lat="45.901360000" lon="5.747180000">
        <ele>1204.000</ele>
      </trkpt>
      <trkpt lat="45.901200000" lon="5.747260000">
        <ele>1207.000</ele>
      </trkpt>
      <trkpt lat="45.901100000" lon="5.747340000">
        <ele>1210.000</ele>
      </trkpt>
      <trkpt lat="45.900940000" lon="5.747550000">
        <ele>1213.000</ele>
      </trkpt>
      <trkpt lat="45.900710000" lon="5.747810000">
        <ele>1217.000</ele>
      </trkpt>
      <trkpt lat="45.900560000" lon="5.747910000">
        <ele>1219.000</ele>
      </trkpt>
      <trkpt lat="45.900360000" lon="5.748020000">
        <ele>1221.000</ele>
      </trkpt>
      <trkpt lat="45.900260000" lon="5.748110000">
        <ele>1222.000</ele>
      </trkpt>
      <trkpt lat="45.900110000" lon="5.748330000">
        <ele>1223.000</ele>
      </trkpt>
      <trkpt lat="45.900050000" lon="5.748430000">
        <ele>1224.000</ele>
      </trkpt>
      <trkpt lat="45.899980000" lon="5.748520000">
        <ele>1224.000</ele>
      </trkpt>
      <trkpt lat="45.899800000" lon="5.748620000">
        <ele>1225.000</ele>
      </trkpt>
      <trkpt lat="45.899610000" lon="5.748700000">
        <ele>1225.000</ele>
      </trkpt>
      <trkpt lat="45.899300000" lon="5.748850000">
        <ele>1226.000</ele>
      </trkpt>
      <trkpt lat="45.899120000" lon="5.748970000">
        <ele>1226.000</ele>
      </trkpt>
      <trkpt lat="45.898760000" lon="5.749250000">
        <ele>1227.000</ele>
      </trkpt>
      <trkpt lat="45.898480000" lon="5.749530000">
        <ele>1228.000</ele>
      </trkpt>
      <trkpt lat="45.898320000" lon="5.749750000">
        <ele>1229.000</ele>
      </trkpt>
      <trkpt lat="45.898200000" lon="5.749950000">
        <ele>1229.000</ele>
      </trkpt>
      <trkpt lat="45.897800000" lon="5.750680000">
        <ele>1230.000</ele>
      </trkpt>
      <trkpt lat="45.897570000" lon="5.751090000">
        <ele>1231.000</ele>
      </trkpt>
      <trkpt lat="45.897450000" lon="5.751290000">
        <ele>1232.000</ele>
      </trkpt>
      <trkpt lat="45.897260000" lon="5.751530000">
        <ele>1233.000</ele>
      </trkpt>
      <trkpt lat="45.897200000" lon="5.751640000">
        <ele>1233.000</ele>
      </trkpt>
      <trkpt lat="45.897180000" lon="5.751710000">
        <ele>1234.000</ele>
      </trkpt>
      <trkpt lat="45.897170000" lon="5.751780000">
        <ele>1234.000</ele>
      </trkpt>
      <trkpt lat="45.897180000" lon="5.751870000">
        <ele>1234.000</ele>
      </trkpt>
      <trkpt lat="45.897210000" lon="5.751940000">
        <ele>1234.000</ele>
      </trkpt>
      <trkpt lat="45.897260000" lon="5.752020000">
        <ele>1234.000</ele>
      </trkpt>
      <trkpt lat="45.897350000" lon="5.752120000">
        <ele>1235.000</ele>
      </trkpt>
      <trkpt lat="45.897530000" lon="5.752260000">
        <ele>1235.000</ele>
      </trkpt>
      <trkpt lat="45.897740000" lon="5.752410000">
        <ele>1235.000</ele>
      </trkpt>
      <trkpt lat="45.898110000" lon="5.752640000">
        <ele>1236.000</ele>
      </trkpt>
      <trkpt lat="45.898520000" lon="5.752920000">
        <ele>1237.000</ele>
      </trkpt>
      <trkpt lat="45.898790000" lon="5.753120000">
        <ele>1238.000</ele>
      </trkpt>
      <trkpt lat="45.899010000" lon="5.753310000">
        <ele>1240.000</ele>
      </trkpt>
      <trkpt lat="45.900320000" lon="5.754400000">
        <ele>1244.000</ele>
      </trkpt>
      <trkpt lat="45.900430000" lon="5.754500000">
        <ele>1247.000</ele>
      </trkpt>
      <trkpt lat="45.900510000" lon="5.754620000">
        <ele>1250.000</ele>
      </trkpt>
      <trkpt lat="45.900560000" lon="5.754730000">
        <ele>1252.000</ele>
      </trkpt>
      <trkpt lat="45.900610000" lon="5.754880000">
        <ele>1254.000</ele>
      </trkpt>
      <trkpt lat="45.900630000" lon="5.755010000">
        <ele>1256.000</ele>
      </trkpt>
      <trkpt lat="45.900640000" lon="5.755130000">
        <ele>1257.000</ele>
      </trkpt>
      <trkpt lat="45.900630000" lon="5.755230000">
        <ele>1259.000</ele>
      </trkpt>
      <trkpt lat="45.900580000" lon="5.755350000">
        <ele>1260.000</ele>
      </trkpt>
      <trkpt lat="45.900500000" lon="5.755490000">
        <ele>1261.000</ele>
      </trkpt>
      <trkpt lat="45.900370000" lon="5.755680000">
        <ele>1263.000</ele>
      </trkpt>
      <trkpt lat="45.900260000" lon="5.755840000">
        <ele>1265.000</ele>
      </trkpt>
      <trkpt lat="45.900200000" lon="5.755910000">
        <ele>1266.000</ele>
      </trkpt>
      <trkpt lat="45.899720000" lon="5.756170000">
        <ele>1269.000</ele>
      </trkpt>
      <trkpt lat="45.899480000" lon="5.756330000">
        <ele>1273.000</ele>
      </trkpt>
      <trkpt lat="45.899220000" lon="5.756520000">
        <ele>1276.000</ele>
      </trkpt>
      <trkpt lat="45.898860000" lon="5.756770000">
        <ele>1281.000</ele>
      </trkpt>
      <trkpt lat="45.898770000" lon="5.756840000">
        <ele>1284.000</ele>
      </trkpt>
      <trkpt lat="45.898750000" lon="5.756890000">
        <ele>1286.000</ele>
      </trkpt>
      <trkpt lat="45.898750000" lon="5.756950000">
        <ele>1288.000</ele>
      </trkpt>
      <trkpt lat="45.898770000" lon="5.757000000">
        <ele>1290.000</ele>
      </trkpt>
      <trkpt lat="45.898800000" lon="5.757030000">
        <ele>1291.000</ele>
      </trkpt>
      <trkpt lat="45.898830000" lon="5.757040000">
        <ele>1292.000</ele>
      </trkpt>
      <trkpt lat="45.898880000" lon="5.757040000">
        <ele>1293.000</ele>
      </trkpt>
      <trkpt lat="45.898930000" lon="5.757030000">
        <ele>1293.000</ele>
      </trkpt>
      <trkpt lat="45.899260000" lon="5.756850000">
        <ele>1296.000</ele>
      </trkpt>
      <trkpt lat="45.899360000" lon="5.756820000">
        <ele>1298.000</ele>
      </trkpt>
      <trkpt lat="45.899930000" lon="5.756750000">
        <ele>1300.000</ele>
      </trkpt>
      <trkpt lat="45.900200000" lon="5.756740000">
        <ele>1303.000</ele>
      </trkpt>
      <trkpt lat="45.900860000" lon="5.756660000">
        <ele>1306.000</ele>
      </trkpt>
      <trkpt lat="45.901060000" lon="5.756620000">
        <ele>1308.000</ele>
      </trkpt>
      <trkpt lat="45.901550000" lon="5.756480000">
        <ele>1311.000</ele>
      </trkpt>
      <trkpt lat="45.902080000" lon="5.756340000">
        <ele>1315.000</ele>
      </trkpt>
      <trkpt lat="45.902750000" lon="5.756150000">
        <ele>1320.000</ele>
      </trkpt>
      <trkpt lat="45.902980000" lon="5.756100000">
        <ele>1325.000</ele>
      </trkpt>
      <trkpt lat="45.903240000" lon="5.756060000">
        <ele>1329.000</ele>
      </trkpt>
      <trkpt lat="45.903430000" lon="5.756050000">
        <ele>1333.000</ele>
      </trkpt>
      <trkpt lat="45.903750000" lon="5.756070000">
        <ele>1336.000</ele>
      </trkpt>
      <trkpt lat="45.904040000" lon="5.756110000">
        <ele>1339.000</ele>
      </trkpt>
      <trkpt lat="45.904200000" lon="5.756140000">
        <ele>1342.000</ele>
      </trkpt>
      <trkpt lat="45.904280000" lon="5.756160000">
        <ele>1344.000</ele>
      </trkpt>
      <trkpt lat="45.904540000" lon="5.756220000">
        <ele>1347.000</ele>
      </trkpt>
      <trkpt lat="45.904730000" lon="5.756270000">
        <ele>1349.000</ele>
      </trkpt>
      <trkpt lat="45.907260000" lon="5.757230000">
        <ele>1360.000</ele>
      </trkpt>
      <trkpt lat="45.907900000" lon="5.757450000">
        <ele>1369.000</ele>
      </trkpt>
      <trkpt lat="45.908050000" lon="5.757510000">
        <ele>1375.000</ele>
      </trkpt>
      <trkpt lat="45.908180000" lon="5.757610000">
        <ele>1380.000</ele>
      </trkpt>
      <trkpt lat="45.908290000" lon="5.757720000">
        <ele>1383.000</ele>
      </trkpt>
      <trkpt lat="45.908370000" lon="5.757810000">
        <ele>1385.000</ele>
      </trkpt>
      <trkpt lat="45.908480000" lon="5.758000000">
        <ele>1388.000</ele>
      </trkpt>
      <trkpt lat="45.908870000" lon="5.758730000">
        <ele>1391.000</ele>
      </trkpt>
      <trkpt lat="45.909240000" lon="5.759390000">
        <ele>1394.000</ele>
      </trkpt>
      <trkpt lat="45.909340000" lon="5.759560000">
        <ele>1397.000</ele>
      </trkpt>
      <trkpt lat="45.909420000" lon="5.759650000">
        <ele>1400.000</ele>
      </trkpt>
      <trkpt lat="45.909480000" lon="5.759710000">
        <ele>1402.000</ele>
      </trkpt>
      <trkpt lat="45.909700000" lon="5.759840000">
        <ele>1404.000</ele>
      </trkpt>
      <trkpt lat="45.909760000" lon="5.759890000">
        <ele>1405.000</ele>
      </trkpt>
      <trkpt lat="45.909780000" lon="5.759940000">
        <ele>1406.000</ele>
      </trkpt>
      <trkpt lat="45.909810000" lon="5.759990000">
        <ele>1407.000</ele>
      </trkpt>
      <trkpt lat="45.909810000" lon="5.760060000">
        <ele>1408.000</ele>
      </trkpt>
      <trkpt lat="45.909810000" lon="5.760110000">
        <ele>1409.000</ele>
      </trkpt>
      <trkpt lat="45.909790000" lon="5.760160000">
        <ele>1409.000</ele>
      </trkpt>
      <trkpt lat="45.909760000" lon="5.760190000">
        <ele>1410.000</ele>
      </trkpt>
      <trkpt lat="45.909730000" lon="5.760210000">
        <ele>1410.000</ele>
      </trkpt>
      <trkpt lat="45.909690000" lon="5.760210000">
        <ele>1411.000</ele>
      </trkpt>
      <trkpt lat="45.909640000" lon="5.760210000">
        <ele>1411.000</ele>
      </trkpt>
      <trkpt lat="45.908960000" lon="5.759970000">
        <ele>1413.000</ele>
      </trkpt>
      <trkpt lat="45.908440000" lon="5.759820000">
        <ele>1418.000</ele>
      </trkpt>
      <trkpt lat="45.908250000" lon="5.759780000">
        <ele>1422.000</ele>
      </trkpt>
      <trkpt lat="45.907750000" lon="5.759700000">
        <ele>1427.000</ele>
      </trkpt>
      <trkpt lat="45.907470000" lon="5.759700000">
        <ele>1431.000</ele>
      </trkpt>
      <trkpt lat="45.907220000" lon="5.759710000">
        <ele>1436.000</ele>
      </trkpt>
      <trkpt lat="45.906670000" lon="5.759760000">
        <ele>1441.000</ele>
      </trkpt>
      <trkpt lat="45.905180000" lon="5.759990000">
        <ele>1451.000</ele>
      </trkpt>
      <trkpt lat="45.903880000" lon="5.760270000">
        <ele>1462.000</ele>
      </trkpt>
      <trkpt lat="45.903730000" lon="5.760310000">
        <ele>1469.000</ele>
      </trkpt>
      <trkpt lat="45.903650000" lon="5.760340000">
        <ele>1475.000</ele>
      </trkpt>
      <trkpt lat="45.903590000" lon="5.760380000">
        <ele>1479.000</ele>
      </trkpt>
      <trkpt lat="45.903550000" lon="5.760420000">
        <ele>1482.000</ele>
      </trkpt>
      <trkpt lat="45.903520000" lon="5.760490000">
        <ele>1484.000</ele>
      </trkpt>
      <trkpt lat="45.903490000" lon="5.760550000">
        <ele>1486.000</ele>
      </trkpt>
      <trkpt lat="45.903480000" lon="5.760640000">
        <ele>1487.000</ele>
      </trkpt>
      <trkpt lat="45.903460000" lon="5.760800000">
        <ele>1488.000</ele>
      </trkpt>
      <trkpt lat="45.903440000" lon="5.761240000">
        <ele>1491.000</ele>
      </trkpt>
      <trkpt lat="45.903440000" lon="5.761240000">
        <ele>1492.000</ele>
      </trkpt>
      <trkpt lat="45.903440000" lon="5.761310000">
        <ele>1493.000</ele>
      </trkpt>
      <trkpt lat="45.903440000" lon="5.761470000">
        <ele>1494.000</ele>
      </trkpt>
      <trkpt lat="45.903450000" lon="5.761580000">
        <ele>1495.000</ele>
      </trkpt>
      <trkpt lat="45.903460000" lon="5.761660000">
        <ele>1496.000</ele>
      </trkpt>
      <trkpt lat="45.903470000" lon="5.761680000">
        <ele>1497.000</ele>
      </trkpt>
    </trkseg>
  </trk>
</gpx>
