<?xml version="1.0" encoding="UTF-8"?>
<gpx version="1.0" creator="GPSBabel - https://www.gpsbabel.org" xmlns="http://www.topografix.com/GPX/1/0">
  <time>2026-05-27T10:13:38.524Z</time>
  <bounds minlat="44.921300000" minlon="5.570170000" maxlat="45.258090000" maxlon="5.899230000"/>
  <trk>
    <trkseg>
      <trkpt lat="45.075190000" lon="5.724750000">
        <ele>270.000</ele>
      </trkpt>
      <trkpt lat="45.074900000" lon="5.724620000">
        <ele>270.000</ele>
      </trkpt>
      <trkpt lat="45.074390000" lon="5.724390000">
        <ele>270.000</ele>
      </trkpt>
      <trkpt lat="45.074130000" lon="5.724270000">
        <ele>270.000</ele>
      </trkpt>
      <trkpt lat="45.073720000" lon="5.724090000">
        <ele>271.000</ele>
      </trkpt>
      <trkpt lat="45.073080000" lon="5.723800000">
        <ele>271.000</ele>
      </trkpt>
      <trkpt lat="45.071840000" lon="5.723250000">
        <ele>272.000</ele>
      </trkpt>
      <trkpt lat="45.071330000" lon="5.723020000">
        <ele>272.000</ele>
      </trkpt>
      <trkpt lat="45.071090000" lon="5.722920000">
        <ele>273.000</ele>
      </trkpt>
      <trkpt lat="45.071000000" lon="5.722870000">
        <ele>273.000</ele>
      </trkpt>
      <trkpt lat="45.070890000" lon="5.722830000">
        <ele>273.000</ele>
      </trkpt>
      <trkpt lat="45.070640000" lon="5.722710000">
        <ele>273.000</ele>
      </trkpt>
      <trkpt lat="45.068970000" lon="5.721990000">
        <ele>274.000</ele>
      </trkpt>
      <trkpt lat="45.068690000" lon="5.721860000">
        <ele>274.000</ele>
      </trkpt>
      <trkpt lat="45.068660000" lon="5.721850000">
        <ele>274.000</ele>
      </trkpt>
      <trkpt lat="45.068450000" lon="5.721780000">
        <ele>274.000</ele>
      </trkpt>
      <trkpt lat="45.067950000" lon="5.721530000">
        <ele>275.000</ele>
      </trkpt>
      <trkpt lat="45.066570000" lon="5.720870000">
        <ele>275.000</ele>
      </trkpt>
      <trkpt lat="45.066300000" lon="5.720760000">
        <ele>275.000</ele>
      </trkpt>
      <trkpt lat="45.066170000" lon="5.720730000">
        <ele>276.000</ele>
      </trkpt>
      <trkpt lat="45.066050000" lon="5.720740000">
        <ele>276.000</ele>
      </trkpt>
      <trkpt lat="45.065540000" lon="5.720950000">
        <ele>277.000</ele>
      </trkpt>
      <trkpt lat="45.064320000" lon="5.721530000">
        <ele>278.000</ele>
      </trkpt>
      <trkpt lat="45.064170000" lon="5.721590000">
        <ele>279.000</ele>
      </trkpt>
      <trkpt lat="45.064050000" lon="5.721620000">
        <ele>279.000</ele>
      </trkpt>
      <trkpt lat="45.063940000" lon="5.721630000">
        <ele>280.000</ele>
      </trkpt>
      <trkpt lat="45.063820000" lon="5.721610000">
        <ele>280.000</ele>
      </trkpt>
      <trkpt lat="45.063730000" lon="5.721570000">
        <ele>280.000</ele>
      </trkpt>
      <trkpt lat="45.063630000" lon="5.721500000">
        <ele>280.000</ele>
      </trkpt>
      <trkpt lat="45.063490000" lon="5.721360000">
        <ele>280.000</ele>
      </trkpt>
      <trkpt lat="45.062850000" lon="5.720720000">
        <ele>280.000</ele>
      </trkpt>
      <trkpt lat="45.062120000" lon="5.720030000">
        <ele>280.000</ele>
      </trkpt>
      <trkpt lat="45.061890000" lon="5.719830000">
        <ele>280.000</ele>
      </trkpt>
      <trkpt lat="45.061710000" lon="5.719700000">
        <ele>281.000</ele>
      </trkpt>
      <trkpt lat="45.061580000" lon="5.719610000">
        <ele>281.000</ele>
      </trkpt>
      <trkpt lat="45.061090000" lon="5.719270000">
        <ele>283.000</ele>
      </trkpt>
      <trkpt lat="45.060470000" lon="5.718840000">
        <ele>285.000</ele>
      </trkpt>
      <trkpt lat="45.058250000" lon="5.717110000">
        <ele>288.000</ele>
      </trkpt>
      <trkpt lat="45.057420000" lon="5.716380000">
        <ele>289.000</ele>
      </trkpt>
      <trkpt lat="45.056310000" lon="5.715440000">
        <ele>291.000</ele>
      </trkpt>
      <trkpt lat="45.055200000" lon="5.714450000">
        <ele>292.000</ele>
      </trkpt>
      <trkpt lat="45.054440000" lon="5.713680000">
        <ele>294.000</ele>
      </trkpt>
      <trkpt lat="45.054440000" lon="5.713680000">
        <ele>295.000</ele>
      </trkpt>
      <trkpt lat="45.053950000" lon="5.713190000">
        <ele>296.000</ele>
      </trkpt>
      <trkpt lat="45.053510000" lon="5.712760000">
        <ele>295.000</ele>
      </trkpt>
      <trkpt lat="45.053490000" lon="5.712730000">
        <ele>295.000</ele>
      </trkpt>
      <trkpt lat="45.053210000" lon="5.712460000">
        <ele>295.000</ele>
      </trkpt>
      <trkpt lat="45.052790000" lon="5.712040000">
        <ele>295.000</ele>
      </trkpt>
      <trkpt lat="45.052640000" lon="5.711770000">
        <ele>295.000</ele>
      </trkpt>
      <trkpt lat="45.052580000" lon="5.711590000">
        <ele>295.000</ele>
      </trkpt>
      <trkpt lat="45.052570000" lon="5.711510000">
        <ele>295.000</ele>
      </trkpt>
      <trkpt lat="45.052600000" lon="5.711470000">
        <ele>295.000</ele>
      </trkpt>
      <trkpt lat="45.052610000" lon="5.711420000">
        <ele>296.000</ele>
      </trkpt>
      <trkpt lat="45.052610000" lon="5.711360000">
        <ele>296.000</ele>
      </trkpt>
      <trkpt lat="45.052590000" lon="5.711300000">
        <ele>296.000</ele>
      </trkpt>
      <trkpt lat="45.052560000" lon="5.711260000">
        <ele>296.000</ele>
      </trkpt>
      <trkpt lat="45.052530000" lon="5.711230000">
        <ele>296.000</ele>
      </trkpt>
      <trkpt lat="45.052490000" lon="5.711220000">
        <ele>297.000</ele>
      </trkpt>
      <trkpt lat="45.052440000" lon="5.711240000">
        <ele>297.000</ele>
      </trkpt>
      <trkpt lat="45.052410000" lon="5.711270000">
        <ele>297.000</ele>
      </trkpt>
      <trkpt lat="45.052390000" lon="5.711320000">
        <ele>297.000</ele>
      </trkpt>
      <trkpt lat="45.052370000" lon="5.711370000">
        <ele>297.000</ele>
      </trkpt>
      <trkpt lat="45.052380000" lon="5.711430000">
        <ele>298.000</ele>
      </trkpt>
      <trkpt lat="45.052340000" lon="5.711430000">
        <ele>298.000</ele>
      </trkpt>
      <trkpt lat="45.052270000" lon="5.711440000">
        <ele>298.000</ele>
      </trkpt>
      <trkpt lat="45.052220000" lon="5.711420000">
        <ele>298.000</ele>
      </trkpt>
      <trkpt lat="45.052030000" lon="5.711270000">
        <ele>299.000</ele>
      </trkpt>
      <trkpt lat="45.051850000" lon="5.711110000">
        <ele>300.000</ele>
      </trkpt>
      <trkpt lat="45.051630000" lon="5.710940000">
        <ele>300.000</ele>
      </trkpt>
      <trkpt lat="45.051210000" lon="5.710600000">
        <ele>302.000</ele>
      </trkpt>
      <trkpt lat="45.050840000" lon="5.710290000">
        <ele>303.000</ele>
      </trkpt>
      <trkpt lat="45.050550000" lon="5.710020000">
        <ele>304.000</ele>
      </trkpt>
      <trkpt lat="45.050300000" lon="5.709770000">
        <ele>306.000</ele>
      </trkpt>
      <trkpt lat="45.049930000" lon="5.709370000">
        <ele>307.000</ele>
      </trkpt>
      <trkpt lat="45.049770000" lon="5.709210000">
        <ele>308.000</ele>
      </trkpt>
      <trkpt lat="45.049660000" lon="5.709110000">
        <ele>309.000</ele>
      </trkpt>
      <trkpt lat="45.049550000" lon="5.709060000">
        <ele>310.000</ele>
      </trkpt>
      <trkpt lat="45.049500000" lon="5.709050000">
        <ele>311.000</ele>
      </trkpt>
      <trkpt lat="45.049440000" lon="5.709040000">
        <ele>312.000</ele>
      </trkpt>
      <trkpt lat="45.049350000" lon="5.709040000">
        <ele>313.000</ele>
      </trkpt>
      <trkpt lat="45.049240000" lon="5.709060000">
        <ele>314.000</ele>
      </trkpt>
      <trkpt lat="45.049140000" lon="5.709080000">
        <ele>315.000</ele>
      </trkpt>
      <trkpt lat="45.048530000" lon="5.709220000">
        <ele>319.000</ele>
      </trkpt>
      <trkpt lat="45.048180000" lon="5.709290000">
        <ele>323.000</ele>
      </trkpt>
      <trkpt lat="45.048090000" lon="5.709290000">
        <ele>326.000</ele>
      </trkpt>
      <trkpt lat="45.048000000" lon="5.709280000">
        <ele>328.000</ele>
      </trkpt>
      <trkpt lat="45.047900000" lon="5.709250000">
        <ele>330.000</ele>
      </trkpt>
      <trkpt lat="45.047810000" lon="5.709210000">
        <ele>332.000</ele>
      </trkpt>
      <trkpt lat="45.047670000" lon="5.709070000">
        <ele>333.000</ele>
      </trkpt>
      <trkpt lat="45.047490000" lon="5.708780000">
        <ele>334.000</ele>
      </trkpt>
      <trkpt lat="45.047330000" lon="5.708470000">
        <ele>335.000</ele>
      </trkpt>
      <trkpt lat="45.047200000" lon="5.708260000">
        <ele>336.000</ele>
      </trkpt>
      <trkpt lat="45.047100000" lon="5.708170000">
        <ele>336.000</ele>
      </trkpt>
      <trkpt lat="45.047030000" lon="5.708130000">
        <ele>337.000</ele>
      </trkpt>
      <trkpt lat="45.046930000" lon="5.708090000">
        <ele>337.000</ele>
      </trkpt>
      <trkpt lat="45.046820000" lon="5.708070000">
        <ele>337.000</ele>
      </trkpt>
      <trkpt lat="45.046240000" lon="5.708010000">
        <ele>338.000</ele>
      </trkpt>
      <trkpt lat="45.045900000" lon="5.707970000">
        <ele>338.000</ele>
      </trkpt>
      <trkpt lat="45.045790000" lon="5.707940000">
        <ele>339.000</ele>
      </trkpt>
      <trkpt lat="45.045670000" lon="5.707880000">
        <ele>339.000</ele>
      </trkpt>
      <trkpt lat="45.045480000" lon="5.707770000">
        <ele>339.000</ele>
      </trkpt>
      <trkpt lat="45.044910000" lon="5.707410000">
        <ele>340.000</ele>
      </trkpt>
      <trkpt lat="45.044780000" lon="5.707330000">
        <ele>341.000</ele>
      </trkpt>
      <trkpt lat="45.044620000" lon="5.707210000">
        <ele>341.000</ele>
      </trkpt>
      <trkpt lat="45.044650000" lon="5.707030000">
        <ele>342.000</ele>
      </trkpt>
      <trkpt lat="45.044650000" lon="5.706970000">
        <ele>342.000</ele>
      </trkpt>
      <trkpt lat="45.044640000" lon="5.706920000">
        <ele>342.000</ele>
      </trkpt>
      <trkpt lat="45.044630000" lon="5.706860000">
        <ele>342.000</ele>
      </trkpt>
      <trkpt lat="45.044600000" lon="5.706770000">
        <ele>342.000</ele>
      </trkpt>
      <trkpt lat="45.044550000" lon="5.706690000">
        <ele>341.000</ele>
      </trkpt>
      <trkpt lat="45.044530000" lon="5.706640000">
        <ele>341.000</ele>
      </trkpt>
      <trkpt lat="45.044520000" lon="5.706610000">
        <ele>341.000</ele>
      </trkpt>
      <trkpt lat="45.044270000" lon="5.706090000">
        <ele>340.000</ele>
      </trkpt>
      <trkpt lat="45.044260000" lon="5.706070000">
        <ele>339.000</ele>
      </trkpt>
      <trkpt lat="45.044250000" lon="5.706030000">
        <ele>338.000</ele>
      </trkpt>
      <trkpt lat="45.044160000" lon="5.705830000">
        <ele>338.000</ele>
      </trkpt>
      <trkpt lat="45.044060000" lon="5.705600000">
        <ele>337.000</ele>
      </trkpt>
      <trkpt lat="45.043980000" lon="5.705380000">
        <ele>336.000</ele>
      </trkpt>
      <trkpt lat="45.043950000" lon="5.705330000">
        <ele>335.000</ele>
      </trkpt>
      <trkpt lat="45.043910000" lon="5.705220000">
        <ele>334.000</ele>
      </trkpt>
      <trkpt lat="45.043890000" lon="5.705180000">
        <ele>334.000</ele>
      </trkpt>
      <trkpt lat="45.043810000" lon="5.704950000">
        <ele>333.000</ele>
      </trkpt>
      <trkpt lat="45.043740000" lon="5.704810000">
        <ele>332.000</ele>
      </trkpt>
      <trkpt lat="45.043660000" lon="5.704660000">
        <ele>331.000</ele>
      </trkpt>
      <trkpt lat="45.043600000" lon="5.704580000">
        <ele>331.000</ele>
      </trkpt>
      <trkpt lat="45.043560000" lon="5.704540000">
        <ele>330.000</ele>
      </trkpt>
      <trkpt lat="45.043550000" lon="5.704530000">
        <ele>330.000</ele>
      </trkpt>
      <trkpt lat="45.043460000" lon="5.704470000">
        <ele>330.000</ele>
      </trkpt>
      <trkpt lat="45.043100000" lon="5.704340000">
        <ele>329.000</ele>
      </trkpt>
      <trkpt lat="45.043010000" lon="5.704290000">
        <ele>328.000</ele>
      </trkpt>
      <trkpt lat="45.042960000" lon="5.704260000">
        <ele>328.000</ele>
      </trkpt>
      <trkpt lat="45.042890000" lon="5.704180000">
        <ele>328.000</ele>
      </trkpt>
      <trkpt lat="45.042840000" lon="5.704100000">
        <ele>327.000</ele>
      </trkpt>
      <trkpt lat="45.042810000" lon="5.704000000">
        <ele>327.000</ele>
      </trkpt>
      <trkpt lat="45.042800000" lon="5.703870000">
        <ele>327.000</ele>
      </trkpt>
      <trkpt lat="45.042790000" lon="5.703750000">
        <ele>326.000</ele>
      </trkpt>
      <trkpt lat="45.042780000" lon="5.703420000">
        <ele>326.000</ele>
      </trkpt>
      <trkpt lat="45.042770000" lon="5.703210000">
        <ele>325.000</ele>
      </trkpt>
      <trkpt lat="45.042770000" lon="5.703130000">
        <ele>325.000</ele>
      </trkpt>
      <trkpt lat="45.042770000" lon="5.702980000">
        <ele>324.000</ele>
      </trkpt>
      <trkpt lat="45.042780000" lon="5.702900000">
        <ele>324.000</ele>
      </trkpt>
      <trkpt lat="45.042820000" lon="5.702820000">
        <ele>324.000</ele>
      </trkpt>
      <trkpt lat="45.042870000" lon="5.702720000">
        <ele>324.000</ele>
      </trkpt>
      <trkpt lat="45.043010000" lon="5.702370000">
        <ele>323.000</ele>
      </trkpt>
      <trkpt lat="45.043020000" lon="5.702340000">
        <ele>323.000</ele>
      </trkpt>
      <trkpt lat="45.043100000" lon="5.702170000">
        <ele>323.000</ele>
      </trkpt>
      <trkpt lat="45.043120000" lon="5.702100000">
        <ele>322.000</ele>
      </trkpt>
      <trkpt lat="45.043150000" lon="5.702030000">
        <ele>322.000</ele>
      </trkpt>
      <trkpt lat="45.043230000" lon="5.701890000">
        <ele>322.000</ele>
      </trkpt>
      <trkpt lat="45.043360000" lon="5.701740000">
        <ele>322.000</ele>
      </trkpt>
      <trkpt lat="45.043450000" lon="5.701630000">
        <ele>322.000</ele>
      </trkpt>
      <trkpt lat="45.043480000" lon="5.701560000">
        <ele>321.000</ele>
      </trkpt>
      <trkpt lat="45.043500000" lon="5.701520000">
        <ele>321.000</ele>
      </trkpt>
      <trkpt lat="45.043530000" lon="5.701470000">
        <ele>321.000</ele>
      </trkpt>
      <trkpt lat="45.043570000" lon="5.701400000">
        <ele>321.000</ele>
      </trkpt>
      <trkpt lat="45.043570000" lon="5.701370000">
        <ele>321.000</ele>
      </trkpt>
      <trkpt lat="45.043580000" lon="5.701320000">
        <ele>321.000</ele>
      </trkpt>
      <trkpt lat="45.043590000" lon="5.701170000">
        <ele>321.000</ele>
      </trkpt>
      <trkpt lat="45.043580000" lon="5.701090000">
        <ele>321.000</ele>
      </trkpt>
      <trkpt lat="45.043560000" lon="5.700890000">
        <ele>320.000</ele>
      </trkpt>
      <trkpt lat="45.043490000" lon="5.700560000">
        <ele>320.000</ele>
      </trkpt>
      <trkpt lat="45.043420000" lon="5.700220000">
        <ele>320.000</ele>
      </trkpt>
      <trkpt lat="45.043400000" lon="5.700060000">
        <ele>319.000</ele>
      </trkpt>
      <trkpt lat="45.043380000" lon="5.699890000">
        <ele>318.000</ele>
      </trkpt>
      <trkpt lat="45.043370000" lon="5.699770000">
        <ele>318.000</ele>
      </trkpt>
      <trkpt lat="45.043360000" lon="5.699640000">
        <ele>318.000</ele>
      </trkpt>
      <trkpt lat="45.043350000" lon="5.699350000">
        <ele>317.000</ele>
      </trkpt>
      <trkpt lat="45.043350000" lon="5.699130000">
        <ele>316.000</ele>
      </trkpt>
      <trkpt lat="45.043360000" lon="5.698850000">
        <ele>316.000</ele>
      </trkpt>
      <trkpt lat="45.043390000" lon="5.698550000">
        <ele>315.000</ele>
      </trkpt>
      <trkpt lat="45.043400000" lon="5.698430000">
        <ele>314.000</ele>
      </trkpt>
      <trkpt lat="45.043510000" lon="5.697680000">
        <ele>313.000</ele>
      </trkpt>
      <trkpt lat="45.043600000" lon="5.697030000">
        <ele>312.000</ele>
      </trkpt>
      <trkpt lat="45.043650000" lon="5.696670000">
        <ele>311.000</ele>
      </trkpt>
      <trkpt lat="45.043660000" lon="5.696550000">
        <ele>311.000</ele>
      </trkpt>
      <trkpt lat="45.043730000" lon="5.696080000">
        <ele>310.000</ele>
      </trkpt>
      <trkpt lat="45.043800000" lon="5.695620000">
        <ele>310.000</ele>
      </trkpt>
      <trkpt lat="45.044070000" lon="5.694170000">
        <ele>310.000</ele>
      </trkpt>
      <trkpt lat="45.044100000" lon="5.694060000">
        <ele>309.000</ele>
      </trkpt>
      <trkpt lat="45.044120000" lon="5.694000000">
        <ele>309.000</ele>
      </trkpt>
      <trkpt lat="45.044160000" lon="5.693950000">
        <ele>309.000</ele>
      </trkpt>
      <trkpt lat="45.044200000" lon="5.693890000">
        <ele>309.000</ele>
      </trkpt>
      <trkpt lat="45.044260000" lon="5.693850000">
        <ele>310.000</ele>
      </trkpt>
      <trkpt lat="45.044360000" lon="5.693840000">
        <ele>310.000</ele>
      </trkpt>
      <trkpt lat="45.044440000" lon="5.693850000">
        <ele>310.000</ele>
      </trkpt>
      <trkpt lat="45.044770000" lon="5.693910000">
        <ele>311.000</ele>
      </trkpt>
      <trkpt lat="45.044840000" lon="5.693910000">
        <ele>312.000</ele>
      </trkpt>
      <trkpt lat="45.044890000" lon="5.693910000">
        <ele>312.000</ele>
      </trkpt>
      <trkpt lat="45.044940000" lon="5.693900000">
        <ele>312.000</ele>
      </trkpt>
      <trkpt lat="45.044960000" lon="5.693880000">
        <ele>313.000</ele>
      </trkpt>
      <trkpt lat="45.045000000" lon="5.693840000">
        <ele>313.000</ele>
      </trkpt>
      <trkpt lat="45.045020000" lon="5.693800000">
        <ele>313.000</ele>
      </trkpt>
      <trkpt lat="45.045040000" lon="5.693740000">
        <ele>314.000</ele>
      </trkpt>
      <trkpt lat="45.045040000" lon="5.693680000">
        <ele>314.000</ele>
      </trkpt>
      <trkpt lat="45.045030000" lon="5.693600000">
        <ele>314.000</ele>
      </trkpt>
      <trkpt lat="45.044980000" lon="5.693340000">
        <ele>314.000</ele>
      </trkpt>
      <trkpt lat="45.044910000" lon="5.693080000">
        <ele>315.000</ele>
      </trkpt>
      <trkpt lat="45.044890000" lon="5.692960000">
        <ele>316.000</ele>
      </trkpt>
      <trkpt lat="45.044880000" lon="5.692860000">
        <ele>316.000</ele>
      </trkpt>
      <trkpt lat="45.044880000" lon="5.692740000">
        <ele>317.000</ele>
      </trkpt>
      <trkpt lat="45.044900000" lon="5.692600000">
        <ele>317.000</ele>
      </trkpt>
      <trkpt lat="45.044920000" lon="5.692470000">
        <ele>317.000</ele>
      </trkpt>
      <trkpt lat="45.045010000" lon="5.692040000">
        <ele>318.000</ele>
      </trkpt>
      <trkpt lat="45.045100000" lon="5.691660000">
        <ele>319.000</ele>
      </trkpt>
      <trkpt lat="45.045130000" lon="5.691540000">
        <ele>320.000</ele>
      </trkpt>
      <trkpt lat="45.045160000" lon="5.691460000">
        <ele>320.000</ele>
      </trkpt>
      <trkpt lat="45.045210000" lon="5.691310000">
        <ele>321.000</ele>
      </trkpt>
      <trkpt lat="45.045250000" lon="5.691190000">
        <ele>321.000</ele>
      </trkpt>
      <trkpt lat="45.045340000" lon="5.691020000">
        <ele>321.000</ele>
      </trkpt>
      <trkpt lat="45.045440000" lon="5.690850000">
        <ele>322.000</ele>
      </trkpt>
      <trkpt lat="45.045570000" lon="5.690660000">
        <ele>323.000</ele>
      </trkpt>
      <trkpt lat="45.045920000" lon="5.690230000">
        <ele>324.000</ele>
      </trkpt>
      <trkpt lat="45.046100000" lon="5.690010000">
        <ele>324.000</ele>
      </trkpt>
      <trkpt lat="45.046190000" lon="5.689880000">
        <ele>325.000</ele>
      </trkpt>
      <trkpt lat="45.046260000" lon="5.689770000">
        <ele>326.000</ele>
      </trkpt>
      <trkpt lat="45.046340000" lon="5.689610000">
        <ele>326.000</ele>
      </trkpt>
      <trkpt lat="45.046430000" lon="5.689420000">
        <ele>326.000</ele>
      </trkpt>
      <trkpt lat="45.046600000" lon="5.689040000">
        <ele>327.000</ele>
      </trkpt>
      <trkpt lat="45.047020000" lon="5.688050000">
        <ele>328.000</ele>
      </trkpt>
      <trkpt lat="45.047130000" lon="5.687830000">
        <ele>328.000</ele>
      </trkpt>
      <trkpt lat="45.047240000" lon="5.687610000">
        <ele>328.000</ele>
      </trkpt>
      <trkpt lat="45.047270000" lon="5.687530000">
        <ele>328.000</ele>
      </trkpt>
      <trkpt lat="45.047490000" lon="5.687150000">
        <ele>328.000</ele>
      </trkpt>
      <trkpt lat="45.047540000" lon="5.687060000">
        <ele>327.000</ele>
      </trkpt>
      <trkpt lat="45.047590000" lon="5.686980000">
        <ele>327.000</ele>
      </trkpt>
      <trkpt lat="45.048080000" lon="5.686070000">
        <ele>326.000</ele>
      </trkpt>
      <trkpt lat="45.048190000" lon="5.685850000">
        <ele>325.000</ele>
      </trkpt>
      <trkpt lat="45.048350000" lon="5.685580000">
        <ele>324.000</ele>
      </trkpt>
      <trkpt lat="45.048420000" lon="5.685480000">
        <ele>323.000</ele>
      </trkpt>
      <trkpt lat="45.048520000" lon="5.685330000">
        <ele>322.000</ele>
      </trkpt>
      <trkpt lat="45.048610000" lon="5.685220000">
        <ele>321.000</ele>
      </trkpt>
      <trkpt lat="45.048860000" lon="5.684880000">
        <ele>320.000</ele>
      </trkpt>
      <trkpt lat="45.049500000" lon="5.684040000">
        <ele>318.000</ele>
      </trkpt>
      <trkpt lat="45.049620000" lon="5.683860000">
        <ele>316.000</ele>
      </trkpt>
      <trkpt lat="45.049720000" lon="5.683720000">
        <ele>314.000</ele>
      </trkpt>
      <trkpt lat="45.049820000" lon="5.683570000">
        <ele>313.000</ele>
      </trkpt>
      <trkpt lat="45.049900000" lon="5.683380000">
        <ele>312.000</ele>
      </trkpt>
      <trkpt lat="45.050100000" lon="5.682880000">
        <ele>311.000</ele>
      </trkpt>
      <trkpt lat="45.050180000" lon="5.682670000">
        <ele>311.000</ele>
      </trkpt>
      <trkpt lat="45.050190000" lon="5.682630000">
        <ele>310.000</ele>
      </trkpt>
      <trkpt lat="45.050200000" lon="5.682610000">
        <ele>310.000</ele>
      </trkpt>
      <trkpt lat="45.050230000" lon="5.682520000">
        <ele>309.000</ele>
      </trkpt>
      <trkpt lat="45.050250000" lon="5.682480000">
        <ele>309.000</ele>
      </trkpt>
      <trkpt lat="45.050330000" lon="5.682320000">
        <ele>309.000</ele>
      </trkpt>
      <trkpt lat="45.050360000" lon="5.682240000">
        <ele>308.000</ele>
      </trkpt>
      <trkpt lat="45.050450000" lon="5.682030000">
        <ele>308.000</ele>
      </trkpt>
      <trkpt lat="45.050480000" lon="5.681990000">
        <ele>308.000</ele>
      </trkpt>
      <trkpt lat="45.050600000" lon="5.681730000">
        <ele>307.000</ele>
      </trkpt>
      <trkpt lat="45.050740000" lon="5.681440000">
        <ele>307.000</ele>
      </trkpt>
      <trkpt lat="45.051090000" lon="5.680700000">
        <ele>307.000</ele>
      </trkpt>
      <trkpt lat="45.051460000" lon="5.679910000">
        <ele>307.000</ele>
      </trkpt>
      <trkpt lat="45.051490000" lon="5.679860000">
        <ele>307.000</ele>
      </trkpt>
      <trkpt lat="45.051540000" lon="5.679760000">
        <ele>307.000</ele>
      </trkpt>
      <trkpt lat="45.051600000" lon="5.679630000">
        <ele>307.000</ele>
      </trkpt>
      <trkpt lat="45.051620000" lon="5.679570000">
        <ele>307.000</ele>
      </trkpt>
      <trkpt lat="45.052350000" lon="5.677950000">
        <ele>308.000</ele>
      </trkpt>
      <trkpt lat="45.052420000" lon="5.677820000">
        <ele>308.000</ele>
      </trkpt>
      <trkpt lat="45.052430000" lon="5.677720000">
        <ele>309.000</ele>
      </trkpt>
      <trkpt lat="45.052440000" lon="5.677650000">
        <ele>309.000</ele>
      </trkpt>
      <trkpt lat="45.052420000" lon="5.677570000">
        <ele>309.000</ele>
      </trkpt>
      <trkpt lat="45.052390000" lon="5.677490000">
        <ele>310.000</ele>
      </trkpt>
      <trkpt lat="45.052370000" lon="5.677450000">
        <ele>310.000</ele>
      </trkpt>
      <trkpt lat="45.052360000" lon="5.677390000">
        <ele>310.000</ele>
      </trkpt>
      <trkpt lat="45.052370000" lon="5.677340000">
        <ele>310.000</ele>
      </trkpt>
      <trkpt lat="45.052390000" lon="5.677280000">
        <ele>310.000</ele>
      </trkpt>
      <trkpt lat="45.052420000" lon="5.677250000">
        <ele>310.000</ele>
      </trkpt>
      <trkpt lat="45.052450000" lon="5.677230000">
        <ele>310.000</ele>
      </trkpt>
      <trkpt lat="45.052530000" lon="5.677240000">
        <ele>310.000</ele>
      </trkpt>
      <trkpt lat="45.052570000" lon="5.677250000">
        <ele>310.000</ele>
      </trkpt>
      <trkpt lat="45.052590000" lon="5.677300000">
        <ele>310.000</ele>
      </trkpt>
      <trkpt lat="45.052620000" lon="5.677340000">
        <ele>310.000</ele>
      </trkpt>
      <trkpt lat="45.052660000" lon="5.677360000">
        <ele>311.000</ele>
      </trkpt>
      <trkpt lat="45.052700000" lon="5.677370000">
        <ele>311.000</ele>
      </trkpt>
      <trkpt lat="45.052730000" lon="5.677360000">
        <ele>311.000</ele>
      </trkpt>
      <trkpt lat="45.052770000" lon="5.677340000">
        <ele>311.000</ele>
      </trkpt>
      <trkpt lat="45.052800000" lon="5.677310000">
        <ele>311.000</ele>
      </trkpt>
      <trkpt lat="45.052830000" lon="5.677260000">
        <ele>311.000</ele>
      </trkpt>
      <trkpt lat="45.052840000" lon="5.677210000">
        <ele>311.000</ele>
      </trkpt>
      <trkpt lat="45.052840000" lon="5.677150000">
        <ele>311.000</ele>
      </trkpt>
      <trkpt lat="45.052840000" lon="5.677100000">
        <ele>311.000</ele>
      </trkpt>
      <trkpt lat="45.052820000" lon="5.677050000">
        <ele>311.000</ele>
      </trkpt>
      <trkpt lat="45.052800000" lon="5.677000000">
        <ele>311.000</ele>
      </trkpt>
      <trkpt lat="45.052760000" lon="5.676970000">
        <ele>311.000</ele>
      </trkpt>
      <trkpt lat="45.052720000" lon="5.676950000">
        <ele>311.000</ele>
      </trkpt>
      <trkpt lat="45.052680000" lon="5.676950000">
        <ele>311.000</ele>
      </trkpt>
      <trkpt lat="45.052620000" lon="5.676850000">
        <ele>311.000</ele>
      </trkpt>
      <trkpt lat="45.052570000" lon="5.676740000">
        <ele>311.000</ele>
      </trkpt>
      <trkpt lat="45.052500000" lon="5.676580000">
        <ele>311.000</ele>
      </trkpt>
      <trkpt lat="45.052440000" lon="5.676410000">
        <ele>312.000</ele>
      </trkpt>
      <trkpt lat="45.052360000" lon="5.676070000">
        <ele>312.000</ele>
      </trkpt>
      <trkpt lat="45.052290000" lon="5.675730000">
        <ele>312.000</ele>
      </trkpt>
      <trkpt lat="45.052210000" lon="5.675380000">
        <ele>312.000</ele>
      </trkpt>
      <trkpt lat="45.052180000" lon="5.675290000">
        <ele>312.000</ele>
      </trkpt>
      <trkpt lat="45.052100000" lon="5.675040000">
        <ele>312.000</ele>
      </trkpt>
      <trkpt lat="45.052060000" lon="5.674930000">
        <ele>312.000</ele>
      </trkpt>
      <trkpt lat="45.052030000" lon="5.674850000">
        <ele>312.000</ele>
      </trkpt>
      <trkpt lat="45.052020000" lon="5.674810000">
        <ele>312.000</ele>
      </trkpt>
      <trkpt lat="45.051950000" lon="5.674650000">
        <ele>312.000</ele>
      </trkpt>
      <trkpt lat="45.051880000" lon="5.674480000">
        <ele>312.000</ele>
      </trkpt>
      <trkpt lat="45.051670000" lon="5.673990000">
        <ele>312.000</ele>
      </trkpt>
      <trkpt lat="45.051650000" lon="5.673950000">
        <ele>312.000</ele>
      </trkpt>
      <trkpt lat="45.051490000" lon="5.673600000">
        <ele>312.000</ele>
      </trkpt>
      <trkpt lat="45.051360000" lon="5.673350000">
        <ele>312.000</ele>
      </trkpt>
      <trkpt lat="45.051280000" lon="5.673120000">
        <ele>312.000</ele>
      </trkpt>
      <trkpt lat="45.051150000" lon="5.672850000">
        <ele>312.000</ele>
      </trkpt>
      <trkpt lat="45.051140000" lon="5.672830000">
        <ele>313.000</ele>
      </trkpt>
      <trkpt lat="45.051070000" lon="5.672690000">
        <ele>313.000</ele>
      </trkpt>
      <trkpt lat="45.050990000" lon="5.672550000">
        <ele>314.000</ele>
      </trkpt>
      <trkpt lat="45.050670000" lon="5.671950000">
        <ele>315.000</ele>
      </trkpt>
      <trkpt lat="45.050330000" lon="5.671410000">
        <ele>316.000</ele>
      </trkpt>
      <trkpt lat="45.050250000" lon="5.671270000">
        <ele>317.000</ele>
      </trkpt>
      <trkpt lat="45.050100000" lon="5.671050000">
        <ele>318.000</ele>
      </trkpt>
      <trkpt lat="45.050050000" lon="5.670960000">
        <ele>318.000</ele>
      </trkpt>
      <trkpt lat="45.049870000" lon="5.670630000">
        <ele>318.000</ele>
      </trkpt>
      <trkpt lat="45.049650000" lon="5.670250000">
        <ele>318.000</ele>
      </trkpt>
      <trkpt lat="45.049370000" lon="5.669740000">
        <ele>318.000</ele>
      </trkpt>
      <trkpt lat="45.049180000" lon="5.669430000">
        <ele>318.000</ele>
      </trkpt>
      <trkpt lat="45.049110000" lon="5.669310000">
        <ele>318.000</ele>
      </trkpt>
      <trkpt lat="45.048900000" lon="5.668970000">
        <ele>318.000</ele>
      </trkpt>
      <trkpt lat="45.048880000" lon="5.668910000">
        <ele>318.000</ele>
      </trkpt>
      <trkpt lat="45.048860000" lon="5.668740000">
        <ele>319.000</ele>
      </trkpt>
      <trkpt lat="45.048850000" lon="5.668700000">
        <ele>319.000</ele>
      </trkpt>
      <trkpt lat="45.048880000" lon="5.668650000">
        <ele>320.000</ele>
      </trkpt>
      <trkpt lat="45.048890000" lon="5.668580000">
        <ele>320.000</ele>
      </trkpt>
      <trkpt lat="45.048890000" lon="5.668520000">
        <ele>320.000</ele>
      </trkpt>
      <trkpt lat="45.048870000" lon="5.668460000">
        <ele>321.000</ele>
      </trkpt>
      <trkpt lat="45.048850000" lon="5.668410000">
        <ele>321.000</ele>
      </trkpt>
      <trkpt lat="45.048820000" lon="5.668380000">
        <ele>321.000</ele>
      </trkpt>
      <trkpt lat="45.048790000" lon="5.668360000">
        <ele>322.000</ele>
      </trkpt>
      <trkpt lat="45.048760000" lon="5.668350000">
        <ele>322.000</ele>
      </trkpt>
      <trkpt lat="45.048710000" lon="5.668360000">
        <ele>322.000</ele>
      </trkpt>
      <trkpt lat="45.048660000" lon="5.668380000">
        <ele>323.000</ele>
      </trkpt>
      <trkpt lat="45.048640000" lon="5.668420000">
        <ele>323.000</ele>
      </trkpt>
      <trkpt lat="45.048560000" lon="5.668450000">
        <ele>323.000</ele>
      </trkpt>
      <trkpt lat="45.048500000" lon="5.668450000">
        <ele>324.000</ele>
      </trkpt>
      <trkpt lat="45.048390000" lon="5.668400000">
        <ele>324.000</ele>
      </trkpt>
      <trkpt lat="45.048280000" lon="5.668370000">
        <ele>325.000</ele>
      </trkpt>
      <trkpt lat="45.048150000" lon="5.668330000">
        <ele>326.000</ele>
      </trkpt>
      <trkpt lat="45.047940000" lon="5.668320000">
        <ele>327.000</ele>
      </trkpt>
      <trkpt lat="45.047890000" lon="5.668310000">
        <ele>328.000</ele>
      </trkpt>
      <trkpt lat="45.047840000" lon="5.668310000">
        <ele>328.000</ele>
      </trkpt>
      <trkpt lat="45.047700000" lon="5.668310000">
        <ele>329.000</ele>
      </trkpt>
      <trkpt lat="45.047530000" lon="5.668300000">
        <ele>330.000</ele>
      </trkpt>
      <trkpt lat="45.047340000" lon="5.668280000">
        <ele>331.000</ele>
      </trkpt>
      <trkpt lat="45.047060000" lon="5.668190000">
        <ele>332.000</ele>
      </trkpt>
      <trkpt lat="45.046340000" lon="5.667910000">
        <ele>333.000</ele>
      </trkpt>
      <trkpt lat="45.045170000" lon="5.667480000">
        <ele>335.000</ele>
      </trkpt>
      <trkpt lat="45.044380000" lon="5.667190000">
        <ele>337.000</ele>
      </trkpt>
      <trkpt lat="45.044380000" lon="5.667190000">
        <ele>339.000</ele>
      </trkpt>
      <trkpt lat="45.044050000" lon="5.667070000">
        <ele>341.000</ele>
      </trkpt>
      <trkpt lat="45.043810000" lon="5.666980000">
        <ele>342.000</ele>
      </trkpt>
      <trkpt lat="45.043590000" lon="5.666940000">
        <ele>343.000</ele>
      </trkpt>
      <trkpt lat="45.043470000" lon="5.666930000">
        <ele>344.000</ele>
      </trkpt>
      <trkpt lat="45.043250000" lon="5.666920000">
        <ele>345.000</ele>
      </trkpt>
      <trkpt lat="45.043180000" lon="5.666930000">
        <ele>346.000</ele>
      </trkpt>
      <trkpt lat="45.043030000" lon="5.666970000">
        <ele>347.000</ele>
      </trkpt>
      <trkpt lat="45.042860000" lon="5.667050000">
        <ele>348.000</ele>
      </trkpt>
      <trkpt lat="45.042710000" lon="5.667170000">
        <ele>349.000</ele>
      </trkpt>
      <trkpt lat="45.042320000" lon="5.667520000">
        <ele>351.000</ele>
      </trkpt>
      <trkpt lat="45.041860000" lon="5.667960000">
        <ele>353.000</ele>
      </trkpt>
      <trkpt lat="45.041380000" lon="5.668460000">
        <ele>355.000</ele>
      </trkpt>
      <trkpt lat="45.041140000" lon="5.668870000">
        <ele>358.000</ele>
      </trkpt>
      <trkpt lat="45.040980000" lon="5.669210000">
        <ele>360.000</ele>
      </trkpt>
      <trkpt lat="45.040830000" lon="5.669580000">
        <ele>362.000</ele>
      </trkpt>
      <trkpt lat="45.040750000" lon="5.669860000">
        <ele>364.000</ele>
      </trkpt>
      <trkpt lat="45.040720000" lon="5.669960000">
        <ele>365.000</ele>
      </trkpt>
      <trkpt lat="45.040580000" lon="5.670400000">
        <ele>367.000</ele>
      </trkpt>
      <trkpt lat="45.040470000" lon="5.670640000">
        <ele>368.000</ele>
      </trkpt>
      <trkpt lat="45.040330000" lon="5.670880000">
        <ele>370.000</ele>
      </trkpt>
      <trkpt lat="45.040250000" lon="5.671000000">
        <ele>371.000</ele>
      </trkpt>
      <trkpt lat="45.040060000" lon="5.671220000">
        <ele>372.000</ele>
      </trkpt>
      <trkpt lat="45.039910000" lon="5.671360000">
        <ele>373.000</ele>
      </trkpt>
      <trkpt lat="45.039810000" lon="5.671430000">
        <ele>374.000</ele>
      </trkpt>
      <trkpt lat="45.039700000" lon="5.671510000">
        <ele>375.000</ele>
      </trkpt>
      <trkpt lat="45.039560000" lon="5.671570000">
        <ele>376.000</ele>
      </trkpt>
      <trkpt lat="45.039360000" lon="5.671640000">
        <ele>377.000</ele>
      </trkpt>
      <trkpt lat="45.039190000" lon="5.671680000">
        <ele>378.000</ele>
      </trkpt>
      <trkpt lat="45.039020000" lon="5.671690000">
        <ele>379.000</ele>
      </trkpt>
      <trkpt lat="45.038870000" lon="5.671680000">
        <ele>380.000</ele>
      </trkpt>
      <trkpt lat="45.038710000" lon="5.671650000">
        <ele>380.000</ele>
      </trkpt>
      <trkpt lat="45.038670000" lon="5.671640000">
        <ele>381.000</ele>
      </trkpt>
      <trkpt lat="45.038520000" lon="5.671590000">
        <ele>382.000</ele>
      </trkpt>
      <trkpt lat="45.038300000" lon="5.671470000">
        <ele>382.000</ele>
      </trkpt>
      <trkpt lat="45.038120000" lon="5.671350000">
        <ele>383.000</ele>
      </trkpt>
      <trkpt lat="45.038010000" lon="5.671240000">
        <ele>384.000</ele>
      </trkpt>
      <trkpt lat="45.037890000" lon="5.671110000">
        <ele>384.000</ele>
      </trkpt>
      <trkpt lat="45.037770000" lon="5.670920000">
        <ele>385.000</ele>
      </trkpt>
      <trkpt lat="45.037580000" lon="5.670540000">
        <ele>385.000</ele>
      </trkpt>
      <trkpt lat="45.037450000" lon="5.670280000">
        <ele>386.000</ele>
      </trkpt>
      <trkpt lat="45.037350000" lon="5.670130000">
        <ele>387.000</ele>
      </trkpt>
      <trkpt lat="45.037250000" lon="5.670020000">
        <ele>387.000</ele>
      </trkpt>
      <trkpt lat="45.037140000" lon="5.669920000">
        <ele>388.000</ele>
      </trkpt>
      <trkpt lat="45.037060000" lon="5.669840000">
        <ele>389.000</ele>
      </trkpt>
      <trkpt lat="45.036900000" lon="5.669700000">
        <ele>390.000</ele>
      </trkpt>
      <trkpt lat="45.036670000" lon="5.669500000">
        <ele>391.000</ele>
      </trkpt>
      <trkpt lat="45.036520000" lon="5.669340000">
        <ele>393.000</ele>
      </trkpt>
      <trkpt lat="45.036340000" lon="5.669110000">
        <ele>394.000</ele>
      </trkpt>
      <trkpt lat="45.036240000" lon="5.668950000">
        <ele>396.000</ele>
      </trkpt>
      <trkpt lat="45.036020000" lon="5.668630000">
        <ele>398.000</ele>
      </trkpt>
      <trkpt lat="45.035830000" lon="5.668340000">
        <ele>400.000</ele>
      </trkpt>
      <trkpt lat="45.035750000" lon="5.668200000">
        <ele>401.000</ele>
      </trkpt>
      <trkpt lat="45.035670000" lon="5.668020000">
        <ele>403.000</ele>
      </trkpt>
      <trkpt lat="45.035430000" lon="5.667430000">
        <ele>405.000</ele>
      </trkpt>
      <trkpt lat="45.035230000" lon="5.666970000">
        <ele>407.000</ele>
      </trkpt>
      <trkpt lat="45.035110000" lon="5.666670000">
        <ele>409.000</ele>
      </trkpt>
      <trkpt lat="45.035030000" lon="5.666520000">
        <ele>411.000</ele>
      </trkpt>
      <trkpt lat="45.034940000" lon="5.666390000">
        <ele>413.000</ele>
      </trkpt>
      <trkpt lat="45.034840000" lon="5.666280000">
        <ele>414.000</ele>
      </trkpt>
      <trkpt lat="45.034730000" lon="5.666190000">
        <ele>415.000</ele>
      </trkpt>
      <trkpt lat="45.034540000" lon="5.666040000">
        <ele>416.000</ele>
      </trkpt>
      <trkpt lat="45.034220000" lon="5.665780000">
        <ele>418.000</ele>
      </trkpt>
      <trkpt lat="45.034080000" lon="5.665660000">
        <ele>419.000</ele>
      </trkpt>
      <trkpt lat="45.033960000" lon="5.665510000">
        <ele>420.000</ele>
      </trkpt>
      <trkpt lat="45.033880000" lon="5.665390000">
        <ele>421.000</ele>
      </trkpt>
      <trkpt lat="45.033840000" lon="5.665280000">
        <ele>422.000</ele>
      </trkpt>
      <trkpt lat="45.033780000" lon="5.665150000">
        <ele>423.000</ele>
      </trkpt>
      <trkpt lat="45.033750000" lon="5.665030000">
        <ele>423.000</ele>
      </trkpt>
      <trkpt lat="45.033720000" lon="5.664900000">
        <ele>424.000</ele>
      </trkpt>
      <trkpt lat="45.033700000" lon="5.664770000">
        <ele>424.000</ele>
      </trkpt>
      <trkpt lat="45.033690000" lon="5.664650000">
        <ele>425.000</ele>
      </trkpt>
      <trkpt lat="45.033690000" lon="5.664530000">
        <ele>425.000</ele>
      </trkpt>
      <trkpt lat="45.033700000" lon="5.664420000">
        <ele>426.000</ele>
      </trkpt>
      <trkpt lat="45.033720000" lon="5.664270000">
        <ele>426.000</ele>
      </trkpt>
      <trkpt lat="45.033750000" lon="5.664130000">
        <ele>427.000</ele>
      </trkpt>
      <trkpt lat="45.033790000" lon="5.664030000">
        <ele>427.000</ele>
      </trkpt>
      <trkpt lat="45.033810000" lon="5.663960000">
        <ele>427.000</ele>
      </trkpt>
      <trkpt lat="45.033860000" lon="5.663810000">
        <ele>428.000</ele>
      </trkpt>
      <trkpt lat="45.034090000" lon="5.663260000">
        <ele>428.000</ele>
      </trkpt>
      <trkpt lat="45.034170000" lon="5.663030000">
        <ele>428.000</ele>
      </trkpt>
      <trkpt lat="45.034220000" lon="5.662870000">
        <ele>429.000</ele>
      </trkpt>
      <trkpt lat="45.034260000" lon="5.662670000">
        <ele>429.000</ele>
      </trkpt>
      <trkpt lat="45.034270000" lon="5.662560000">
        <ele>429.000</ele>
      </trkpt>
      <trkpt lat="45.034270000" lon="5.662460000">
        <ele>429.000</ele>
      </trkpt>
      <trkpt lat="45.034270000" lon="5.662380000">
        <ele>430.000</ele>
      </trkpt>
      <trkpt lat="45.034270000" lon="5.662290000">
        <ele>430.000</ele>
      </trkpt>
      <trkpt lat="45.034260000" lon="5.662210000">
        <ele>430.000</ele>
      </trkpt>
      <trkpt lat="45.034250000" lon="5.662090000">
        <ele>430.000</ele>
      </trkpt>
      <trkpt lat="45.034220000" lon="5.661950000">
        <ele>430.000</ele>
      </trkpt>
      <trkpt lat="45.034170000" lon="5.661840000">
        <ele>430.000</ele>
      </trkpt>
      <trkpt lat="45.034100000" lon="5.661690000">
        <ele>431.000</ele>
      </trkpt>
      <trkpt lat="45.034050000" lon="5.661590000">
        <ele>431.000</ele>
      </trkpt>
      <trkpt lat="45.033990000" lon="5.661510000">
        <ele>431.000</ele>
      </trkpt>
      <trkpt lat="45.033930000" lon="5.661430000">
        <ele>432.000</ele>
      </trkpt>
      <trkpt lat="45.033850000" lon="5.661350000">
        <ele>432.000</ele>
      </trkpt>
      <trkpt lat="45.033780000" lon="5.661300000">
        <ele>433.000</ele>
      </trkpt>
      <trkpt lat="45.033690000" lon="5.661250000">
        <ele>434.000</ele>
      </trkpt>
      <trkpt lat="45.033600000" lon="5.661200000">
        <ele>434.000</ele>
      </trkpt>
      <trkpt lat="45.033520000" lon="5.661180000">
        <ele>435.000</ele>
      </trkpt>
      <trkpt lat="45.033460000" lon="5.661170000">
        <ele>435.000</ele>
      </trkpt>
      <trkpt lat="45.033390000" lon="5.661170000">
        <ele>436.000</ele>
      </trkpt>
      <trkpt lat="45.033300000" lon="5.661170000">
        <ele>436.000</ele>
      </trkpt>
      <trkpt lat="45.033200000" lon="5.661200000">
        <ele>437.000</ele>
      </trkpt>
      <trkpt lat="45.033130000" lon="5.661220000">
        <ele>437.000</ele>
      </trkpt>
      <trkpt lat="45.033070000" lon="5.661250000">
        <ele>438.000</ele>
      </trkpt>
      <trkpt lat="45.032990000" lon="5.661300000">
        <ele>438.000</ele>
      </trkpt>
      <trkpt lat="45.032910000" lon="5.661360000">
        <ele>439.000</ele>
      </trkpt>
      <trkpt lat="45.032820000" lon="5.661450000">
        <ele>439.000</ele>
      </trkpt>
      <trkpt lat="45.032760000" lon="5.661520000">
        <ele>440.000</ele>
      </trkpt>
      <trkpt lat="45.032680000" lon="5.661640000">
        <ele>441.000</ele>
      </trkpt>
      <trkpt lat="45.032610000" lon="5.661770000">
        <ele>441.000</ele>
      </trkpt>
      <trkpt lat="45.032460000" lon="5.662100000">
        <ele>442.000</ele>
      </trkpt>
      <trkpt lat="45.032200000" lon="5.662750000">
        <ele>443.000</ele>
      </trkpt>
      <trkpt lat="45.032010000" lon="5.663220000">
        <ele>445.000</ele>
      </trkpt>
      <trkpt lat="45.031890000" lon="5.663450000">
        <ele>446.000</ele>
      </trkpt>
      <trkpt lat="45.031830000" lon="5.663550000">
        <ele>447.000</ele>
      </trkpt>
      <trkpt lat="45.031760000" lon="5.663640000">
        <ele>448.000</ele>
      </trkpt>
      <trkpt lat="45.031680000" lon="5.663710000">
        <ele>449.000</ele>
      </trkpt>
      <trkpt lat="45.031600000" lon="5.663780000">
        <ele>450.000</ele>
      </trkpt>
      <trkpt lat="45.031460000" lon="5.663880000">
        <ele>450.000</ele>
      </trkpt>
      <trkpt lat="45.030990000" lon="5.664140000">
        <ele>452.000</ele>
      </trkpt>
      <trkpt lat="45.030880000" lon="5.664200000">
        <ele>453.000</ele>
      </trkpt>
      <trkpt lat="45.030750000" lon="5.664260000">
        <ele>454.000</ele>
      </trkpt>
      <trkpt lat="45.030650000" lon="5.664300000">
        <ele>454.000</ele>
      </trkpt>
      <trkpt lat="45.030570000" lon="5.664330000">
        <ele>455.000</ele>
      </trkpt>
      <trkpt lat="45.030510000" lon="5.664340000">
        <ele>456.000</ele>
      </trkpt>
      <trkpt lat="45.030420000" lon="5.664350000">
        <ele>456.000</ele>
      </trkpt>
      <trkpt lat="45.030340000" lon="5.664360000">
        <ele>457.000</ele>
      </trkpt>
      <trkpt lat="45.030180000" lon="5.664350000">
        <ele>457.000</ele>
      </trkpt>
      <trkpt lat="45.029990000" lon="5.664320000">
        <ele>458.000</ele>
      </trkpt>
      <trkpt lat="45.029890000" lon="5.664290000">
        <ele>459.000</ele>
      </trkpt>
      <trkpt lat="45.029770000" lon="5.664250000">
        <ele>459.000</ele>
      </trkpt>
      <trkpt lat="45.029620000" lon="5.664170000">
        <ele>460.000</ele>
      </trkpt>
      <trkpt lat="45.029460000" lon="5.664060000">
        <ele>461.000</ele>
      </trkpt>
      <trkpt lat="45.029260000" lon="5.663900000">
        <ele>462.000</ele>
      </trkpt>
      <trkpt lat="45.028130000" lon="5.662900000">
        <ele>465.000</ele>
      </trkpt>
      <trkpt lat="45.027920000" lon="5.662680000">
        <ele>467.000</ele>
      </trkpt>
      <trkpt lat="45.027780000" lon="5.662560000">
        <ele>469.000</ele>
      </trkpt>
      <trkpt lat="45.027590000" lon="5.662420000">
        <ele>471.000</ele>
      </trkpt>
      <trkpt lat="45.027370000" lon="5.662290000">
        <ele>472.000</ele>
      </trkpt>
      <trkpt lat="45.027180000" lon="5.662210000">
        <ele>472.000</ele>
      </trkpt>
      <trkpt lat="45.027040000" lon="5.662150000">
        <ele>473.000</ele>
      </trkpt>
      <trkpt lat="45.026750000" lon="5.662060000">
        <ele>474.000</ele>
      </trkpt>
      <trkpt lat="45.026590000" lon="5.662040000">
        <ele>474.000</ele>
      </trkpt>
      <trkpt lat="45.026290000" lon="5.662030000">
        <ele>475.000</ele>
      </trkpt>
      <trkpt lat="45.026040000" lon="5.662050000">
        <ele>475.000</ele>
      </trkpt>
      <trkpt lat="45.025320000" lon="5.662080000">
        <ele>477.000</ele>
      </trkpt>
      <trkpt lat="45.025130000" lon="5.662070000">
        <ele>478.000</ele>
      </trkpt>
      <trkpt lat="45.025010000" lon="5.662050000">
        <ele>480.000</ele>
      </trkpt>
      <trkpt lat="45.024900000" lon="5.662020000">
        <ele>481.000</ele>
      </trkpt>
      <trkpt lat="45.024730000" lon="5.661960000">
        <ele>482.000</ele>
      </trkpt>
      <trkpt lat="45.024510000" lon="5.661870000">
        <ele>483.000</ele>
      </trkpt>
      <trkpt lat="45.023120000" lon="5.661360000">
        <ele>486.000</ele>
      </trkpt>
      <trkpt lat="45.022860000" lon="5.661270000">
        <ele>488.000</ele>
      </trkpt>
      <trkpt lat="45.022700000" lon="5.661230000">
        <ele>490.000</ele>
      </trkpt>
      <trkpt lat="45.022510000" lon="5.661200000">
        <ele>491.000</ele>
      </trkpt>
      <trkpt lat="45.021980000" lon="5.661110000">
        <ele>493.000</ele>
      </trkpt>
      <trkpt lat="45.021800000" lon="5.661070000">
        <ele>494.000</ele>
      </trkpt>
      <trkpt lat="45.021600000" lon="5.661020000">
        <ele>495.000</ele>
      </trkpt>
      <trkpt lat="45.021440000" lon="5.660970000">
        <ele>495.000</ele>
      </trkpt>
      <trkpt lat="45.021120000" lon="5.660830000">
        <ele>496.000</ele>
      </trkpt>
      <trkpt lat="45.020870000" lon="5.660750000">
        <ele>497.000</ele>
      </trkpt>
      <trkpt lat="45.020740000" lon="5.660710000">
        <ele>498.000</ele>
      </trkpt>
      <trkpt lat="45.020580000" lon="5.660680000">
        <ele>498.000</ele>
      </trkpt>
      <trkpt lat="45.020360000" lon="5.660660000">
        <ele>499.000</ele>
      </trkpt>
      <trkpt lat="45.019530000" lon="5.660560000">
        <ele>501.000</ele>
      </trkpt>
      <trkpt lat="45.019310000" lon="5.660520000">
        <ele>503.000</ele>
      </trkpt>
      <trkpt lat="45.019110000" lon="5.660480000">
        <ele>504.000</ele>
      </trkpt>
      <trkpt lat="45.018880000" lon="5.660400000">
        <ele>506.000</ele>
      </trkpt>
      <trkpt lat="45.018670000" lon="5.660310000">
        <ele>508.000</ele>
      </trkpt>
      <trkpt lat="45.018470000" lon="5.660200000">
        <ele>510.000</ele>
      </trkpt>
      <trkpt lat="45.018270000" lon="5.660080000">
        <ele>511.000</ele>
      </trkpt>
      <trkpt lat="45.018140000" lon="5.659980000">
        <ele>513.000</ele>
      </trkpt>
      <trkpt lat="45.017940000" lon="5.659820000">
        <ele>515.000</ele>
      </trkpt>
      <trkpt lat="45.017720000" lon="5.659630000">
        <ele>517.000</ele>
      </trkpt>
      <trkpt lat="45.017550000" lon="5.659480000">
        <ele>519.000</ele>
      </trkpt>
      <trkpt lat="45.017390000" lon="5.659360000">
        <ele>520.000</ele>
      </trkpt>
      <trkpt lat="45.017210000" lon="5.659240000">
        <ele>521.000</ele>
      </trkpt>
      <trkpt lat="45.017030000" lon="5.659130000">
        <ele>522.000</ele>
      </trkpt>
      <trkpt lat="45.016820000" lon="5.659020000">
        <ele>523.000</ele>
      </trkpt>
      <trkpt lat="45.016560000" lon="5.658900000">
        <ele>524.000</ele>
      </trkpt>
      <trkpt lat="45.015960000" lon="5.658660000">
        <ele>525.000</ele>
      </trkpt>
      <trkpt lat="45.015810000" lon="5.658610000">
        <ele>526.000</ele>
      </trkpt>
      <trkpt lat="45.015310000" lon="5.658410000">
        <ele>527.000</ele>
      </trkpt>
      <trkpt lat="45.014790000" lon="5.658200000">
        <ele>529.000</ele>
      </trkpt>
      <trkpt lat="45.014440000" lon="5.658070000">
        <ele>531.000</ele>
      </trkpt>
      <trkpt lat="45.014290000" lon="5.658010000">
        <ele>532.000</ele>
      </trkpt>
      <trkpt lat="45.014130000" lon="5.657960000">
        <ele>533.000</ele>
      </trkpt>
      <trkpt lat="45.013970000" lon="5.657930000">
        <ele>534.000</ele>
      </trkpt>
      <trkpt lat="45.013810000" lon="5.657920000">
        <ele>535.000</ele>
      </trkpt>
      <trkpt lat="45.013530000" lon="5.657900000">
        <ele>536.000</ele>
      </trkpt>
      <trkpt lat="45.012800000" lon="5.657900000">
        <ele>538.000</ele>
      </trkpt>
      <trkpt lat="45.012440000" lon="5.657880000">
        <ele>539.000</ele>
      </trkpt>
      <trkpt lat="45.012200000" lon="5.657860000">
        <ele>540.000</ele>
      </trkpt>
      <trkpt lat="45.011920000" lon="5.657810000">
        <ele>541.000</ele>
      </trkpt>
      <trkpt lat="45.011670000" lon="5.657750000">
        <ele>542.000</ele>
      </trkpt>
      <trkpt lat="45.011460000" lon="5.657700000">
        <ele>543.000</ele>
      </trkpt>
      <trkpt lat="45.011200000" lon="5.657610000">
        <ele>544.000</ele>
      </trkpt>
      <trkpt lat="45.010960000" lon="5.657530000">
        <ele>545.000</ele>
      </trkpt>
      <trkpt lat="45.010710000" lon="5.657420000">
        <ele>546.000</ele>
      </trkpt>
      <trkpt lat="45.010460000" lon="5.657300000">
        <ele>547.000</ele>
      </trkpt>
      <trkpt lat="45.009290000" lon="5.656670000">
        <ele>549.000</ele>
      </trkpt>
      <trkpt lat="45.009050000" lon="5.656550000">
        <ele>551.000</ele>
      </trkpt>
      <trkpt lat="45.008800000" lon="5.656430000">
        <ele>553.000</ele>
      </trkpt>
      <trkpt lat="45.008390000" lon="5.656280000">
        <ele>554.000</ele>
      </trkpt>
      <trkpt lat="45.007220000" lon="5.655840000">
        <ele>557.000</ele>
      </trkpt>
      <trkpt lat="45.006960000" lon="5.655710000">
        <ele>559.000</ele>
      </trkpt>
      <trkpt lat="45.006730000" lon="5.655570000">
        <ele>562.000</ele>
      </trkpt>
      <trkpt lat="45.006480000" lon="5.655410000">
        <ele>564.000</ele>
      </trkpt>
      <trkpt lat="45.006310000" lon="5.655290000">
        <ele>565.000</ele>
      </trkpt>
      <trkpt lat="45.006190000" lon="5.655220000">
        <ele>567.000</ele>
      </trkpt>
      <trkpt lat="45.006010000" lon="5.655140000">
        <ele>568.000</ele>
      </trkpt>
      <trkpt lat="45.005850000" lon="5.655080000">
        <ele>569.000</ele>
      </trkpt>
      <trkpt lat="45.005730000" lon="5.655050000">
        <ele>570.000</ele>
      </trkpt>
      <trkpt lat="45.005580000" lon="5.655020000">
        <ele>571.000</ele>
      </trkpt>
      <trkpt lat="45.005420000" lon="5.655000000">
        <ele>572.000</ele>
      </trkpt>
      <trkpt lat="45.005000000" lon="5.654960000">
        <ele>573.000</ele>
      </trkpt>
      <trkpt lat="45.003930000" lon="5.654850000">
        <ele>575.000</ele>
      </trkpt>
      <trkpt lat="45.003520000" lon="5.654810000">
        <ele>577.000</ele>
      </trkpt>
      <trkpt lat="45.003280000" lon="5.654780000">
        <ele>578.000</ele>
      </trkpt>
      <trkpt lat="45.003040000" lon="5.654750000">
        <ele>579.000</ele>
      </trkpt>
      <trkpt lat="45.002740000" lon="5.654670000">
        <ele>580.000</ele>
      </trkpt>
      <trkpt lat="45.002580000" lon="5.654630000">
        <ele>581.000</ele>
      </trkpt>
      <trkpt lat="45.002470000" lon="5.654590000">
        <ele>582.000</ele>
      </trkpt>
      <trkpt lat="45.001930000" lon="5.654380000">
        <ele>583.000</ele>
      </trkpt>
      <trkpt lat="45.001930000" lon="5.654380000">
        <ele>583.000</ele>
      </trkpt>
      <trkpt lat="45.001770000" lon="5.654310000">
        <ele>584.000</ele>
      </trkpt>
      <trkpt lat="45.000900000" lon="5.653910000">
        <ele>585.000</ele>
      </trkpt>
      <trkpt lat="45.000140000" lon="5.653590000">
        <ele>587.000</ele>
      </trkpt>
      <trkpt lat="44.999930000" lon="5.653500000">
        <ele>588.000</ele>
      </trkpt>
      <trkpt lat="44.999740000" lon="5.653400000">
        <ele>589.000</ele>
      </trkpt>
      <trkpt lat="44.999240000" lon="5.653130000">
        <ele>590.000</ele>
      </trkpt>
      <trkpt lat="44.997830000" lon="5.652340000">
        <ele>592.000</ele>
      </trkpt>
      <trkpt lat="44.997350000" lon="5.652090000">
        <ele>594.000</ele>
      </trkpt>
      <trkpt lat="44.996840000" lon="5.651840000">
        <ele>596.000</ele>
      </trkpt>
      <trkpt lat="44.996320000" lon="5.651620000">
        <ele>598.000</ele>
      </trkpt>
      <trkpt lat="44.995710000" lon="5.651380000">
        <ele>600.000</ele>
      </trkpt>
      <trkpt lat="44.994240000" lon="5.650790000">
        <ele>602.000</ele>
      </trkpt>
      <trkpt lat="44.993880000" lon="5.650650000">
        <ele>604.000</ele>
      </trkpt>
      <trkpt lat="44.993560000" lon="5.650520000">
        <ele>605.000</ele>
      </trkpt>
      <trkpt lat="44.992120000" lon="5.649960000">
        <ele>609.000</ele>
      </trkpt>
      <trkpt lat="44.991550000" lon="5.649720000">
        <ele>614.000</ele>
      </trkpt>
      <trkpt lat="44.991420000" lon="5.649700000">
        <ele>617.000</ele>
      </trkpt>
      <trkpt lat="44.991220000" lon="5.649670000">
        <ele>619.000</ele>
      </trkpt>
      <trkpt lat="44.990960000" lon="5.649650000">
        <ele>622.000</ele>
      </trkpt>
      <trkpt lat="44.990940000" lon="5.649640000">
        <ele>623.000</ele>
      </trkpt>
      <trkpt lat="44.990770000" lon="5.649630000">
        <ele>625.000</ele>
      </trkpt>
      <trkpt lat="44.990410000" lon="5.649600000">
        <ele>627.000</ele>
      </trkpt>
      <trkpt lat="44.990280000" lon="5.649590000">
        <ele>628.000</ele>
      </trkpt>
      <trkpt lat="44.990110000" lon="5.649550000">
        <ele>630.000</ele>
      </trkpt>
      <trkpt lat="44.989940000" lon="5.649490000">
        <ele>631.000</ele>
      </trkpt>
      <trkpt lat="44.989620000" lon="5.649370000">
        <ele>632.000</ele>
      </trkpt>
      <trkpt lat="44.989170000" lon="5.649190000">
        <ele>633.000</ele>
      </trkpt>
      <trkpt lat="44.988990000" lon="5.649100000">
        <ele>634.000</ele>
      </trkpt>
      <trkpt lat="44.988830000" lon="5.649000000">
        <ele>635.000</ele>
      </trkpt>
      <trkpt lat="44.988730000" lon="5.648920000">
        <ele>636.000</ele>
      </trkpt>
      <trkpt lat="44.988490000" lon="5.648680000">
        <ele>637.000</ele>
      </trkpt>
      <trkpt lat="44.988440000" lon="5.648620000">
        <ele>637.000</ele>
      </trkpt>
      <trkpt lat="44.988410000" lon="5.648550000">
        <ele>638.000</ele>
      </trkpt>
      <trkpt lat="44.988400000" lon="5.648490000">
        <ele>638.000</ele>
      </trkpt>
      <trkpt lat="44.988380000" lon="5.648450000">
        <ele>639.000</ele>
      </trkpt>
      <trkpt lat="44.988360000" lon="5.648410000">
        <ele>639.000</ele>
      </trkpt>
      <trkpt lat="44.988310000" lon="5.648350000">
        <ele>639.000</ele>
      </trkpt>
      <trkpt lat="44.988260000" lon="5.648320000">
        <ele>639.000</ele>
      </trkpt>
      <trkpt lat="44.988190000" lon="5.648320000">
        <ele>639.000</ele>
      </trkpt>
      <trkpt lat="44.988140000" lon="5.648340000">
        <ele>640.000</ele>
      </trkpt>
      <trkpt lat="44.988100000" lon="5.648370000">
        <ele>640.000</ele>
      </trkpt>
      <trkpt lat="44.988050000" lon="5.648370000">
        <ele>640.000</ele>
      </trkpt>
      <trkpt lat="44.987990000" lon="5.648360000">
        <ele>640.000</ele>
      </trkpt>
      <trkpt lat="44.987950000" lon="5.648340000">
        <ele>640.000</ele>
      </trkpt>
      <trkpt lat="44.987880000" lon="5.648300000">
        <ele>641.000</ele>
      </trkpt>
      <trkpt lat="44.987810000" lon="5.648270000">
        <ele>641.000</ele>
      </trkpt>
      <trkpt lat="44.987730000" lon="5.648270000">
        <ele>641.000</ele>
      </trkpt>
      <trkpt lat="44.987620000" lon="5.648250000">
        <ele>641.000</ele>
      </trkpt>
      <trkpt lat="44.987330000" lon="5.648220000">
        <ele>642.000</ele>
      </trkpt>
      <trkpt lat="44.987190000" lon="5.648200000">
        <ele>642.000</ele>
      </trkpt>
      <trkpt lat="44.987040000" lon="5.648170000">
        <ele>643.000</ele>
      </trkpt>
      <trkpt lat="44.986890000" lon="5.648120000">
        <ele>643.000</ele>
      </trkpt>
      <trkpt lat="44.986750000" lon="5.648050000">
        <ele>644.000</ele>
      </trkpt>
      <trkpt lat="44.986580000" lon="5.647950000">
        <ele>644.000</ele>
      </trkpt>
      <trkpt lat="44.986360000" lon="5.647810000">
        <ele>645.000</ele>
      </trkpt>
      <trkpt lat="44.985770000" lon="5.647420000">
        <ele>647.000</ele>
      </trkpt>
      <trkpt lat="44.985440000" lon="5.647230000">
        <ele>649.000</ele>
      </trkpt>
      <trkpt lat="44.985210000" lon="5.647130000">
        <ele>651.000</ele>
      </trkpt>
      <trkpt lat="44.984640000" lon="5.646870000">
        <ele>653.000</ele>
      </trkpt>
      <trkpt lat="44.984150000" lon="5.646630000">
        <ele>655.000</ele>
      </trkpt>
      <trkpt lat="44.983940000" lon="5.646540000">
        <ele>657.000</ele>
      </trkpt>
      <trkpt lat="44.983790000" lon="5.646490000">
        <ele>658.000</ele>
      </trkpt>
      <trkpt lat="44.983560000" lon="5.646460000">
        <ele>659.000</ele>
      </trkpt>
      <trkpt lat="44.983130000" lon="5.646400000">
        <ele>661.000</ele>
      </trkpt>
      <trkpt lat="44.983000000" lon="5.646360000">
        <ele>662.000</ele>
      </trkpt>
      <trkpt lat="44.982840000" lon="5.646300000">
        <ele>663.000</ele>
      </trkpt>
      <trkpt lat="44.982690000" lon="5.646210000">
        <ele>663.000</ele>
      </trkpt>
      <trkpt lat="44.982460000" lon="5.646090000">
        <ele>664.000</ele>
      </trkpt>
      <trkpt lat="44.982210000" lon="5.645980000">
        <ele>665.000</ele>
      </trkpt>
      <trkpt lat="44.979870000" lon="5.645170000">
        <ele>667.000</ele>
      </trkpt>
      <trkpt lat="44.979510000" lon="5.645040000">
        <ele>669.000</ele>
      </trkpt>
      <trkpt lat="44.979280000" lon="5.644950000">
        <ele>671.000</ele>
      </trkpt>
      <trkpt lat="44.979210000" lon="5.644920000">
        <ele>672.000</ele>
      </trkpt>
      <trkpt lat="44.978990000" lon="5.644800000">
        <ele>673.000</ele>
      </trkpt>
      <trkpt lat="44.978450000" lon="5.644490000">
        <ele>674.000</ele>
      </trkpt>
      <trkpt lat="44.978150000" lon="5.644320000">
        <ele>675.000</ele>
      </trkpt>
      <trkpt lat="44.977850000" lon="5.644180000">
        <ele>676.000</ele>
      </trkpt>
      <trkpt lat="44.976180000" lon="5.643510000">
        <ele>678.000</ele>
      </trkpt>
      <trkpt lat="44.975930000" lon="5.643420000">
        <ele>680.000</ele>
      </trkpt>
      <trkpt lat="44.975660000" lon="5.643330000">
        <ele>681.000</ele>
      </trkpt>
      <trkpt lat="44.975430000" lon="5.643280000">
        <ele>682.000</ele>
      </trkpt>
      <trkpt lat="44.975230000" lon="5.643260000">
        <ele>682.000</ele>
      </trkpt>
      <trkpt lat="44.975060000" lon="5.643220000">
        <ele>683.000</ele>
      </trkpt>
      <trkpt lat="44.974880000" lon="5.643150000">
        <ele>684.000</ele>
      </trkpt>
      <trkpt lat="44.974570000" lon="5.643010000">
        <ele>684.000</ele>
      </trkpt>
      <trkpt lat="44.974230000" lon="5.642860000">
        <ele>685.000</ele>
      </trkpt>
      <trkpt lat="44.974030000" lon="5.642760000">
        <ele>685.000</ele>
      </trkpt>
      <trkpt lat="44.973880000" lon="5.642640000">
        <ele>686.000</ele>
      </trkpt>
      <trkpt lat="44.973430000" lon="5.642250000">
        <ele>688.000</ele>
      </trkpt>
      <trkpt lat="44.973290000" lon="5.642140000">
        <ele>690.000</ele>
      </trkpt>
      <trkpt lat="44.973200000" lon="5.642090000">
        <ele>691.000</ele>
      </trkpt>
      <trkpt lat="44.973060000" lon="5.642020000">
        <ele>692.000</ele>
      </trkpt>
      <trkpt lat="44.972860000" lon="5.641940000">
        <ele>694.000</ele>
      </trkpt>
      <trkpt lat="44.972010000" lon="5.641610000">
        <ele>697.000</ele>
      </trkpt>
      <trkpt lat="44.971780000" lon="5.641510000">
        <ele>699.000</ele>
      </trkpt>
      <trkpt lat="44.971550000" lon="5.641380000">
        <ele>700.000</ele>
      </trkpt>
      <trkpt lat="44.971360000" lon="5.641240000">
        <ele>701.000</ele>
      </trkpt>
      <trkpt lat="44.971180000" lon="5.641070000">
        <ele>702.000</ele>
      </trkpt>
      <trkpt lat="44.970850000" lon="5.640750000">
        <ele>703.000</ele>
      </trkpt>
      <trkpt lat="44.970560000" lon="5.640370000">
        <ele>704.000</ele>
      </trkpt>
      <trkpt lat="44.970320000" lon="5.640000000">
        <ele>705.000</ele>
      </trkpt>
      <trkpt lat="44.969910000" lon="5.639350000">
        <ele>705.000</ele>
      </trkpt>
      <trkpt lat="44.969630000" lon="5.638970000">
        <ele>706.000</ele>
      </trkpt>
      <trkpt lat="44.969410000" lon="5.638720000">
        <ele>706.000</ele>
      </trkpt>
      <trkpt lat="44.969280000" lon="5.638580000">
        <ele>706.000</ele>
      </trkpt>
      <trkpt lat="44.969130000" lon="5.638440000">
        <ele>706.000</ele>
      </trkpt>
      <trkpt lat="44.968930000" lon="5.638310000">
        <ele>706.000</ele>
      </trkpt>
      <trkpt lat="44.968630000" lon="5.638150000">
        <ele>707.000</ele>
      </trkpt>
      <trkpt lat="44.967930000" lon="5.637870000">
        <ele>707.000</ele>
      </trkpt>
      <trkpt lat="44.967210000" lon="5.637600000">
        <ele>708.000</ele>
      </trkpt>
      <trkpt lat="44.967060000" lon="5.637560000">
        <ele>709.000</ele>
      </trkpt>
      <trkpt lat="44.966930000" lon="5.637550000">
        <ele>710.000</ele>
      </trkpt>
      <trkpt lat="44.966760000" lon="5.637560000">
        <ele>710.000</ele>
      </trkpt>
      <trkpt lat="44.966580000" lon="5.637590000">
        <ele>711.000</ele>
      </trkpt>
      <trkpt lat="44.966020000" lon="5.637730000">
        <ele>712.000</ele>
      </trkpt>
      <trkpt lat="44.965570000" lon="5.637810000">
        <ele>713.000</ele>
      </trkpt>
      <trkpt lat="44.965270000" lon="5.637850000">
        <ele>714.000</ele>
      </trkpt>
      <trkpt lat="44.964960000" lon="5.637860000">
        <ele>714.000</ele>
      </trkpt>
      <trkpt lat="44.964780000" lon="5.637840000">
        <ele>715.000</ele>
      </trkpt>
      <trkpt lat="44.964510000" lon="5.637790000">
        <ele>716.000</ele>
      </trkpt>
      <trkpt lat="44.964320000" lon="5.637730000">
        <ele>716.000</ele>
      </trkpt>
      <trkpt lat="44.964230000" lon="5.637710000">
        <ele>716.000</ele>
      </trkpt>
      <trkpt lat="44.964190000" lon="5.637710000">
        <ele>717.000</ele>
      </trkpt>
      <trkpt lat="44.964120000" lon="5.637710000">
        <ele>717.000</ele>
      </trkpt>
      <trkpt lat="44.964060000" lon="5.637720000">
        <ele>717.000</ele>
      </trkpt>
      <trkpt lat="44.964000000" lon="5.637740000">
        <ele>717.000</ele>
      </trkpt>
      <trkpt lat="44.963950000" lon="5.637780000">
        <ele>717.000</ele>
      </trkpt>
      <trkpt lat="44.963890000" lon="5.637820000">
        <ele>718.000</ele>
      </trkpt>
      <trkpt lat="44.963700000" lon="5.638020000">
        <ele>718.000</ele>
      </trkpt>
      <trkpt lat="44.963640000" lon="5.638070000">
        <ele>718.000</ele>
      </trkpt>
      <trkpt lat="44.963590000" lon="5.638100000">
        <ele>718.000</ele>
      </trkpt>
      <trkpt lat="44.963540000" lon="5.638120000">
        <ele>718.000</ele>
      </trkpt>
      <trkpt lat="44.963500000" lon="5.638130000">
        <ele>718.000</ele>
      </trkpt>
      <trkpt lat="44.963450000" lon="5.638130000">
        <ele>718.000</ele>
      </trkpt>
      <trkpt lat="44.963420000" lon="5.638110000">
        <ele>718.000</ele>
      </trkpt>
      <trkpt lat="44.963390000" lon="5.638100000">
        <ele>718.000</ele>
      </trkpt>
      <trkpt lat="44.963360000" lon="5.638070000">
        <ele>718.000</ele>
      </trkpt>
      <trkpt lat="44.963330000" lon="5.638020000">
        <ele>717.000</ele>
      </trkpt>
      <trkpt lat="44.963310000" lon="5.637980000">
        <ele>717.000</ele>
      </trkpt>
      <trkpt lat="44.963280000" lon="5.637910000">
        <ele>717.000</ele>
      </trkpt>
      <trkpt lat="44.963270000" lon="5.637850000">
        <ele>717.000</ele>
      </trkpt>
      <trkpt lat="44.963270000" lon="5.637760000">
        <ele>716.000</ele>
      </trkpt>
      <trkpt lat="44.963290000" lon="5.637460000">
        <ele>716.000</ele>
      </trkpt>
      <trkpt lat="44.963310000" lon="5.637190000">
        <ele>715.000</ele>
      </trkpt>
      <trkpt lat="44.963340000" lon="5.637070000">
        <ele>714.000</ele>
      </trkpt>
      <trkpt lat="44.963360000" lon="5.636990000">
        <ele>713.000</ele>
      </trkpt>
      <trkpt lat="44.963390000" lon="5.636900000">
        <ele>713.000</ele>
      </trkpt>
      <trkpt lat="44.963450000" lon="5.636790000">
        <ele>712.000</ele>
      </trkpt>
      <trkpt lat="44.963750000" lon="5.636310000">
        <ele>711.000</ele>
      </trkpt>
      <trkpt lat="44.963800000" lon="5.636220000">
        <ele>710.000</ele>
      </trkpt>
      <trkpt lat="44.963820000" lon="5.636160000">
        <ele>709.000</ele>
      </trkpt>
      <trkpt lat="44.963830000" lon="5.636100000">
        <ele>708.000</ele>
      </trkpt>
      <trkpt lat="44.963840000" lon="5.636040000">
        <ele>708.000</ele>
      </trkpt>
      <trkpt lat="44.963840000" lon="5.635980000">
        <ele>707.000</ele>
      </trkpt>
      <trkpt lat="44.963840000" lon="5.635920000">
        <ele>707.000</ele>
      </trkpt>
      <trkpt lat="44.963820000" lon="5.635870000">
        <ele>707.000</ele>
      </trkpt>
      <trkpt lat="44.963800000" lon="5.635830000">
        <ele>707.000</ele>
      </trkpt>
      <trkpt lat="44.963770000" lon="5.635790000">
        <ele>707.000</ele>
      </trkpt>
      <trkpt lat="44.963730000" lon="5.635770000">
        <ele>708.000</ele>
      </trkpt>
      <trkpt lat="44.963700000" lon="5.635750000">
        <ele>708.000</ele>
      </trkpt>
      <trkpt lat="44.963660000" lon="5.635750000">
        <ele>708.000</ele>
      </trkpt>
      <trkpt lat="44.963620000" lon="5.635750000">
        <ele>708.000</ele>
      </trkpt>
      <trkpt lat="44.963540000" lon="5.635770000">
        <ele>708.000</ele>
      </trkpt>
      <trkpt lat="44.963210000" lon="5.635930000">
        <ele>709.000</ele>
      </trkpt>
      <trkpt lat="44.962950000" lon="5.636050000">
        <ele>710.000</ele>
      </trkpt>
      <trkpt lat="44.962350000" lon="5.636280000">
        <ele>712.000</ele>
      </trkpt>
      <trkpt lat="44.962230000" lon="5.636330000">
        <ele>714.000</ele>
      </trkpt>
      <trkpt lat="44.961650000" lon="5.636560000">
        <ele>715.000</ele>
      </trkpt>
      <trkpt lat="44.961320000" lon="5.636680000">
        <ele>716.000</ele>
      </trkpt>
      <trkpt lat="44.961150000" lon="5.636720000">
        <ele>717.000</ele>
      </trkpt>
      <trkpt lat="44.961020000" lon="5.636740000">
        <ele>718.000</ele>
      </trkpt>
      <trkpt lat="44.960900000" lon="5.636750000">
        <ele>718.000</ele>
      </trkpt>
      <trkpt lat="44.960700000" lon="5.636760000">
        <ele>719.000</ele>
      </trkpt>
      <trkpt lat="44.960540000" lon="5.636780000">
        <ele>719.000</ele>
      </trkpt>
      <trkpt lat="44.960440000" lon="5.636800000">
        <ele>720.000</ele>
      </trkpt>
      <trkpt lat="44.960330000" lon="5.636840000">
        <ele>720.000</ele>
      </trkpt>
      <trkpt lat="44.960210000" lon="5.636900000">
        <ele>720.000</ele>
      </trkpt>
      <trkpt lat="44.960050000" lon="5.636990000">
        <ele>721.000</ele>
      </trkpt>
      <trkpt lat="44.959690000" lon="5.637200000">
        <ele>721.000</ele>
      </trkpt>
      <trkpt lat="44.959300000" lon="5.637430000">
        <ele>722.000</ele>
      </trkpt>
      <trkpt lat="44.959210000" lon="5.637470000">
        <ele>722.000</ele>
      </trkpt>
      <trkpt lat="44.959130000" lon="5.637510000">
        <ele>723.000</ele>
      </trkpt>
      <trkpt lat="44.959040000" lon="5.637530000">
        <ele>723.000</ele>
      </trkpt>
      <trkpt lat="44.958940000" lon="5.637550000">
        <ele>723.000</ele>
      </trkpt>
      <trkpt lat="44.958570000" lon="5.637590000">
        <ele>724.000</ele>
      </trkpt>
      <trkpt lat="44.958310000" lon="5.637620000">
        <ele>724.000</ele>
      </trkpt>
      <trkpt lat="44.958050000" lon="5.637680000">
        <ele>724.000</ele>
      </trkpt>
      <trkpt lat="44.957850000" lon="5.637760000">
        <ele>724.000</ele>
      </trkpt>
      <trkpt lat="44.957740000" lon="5.637810000">
        <ele>724.000</ele>
      </trkpt>
      <trkpt lat="44.957480000" lon="5.637970000">
        <ele>724.000</ele>
      </trkpt>
      <trkpt lat="44.957190000" lon="5.638170000">
        <ele>723.000</ele>
      </trkpt>
      <trkpt lat="44.956970000" lon="5.638360000">
        <ele>723.000</ele>
      </trkpt>
      <trkpt lat="44.956800000" lon="5.638530000">
        <ele>723.000</ele>
      </trkpt>
      <trkpt lat="44.956600000" lon="5.638700000">
        <ele>723.000</ele>
      </trkpt>
      <trkpt lat="44.956030000" lon="5.639140000">
        <ele>724.000</ele>
      </trkpt>
      <trkpt lat="44.955750000" lon="5.639360000">
        <ele>725.000</ele>
      </trkpt>
      <trkpt lat="44.955650000" lon="5.639440000">
        <ele>725.000</ele>
      </trkpt>
      <trkpt lat="44.955560000" lon="5.639540000">
        <ele>726.000</ele>
      </trkpt>
      <trkpt lat="44.955470000" lon="5.639640000">
        <ele>727.000</ele>
      </trkpt>
      <trkpt lat="44.955370000" lon="5.639770000">
        <ele>727.000</ele>
      </trkpt>
      <trkpt lat="44.955300000" lon="5.639880000">
        <ele>727.000</ele>
      </trkpt>
      <trkpt lat="44.955270000" lon="5.639930000">
        <ele>728.000</ele>
      </trkpt>
      <trkpt lat="44.955130000" lon="5.640130000">
        <ele>728.000</ele>
      </trkpt>
      <trkpt lat="44.955050000" lon="5.640230000">
        <ele>729.000</ele>
      </trkpt>
      <trkpt lat="44.954980000" lon="5.640300000">
        <ele>730.000</ele>
      </trkpt>
      <trkpt lat="44.954940000" lon="5.640330000">
        <ele>730.000</ele>
      </trkpt>
      <trkpt lat="44.954920000" lon="5.640340000">
        <ele>730.000</ele>
      </trkpt>
      <trkpt lat="44.954840000" lon="5.640400000">
        <ele>731.000</ele>
      </trkpt>
      <trkpt lat="44.954740000" lon="5.640450000">
        <ele>731.000</ele>
      </trkpt>
      <trkpt lat="44.954610000" lon="5.640500000">
        <ele>732.000</ele>
      </trkpt>
      <trkpt lat="44.954490000" lon="5.640540000">
        <ele>733.000</ele>
      </trkpt>
      <trkpt lat="44.954400000" lon="5.640560000">
        <ele>733.000</ele>
      </trkpt>
      <trkpt lat="44.954310000" lon="5.640550000">
        <ele>734.000</ele>
      </trkpt>
      <trkpt lat="44.954210000" lon="5.640530000">
        <ele>734.000</ele>
      </trkpt>
      <trkpt lat="44.954100000" lon="5.640480000">
        <ele>735.000</ele>
      </trkpt>
      <trkpt lat="44.954040000" lon="5.640440000">
        <ele>736.000</ele>
      </trkpt>
      <trkpt lat="44.954000000" lon="5.640420000">
        <ele>736.000</ele>
      </trkpt>
      <trkpt lat="44.953630000" lon="5.640150000">
        <ele>737.000</ele>
      </trkpt>
      <trkpt lat="44.953540000" lon="5.640090000">
        <ele>738.000</ele>
      </trkpt>
      <trkpt lat="44.953450000" lon="5.640030000">
        <ele>739.000</ele>
      </trkpt>
      <trkpt lat="44.953360000" lon="5.639990000">
        <ele>739.000</ele>
      </trkpt>
      <trkpt lat="44.953290000" lon="5.639970000">
        <ele>740.000</ele>
      </trkpt>
      <trkpt lat="44.953200000" lon="5.639970000">
        <ele>740.000</ele>
      </trkpt>
      <trkpt lat="44.953110000" lon="5.639980000">
        <ele>741.000</ele>
      </trkpt>
      <trkpt lat="44.953060000" lon="5.640000000">
        <ele>741.000</ele>
      </trkpt>
      <trkpt lat="44.953000000" lon="5.640030000">
        <ele>741.000</ele>
      </trkpt>
      <trkpt lat="44.952950000" lon="5.640090000">
        <ele>741.000</ele>
      </trkpt>
      <trkpt lat="44.952850000" lon="5.640200000">
        <ele>742.000</ele>
      </trkpt>
      <trkpt lat="44.952780000" lon="5.640280000">
        <ele>742.000</ele>
      </trkpt>
      <trkpt lat="44.952720000" lon="5.640330000">
        <ele>742.000</ele>
      </trkpt>
      <trkpt lat="44.952640000" lon="5.640370000">
        <ele>742.000</ele>
      </trkpt>
      <trkpt lat="44.952580000" lon="5.640390000">
        <ele>743.000</ele>
      </trkpt>
      <trkpt lat="44.952510000" lon="5.640400000">
        <ele>743.000</ele>
      </trkpt>
      <trkpt lat="44.952420000" lon="5.640400000">
        <ele>743.000</ele>
      </trkpt>
      <trkpt lat="44.952350000" lon="5.640390000">
        <ele>743.000</ele>
      </trkpt>
      <trkpt lat="44.952280000" lon="5.640360000">
        <ele>744.000</ele>
      </trkpt>
      <trkpt lat="44.952210000" lon="5.640320000">
        <ele>744.000</ele>
      </trkpt>
      <trkpt lat="44.952160000" lon="5.640270000">
        <ele>744.000</ele>
      </trkpt>
      <trkpt lat="44.952050000" lon="5.640160000">
        <ele>744.000</ele>
      </trkpt>
      <trkpt lat="44.951670000" lon="5.639730000">
        <ele>745.000</ele>
      </trkpt>
      <trkpt lat="44.951560000" lon="5.639610000">
        <ele>746.000</ele>
      </trkpt>
      <trkpt lat="44.951520000" lon="5.639570000">
        <ele>746.000</ele>
      </trkpt>
      <trkpt lat="44.951460000" lon="5.639540000">
        <ele>746.000</ele>
      </trkpt>
      <trkpt lat="44.951400000" lon="5.639500000">
        <ele>746.000</ele>
      </trkpt>
      <trkpt lat="44.951320000" lon="5.639480000">
        <ele>746.000</ele>
      </trkpt>
      <trkpt lat="44.951190000" lon="5.639450000">
        <ele>746.000</ele>
      </trkpt>
      <trkpt lat="44.951120000" lon="5.639450000">
        <ele>746.000</ele>
      </trkpt>
      <trkpt lat="44.951000000" lon="5.639460000">
        <ele>746.000</ele>
      </trkpt>
      <trkpt lat="44.950880000" lon="5.639480000">
        <ele>746.000</ele>
      </trkpt>
      <trkpt lat="44.950760000" lon="5.639520000">
        <ele>746.000</ele>
      </trkpt>
      <trkpt lat="44.950640000" lon="5.639550000">
        <ele>746.000</ele>
      </trkpt>
      <trkpt lat="44.950560000" lon="5.639550000">
        <ele>746.000</ele>
      </trkpt>
      <trkpt lat="44.950470000" lon="5.639540000">
        <ele>746.000</ele>
      </trkpt>
      <trkpt lat="44.950370000" lon="5.639510000">
        <ele>746.000</ele>
      </trkpt>
      <trkpt lat="44.949940000" lon="5.639370000">
        <ele>746.000</ele>
      </trkpt>
      <trkpt lat="44.949780000" lon="5.639320000">
        <ele>746.000</ele>
      </trkpt>
      <trkpt lat="44.949650000" lon="5.639290000">
        <ele>746.000</ele>
      </trkpt>
      <trkpt lat="44.949500000" lon="5.639280000">
        <ele>746.000</ele>
      </trkpt>
      <trkpt lat="44.949210000" lon="5.639290000">
        <ele>747.000</ele>
      </trkpt>
      <trkpt lat="44.948890000" lon="5.639310000">
        <ele>748.000</ele>
      </trkpt>
      <trkpt lat="44.948430000" lon="5.639340000">
        <ele>749.000</ele>
      </trkpt>
      <trkpt lat="44.948280000" lon="5.639360000">
        <ele>750.000</ele>
      </trkpt>
      <trkpt lat="44.948060000" lon="5.639410000">
        <ele>751.000</ele>
      </trkpt>
      <trkpt lat="44.947910000" lon="5.639460000">
        <ele>752.000</ele>
      </trkpt>
      <trkpt lat="44.947800000" lon="5.639520000">
        <ele>752.000</ele>
      </trkpt>
      <trkpt lat="44.947660000" lon="5.639610000">
        <ele>753.000</ele>
      </trkpt>
      <trkpt lat="44.947370000" lon="5.639830000">
        <ele>754.000</ele>
      </trkpt>
      <trkpt lat="44.946920000" lon="5.640140000">
        <ele>754.000</ele>
      </trkpt>
      <trkpt lat="44.946750000" lon="5.640240000">
        <ele>755.000</ele>
      </trkpt>
      <trkpt lat="44.946600000" lon="5.640320000">
        <ele>756.000</ele>
      </trkpt>
      <trkpt lat="44.946470000" lon="5.640380000">
        <ele>756.000</ele>
      </trkpt>
      <trkpt lat="44.946350000" lon="5.640420000">
        <ele>756.000</ele>
      </trkpt>
      <trkpt lat="44.946230000" lon="5.640450000">
        <ele>757.000</ele>
      </trkpt>
      <trkpt lat="44.946120000" lon="5.640480000">
        <ele>757.000</ele>
      </trkpt>
      <trkpt lat="44.946040000" lon="5.640480000">
        <ele>757.000</ele>
      </trkpt>
      <trkpt lat="44.945980000" lon="5.640470000">
        <ele>758.000</ele>
      </trkpt>
      <trkpt lat="44.945930000" lon="5.640460000">
        <ele>758.000</ele>
      </trkpt>
      <trkpt lat="44.945870000" lon="5.640420000">
        <ele>758.000</ele>
      </trkpt>
      <trkpt lat="44.945790000" lon="5.640370000">
        <ele>758.000</ele>
      </trkpt>
      <trkpt lat="44.945700000" lon="5.640270000">
        <ele>759.000</ele>
      </trkpt>
      <trkpt lat="44.945460000" lon="5.639980000">
        <ele>759.000</ele>
      </trkpt>
      <trkpt lat="44.945310000" lon="5.639820000">
        <ele>760.000</ele>
      </trkpt>
      <trkpt lat="44.945250000" lon="5.639760000">
        <ele>760.000</ele>
      </trkpt>
      <trkpt lat="44.945200000" lon="5.639730000">
        <ele>761.000</ele>
      </trkpt>
      <trkpt lat="44.945140000" lon="5.639700000">
        <ele>761.000</ele>
      </trkpt>
      <trkpt lat="44.945000000" lon="5.639660000">
        <ele>761.000</ele>
      </trkpt>
      <trkpt lat="44.944480000" lon="5.639510000">
        <ele>762.000</ele>
      </trkpt>
      <trkpt lat="44.944390000" lon="5.639480000">
        <ele>762.000</ele>
      </trkpt>
      <trkpt lat="44.944330000" lon="5.639470000">
        <ele>763.000</ele>
      </trkpt>
      <trkpt lat="44.944250000" lon="5.639460000">
        <ele>763.000</ele>
      </trkpt>
      <trkpt lat="44.944180000" lon="5.639470000">
        <ele>763.000</ele>
      </trkpt>
      <trkpt lat="44.944110000" lon="5.639480000">
        <ele>763.000</ele>
      </trkpt>
      <trkpt lat="44.944030000" lon="5.639520000">
        <ele>763.000</ele>
      </trkpt>
      <trkpt lat="44.943940000" lon="5.639560000">
        <ele>763.000</ele>
      </trkpt>
      <trkpt lat="44.943870000" lon="5.639610000">
        <ele>763.000</ele>
      </trkpt>
      <trkpt lat="44.943720000" lon="5.639730000">
        <ele>763.000</ele>
      </trkpt>
      <trkpt lat="44.943610000" lon="5.639810000">
        <ele>763.000</ele>
      </trkpt>
      <trkpt lat="44.943540000" lon="5.639860000">
        <ele>763.000</ele>
      </trkpt>
      <trkpt lat="44.943410000" lon="5.639930000">
        <ele>763.000</ele>
      </trkpt>
      <trkpt lat="44.943290000" lon="5.639970000">
        <ele>763.000</ele>
      </trkpt>
      <trkpt lat="44.943190000" lon="5.640010000">
        <ele>763.000</ele>
      </trkpt>
      <trkpt lat="44.943050000" lon="5.640030000">
        <ele>763.000</ele>
      </trkpt>
      <trkpt lat="44.942870000" lon="5.640040000">
        <ele>763.000</ele>
      </trkpt>
      <trkpt lat="44.942730000" lon="5.640070000">
        <ele>763.000</ele>
      </trkpt>
      <trkpt lat="44.942670000" lon="5.640090000">
        <ele>764.000</ele>
      </trkpt>
      <trkpt lat="44.942530000" lon="5.640140000">
        <ele>764.000</ele>
      </trkpt>
      <trkpt lat="44.942400000" lon="5.640200000">
        <ele>765.000</ele>
      </trkpt>
      <trkpt lat="44.942180000" lon="5.640340000">
        <ele>767.000</ele>
      </trkpt>
      <trkpt lat="44.941970000" lon="5.640440000">
        <ele>769.000</ele>
      </trkpt>
      <trkpt lat="44.941690000" lon="5.640560000">
        <ele>771.000</ele>
      </trkpt>
      <trkpt lat="44.941520000" lon="5.640620000">
        <ele>773.000</ele>
      </trkpt>
      <trkpt lat="44.941350000" lon="5.640660000">
        <ele>775.000</ele>
      </trkpt>
      <trkpt lat="44.941150000" lon="5.640690000">
        <ele>777.000</ele>
      </trkpt>
      <trkpt lat="44.941010000" lon="5.640700000">
        <ele>779.000</ele>
      </trkpt>
      <trkpt lat="44.940840000" lon="5.640720000">
        <ele>781.000</ele>
      </trkpt>
      <trkpt lat="44.940640000" lon="5.640710000">
        <ele>782.000</ele>
      </trkpt>
      <trkpt lat="44.940420000" lon="5.640690000">
        <ele>782.000</ele>
      </trkpt>
      <trkpt lat="44.938320000" lon="5.640420000">
        <ele>781.000</ele>
      </trkpt>
      <trkpt lat="44.938100000" lon="5.640400000">
        <ele>780.000</ele>
      </trkpt>
      <trkpt lat="44.938000000" lon="5.640400000">
        <ele>780.000</ele>
      </trkpt>
      <trkpt lat="44.937940000" lon="5.640410000">
        <ele>780.000</ele>
      </trkpt>
      <trkpt lat="44.937940000" lon="5.640410000">
        <ele>780.000</ele>
      </trkpt>
      <trkpt lat="44.937920000" lon="5.640410000">
        <ele>780.000</ele>
      </trkpt>
      <trkpt lat="44.937840000" lon="5.640440000">
        <ele>780.000</ele>
      </trkpt>
      <trkpt lat="44.937710000" lon="5.640500000">
        <ele>780.000</ele>
      </trkpt>
      <trkpt lat="44.937330000" lon="5.640690000">
        <ele>781.000</ele>
      </trkpt>
      <trkpt lat="44.937200000" lon="5.640740000">
        <ele>781.000</ele>
      </trkpt>
      <trkpt lat="44.937080000" lon="5.640780000">
        <ele>782.000</ele>
      </trkpt>
      <trkpt lat="44.936970000" lon="5.640800000">
        <ele>782.000</ele>
      </trkpt>
      <trkpt lat="44.936860000" lon="5.640810000">
        <ele>783.000</ele>
      </trkpt>
      <trkpt lat="44.935450000" lon="5.640940000">
        <ele>785.000</ele>
      </trkpt>
      <trkpt lat="44.935170000" lon="5.640960000">
        <ele>786.000</ele>
      </trkpt>
      <trkpt lat="44.934810000" lon="5.640950000">
        <ele>787.000</ele>
      </trkpt>
      <trkpt lat="44.933820000" lon="5.640800000">
        <ele>787.000</ele>
      </trkpt>
      <trkpt lat="44.933640000" lon="5.640760000">
        <ele>788.000</ele>
      </trkpt>
      <trkpt lat="44.933500000" lon="5.640720000">
        <ele>788.000</ele>
      </trkpt>
      <trkpt lat="44.932480000" lon="5.640300000">
        <ele>788.000</ele>
      </trkpt>
      <trkpt lat="44.931430000" lon="5.639940000">
        <ele>788.000</ele>
      </trkpt>
      <trkpt lat="44.930460000" lon="5.639610000">
        <ele>789.000</ele>
      </trkpt>
      <trkpt lat="44.930130000" lon="5.639520000">
        <ele>789.000</ele>
      </trkpt>
      <trkpt lat="44.929960000" lon="5.639500000">
        <ele>790.000</ele>
      </trkpt>
      <trkpt lat="44.929620000" lon="5.639470000">
        <ele>791.000</ele>
      </trkpt>
      <trkpt lat="44.929510000" lon="5.639410000">
        <ele>791.000</ele>
      </trkpt>
      <trkpt lat="44.929380000" lon="5.639340000">
        <ele>792.000</ele>
      </trkpt>
      <trkpt lat="44.929350000" lon="5.639310000">
        <ele>792.000</ele>
      </trkpt>
      <trkpt lat="44.929310000" lon="5.639280000">
        <ele>792.000</ele>
      </trkpt>
      <trkpt lat="44.929310000" lon="5.639260000">
        <ele>793.000</ele>
      </trkpt>
      <trkpt lat="44.929300000" lon="5.639240000">
        <ele>793.000</ele>
      </trkpt>
      <trkpt lat="44.929280000" lon="5.639220000">
        <ele>793.000</ele>
      </trkpt>
      <trkpt lat="44.929260000" lon="5.639200000">
        <ele>793.000</ele>
      </trkpt>
      <trkpt lat="44.929240000" lon="5.639190000">
        <ele>793.000</ele>
      </trkpt>
      <trkpt lat="44.929220000" lon="5.639190000">
        <ele>793.000</ele>
      </trkpt>
      <trkpt lat="44.929210000" lon="5.639190000">
        <ele>793.000</ele>
      </trkpt>
      <trkpt lat="44.929190000" lon="5.639190000">
        <ele>793.000</ele>
      </trkpt>
      <trkpt lat="44.929170000" lon="5.639200000">
        <ele>793.000</ele>
      </trkpt>
      <trkpt lat="44.929150000" lon="5.639220000">
        <ele>793.000</ele>
      </trkpt>
      <trkpt lat="44.929110000" lon="5.639220000">
        <ele>793.000</ele>
      </trkpt>
      <trkpt lat="44.929050000" lon="5.639220000">
        <ele>793.000</ele>
      </trkpt>
      <trkpt lat="44.928830000" lon="5.639200000">
        <ele>793.000</ele>
      </trkpt>
      <trkpt lat="44.928630000" lon="5.639090000">
        <ele>793.000</ele>
      </trkpt>
      <trkpt lat="44.928480000" lon="5.638990000">
        <ele>794.000</ele>
      </trkpt>
      <trkpt lat="44.928330000" lon="5.638910000">
        <ele>794.000</ele>
      </trkpt>
      <trkpt lat="44.927930000" lon="5.638770000">
        <ele>794.000</ele>
      </trkpt>
      <trkpt lat="44.926940000" lon="5.638420000">
        <ele>795.000</ele>
      </trkpt>
      <trkpt lat="44.926650000" lon="5.638300000">
        <ele>796.000</ele>
      </trkpt>
      <trkpt lat="44.926430000" lon="5.638190000">
        <ele>797.000</ele>
      </trkpt>
      <trkpt lat="44.926420000" lon="5.638180000">
        <ele>798.000</ele>
      </trkpt>
      <trkpt lat="44.926150000" lon="5.638030000">
        <ele>798.000</ele>
      </trkpt>
      <trkpt lat="44.926070000" lon="5.637990000">
        <ele>799.000</ele>
      </trkpt>
      <trkpt lat="44.926030000" lon="5.637970000">
        <ele>799.000</ele>
      </trkpt>
      <trkpt lat="44.925980000" lon="5.637960000">
        <ele>799.000</ele>
      </trkpt>
      <trkpt lat="44.925950000" lon="5.637950000">
        <ele>799.000</ele>
      </trkpt>
      <trkpt lat="44.925930000" lon="5.637910000">
        <ele>800.000</ele>
      </trkpt>
      <trkpt lat="44.925880000" lon="5.637880000">
        <ele>800.000</ele>
      </trkpt>
      <trkpt lat="44.925830000" lon="5.637880000">
        <ele>800.000</ele>
      </trkpt>
      <trkpt lat="44.925800000" lon="5.637910000">
        <ele>800.000</ele>
      </trkpt>
      <trkpt lat="44.925780000" lon="5.637950000">
        <ele>800.000</ele>
      </trkpt>
      <trkpt lat="44.925580000" lon="5.637970000">
        <ele>800.000</ele>
      </trkpt>
      <trkpt lat="44.924790000" lon="5.637690000">
        <ele>801.000</ele>
      </trkpt>
      <trkpt lat="44.924610000" lon="5.637630000">
        <ele>801.000</ele>
      </trkpt>
      <trkpt lat="44.924350000" lon="5.637570000">
        <ele>802.000</ele>
      </trkpt>
      <trkpt lat="44.924160000" lon="5.637510000">
        <ele>802.000</ele>
      </trkpt>
      <trkpt lat="44.923930000" lon="5.637400000">
        <ele>803.000</ele>
      </trkpt>
      <trkpt lat="44.923280000" lon="5.637180000">
        <ele>803.000</ele>
      </trkpt>
      <trkpt lat="44.923170000" lon="5.637140000">
        <ele>804.000</ele>
      </trkpt>
      <trkpt lat="44.922810000" lon="5.637020000">
        <ele>805.000</ele>
      </trkpt>
      <trkpt lat="44.922390000" lon="5.636880000">
        <ele>806.000</ele>
      </trkpt>
      <trkpt lat="44.922210000" lon="5.636820000">
        <ele>806.000</ele>
      </trkpt>
      <trkpt lat="44.921680000" lon="5.636640000">
        <ele>806.000</ele>
      </trkpt>
      <trkpt lat="44.921640000" lon="5.636630000">
        <ele>806.000</ele>
      </trkpt>
      <trkpt lat="44.921410000" lon="5.636560000">
        <ele>805.000</ele>
      </trkpt>
      <trkpt lat="44.921340000" lon="5.636440000">
        <ele>805.000</ele>
      </trkpt>
      <trkpt lat="44.921310000" lon="5.636380000">
        <ele>805.000</ele>
      </trkpt>
      <trkpt lat="44.921300000" lon="5.636340000">
        <ele>805.000</ele>
      </trkpt>
      <trkpt lat="44.921300000" lon="5.636300000">
        <ele>805.000</ele>
      </trkpt>
      <trkpt lat="44.921300000" lon="5.636260000">
        <ele>804.000</ele>
      </trkpt>
      <trkpt lat="44.921350000" lon="5.636160000">
        <ele>804.000</ele>
      </trkpt>
      <trkpt lat="44.921420000" lon="5.636040000">
        <ele>804.000</ele>
      </trkpt>
      <trkpt lat="44.921520000" lon="5.635850000">
        <ele>804.000</ele>
      </trkpt>
      <trkpt lat="44.921600000" lon="5.635690000">
        <ele>803.000</ele>
      </trkpt>
      <trkpt lat="44.921710000" lon="5.635570000">
        <ele>803.000</ele>
      </trkpt>
      <trkpt lat="44.921840000" lon="5.635460000">
        <ele>803.000</ele>
      </trkpt>
      <trkpt lat="44.922280000" lon="5.635230000">
        <ele>805.000</ele>
      </trkpt>
      <trkpt lat="44.922430000" lon="5.635160000">
        <ele>807.000</ele>
      </trkpt>
      <trkpt lat="44.922650000" lon="5.635050000">
        <ele>808.000</ele>
      </trkpt>
      <trkpt lat="44.922880000" lon="5.634950000">
        <ele>810.000</ele>
      </trkpt>
      <trkpt lat="44.923300000" lon="5.634780000">
        <ele>813.000</ele>
      </trkpt>
      <trkpt lat="44.923900000" lon="5.634650000">
        <ele>816.000</ele>
      </trkpt>
      <trkpt lat="44.924120000" lon="5.634620000">
        <ele>819.000</ele>
      </trkpt>
      <trkpt lat="44.924390000" lon="5.634630000">
        <ele>820.000</ele>
      </trkpt>
      <trkpt lat="44.924590000" lon="5.634660000">
        <ele>820.000</ele>
      </trkpt>
      <trkpt lat="44.924670000" lon="5.634690000">
        <ele>821.000</ele>
      </trkpt>
      <trkpt lat="44.924670000" lon="5.634690000">
        <ele>821.000</ele>
      </trkpt>
      <trkpt lat="44.925150000" lon="5.634860000">
        <ele>820.000</ele>
      </trkpt>
      <trkpt lat="44.925380000" lon="5.634900000">
        <ele>820.000</ele>
      </trkpt>
      <trkpt lat="44.925610000" lon="5.634910000">
        <ele>819.000</ele>
      </trkpt>
      <trkpt lat="44.925830000" lon="5.634890000">
        <ele>819.000</ele>
      </trkpt>
      <trkpt lat="44.926040000" lon="5.634930000">
        <ele>818.000</ele>
      </trkpt>
      <trkpt lat="44.926450000" lon="5.635060000">
        <ele>818.000</ele>
      </trkpt>
      <trkpt lat="44.926880000" lon="5.635130000">
        <ele>818.000</ele>
      </trkpt>
      <trkpt lat="44.927260000" lon="5.635140000">
        <ele>818.000</ele>
      </trkpt>
      <trkpt lat="44.927550000" lon="5.635130000">
        <ele>818.000</ele>
      </trkpt>
      <trkpt lat="44.927740000" lon="5.635160000">
        <ele>818.000</ele>
      </trkpt>
      <trkpt lat="44.928150000" lon="5.635270000">
        <ele>818.000</ele>
      </trkpt>
      <trkpt lat="44.928530000" lon="5.635190000">
        <ele>818.000</ele>
      </trkpt>
      <trkpt lat="44.928760000" lon="5.635090000">
        <ele>818.000</ele>
      </trkpt>
      <trkpt lat="44.929150000" lon="5.634770000">
        <ele>818.000</ele>
      </trkpt>
      <trkpt lat="44.929820000" lon="5.634250000">
        <ele>817.000</ele>
      </trkpt>
      <trkpt lat="44.929940000" lon="5.634060000">
        <ele>817.000</ele>
      </trkpt>
      <trkpt lat="44.929950000" lon="5.633920000">
        <ele>816.000</ele>
      </trkpt>
      <trkpt lat="44.929930000" lon="5.633750000">
        <ele>816.000</ele>
      </trkpt>
      <trkpt lat="44.929830000" lon="5.633420000">
        <ele>815.000</ele>
      </trkpt>
      <trkpt lat="44.929570000" lon="5.632930000">
        <ele>815.000</ele>
      </trkpt>
      <trkpt lat="44.929370000" lon="5.632690000">
        <ele>814.000</ele>
      </trkpt>
      <trkpt lat="44.929190000" lon="5.632440000">
        <ele>813.000</ele>
      </trkpt>
      <trkpt lat="44.929070000" lon="5.632170000">
        <ele>812.000</ele>
      </trkpt>
      <trkpt lat="44.928870000" lon="5.631350000">
        <ele>812.000</ele>
      </trkpt>
      <trkpt lat="44.928820000" lon="5.631130000">
        <ele>812.000</ele>
      </trkpt>
      <trkpt lat="44.928690000" lon="5.630370000">
        <ele>813.000</ele>
      </trkpt>
      <trkpt lat="44.928690000" lon="5.630350000">
        <ele>813.000</ele>
      </trkpt>
      <trkpt lat="44.928640000" lon="5.629810000">
        <ele>813.000</ele>
      </trkpt>
      <trkpt lat="44.928650000" lon="5.629670000">
        <ele>814.000</ele>
      </trkpt>
      <trkpt lat="44.928660000" lon="5.629620000">
        <ele>814.000</ele>
      </trkpt>
      <trkpt lat="44.928910000" lon="5.629270000">
        <ele>814.000</ele>
      </trkpt>
      <trkpt lat="44.929190000" lon="5.628910000">
        <ele>813.000</ele>
      </trkpt>
      <trkpt lat="44.929280000" lon="5.628780000">
        <ele>812.000</ele>
      </trkpt>
      <trkpt lat="44.929310000" lon="5.628740000">
        <ele>811.000</ele>
      </trkpt>
      <trkpt lat="44.929410000" lon="5.628560000">
        <ele>811.000</ele>
      </trkpt>
      <trkpt lat="44.929560000" lon="5.628160000">
        <ele>810.000</ele>
      </trkpt>
      <trkpt lat="44.929570000" lon="5.628110000">
        <ele>809.000</ele>
      </trkpt>
      <trkpt lat="44.929610000" lon="5.627990000">
        <ele>809.000</ele>
      </trkpt>
      <trkpt lat="44.929650000" lon="5.627860000">
        <ele>808.000</ele>
      </trkpt>
      <trkpt lat="44.929800000" lon="5.627410000">
        <ele>807.000</ele>
      </trkpt>
      <trkpt lat="44.929810000" lon="5.627370000">
        <ele>807.000</ele>
      </trkpt>
      <trkpt lat="44.929860000" lon="5.627230000">
        <ele>806.000</ele>
      </trkpt>
      <trkpt lat="44.930250000" lon="5.626010000">
        <ele>805.000</ele>
      </trkpt>
      <trkpt lat="44.930280000" lon="5.625890000">
        <ele>805.000</ele>
      </trkpt>
      <trkpt lat="44.930310000" lon="5.625840000">
        <ele>804.000</ele>
      </trkpt>
      <trkpt lat="44.930350000" lon="5.625720000">
        <ele>804.000</ele>
      </trkpt>
      <trkpt lat="44.930390000" lon="5.625630000">
        <ele>804.000</ele>
      </trkpt>
      <trkpt lat="44.930420000" lon="5.625520000">
        <ele>803.000</ele>
      </trkpt>
      <trkpt lat="44.930550000" lon="5.625130000">
        <ele>803.000</ele>
      </trkpt>
      <trkpt lat="44.930730000" lon="5.624560000">
        <ele>802.000</ele>
      </trkpt>
      <trkpt lat="44.930890000" lon="5.623990000">
        <ele>803.000</ele>
      </trkpt>
      <trkpt lat="44.931070000" lon="5.623460000">
        <ele>803.000</ele>
      </trkpt>
      <trkpt lat="44.931100000" lon="5.623420000">
        <ele>804.000</ele>
      </trkpt>
      <trkpt lat="44.931220000" lon="5.623010000">
        <ele>804.000</ele>
      </trkpt>
      <trkpt lat="44.931260000" lon="5.622790000">
        <ele>805.000</ele>
      </trkpt>
      <trkpt lat="44.931280000" lon="5.622540000">
        <ele>806.000</ele>
      </trkpt>
      <trkpt lat="44.931240000" lon="5.621960000">
        <ele>807.000</ele>
      </trkpt>
      <trkpt lat="44.931220000" lon="5.621760000">
        <ele>807.000</ele>
      </trkpt>
      <trkpt lat="44.931200000" lon="5.621510000">
        <ele>808.000</ele>
      </trkpt>
      <trkpt lat="44.931210000" lon="5.621350000">
        <ele>809.000</ele>
      </trkpt>
      <trkpt lat="44.931240000" lon="5.621210000">
        <ele>810.000</ele>
      </trkpt>
      <trkpt lat="44.931290000" lon="5.621040000">
        <ele>810.000</ele>
      </trkpt>
      <trkpt lat="44.931490000" lon="5.620780000">
        <ele>811.000</ele>
      </trkpt>
      <trkpt lat="44.932210000" lon="5.620260000">
        <ele>813.000</ele>
      </trkpt>
      <trkpt lat="44.932520000" lon="5.620060000">
        <ele>814.000</ele>
      </trkpt>
      <trkpt lat="44.932840000" lon="5.619910000">
        <ele>816.000</ele>
      </trkpt>
      <trkpt lat="44.933070000" lon="5.619840000">
        <ele>817.000</ele>
      </trkpt>
      <trkpt lat="44.933300000" lon="5.619830000">
        <ele>818.000</ele>
      </trkpt>
      <trkpt lat="44.933550000" lon="5.619890000">
        <ele>819.000</ele>
      </trkpt>
      <trkpt lat="44.934090000" lon="5.620100000">
        <ele>820.000</ele>
      </trkpt>
      <trkpt lat="44.934250000" lon="5.620100000">
        <ele>821.000</ele>
      </trkpt>
      <trkpt lat="44.934360000" lon="5.619980000">
        <ele>822.000</ele>
      </trkpt>
      <trkpt lat="44.934410000" lon="5.619800000">
        <ele>823.000</ele>
      </trkpt>
      <trkpt lat="44.934390000" lon="5.619610000">
        <ele>824.000</ele>
      </trkpt>
      <trkpt lat="44.934200000" lon="5.618960000">
        <ele>826.000</ele>
      </trkpt>
      <trkpt lat="44.934100000" lon="5.618500000">
        <ele>828.000</ele>
      </trkpt>
      <trkpt lat="44.934090000" lon="5.618110000">
        <ele>831.000</ele>
      </trkpt>
      <trkpt lat="44.934080000" lon="5.617230000">
        <ele>834.000</ele>
      </trkpt>
      <trkpt lat="44.934060000" lon="5.616650000">
        <ele>836.000</ele>
      </trkpt>
      <trkpt lat="44.934070000" lon="5.616180000">
        <ele>837.000</ele>
      </trkpt>
      <trkpt lat="44.934130000" lon="5.615150000">
        <ele>838.000</ele>
      </trkpt>
      <trkpt lat="44.934170000" lon="5.614910000">
        <ele>839.000</ele>
      </trkpt>
      <trkpt lat="44.934240000" lon="5.614630000">
        <ele>839.000</ele>
      </trkpt>
      <trkpt lat="44.934460000" lon="5.614030000">
        <ele>839.000</ele>
      </trkpt>
      <trkpt lat="44.934470000" lon="5.614010000">
        <ele>840.000</ele>
      </trkpt>
      <trkpt lat="44.934560000" lon="5.613720000">
        <ele>840.000</ele>
      </trkpt>
      <trkpt lat="44.934810000" lon="5.613010000">
        <ele>841.000</ele>
      </trkpt>
      <trkpt lat="44.934970000" lon="5.612690000">
        <ele>841.000</ele>
      </trkpt>
      <trkpt lat="44.935590000" lon="5.611750000">
        <ele>842.000</ele>
      </trkpt>
      <trkpt lat="44.935830000" lon="5.611450000">
        <ele>843.000</ele>
      </trkpt>
      <trkpt lat="44.936000000" lon="5.611290000">
        <ele>844.000</ele>
      </trkpt>
      <trkpt lat="44.936260000" lon="5.611000000">
        <ele>844.000</ele>
      </trkpt>
      <trkpt lat="44.936450000" lon="5.610770000">
        <ele>845.000</ele>
      </trkpt>
      <trkpt lat="44.936710000" lon="5.610280000">
        <ele>845.000</ele>
      </trkpt>
      <trkpt lat="44.936880000" lon="5.610050000">
        <ele>846.000</ele>
      </trkpt>
      <trkpt lat="44.937060000" lon="5.609930000">
        <ele>846.000</ele>
      </trkpt>
      <trkpt lat="44.937260000" lon="5.609880000">
        <ele>846.000</ele>
      </trkpt>
      <trkpt lat="44.937540000" lon="5.609800000">
        <ele>846.000</ele>
      </trkpt>
      <trkpt lat="44.937660000" lon="5.609730000">
        <ele>845.000</ele>
      </trkpt>
      <trkpt lat="44.937870000" lon="5.609560000">
        <ele>845.000</ele>
      </trkpt>
      <trkpt lat="44.938240000" lon="5.609300000">
        <ele>844.000</ele>
      </trkpt>
      <trkpt lat="44.938320000" lon="5.609240000">
        <ele>844.000</ele>
      </trkpt>
      <trkpt lat="44.938420000" lon="5.609200000">
        <ele>843.000</ele>
      </trkpt>
      <trkpt lat="44.938610000" lon="5.609110000">
        <ele>843.000</ele>
      </trkpt>
      <trkpt lat="44.938830000" lon="5.609120000">
        <ele>843.000</ele>
      </trkpt>
      <trkpt lat="44.939380000" lon="5.609010000">
        <ele>842.000</ele>
      </trkpt>
      <trkpt lat="44.939530000" lon="5.608970000">
        <ele>841.000</ele>
      </trkpt>
      <trkpt lat="44.939630000" lon="5.608940000">
        <ele>841.000</ele>
      </trkpt>
      <trkpt lat="44.939770000" lon="5.608880000">
        <ele>840.000</ele>
      </trkpt>
      <trkpt lat="44.939920000" lon="5.608790000">
        <ele>840.000</ele>
      </trkpt>
      <trkpt lat="44.940470000" lon="5.608410000">
        <ele>839.000</ele>
      </trkpt>
      <trkpt lat="44.940940000" lon="5.608090000">
        <ele>838.000</ele>
      </trkpt>
      <trkpt lat="44.941040000" lon="5.608040000">
        <ele>838.000</ele>
      </trkpt>
      <trkpt lat="44.941380000" lon="5.607890000">
        <ele>837.000</ele>
      </trkpt>
      <trkpt lat="44.941590000" lon="5.607780000">
        <ele>837.000</ele>
      </trkpt>
      <trkpt lat="44.941780000" lon="5.607680000">
        <ele>836.000</ele>
      </trkpt>
      <trkpt lat="44.941960000" lon="5.607530000">
        <ele>836.000</ele>
      </trkpt>
      <trkpt lat="44.942190000" lon="5.607300000">
        <ele>836.000</ele>
      </trkpt>
      <trkpt lat="44.942550000" lon="5.606930000">
        <ele>835.000</ele>
      </trkpt>
      <trkpt lat="44.942920000" lon="5.606570000">
        <ele>835.000</ele>
      </trkpt>
      <trkpt lat="44.943030000" lon="5.606490000">
        <ele>835.000</ele>
      </trkpt>
      <trkpt lat="44.943110000" lon="5.606440000">
        <ele>835.000</ele>
      </trkpt>
      <trkpt lat="44.943310000" lon="5.606380000">
        <ele>836.000</ele>
      </trkpt>
      <trkpt lat="44.943540000" lon="5.606400000">
        <ele>836.000</ele>
      </trkpt>
      <trkpt lat="44.943740000" lon="5.606440000">
        <ele>836.000</ele>
      </trkpt>
      <trkpt lat="44.943870000" lon="5.606470000">
        <ele>836.000</ele>
      </trkpt>
      <trkpt lat="44.943990000" lon="5.606500000">
        <ele>837.000</ele>
      </trkpt>
      <trkpt lat="44.944270000" lon="5.606500000">
        <ele>837.000</ele>
      </trkpt>
      <trkpt lat="44.944480000" lon="5.606420000">
        <ele>837.000</ele>
      </trkpt>
      <trkpt lat="44.944630000" lon="5.606360000">
        <ele>837.000</ele>
      </trkpt>
      <trkpt lat="44.944880000" lon="5.606240000">
        <ele>838.000</ele>
      </trkpt>
      <trkpt lat="44.944970000" lon="5.606200000">
        <ele>838.000</ele>
      </trkpt>
      <trkpt lat="44.945160000" lon="5.606090000">
        <ele>838.000</ele>
      </trkpt>
      <trkpt lat="44.945480000" lon="5.605850000">
        <ele>839.000</ele>
      </trkpt>
      <trkpt lat="44.945520000" lon="5.605820000">
        <ele>839.000</ele>
      </trkpt>
      <trkpt lat="44.945840000" lon="5.605530000">
        <ele>839.000</ele>
      </trkpt>
      <trkpt lat="44.946040000" lon="5.605340000">
        <ele>840.000</ele>
      </trkpt>
      <trkpt lat="44.946220000" lon="5.605130000">
        <ele>840.000</ele>
      </trkpt>
      <trkpt lat="44.946300000" lon="5.605040000">
        <ele>840.000</ele>
      </trkpt>
      <trkpt lat="44.946300000" lon="5.605040000">
        <ele>840.000</ele>
      </trkpt>
      <trkpt lat="44.946360000" lon="5.604950000">
        <ele>839.000</ele>
      </trkpt>
      <trkpt lat="44.946470000" lon="5.604790000">
        <ele>839.000</ele>
      </trkpt>
      <trkpt lat="44.946610000" lon="5.604490000">
        <ele>839.000</ele>
      </trkpt>
      <trkpt lat="44.946680000" lon="5.604390000">
        <ele>838.000</ele>
      </trkpt>
      <trkpt lat="44.946750000" lon="5.604290000">
        <ele>838.000</ele>
      </trkpt>
      <trkpt lat="44.947150000" lon="5.604060000">
        <ele>837.000</ele>
      </trkpt>
      <trkpt lat="44.947410000" lon="5.604060000">
        <ele>837.000</ele>
      </trkpt>
      <trkpt lat="44.947640000" lon="5.604140000">
        <ele>836.000</ele>
      </trkpt>
      <trkpt lat="44.949510000" lon="5.604970000">
        <ele>832.000</ele>
      </trkpt>
      <trkpt lat="44.949990000" lon="5.605200000">
        <ele>829.000</ele>
      </trkpt>
      <trkpt lat="44.950130000" lon="5.605260000">
        <ele>826.000</ele>
      </trkpt>
      <trkpt lat="44.950250000" lon="5.605290000">
        <ele>824.000</ele>
      </trkpt>
      <trkpt lat="44.950350000" lon="5.605280000">
        <ele>822.000</ele>
      </trkpt>
      <trkpt lat="44.950440000" lon="5.605250000">
        <ele>821.000</ele>
      </trkpt>
      <trkpt lat="44.950590000" lon="5.605180000">
        <ele>819.000</ele>
      </trkpt>
      <trkpt lat="44.950750000" lon="5.605080000">
        <ele>818.000</ele>
      </trkpt>
      <trkpt lat="44.950890000" lon="5.605000000">
        <ele>817.000</ele>
      </trkpt>
      <trkpt lat="44.951210000" lon="5.604820000">
        <ele>815.000</ele>
      </trkpt>
      <trkpt lat="44.951320000" lon="5.604720000">
        <ele>814.000</ele>
      </trkpt>
      <trkpt lat="44.951420000" lon="5.604590000">
        <ele>812.000</ele>
      </trkpt>
      <trkpt lat="44.951510000" lon="5.604470000">
        <ele>811.000</ele>
      </trkpt>
      <trkpt lat="44.951570000" lon="5.604360000">
        <ele>810.000</ele>
      </trkpt>
      <trkpt lat="44.951600000" lon="5.604200000">
        <ele>809.000</ele>
      </trkpt>
      <trkpt lat="44.951580000" lon="5.603910000">
        <ele>808.000</ele>
      </trkpt>
      <trkpt lat="44.951510000" lon="5.603630000">
        <ele>806.000</ele>
      </trkpt>
      <trkpt lat="44.951360000" lon="5.603230000">
        <ele>805.000</ele>
      </trkpt>
      <trkpt lat="44.951370000" lon="5.602940000">
        <ele>803.000</ele>
      </trkpt>
      <trkpt lat="44.951420000" lon="5.602710000">
        <ele>802.000</ele>
      </trkpt>
      <trkpt lat="44.951440000" lon="5.602640000">
        <ele>800.000</ele>
      </trkpt>
      <trkpt lat="44.951440000" lon="5.602610000">
        <ele>800.000</ele>
      </trkpt>
      <trkpt lat="44.951590000" lon="5.602220000">
        <ele>798.000</ele>
      </trkpt>
      <trkpt lat="44.951690000" lon="5.601960000">
        <ele>797.000</ele>
      </trkpt>
      <trkpt lat="44.951690000" lon="5.601820000">
        <ele>796.000</ele>
      </trkpt>
      <trkpt lat="44.951670000" lon="5.601700000">
        <ele>795.000</ele>
      </trkpt>
      <trkpt lat="44.951520000" lon="5.601600000">
        <ele>794.000</ele>
      </trkpt>
      <trkpt lat="44.951400000" lon="5.601580000">
        <ele>793.000</ele>
      </trkpt>
      <trkpt lat="44.951240000" lon="5.601570000">
        <ele>792.000</ele>
      </trkpt>
      <trkpt lat="44.951130000" lon="5.601460000">
        <ele>791.000</ele>
      </trkpt>
      <trkpt lat="44.951020000" lon="5.601270000">
        <ele>789.000</ele>
      </trkpt>
      <trkpt lat="44.950910000" lon="5.601040000">
        <ele>788.000</ele>
      </trkpt>
      <trkpt lat="44.950830000" lon="5.600830000">
        <ele>787.000</ele>
      </trkpt>
      <trkpt lat="44.950820000" lon="5.600550000">
        <ele>786.000</ele>
      </trkpt>
      <trkpt lat="44.950990000" lon="5.600070000">
        <ele>784.000</ele>
      </trkpt>
      <trkpt lat="44.951090000" lon="5.599830000">
        <ele>782.000</ele>
      </trkpt>
      <trkpt lat="44.951130000" lon="5.599570000">
        <ele>780.000</ele>
      </trkpt>
      <trkpt lat="44.951140000" lon="5.599290000">
        <ele>779.000</ele>
      </trkpt>
      <trkpt lat="44.951170000" lon="5.599010000">
        <ele>777.000</ele>
      </trkpt>
      <trkpt lat="44.951350000" lon="5.598460000">
        <ele>774.000</ele>
      </trkpt>
      <trkpt lat="44.951430000" lon="5.597950000">
        <ele>771.000</ele>
      </trkpt>
      <trkpt lat="44.951590000" lon="5.597610000">
        <ele>768.000</ele>
      </trkpt>
      <trkpt lat="44.951950000" lon="5.597010000">
        <ele>765.000</ele>
      </trkpt>
      <trkpt lat="44.952400000" lon="5.596160000">
        <ele>761.000</ele>
      </trkpt>
      <trkpt lat="44.952610000" lon="5.595610000">
        <ele>758.000</ele>
      </trkpt>
      <trkpt lat="44.952690000" lon="5.595100000">
        <ele>755.000</ele>
      </trkpt>
      <trkpt lat="44.952740000" lon="5.594270000">
        <ele>752.000</ele>
      </trkpt>
      <trkpt lat="44.952780000" lon="5.593570000">
        <ele>749.000</ele>
      </trkpt>
      <trkpt lat="44.952820000" lon="5.592910000">
        <ele>746.000</ele>
      </trkpt>
      <trkpt lat="44.952800000" lon="5.592370000">
        <ele>744.000</ele>
      </trkpt>
      <trkpt lat="44.952710000" lon="5.591680000">
        <ele>741.000</ele>
      </trkpt>
      <trkpt lat="44.952790000" lon="5.591380000">
        <ele>738.000</ele>
      </trkpt>
      <trkpt lat="44.953160000" lon="5.590950000">
        <ele>735.000</ele>
      </trkpt>
      <trkpt lat="44.953200000" lon="5.590910000">
        <ele>732.000</ele>
      </trkpt>
      <trkpt lat="44.953480000" lon="5.590550000">
        <ele>729.000</ele>
      </trkpt>
      <trkpt lat="44.953630000" lon="5.590180000">
        <ele>726.000</ele>
      </trkpt>
      <trkpt lat="44.953880000" lon="5.589210000">
        <ele>723.000</ele>
      </trkpt>
      <trkpt lat="44.953990000" lon="5.588910000">
        <ele>720.000</ele>
      </trkpt>
      <trkpt lat="44.954160000" lon="5.588740000">
        <ele>717.000</ele>
      </trkpt>
      <trkpt lat="44.954200000" lon="5.588700000">
        <ele>715.000</ele>
      </trkpt>
      <trkpt lat="44.954350000" lon="5.588580000">
        <ele>714.000</ele>
      </trkpt>
      <trkpt lat="44.954470000" lon="5.588540000">
        <ele>712.000</ele>
      </trkpt>
      <trkpt lat="44.954620000" lon="5.588570000">
        <ele>711.000</ele>
      </trkpt>
      <trkpt lat="44.954880000" lon="5.588610000">
        <ele>709.000</ele>
      </trkpt>
      <trkpt lat="44.954990000" lon="5.588650000">
        <ele>708.000</ele>
      </trkpt>
      <trkpt lat="44.955120000" lon="5.588670000">
        <ele>707.000</ele>
      </trkpt>
      <trkpt lat="44.955210000" lon="5.588710000">
        <ele>707.000</ele>
      </trkpt>
      <trkpt lat="44.955280000" lon="5.588630000">
        <ele>706.000</ele>
      </trkpt>
      <trkpt lat="44.955380000" lon="5.588420000">
        <ele>705.000</ele>
      </trkpt>
      <trkpt lat="44.955520000" lon="5.588260000">
        <ele>705.000</ele>
      </trkpt>
      <trkpt lat="44.955530000" lon="5.588160000">
        <ele>704.000</ele>
      </trkpt>
      <trkpt lat="44.955530000" lon="5.588030000">
        <ele>704.000</ele>
      </trkpt>
      <trkpt lat="44.955550000" lon="5.587890000">
        <ele>703.000</ele>
      </trkpt>
      <trkpt lat="44.955600000" lon="5.587780000">
        <ele>703.000</ele>
      </trkpt>
      <trkpt lat="44.955740000" lon="5.587700000">
        <ele>703.000</ele>
      </trkpt>
      <trkpt lat="44.955910000" lon="5.587630000">
        <ele>702.000</ele>
      </trkpt>
      <trkpt lat="44.956080000" lon="5.587600000">
        <ele>701.000</ele>
      </trkpt>
      <trkpt lat="44.956210000" lon="5.587580000">
        <ele>701.000</ele>
      </trkpt>
      <trkpt lat="44.956560000" lon="5.587530000">
        <ele>700.000</ele>
      </trkpt>
      <trkpt lat="44.956900000" lon="5.587310000">
        <ele>699.000</ele>
      </trkpt>
      <trkpt lat="44.957020000" lon="5.587250000">
        <ele>697.000</ele>
      </trkpt>
      <trkpt lat="44.957130000" lon="5.587240000">
        <ele>696.000</ele>
      </trkpt>
      <trkpt lat="44.957190000" lon="5.587270000">
        <ele>695.000</ele>
      </trkpt>
      <trkpt lat="44.957240000" lon="5.587350000">
        <ele>694.000</ele>
      </trkpt>
      <trkpt lat="44.957240000" lon="5.587470000">
        <ele>694.000</ele>
      </trkpt>
      <trkpt lat="44.956720000" lon="5.589590000">
        <ele>689.000</ele>
      </trkpt>
      <trkpt lat="44.956710000" lon="5.589710000">
        <ele>686.000</ele>
      </trkpt>
      <trkpt lat="44.956740000" lon="5.589800000">
        <ele>684.000</ele>
      </trkpt>
      <trkpt lat="44.956790000" lon="5.589860000">
        <ele>682.000</ele>
      </trkpt>
      <trkpt lat="44.956880000" lon="5.589870000">
        <ele>681.000</ele>
      </trkpt>
      <trkpt lat="44.956970000" lon="5.589830000">
        <ele>679.000</ele>
      </trkpt>
      <trkpt lat="44.957160000" lon="5.589650000">
        <ele>678.000</ele>
      </trkpt>
      <trkpt lat="44.957460000" lon="5.589500000">
        <ele>676.000</ele>
      </trkpt>
      <trkpt lat="44.958640000" lon="5.589360000">
        <ele>671.000</ele>
      </trkpt>
      <trkpt lat="44.959590000" lon="5.589220000">
        <ele>665.000</ele>
      </trkpt>
      <trkpt lat="44.959850000" lon="5.589080000">
        <ele>661.000</ele>
      </trkpt>
      <trkpt lat="44.959960000" lon="5.588820000">
        <ele>657.000</ele>
      </trkpt>
      <trkpt lat="44.960030000" lon="5.588230000">
        <ele>654.000</ele>
      </trkpt>
      <trkpt lat="44.960140000" lon="5.588020000">
        <ele>652.000</ele>
      </trkpt>
      <trkpt lat="44.960260000" lon="5.587890000">
        <ele>651.000</ele>
      </trkpt>
      <trkpt lat="44.960350000" lon="5.587830000">
        <ele>650.000</ele>
      </trkpt>
      <trkpt lat="44.960600000" lon="5.587670000">
        <ele>650.000</ele>
      </trkpt>
      <trkpt lat="44.960830000" lon="5.587530000">
        <ele>651.000</ele>
      </trkpt>
      <trkpt lat="44.960900000" lon="5.587520000">
        <ele>651.000</ele>
      </trkpt>
      <trkpt lat="44.960980000" lon="5.587550000">
        <ele>652.000</ele>
      </trkpt>
      <trkpt lat="44.961060000" lon="5.587640000">
        <ele>652.000</ele>
      </trkpt>
      <trkpt lat="44.961120000" lon="5.587780000">
        <ele>653.000</ele>
      </trkpt>
      <trkpt lat="44.961160000" lon="5.587930000">
        <ele>654.000</ele>
      </trkpt>
      <trkpt lat="44.961180000" lon="5.588250000">
        <ele>654.000</ele>
      </trkpt>
      <trkpt lat="44.961170000" lon="5.588580000">
        <ele>655.000</ele>
      </trkpt>
      <trkpt lat="44.961190000" lon="5.588700000">
        <ele>657.000</ele>
      </trkpt>
      <trkpt lat="44.961230000" lon="5.588730000">
        <ele>657.000</ele>
      </trkpt>
      <trkpt lat="44.961280000" lon="5.588720000">
        <ele>658.000</ele>
      </trkpt>
      <trkpt lat="44.961310000" lon="5.588660000">
        <ele>659.000</ele>
      </trkpt>
      <trkpt lat="44.961360000" lon="5.588450000">
        <ele>660.000</ele>
      </trkpt>
      <trkpt lat="44.961380000" lon="5.588290000">
        <ele>662.000</ele>
      </trkpt>
      <trkpt lat="44.961350000" lon="5.588090000">
        <ele>663.000</ele>
      </trkpt>
      <trkpt lat="44.961340000" lon="5.587850000">
        <ele>665.000</ele>
      </trkpt>
      <trkpt lat="44.961290000" lon="5.587690000">
        <ele>667.000</ele>
      </trkpt>
      <trkpt lat="44.961230000" lon="5.587530000">
        <ele>669.000</ele>
      </trkpt>
      <trkpt lat="44.961210000" lon="5.587410000">
        <ele>670.000</ele>
      </trkpt>
      <trkpt lat="44.961200000" lon="5.587250000">
        <ele>672.000</ele>
      </trkpt>
      <trkpt lat="44.961220000" lon="5.586990000">
        <ele>674.000</ele>
      </trkpt>
      <trkpt lat="44.961210000" lon="5.586780000">
        <ele>676.000</ele>
      </trkpt>
      <trkpt lat="44.961180000" lon="5.586420000">
        <ele>678.000</ele>
      </trkpt>
      <trkpt lat="44.961130000" lon="5.586170000">
        <ele>681.000</ele>
      </trkpt>
      <trkpt lat="44.961140000" lon="5.586060000">
        <ele>682.000</ele>
      </trkpt>
      <trkpt lat="44.961180000" lon="5.586020000">
        <ele>683.000</ele>
      </trkpt>
      <trkpt lat="44.961220000" lon="5.586010000">
        <ele>684.000</ele>
      </trkpt>
      <trkpt lat="44.961260000" lon="5.586070000">
        <ele>685.000</ele>
      </trkpt>
      <trkpt lat="44.961290000" lon="5.586160000">
        <ele>686.000</ele>
      </trkpt>
      <trkpt lat="44.961330000" lon="5.586420000">
        <ele>687.000</ele>
      </trkpt>
      <trkpt lat="44.961460000" lon="5.586820000">
        <ele>688.000</ele>
      </trkpt>
      <trkpt lat="44.961570000" lon="5.587110000">
        <ele>690.000</ele>
      </trkpt>
      <trkpt lat="44.961640000" lon="5.587240000">
        <ele>691.000</ele>
      </trkpt>
      <trkpt lat="44.961870000" lon="5.587570000">
        <ele>693.000</ele>
      </trkpt>
      <trkpt lat="44.961940000" lon="5.587740000">
        <ele>695.000</ele>
      </trkpt>
      <trkpt lat="44.962070000" lon="5.588230000">
        <ele>697.000</ele>
      </trkpt>
      <trkpt lat="44.962240000" lon="5.588700000">
        <ele>699.000</ele>
      </trkpt>
      <trkpt lat="44.962330000" lon="5.588990000">
        <ele>702.000</ele>
      </trkpt>
      <trkpt lat="44.962390000" lon="5.589130000">
        <ele>704.000</ele>
      </trkpt>
      <trkpt lat="44.962430000" lon="5.589260000">
        <ele>706.000</ele>
      </trkpt>
      <trkpt lat="44.962450000" lon="5.589210000">
        <ele>708.000</ele>
      </trkpt>
      <trkpt lat="44.962480000" lon="5.589130000">
        <ele>709.000</ele>
      </trkpt>
      <trkpt lat="44.962480000" lon="5.589040000">
        <ele>710.000</ele>
      </trkpt>
      <trkpt lat="44.962420000" lon="5.588750000">
        <ele>712.000</ele>
      </trkpt>
      <trkpt lat="44.962400000" lon="5.588590000">
        <ele>713.000</ele>
      </trkpt>
      <trkpt lat="44.962370000" lon="5.587940000">
        <ele>716.000</ele>
      </trkpt>
      <trkpt lat="44.962340000" lon="5.587640000">
        <ele>719.000</ele>
      </trkpt>
      <trkpt lat="44.962120000" lon="5.586800000">
        <ele>722.000</ele>
      </trkpt>
      <trkpt lat="44.962090000" lon="5.586710000">
        <ele>725.000</ele>
      </trkpt>
      <trkpt lat="44.962000000" lon="5.586530000">
        <ele>727.000</ele>
      </trkpt>
      <trkpt lat="44.961930000" lon="5.586360000">
        <ele>728.000</ele>
      </trkpt>
      <trkpt lat="44.961890000" lon="5.586210000">
        <ele>730.000</ele>
      </trkpt>
      <trkpt lat="44.961880000" lon="5.586110000">
        <ele>731.000</ele>
      </trkpt>
      <trkpt lat="44.961890000" lon="5.585940000">
        <ele>732.000</ele>
      </trkpt>
      <trkpt lat="44.961870000" lon="5.585860000">
        <ele>733.000</ele>
      </trkpt>
      <trkpt lat="44.961840000" lon="5.585780000">
        <ele>734.000</ele>
      </trkpt>
      <trkpt lat="44.961670000" lon="5.585510000">
        <ele>735.000</ele>
      </trkpt>
      <trkpt lat="44.961510000" lon="5.585310000">
        <ele>736.000</ele>
      </trkpt>
      <trkpt lat="44.961490000" lon="5.585150000">
        <ele>737.000</ele>
      </trkpt>
      <trkpt lat="44.961500000" lon="5.584960000">
        <ele>739.000</ele>
      </trkpt>
      <trkpt lat="44.961470000" lon="5.584820000">
        <ele>740.000</ele>
      </trkpt>
      <trkpt lat="44.961240000" lon="5.584290000">
        <ele>743.000</ele>
      </trkpt>
      <trkpt lat="44.961160000" lon="5.583810000">
        <ele>746.000</ele>
      </trkpt>
      <trkpt lat="44.961090000" lon="5.583500000">
        <ele>749.000</ele>
      </trkpt>
      <trkpt lat="44.960900000" lon="5.583100000">
        <ele>752.000</ele>
      </trkpt>
      <trkpt lat="44.960640000" lon="5.582980000">
        <ele>756.000</ele>
      </trkpt>
      <trkpt lat="44.960120000" lon="5.582690000">
        <ele>759.000</ele>
      </trkpt>
      <trkpt lat="44.960040000" lon="5.582480000">
        <ele>761.000</ele>
      </trkpt>
      <trkpt lat="44.960010000" lon="5.582260000">
        <ele>763.000</ele>
      </trkpt>
      <trkpt lat="44.959880000" lon="5.582040000">
        <ele>765.000</ele>
      </trkpt>
      <trkpt lat="44.959840000" lon="5.581820000">
        <ele>766.000</ele>
      </trkpt>
      <trkpt lat="44.959760000" lon="5.581660000">
        <ele>768.000</ele>
      </trkpt>
      <trkpt lat="44.959580000" lon="5.581550000">
        <ele>769.000</ele>
      </trkpt>
      <trkpt lat="44.959450000" lon="5.581400000">
        <ele>770.000</ele>
      </trkpt>
      <trkpt lat="44.959430000" lon="5.581270000">
        <ele>771.000</ele>
      </trkpt>
      <trkpt lat="44.959470000" lon="5.580520000">
        <ele>774.000</ele>
      </trkpt>
      <trkpt lat="44.959450000" lon="5.579920000">
        <ele>779.000</ele>
      </trkpt>
      <trkpt lat="44.959410000" lon="5.579060000">
        <ele>786.000</ele>
      </trkpt>
      <trkpt lat="44.959170000" lon="5.576070000">
        <ele>803.000</ele>
      </trkpt>
      <trkpt lat="44.958980000" lon="5.575640000">
        <ele>815.000</ele>
      </trkpt>
      <trkpt lat="44.958830000" lon="5.575150000">
        <ele>828.080</ele>
      </trkpt>
      <trkpt lat="44.958680000" lon="5.575000000">
        <ele>830.170</ele>
      </trkpt>
      <trkpt lat="44.958590000" lon="5.574930000">
        <ele>831.300</ele>
      </trkpt>
      <trkpt lat="44.958540000" lon="5.574840000">
        <ele>832.220</ele>
      </trkpt>
      <trkpt lat="44.958540000" lon="5.574730000">
        <ele>833.140</ele>
      </trkpt>
      <trkpt lat="44.958590000" lon="5.574640000">
        <ele>834.070</ele>
      </trkpt>
      <trkpt lat="44.959460000" lon="5.573810000">
        <ele>845.910</ele>
      </trkpt>
      <trkpt lat="44.959710000" lon="5.573470000">
        <ele>849.890</ele>
      </trkpt>
      <trkpt lat="44.960760000" lon="5.571950000">
        <ele>866.920</ele>
      </trkpt>
      <trkpt lat="44.960860000" lon="5.571850000">
        <ele>868.340</ele>
      </trkpt>
      <trkpt lat="44.960930000" lon="5.571730000">
        <ele>869.620</ele>
      </trkpt>
      <trkpt lat="44.960970000" lon="5.571600000">
        <ele>870.740</ele>
      </trkpt>
      <trkpt lat="44.961000000" lon="5.571370000">
        <ele>872.590</ele>
      </trkpt>
      <trkpt lat="44.961040000" lon="5.571250000">
        <ele>873.670</ele>
      </trkpt>
      <trkpt lat="44.961090000" lon="5.571180000">
        <ele>874.490</ele>
      </trkpt>
      <trkpt lat="44.961170000" lon="5.571130000">
        <ele>875.000</ele>
      </trkpt>
      <trkpt lat="44.961440000" lon="5.571060000">
        <ele>876.000</ele>
      </trkpt>
      <trkpt lat="44.961550000" lon="5.571010000">
        <ele>877.000</ele>
      </trkpt>
      <trkpt lat="44.961640000" lon="5.570940000">
        <ele>878.000</ele>
      </trkpt>
      <trkpt lat="44.961800000" lon="5.570770000">
        <ele>878.000</ele>
      </trkpt>
      <trkpt lat="44.961890000" lon="5.570710000">
        <ele>879.000</ele>
      </trkpt>
      <trkpt lat="44.962040000" lon="5.570650000">
        <ele>880.000</ele>
      </trkpt>
      <trkpt lat="44.962350000" lon="5.570590000">
        <ele>881.000</ele>
      </trkpt>
      <trkpt lat="44.962790000" lon="5.570490000">
        <ele>881.000</ele>
      </trkpt>
      <trkpt lat="44.962910000" lon="5.570440000">
        <ele>882.000</ele>
      </trkpt>
      <trkpt lat="44.963200000" lon="5.570250000">
        <ele>882.000</ele>
      </trkpt>
      <trkpt lat="44.963340000" lon="5.570190000">
        <ele>882.000</ele>
      </trkpt>
      <trkpt lat="44.963510000" lon="5.570170000">
        <ele>882.000</ele>
      </trkpt>
      <trkpt lat="44.963730000" lon="5.570180000">
        <ele>882.000</ele>
      </trkpt>
      <trkpt lat="44.964040000" lon="5.570320000">
        <ele>882.000</ele>
      </trkpt>
      <trkpt lat="44.964540000" lon="5.570550000">
        <ele>882.000</ele>
      </trkpt>
      <trkpt lat="44.965080000" lon="5.570740000">
        <ele>882.000</ele>
      </trkpt>
      <trkpt lat="44.965570000" lon="5.570870000">
        <ele>882.000</ele>
      </trkpt>
      <trkpt lat="44.965610000" lon="5.570870000">
        <ele>882.000</ele>
      </trkpt>
      <trkpt lat="44.965610000" lon="5.570870000">
        <ele>882.000</ele>
      </trkpt>
      <trkpt lat="44.966070000" lon="5.570890000">
        <ele>882.000</ele>
      </trkpt>
      <trkpt lat="44.967130000" lon="5.570770000">
        <ele>881.000</ele>
      </trkpt>
      <trkpt lat="44.967180000" lon="5.570800000">
        <ele>881.000</ele>
      </trkpt>
      <trkpt lat="44.967530000" lon="5.570800000">
        <ele>881.000</ele>
      </trkpt>
      <trkpt lat="44.967900000" lon="5.570900000">
        <ele>880.000</ele>
      </trkpt>
      <trkpt lat="44.968040000" lon="5.570960000">
        <ele>880.000</ele>
      </trkpt>
      <trkpt lat="44.968280000" lon="5.571060000">
        <ele>879.000</ele>
      </trkpt>
      <trkpt lat="44.968530000" lon="5.571300000">
        <ele>879.000</ele>
      </trkpt>
      <trkpt lat="44.968870000" lon="5.571440000">
        <ele>878.000</ele>
      </trkpt>
      <trkpt lat="44.969150000" lon="5.571540000">
        <ele>878.000</ele>
      </trkpt>
      <trkpt lat="44.969290000" lon="5.571730000">
        <ele>878.000</ele>
      </trkpt>
      <trkpt lat="44.969450000" lon="5.572120000">
        <ele>878.000</ele>
      </trkpt>
      <trkpt lat="44.969590000" lon="5.572360000">
        <ele>879.000</ele>
      </trkpt>
      <trkpt lat="44.969720000" lon="5.572470000">
        <ele>879.000</ele>
      </trkpt>
      <trkpt lat="44.969740000" lon="5.572490000">
        <ele>879.000</ele>
      </trkpt>
      <trkpt lat="44.969920000" lon="5.572590000">
        <ele>879.000</ele>
      </trkpt>
      <trkpt lat="44.970110000" lon="5.572590000">
        <ele>879.000</ele>
      </trkpt>
      <trkpt lat="44.970240000" lon="5.572580000">
        <ele>880.000</ele>
      </trkpt>
      <trkpt lat="44.970470000" lon="5.572730000">
        <ele>880.000</ele>
      </trkpt>
      <trkpt lat="44.970660000" lon="5.572910000">
        <ele>880.000</ele>
      </trkpt>
      <trkpt lat="44.970920000" lon="5.573070000">
        <ele>881.000</ele>
      </trkpt>
      <trkpt lat="44.971110000" lon="5.573260000">
        <ele>881.000</ele>
      </trkpt>
      <trkpt lat="44.971190000" lon="5.573440000">
        <ele>882.000</ele>
      </trkpt>
      <trkpt lat="44.971250000" lon="5.573660000">
        <ele>882.000</ele>
      </trkpt>
      <trkpt lat="44.971350000" lon="5.573780000">
        <ele>882.000</ele>
      </trkpt>
      <trkpt lat="44.971500000" lon="5.573850000">
        <ele>883.000</ele>
      </trkpt>
      <trkpt lat="44.971650000" lon="5.573970000">
        <ele>883.000</ele>
      </trkpt>
      <trkpt lat="44.971840000" lon="5.574200000">
        <ele>883.000</ele>
      </trkpt>
      <trkpt lat="44.971920000" lon="5.574350000">
        <ele>884.000</ele>
      </trkpt>
      <trkpt lat="44.972210000" lon="5.574600000">
        <ele>884.000</ele>
      </trkpt>
      <trkpt lat="44.972430000" lon="5.574860000">
        <ele>884.000</ele>
      </trkpt>
      <trkpt lat="44.972700000" lon="5.575170000">
        <ele>884.000</ele>
      </trkpt>
      <trkpt lat="44.973010000" lon="5.575540000">
        <ele>883.000</ele>
      </trkpt>
      <trkpt lat="44.973170000" lon="5.575650000">
        <ele>883.000</ele>
      </trkpt>
      <trkpt lat="44.973270000" lon="5.575630000">
        <ele>883.000</ele>
      </trkpt>
      <trkpt lat="44.973440000" lon="5.575520000">
        <ele>883.000</ele>
      </trkpt>
      <trkpt lat="44.973550000" lon="5.575370000">
        <ele>883.000</ele>
      </trkpt>
      <trkpt lat="44.973710000" lon="5.575220000">
        <ele>883.000</ele>
      </trkpt>
      <trkpt lat="44.973890000" lon="5.575120000">
        <ele>884.000</ele>
      </trkpt>
      <trkpt lat="44.974050000" lon="5.575110000">
        <ele>884.000</ele>
      </trkpt>
      <trkpt lat="44.974230000" lon="5.575120000">
        <ele>885.000</ele>
      </trkpt>
      <trkpt lat="44.974330000" lon="5.575060000">
        <ele>886.000</ele>
      </trkpt>
      <trkpt lat="44.974450000" lon="5.574990000">
        <ele>886.000</ele>
      </trkpt>
      <trkpt lat="44.974420000" lon="5.574850000">
        <ele>887.000</ele>
      </trkpt>
      <trkpt lat="44.974320000" lon="5.574780000">
        <ele>888.000</ele>
      </trkpt>
      <trkpt lat="44.974190000" lon="5.574740000">
        <ele>888.000</ele>
      </trkpt>
      <trkpt lat="44.973930000" lon="5.574580000">
        <ele>889.000</ele>
      </trkpt>
      <trkpt lat="44.973750000" lon="5.574400000">
        <ele>890.000</ele>
      </trkpt>
      <trkpt lat="44.973500000" lon="5.574040000">
        <ele>891.000</ele>
      </trkpt>
      <trkpt lat="44.973330000" lon="5.573740000">
        <ele>893.000</ele>
      </trkpt>
      <trkpt lat="44.973260000" lon="5.573520000">
        <ele>894.000</ele>
      </trkpt>
      <trkpt lat="44.973280000" lon="5.573300000">
        <ele>895.000</ele>
      </trkpt>
      <trkpt lat="44.973340000" lon="5.573190000">
        <ele>896.000</ele>
      </trkpt>
      <trkpt lat="44.973450000" lon="5.573110000">
        <ele>897.000</ele>
      </trkpt>
      <trkpt lat="44.973570000" lon="5.573120000">
        <ele>898.000</ele>
      </trkpt>
      <trkpt lat="44.973760000" lon="5.573220000">
        <ele>899.000</ele>
      </trkpt>
      <trkpt lat="44.974060000" lon="5.573290000">
        <ele>901.000</ele>
      </trkpt>
      <trkpt lat="44.974110000" lon="5.573530000">
        <ele>902.000</ele>
      </trkpt>
      <trkpt lat="44.974250000" lon="5.573810000">
        <ele>902.000</ele>
      </trkpt>
      <trkpt lat="44.974400000" lon="5.573970000">
        <ele>903.000</ele>
      </trkpt>
      <trkpt lat="44.974610000" lon="5.574110000">
        <ele>903.000</ele>
      </trkpt>
      <trkpt lat="44.974750000" lon="5.574160000">
        <ele>903.000</ele>
      </trkpt>
      <trkpt lat="44.974960000" lon="5.574180000">
        <ele>903.000</ele>
      </trkpt>
      <trkpt lat="44.975140000" lon="5.574180000">
        <ele>903.000</ele>
      </trkpt>
      <trkpt lat="44.975270000" lon="5.574220000">
        <ele>903.000</ele>
      </trkpt>
      <trkpt lat="44.975330000" lon="5.574320000">
        <ele>903.000</ele>
      </trkpt>
      <trkpt lat="44.975340000" lon="5.574500000">
        <ele>903.000</ele>
      </trkpt>
      <trkpt lat="44.975260000" lon="5.574710000">
        <ele>903.000</ele>
      </trkpt>
      <trkpt lat="44.975150000" lon="5.574890000">
        <ele>904.000</ele>
      </trkpt>
      <trkpt lat="44.975050000" lon="5.575150000">
        <ele>905.000</ele>
      </trkpt>
      <trkpt lat="44.974850000" lon="5.575770000">
        <ele>906.000</ele>
      </trkpt>
      <trkpt lat="44.974770000" lon="5.576020000">
        <ele>908.000</ele>
      </trkpt>
      <trkpt lat="44.974760000" lon="5.576100000">
        <ele>909.000</ele>
      </trkpt>
      <trkpt lat="44.974760000" lon="5.576170000">
        <ele>910.000</ele>
      </trkpt>
      <trkpt lat="44.974790000" lon="5.576200000">
        <ele>910.000</ele>
      </trkpt>
      <trkpt lat="44.974850000" lon="5.576210000">
        <ele>911.000</ele>
      </trkpt>
      <trkpt lat="44.974930000" lon="5.576220000">
        <ele>911.000</ele>
      </trkpt>
      <trkpt lat="44.975280000" lon="5.576240000">
        <ele>912.000</ele>
      </trkpt>
      <trkpt lat="44.975550000" lon="5.576320000">
        <ele>914.000</ele>
      </trkpt>
      <trkpt lat="44.975820000" lon="5.576530000">
        <ele>916.000</ele>
      </trkpt>
      <trkpt lat="44.976200000" lon="5.576780000">
        <ele>919.000</ele>
      </trkpt>
      <trkpt lat="44.976580000" lon="5.576880000">
        <ele>922.000</ele>
      </trkpt>
      <trkpt lat="44.976900000" lon="5.576960000">
        <ele>925.000</ele>
      </trkpt>
      <trkpt lat="44.977170000" lon="5.576980000">
        <ele>929.000</ele>
      </trkpt>
      <trkpt lat="44.977290000" lon="5.577030000">
        <ele>931.000</ele>
      </trkpt>
      <trkpt lat="44.977350000" lon="5.577110000">
        <ele>933.000</ele>
      </trkpt>
      <trkpt lat="44.977370000" lon="5.577190000">
        <ele>934.000</ele>
      </trkpt>
      <trkpt lat="44.977380000" lon="5.577330000">
        <ele>935.000</ele>
      </trkpt>
      <trkpt lat="44.977320000" lon="5.577460000">
        <ele>936.000</ele>
      </trkpt>
      <trkpt lat="44.977020000" lon="5.577800000">
        <ele>937.000</ele>
      </trkpt>
      <trkpt lat="44.976830000" lon="5.578040000">
        <ele>938.000</ele>
      </trkpt>
      <trkpt lat="44.976650000" lon="5.578360000">
        <ele>939.000</ele>
      </trkpt>
      <trkpt lat="44.976590000" lon="5.578500000">
        <ele>940.000</ele>
      </trkpt>
      <trkpt lat="44.976510000" lon="5.578670000">
        <ele>941.000</ele>
      </trkpt>
      <trkpt lat="44.976340000" lon="5.579090000">
        <ele>942.000</ele>
      </trkpt>
      <trkpt lat="44.976260000" lon="5.579370000">
        <ele>943.000</ele>
      </trkpt>
      <trkpt lat="44.976230000" lon="5.579650000">
        <ele>944.000</ele>
      </trkpt>
      <trkpt lat="44.976220000" lon="5.579950000">
        <ele>945.000</ele>
      </trkpt>
      <trkpt lat="44.976260000" lon="5.580170000">
        <ele>947.000</ele>
      </trkpt>
      <trkpt lat="44.976310000" lon="5.580350000">
        <ele>948.000</ele>
      </trkpt>
      <trkpt lat="44.976390000" lon="5.580480000">
        <ele>949.000</ele>
      </trkpt>
      <trkpt lat="44.976460000" lon="5.580570000">
        <ele>950.000</ele>
      </trkpt>
      <trkpt lat="44.976730000" lon="5.580940000">
        <ele>952.000</ele>
      </trkpt>
      <trkpt lat="44.977000000" lon="5.581160000">
        <ele>954.000</ele>
      </trkpt>
      <trkpt lat="44.978830000" lon="5.582540000">
        <ele>964.000</ele>
      </trkpt>
      <trkpt lat="44.978830000" lon="5.582540000">
        <ele>971.000</ele>
      </trkpt>
      <trkpt lat="44.980610000" lon="5.583890000">
        <ele>980.000</ele>
      </trkpt>
      <trkpt lat="44.980760000" lon="5.584030000">
        <ele>986.000</ele>
      </trkpt>
      <trkpt lat="44.980890000" lon="5.584190000">
        <ele>991.000</ele>
      </trkpt>
      <trkpt lat="44.981130000" lon="5.584630000">
        <ele>995.000</ele>
      </trkpt>
      <trkpt lat="44.981460000" lon="5.585300000">
        <ele>1000.000</ele>
      </trkpt>
      <trkpt lat="44.981680000" lon="5.585570000">
        <ele>1004.000</ele>
      </trkpt>
      <trkpt lat="44.981880000" lon="5.585710000">
        <ele>1007.000</ele>
      </trkpt>
      <trkpt lat="44.982220000" lon="5.585860000">
        <ele>1010.000</ele>
      </trkpt>
      <trkpt lat="44.982500000" lon="5.586030000">
        <ele>1013.000</ele>
      </trkpt>
      <trkpt lat="44.982630000" lon="5.586150000">
        <ele>1015.000</ele>
      </trkpt>
      <trkpt lat="44.982730000" lon="5.586290000">
        <ele>1017.000</ele>
      </trkpt>
      <trkpt lat="44.983000000" lon="5.586710000">
        <ele>1019.000</ele>
      </trkpt>
      <trkpt lat="44.983060000" lon="5.586740000">
        <ele>1020.000</ele>
      </trkpt>
      <trkpt lat="44.983140000" lon="5.586730000">
        <ele>1021.000</ele>
      </trkpt>
      <trkpt lat="44.983170000" lon="5.586680000">
        <ele>1022.000</ele>
      </trkpt>
      <trkpt lat="44.983190000" lon="5.586620000">
        <ele>1023.000</ele>
      </trkpt>
      <trkpt lat="44.983190000" lon="5.586520000">
        <ele>1024.000</ele>
      </trkpt>
      <trkpt lat="44.983160000" lon="5.586430000">
        <ele>1024.000</ele>
      </trkpt>
      <trkpt lat="44.982970000" lon="5.586070000">
        <ele>1025.000</ele>
      </trkpt>
      <trkpt lat="44.982820000" lon="5.585610000">
        <ele>1027.000</ele>
      </trkpt>
      <trkpt lat="44.982700000" lon="5.585370000">
        <ele>1029.000</ele>
      </trkpt>
      <trkpt lat="44.982580000" lon="5.585260000">
        <ele>1030.000</ele>
      </trkpt>
      <trkpt lat="44.982400000" lon="5.585080000">
        <ele>1032.000</ele>
      </trkpt>
      <trkpt lat="44.982220000" lon="5.584920000">
        <ele>1034.000</ele>
      </trkpt>
      <trkpt lat="44.982060000" lon="5.584700000">
        <ele>1036.000</ele>
      </trkpt>
      <trkpt lat="44.981900000" lon="5.584350000">
        <ele>1038.000</ele>
      </trkpt>
      <trkpt lat="44.981290000" lon="5.582740000">
        <ele>1043.000</ele>
      </trkpt>
      <trkpt lat="44.981010000" lon="5.582180000">
        <ele>1047.000</ele>
      </trkpt>
      <trkpt lat="44.980810000" lon="5.581710000">
        <ele>1051.000</ele>
      </trkpt>
      <trkpt lat="44.980590000" lon="5.581470000">
        <ele>1054.000</ele>
      </trkpt>
      <trkpt lat="44.980430000" lon="5.581370000">
        <ele>1056.000</ele>
      </trkpt>
      <trkpt lat="44.980260000" lon="5.581160000">
        <ele>1058.000</ele>
      </trkpt>
      <trkpt lat="44.980190000" lon="5.581090000">
        <ele>1059.000</ele>
      </trkpt>
      <trkpt lat="44.980180000" lon="5.581020000">
        <ele>1060.000</ele>
      </trkpt>
      <trkpt lat="44.980180000" lon="5.580980000">
        <ele>1061.000</ele>
      </trkpt>
      <trkpt lat="44.980200000" lon="5.580870000">
        <ele>1061.000</ele>
      </trkpt>
      <trkpt lat="44.980250000" lon="5.580800000">
        <ele>1062.000</ele>
      </trkpt>
      <trkpt lat="44.980310000" lon="5.580780000">
        <ele>1062.000</ele>
      </trkpt>
      <trkpt lat="44.980380000" lon="5.580800000">
        <ele>1063.000</ele>
      </trkpt>
      <trkpt lat="44.980420000" lon="5.580830000">
        <ele>1063.000</ele>
      </trkpt>
      <trkpt lat="44.980460000" lon="5.580860000">
        <ele>1064.000</ele>
      </trkpt>
      <trkpt lat="44.980590000" lon="5.581020000">
        <ele>1065.000</ele>
      </trkpt>
      <trkpt lat="44.980660000" lon="5.581110000">
        <ele>1065.000</ele>
      </trkpt>
      <trkpt lat="44.980730000" lon="5.581210000">
        <ele>1066.000</ele>
      </trkpt>
      <trkpt lat="44.980940000" lon="5.581500000">
        <ele>1067.000</ele>
      </trkpt>
      <trkpt lat="44.981060000" lon="5.581600000">
        <ele>1069.000</ele>
      </trkpt>
      <trkpt lat="44.981250000" lon="5.581890000">
        <ele>1070.000</ele>
      </trkpt>
      <trkpt lat="44.981470000" lon="5.582230000">
        <ele>1072.000</ele>
      </trkpt>
      <trkpt lat="44.981630000" lon="5.582450000">
        <ele>1074.000</ele>
      </trkpt>
      <trkpt lat="44.981870000" lon="5.582690000">
        <ele>1076.000</ele>
      </trkpt>
      <trkpt lat="44.982210000" lon="5.582990000">
        <ele>1078.000</ele>
      </trkpt>
      <trkpt lat="44.982490000" lon="5.583180000">
        <ele>1080.000</ele>
      </trkpt>
      <trkpt lat="44.982670000" lon="5.583270000">
        <ele>1081.000</ele>
      </trkpt>
      <trkpt lat="44.983100000" lon="5.583490000">
        <ele>1084.000</ele>
      </trkpt>
      <trkpt lat="44.983500000" lon="5.583690000">
        <ele>1086.000</ele>
      </trkpt>
      <trkpt lat="44.983780000" lon="5.583900000">
        <ele>1088.000</ele>
      </trkpt>
      <trkpt lat="44.983980000" lon="5.584100000">
        <ele>1090.000</ele>
      </trkpt>
      <trkpt lat="44.984470000" lon="5.584640000">
        <ele>1092.000</ele>
      </trkpt>
      <trkpt lat="44.984880000" lon="5.585030000">
        <ele>1095.000</ele>
      </trkpt>
      <trkpt lat="44.985240000" lon="5.585330000">
        <ele>1097.000</ele>
      </trkpt>
      <trkpt lat="44.985640000" lon="5.585570000">
        <ele>1101.000</ele>
      </trkpt>
      <trkpt lat="44.985830000" lon="5.585630000">
        <ele>1103.000</ele>
      </trkpt>
      <trkpt lat="44.986250000" lon="5.585710000">
        <ele>1106.000</ele>
      </trkpt>
      <trkpt lat="44.986430000" lon="5.585810000">
        <ele>1109.000</ele>
      </trkpt>
      <trkpt lat="44.986650000" lon="5.586010000">
        <ele>1111.000</ele>
      </trkpt>
      <trkpt lat="44.986740000" lon="5.586180000">
        <ele>1114.000</ele>
      </trkpt>
      <trkpt lat="44.986810000" lon="5.586370000">
        <ele>1116.000</ele>
      </trkpt>
      <trkpt lat="44.986850000" lon="5.586580000">
        <ele>1117.000</ele>
      </trkpt>
      <trkpt lat="44.986850000" lon="5.586890000">
        <ele>1119.000</ele>
      </trkpt>
      <trkpt lat="44.986820000" lon="5.587770000">
        <ele>1120.000</ele>
      </trkpt>
      <trkpt lat="44.986760000" lon="5.588180000">
        <ele>1122.000</ele>
      </trkpt>
      <trkpt lat="44.986700000" lon="5.588490000">
        <ele>1124.000</ele>
      </trkpt>
      <trkpt lat="44.986530000" lon="5.588910000">
        <ele>1125.000</ele>
      </trkpt>
      <trkpt lat="44.986510000" lon="5.589020000">
        <ele>1127.000</ele>
      </trkpt>
      <trkpt lat="44.986500000" lon="5.589140000">
        <ele>1127.000</ele>
      </trkpt>
      <trkpt lat="44.986510000" lon="5.589280000">
        <ele>1128.000</ele>
      </trkpt>
      <trkpt lat="44.986530000" lon="5.589410000">
        <ele>1129.000</ele>
      </trkpt>
      <trkpt lat="44.986650000" lon="5.589810000">
        <ele>1130.000</ele>
      </trkpt>
      <trkpt lat="44.986800000" lon="5.590320000">
        <ele>1131.000</ele>
      </trkpt>
      <trkpt lat="44.986900000" lon="5.590660000">
        <ele>1132.000</ele>
      </trkpt>
      <trkpt lat="44.986960000" lon="5.591070000">
        <ele>1134.000</ele>
      </trkpt>
      <trkpt lat="44.987040000" lon="5.591440000">
        <ele>1135.000</ele>
      </trkpt>
      <trkpt lat="44.987060000" lon="5.591520000">
        <ele>1136.000</ele>
      </trkpt>
      <trkpt lat="44.987140000" lon="5.591730000">
        <ele>1137.000</ele>
      </trkpt>
      <trkpt lat="44.987280000" lon="5.591970000">
        <ele>1138.000</ele>
      </trkpt>
      <trkpt lat="44.987450000" lon="5.592230000">
        <ele>1139.000</ele>
      </trkpt>
      <trkpt lat="44.987650000" lon="5.592490000">
        <ele>1140.000</ele>
      </trkpt>
      <trkpt lat="44.987960000" lon="5.592790000">
        <ele>1142.000</ele>
      </trkpt>
      <trkpt lat="44.988130000" lon="5.592940000">
        <ele>1143.000</ele>
      </trkpt>
      <trkpt lat="44.988260000" lon="5.593120000">
        <ele>1145.000</ele>
      </trkpt>
      <trkpt lat="44.988400000" lon="5.593370000">
        <ele>1146.000</ele>
      </trkpt>
      <trkpt lat="44.988850000" lon="5.594010000">
        <ele>1148.000</ele>
      </trkpt>
      <trkpt lat="44.989070000" lon="5.594280000">
        <ele>1149.000</ele>
      </trkpt>
      <trkpt lat="44.989170000" lon="5.594380000">
        <ele>1151.000</ele>
      </trkpt>
      <trkpt lat="44.989230000" lon="5.594450000">
        <ele>1152.000</ele>
      </trkpt>
      <trkpt lat="44.989280000" lon="5.594490000">
        <ele>1152.000</ele>
      </trkpt>
      <trkpt lat="44.989470000" lon="5.594590000">
        <ele>1153.000</ele>
      </trkpt>
      <trkpt lat="44.989750000" lon="5.594720000">
        <ele>1154.000</ele>
      </trkpt>
      <trkpt lat="44.990000000" lon="5.594860000">
        <ele>1155.000</ele>
      </trkpt>
      <trkpt lat="44.990150000" lon="5.594950000">
        <ele>1156.000</ele>
      </trkpt>
      <trkpt lat="44.990340000" lon="5.595050000">
        <ele>1156.000</ele>
      </trkpt>
      <trkpt lat="44.990630000" lon="5.595220000">
        <ele>1156.000</ele>
      </trkpt>
      <trkpt lat="44.990840000" lon="5.595370000">
        <ele>1156.000</ele>
      </trkpt>
      <trkpt lat="44.991010000" lon="5.595480000">
        <ele>1155.000</ele>
      </trkpt>
      <trkpt lat="44.991110000" lon="5.595530000">
        <ele>1155.000</ele>
      </trkpt>
      <trkpt lat="44.991660000" lon="5.595860000">
        <ele>1154.000</ele>
      </trkpt>
      <trkpt lat="44.991770000" lon="5.595890000">
        <ele>1153.000</ele>
      </trkpt>
      <trkpt lat="44.991860000" lon="5.595870000">
        <ele>1153.000</ele>
      </trkpt>
      <trkpt lat="44.992050000" lon="5.595690000">
        <ele>1152.000</ele>
      </trkpt>
      <trkpt lat="44.992150000" lon="5.595580000">
        <ele>1151.000</ele>
      </trkpt>
      <trkpt lat="44.992290000" lon="5.595530000">
        <ele>1150.000</ele>
      </trkpt>
      <trkpt lat="44.992730000" lon="5.595420000">
        <ele>1148.000</ele>
      </trkpt>
      <trkpt lat="44.992880000" lon="5.595280000">
        <ele>1147.000</ele>
      </trkpt>
      <trkpt lat="44.993020000" lon="5.595280000">
        <ele>1145.000</ele>
      </trkpt>
      <trkpt lat="44.993130000" lon="5.595390000">
        <ele>1144.000</ele>
      </trkpt>
      <trkpt lat="44.993260000" lon="5.595640000">
        <ele>1143.000</ele>
      </trkpt>
      <trkpt lat="44.993380000" lon="5.595820000">
        <ele>1141.000</ele>
      </trkpt>
      <trkpt lat="44.993830000" lon="5.596040000">
        <ele>1138.000</ele>
      </trkpt>
      <trkpt lat="44.993990000" lon="5.596210000">
        <ele>1135.000</ele>
      </trkpt>
      <trkpt lat="44.994100000" lon="5.596420000">
        <ele>1132.000</ele>
      </trkpt>
      <trkpt lat="44.994150000" lon="5.596730000">
        <ele>1130.000</ele>
      </trkpt>
      <trkpt lat="44.994120000" lon="5.597300000">
        <ele>1126.000</ele>
      </trkpt>
      <trkpt lat="44.994140000" lon="5.597500000">
        <ele>1123.000</ele>
      </trkpt>
      <trkpt lat="44.994240000" lon="5.597750000">
        <ele>1120.000</ele>
      </trkpt>
      <trkpt lat="44.994500000" lon="5.598230000">
        <ele>1117.000</ele>
      </trkpt>
      <trkpt lat="44.994890000" lon="5.598860000">
        <ele>1113.000</ele>
      </trkpt>
      <trkpt lat="44.995030000" lon="5.599140000">
        <ele>1110.000</ele>
      </trkpt>
      <trkpt lat="44.995140000" lon="5.599440000">
        <ele>1108.000</ele>
      </trkpt>
      <trkpt lat="44.995210000" lon="5.599710000">
        <ele>1105.000</ele>
      </trkpt>
      <trkpt lat="44.995280000" lon="5.599950000">
        <ele>1103.000</ele>
      </trkpt>
      <trkpt lat="44.995420000" lon="5.600160000">
        <ele>1101.000</ele>
      </trkpt>
      <trkpt lat="44.995780000" lon="5.600480000">
        <ele>1099.000</ele>
      </trkpt>
      <trkpt lat="44.995890000" lon="5.600590000">
        <ele>1097.000</ele>
      </trkpt>
      <trkpt lat="44.995950000" lon="5.600770000">
        <ele>1095.000</ele>
      </trkpt>
      <trkpt lat="44.996020000" lon="5.601090000">
        <ele>1093.000</ele>
      </trkpt>
      <trkpt lat="44.996090000" lon="5.601240000">
        <ele>1092.000</ele>
      </trkpt>
      <trkpt lat="44.996150000" lon="5.601320000">
        <ele>1090.000</ele>
      </trkpt>
      <trkpt lat="44.996150000" lon="5.601320000">
        <ele>1089.000</ele>
      </trkpt>
      <trkpt lat="44.996250000" lon="5.601460000">
        <ele>1088.000</ele>
      </trkpt>
      <trkpt lat="44.996880000" lon="5.602240000">
        <ele>1085.000</ele>
      </trkpt>
      <trkpt lat="44.996930000" lon="5.602390000">
        <ele>1083.000</ele>
      </trkpt>
      <trkpt lat="44.996950000" lon="5.602580000">
        <ele>1081.000</ele>
      </trkpt>
      <trkpt lat="44.996940000" lon="5.602710000">
        <ele>1080.000</ele>
      </trkpt>
      <trkpt lat="44.996900000" lon="5.602810000">
        <ele>1079.000</ele>
      </trkpt>
      <trkpt lat="44.996850000" lon="5.602900000">
        <ele>1078.000</ele>
      </trkpt>
      <trkpt lat="44.996790000" lon="5.602970000">
        <ele>1077.000</ele>
      </trkpt>
      <trkpt lat="44.996670000" lon="5.603020000">
        <ele>1076.000</ele>
      </trkpt>
      <trkpt lat="44.996540000" lon="5.603020000">
        <ele>1076.000</ele>
      </trkpt>
      <trkpt lat="44.996130000" lon="5.602810000">
        <ele>1074.000</ele>
      </trkpt>
      <trkpt lat="44.995830000" lon="5.602700000">
        <ele>1072.000</ele>
      </trkpt>
      <trkpt lat="44.995770000" lon="5.602680000">
        <ele>1071.000</ele>
      </trkpt>
      <trkpt lat="44.995710000" lon="5.602710000">
        <ele>1070.000</ele>
      </trkpt>
      <trkpt lat="44.995650000" lon="5.602740000">
        <ele>1069.000</ele>
      </trkpt>
      <trkpt lat="44.995610000" lon="5.602810000">
        <ele>1069.000</ele>
      </trkpt>
      <trkpt lat="44.995600000" lon="5.602870000">
        <ele>1068.000</ele>
      </trkpt>
      <trkpt lat="44.995600000" lon="5.603020000">
        <ele>1068.000</ele>
      </trkpt>
      <trkpt lat="44.995670000" lon="5.603220000">
        <ele>1067.000</ele>
      </trkpt>
      <trkpt lat="44.995800000" lon="5.603460000">
        <ele>1067.000</ele>
      </trkpt>
      <trkpt lat="44.995980000" lon="5.603710000">
        <ele>1066.000</ele>
      </trkpt>
      <trkpt lat="44.996590000" lon="5.604670000">
        <ele>1064.000</ele>
      </trkpt>
      <trkpt lat="44.996850000" lon="5.605050000">
        <ele>1063.000</ele>
      </trkpt>
      <trkpt lat="44.996970000" lon="5.605190000">
        <ele>1061.000</ele>
      </trkpt>
      <trkpt lat="44.997210000" lon="5.605380000">
        <ele>1060.000</ele>
      </trkpt>
      <trkpt lat="44.997460000" lon="5.605580000">
        <ele>1059.000</ele>
      </trkpt>
      <trkpt lat="44.997700000" lon="5.605740000">
        <ele>1058.000</ele>
      </trkpt>
      <trkpt lat="44.997860000" lon="5.605840000">
        <ele>1057.000</ele>
      </trkpt>
      <trkpt lat="44.997990000" lon="5.605890000">
        <ele>1056.000</ele>
      </trkpt>
      <trkpt lat="44.998120000" lon="5.605910000">
        <ele>1056.000</ele>
      </trkpt>
      <trkpt lat="44.998650000" lon="5.605990000">
        <ele>1055.000</ele>
      </trkpt>
      <trkpt lat="44.998850000" lon="5.606020000">
        <ele>1053.000</ele>
      </trkpt>
      <trkpt lat="44.999000000" lon="5.606080000">
        <ele>1052.000</ele>
      </trkpt>
      <trkpt lat="44.999140000" lon="5.606150000">
        <ele>1051.000</ele>
      </trkpt>
      <trkpt lat="44.999880000" lon="5.606560000">
        <ele>1047.000</ele>
      </trkpt>
      <trkpt lat="45.000170000" lon="5.606730000">
        <ele>1044.000</ele>
      </trkpt>
      <trkpt lat="45.000360000" lon="5.606820000">
        <ele>1042.000</ele>
      </trkpt>
      <trkpt lat="45.000510000" lon="5.606870000">
        <ele>1039.000</ele>
      </trkpt>
      <trkpt lat="45.000760000" lon="5.606920000">
        <ele>1037.000</ele>
      </trkpt>
      <trkpt lat="45.000940000" lon="5.606940000">
        <ele>1034.000</ele>
      </trkpt>
      <trkpt lat="45.001140000" lon="5.606970000">
        <ele>1031.000</ele>
      </trkpt>
      <trkpt lat="45.001300000" lon="5.607000000">
        <ele>1029.000</ele>
      </trkpt>
      <trkpt lat="45.001410000" lon="5.607020000">
        <ele>1027.000</ele>
      </trkpt>
      <trkpt lat="45.001630000" lon="5.607090000">
        <ele>1025.000</ele>
      </trkpt>
      <trkpt lat="45.001830000" lon="5.607150000">
        <ele>1022.000</ele>
      </trkpt>
      <trkpt lat="45.001910000" lon="5.607180000">
        <ele>1020.000</ele>
      </trkpt>
      <trkpt lat="45.002020000" lon="5.607190000">
        <ele>1018.000</ele>
      </trkpt>
      <trkpt lat="45.002190000" lon="5.607190000">
        <ele>1016.000</ele>
      </trkpt>
      <trkpt lat="45.002570000" lon="5.607190000">
        <ele>1014.000</ele>
      </trkpt>
      <trkpt lat="45.002680000" lon="5.607160000">
        <ele>1013.000</ele>
      </trkpt>
      <trkpt lat="45.002810000" lon="5.607080000">
        <ele>1012.000</ele>
      </trkpt>
      <trkpt lat="45.002920000" lon="5.606940000">
        <ele>1011.000</ele>
      </trkpt>
      <trkpt lat="45.003080000" lon="5.606770000">
        <ele>1010.000</ele>
      </trkpt>
      <trkpt lat="45.003150000" lon="5.606710000">
        <ele>1009.000</ele>
      </trkpt>
      <trkpt lat="45.003220000" lon="5.606690000">
        <ele>1008.000</ele>
      </trkpt>
      <trkpt lat="45.003310000" lon="5.606700000">
        <ele>1008.000</ele>
      </trkpt>
      <trkpt lat="45.003400000" lon="5.606750000">
        <ele>1007.000</ele>
      </trkpt>
      <trkpt lat="45.003470000" lon="5.606820000">
        <ele>1007.000</ele>
      </trkpt>
      <trkpt lat="45.003670000" lon="5.607020000">
        <ele>1006.000</ele>
      </trkpt>
      <trkpt lat="45.003860000" lon="5.607170000">
        <ele>1005.000</ele>
      </trkpt>
      <trkpt lat="45.003940000" lon="5.607220000">
        <ele>1005.000</ele>
      </trkpt>
      <trkpt lat="45.004040000" lon="5.607250000">
        <ele>1004.000</ele>
      </trkpt>
      <trkpt lat="45.004130000" lon="5.607250000">
        <ele>1004.000</ele>
      </trkpt>
      <trkpt lat="45.004290000" lon="5.607230000">
        <ele>1003.000</ele>
      </trkpt>
      <trkpt lat="45.004360000" lon="5.607250000">
        <ele>1003.000</ele>
      </trkpt>
      <trkpt lat="45.004420000" lon="5.607290000">
        <ele>1003.000</ele>
      </trkpt>
      <trkpt lat="45.004470000" lon="5.607360000">
        <ele>1003.000</ele>
      </trkpt>
      <trkpt lat="45.004520000" lon="5.607530000">
        <ele>1002.000</ele>
      </trkpt>
      <trkpt lat="45.004580000" lon="5.607680000">
        <ele>1002.000</ele>
      </trkpt>
      <trkpt lat="45.004650000" lon="5.607750000">
        <ele>1002.000</ele>
      </trkpt>
      <trkpt lat="45.004740000" lon="5.607780000">
        <ele>1002.000</ele>
      </trkpt>
      <trkpt lat="45.004810000" lon="5.607790000">
        <ele>1001.000</ele>
      </trkpt>
      <trkpt lat="45.005000000" lon="5.607780000">
        <ele>1001.000</ele>
      </trkpt>
      <trkpt lat="45.005140000" lon="5.607780000">
        <ele>1001.000</ele>
      </trkpt>
      <trkpt lat="45.005240000" lon="5.607820000">
        <ele>1001.000</ele>
      </trkpt>
      <trkpt lat="45.005450000" lon="5.608000000">
        <ele>1000.000</ele>
      </trkpt>
      <trkpt lat="45.005570000" lon="5.608120000">
        <ele>1000.000</ele>
      </trkpt>
      <trkpt lat="45.005760000" lon="5.608320000">
        <ele>999.000</ele>
      </trkpt>
      <trkpt lat="45.005860000" lon="5.608440000">
        <ele>998.000</ele>
      </trkpt>
      <trkpt lat="45.005900000" lon="5.608530000">
        <ele>997.000</ele>
      </trkpt>
      <trkpt lat="45.005940000" lon="5.608610000">
        <ele>996.000</ele>
      </trkpt>
      <trkpt lat="45.005950000" lon="5.608750000">
        <ele>995.000</ele>
      </trkpt>
      <trkpt lat="45.005970000" lon="5.608900000">
        <ele>994.000</ele>
      </trkpt>
      <trkpt lat="45.006010000" lon="5.609020000">
        <ele>994.000</ele>
      </trkpt>
      <trkpt lat="45.006060000" lon="5.609120000">
        <ele>993.000</ele>
      </trkpt>
      <trkpt lat="45.006140000" lon="5.609210000">
        <ele>992.000</ele>
      </trkpt>
      <trkpt lat="45.006240000" lon="5.609300000">
        <ele>991.000</ele>
      </trkpt>
      <trkpt lat="45.006370000" lon="5.609420000">
        <ele>991.000</ele>
      </trkpt>
      <trkpt lat="45.006510000" lon="5.609550000">
        <ele>989.000</ele>
      </trkpt>
      <trkpt lat="45.006610000" lon="5.609650000">
        <ele>988.000</ele>
      </trkpt>
      <trkpt lat="45.006710000" lon="5.609760000">
        <ele>987.000</ele>
      </trkpt>
      <trkpt lat="45.006860000" lon="5.609970000">
        <ele>986.000</ele>
      </trkpt>
      <trkpt lat="45.006940000" lon="5.610070000">
        <ele>986.000</ele>
      </trkpt>
      <trkpt lat="45.007030000" lon="5.610150000">
        <ele>985.000</ele>
      </trkpt>
      <trkpt lat="45.007140000" lon="5.610240000">
        <ele>984.000</ele>
      </trkpt>
      <trkpt lat="45.007200000" lon="5.610300000">
        <ele>983.000</ele>
      </trkpt>
      <trkpt lat="45.007260000" lon="5.610410000">
        <ele>983.000</ele>
      </trkpt>
      <trkpt lat="45.007290000" lon="5.610520000">
        <ele>982.000</ele>
      </trkpt>
      <trkpt lat="45.007340000" lon="5.610600000">
        <ele>982.000</ele>
      </trkpt>
      <trkpt lat="45.007400000" lon="5.610670000">
        <ele>981.000</ele>
      </trkpt>
      <trkpt lat="45.007500000" lon="5.610750000">
        <ele>981.000</ele>
      </trkpt>
      <trkpt lat="45.007620000" lon="5.610820000">
        <ele>980.000</ele>
      </trkpt>
      <trkpt lat="45.007860000" lon="5.610970000">
        <ele>979.000</ele>
      </trkpt>
      <trkpt lat="45.007950000" lon="5.611020000">
        <ele>979.000</ele>
      </trkpt>
      <trkpt lat="45.008130000" lon="5.611070000">
        <ele>978.000</ele>
      </trkpt>
      <trkpt lat="45.008230000" lon="5.611110000">
        <ele>977.000</ele>
      </trkpt>
      <trkpt lat="45.008320000" lon="5.611160000">
        <ele>976.000</ele>
      </trkpt>
      <trkpt lat="45.008700000" lon="5.611450000">
        <ele>975.000</ele>
      </trkpt>
      <trkpt lat="45.008870000" lon="5.611600000">
        <ele>974.000</ele>
      </trkpt>
      <trkpt lat="45.008990000" lon="5.611730000">
        <ele>973.000</ele>
      </trkpt>
      <trkpt lat="45.009090000" lon="5.611880000">
        <ele>972.000</ele>
      </trkpt>
      <trkpt lat="45.009200000" lon="5.611990000">
        <ele>971.000</ele>
      </trkpt>
      <trkpt lat="45.009280000" lon="5.612050000">
        <ele>970.000</ele>
      </trkpt>
      <trkpt lat="45.009370000" lon="5.612070000">
        <ele>970.000</ele>
      </trkpt>
      <trkpt lat="45.009470000" lon="5.612080000">
        <ele>969.000</ele>
      </trkpt>
      <trkpt lat="45.009550000" lon="5.612070000">
        <ele>968.000</ele>
      </trkpt>
      <trkpt lat="45.009670000" lon="5.612040000">
        <ele>968.000</ele>
      </trkpt>
      <trkpt lat="45.009840000" lon="5.611930000">
        <ele>967.000</ele>
      </trkpt>
      <trkpt lat="45.010020000" lon="5.611820000">
        <ele>966.000</ele>
      </trkpt>
      <trkpt lat="45.010120000" lon="5.611780000">
        <ele>965.000</ele>
      </trkpt>
      <trkpt lat="45.010240000" lon="5.611780000">
        <ele>964.000</ele>
      </trkpt>
      <trkpt lat="45.010360000" lon="5.611790000">
        <ele>963.000</ele>
      </trkpt>
      <trkpt lat="45.010470000" lon="5.611840000">
        <ele>963.000</ele>
      </trkpt>
      <trkpt lat="45.010560000" lon="5.611890000">
        <ele>962.000</ele>
      </trkpt>
      <trkpt lat="45.010690000" lon="5.611990000">
        <ele>961.000</ele>
      </trkpt>
      <trkpt lat="45.011020000" lon="5.612280000">
        <ele>960.000</ele>
      </trkpt>
      <trkpt lat="45.011130000" lon="5.612370000">
        <ele>958.000</ele>
      </trkpt>
      <trkpt lat="45.011210000" lon="5.612420000">
        <ele>957.000</ele>
      </trkpt>
      <trkpt lat="45.011280000" lon="5.612450000">
        <ele>956.000</ele>
      </trkpt>
      <trkpt lat="45.011370000" lon="5.612470000">
        <ele>956.000</ele>
      </trkpt>
      <trkpt lat="45.011470000" lon="5.612480000">
        <ele>955.000</ele>
      </trkpt>
      <trkpt lat="45.011580000" lon="5.612470000">
        <ele>954.000</ele>
      </trkpt>
      <trkpt lat="45.011750000" lon="5.612470000">
        <ele>953.000</ele>
      </trkpt>
      <trkpt lat="45.011890000" lon="5.612480000">
        <ele>952.000</ele>
      </trkpt>
      <trkpt lat="45.012310000" lon="5.612570000">
        <ele>950.000</ele>
      </trkpt>
      <trkpt lat="45.012530000" lon="5.612630000">
        <ele>948.000</ele>
      </trkpt>
      <trkpt lat="45.012580000" lon="5.612640000">
        <ele>947.000</ele>
      </trkpt>
      <trkpt lat="45.012610000" lon="5.612640000">
        <ele>946.000</ele>
      </trkpt>
      <trkpt lat="45.012700000" lon="5.612660000">
        <ele>945.000</ele>
      </trkpt>
      <trkpt lat="45.013000000" lon="5.612710000">
        <ele>943.000</ele>
      </trkpt>
      <trkpt lat="45.013040000" lon="5.612720000">
        <ele>942.000</ele>
      </trkpt>
      <trkpt lat="45.013170000" lon="5.612790000">
        <ele>941.000</ele>
      </trkpt>
      <trkpt lat="45.013420000" lon="5.612930000">
        <ele>940.000</ele>
      </trkpt>
      <trkpt lat="45.013460000" lon="5.612960000">
        <ele>938.000</ele>
      </trkpt>
      <trkpt lat="45.013670000" lon="5.613050000">
        <ele>937.000</ele>
      </trkpt>
      <trkpt lat="45.013780000" lon="5.613100000">
        <ele>937.000</ele>
      </trkpt>
      <trkpt lat="45.013970000" lon="5.613190000">
        <ele>936.000</ele>
      </trkpt>
      <trkpt lat="45.014080000" lon="5.613250000">
        <ele>935.000</ele>
      </trkpt>
      <trkpt lat="45.014200000" lon="5.613350000">
        <ele>935.000</ele>
      </trkpt>
      <trkpt lat="45.014270000" lon="5.613410000">
        <ele>934.000</ele>
      </trkpt>
      <trkpt lat="45.014300000" lon="5.613450000">
        <ele>934.000</ele>
      </trkpt>
      <trkpt lat="45.014370000" lon="5.613600000">
        <ele>933.000</ele>
      </trkpt>
      <trkpt lat="45.014360000" lon="5.613740000">
        <ele>933.000</ele>
      </trkpt>
      <trkpt lat="45.014340000" lon="5.613920000">
        <ele>932.000</ele>
      </trkpt>
      <trkpt lat="45.014430000" lon="5.614250000">
        <ele>932.000</ele>
      </trkpt>
      <trkpt lat="45.014470000" lon="5.614440000">
        <ele>931.000</ele>
      </trkpt>
      <trkpt lat="45.014450000" lon="5.614610000">
        <ele>931.000</ele>
      </trkpt>
      <trkpt lat="45.014400000" lon="5.614710000">
        <ele>930.000</ele>
      </trkpt>
      <trkpt lat="45.014390000" lon="5.614730000">
        <ele>929.000</ele>
      </trkpt>
      <trkpt lat="45.014300000" lon="5.614810000">
        <ele>929.000</ele>
      </trkpt>
      <trkpt lat="45.014200000" lon="5.614850000">
        <ele>928.000</ele>
      </trkpt>
      <trkpt lat="45.013930000" lon="5.614910000">
        <ele>926.000</ele>
      </trkpt>
      <trkpt lat="45.013730000" lon="5.614960000">
        <ele>924.000</ele>
      </trkpt>
      <trkpt lat="45.013570000" lon="5.615010000">
        <ele>922.000</ele>
      </trkpt>
      <trkpt lat="45.013410000" lon="5.615090000">
        <ele>920.000</ele>
      </trkpt>
      <trkpt lat="45.013290000" lon="5.615150000">
        <ele>919.000</ele>
      </trkpt>
      <trkpt lat="45.013180000" lon="5.615240000">
        <ele>917.000</ele>
      </trkpt>
      <trkpt lat="45.013150000" lon="5.615260000">
        <ele>916.000</ele>
      </trkpt>
      <trkpt lat="45.013030000" lon="5.615390000">
        <ele>914.000</ele>
      </trkpt>
      <trkpt lat="45.012940000" lon="5.615540000">
        <ele>913.000</ele>
      </trkpt>
      <trkpt lat="45.012870000" lon="5.615680000">
        <ele>911.000</ele>
      </trkpt>
      <trkpt lat="45.012820000" lon="5.615880000">
        <ele>910.000</ele>
      </trkpt>
      <trkpt lat="45.012820000" lon="5.615960000">
        <ele>909.000</ele>
      </trkpt>
      <trkpt lat="45.012810000" lon="5.616100000">
        <ele>908.000</ele>
      </trkpt>
      <trkpt lat="45.012800000" lon="5.616230000">
        <ele>907.000</ele>
      </trkpt>
      <trkpt lat="45.012750000" lon="5.616380000">
        <ele>906.000</ele>
      </trkpt>
      <trkpt lat="45.012550000" lon="5.616810000">
        <ele>904.000</ele>
      </trkpt>
      <trkpt lat="45.012500000" lon="5.616920000">
        <ele>903.000</ele>
      </trkpt>
      <trkpt lat="45.012420000" lon="5.617150000">
        <ele>902.000</ele>
      </trkpt>
      <trkpt lat="45.012370000" lon="5.617260000">
        <ele>900.000</ele>
      </trkpt>
      <trkpt lat="45.012310000" lon="5.617370000">
        <ele>899.000</ele>
      </trkpt>
      <trkpt lat="45.012140000" lon="5.617560000">
        <ele>898.000</ele>
      </trkpt>
      <trkpt lat="45.011980000" lon="5.617720000">
        <ele>897.000</ele>
      </trkpt>
      <trkpt lat="45.011850000" lon="5.617840000">
        <ele>895.000</ele>
      </trkpt>
      <trkpt lat="45.011690000" lon="5.617940000">
        <ele>894.000</ele>
      </trkpt>
      <trkpt lat="45.011550000" lon="5.618010000">
        <ele>893.000</ele>
      </trkpt>
      <trkpt lat="45.011460000" lon="5.618060000">
        <ele>892.000</ele>
      </trkpt>
      <trkpt lat="45.011400000" lon="5.618120000">
        <ele>891.000</ele>
      </trkpt>
      <trkpt lat="45.011360000" lon="5.618200000">
        <ele>891.000</ele>
      </trkpt>
      <trkpt lat="45.011330000" lon="5.618310000">
        <ele>890.000</ele>
      </trkpt>
      <trkpt lat="45.011320000" lon="5.618430000">
        <ele>890.000</ele>
      </trkpt>
      <trkpt lat="45.011340000" lon="5.618560000">
        <ele>889.000</ele>
      </trkpt>
      <trkpt lat="45.011360000" lon="5.618660000">
        <ele>889.000</ele>
      </trkpt>
      <trkpt lat="45.011370000" lon="5.618760000">
        <ele>889.000</ele>
      </trkpt>
      <trkpt lat="45.011370000" lon="5.618860000">
        <ele>888.000</ele>
      </trkpt>
      <trkpt lat="45.011330000" lon="5.619010000">
        <ele>888.000</ele>
      </trkpt>
      <trkpt lat="45.011290000" lon="5.619160000">
        <ele>887.000</ele>
      </trkpt>
      <trkpt lat="45.011270000" lon="5.619270000">
        <ele>887.000</ele>
      </trkpt>
      <trkpt lat="45.011280000" lon="5.619390000">
        <ele>886.000</ele>
      </trkpt>
      <trkpt lat="45.011280000" lon="5.619510000">
        <ele>886.000</ele>
      </trkpt>
      <trkpt lat="45.011270000" lon="5.619640000">
        <ele>886.000</ele>
      </trkpt>
      <trkpt lat="45.011250000" lon="5.619790000">
        <ele>885.000</ele>
      </trkpt>
      <trkpt lat="45.011200000" lon="5.620000000">
        <ele>885.000</ele>
      </trkpt>
      <trkpt lat="45.011140000" lon="5.620240000">
        <ele>883.000</ele>
      </trkpt>
      <trkpt lat="45.011090000" lon="5.620370000">
        <ele>882.000</ele>
      </trkpt>
      <trkpt lat="45.011010000" lon="5.620520000">
        <ele>881.000</ele>
      </trkpt>
      <trkpt lat="45.010950000" lon="5.620640000">
        <ele>879.000</ele>
      </trkpt>
      <trkpt lat="45.010910000" lon="5.620780000">
        <ele>878.000</ele>
      </trkpt>
      <trkpt lat="45.010910000" lon="5.620920000">
        <ele>876.000</ele>
      </trkpt>
      <trkpt lat="45.010910000" lon="5.621050000">
        <ele>875.000</ele>
      </trkpt>
      <trkpt lat="45.010910000" lon="5.621140000">
        <ele>874.000</ele>
      </trkpt>
      <trkpt lat="45.010870000" lon="5.621290000">
        <ele>872.000</ele>
      </trkpt>
      <trkpt lat="45.010670000" lon="5.621910000">
        <ele>869.000</ele>
      </trkpt>
      <trkpt lat="45.010570000" lon="5.622200000">
        <ele>866.000</ele>
      </trkpt>
      <trkpt lat="45.010560000" lon="5.622300000">
        <ele>863.000</ele>
      </trkpt>
      <trkpt lat="45.010540000" lon="5.622590000">
        <ele>861.000</ele>
      </trkpt>
      <trkpt lat="45.010520000" lon="5.622690000">
        <ele>859.000</ele>
      </trkpt>
      <trkpt lat="45.010510000" lon="5.622740000">
        <ele>857.000</ele>
      </trkpt>
      <trkpt lat="45.010480000" lon="5.622770000">
        <ele>856.000</ele>
      </trkpt>
      <trkpt lat="45.010450000" lon="5.622780000">
        <ele>856.000</ele>
      </trkpt>
      <trkpt lat="45.010420000" lon="5.622790000">
        <ele>855.000</ele>
      </trkpt>
      <trkpt lat="45.010400000" lon="5.622780000">
        <ele>855.000</ele>
      </trkpt>
      <trkpt lat="45.010370000" lon="5.622770000">
        <ele>854.000</ele>
      </trkpt>
      <trkpt lat="45.010350000" lon="5.622750000">
        <ele>854.000</ele>
      </trkpt>
      <trkpt lat="45.010330000" lon="5.622720000">
        <ele>854.000</ele>
      </trkpt>
      <trkpt lat="45.010320000" lon="5.622690000">
        <ele>854.000</ele>
      </trkpt>
      <trkpt lat="45.010310000" lon="5.622640000">
        <ele>853.000</ele>
      </trkpt>
      <trkpt lat="45.010320000" lon="5.622600000">
        <ele>853.000</ele>
      </trkpt>
      <trkpt lat="45.010320000" lon="5.622560000">
        <ele>853.000</ele>
      </trkpt>
      <trkpt lat="45.010330000" lon="5.622500000">
        <ele>853.000</ele>
      </trkpt>
      <trkpt lat="45.010370000" lon="5.622290000">
        <ele>852.000</ele>
      </trkpt>
      <trkpt lat="45.010470000" lon="5.621890000">
        <ele>851.000</ele>
      </trkpt>
      <trkpt lat="45.010490000" lon="5.621780000">
        <ele>850.000</ele>
      </trkpt>
      <trkpt lat="45.010490000" lon="5.621710000">
        <ele>849.000</ele>
      </trkpt>
      <trkpt lat="45.010490000" lon="5.621650000">
        <ele>849.000</ele>
      </trkpt>
      <trkpt lat="45.010480000" lon="5.621550000">
        <ele>848.000</ele>
      </trkpt>
      <trkpt lat="45.010460000" lon="5.621450000">
        <ele>847.000</ele>
      </trkpt>
      <trkpt lat="45.010460000" lon="5.621390000">
        <ele>847.000</ele>
      </trkpt>
      <trkpt lat="45.010460000" lon="5.621330000">
        <ele>847.000</ele>
      </trkpt>
      <trkpt lat="45.010480000" lon="5.621250000">
        <ele>846.000</ele>
      </trkpt>
      <trkpt lat="45.010510000" lon="5.621160000">
        <ele>846.000</ele>
      </trkpt>
      <trkpt lat="45.010520000" lon="5.621120000">
        <ele>845.000</ele>
      </trkpt>
      <trkpt lat="45.010520000" lon="5.621070000">
        <ele>845.000</ele>
      </trkpt>
      <trkpt lat="45.010520000" lon="5.621010000">
        <ele>845.000</ele>
      </trkpt>
      <trkpt lat="45.010520000" lon="5.620930000">
        <ele>844.000</ele>
      </trkpt>
      <trkpt lat="45.010510000" lon="5.620820000">
        <ele>844.000</ele>
      </trkpt>
      <trkpt lat="45.010510000" lon="5.620710000">
        <ele>843.000</ele>
      </trkpt>
      <trkpt lat="45.010530000" lon="5.620540000">
        <ele>843.000</ele>
      </trkpt>
      <trkpt lat="45.010630000" lon="5.620200000">
        <ele>842.000</ele>
      </trkpt>
      <trkpt lat="45.010650000" lon="5.620120000">
        <ele>842.000</ele>
      </trkpt>
      <trkpt lat="45.010660000" lon="5.620050000">
        <ele>842.000</ele>
      </trkpt>
      <trkpt lat="45.010680000" lon="5.619860000">
        <ele>842.000</ele>
      </trkpt>
      <trkpt lat="45.010690000" lon="5.619500000">
        <ele>841.000</ele>
      </trkpt>
      <trkpt lat="45.010680000" lon="5.618920000">
        <ele>841.000</ele>
      </trkpt>
      <trkpt lat="45.010680000" lon="5.618770000">
        <ele>841.000</ele>
      </trkpt>
      <trkpt lat="45.010680000" lon="5.618670000">
        <ele>841.000</ele>
      </trkpt>
      <trkpt lat="45.010670000" lon="5.618620000">
        <ele>841.000</ele>
      </trkpt>
      <trkpt lat="45.010650000" lon="5.618590000">
        <ele>841.000</ele>
      </trkpt>
      <trkpt lat="45.010620000" lon="5.618550000">
        <ele>841.000</ele>
      </trkpt>
      <trkpt lat="45.010570000" lon="5.618510000">
        <ele>841.000</ele>
      </trkpt>
      <trkpt lat="45.010520000" lon="5.618500000">
        <ele>841.000</ele>
      </trkpt>
      <trkpt lat="45.010470000" lon="5.618520000">
        <ele>841.000</ele>
      </trkpt>
      <trkpt lat="45.010400000" lon="5.618610000">
        <ele>841.000</ele>
      </trkpt>
      <trkpt lat="45.010200000" lon="5.618960000">
        <ele>841.000</ele>
      </trkpt>
      <trkpt lat="45.010090000" lon="5.619120000">
        <ele>840.000</ele>
      </trkpt>
      <trkpt lat="45.009970000" lon="5.619260000">
        <ele>838.000</ele>
      </trkpt>
      <trkpt lat="45.009780000" lon="5.619460000">
        <ele>836.000</ele>
      </trkpt>
      <trkpt lat="45.009660000" lon="5.619510000">
        <ele>834.000</ele>
      </trkpt>
      <trkpt lat="45.009550000" lon="5.619530000">
        <ele>831.000</ele>
      </trkpt>
      <trkpt lat="45.009430000" lon="5.619510000">
        <ele>829.000</ele>
      </trkpt>
      <trkpt lat="45.009310000" lon="5.619470000">
        <ele>827.000</ele>
      </trkpt>
      <trkpt lat="45.009010000" lon="5.619340000">
        <ele>824.000</ele>
      </trkpt>
      <trkpt lat="45.008890000" lon="5.619300000">
        <ele>821.000</ele>
      </trkpt>
      <trkpt lat="45.008830000" lon="5.619310000">
        <ele>819.000</ele>
      </trkpt>
      <trkpt lat="45.008770000" lon="5.619340000">
        <ele>817.000</ele>
      </trkpt>
      <trkpt lat="45.008750000" lon="5.619370000">
        <ele>816.000</ele>
      </trkpt>
      <trkpt lat="45.008720000" lon="5.619410000">
        <ele>814.000</ele>
      </trkpt>
      <trkpt lat="45.008680000" lon="5.619460000">
        <ele>813.000</ele>
      </trkpt>
      <trkpt lat="45.008520000" lon="5.619870000">
        <ele>811.000</ele>
      </trkpt>
      <trkpt lat="45.008490000" lon="5.619980000">
        <ele>809.000</ele>
      </trkpt>
      <trkpt lat="45.008450000" lon="5.620170000">
        <ele>807.000</ele>
      </trkpt>
      <trkpt lat="45.008430000" lon="5.620380000">
        <ele>805.000</ele>
      </trkpt>
      <trkpt lat="45.008400000" lon="5.620580000">
        <ele>804.000</ele>
      </trkpt>
      <trkpt lat="45.008360000" lon="5.620740000">
        <ele>802.000</ele>
      </trkpt>
      <trkpt lat="45.008300000" lon="5.620920000">
        <ele>801.000</ele>
      </trkpt>
      <trkpt lat="45.008190000" lon="5.621200000">
        <ele>799.000</ele>
      </trkpt>
      <trkpt lat="45.008110000" lon="5.621340000">
        <ele>798.000</ele>
      </trkpt>
      <trkpt lat="45.008020000" lon="5.621450000">
        <ele>797.000</ele>
      </trkpt>
      <trkpt lat="45.007930000" lon="5.621520000">
        <ele>795.000</ele>
      </trkpt>
      <trkpt lat="45.007880000" lon="5.621550000">
        <ele>794.000</ele>
      </trkpt>
      <trkpt lat="45.007830000" lon="5.621550000">
        <ele>794.000</ele>
      </trkpt>
      <trkpt lat="45.007780000" lon="5.621520000">
        <ele>793.000</ele>
      </trkpt>
      <trkpt lat="45.007740000" lon="5.621460000">
        <ele>792.000</ele>
      </trkpt>
      <trkpt lat="45.007700000" lon="5.621370000">
        <ele>792.000</ele>
      </trkpt>
      <trkpt lat="45.007670000" lon="5.621220000">
        <ele>791.000</ele>
      </trkpt>
      <trkpt lat="45.007650000" lon="5.621110000">
        <ele>790.000</ele>
      </trkpt>
      <trkpt lat="45.007640000" lon="5.620960000">
        <ele>790.000</ele>
      </trkpt>
      <trkpt lat="45.007660000" lon="5.620570000">
        <ele>793.000</ele>
      </trkpt>
      <trkpt lat="45.007760000" lon="5.620180000">
        <ele>793.570</ele>
      </trkpt>
      <trkpt lat="45.007780000" lon="5.620120000">
        <ele>793.650</ele>
      </trkpt>
      <trkpt lat="45.007790000" lon="5.620050000">
        <ele>793.740</ele>
      </trkpt>
      <trkpt lat="45.007780000" lon="5.620020000">
        <ele>793.800</ele>
      </trkpt>
      <trkpt lat="45.007770000" lon="5.619980000">
        <ele>793.850</ele>
      </trkpt>
      <trkpt lat="45.007760000" lon="5.619960000">
        <ele>793.890</ele>
      </trkpt>
      <trkpt lat="45.007750000" lon="5.619930000">
        <ele>793.930</ele>
      </trkpt>
      <trkpt lat="45.007720000" lon="5.619910000">
        <ele>793.980</ele>
      </trkpt>
      <trkpt lat="45.007700000" lon="5.619910000">
        <ele>794.030</ele>
      </trkpt>
      <trkpt lat="45.007660000" lon="5.619910000">
        <ele>794.100</ele>
      </trkpt>
      <trkpt lat="45.007590000" lon="5.619930000">
        <ele>794.240</ele>
      </trkpt>
      <trkpt lat="45.007520000" lon="5.619970000">
        <ele>794.380</ele>
      </trkpt>
      <trkpt lat="45.007460000" lon="5.620010000">
        <ele>794.520</ele>
      </trkpt>
      <trkpt lat="45.007390000" lon="5.620030000">
        <ele>794.650</ele>
      </trkpt>
      <trkpt lat="45.007200000" lon="5.620100000">
        <ele>795.020</ele>
      </trkpt>
      <trkpt lat="45.007040000" lon="5.620130000">
        <ele>795.330</ele>
      </trkpt>
      <trkpt lat="45.006960000" lon="5.620160000">
        <ele>795.480</ele>
      </trkpt>
      <trkpt lat="45.006900000" lon="5.620190000">
        <ele>795.600</ele>
      </trkpt>
      <trkpt lat="45.006780000" lon="5.620340000">
        <ele>795.910</ele>
      </trkpt>
      <trkpt lat="45.006700000" lon="5.620470000">
        <ele>796.150</ele>
      </trkpt>
      <trkpt lat="45.006630000" lon="5.620560000">
        <ele>796.320</ele>
      </trkpt>
      <trkpt lat="45.006570000" lon="5.620620000">
        <ele>796.460</ele>
      </trkpt>
      <trkpt lat="45.006490000" lon="5.620660000">
        <ele>796.620</ele>
      </trkpt>
      <trkpt lat="45.006250000" lon="5.620710000">
        <ele>797.080</ele>
      </trkpt>
      <trkpt lat="45.006140000" lon="5.620750000">
        <ele>797.310</ele>
      </trkpt>
      <trkpt lat="45.005990000" lon="5.620820000">
        <ele>797.610</ele>
      </trkpt>
      <trkpt lat="45.005920000" lon="5.620850000">
        <ele>797.750</ele>
      </trkpt>
      <trkpt lat="45.005780000" lon="5.620890000">
        <ele>798.010</ele>
      </trkpt>
      <trkpt lat="45.005710000" lon="5.620920000">
        <ele>798.160</ele>
      </trkpt>
      <trkpt lat="45.005650000" lon="5.620960000">
        <ele>798.300</ele>
      </trkpt>
      <trkpt lat="45.005580000" lon="5.621020000">
        <ele>798.440</ele>
      </trkpt>
      <trkpt lat="45.005490000" lon="5.621140000">
        <ele>798.690</ele>
      </trkpt>
      <trkpt lat="45.005410000" lon="5.621290000">
        <ele>798.940</ele>
      </trkpt>
      <trkpt lat="45.005150000" lon="5.621840000">
        <ele>792.000</ele>
      </trkpt>
      <trkpt lat="45.005040000" lon="5.622040000">
        <ele>786.000</ele>
      </trkpt>
      <trkpt lat="45.004930000" lon="5.622210000">
        <ele>782.000</ele>
      </trkpt>
      <trkpt lat="45.004890000" lon="5.622260000">
        <ele>778.000</ele>
      </trkpt>
      <trkpt lat="45.004870000" lon="5.622280000">
        <ele>776.000</ele>
      </trkpt>
      <trkpt lat="45.004840000" lon="5.622300000">
        <ele>774.000</ele>
      </trkpt>
      <trkpt lat="45.004770000" lon="5.622320000">
        <ele>773.000</ele>
      </trkpt>
      <trkpt lat="45.004650000" lon="5.622350000">
        <ele>771.000</ele>
      </trkpt>
      <trkpt lat="45.004230000" lon="5.622420000">
        <ele>767.000</ele>
      </trkpt>
      <trkpt lat="45.003950000" lon="5.622450000">
        <ele>763.000</ele>
      </trkpt>
      <trkpt lat="45.003460000" lon="5.622470000">
        <ele>758.000</ele>
      </trkpt>
      <trkpt lat="45.002790000" lon="5.622460000">
        <ele>753.000</ele>
      </trkpt>
      <trkpt lat="45.002530000" lon="5.622460000">
        <ele>750.000</ele>
      </trkpt>
      <trkpt lat="45.002290000" lon="5.622430000">
        <ele>747.000</ele>
      </trkpt>
      <trkpt lat="45.002050000" lon="5.622380000">
        <ele>745.000</ele>
      </trkpt>
      <trkpt lat="45.001680000" lon="5.622280000">
        <ele>743.000</ele>
      </trkpt>
      <trkpt lat="45.001270000" lon="5.622100000">
        <ele>741.000</ele>
      </trkpt>
      <trkpt lat="45.001040000" lon="5.621990000">
        <ele>739.000</ele>
      </trkpt>
      <trkpt lat="45.000880000" lon="5.621920000">
        <ele>737.000</ele>
      </trkpt>
      <trkpt lat="45.000710000" lon="5.621910000">
        <ele>735.000</ele>
      </trkpt>
      <trkpt lat="45.000570000" lon="5.621920000">
        <ele>733.000</ele>
      </trkpt>
      <trkpt lat="45.000460000" lon="5.621940000">
        <ele>731.000</ele>
      </trkpt>
      <trkpt lat="45.000370000" lon="5.621930000">
        <ele>730.000</ele>
      </trkpt>
      <trkpt lat="45.000320000" lon="5.621910000">
        <ele>729.000</ele>
      </trkpt>
      <trkpt lat="45.000270000" lon="5.621870000">
        <ele>728.000</ele>
      </trkpt>
      <trkpt lat="45.000190000" lon="5.621810000">
        <ele>727.000</ele>
      </trkpt>
      <trkpt lat="45.000100000" lon="5.621730000">
        <ele>726.000</ele>
      </trkpt>
      <trkpt lat="45.000040000" lon="5.621720000">
        <ele>725.000</ele>
      </trkpt>
      <trkpt lat="44.999980000" lon="5.621740000">
        <ele>724.000</ele>
      </trkpt>
      <trkpt lat="44.999940000" lon="5.621800000">
        <ele>723.000</ele>
      </trkpt>
      <trkpt lat="44.999930000" lon="5.621870000">
        <ele>722.000</ele>
      </trkpt>
      <trkpt lat="44.999930000" lon="5.621950000">
        <ele>722.000</ele>
      </trkpt>
      <trkpt lat="44.999970000" lon="5.622010000">
        <ele>721.000</ele>
      </trkpt>
      <trkpt lat="45.000030000" lon="5.622050000">
        <ele>720.000</ele>
      </trkpt>
      <trkpt lat="45.000240000" lon="5.622080000">
        <ele>719.000</ele>
      </trkpt>
      <trkpt lat="45.000470000" lon="5.622160000">
        <ele>718.000</ele>
      </trkpt>
      <trkpt lat="45.000660000" lon="5.622230000">
        <ele>716.000</ele>
      </trkpt>
      <trkpt lat="45.000840000" lon="5.622330000">
        <ele>715.000</ele>
      </trkpt>
      <trkpt lat="45.000990000" lon="5.622450000">
        <ele>713.000</ele>
      </trkpt>
      <trkpt lat="45.001410000" lon="5.622770000">
        <ele>711.000</ele>
      </trkpt>
      <trkpt lat="45.001640000" lon="5.622930000">
        <ele>709.000</ele>
      </trkpt>
      <trkpt lat="45.002070000" lon="5.623180000">
        <ele>707.000</ele>
      </trkpt>
      <trkpt lat="45.002340000" lon="5.623320000">
        <ele>704.000</ele>
      </trkpt>
      <trkpt lat="45.002540000" lon="5.623400000">
        <ele>702.000</ele>
      </trkpt>
      <trkpt lat="45.002860000" lon="5.623510000">
        <ele>700.000</ele>
      </trkpt>
      <trkpt lat="45.003050000" lon="5.623570000">
        <ele>699.000</ele>
      </trkpt>
      <trkpt lat="45.003420000" lon="5.623740000">
        <ele>697.000</ele>
      </trkpt>
      <trkpt lat="45.003610000" lon="5.623830000">
        <ele>695.000</ele>
      </trkpt>
      <trkpt lat="45.003790000" lon="5.623920000">
        <ele>694.000</ele>
      </trkpt>
      <trkpt lat="45.003900000" lon="5.623990000">
        <ele>692.000</ele>
      </trkpt>
      <trkpt lat="45.004320000" lon="5.624350000">
        <ele>690.000</ele>
      </trkpt>
      <trkpt lat="45.004380000" lon="5.624400000">
        <ele>688.000</ele>
      </trkpt>
      <trkpt lat="45.004430000" lon="5.624440000">
        <ele>686.000</ele>
      </trkpt>
      <trkpt lat="45.004450000" lon="5.624460000">
        <ele>685.000</ele>
      </trkpt>
      <trkpt lat="45.004460000" lon="5.624480000">
        <ele>684.000</ele>
      </trkpt>
      <trkpt lat="45.004480000" lon="5.624500000">
        <ele>684.000</ele>
      </trkpt>
      <trkpt lat="45.004490000" lon="5.624540000">
        <ele>683.000</ele>
      </trkpt>
      <trkpt lat="45.004500000" lon="5.624580000">
        <ele>683.000</ele>
      </trkpt>
      <trkpt lat="45.004500000" lon="5.624620000">
        <ele>682.000</ele>
      </trkpt>
      <trkpt lat="45.004480000" lon="5.624670000">
        <ele>682.000</ele>
      </trkpt>
      <trkpt lat="45.004460000" lon="5.624710000">
        <ele>682.000</ele>
      </trkpt>
      <trkpt lat="45.004430000" lon="5.624730000">
        <ele>681.000</ele>
      </trkpt>
      <trkpt lat="45.004400000" lon="5.624750000">
        <ele>681.000</ele>
      </trkpt>
      <trkpt lat="45.004360000" lon="5.624740000">
        <ele>681.000</ele>
      </trkpt>
      <trkpt lat="45.004330000" lon="5.624740000">
        <ele>680.000</ele>
      </trkpt>
      <trkpt lat="45.004310000" lon="5.624720000">
        <ele>680.000</ele>
      </trkpt>
      <trkpt lat="45.004270000" lon="5.624690000">
        <ele>679.000</ele>
      </trkpt>
      <trkpt lat="45.004200000" lon="5.624580000">
        <ele>679.000</ele>
      </trkpt>
      <trkpt lat="45.004120000" lon="5.624480000">
        <ele>678.000</ele>
      </trkpt>
      <trkpt lat="45.004070000" lon="5.624440000">
        <ele>677.000</ele>
      </trkpt>
      <trkpt lat="45.004010000" lon="5.624390000">
        <ele>677.000</ele>
      </trkpt>
      <trkpt lat="45.003890000" lon="5.624340000">
        <ele>676.000</ele>
      </trkpt>
      <trkpt lat="45.003750000" lon="5.624290000">
        <ele>675.000</ele>
      </trkpt>
      <trkpt lat="45.003630000" lon="5.624280000">
        <ele>674.000</ele>
      </trkpt>
      <trkpt lat="45.003520000" lon="5.624270000">
        <ele>673.000</ele>
      </trkpt>
      <trkpt lat="45.003350000" lon="5.624280000">
        <ele>671.000</ele>
      </trkpt>
      <trkpt lat="45.003220000" lon="5.624290000">
        <ele>670.000</ele>
      </trkpt>
      <trkpt lat="45.003050000" lon="5.624320000">
        <ele>668.000</ele>
      </trkpt>
      <trkpt lat="45.002860000" lon="5.624370000">
        <ele>667.000</ele>
      </trkpt>
      <trkpt lat="45.002610000" lon="5.624450000">
        <ele>665.000</ele>
      </trkpt>
      <trkpt lat="45.002420000" lon="5.624530000">
        <ele>663.000</ele>
      </trkpt>
      <trkpt lat="45.001950000" lon="5.624740000">
        <ele>659.000</ele>
      </trkpt>
      <trkpt lat="45.001520000" lon="5.624880000">
        <ele>656.000</ele>
      </trkpt>
      <trkpt lat="45.001370000" lon="5.624970000">
        <ele>653.000</ele>
      </trkpt>
      <trkpt lat="45.001250000" lon="5.625110000">
        <ele>651.000</ele>
      </trkpt>
      <trkpt lat="45.001150000" lon="5.625340000">
        <ele>648.000</ele>
      </trkpt>
      <trkpt lat="45.000940000" lon="5.626110000">
        <ele>645.000</ele>
      </trkpt>
      <trkpt lat="45.000820000" lon="5.626540000">
        <ele>642.000</ele>
      </trkpt>
      <trkpt lat="45.000540000" lon="5.627470000">
        <ele>638.000</ele>
      </trkpt>
      <trkpt lat="45.000490000" lon="5.627650000">
        <ele>636.000</ele>
      </trkpt>
      <trkpt lat="45.000450000" lon="5.627770000">
        <ele>633.000</ele>
      </trkpt>
      <trkpt lat="45.000430000" lon="5.627830000">
        <ele>632.000</ele>
      </trkpt>
      <trkpt lat="45.000430000" lon="5.627850000">
        <ele>631.000</ele>
      </trkpt>
      <trkpt lat="45.000260000" lon="5.628400000">
        <ele>629.000</ele>
      </trkpt>
      <trkpt lat="45.000220000" lon="5.628550000">
        <ele>628.000</ele>
      </trkpt>
      <trkpt lat="45.000160000" lon="5.628740000">
        <ele>627.000</ele>
      </trkpt>
      <trkpt lat="45.000090000" lon="5.628910000">
        <ele>626.000</ele>
      </trkpt>
      <trkpt lat="44.999950000" lon="5.629200000">
        <ele>625.000</ele>
      </trkpt>
      <trkpt lat="44.999930000" lon="5.629260000">
        <ele>624.000</ele>
      </trkpt>
      <trkpt lat="44.999920000" lon="5.629370000">
        <ele>623.000</ele>
      </trkpt>
      <trkpt lat="44.999970000" lon="5.629370000">
        <ele>622.000</ele>
      </trkpt>
      <trkpt lat="44.999990000" lon="5.629380000">
        <ele>622.000</ele>
      </trkpt>
      <trkpt lat="45.000020000" lon="5.629390000">
        <ele>622.000</ele>
      </trkpt>
      <trkpt lat="45.000410000" lon="5.629590000">
        <ele>621.000</ele>
      </trkpt>
      <trkpt lat="45.000500000" lon="5.629640000">
        <ele>620.000</ele>
      </trkpt>
      <trkpt lat="45.000590000" lon="5.629660000">
        <ele>619.000</ele>
      </trkpt>
      <trkpt lat="45.000690000" lon="5.629650000">
        <ele>618.000</ele>
      </trkpt>
      <trkpt lat="45.000910000" lon="5.629550000">
        <ele>617.000</ele>
      </trkpt>
      <trkpt lat="45.001010000" lon="5.629520000">
        <ele>616.000</ele>
      </trkpt>
      <trkpt lat="45.001110000" lon="5.629510000">
        <ele>615.000</ele>
      </trkpt>
      <trkpt lat="45.001230000" lon="5.629540000">
        <ele>614.000</ele>
      </trkpt>
      <trkpt lat="45.001560000" lon="5.629680000">
        <ele>613.000</ele>
      </trkpt>
      <trkpt lat="45.001740000" lon="5.629760000">
        <ele>611.000</ele>
      </trkpt>
      <trkpt lat="45.001850000" lon="5.629810000">
        <ele>610.000</ele>
      </trkpt>
      <trkpt lat="45.002160000" lon="5.629950000">
        <ele>609.000</ele>
      </trkpt>
      <trkpt lat="45.002320000" lon="5.630020000">
        <ele>607.000</ele>
      </trkpt>
      <trkpt lat="45.002440000" lon="5.630100000">
        <ele>606.000</ele>
      </trkpt>
      <trkpt lat="45.002650000" lon="5.630280000">
        <ele>605.000</ele>
      </trkpt>
      <trkpt lat="45.002700000" lon="5.630300000">
        <ele>604.000</ele>
      </trkpt>
      <trkpt lat="45.002760000" lon="5.630310000">
        <ele>604.000</ele>
      </trkpt>
      <trkpt lat="45.002830000" lon="5.630300000">
        <ele>603.000</ele>
      </trkpt>
      <trkpt lat="45.002940000" lon="5.630270000">
        <ele>602.000</ele>
      </trkpt>
      <trkpt lat="45.003050000" lon="5.630230000">
        <ele>602.000</ele>
      </trkpt>
      <trkpt lat="45.003170000" lon="5.630160000">
        <ele>601.000</ele>
      </trkpt>
      <trkpt lat="45.003250000" lon="5.630090000">
        <ele>601.000</ele>
      </trkpt>
      <trkpt lat="45.003320000" lon="5.630000000">
        <ele>600.000</ele>
      </trkpt>
      <trkpt lat="45.003390000" lon="5.629870000">
        <ele>600.000</ele>
      </trkpt>
      <trkpt lat="45.003460000" lon="5.629760000">
        <ele>599.000</ele>
      </trkpt>
      <trkpt lat="45.003560000" lon="5.629640000">
        <ele>599.000</ele>
      </trkpt>
      <trkpt lat="45.003710000" lon="5.629510000">
        <ele>598.000</ele>
      </trkpt>
      <trkpt lat="45.003810000" lon="5.629390000">
        <ele>597.000</ele>
      </trkpt>
      <trkpt lat="45.003920000" lon="5.629280000">
        <ele>596.000</ele>
      </trkpt>
      <trkpt lat="45.003980000" lon="5.629220000">
        <ele>596.000</ele>
      </trkpt>
      <trkpt lat="45.004040000" lon="5.629180000">
        <ele>595.000</ele>
      </trkpt>
      <trkpt lat="45.004120000" lon="5.629160000">
        <ele>594.000</ele>
      </trkpt>
      <trkpt lat="45.004200000" lon="5.629180000">
        <ele>594.000</ele>
      </trkpt>
      <trkpt lat="45.004260000" lon="5.629250000">
        <ele>593.000</ele>
      </trkpt>
      <trkpt lat="45.004310000" lon="5.629330000">
        <ele>592.000</ele>
      </trkpt>
      <trkpt lat="45.004350000" lon="5.629410000">
        <ele>592.000</ele>
      </trkpt>
      <trkpt lat="45.004370000" lon="5.629500000">
        <ele>591.000</ele>
      </trkpt>
      <trkpt lat="45.004380000" lon="5.629680000">
        <ele>591.000</ele>
      </trkpt>
      <trkpt lat="45.004360000" lon="5.630030000">
        <ele>590.000</ele>
      </trkpt>
      <trkpt lat="45.004360000" lon="5.630180000">
        <ele>589.000</ele>
      </trkpt>
      <trkpt lat="45.004420000" lon="5.630330000">
        <ele>588.000</ele>
      </trkpt>
      <trkpt lat="45.004520000" lon="5.630480000">
        <ele>587.000</ele>
      </trkpt>
      <trkpt lat="45.004890000" lon="5.630890000">
        <ele>585.000</ele>
      </trkpt>
      <trkpt lat="45.005040000" lon="5.631010000">
        <ele>584.000</ele>
      </trkpt>
      <trkpt lat="45.005120000" lon="5.631040000">
        <ele>583.000</ele>
      </trkpt>
      <trkpt lat="45.005190000" lon="5.631050000">
        <ele>582.000</ele>
      </trkpt>
      <trkpt lat="45.005270000" lon="5.631010000">
        <ele>582.000</ele>
      </trkpt>
      <trkpt lat="45.005320000" lon="5.630930000">
        <ele>582.000</ele>
      </trkpt>
      <trkpt lat="45.005460000" lon="5.630500000">
        <ele>581.000</ele>
      </trkpt>
      <trkpt lat="45.005650000" lon="5.630030000">
        <ele>581.000</ele>
      </trkpt>
      <trkpt lat="45.005670000" lon="5.629880000">
        <ele>581.000</ele>
      </trkpt>
      <trkpt lat="45.005700000" lon="5.629500000">
        <ele>580.000</ele>
      </trkpt>
      <trkpt lat="45.005710000" lon="5.628900000">
        <ele>580.000</ele>
      </trkpt>
      <trkpt lat="45.005740000" lon="5.628680000">
        <ele>579.000</ele>
      </trkpt>
      <trkpt lat="45.005800000" lon="5.628420000">
        <ele>578.000</ele>
      </trkpt>
      <trkpt lat="45.005890000" lon="5.628230000">
        <ele>577.000</ele>
      </trkpt>
      <trkpt lat="45.005960000" lon="5.628140000">
        <ele>576.000</ele>
      </trkpt>
      <trkpt lat="45.006060000" lon="5.628080000">
        <ele>575.000</ele>
      </trkpt>
      <trkpt lat="45.006150000" lon="5.628080000">
        <ele>574.000</ele>
      </trkpt>
      <trkpt lat="45.006240000" lon="5.628130000">
        <ele>573.000</ele>
      </trkpt>
      <trkpt lat="45.006310000" lon="5.628190000">
        <ele>572.000</ele>
      </trkpt>
      <trkpt lat="45.006410000" lon="5.628310000">
        <ele>571.000</ele>
      </trkpt>
      <trkpt lat="45.006440000" lon="5.628430000">
        <ele>570.000</ele>
      </trkpt>
      <trkpt lat="45.006440000" lon="5.628560000">
        <ele>569.000</ele>
      </trkpt>
      <trkpt lat="45.006400000" lon="5.628770000">
        <ele>567.000</ele>
      </trkpt>
      <trkpt lat="45.006370000" lon="5.628950000">
        <ele>566.000</ele>
      </trkpt>
      <trkpt lat="45.006380000" lon="5.629090000">
        <ele>565.000</ele>
      </trkpt>
      <trkpt lat="45.006480000" lon="5.629520000">
        <ele>563.000</ele>
      </trkpt>
      <trkpt lat="45.006580000" lon="5.629910000">
        <ele>561.000</ele>
      </trkpt>
      <trkpt lat="45.006670000" lon="5.630140000">
        <ele>560.000</ele>
      </trkpt>
      <trkpt lat="45.006770000" lon="5.630320000">
        <ele>559.000</ele>
      </trkpt>
      <trkpt lat="45.006920000" lon="5.630490000">
        <ele>557.000</ele>
      </trkpt>
      <trkpt lat="45.007080000" lon="5.630650000">
        <ele>556.000</ele>
      </trkpt>
      <trkpt lat="45.007250000" lon="5.630800000">
        <ele>555.000</ele>
      </trkpt>
      <trkpt lat="45.007400000" lon="5.630890000">
        <ele>554.000</ele>
      </trkpt>
      <trkpt lat="45.007700000" lon="5.631020000">
        <ele>553.000</ele>
      </trkpt>
      <trkpt lat="45.007860000" lon="5.631100000">
        <ele>552.000</ele>
      </trkpt>
      <trkpt lat="45.008030000" lon="5.631220000">
        <ele>550.000</ele>
      </trkpt>
      <trkpt lat="45.008160000" lon="5.631330000">
        <ele>549.000</ele>
      </trkpt>
      <trkpt lat="45.008240000" lon="5.631470000">
        <ele>548.000</ele>
      </trkpt>
      <trkpt lat="45.008300000" lon="5.631620000">
        <ele>546.000</ele>
      </trkpt>
      <trkpt lat="45.008330000" lon="5.631800000">
        <ele>545.000</ele>
      </trkpt>
      <trkpt lat="45.008330000" lon="5.632010000">
        <ele>543.000</ele>
      </trkpt>
      <trkpt lat="45.008300000" lon="5.632200000">
        <ele>542.000</ele>
      </trkpt>
      <trkpt lat="45.008250000" lon="5.632350000">
        <ele>541.000</ele>
      </trkpt>
      <trkpt lat="45.008230000" lon="5.632450000">
        <ele>539.000</ele>
      </trkpt>
      <trkpt lat="45.008230000" lon="5.632530000">
        <ele>538.000</ele>
      </trkpt>
      <trkpt lat="45.008260000" lon="5.632590000">
        <ele>538.000</ele>
      </trkpt>
      <trkpt lat="45.008300000" lon="5.632650000">
        <ele>537.000</ele>
      </trkpt>
      <trkpt lat="45.008360000" lon="5.632680000">
        <ele>536.000</ele>
      </trkpt>
      <trkpt lat="45.008440000" lon="5.632670000">
        <ele>535.000</ele>
      </trkpt>
      <trkpt lat="45.008620000" lon="5.632610000">
        <ele>534.000</ele>
      </trkpt>
      <trkpt lat="45.008760000" lon="5.632610000">
        <ele>533.000</ele>
      </trkpt>
      <trkpt lat="45.008950000" lon="5.632650000">
        <ele>531.000</ele>
      </trkpt>
      <trkpt lat="45.009730000" lon="5.632800000">
        <ele>527.000</ele>
      </trkpt>
      <trkpt lat="45.009840000" lon="5.632830000">
        <ele>524.000</ele>
      </trkpt>
      <trkpt lat="45.009930000" lon="5.632910000">
        <ele>522.000</ele>
      </trkpt>
      <trkpt lat="45.009990000" lon="5.633010000">
        <ele>520.000</ele>
      </trkpt>
      <trkpt lat="45.010050000" lon="5.633180000">
        <ele>518.000</ele>
      </trkpt>
      <trkpt lat="45.010100000" lon="5.633440000">
        <ele>516.000</ele>
      </trkpt>
      <trkpt lat="45.010140000" lon="5.633760000">
        <ele>514.000</ele>
      </trkpt>
      <trkpt lat="45.010150000" lon="5.634050000">
        <ele>512.000</ele>
      </trkpt>
      <trkpt lat="45.010150000" lon="5.634370000">
        <ele>510.000</ele>
      </trkpt>
      <trkpt lat="45.010140000" lon="5.634560000">
        <ele>509.000</ele>
      </trkpt>
      <trkpt lat="45.010100000" lon="5.634730000">
        <ele>508.000</ele>
      </trkpt>
      <trkpt lat="45.010080000" lon="5.634870000">
        <ele>507.000</ele>
      </trkpt>
      <trkpt lat="45.010090000" lon="5.635040000">
        <ele>506.000</ele>
      </trkpt>
      <trkpt lat="45.010130000" lon="5.635200000">
        <ele>505.000</ele>
      </trkpt>
      <trkpt lat="45.010560000" lon="5.635990000">
        <ele>503.000</ele>
      </trkpt>
      <trkpt lat="45.011000000" lon="5.636800000">
        <ele>500.000</ele>
      </trkpt>
      <trkpt lat="45.011090000" lon="5.636940000">
        <ele>498.000</ele>
      </trkpt>
      <trkpt lat="45.011180000" lon="5.637070000">
        <ele>496.000</ele>
      </trkpt>
      <trkpt lat="45.011280000" lon="5.637160000">
        <ele>494.000</ele>
      </trkpt>
      <trkpt lat="45.011510000" lon="5.637320000">
        <ele>492.000</ele>
      </trkpt>
      <trkpt lat="45.011640000" lon="5.637400000">
        <ele>491.000</ele>
      </trkpt>
      <trkpt lat="45.011740000" lon="5.637440000">
        <ele>489.000</ele>
      </trkpt>
      <trkpt lat="45.011960000" lon="5.637480000">
        <ele>488.000</ele>
      </trkpt>
      <trkpt lat="45.012160000" lon="5.637530000">
        <ele>486.000</ele>
      </trkpt>
      <trkpt lat="45.012360000" lon="5.637580000">
        <ele>484.000</ele>
      </trkpt>
      <trkpt lat="45.012580000" lon="5.637690000">
        <ele>482.000</ele>
      </trkpt>
      <trkpt lat="45.012800000" lon="5.637770000">
        <ele>480.000</ele>
      </trkpt>
      <trkpt lat="45.012960000" lon="5.637880000">
        <ele>478.000</ele>
      </trkpt>
      <trkpt lat="45.013090000" lon="5.638010000">
        <ele>476.000</ele>
      </trkpt>
      <trkpt lat="45.013230000" lon="5.638250000">
        <ele>473.000</ele>
      </trkpt>
      <trkpt lat="45.013410000" lon="5.638680000">
        <ele>470.000</ele>
      </trkpt>
      <trkpt lat="45.013460000" lon="5.638810000">
        <ele>467.000</ele>
      </trkpt>
      <trkpt lat="45.013480000" lon="5.638920000">
        <ele>464.000</ele>
      </trkpt>
      <trkpt lat="45.013540000" lon="5.639310000">
        <ele>461.000</ele>
      </trkpt>
      <trkpt lat="45.013570000" lon="5.639420000">
        <ele>459.000</ele>
      </trkpt>
      <trkpt lat="45.013610000" lon="5.639510000">
        <ele>457.000</ele>
      </trkpt>
      <trkpt lat="45.013650000" lon="5.639550000">
        <ele>455.000</ele>
      </trkpt>
      <trkpt lat="45.013710000" lon="5.639630000">
        <ele>454.000</ele>
      </trkpt>
      <trkpt lat="45.013760000" lon="5.639660000">
        <ele>453.000</ele>
      </trkpt>
      <trkpt lat="45.013810000" lon="5.639700000">
        <ele>451.000</ele>
      </trkpt>
      <trkpt lat="45.013980000" lon="5.639770000">
        <ele>450.000</ele>
      </trkpt>
      <trkpt lat="45.015200000" lon="5.639980000">
        <ele>445.000</ele>
      </trkpt>
      <trkpt lat="45.015520000" lon="5.640040000">
        <ele>442.000</ele>
      </trkpt>
      <trkpt lat="45.015590000" lon="5.640060000">
        <ele>439.000</ele>
      </trkpt>
      <trkpt lat="45.015720000" lon="5.640100000">
        <ele>437.000</ele>
      </trkpt>
      <trkpt lat="45.015850000" lon="5.640180000">
        <ele>435.000</ele>
      </trkpt>
      <trkpt lat="45.015970000" lon="5.640300000">
        <ele>434.000</ele>
      </trkpt>
      <trkpt lat="45.016170000" lon="5.640520000">
        <ele>432.000</ele>
      </trkpt>
      <trkpt lat="45.016300000" lon="5.640630000">
        <ele>431.000</ele>
      </trkpt>
      <trkpt lat="45.016460000" lon="5.640720000">
        <ele>430.000</ele>
      </trkpt>
      <trkpt lat="45.016500000" lon="5.640740000">
        <ele>429.000</ele>
      </trkpt>
      <trkpt lat="45.016550000" lon="5.640760000">
        <ele>428.000</ele>
      </trkpt>
      <trkpt lat="45.016570000" lon="5.640760000">
        <ele>427.000</ele>
      </trkpt>
      <trkpt lat="45.016590000" lon="5.640770000">
        <ele>427.000</ele>
      </trkpt>
      <trkpt lat="45.016620000" lon="5.640780000">
        <ele>427.000</ele>
      </trkpt>
      <trkpt lat="45.016620000" lon="5.640780000">
        <ele>426.000</ele>
      </trkpt>
      <trkpt lat="45.016670000" lon="5.640790000">
        <ele>426.000</ele>
      </trkpt>
      <trkpt lat="45.016720000" lon="5.640810000">
        <ele>426.000</ele>
      </trkpt>
      <trkpt lat="45.016960000" lon="5.640870000">
        <ele>425.000</ele>
      </trkpt>
      <trkpt lat="45.017100000" lon="5.640920000">
        <ele>425.000</ele>
      </trkpt>
      <trkpt lat="45.017140000" lon="5.640940000">
        <ele>424.000</ele>
      </trkpt>
      <trkpt lat="45.017310000" lon="5.641070000">
        <ele>423.000</ele>
      </trkpt>
      <trkpt lat="45.017590000" lon="5.641350000">
        <ele>422.000</ele>
      </trkpt>
      <trkpt lat="45.017730000" lon="5.641490000">
        <ele>421.000</ele>
      </trkpt>
      <trkpt lat="45.017960000" lon="5.641630000">
        <ele>420.000</ele>
      </trkpt>
      <trkpt lat="45.018440000" lon="5.641910000">
        <ele>418.000</ele>
      </trkpt>
      <trkpt lat="45.018490000" lon="5.641940000">
        <ele>417.000</ele>
      </trkpt>
      <trkpt lat="45.018550000" lon="5.641970000">
        <ele>416.000</ele>
      </trkpt>
      <trkpt lat="45.018550000" lon="5.641970000">
        <ele>415.000</ele>
      </trkpt>
      <trkpt lat="45.019200000" lon="5.642330000">
        <ele>414.000</ele>
      </trkpt>
      <trkpt lat="45.019850000" lon="5.642710000">
        <ele>411.000</ele>
      </trkpt>
      <trkpt lat="45.019940000" lon="5.642750000">
        <ele>409.000</ele>
      </trkpt>
      <trkpt lat="45.020060000" lon="5.642820000">
        <ele>408.000</ele>
      </trkpt>
      <trkpt lat="45.020250000" lon="5.643000000">
        <ele>406.000</ele>
      </trkpt>
      <trkpt lat="45.020330000" lon="5.643070000">
        <ele>405.000</ele>
      </trkpt>
      <trkpt lat="45.020490000" lon="5.643240000">
        <ele>404.000</ele>
      </trkpt>
      <trkpt lat="45.020740000" lon="5.643440000">
        <ele>403.000</ele>
      </trkpt>
      <trkpt lat="45.020850000" lon="5.643520000">
        <ele>401.000</ele>
      </trkpt>
      <trkpt lat="45.021010000" lon="5.643640000">
        <ele>400.000</ele>
      </trkpt>
      <trkpt lat="45.022000000" lon="5.644410000">
        <ele>397.000</ele>
      </trkpt>
      <trkpt lat="45.022050000" lon="5.644460000">
        <ele>395.000</ele>
      </trkpt>
      <trkpt lat="45.022100000" lon="5.644490000">
        <ele>393.000</ele>
      </trkpt>
      <trkpt lat="45.022150000" lon="5.644540000">
        <ele>392.000</ele>
      </trkpt>
      <trkpt lat="45.022350000" lon="5.644680000">
        <ele>390.000</ele>
      </trkpt>
      <trkpt lat="45.022460000" lon="5.644770000">
        <ele>389.000</ele>
      </trkpt>
      <trkpt lat="45.022800000" lon="5.645030000">
        <ele>388.000</ele>
      </trkpt>
      <trkpt lat="45.023080000" lon="5.645240000">
        <ele>386.000</ele>
      </trkpt>
      <trkpt lat="45.023200000" lon="5.645330000">
        <ele>384.000</ele>
      </trkpt>
      <trkpt lat="45.024060000" lon="5.645630000">
        <ele>381.000</ele>
      </trkpt>
      <trkpt lat="45.024250000" lon="5.645670000">
        <ele>379.000</ele>
      </trkpt>
      <trkpt lat="45.024320000" lon="5.645680000">
        <ele>378.000</ele>
      </trkpt>
      <trkpt lat="45.024410000" lon="5.645700000">
        <ele>377.000</ele>
      </trkpt>
      <trkpt lat="45.024470000" lon="5.645710000">
        <ele>376.000</ele>
      </trkpt>
      <trkpt lat="45.024500000" lon="5.645720000">
        <ele>375.000</ele>
      </trkpt>
      <trkpt lat="45.024540000" lon="5.645730000">
        <ele>375.000</ele>
      </trkpt>
      <trkpt lat="45.024610000" lon="5.645750000">
        <ele>375.000</ele>
      </trkpt>
      <trkpt lat="45.024720000" lon="5.645790000">
        <ele>374.000</ele>
      </trkpt>
      <trkpt lat="45.024880000" lon="5.645870000">
        <ele>374.000</ele>
      </trkpt>
      <trkpt lat="45.024920000" lon="5.645900000">
        <ele>374.000</ele>
      </trkpt>
      <trkpt lat="45.024990000" lon="5.645970000">
        <ele>373.000</ele>
      </trkpt>
      <trkpt lat="45.025070000" lon="5.646060000">
        <ele>373.000</ele>
      </trkpt>
      <trkpt lat="45.025100000" lon="5.646090000">
        <ele>373.000</ele>
      </trkpt>
      <trkpt lat="45.025200000" lon="5.646250000">
        <ele>373.000</ele>
      </trkpt>
      <trkpt lat="45.025260000" lon="5.646370000">
        <ele>372.000</ele>
      </trkpt>
      <trkpt lat="45.025540000" lon="5.646940000">
        <ele>372.000</ele>
      </trkpt>
      <trkpt lat="45.025550000" lon="5.646970000">
        <ele>371.000</ele>
      </trkpt>
      <trkpt lat="45.025580000" lon="5.647030000">
        <ele>371.000</ele>
      </trkpt>
      <trkpt lat="45.025740000" lon="5.647350000">
        <ele>370.000</ele>
      </trkpt>
      <trkpt lat="45.025810000" lon="5.647460000">
        <ele>370.000</ele>
      </trkpt>
      <trkpt lat="45.025820000" lon="5.647480000">
        <ele>369.000</ele>
      </trkpt>
      <trkpt lat="45.025930000" lon="5.647590000">
        <ele>369.000</ele>
      </trkpt>
      <trkpt lat="45.025980000" lon="5.647660000">
        <ele>368.000</ele>
      </trkpt>
      <trkpt lat="45.026780000" lon="5.648360000">
        <ele>366.000</ele>
      </trkpt>
      <trkpt lat="45.027630000" lon="5.649100000">
        <ele>363.000</ele>
      </trkpt>
      <trkpt lat="45.027770000" lon="5.649290000">
        <ele>361.000</ele>
      </trkpt>
      <trkpt lat="45.027790000" lon="5.649400000">
        <ele>360.000</ele>
      </trkpt>
      <trkpt lat="45.027800000" lon="5.649440000">
        <ele>359.000</ele>
      </trkpt>
      <trkpt lat="45.027800000" lon="5.649520000">
        <ele>358.000</ele>
      </trkpt>
      <trkpt lat="45.027790000" lon="5.649540000">
        <ele>357.000</ele>
      </trkpt>
      <trkpt lat="45.027790000" lon="5.649580000">
        <ele>357.000</ele>
      </trkpt>
      <trkpt lat="45.027790000" lon="5.649600000">
        <ele>357.000</ele>
      </trkpt>
      <trkpt lat="45.027800000" lon="5.649630000">
        <ele>356.000</ele>
      </trkpt>
      <trkpt lat="45.027810000" lon="5.649650000">
        <ele>356.000</ele>
      </trkpt>
      <trkpt lat="45.027820000" lon="5.649660000">
        <ele>356.000</ele>
      </trkpt>
      <trkpt lat="45.027840000" lon="5.649680000">
        <ele>356.000</ele>
      </trkpt>
      <trkpt lat="45.027860000" lon="5.649700000">
        <ele>356.000</ele>
      </trkpt>
      <trkpt lat="45.027920000" lon="5.649730000">
        <ele>356.000</ele>
      </trkpt>
      <trkpt lat="45.027960000" lon="5.649750000">
        <ele>356.000</ele>
      </trkpt>
      <trkpt lat="45.028010000" lon="5.649850000">
        <ele>356.000</ele>
      </trkpt>
      <trkpt lat="45.028060000" lon="5.649940000">
        <ele>355.000</ele>
      </trkpt>
      <trkpt lat="45.028100000" lon="5.650050000">
        <ele>355.000</ele>
      </trkpt>
      <trkpt lat="45.028130000" lon="5.650150000">
        <ele>355.000</ele>
      </trkpt>
      <trkpt lat="45.028140000" lon="5.650230000">
        <ele>355.000</ele>
      </trkpt>
      <trkpt lat="45.028140000" lon="5.650300000">
        <ele>354.000</ele>
      </trkpt>
      <trkpt lat="45.028140000" lon="5.650430000">
        <ele>354.000</ele>
      </trkpt>
      <trkpt lat="45.028100000" lon="5.650660000">
        <ele>354.000</ele>
      </trkpt>
      <trkpt lat="45.028060000" lon="5.650900000">
        <ele>353.000</ele>
      </trkpt>
      <trkpt lat="45.028060000" lon="5.651010000">
        <ele>353.000</ele>
      </trkpt>
      <trkpt lat="45.028050000" lon="5.651130000">
        <ele>353.000</ele>
      </trkpt>
      <trkpt lat="45.028050000" lon="5.651230000">
        <ele>352.000</ele>
      </trkpt>
      <trkpt lat="45.028060000" lon="5.651300000">
        <ele>352.000</ele>
      </trkpt>
      <trkpt lat="45.028070000" lon="5.651360000">
        <ele>352.000</ele>
      </trkpt>
      <trkpt lat="45.028080000" lon="5.651390000">
        <ele>352.000</ele>
      </trkpt>
      <trkpt lat="45.028160000" lon="5.651520000">
        <ele>352.000</ele>
      </trkpt>
      <trkpt lat="45.028240000" lon="5.651590000">
        <ele>352.000</ele>
      </trkpt>
      <trkpt lat="45.028330000" lon="5.651640000">
        <ele>352.000</ele>
      </trkpt>
      <trkpt lat="45.028510000" lon="5.651750000">
        <ele>352.000</ele>
      </trkpt>
      <trkpt lat="45.028670000" lon="5.651880000">
        <ele>352.000</ele>
      </trkpt>
      <trkpt lat="45.028780000" lon="5.651950000">
        <ele>352.000</ele>
      </trkpt>
      <trkpt lat="45.028900000" lon="5.652040000">
        <ele>352.000</ele>
      </trkpt>
      <trkpt lat="45.029150000" lon="5.652240000">
        <ele>352.000</ele>
      </trkpt>
      <trkpt lat="45.029740000" lon="5.652650000">
        <ele>353.000</ele>
      </trkpt>
      <trkpt lat="45.029800000" lon="5.652700000">
        <ele>353.000</ele>
      </trkpt>
      <trkpt lat="45.029860000" lon="5.652740000">
        <ele>353.000</ele>
      </trkpt>
      <trkpt lat="45.029920000" lon="5.652790000">
        <ele>353.000</ele>
      </trkpt>
      <trkpt lat="45.029960000" lon="5.652820000">
        <ele>353.000</ele>
      </trkpt>
      <trkpt lat="45.030020000" lon="5.652870000">
        <ele>353.000</ele>
      </trkpt>
      <trkpt lat="45.030080000" lon="5.652920000">
        <ele>353.000</ele>
      </trkpt>
      <trkpt lat="45.030130000" lon="5.652960000">
        <ele>353.000</ele>
      </trkpt>
      <trkpt lat="45.030200000" lon="5.653040000">
        <ele>352.000</ele>
      </trkpt>
      <trkpt lat="45.030390000" lon="5.653230000">
        <ele>352.000</ele>
      </trkpt>
      <trkpt lat="45.030680000" lon="5.653560000">
        <ele>351.000</ele>
      </trkpt>
      <trkpt lat="45.030980000" lon="5.653880000">
        <ele>351.000</ele>
      </trkpt>
      <trkpt lat="45.031100000" lon="5.654020000">
        <ele>350.000</ele>
      </trkpt>
      <trkpt lat="45.031470000" lon="5.654440000">
        <ele>349.000</ele>
      </trkpt>
      <trkpt lat="45.031500000" lon="5.654470000">
        <ele>349.000</ele>
      </trkpt>
      <trkpt lat="45.031540000" lon="5.654520000">
        <ele>348.000</ele>
      </trkpt>
      <trkpt lat="45.031820000" lon="5.654850000">
        <ele>348.000</ele>
      </trkpt>
      <trkpt lat="45.031870000" lon="5.654920000">
        <ele>348.000</ele>
      </trkpt>
      <trkpt lat="45.032200000" lon="5.655380000">
        <ele>348.000</ele>
      </trkpt>
      <trkpt lat="45.032270000" lon="5.655470000">
        <ele>348.000</ele>
      </trkpt>
      <trkpt lat="45.032340000" lon="5.655550000">
        <ele>349.000</ele>
      </trkpt>
      <trkpt lat="45.032400000" lon="5.655610000">
        <ele>349.000</ele>
      </trkpt>
      <trkpt lat="45.032450000" lon="5.655660000">
        <ele>349.000</ele>
      </trkpt>
      <trkpt lat="45.032510000" lon="5.655710000">
        <ele>349.000</ele>
      </trkpt>
      <trkpt lat="45.032570000" lon="5.655770000">
        <ele>349.000</ele>
      </trkpt>
      <trkpt lat="45.032650000" lon="5.655850000">
        <ele>349.000</ele>
      </trkpt>
      <trkpt lat="45.032700000" lon="5.655910000">
        <ele>349.000</ele>
      </trkpt>
      <trkpt lat="45.032790000" lon="5.655990000">
        <ele>349.000</ele>
      </trkpt>
      <trkpt lat="45.032920000" lon="5.656110000">
        <ele>349.000</ele>
      </trkpt>
      <trkpt lat="45.033350000" lon="5.656470000">
        <ele>349.000</ele>
      </trkpt>
      <trkpt lat="45.033760000" lon="5.656780000">
        <ele>347.000</ele>
      </trkpt>
      <trkpt lat="45.034100000" lon="5.657070000">
        <ele>346.000</ele>
      </trkpt>
      <trkpt lat="45.034290000" lon="5.657220000">
        <ele>345.000</ele>
      </trkpt>
      <trkpt lat="45.034880000" lon="5.657720000">
        <ele>343.000</ele>
      </trkpt>
      <trkpt lat="45.036000000" lon="5.658640000">
        <ele>342.000</ele>
      </trkpt>
      <trkpt lat="45.036060000" lon="5.658680000">
        <ele>341.000</ele>
      </trkpt>
      <trkpt lat="45.037260000" lon="5.659650000">
        <ele>340.000</ele>
      </trkpt>
      <trkpt lat="45.037730000" lon="5.660030000">
        <ele>339.000</ele>
      </trkpt>
      <trkpt lat="45.038210000" lon="5.660410000">
        <ele>338.000</ele>
      </trkpt>
      <trkpt lat="45.038240000" lon="5.660430000">
        <ele>338.000</ele>
      </trkpt>
      <trkpt lat="45.038400000" lon="5.660570000">
        <ele>337.000</ele>
      </trkpt>
      <trkpt lat="45.038590000" lon="5.660710000">
        <ele>337.000</ele>
      </trkpt>
      <trkpt lat="45.038630000" lon="5.660740000">
        <ele>337.000</ele>
      </trkpt>
      <trkpt lat="45.038880000" lon="5.660960000">
        <ele>336.000</ele>
      </trkpt>
      <trkpt lat="45.038950000" lon="5.661010000">
        <ele>336.000</ele>
      </trkpt>
      <trkpt lat="45.039130000" lon="5.661150000">
        <ele>336.000</ele>
      </trkpt>
      <trkpt lat="45.039270000" lon="5.661250000">
        <ele>335.000</ele>
      </trkpt>
      <trkpt lat="45.039340000" lon="5.661310000">
        <ele>335.000</ele>
      </trkpt>
      <trkpt lat="45.039380000" lon="5.661350000">
        <ele>335.000</ele>
      </trkpt>
      <trkpt lat="45.039570000" lon="5.661500000">
        <ele>334.000</ele>
      </trkpt>
      <trkpt lat="45.039630000" lon="5.661550000">
        <ele>334.000</ele>
      </trkpt>
      <trkpt lat="45.039680000" lon="5.661600000">
        <ele>334.000</ele>
      </trkpt>
      <trkpt lat="45.039770000" lon="5.661660000">
        <ele>334.000</ele>
      </trkpt>
      <trkpt lat="45.040020000" lon="5.661910000">
        <ele>333.000</ele>
      </trkpt>
      <trkpt lat="45.040280000" lon="5.662140000">
        <ele>333.000</ele>
      </trkpt>
      <trkpt lat="45.040680000" lon="5.662520000">
        <ele>332.000</ele>
      </trkpt>
      <trkpt lat="45.040890000" lon="5.662720000">
        <ele>332.000</ele>
      </trkpt>
      <trkpt lat="45.040960000" lon="5.662790000">
        <ele>331.000</ele>
      </trkpt>
      <trkpt lat="45.041090000" lon="5.662900000">
        <ele>331.000</ele>
      </trkpt>
      <trkpt lat="45.041500000" lon="5.663270000">
        <ele>331.000</ele>
      </trkpt>
      <trkpt lat="45.041760000" lon="5.663520000">
        <ele>331.000</ele>
      </trkpt>
      <trkpt lat="45.041800000" lon="5.663560000">
        <ele>331.000</ele>
      </trkpt>
      <trkpt lat="45.041890000" lon="5.663640000">
        <ele>331.000</ele>
      </trkpt>
      <trkpt lat="45.042020000" lon="5.663770000">
        <ele>331.000</ele>
      </trkpt>
      <trkpt lat="45.042130000" lon="5.663870000">
        <ele>331.000</ele>
      </trkpt>
      <trkpt lat="45.042240000" lon="5.663960000">
        <ele>331.000</ele>
      </trkpt>
      <trkpt lat="45.042260000" lon="5.663980000">
        <ele>331.000</ele>
      </trkpt>
      <trkpt lat="45.042300000" lon="5.664020000">
        <ele>331.000</ele>
      </trkpt>
      <trkpt lat="45.042630000" lon="5.664310000">
        <ele>331.000</ele>
      </trkpt>
      <trkpt lat="45.042720000" lon="5.664360000">
        <ele>331.000</ele>
      </trkpt>
      <trkpt lat="45.042810000" lon="5.664410000">
        <ele>331.000</ele>
      </trkpt>
      <trkpt lat="45.042880000" lon="5.664420000">
        <ele>331.000</ele>
      </trkpt>
      <trkpt lat="45.043010000" lon="5.664440000">
        <ele>331.000</ele>
      </trkpt>
      <trkpt lat="45.043350000" lon="5.664450000">
        <ele>331.000</ele>
      </trkpt>
      <trkpt lat="45.043460000" lon="5.664460000">
        <ele>331.000</ele>
      </trkpt>
      <trkpt lat="45.043520000" lon="5.664470000">
        <ele>331.000</ele>
      </trkpt>
      <trkpt lat="45.043550000" lon="5.664470000">
        <ele>331.000</ele>
      </trkpt>
      <trkpt lat="45.043590000" lon="5.664470000">
        <ele>331.000</ele>
      </trkpt>
      <trkpt lat="45.043730000" lon="5.664490000">
        <ele>331.000</ele>
      </trkpt>
      <trkpt lat="45.043950000" lon="5.664520000">
        <ele>331.000</ele>
      </trkpt>
      <trkpt lat="45.044110000" lon="5.664550000">
        <ele>330.000</ele>
      </trkpt>
      <trkpt lat="45.044240000" lon="5.664590000">
        <ele>330.000</ele>
      </trkpt>
      <trkpt lat="45.044310000" lon="5.664620000">
        <ele>330.000</ele>
      </trkpt>
      <trkpt lat="45.044400000" lon="5.664670000">
        <ele>329.000</ele>
      </trkpt>
      <trkpt lat="45.044520000" lon="5.664760000">
        <ele>329.000</ele>
      </trkpt>
      <trkpt lat="45.045070000" lon="5.665260000">
        <ele>328.000</ele>
      </trkpt>
      <trkpt lat="45.045270000" lon="5.665430000">
        <ele>327.000</ele>
      </trkpt>
      <trkpt lat="45.045580000" lon="5.665680000">
        <ele>326.000</ele>
      </trkpt>
      <trkpt lat="45.046200000" lon="5.666150000">
        <ele>325.000</ele>
      </trkpt>
      <trkpt lat="45.046620000" lon="5.666490000">
        <ele>324.000</ele>
      </trkpt>
      <trkpt lat="45.046760000" lon="5.666600000">
        <ele>323.000</ele>
      </trkpt>
      <trkpt lat="45.046900000" lon="5.666690000">
        <ele>323.000</ele>
      </trkpt>
      <trkpt lat="45.046980000" lon="5.666720000">
        <ele>323.000</ele>
      </trkpt>
      <trkpt lat="45.047050000" lon="5.666740000">
        <ele>322.000</ele>
      </trkpt>
      <trkpt lat="45.047180000" lon="5.666750000">
        <ele>322.000</ele>
      </trkpt>
      <trkpt lat="45.047320000" lon="5.666770000">
        <ele>322.000</ele>
      </trkpt>
      <trkpt lat="45.047420000" lon="5.666810000">
        <ele>322.000</ele>
      </trkpt>
      <trkpt lat="45.047510000" lon="5.666870000">
        <ele>322.000</ele>
      </trkpt>
      <trkpt lat="45.047570000" lon="5.666930000">
        <ele>321.000</ele>
      </trkpt>
      <trkpt lat="45.047640000" lon="5.667030000">
        <ele>321.000</ele>
      </trkpt>
      <trkpt lat="45.047720000" lon="5.667160000">
        <ele>321.000</ele>
      </trkpt>
      <trkpt lat="45.047770000" lon="5.667230000">
        <ele>321.000</ele>
      </trkpt>
      <trkpt lat="45.047810000" lon="5.667280000">
        <ele>321.000</ele>
      </trkpt>
      <trkpt lat="45.047910000" lon="5.667360000">
        <ele>321.000</ele>
      </trkpt>
      <trkpt lat="45.047980000" lon="5.667400000">
        <ele>321.000</ele>
      </trkpt>
      <trkpt lat="45.048040000" lon="5.667420000">
        <ele>321.000</ele>
      </trkpt>
      <trkpt lat="45.048070000" lon="5.667430000">
        <ele>321.000</ele>
      </trkpt>
      <trkpt lat="45.048150000" lon="5.667440000">
        <ele>321.000</ele>
      </trkpt>
      <trkpt lat="45.048180000" lon="5.667440000">
        <ele>321.000</ele>
      </trkpt>
      <trkpt lat="45.048230000" lon="5.667440000">
        <ele>321.000</ele>
      </trkpt>
      <trkpt lat="45.048290000" lon="5.667440000">
        <ele>320.000</ele>
      </trkpt>
      <trkpt lat="45.048350000" lon="5.667450000">
        <ele>320.000</ele>
      </trkpt>
      <trkpt lat="45.048410000" lon="5.667470000">
        <ele>320.000</ele>
      </trkpt>
      <trkpt lat="45.048490000" lon="5.667520000">
        <ele>320.000</ele>
      </trkpt>
      <trkpt lat="45.048540000" lon="5.667560000">
        <ele>320.000</ele>
      </trkpt>
      <trkpt lat="45.048600000" lon="5.667630000">
        <ele>320.000</ele>
      </trkpt>
      <trkpt lat="45.048630000" lon="5.667700000">
        <ele>320.000</ele>
      </trkpt>
      <trkpt lat="45.048670000" lon="5.667790000">
        <ele>320.000</ele>
      </trkpt>
      <trkpt lat="45.048680000" lon="5.667910000">
        <ele>320.000</ele>
      </trkpt>
      <trkpt lat="45.048690000" lon="5.668040000">
        <ele>320.000</ele>
      </trkpt>
      <trkpt lat="45.048670000" lon="5.668230000">
        <ele>320.000</ele>
      </trkpt>
      <trkpt lat="45.048660000" lon="5.668310000">
        <ele>320.000</ele>
      </trkpt>
      <trkpt lat="45.048660000" lon="5.668380000">
        <ele>320.000</ele>
      </trkpt>
      <trkpt lat="45.048640000" lon="5.668420000">
        <ele>319.000</ele>
      </trkpt>
      <trkpt lat="45.048610000" lon="5.668470000">
        <ele>319.000</ele>
      </trkpt>
      <trkpt lat="45.048600000" lon="5.668530000">
        <ele>319.000</ele>
      </trkpt>
      <trkpt lat="45.048600000" lon="5.668590000">
        <ele>319.000</ele>
      </trkpt>
      <trkpt lat="45.048610000" lon="5.668650000">
        <ele>319.000</ele>
      </trkpt>
      <trkpt lat="45.048630000" lon="5.668700000">
        <ele>319.000</ele>
      </trkpt>
      <trkpt lat="45.048660000" lon="5.668730000">
        <ele>319.000</ele>
      </trkpt>
      <trkpt lat="45.048700000" lon="5.668760000">
        <ele>319.000</ele>
      </trkpt>
      <trkpt lat="45.048770000" lon="5.668820000">
        <ele>319.000</ele>
      </trkpt>
      <trkpt lat="45.048810000" lon="5.668860000">
        <ele>319.000</ele>
      </trkpt>
      <trkpt lat="45.048840000" lon="5.668890000">
        <ele>319.000</ele>
      </trkpt>
      <trkpt lat="45.048870000" lon="5.668920000">
        <ele>319.000</ele>
      </trkpt>
      <trkpt lat="45.048900000" lon="5.668970000">
        <ele>319.000</ele>
      </trkpt>
      <trkpt lat="45.049110000" lon="5.669310000">
        <ele>318.000</ele>
      </trkpt>
      <trkpt lat="45.049180000" lon="5.669430000">
        <ele>318.000</ele>
      </trkpt>
      <trkpt lat="45.049370000" lon="5.669740000">
        <ele>318.000</ele>
      </trkpt>
      <trkpt lat="45.049650000" lon="5.670250000">
        <ele>318.000</ele>
      </trkpt>
      <trkpt lat="45.049870000" lon="5.670630000">
        <ele>318.000</ele>
      </trkpt>
      <trkpt lat="45.050050000" lon="5.670960000">
        <ele>317.000</ele>
      </trkpt>
      <trkpt lat="45.050100000" lon="5.671050000">
        <ele>317.000</ele>
      </trkpt>
      <trkpt lat="45.050220000" lon="5.671310000">
        <ele>316.000</ele>
      </trkpt>
      <trkpt lat="45.050300000" lon="5.671450000">
        <ele>316.000</ele>
      </trkpt>
      <trkpt lat="45.050370000" lon="5.671590000">
        <ele>316.000</ele>
      </trkpt>
      <trkpt lat="45.050610000" lon="5.672010000">
        <ele>315.000</ele>
      </trkpt>
      <trkpt lat="45.051030000" lon="5.672780000">
        <ele>314.000</ele>
      </trkpt>
      <trkpt lat="45.051090000" lon="5.672910000">
        <ele>314.000</ele>
      </trkpt>
      <trkpt lat="45.051340000" lon="5.673370000">
        <ele>313.000</ele>
      </trkpt>
      <trkpt lat="45.051460000" lon="5.673620000">
        <ele>313.000</ele>
      </trkpt>
      <trkpt lat="45.051510000" lon="5.673730000">
        <ele>312.000</ele>
      </trkpt>
      <trkpt lat="45.051630000" lon="5.674020000">
        <ele>312.000</ele>
      </trkpt>
      <trkpt lat="45.051950000" lon="5.674790000">
        <ele>312.000</ele>
      </trkpt>
      <trkpt lat="45.051960000" lon="5.674810000">
        <ele>311.000</ele>
      </trkpt>
      <trkpt lat="45.052010000" lon="5.674960000">
        <ele>311.000</ele>
      </trkpt>
      <trkpt lat="45.052040000" lon="5.675020000">
        <ele>311.000</ele>
      </trkpt>
      <trkpt lat="45.052090000" lon="5.675180000">
        <ele>311.000</ele>
      </trkpt>
      <trkpt lat="45.052170000" lon="5.675480000">
        <ele>311.000</ele>
      </trkpt>
      <trkpt lat="45.052310000" lon="5.676040000">
        <ele>311.000</ele>
      </trkpt>
      <trkpt lat="45.052400000" lon="5.676430000">
        <ele>311.000</ele>
      </trkpt>
      <trkpt lat="45.052520000" lon="5.676790000">
        <ele>311.000</ele>
      </trkpt>
      <trkpt lat="45.052550000" lon="5.676880000">
        <ele>311.000</ele>
      </trkpt>
      <trkpt lat="45.052570000" lon="5.676970000">
        <ele>311.000</ele>
      </trkpt>
      <trkpt lat="45.052580000" lon="5.677040000">
        <ele>311.000</ele>
      </trkpt>
      <trkpt lat="45.052560000" lon="5.677090000">
        <ele>311.000</ele>
      </trkpt>
      <trkpt lat="45.052550000" lon="5.677150000">
        <ele>311.000</ele>
      </trkpt>
      <trkpt lat="45.052550000" lon="5.677200000">
        <ele>311.000</ele>
      </trkpt>
      <trkpt lat="45.052570000" lon="5.677250000">
        <ele>311.000</ele>
      </trkpt>
      <trkpt lat="45.052590000" lon="5.677300000">
        <ele>311.000</ele>
      </trkpt>
      <trkpt lat="45.052620000" lon="5.677340000">
        <ele>311.000</ele>
      </trkpt>
      <trkpt lat="45.052660000" lon="5.677360000">
        <ele>311.000</ele>
      </trkpt>
      <trkpt lat="45.052700000" lon="5.677370000">
        <ele>311.000</ele>
      </trkpt>
      <trkpt lat="45.052730000" lon="5.677360000">
        <ele>311.000</ele>
      </trkpt>
      <trkpt lat="45.052770000" lon="5.677340000">
        <ele>311.000</ele>
      </trkpt>
      <trkpt lat="45.052800000" lon="5.677310000">
        <ele>311.000</ele>
      </trkpt>
      <trkpt lat="45.052830000" lon="5.677260000">
        <ele>311.000</ele>
      </trkpt>
      <trkpt lat="45.052840000" lon="5.677210000">
        <ele>311.000</ele>
      </trkpt>
      <trkpt lat="45.052840000" lon="5.677150000">
        <ele>311.000</ele>
      </trkpt>
      <trkpt lat="45.052840000" lon="5.677100000">
        <ele>311.000</ele>
      </trkpt>
      <trkpt lat="45.052860000" lon="5.677030000">
        <ele>311.000</ele>
      </trkpt>
      <trkpt lat="45.052920000" lon="5.676890000">
        <ele>311.000</ele>
      </trkpt>
      <trkpt lat="45.052970000" lon="5.676750000">
        <ele>311.000</ele>
      </trkpt>
      <trkpt lat="45.052990000" lon="5.676640000">
        <ele>311.000</ele>
      </trkpt>
      <trkpt lat="45.053030000" lon="5.676540000">
        <ele>311.000</ele>
      </trkpt>
      <trkpt lat="45.053240000" lon="5.676070000">
        <ele>311.000</ele>
      </trkpt>
      <trkpt lat="45.053280000" lon="5.675980000">
        <ele>311.000</ele>
      </trkpt>
      <trkpt lat="45.053290000" lon="5.675970000">
        <ele>311.000</ele>
      </trkpt>
      <trkpt lat="45.053290000" lon="5.675970000">
        <ele>311.000</ele>
      </trkpt>
      <trkpt lat="45.053320000" lon="5.675890000">
        <ele>311.000</ele>
      </trkpt>
      <trkpt lat="45.053440000" lon="5.675630000">
        <ele>311.000</ele>
      </trkpt>
      <trkpt lat="45.053710000" lon="5.675060000">
        <ele>311.000</ele>
      </trkpt>
      <trkpt lat="45.053770000" lon="5.674930000">
        <ele>310.000</ele>
      </trkpt>
      <trkpt lat="45.053830000" lon="5.674790000">
        <ele>310.000</ele>
      </trkpt>
      <trkpt lat="45.053880000" lon="5.674680000">
        <ele>310.000</ele>
      </trkpt>
      <trkpt lat="45.053920000" lon="5.674600000">
        <ele>310.000</ele>
      </trkpt>
      <trkpt lat="45.054180000" lon="5.674060000">
        <ele>310.000</ele>
      </trkpt>
      <trkpt lat="45.054410000" lon="5.673570000">
        <ele>310.000</ele>
      </trkpt>
      <trkpt lat="45.054520000" lon="5.673330000">
        <ele>310.000</ele>
      </trkpt>
      <trkpt lat="45.054730000" lon="5.672890000">
        <ele>310.000</ele>
      </trkpt>
      <trkpt lat="45.054990000" lon="5.672330000">
        <ele>310.000</ele>
      </trkpt>
      <trkpt lat="45.055040000" lon="5.672150000">
        <ele>310.000</ele>
      </trkpt>
      <trkpt lat="45.055100000" lon="5.671960000">
        <ele>311.000</ele>
      </trkpt>
      <trkpt lat="45.055230000" lon="5.671520000">
        <ele>311.000</ele>
      </trkpt>
      <trkpt lat="45.055330000" lon="5.671170000">
        <ele>311.000</ele>
      </trkpt>
      <trkpt lat="45.055350000" lon="5.671060000">
        <ele>312.000</ele>
      </trkpt>
      <trkpt lat="45.055560000" lon="5.670300000">
        <ele>312.000</ele>
      </trkpt>
      <trkpt lat="45.055580000" lon="5.670220000">
        <ele>313.000</ele>
      </trkpt>
      <trkpt lat="45.055620000" lon="5.670080000">
        <ele>313.000</ele>
      </trkpt>
      <trkpt lat="45.055760000" lon="5.669570000">
        <ele>313.000</ele>
      </trkpt>
      <trkpt lat="45.055770000" lon="5.669510000">
        <ele>313.000</ele>
      </trkpt>
      <trkpt lat="45.055790000" lon="5.669460000">
        <ele>313.000</ele>
      </trkpt>
      <trkpt lat="45.055830000" lon="5.669220000">
        <ele>313.000</ele>
      </trkpt>
      <trkpt lat="45.055840000" lon="5.669170000">
        <ele>312.000</ele>
      </trkpt>
      <trkpt lat="45.055870000" lon="5.669000000">
        <ele>312.000</ele>
      </trkpt>
      <trkpt lat="45.055900000" lon="5.668830000">
        <ele>312.000</ele>
      </trkpt>
      <trkpt lat="45.055910000" lon="5.668810000">
        <ele>312.000</ele>
      </trkpt>
      <trkpt lat="45.055910000" lon="5.668760000">
        <ele>312.000</ele>
      </trkpt>
      <trkpt lat="45.055930000" lon="5.668660000">
        <ele>312.000</ele>
      </trkpt>
      <trkpt lat="45.055950000" lon="5.668550000">
        <ele>312.000</ele>
      </trkpt>
      <trkpt lat="45.055970000" lon="5.668440000">
        <ele>312.000</ele>
      </trkpt>
      <trkpt lat="45.055970000" lon="5.668390000">
        <ele>312.000</ele>
      </trkpt>
      <trkpt lat="45.055980000" lon="5.668310000">
        <ele>312.000</ele>
      </trkpt>
      <trkpt lat="45.056030000" lon="5.668040000">
        <ele>311.000</ele>
      </trkpt>
      <trkpt lat="45.056040000" lon="5.667960000">
        <ele>311.000</ele>
      </trkpt>
      <trkpt lat="45.056120000" lon="5.667470000">
        <ele>311.000</ele>
      </trkpt>
      <trkpt lat="45.056120000" lon="5.667460000">
        <ele>311.000</ele>
      </trkpt>
      <trkpt lat="45.056130000" lon="5.667430000">
        <ele>311.000</ele>
      </trkpt>
      <trkpt lat="45.056150000" lon="5.667400000">
        <ele>311.000</ele>
      </trkpt>
      <trkpt lat="45.056260000" lon="5.667390000">
        <ele>310.000</ele>
      </trkpt>
      <trkpt lat="45.056490000" lon="5.667440000">
        <ele>310.000</ele>
      </trkpt>
      <trkpt lat="45.056550000" lon="5.667440000">
        <ele>310.000</ele>
      </trkpt>
      <trkpt lat="45.056600000" lon="5.667460000">
        <ele>310.000</ele>
      </trkpt>
      <trkpt lat="45.056660000" lon="5.667470000">
        <ele>310.000</ele>
      </trkpt>
      <trkpt lat="45.056780000" lon="5.667490000">
        <ele>309.000</ele>
      </trkpt>
      <trkpt lat="45.057280000" lon="5.667620000">
        <ele>309.000</ele>
      </trkpt>
      <trkpt lat="45.057320000" lon="5.667630000">
        <ele>309.000</ele>
      </trkpt>
      <trkpt lat="45.058070000" lon="5.667850000">
        <ele>308.000</ele>
      </trkpt>
      <trkpt lat="45.058380000" lon="5.667950000">
        <ele>307.000</ele>
      </trkpt>
      <trkpt lat="45.058590000" lon="5.668020000">
        <ele>307.000</ele>
      </trkpt>
      <trkpt lat="45.059130000" lon="5.668170000">
        <ele>306.000</ele>
      </trkpt>
      <trkpt lat="45.059230000" lon="5.668200000">
        <ele>306.000</ele>
      </trkpt>
      <trkpt lat="45.059640000" lon="5.668320000">
        <ele>306.000</ele>
      </trkpt>
      <trkpt lat="45.060360000" lon="5.668530000">
        <ele>305.000</ele>
      </trkpt>
      <trkpt lat="45.060540000" lon="5.668590000">
        <ele>305.000</ele>
      </trkpt>
      <trkpt lat="45.060640000" lon="5.668620000">
        <ele>304.000</ele>
      </trkpt>
      <trkpt lat="45.060720000" lon="5.668650000">
        <ele>304.000</ele>
      </trkpt>
      <trkpt lat="45.061240000" lon="5.668800000">
        <ele>303.000</ele>
      </trkpt>
      <trkpt lat="45.061360000" lon="5.668840000">
        <ele>303.000</ele>
      </trkpt>
      <trkpt lat="45.061720000" lon="5.668950000">
        <ele>302.000</ele>
      </trkpt>
      <trkpt lat="45.061720000" lon="5.668950000">
        <ele>301.000</ele>
      </trkpt>
      <trkpt lat="45.062200000" lon="5.669100000">
        <ele>300.000</ele>
      </trkpt>
      <trkpt lat="45.062480000" lon="5.669180000">
        <ele>299.000</ele>
      </trkpt>
      <trkpt lat="45.062920000" lon="5.669310000">
        <ele>299.000</ele>
      </trkpt>
      <trkpt lat="45.063130000" lon="5.669380000">
        <ele>298.000</ele>
      </trkpt>
      <trkpt lat="45.063210000" lon="5.669400000">
        <ele>297.000</ele>
      </trkpt>
      <trkpt lat="45.063270000" lon="5.669420000">
        <ele>297.000</ele>
      </trkpt>
      <trkpt lat="45.063280000" lon="5.669430000">
        <ele>297.000</ele>
      </trkpt>
      <trkpt lat="45.063380000" lon="5.669480000">
        <ele>296.000</ele>
      </trkpt>
      <trkpt lat="45.063580000" lon="5.669580000">
        <ele>296.000</ele>
      </trkpt>
      <trkpt lat="45.063850000" lon="5.669780000">
        <ele>296.000</ele>
      </trkpt>
      <trkpt lat="45.064330000" lon="5.670240000">
        <ele>295.000</ele>
      </trkpt>
      <trkpt lat="45.064580000" lon="5.670500000">
        <ele>295.000</ele>
      </trkpt>
      <trkpt lat="45.064610000" lon="5.670530000">
        <ele>295.000</ele>
      </trkpt>
      <trkpt lat="45.064830000" lon="5.670760000">
        <ele>295.000</ele>
      </trkpt>
      <trkpt lat="45.064870000" lon="5.670800000">
        <ele>295.000</ele>
      </trkpt>
      <trkpt lat="45.064920000" lon="5.670850000">
        <ele>295.000</ele>
      </trkpt>
      <trkpt lat="45.065690000" lon="5.671630000">
        <ele>296.000</ele>
      </trkpt>
      <trkpt lat="45.065730000" lon="5.671670000">
        <ele>297.000</ele>
      </trkpt>
      <trkpt lat="45.065820000" lon="5.671740000">
        <ele>297.000</ele>
      </trkpt>
      <trkpt lat="45.065960000" lon="5.671820000">
        <ele>298.000</ele>
      </trkpt>
      <trkpt lat="45.066000000" lon="5.671850000">
        <ele>298.000</ele>
      </trkpt>
      <trkpt lat="45.066190000" lon="5.671930000">
        <ele>297.000</ele>
      </trkpt>
      <trkpt lat="45.066400000" lon="5.672120000">
        <ele>297.000</ele>
      </trkpt>
      <trkpt lat="45.066450000" lon="5.672170000">
        <ele>297.000</ele>
      </trkpt>
      <trkpt lat="45.066450000" lon="5.672190000">
        <ele>296.000</ele>
      </trkpt>
      <trkpt lat="45.066450000" lon="5.672240000">
        <ele>296.000</ele>
      </trkpt>
      <trkpt lat="45.066470000" lon="5.672290000">
        <ele>296.000</ele>
      </trkpt>
      <trkpt lat="45.066490000" lon="5.672340000">
        <ele>296.000</ele>
      </trkpt>
      <trkpt lat="45.066530000" lon="5.672380000">
        <ele>295.000</ele>
      </trkpt>
      <trkpt lat="45.066560000" lon="5.672410000">
        <ele>295.000</ele>
      </trkpt>
      <trkpt lat="45.066610000" lon="5.672420000">
        <ele>295.000</ele>
      </trkpt>
      <trkpt lat="45.066670000" lon="5.672420000">
        <ele>295.000</ele>
      </trkpt>
      <trkpt lat="45.066820000" lon="5.672480000">
        <ele>294.000</ele>
      </trkpt>
      <trkpt lat="45.067000000" lon="5.672640000">
        <ele>294.000</ele>
      </trkpt>
      <trkpt lat="45.067130000" lon="5.672810000">
        <ele>293.000</ele>
      </trkpt>
      <trkpt lat="45.067270000" lon="5.672970000">
        <ele>293.000</ele>
      </trkpt>
      <trkpt lat="45.067480000" lon="5.673180000">
        <ele>292.000</ele>
      </trkpt>
      <trkpt lat="45.067630000" lon="5.673280000">
        <ele>292.000</ele>
      </trkpt>
      <trkpt lat="45.068010000" lon="5.673530000">
        <ele>291.000</ele>
      </trkpt>
      <trkpt lat="45.068600000" lon="5.673900000">
        <ele>292.000</ele>
      </trkpt>
      <trkpt lat="45.069240000" lon="5.674290000">
        <ele>292.000</ele>
      </trkpt>
      <trkpt lat="45.069270000" lon="5.674310000">
        <ele>292.000</ele>
      </trkpt>
      <trkpt lat="45.069790000" lon="5.674640000">
        <ele>292.000</ele>
      </trkpt>
      <trkpt lat="45.070360000" lon="5.674990000">
        <ele>291.000</ele>
      </trkpt>
      <trkpt lat="45.070440000" lon="5.675040000">
        <ele>291.000</ele>
      </trkpt>
      <trkpt lat="45.070580000" lon="5.675130000">
        <ele>291.000</ele>
      </trkpt>
      <trkpt lat="45.072740000" lon="5.676480000">
        <ele>289.000</ele>
      </trkpt>
      <trkpt lat="45.072780000" lon="5.676510000">
        <ele>288.000</ele>
      </trkpt>
      <trkpt lat="45.072880000" lon="5.676580000">
        <ele>287.000</ele>
      </trkpt>
      <trkpt lat="45.073000000" lon="5.676710000">
        <ele>286.000</ele>
      </trkpt>
      <trkpt lat="45.073030000" lon="5.676750000">
        <ele>286.000</ele>
      </trkpt>
      <trkpt lat="45.073070000" lon="5.676800000">
        <ele>286.000</ele>
      </trkpt>
      <trkpt lat="45.073100000" lon="5.676860000">
        <ele>286.000</ele>
      </trkpt>
      <trkpt lat="45.073120000" lon="5.676900000">
        <ele>286.000</ele>
      </trkpt>
      <trkpt lat="45.073140000" lon="5.676960000">
        <ele>286.000</ele>
      </trkpt>
      <trkpt lat="45.073160000" lon="5.677020000">
        <ele>286.000</ele>
      </trkpt>
      <trkpt lat="45.073170000" lon="5.677080000">
        <ele>286.000</ele>
      </trkpt>
      <trkpt lat="45.073160000" lon="5.677120000">
        <ele>286.000</ele>
      </trkpt>
      <trkpt lat="45.073160000" lon="5.677160000">
        <ele>286.000</ele>
      </trkpt>
      <trkpt lat="45.073160000" lon="5.677200000">
        <ele>286.000</ele>
      </trkpt>
      <trkpt lat="45.073160000" lon="5.677240000">
        <ele>286.000</ele>
      </trkpt>
      <trkpt lat="45.073180000" lon="5.677290000">
        <ele>286.000</ele>
      </trkpt>
      <trkpt lat="45.073200000" lon="5.677340000">
        <ele>286.000</ele>
      </trkpt>
      <trkpt lat="45.073220000" lon="5.677380000">
        <ele>286.000</ele>
      </trkpt>
      <trkpt lat="45.073250000" lon="5.677410000">
        <ele>286.000</ele>
      </trkpt>
      <trkpt lat="45.073290000" lon="5.677440000">
        <ele>286.000</ele>
      </trkpt>
      <trkpt lat="45.073330000" lon="5.677450000">
        <ele>286.000</ele>
      </trkpt>
      <trkpt lat="45.073370000" lon="5.677450000">
        <ele>286.000</ele>
      </trkpt>
      <trkpt lat="45.073400000" lon="5.677440000">
        <ele>286.000</ele>
      </trkpt>
      <trkpt lat="45.073440000" lon="5.677430000">
        <ele>286.000</ele>
      </trkpt>
      <trkpt lat="45.073470000" lon="5.677400000">
        <ele>286.000</ele>
      </trkpt>
      <trkpt lat="45.073500000" lon="5.677370000">
        <ele>286.000</ele>
      </trkpt>
      <trkpt lat="45.073520000" lon="5.677330000">
        <ele>286.000</ele>
      </trkpt>
      <trkpt lat="45.073610000" lon="5.677280000">
        <ele>286.000</ele>
      </trkpt>
      <trkpt lat="45.073670000" lon="5.677250000">
        <ele>286.000</ele>
      </trkpt>
      <trkpt lat="45.073720000" lon="5.677230000">
        <ele>286.000</ele>
      </trkpt>
      <trkpt lat="45.073760000" lon="5.677230000">
        <ele>286.000</ele>
      </trkpt>
      <trkpt lat="45.073860000" lon="5.677220000">
        <ele>286.000</ele>
      </trkpt>
      <trkpt lat="45.073960000" lon="5.677270000">
        <ele>286.000</ele>
      </trkpt>
      <trkpt lat="45.074060000" lon="5.677330000">
        <ele>286.000</ele>
      </trkpt>
      <trkpt lat="45.074470000" lon="5.677580000">
        <ele>286.000</ele>
      </trkpt>
      <trkpt lat="45.074740000" lon="5.677740000">
        <ele>285.000</ele>
      </trkpt>
      <trkpt lat="45.074920000" lon="5.677830000">
        <ele>285.000</ele>
      </trkpt>
      <trkpt lat="45.075100000" lon="5.677910000">
        <ele>285.000</ele>
      </trkpt>
      <trkpt lat="45.075250000" lon="5.677960000">
        <ele>285.000</ele>
      </trkpt>
      <trkpt lat="45.075600000" lon="5.678080000">
        <ele>284.000</ele>
      </trkpt>
      <trkpt lat="45.078120000" lon="5.678750000">
        <ele>282.000</ele>
      </trkpt>
      <trkpt lat="45.078190000" lon="5.678770000">
        <ele>281.000</ele>
      </trkpt>
      <trkpt lat="45.079010000" lon="5.678970000">
        <ele>280.000</ele>
      </trkpt>
      <trkpt lat="45.079220000" lon="5.679020000">
        <ele>279.000</ele>
      </trkpt>
      <trkpt lat="45.079260000" lon="5.679030000">
        <ele>279.000</ele>
      </trkpt>
      <trkpt lat="45.079460000" lon="5.679100000">
        <ele>278.000</ele>
      </trkpt>
      <trkpt lat="45.079780000" lon="5.679230000">
        <ele>278.000</ele>
      </trkpt>
      <trkpt lat="45.080020000" lon="5.679350000">
        <ele>278.000</ele>
      </trkpt>
      <trkpt lat="45.080840000" lon="5.679820000">
        <ele>278.000</ele>
      </trkpt>
      <trkpt lat="45.080980000" lon="5.679900000">
        <ele>277.000</ele>
      </trkpt>
      <trkpt lat="45.082710000" lon="5.680880000">
        <ele>276.000</ele>
      </trkpt>
      <trkpt lat="45.082790000" lon="5.680920000">
        <ele>276.000</ele>
      </trkpt>
      <trkpt lat="45.083770000" lon="5.681470000">
        <ele>275.000</ele>
      </trkpt>
      <trkpt lat="45.083950000" lon="5.681570000">
        <ele>275.000</ele>
      </trkpt>
      <trkpt lat="45.084130000" lon="5.681670000">
        <ele>275.000</ele>
      </trkpt>
      <trkpt lat="45.085270000" lon="5.682340000">
        <ele>275.000</ele>
      </trkpt>
      <trkpt lat="45.085760000" lon="5.682590000">
        <ele>275.000</ele>
      </trkpt>
      <trkpt lat="45.085840000" lon="5.682620000">
        <ele>275.000</ele>
      </trkpt>
      <trkpt lat="45.085870000" lon="5.682640000">
        <ele>275.000</ele>
      </trkpt>
      <trkpt lat="45.086210000" lon="5.682850000">
        <ele>275.000</ele>
      </trkpt>
      <trkpt lat="45.086280000" lon="5.682890000">
        <ele>275.000</ele>
      </trkpt>
      <trkpt lat="45.086290000" lon="5.682900000">
        <ele>275.000</ele>
      </trkpt>
      <trkpt lat="45.086380000" lon="5.682950000">
        <ele>275.000</ele>
      </trkpt>
      <trkpt lat="45.086460000" lon="5.682990000">
        <ele>275.000</ele>
      </trkpt>
      <trkpt lat="45.086500000" lon="5.683020000">
        <ele>275.000</ele>
      </trkpt>
      <trkpt lat="45.086550000" lon="5.683050000">
        <ele>275.000</ele>
      </trkpt>
      <trkpt lat="45.086630000" lon="5.683090000">
        <ele>275.000</ele>
      </trkpt>
      <trkpt lat="45.086740000" lon="5.683140000">
        <ele>275.000</ele>
      </trkpt>
      <trkpt lat="45.086850000" lon="5.683190000">
        <ele>275.000</ele>
      </trkpt>
      <trkpt lat="45.086960000" lon="5.683240000">
        <ele>275.000</ele>
      </trkpt>
      <trkpt lat="45.087040000" lon="5.683270000">
        <ele>275.000</ele>
      </trkpt>
      <trkpt lat="45.087150000" lon="5.683300000">
        <ele>274.000</ele>
      </trkpt>
      <trkpt lat="45.087430000" lon="5.683360000">
        <ele>274.000</ele>
      </trkpt>
      <trkpt lat="45.088130000" lon="5.683490000">
        <ele>274.000</ele>
      </trkpt>
      <trkpt lat="45.088230000" lon="5.683510000">
        <ele>274.000</ele>
      </trkpt>
      <trkpt lat="45.088340000" lon="5.683520000">
        <ele>273.000</ele>
      </trkpt>
      <trkpt lat="45.088660000" lon="5.683580000">
        <ele>273.000</ele>
      </trkpt>
      <trkpt lat="45.088780000" lon="5.683580000">
        <ele>273.000</ele>
      </trkpt>
      <trkpt lat="45.089010000" lon="5.683590000">
        <ele>273.000</ele>
      </trkpt>
      <trkpt lat="45.089170000" lon="5.683600000">
        <ele>273.000</ele>
      </trkpt>
      <trkpt lat="45.089310000" lon="5.683610000">
        <ele>273.000</ele>
      </trkpt>
      <trkpt lat="45.089660000" lon="5.683610000">
        <ele>273.000</ele>
      </trkpt>
      <trkpt lat="45.089750000" lon="5.683610000">
        <ele>273.000</ele>
      </trkpt>
      <trkpt lat="45.089920000" lon="5.683610000">
        <ele>273.000</ele>
      </trkpt>
      <trkpt lat="45.090560000" lon="5.683620000">
        <ele>273.000</ele>
      </trkpt>
      <trkpt lat="45.090700000" lon="5.683620000">
        <ele>273.000</ele>
      </trkpt>
      <trkpt lat="45.092780000" lon="5.683680000">
        <ele>272.000</ele>
      </trkpt>
      <trkpt lat="45.092940000" lon="5.683710000">
        <ele>271.000</ele>
      </trkpt>
      <trkpt lat="45.093070000" lon="5.683730000">
        <ele>270.000</ele>
      </trkpt>
      <trkpt lat="45.093230000" lon="5.683770000">
        <ele>269.000</ele>
      </trkpt>
      <trkpt lat="45.093280000" lon="5.683790000">
        <ele>269.000</ele>
      </trkpt>
      <trkpt lat="45.093310000" lon="5.683820000">
        <ele>269.000</ele>
      </trkpt>
      <trkpt lat="45.093360000" lon="5.683870000">
        <ele>269.000</ele>
      </trkpt>
      <trkpt lat="45.093400000" lon="5.683900000">
        <ele>268.000</ele>
      </trkpt>
      <trkpt lat="45.093400000" lon="5.683930000">
        <ele>268.000</ele>
      </trkpt>
      <trkpt lat="45.093430000" lon="5.683970000">
        <ele>268.000</ele>
      </trkpt>
      <trkpt lat="45.093450000" lon="5.684000000">
        <ele>268.000</ele>
      </trkpt>
      <trkpt lat="45.093490000" lon="5.684030000">
        <ele>268.000</ele>
      </trkpt>
      <trkpt lat="45.093520000" lon="5.684050000">
        <ele>268.000</ele>
      </trkpt>
      <trkpt lat="45.093560000" lon="5.684050000">
        <ele>268.000</ele>
      </trkpt>
      <trkpt lat="45.093600000" lon="5.684040000">
        <ele>268.000</ele>
      </trkpt>
      <trkpt lat="45.093630000" lon="5.684020000">
        <ele>268.000</ele>
      </trkpt>
      <trkpt lat="45.093670000" lon="5.683980000">
        <ele>268.000</ele>
      </trkpt>
      <trkpt lat="45.093690000" lon="5.683940000">
        <ele>268.000</ele>
      </trkpt>
      <trkpt lat="45.093880000" lon="5.683860000">
        <ele>268.000</ele>
      </trkpt>
      <trkpt lat="45.093890000" lon="5.683860000">
        <ele>268.000</ele>
      </trkpt>
      <trkpt lat="45.094220000" lon="5.683770000">
        <ele>268.000</ele>
      </trkpt>
      <trkpt lat="45.094650000" lon="5.683760000">
        <ele>268.000</ele>
      </trkpt>
      <trkpt lat="45.094880000" lon="5.683730000">
        <ele>267.000</ele>
      </trkpt>
      <trkpt lat="45.095370000" lon="5.683750000">
        <ele>267.000</ele>
      </trkpt>
      <trkpt lat="45.095810000" lon="5.683760000">
        <ele>266.000</ele>
      </trkpt>
      <trkpt lat="45.096060000" lon="5.683780000">
        <ele>265.000</ele>
      </trkpt>
      <trkpt lat="45.096720000" lon="5.683800000">
        <ele>264.000</ele>
      </trkpt>
      <trkpt lat="45.097030000" lon="5.683810000">
        <ele>263.000</ele>
      </trkpt>
      <trkpt lat="45.097070000" lon="5.683810000">
        <ele>263.000</ele>
      </trkpt>
      <trkpt lat="45.097100000" lon="5.683810000">
        <ele>262.000</ele>
      </trkpt>
      <trkpt lat="45.097210000" lon="5.683830000">
        <ele>262.000</ele>
      </trkpt>
      <trkpt lat="45.097300000" lon="5.683850000">
        <ele>262.000</ele>
      </trkpt>
      <trkpt lat="45.097450000" lon="5.683890000">
        <ele>262.000</ele>
      </trkpt>
      <trkpt lat="45.097560000" lon="5.683940000">
        <ele>262.000</ele>
      </trkpt>
      <trkpt lat="45.097890000" lon="5.684060000">
        <ele>262.000</ele>
      </trkpt>
      <trkpt lat="45.097980000" lon="5.684090000">
        <ele>262.000</ele>
      </trkpt>
      <trkpt lat="45.098250000" lon="5.684190000">
        <ele>263.000</ele>
      </trkpt>
      <trkpt lat="45.098400000" lon="5.684240000">
        <ele>263.000</ele>
      </trkpt>
      <trkpt lat="45.098760000" lon="5.684370000">
        <ele>263.000</ele>
      </trkpt>
      <trkpt lat="45.098870000" lon="5.684420000">
        <ele>263.000</ele>
      </trkpt>
      <trkpt lat="45.099190000" lon="5.684540000">
        <ele>263.000</ele>
      </trkpt>
      <trkpt lat="45.099690000" lon="5.684740000">
        <ele>263.000</ele>
      </trkpt>
      <trkpt lat="45.101350000" lon="5.685410000">
        <ele>262.000</ele>
      </trkpt>
      <trkpt lat="45.101670000" lon="5.685540000">
        <ele>261.000</ele>
      </trkpt>
      <trkpt lat="45.101890000" lon="5.685640000">
        <ele>260.000</ele>
      </trkpt>
      <trkpt lat="45.102010000" lon="5.685690000">
        <ele>259.000</ele>
      </trkpt>
      <trkpt lat="45.102230000" lon="5.685800000">
        <ele>259.000</ele>
      </trkpt>
      <trkpt lat="45.102670000" lon="5.686000000">
        <ele>258.000</ele>
      </trkpt>
      <trkpt lat="45.103380000" lon="5.686300000">
        <ele>257.000</ele>
      </trkpt>
      <trkpt lat="45.103550000" lon="5.686370000">
        <ele>257.000</ele>
      </trkpt>
      <trkpt lat="45.103760000" lon="5.686440000">
        <ele>256.000</ele>
      </trkpt>
      <trkpt lat="45.103940000" lon="5.686490000">
        <ele>256.000</ele>
      </trkpt>
      <trkpt lat="45.104110000" lon="5.686530000">
        <ele>255.000</ele>
      </trkpt>
      <trkpt lat="45.104260000" lon="5.686560000">
        <ele>255.000</ele>
      </trkpt>
      <trkpt lat="45.104590000" lon="5.686560000">
        <ele>255.000</ele>
      </trkpt>
      <trkpt lat="45.104700000" lon="5.686560000">
        <ele>255.000</ele>
      </trkpt>
      <trkpt lat="45.104800000" lon="5.686550000">
        <ele>254.000</ele>
      </trkpt>
      <trkpt lat="45.104860000" lon="5.686540000">
        <ele>254.000</ele>
      </trkpt>
      <trkpt lat="45.104920000" lon="5.686520000">
        <ele>254.000</ele>
      </trkpt>
      <trkpt lat="45.105150000" lon="5.686470000">
        <ele>254.000</ele>
      </trkpt>
      <trkpt lat="45.105270000" lon="5.686420000">
        <ele>254.000</ele>
      </trkpt>
      <trkpt lat="45.105360000" lon="5.686390000">
        <ele>254.000</ele>
      </trkpt>
      <trkpt lat="45.105450000" lon="5.686340000">
        <ele>254.000</ele>
      </trkpt>
      <trkpt lat="45.105570000" lon="5.686280000">
        <ele>254.000</ele>
      </trkpt>
      <trkpt lat="45.105670000" lon="5.686220000">
        <ele>254.000</ele>
      </trkpt>
      <trkpt lat="45.105770000" lon="5.686150000">
        <ele>254.000</ele>
      </trkpt>
      <trkpt lat="45.105790000" lon="5.686170000">
        <ele>254.000</ele>
      </trkpt>
      <trkpt lat="45.105820000" lon="5.686200000">
        <ele>254.000</ele>
      </trkpt>
      <trkpt lat="45.105840000" lon="5.686230000">
        <ele>254.000</ele>
      </trkpt>
      <trkpt lat="45.105860000" lon="5.686280000">
        <ele>254.000</ele>
      </trkpt>
      <trkpt lat="45.105890000" lon="5.686360000">
        <ele>254.000</ele>
      </trkpt>
      <trkpt lat="45.105960000" lon="5.686550000">
        <ele>254.000</ele>
      </trkpt>
      <trkpt lat="45.105990000" lon="5.686620000">
        <ele>254.000</ele>
      </trkpt>
      <trkpt lat="45.106020000" lon="5.686660000">
        <ele>254.000</ele>
      </trkpt>
      <trkpt lat="45.106070000" lon="5.686760000">
        <ele>254.000</ele>
      </trkpt>
      <trkpt lat="45.106100000" lon="5.686830000">
        <ele>254.000</ele>
      </trkpt>
      <trkpt lat="45.106140000" lon="5.686870000">
        <ele>254.000</ele>
      </trkpt>
      <trkpt lat="45.106180000" lon="5.686920000">
        <ele>254.000</ele>
      </trkpt>
      <trkpt lat="45.106240000" lon="5.686980000">
        <ele>254.000</ele>
      </trkpt>
      <trkpt lat="45.106320000" lon="5.687050000">
        <ele>254.000</ele>
      </trkpt>
      <trkpt lat="45.106480000" lon="5.687180000">
        <ele>254.000</ele>
      </trkpt>
      <trkpt lat="45.106690000" lon="5.687300000">
        <ele>254.000</ele>
      </trkpt>
      <trkpt lat="45.107100000" lon="5.687520000">
        <ele>254.000</ele>
      </trkpt>
      <trkpt lat="45.107800000" lon="5.687790000">
        <ele>254.000</ele>
      </trkpt>
      <trkpt lat="45.108350000" lon="5.687950000">
        <ele>254.000</ele>
      </trkpt>
      <trkpt lat="45.108780000" lon="5.688050000">
        <ele>254.000</ele>
      </trkpt>
      <trkpt lat="45.108810000" lon="5.688060000">
        <ele>253.000</ele>
      </trkpt>
      <trkpt lat="45.108890000" lon="5.688090000">
        <ele>253.000</ele>
      </trkpt>
      <trkpt lat="45.108990000" lon="5.688120000">
        <ele>253.000</ele>
      </trkpt>
      <trkpt lat="45.110380000" lon="5.688640000">
        <ele>253.000</ele>
      </trkpt>
      <trkpt lat="45.110440000" lon="5.688660000">
        <ele>252.000</ele>
      </trkpt>
      <trkpt lat="45.110460000" lon="5.688670000">
        <ele>252.000</ele>
      </trkpt>
      <trkpt lat="45.110560000" lon="5.688710000">
        <ele>252.000</ele>
      </trkpt>
      <trkpt lat="45.110950000" lon="5.688850000">
        <ele>252.000</ele>
      </trkpt>
      <trkpt lat="45.111140000" lon="5.688910000">
        <ele>251.000</ele>
      </trkpt>
      <trkpt lat="45.111150000" lon="5.688920000">
        <ele>251.000</ele>
      </trkpt>
      <trkpt lat="45.111320000" lon="5.688990000">
        <ele>251.000</ele>
      </trkpt>
      <trkpt lat="45.111450000" lon="5.689030000">
        <ele>250.000</ele>
      </trkpt>
      <trkpt lat="45.111620000" lon="5.689100000">
        <ele>250.000</ele>
      </trkpt>
      <trkpt lat="45.111620000" lon="5.689100000">
        <ele>250.000</ele>
      </trkpt>
      <trkpt lat="45.111640000" lon="5.689100000">
        <ele>250.000</ele>
      </trkpt>
      <trkpt lat="45.112350000" lon="5.689360000">
        <ele>249.000</ele>
      </trkpt>
      <trkpt lat="45.112710000" lon="5.689490000">
        <ele>249.000</ele>
      </trkpt>
      <trkpt lat="45.112890000" lon="5.689560000">
        <ele>249.000</ele>
      </trkpt>
      <trkpt lat="45.112960000" lon="5.689590000">
        <ele>249.000</ele>
      </trkpt>
      <trkpt lat="45.113470000" lon="5.689780000">
        <ele>249.000</ele>
      </trkpt>
      <trkpt lat="45.113640000" lon="5.689840000">
        <ele>249.000</ele>
      </trkpt>
      <trkpt lat="45.113860000" lon="5.689920000">
        <ele>249.000</ele>
      </trkpt>
      <trkpt lat="45.114150000" lon="5.690020000">
        <ele>249.000</ele>
      </trkpt>
      <trkpt lat="45.114450000" lon="5.690130000">
        <ele>248.000</ele>
      </trkpt>
      <trkpt lat="45.114560000" lon="5.690170000">
        <ele>248.000</ele>
      </trkpt>
      <trkpt lat="45.114690000" lon="5.690200000">
        <ele>248.000</ele>
      </trkpt>
      <trkpt lat="45.114750000" lon="5.690230000">
        <ele>248.000</ele>
      </trkpt>
      <trkpt lat="45.114820000" lon="5.690250000">
        <ele>248.000</ele>
      </trkpt>
      <trkpt lat="45.114870000" lon="5.690270000">
        <ele>248.000</ele>
      </trkpt>
      <trkpt lat="45.114920000" lon="5.690290000">
        <ele>248.000</ele>
      </trkpt>
      <trkpt lat="45.115870000" lon="5.690660000">
        <ele>247.000</ele>
      </trkpt>
      <trkpt lat="45.116120000" lon="5.690750000">
        <ele>246.000</ele>
      </trkpt>
      <trkpt lat="45.116260000" lon="5.690810000">
        <ele>246.000</ele>
      </trkpt>
      <trkpt lat="45.116480000" lon="5.690910000">
        <ele>246.000</ele>
      </trkpt>
      <trkpt lat="45.116550000" lon="5.690940000">
        <ele>246.000</ele>
      </trkpt>
      <trkpt lat="45.116640000" lon="5.690990000">
        <ele>246.000</ele>
      </trkpt>
      <trkpt lat="45.116810000" lon="5.691110000">
        <ele>245.000</ele>
      </trkpt>
      <trkpt lat="45.116870000" lon="5.691150000">
        <ele>245.000</ele>
      </trkpt>
      <trkpt lat="45.117040000" lon="5.691280000">
        <ele>245.000</ele>
      </trkpt>
      <trkpt lat="45.117250000" lon="5.691470000">
        <ele>245.000</ele>
      </trkpt>
      <trkpt lat="45.117380000" lon="5.691590000">
        <ele>245.000</ele>
      </trkpt>
      <trkpt lat="45.117430000" lon="5.691640000">
        <ele>245.000</ele>
      </trkpt>
      <trkpt lat="45.117680000" lon="5.691940000">
        <ele>245.000</ele>
      </trkpt>
      <trkpt lat="45.117740000" lon="5.692030000">
        <ele>245.000</ele>
      </trkpt>
      <trkpt lat="45.118090000" lon="5.692540000">
        <ele>245.000</ele>
      </trkpt>
      <trkpt lat="45.118270000" lon="5.692780000">
        <ele>245.000</ele>
      </trkpt>
      <trkpt lat="45.118380000" lon="5.692950000">
        <ele>245.000</ele>
      </trkpt>
      <trkpt lat="45.118410000" lon="5.692980000">
        <ele>245.000</ele>
      </trkpt>
      <trkpt lat="45.118510000" lon="5.693140000">
        <ele>245.000</ele>
      </trkpt>
      <trkpt lat="45.118590000" lon="5.693250000">
        <ele>246.000</ele>
      </trkpt>
      <trkpt lat="45.118680000" lon="5.693380000">
        <ele>246.000</ele>
      </trkpt>
      <trkpt lat="45.118690000" lon="5.693430000">
        <ele>246.000</ele>
      </trkpt>
      <trkpt lat="45.118730000" lon="5.693520000">
        <ele>246.000</ele>
      </trkpt>
      <trkpt lat="45.118740000" lon="5.693530000">
        <ele>246.000</ele>
      </trkpt>
      <trkpt lat="45.118770000" lon="5.693620000">
        <ele>246.000</ele>
      </trkpt>
      <trkpt lat="45.118780000" lon="5.693650000">
        <ele>246.000</ele>
      </trkpt>
      <trkpt lat="45.118790000" lon="5.693670000">
        <ele>246.000</ele>
      </trkpt>
      <trkpt lat="45.118800000" lon="5.693690000">
        <ele>246.000</ele>
      </trkpt>
      <trkpt lat="45.118820000" lon="5.693710000">
        <ele>246.000</ele>
      </trkpt>
      <trkpt lat="45.118830000" lon="5.693710000">
        <ele>246.000</ele>
      </trkpt>
      <trkpt lat="45.118840000" lon="5.693710000">
        <ele>246.000</ele>
      </trkpt>
      <trkpt lat="45.118860000" lon="5.693700000">
        <ele>246.000</ele>
      </trkpt>
      <trkpt lat="45.118880000" lon="5.693690000">
        <ele>246.000</ele>
      </trkpt>
      <trkpt lat="45.118890000" lon="5.693670000">
        <ele>246.000</ele>
      </trkpt>
      <trkpt lat="45.118900000" lon="5.693640000">
        <ele>246.000</ele>
      </trkpt>
      <trkpt lat="45.118900000" lon="5.693620000">
        <ele>246.000</ele>
      </trkpt>
      <trkpt lat="45.118900000" lon="5.693600000">
        <ele>246.000</ele>
      </trkpt>
      <trkpt lat="45.118980000" lon="5.693510000">
        <ele>246.000</ele>
      </trkpt>
      <trkpt lat="45.119090000" lon="5.693420000">
        <ele>246.000</ele>
      </trkpt>
      <trkpt lat="45.119160000" lon="5.693400000">
        <ele>246.000</ele>
      </trkpt>
      <trkpt lat="45.119280000" lon="5.693380000">
        <ele>246.000</ele>
      </trkpt>
      <trkpt lat="45.119410000" lon="5.693360000">
        <ele>246.000</ele>
      </trkpt>
      <trkpt lat="45.119490000" lon="5.693340000">
        <ele>246.000</ele>
      </trkpt>
      <trkpt lat="45.119530000" lon="5.693320000">
        <ele>246.000</ele>
      </trkpt>
      <trkpt lat="45.119560000" lon="5.693310000">
        <ele>246.000</ele>
      </trkpt>
      <trkpt lat="45.119590000" lon="5.693290000">
        <ele>246.000</ele>
      </trkpt>
      <trkpt lat="45.119630000" lon="5.693270000">
        <ele>246.000</ele>
      </trkpt>
      <trkpt lat="45.119650000" lon="5.693260000">
        <ele>246.000</ele>
      </trkpt>
      <trkpt lat="45.119680000" lon="5.693220000">
        <ele>246.000</ele>
      </trkpt>
      <trkpt lat="45.119740000" lon="5.693150000">
        <ele>246.000</ele>
      </trkpt>
      <trkpt lat="45.119760000" lon="5.693120000">
        <ele>246.000</ele>
      </trkpt>
      <trkpt lat="45.119810000" lon="5.693010000">
        <ele>246.000</ele>
      </trkpt>
      <trkpt lat="45.119850000" lon="5.692910000">
        <ele>246.000</ele>
      </trkpt>
      <trkpt lat="45.119870000" lon="5.692760000">
        <ele>245.000</ele>
      </trkpt>
      <trkpt lat="45.119890000" lon="5.692690000">
        <ele>245.000</ele>
      </trkpt>
      <trkpt lat="45.119900000" lon="5.692610000">
        <ele>245.000</ele>
      </trkpt>
      <trkpt lat="45.119910000" lon="5.692540000">
        <ele>245.000</ele>
      </trkpt>
      <trkpt lat="45.119920000" lon="5.692460000">
        <ele>245.000</ele>
      </trkpt>
      <trkpt lat="45.119940000" lon="5.692380000">
        <ele>245.000</ele>
      </trkpt>
      <trkpt lat="45.119950000" lon="5.692330000">
        <ele>245.000</ele>
      </trkpt>
      <trkpt lat="45.119990000" lon="5.692110000">
        <ele>245.000</ele>
      </trkpt>
      <trkpt lat="45.120000000" lon="5.692090000">
        <ele>245.000</ele>
      </trkpt>
      <trkpt lat="45.120090000" lon="5.691730000">
        <ele>245.000</ele>
      </trkpt>
      <trkpt lat="45.120210000" lon="5.691390000">
        <ele>245.000</ele>
      </trkpt>
      <trkpt lat="45.120300000" lon="5.691120000">
        <ele>244.000</ele>
      </trkpt>
      <trkpt lat="45.120390000" lon="5.690860000">
        <ele>244.000</ele>
      </trkpt>
      <trkpt lat="45.120430000" lon="5.690730000">
        <ele>244.000</ele>
      </trkpt>
      <trkpt lat="45.120450000" lon="5.690630000">
        <ele>244.000</ele>
      </trkpt>
      <trkpt lat="45.120470000" lon="5.690510000">
        <ele>244.000</ele>
      </trkpt>
      <trkpt lat="45.120470000" lon="5.690370000">
        <ele>244.000</ele>
      </trkpt>
      <trkpt lat="45.120460000" lon="5.690250000">
        <ele>244.000</ele>
      </trkpt>
      <trkpt lat="45.120450000" lon="5.690120000">
        <ele>243.000</ele>
      </trkpt>
      <trkpt lat="45.120410000" lon="5.689850000">
        <ele>243.000</ele>
      </trkpt>
      <trkpt lat="45.120380000" lon="5.689710000">
        <ele>243.000</ele>
      </trkpt>
      <trkpt lat="45.120350000" lon="5.689630000">
        <ele>243.000</ele>
      </trkpt>
      <trkpt lat="45.120290000" lon="5.689520000">
        <ele>243.000</ele>
      </trkpt>
      <trkpt lat="45.120150000" lon="5.689260000">
        <ele>243.000</ele>
      </trkpt>
      <trkpt lat="45.120120000" lon="5.689190000">
        <ele>243.000</ele>
      </trkpt>
      <trkpt lat="45.119950000" lon="5.688860000">
        <ele>243.000</ele>
      </trkpt>
      <trkpt lat="45.119860000" lon="5.688700000">
        <ele>243.000</ele>
      </trkpt>
      <trkpt lat="45.119780000" lon="5.688560000">
        <ele>243.000</ele>
      </trkpt>
      <trkpt lat="45.119720000" lon="5.688400000">
        <ele>243.000</ele>
      </trkpt>
      <trkpt lat="45.119690000" lon="5.688290000">
        <ele>243.000</ele>
      </trkpt>
      <trkpt lat="45.119670000" lon="5.688190000">
        <ele>243.000</ele>
      </trkpt>
      <trkpt lat="45.119660000" lon="5.688030000">
        <ele>243.000</ele>
      </trkpt>
      <trkpt lat="45.119650000" lon="5.687920000">
        <ele>243.000</ele>
      </trkpt>
      <trkpt lat="45.119640000" lon="5.687810000">
        <ele>243.000</ele>
      </trkpt>
      <trkpt lat="45.119650000" lon="5.687650000">
        <ele>243.000</ele>
      </trkpt>
      <trkpt lat="45.119680000" lon="5.687490000">
        <ele>243.000</ele>
      </trkpt>
      <trkpt lat="45.119750000" lon="5.687210000">
        <ele>243.000</ele>
      </trkpt>
      <trkpt lat="45.119980000" lon="5.686530000">
        <ele>243.000</ele>
      </trkpt>
      <trkpt lat="45.120160000" lon="5.686020000">
        <ele>244.000</ele>
      </trkpt>
      <trkpt lat="45.120180000" lon="5.685930000">
        <ele>244.000</ele>
      </trkpt>
      <trkpt lat="45.120360000" lon="5.685380000">
        <ele>245.000</ele>
      </trkpt>
      <trkpt lat="45.120500000" lon="5.684910000">
        <ele>245.000</ele>
      </trkpt>
      <trkpt lat="45.120550000" lon="5.684740000">
        <ele>246.000</ele>
      </trkpt>
      <trkpt lat="45.120590000" lon="5.684600000">
        <ele>246.000</ele>
      </trkpt>
      <trkpt lat="45.120770000" lon="5.683950000">
        <ele>247.000</ele>
      </trkpt>
      <trkpt lat="45.120910000" lon="5.683490000">
        <ele>248.000</ele>
      </trkpt>
      <trkpt lat="45.121200000" lon="5.682630000">
        <ele>250.000</ele>
      </trkpt>
      <trkpt lat="45.121220000" lon="5.682520000">
        <ele>252.000</ele>
      </trkpt>
      <trkpt lat="45.121250000" lon="5.682440000">
        <ele>253.000</ele>
      </trkpt>
      <trkpt lat="45.121360000" lon="5.682020000">
        <ele>254.000</ele>
      </trkpt>
      <trkpt lat="45.121370000" lon="5.681990000">
        <ele>255.000</ele>
      </trkpt>
      <trkpt lat="45.121390000" lon="5.681940000">
        <ele>256.000</ele>
      </trkpt>
      <trkpt lat="45.121430000" lon="5.681940000">
        <ele>256.000</ele>
      </trkpt>
      <trkpt lat="45.121450000" lon="5.681940000">
        <ele>257.000</ele>
      </trkpt>
      <trkpt lat="45.121470000" lon="5.681910000">
        <ele>257.000</ele>
      </trkpt>
      <trkpt lat="45.121490000" lon="5.681890000">
        <ele>257.000</ele>
      </trkpt>
      <trkpt lat="45.121500000" lon="5.681850000">
        <ele>257.000</ele>
      </trkpt>
      <trkpt lat="45.121500000" lon="5.681820000">
        <ele>258.000</ele>
      </trkpt>
      <trkpt lat="45.121500000" lon="5.681780000">
        <ele>258.000</ele>
      </trkpt>
      <trkpt lat="45.121480000" lon="5.681730000">
        <ele>258.000</ele>
      </trkpt>
      <trkpt lat="45.121460000" lon="5.681700000">
        <ele>258.000</ele>
      </trkpt>
      <trkpt lat="45.121440000" lon="5.681690000">
        <ele>258.000</ele>
      </trkpt>
      <trkpt lat="45.121440000" lon="5.681650000">
        <ele>258.000</ele>
      </trkpt>
      <trkpt lat="45.121440000" lon="5.681600000">
        <ele>259.000</ele>
      </trkpt>
      <trkpt lat="45.121450000" lon="5.681540000">
        <ele>259.000</ele>
      </trkpt>
      <trkpt lat="45.121470000" lon="5.681430000">
        <ele>259.000</ele>
      </trkpt>
      <trkpt lat="45.121480000" lon="5.681360000">
        <ele>259.000</ele>
      </trkpt>
      <trkpt lat="45.121540000" lon="5.680840000">
        <ele>260.000</ele>
      </trkpt>
      <trkpt lat="45.121580000" lon="5.680170000">
        <ele>262.000</ele>
      </trkpt>
      <trkpt lat="45.121590000" lon="5.680040000">
        <ele>263.000</ele>
      </trkpt>
      <trkpt lat="45.121600000" lon="5.679960000">
        <ele>264.000</ele>
      </trkpt>
      <trkpt lat="45.121600000" lon="5.679870000">
        <ele>264.000</ele>
      </trkpt>
      <trkpt lat="45.121650000" lon="5.679320000">
        <ele>266.000</ele>
      </trkpt>
      <trkpt lat="45.121650000" lon="5.679170000">
        <ele>267.000</ele>
      </trkpt>
      <trkpt lat="45.121660000" lon="5.679060000">
        <ele>267.000</ele>
      </trkpt>
      <trkpt lat="45.121690000" lon="5.678450000">
        <ele>269.000</ele>
      </trkpt>
      <trkpt lat="45.121700000" lon="5.678300000">
        <ele>270.000</ele>
      </trkpt>
      <trkpt lat="45.121680000" lon="5.678230000">
        <ele>270.000</ele>
      </trkpt>
      <trkpt lat="45.121650000" lon="5.678140000">
        <ele>271.000</ele>
      </trkpt>
      <trkpt lat="45.121600000" lon="5.678030000">
        <ele>272.000</ele>
      </trkpt>
      <trkpt lat="45.121340000" lon="5.677720000">
        <ele>273.000</ele>
      </trkpt>
      <trkpt lat="45.121290000" lon="5.677640000">
        <ele>274.000</ele>
      </trkpt>
      <trkpt lat="45.121240000" lon="5.677560000">
        <ele>274.000</ele>
      </trkpt>
      <trkpt lat="45.121210000" lon="5.677290000">
        <ele>275.000</ele>
      </trkpt>
      <trkpt lat="45.121220000" lon="5.677020000">
        <ele>276.000</ele>
      </trkpt>
      <trkpt lat="45.121230000" lon="5.676890000">
        <ele>277.000</ele>
      </trkpt>
      <trkpt lat="45.121220000" lon="5.676770000">
        <ele>277.000</ele>
      </trkpt>
      <trkpt lat="45.121180000" lon="5.676520000">
        <ele>278.000</ele>
      </trkpt>
      <trkpt lat="45.121130000" lon="5.676330000">
        <ele>278.000</ele>
      </trkpt>
      <trkpt lat="45.121050000" lon="5.676210000">
        <ele>279.000</ele>
      </trkpt>
      <trkpt lat="45.121010000" lon="5.676130000">
        <ele>279.000</ele>
      </trkpt>
      <trkpt lat="45.120940000" lon="5.676030000">
        <ele>280.000</ele>
      </trkpt>
      <trkpt lat="45.120910000" lon="5.676000000">
        <ele>280.000</ele>
      </trkpt>
      <trkpt lat="45.120850000" lon="5.675920000">
        <ele>280.000</ele>
      </trkpt>
      <trkpt lat="45.120810000" lon="5.675850000">
        <ele>280.000</ele>
      </trkpt>
      <trkpt lat="45.120770000" lon="5.675810000">
        <ele>281.000</ele>
      </trkpt>
      <trkpt lat="45.120740000" lon="5.675770000">
        <ele>281.000</ele>
      </trkpt>
      <trkpt lat="45.120680000" lon="5.675690000">
        <ele>281.000</ele>
      </trkpt>
      <trkpt lat="45.120590000" lon="5.675570000">
        <ele>281.000</ele>
      </trkpt>
      <trkpt lat="45.120500000" lon="5.675440000">
        <ele>282.000</ele>
      </trkpt>
      <trkpt lat="45.120440000" lon="5.675320000">
        <ele>282.000</ele>
      </trkpt>
      <trkpt lat="45.120410000" lon="5.675230000">
        <ele>282.000</ele>
      </trkpt>
      <trkpt lat="45.120390000" lon="5.675130000">
        <ele>282.000</ele>
      </trkpt>
      <trkpt lat="45.120350000" lon="5.674730000">
        <ele>283.000</ele>
      </trkpt>
      <trkpt lat="45.120330000" lon="5.674450000">
        <ele>283.000</ele>
      </trkpt>
      <trkpt lat="45.120290000" lon="5.673560000">
        <ele>284.000</ele>
      </trkpt>
      <trkpt lat="45.120270000" lon="5.673350000">
        <ele>285.000</ele>
      </trkpt>
      <trkpt lat="45.120270000" lon="5.673230000">
        <ele>286.000</ele>
      </trkpt>
      <trkpt lat="45.120270000" lon="5.673170000">
        <ele>286.000</ele>
      </trkpt>
      <trkpt lat="45.120260000" lon="5.673100000">
        <ele>287.000</ele>
      </trkpt>
      <trkpt lat="45.120260000" lon="5.672990000">
        <ele>287.000</ele>
      </trkpt>
      <trkpt lat="45.120240000" lon="5.672600000">
        <ele>288.000</ele>
      </trkpt>
      <trkpt lat="45.120230000" lon="5.672510000">
        <ele>288.000</ele>
      </trkpt>
      <trkpt lat="45.120230000" lon="5.672420000">
        <ele>288.000</ele>
      </trkpt>
      <trkpt lat="45.120220000" lon="5.672290000">
        <ele>289.000</ele>
      </trkpt>
      <trkpt lat="45.120220000" lon="5.672220000">
        <ele>289.000</ele>
      </trkpt>
      <trkpt lat="45.120210000" lon="5.672020000">
        <ele>289.000</ele>
      </trkpt>
      <trkpt lat="45.120330000" lon="5.671940000">
        <ele>290.000</ele>
      </trkpt>
      <trkpt lat="45.120610000" lon="5.671990000">
        <ele>291.000</ele>
      </trkpt>
      <trkpt lat="45.120670000" lon="5.672010000">
        <ele>292.000</ele>
      </trkpt>
      <trkpt lat="45.120870000" lon="5.672060000">
        <ele>293.000</ele>
      </trkpt>
      <trkpt lat="45.121000000" lon="5.672090000">
        <ele>294.000</ele>
      </trkpt>
      <trkpt lat="45.121220000" lon="5.672140000">
        <ele>296.000</ele>
      </trkpt>
      <trkpt lat="45.121320000" lon="5.672160000">
        <ele>297.000</ele>
      </trkpt>
      <trkpt lat="45.121410000" lon="5.672170000">
        <ele>299.000</ele>
      </trkpt>
      <trkpt lat="45.121450000" lon="5.672180000">
        <ele>300.000</ele>
      </trkpt>
      <trkpt lat="45.121500000" lon="5.672180000">
        <ele>300.000</ele>
      </trkpt>
      <trkpt lat="45.121520000" lon="5.672190000">
        <ele>301.000</ele>
      </trkpt>
      <trkpt lat="45.121650000" lon="5.672210000">
        <ele>302.000</ele>
      </trkpt>
      <trkpt lat="45.121730000" lon="5.672220000">
        <ele>303.000</ele>
      </trkpt>
      <trkpt lat="45.121790000" lon="5.672230000">
        <ele>303.000</ele>
      </trkpt>
      <trkpt lat="45.121890000" lon="5.672240000">
        <ele>304.000</ele>
      </trkpt>
      <trkpt lat="45.121970000" lon="5.672230000">
        <ele>305.000</ele>
      </trkpt>
      <trkpt lat="45.122080000" lon="5.672220000">
        <ele>306.000</ele>
      </trkpt>
      <trkpt lat="45.122160000" lon="5.672190000">
        <ele>307.000</ele>
      </trkpt>
      <trkpt lat="45.122280000" lon="5.672150000">
        <ele>308.000</ele>
      </trkpt>
      <trkpt lat="45.122310000" lon="5.672140000">
        <ele>309.000</ele>
      </trkpt>
      <trkpt lat="45.122580000" lon="5.672080000">
        <ele>310.000</ele>
      </trkpt>
      <trkpt lat="45.122630000" lon="5.672070000">
        <ele>311.000</ele>
      </trkpt>
      <trkpt lat="45.122780000" lon="5.672030000">
        <ele>313.000</ele>
      </trkpt>
      <trkpt lat="45.122840000" lon="5.672010000">
        <ele>314.000</ele>
      </trkpt>
      <trkpt lat="45.122920000" lon="5.671970000">
        <ele>315.000</ele>
      </trkpt>
      <trkpt lat="45.123140000" lon="5.671840000">
        <ele>316.000</ele>
      </trkpt>
      <trkpt lat="45.123150000" lon="5.671830000">
        <ele>318.000</ele>
      </trkpt>
      <trkpt lat="45.123310000" lon="5.671730000">
        <ele>319.000</ele>
      </trkpt>
      <trkpt lat="45.123450000" lon="5.671640000">
        <ele>320.000</ele>
      </trkpt>
      <trkpt lat="45.123510000" lon="5.671610000">
        <ele>322.000</ele>
      </trkpt>
      <trkpt lat="45.123530000" lon="5.671600000">
        <ele>322.000</ele>
      </trkpt>
      <trkpt lat="45.123610000" lon="5.671580000">
        <ele>323.000</ele>
      </trkpt>
      <trkpt lat="45.123780000" lon="5.671560000">
        <ele>325.000</ele>
      </trkpt>
      <trkpt lat="45.123870000" lon="5.671550000">
        <ele>326.000</ele>
      </trkpt>
      <trkpt lat="45.123920000" lon="5.671560000">
        <ele>327.000</ele>
      </trkpt>
      <trkpt lat="45.124010000" lon="5.671580000">
        <ele>328.000</ele>
      </trkpt>
      <trkpt lat="45.124110000" lon="5.671590000">
        <ele>329.000</ele>
      </trkpt>
      <trkpt lat="45.124190000" lon="5.671570000">
        <ele>330.000</ele>
      </trkpt>
      <trkpt lat="45.124250000" lon="5.671550000">
        <ele>331.000</ele>
      </trkpt>
      <trkpt lat="45.124330000" lon="5.671520000">
        <ele>332.000</ele>
      </trkpt>
      <trkpt lat="45.124400000" lon="5.671490000">
        <ele>333.000</ele>
      </trkpt>
      <trkpt lat="45.124440000" lon="5.671480000">
        <ele>334.000</ele>
      </trkpt>
      <trkpt lat="45.124450000" lon="5.671480000">
        <ele>334.000</ele>
      </trkpt>
      <trkpt lat="45.125130000" lon="5.671390000">
        <ele>338.000</ele>
      </trkpt>
      <trkpt lat="45.125210000" lon="5.671380000">
        <ele>340.000</ele>
      </trkpt>
      <trkpt lat="45.125890000" lon="5.671280000">
        <ele>345.000</ele>
      </trkpt>
      <trkpt lat="45.125950000" lon="5.671270000">
        <ele>348.000</ele>
      </trkpt>
      <trkpt lat="45.126060000" lon="5.671260000">
        <ele>351.000</ele>
      </trkpt>
      <trkpt lat="45.126080000" lon="5.671250000">
        <ele>352.000</ele>
      </trkpt>
      <trkpt lat="45.126120000" lon="5.671260000">
        <ele>353.000</ele>
      </trkpt>
      <trkpt lat="45.126130000" lon="5.671290000">
        <ele>354.000</ele>
      </trkpt>
      <trkpt lat="45.126140000" lon="5.671330000">
        <ele>355.000</ele>
      </trkpt>
      <trkpt lat="45.126170000" lon="5.671350000">
        <ele>355.000</ele>
      </trkpt>
      <trkpt lat="45.126190000" lon="5.671360000">
        <ele>356.000</ele>
      </trkpt>
      <trkpt lat="45.126220000" lon="5.671360000">
        <ele>356.000</ele>
      </trkpt>
      <trkpt lat="45.126240000" lon="5.671350000">
        <ele>356.000</ele>
      </trkpt>
      <trkpt lat="45.126310000" lon="5.671340000">
        <ele>357.000</ele>
      </trkpt>
      <trkpt lat="45.126450000" lon="5.671340000">
        <ele>357.000</ele>
      </trkpt>
      <trkpt lat="45.126550000" lon="5.671310000">
        <ele>358.000</ele>
      </trkpt>
      <trkpt lat="45.126800000" lon="5.671310000">
        <ele>358.000</ele>
      </trkpt>
      <trkpt lat="45.127080000" lon="5.671310000">
        <ele>359.000</ele>
      </trkpt>
      <trkpt lat="45.127150000" lon="5.671310000">
        <ele>360.000</ele>
      </trkpt>
      <trkpt lat="45.127210000" lon="5.671300000">
        <ele>361.000</ele>
      </trkpt>
      <trkpt lat="45.127420000" lon="5.671240000">
        <ele>362.000</ele>
      </trkpt>
      <trkpt lat="45.127440000" lon="5.671240000">
        <ele>362.000</ele>
      </trkpt>
      <trkpt lat="45.127520000" lon="5.671240000">
        <ele>363.000</ele>
      </trkpt>
      <trkpt lat="45.127760000" lon="5.671250000">
        <ele>364.000</ele>
      </trkpt>
      <trkpt lat="45.127890000" lon="5.671250000">
        <ele>365.000</ele>
      </trkpt>
      <trkpt lat="45.128040000" lon="5.671260000">
        <ele>366.000</ele>
      </trkpt>
      <trkpt lat="45.128040000" lon="5.671260000">
        <ele>367.000</ele>
      </trkpt>
      <trkpt lat="45.128290000" lon="5.671270000">
        <ele>369.000</ele>
      </trkpt>
      <trkpt lat="45.128420000" lon="5.671270000">
        <ele>370.000</ele>
      </trkpt>
      <trkpt lat="45.129040000" lon="5.671250000">
        <ele>373.000</ele>
      </trkpt>
      <trkpt lat="45.129140000" lon="5.671250000">
        <ele>376.000</ele>
      </trkpt>
      <trkpt lat="45.129180000" lon="5.671250000">
        <ele>378.000</ele>
      </trkpt>
      <trkpt lat="45.129320000" lon="5.671250000">
        <ele>380.000</ele>
      </trkpt>
      <trkpt lat="45.129430000" lon="5.671250000">
        <ele>381.000</ele>
      </trkpt>
      <trkpt lat="45.129490000" lon="5.671250000">
        <ele>383.000</ele>
      </trkpt>
      <trkpt lat="45.129530000" lon="5.671250000">
        <ele>384.000</ele>
      </trkpt>
      <trkpt lat="45.129960000" lon="5.671260000">
        <ele>386.000</ele>
      </trkpt>
      <trkpt lat="45.130030000" lon="5.671270000">
        <ele>388.000</ele>
      </trkpt>
      <trkpt lat="45.130340000" lon="5.671340000">
        <ele>389.000</ele>
      </trkpt>
      <trkpt lat="45.130460000" lon="5.671380000">
        <ele>391.000</ele>
      </trkpt>
      <trkpt lat="45.130580000" lon="5.671410000">
        <ele>392.000</ele>
      </trkpt>
      <trkpt lat="45.130750000" lon="5.671420000">
        <ele>393.000</ele>
      </trkpt>
      <trkpt lat="45.130830000" lon="5.671430000">
        <ele>394.000</ele>
      </trkpt>
      <trkpt lat="45.130980000" lon="5.671430000">
        <ele>394.000</ele>
      </trkpt>
      <trkpt lat="45.131080000" lon="5.671420000">
        <ele>395.000</ele>
      </trkpt>
      <trkpt lat="45.131250000" lon="5.671400000">
        <ele>396.000</ele>
      </trkpt>
      <trkpt lat="45.131460000" lon="5.671370000">
        <ele>397.000</ele>
      </trkpt>
      <trkpt lat="45.131550000" lon="5.671360000">
        <ele>398.000</ele>
      </trkpt>
      <trkpt lat="45.131820000" lon="5.671330000">
        <ele>399.000</ele>
      </trkpt>
      <trkpt lat="45.131930000" lon="5.671330000">
        <ele>399.000</ele>
      </trkpt>
      <trkpt lat="45.132040000" lon="5.671350000">
        <ele>400.000</ele>
      </trkpt>
      <trkpt lat="45.132100000" lon="5.671360000">
        <ele>400.000</ele>
      </trkpt>
      <trkpt lat="45.132190000" lon="5.671380000">
        <ele>401.000</ele>
      </trkpt>
      <trkpt lat="45.132330000" lon="5.671430000">
        <ele>401.000</ele>
      </trkpt>
      <trkpt lat="45.132650000" lon="5.671580000">
        <ele>401.000</ele>
      </trkpt>
      <trkpt lat="45.132850000" lon="5.671690000">
        <ele>402.000</ele>
      </trkpt>
      <trkpt lat="45.132930000" lon="5.671720000">
        <ele>402.000</ele>
      </trkpt>
      <trkpt lat="45.133150000" lon="5.671810000">
        <ele>403.000</ele>
      </trkpt>
      <trkpt lat="45.133400000" lon="5.671890000">
        <ele>403.000</ele>
      </trkpt>
      <trkpt lat="45.133470000" lon="5.671890000">
        <ele>403.000</ele>
      </trkpt>
      <trkpt lat="45.133730000" lon="5.671940000">
        <ele>404.000</ele>
      </trkpt>
      <trkpt lat="45.134470000" lon="5.672100000">
        <ele>405.000</ele>
      </trkpt>
      <trkpt lat="45.135690000" lon="5.672350000">
        <ele>409.000</ele>
      </trkpt>
      <trkpt lat="45.135890000" lon="5.672390000">
        <ele>411.000</ele>
      </trkpt>
      <trkpt lat="45.135970000" lon="5.672400000">
        <ele>413.000</ele>
      </trkpt>
      <trkpt lat="45.136250000" lon="5.672460000">
        <ele>415.000</ele>
      </trkpt>
      <trkpt lat="45.136820000" lon="5.672580000">
        <ele>417.000</ele>
      </trkpt>
      <trkpt lat="45.137090000" lon="5.672620000">
        <ele>419.000</ele>
      </trkpt>
      <trkpt lat="45.137380000" lon="5.672650000">
        <ele>421.000</ele>
      </trkpt>
      <trkpt lat="45.137490000" lon="5.672650000">
        <ele>422.000</ele>
      </trkpt>
      <trkpt lat="45.137600000" lon="5.672660000">
        <ele>423.000</ele>
      </trkpt>
      <trkpt lat="45.137700000" lon="5.672660000">
        <ele>424.000</ele>
      </trkpt>
      <trkpt lat="45.138020000" lon="5.672670000">
        <ele>425.000</ele>
      </trkpt>
      <trkpt lat="45.138220000" lon="5.672670000">
        <ele>426.000</ele>
      </trkpt>
      <trkpt lat="45.138460000" lon="5.672710000">
        <ele>427.000</ele>
      </trkpt>
      <trkpt lat="45.138650000" lon="5.672760000">
        <ele>428.000</ele>
      </trkpt>
      <trkpt lat="45.138850000" lon="5.672810000">
        <ele>429.000</ele>
      </trkpt>
      <trkpt lat="45.139000000" lon="5.672860000">
        <ele>430.000</ele>
      </trkpt>
      <trkpt lat="45.139230000" lon="5.672920000">
        <ele>430.000</ele>
      </trkpt>
      <trkpt lat="45.139730000" lon="5.673070000">
        <ele>432.000</ele>
      </trkpt>
      <trkpt lat="45.139830000" lon="5.673100000">
        <ele>433.000</ele>
      </trkpt>
      <trkpt lat="45.139900000" lon="5.673120000">
        <ele>433.000</ele>
      </trkpt>
      <trkpt lat="45.140010000" lon="5.673150000">
        <ele>434.000</ele>
      </trkpt>
      <trkpt lat="45.140100000" lon="5.673180000">
        <ele>434.000</ele>
      </trkpt>
      <trkpt lat="45.140170000" lon="5.673210000">
        <ele>434.000</ele>
      </trkpt>
      <trkpt lat="45.140290000" lon="5.673260000">
        <ele>434.000</ele>
      </trkpt>
      <trkpt lat="45.140360000" lon="5.673300000">
        <ele>434.000</ele>
      </trkpt>
      <trkpt lat="45.140450000" lon="5.673350000">
        <ele>434.000</ele>
      </trkpt>
      <trkpt lat="45.140510000" lon="5.673400000">
        <ele>434.000</ele>
      </trkpt>
      <trkpt lat="45.140610000" lon="5.673500000">
        <ele>434.000</ele>
      </trkpt>
      <trkpt lat="45.140730000" lon="5.673650000">
        <ele>434.000</ele>
      </trkpt>
      <trkpt lat="45.140830000" lon="5.673790000">
        <ele>433.000</ele>
      </trkpt>
      <trkpt lat="45.140970000" lon="5.674020000">
        <ele>433.000</ele>
      </trkpt>
      <trkpt lat="45.141140000" lon="5.674320000">
        <ele>433.000</ele>
      </trkpt>
      <trkpt lat="45.141170000" lon="5.674360000">
        <ele>433.000</ele>
      </trkpt>
      <trkpt lat="45.141210000" lon="5.674410000">
        <ele>433.000</ele>
      </trkpt>
      <trkpt lat="45.141280000" lon="5.674480000">
        <ele>433.000</ele>
      </trkpt>
      <trkpt lat="45.141370000" lon="5.674560000">
        <ele>433.000</ele>
      </trkpt>
      <trkpt lat="45.141460000" lon="5.674630000">
        <ele>432.000</ele>
      </trkpt>
      <trkpt lat="45.141610000" lon="5.674730000">
        <ele>432.000</ele>
      </trkpt>
      <trkpt lat="45.141760000" lon="5.674820000">
        <ele>432.000</ele>
      </trkpt>
      <trkpt lat="45.141960000" lon="5.674910000">
        <ele>432.000</ele>
      </trkpt>
      <trkpt lat="45.142160000" lon="5.675000000">
        <ele>432.000</ele>
      </trkpt>
      <trkpt lat="45.142560000" lon="5.675170000">
        <ele>432.000</ele>
      </trkpt>
      <trkpt lat="45.142870000" lon="5.675310000">
        <ele>432.000</ele>
      </trkpt>
      <trkpt lat="45.143070000" lon="5.675420000">
        <ele>432.000</ele>
      </trkpt>
      <trkpt lat="45.143160000" lon="5.675470000">
        <ele>431.000</ele>
      </trkpt>
      <trkpt lat="45.143400000" lon="5.675600000">
        <ele>430.000</ele>
      </trkpt>
      <trkpt lat="45.143640000" lon="5.675730000">
        <ele>428.000</ele>
      </trkpt>
      <trkpt lat="45.143760000" lon="5.675810000">
        <ele>426.000</ele>
      </trkpt>
      <trkpt lat="45.143880000" lon="5.675890000">
        <ele>424.000</ele>
      </trkpt>
      <trkpt lat="45.144130000" lon="5.676120000">
        <ele>421.000</ele>
      </trkpt>
      <trkpt lat="45.144380000" lon="5.676330000">
        <ele>418.000</ele>
      </trkpt>
      <trkpt lat="45.144530000" lon="5.676420000">
        <ele>415.000</ele>
      </trkpt>
      <trkpt lat="45.144980000" lon="5.676670000">
        <ele>411.000</ele>
      </trkpt>
      <trkpt lat="45.145290000" lon="5.676830000">
        <ele>408.000</ele>
      </trkpt>
      <trkpt lat="45.145460000" lon="5.676900000">
        <ele>405.000</ele>
      </trkpt>
      <trkpt lat="45.145540000" lon="5.676940000">
        <ele>403.000</ele>
      </trkpt>
      <trkpt lat="45.145660000" lon="5.676990000">
        <ele>401.000</ele>
      </trkpt>
      <trkpt lat="45.145930000" lon="5.677130000">
        <ele>399.000</ele>
      </trkpt>
      <trkpt lat="45.146140000" lon="5.677220000">
        <ele>397.000</ele>
      </trkpt>
      <trkpt lat="45.146510000" lon="5.677370000">
        <ele>395.000</ele>
      </trkpt>
      <trkpt lat="45.147010000" lon="5.677560000">
        <ele>392.000</ele>
      </trkpt>
      <trkpt lat="45.147290000" lon="5.677670000">
        <ele>389.000</ele>
      </trkpt>
      <trkpt lat="45.147350000" lon="5.677690000">
        <ele>387.000</ele>
      </trkpt>
      <trkpt lat="45.147410000" lon="5.677720000">
        <ele>385.000</ele>
      </trkpt>
      <trkpt lat="45.147470000" lon="5.677740000">
        <ele>384.000</ele>
      </trkpt>
      <trkpt lat="45.147640000" lon="5.677800000">
        <ele>383.000</ele>
      </trkpt>
      <trkpt lat="45.147820000" lon="5.677870000">
        <ele>381.000</ele>
      </trkpt>
      <trkpt lat="45.148070000" lon="5.677920000">
        <ele>380.000</ele>
      </trkpt>
      <trkpt lat="45.148220000" lon="5.677960000">
        <ele>378.000</ele>
      </trkpt>
      <trkpt lat="45.148410000" lon="5.678000000">
        <ele>377.000</ele>
      </trkpt>
      <trkpt lat="45.148550000" lon="5.678060000">
        <ele>375.000</ele>
      </trkpt>
      <trkpt lat="45.148610000" lon="5.678090000">
        <ele>374.000</ele>
      </trkpt>
      <trkpt lat="45.148650000" lon="5.678110000">
        <ele>373.000</ele>
      </trkpt>
      <trkpt lat="45.148680000" lon="5.678120000">
        <ele>373.000</ele>
      </trkpt>
      <trkpt lat="45.148770000" lon="5.678160000">
        <ele>372.000</ele>
      </trkpt>
      <trkpt lat="45.148870000" lon="5.678210000">
        <ele>371.000</ele>
      </trkpt>
      <trkpt lat="45.149140000" lon="5.678320000">
        <ele>371.000</ele>
      </trkpt>
      <trkpt lat="45.149300000" lon="5.678390000">
        <ele>370.000</ele>
      </trkpt>
      <trkpt lat="45.149380000" lon="5.678410000">
        <ele>369.000</ele>
      </trkpt>
      <trkpt lat="45.149610000" lon="5.678470000">
        <ele>368.000</ele>
      </trkpt>
      <trkpt lat="45.149770000" lon="5.678500000">
        <ele>368.000</ele>
      </trkpt>
      <trkpt lat="45.149850000" lon="5.678500000">
        <ele>367.000</ele>
      </trkpt>
      <trkpt lat="45.149940000" lon="5.678490000">
        <ele>367.000</ele>
      </trkpt>
      <trkpt lat="45.150000000" lon="5.678480000">
        <ele>366.000</ele>
      </trkpt>
      <trkpt lat="45.150040000" lon="5.678480000">
        <ele>366.000</ele>
      </trkpt>
      <trkpt lat="45.150040000" lon="5.678530000">
        <ele>365.000</ele>
      </trkpt>
      <trkpt lat="45.150060000" lon="5.678570000">
        <ele>365.000</ele>
      </trkpt>
      <trkpt lat="45.150090000" lon="5.678610000">
        <ele>365.000</ele>
      </trkpt>
      <trkpt lat="45.150120000" lon="5.678630000">
        <ele>365.000</ele>
      </trkpt>
      <trkpt lat="45.150150000" lon="5.678630000">
        <ele>365.000</ele>
      </trkpt>
      <trkpt lat="45.150200000" lon="5.678590000">
        <ele>364.000</ele>
      </trkpt>
      <trkpt lat="45.150220000" lon="5.678540000">
        <ele>364.000</ele>
      </trkpt>
      <trkpt lat="45.150250000" lon="5.678560000">
        <ele>364.000</ele>
      </trkpt>
      <trkpt lat="45.150260000" lon="5.678570000">
        <ele>364.000</ele>
      </trkpt>
      <trkpt lat="45.150360000" lon="5.678630000">
        <ele>364.000</ele>
      </trkpt>
      <trkpt lat="45.150540000" lon="5.678700000">
        <ele>363.000</ele>
      </trkpt>
      <trkpt lat="45.150690000" lon="5.678780000">
        <ele>363.000</ele>
      </trkpt>
      <trkpt lat="45.150820000" lon="5.678870000">
        <ele>362.000</ele>
      </trkpt>
      <trkpt lat="45.150880000" lon="5.678920000">
        <ele>361.000</ele>
      </trkpt>
      <trkpt lat="45.150880000" lon="5.678920000">
        <ele>361.000</ele>
      </trkpt>
      <trkpt lat="45.151000000" lon="5.679010000">
        <ele>360.000</ele>
      </trkpt>
      <trkpt lat="45.151100000" lon="5.679100000">
        <ele>359.000</ele>
      </trkpt>
      <trkpt lat="45.151150000" lon="5.679150000">
        <ele>359.000</ele>
      </trkpt>
      <trkpt lat="45.151170000" lon="5.679200000">
        <ele>358.000</ele>
      </trkpt>
      <trkpt lat="45.151180000" lon="5.679230000">
        <ele>358.000</ele>
      </trkpt>
      <trkpt lat="45.151200000" lon="5.679380000">
        <ele>357.000</ele>
      </trkpt>
      <trkpt lat="45.151190000" lon="5.680000000">
        <ele>356.000</ele>
      </trkpt>
      <trkpt lat="45.151190000" lon="5.680170000">
        <ele>355.000</ele>
      </trkpt>
      <trkpt lat="45.151190000" lon="5.680230000">
        <ele>354.000</ele>
      </trkpt>
      <trkpt lat="45.151190000" lon="5.680260000">
        <ele>353.000</ele>
      </trkpt>
      <trkpt lat="45.151150000" lon="5.680270000">
        <ele>353.000</ele>
      </trkpt>
      <trkpt lat="45.151120000" lon="5.680300000">
        <ele>352.000</ele>
      </trkpt>
      <trkpt lat="45.151100000" lon="5.680340000">
        <ele>352.000</ele>
      </trkpt>
      <trkpt lat="45.151090000" lon="5.680390000">
        <ele>351.000</ele>
      </trkpt>
      <trkpt lat="45.151100000" lon="5.680440000">
        <ele>351.000</ele>
      </trkpt>
      <trkpt lat="45.151120000" lon="5.680480000">
        <ele>351.000</ele>
      </trkpt>
      <trkpt lat="45.151150000" lon="5.680510000">
        <ele>351.000</ele>
      </trkpt>
      <trkpt lat="45.151190000" lon="5.680520000">
        <ele>350.000</ele>
      </trkpt>
      <trkpt lat="45.151220000" lon="5.680510000">
        <ele>350.000</ele>
      </trkpt>
      <trkpt lat="45.151240000" lon="5.680490000">
        <ele>350.000</ele>
      </trkpt>
      <trkpt lat="45.151260000" lon="5.680460000">
        <ele>350.000</ele>
      </trkpt>
      <trkpt lat="45.151270000" lon="5.680420000">
        <ele>350.000</ele>
      </trkpt>
      <trkpt lat="45.151280000" lon="5.680380000">
        <ele>350.000</ele>
      </trkpt>
      <trkpt lat="45.151290000" lon="5.680380000">
        <ele>350.000</ele>
      </trkpt>
      <trkpt lat="45.151290000" lon="5.680390000">
        <ele>350.000</ele>
      </trkpt>
      <trkpt lat="45.151330000" lon="5.680390000">
        <ele>350.000</ele>
      </trkpt>
      <trkpt lat="45.151450000" lon="5.680390000">
        <ele>350.000</ele>
      </trkpt>
      <trkpt lat="45.151720000" lon="5.680380000">
        <ele>350.000</ele>
      </trkpt>
      <trkpt lat="45.151810000" lon="5.680360000">
        <ele>350.000</ele>
      </trkpt>
      <trkpt lat="45.151890000" lon="5.680320000">
        <ele>350.000</ele>
      </trkpt>
      <trkpt lat="45.151970000" lon="5.680240000">
        <ele>350.000</ele>
      </trkpt>
      <trkpt lat="45.151990000" lon="5.680210000">
        <ele>350.000</ele>
      </trkpt>
      <trkpt lat="45.152050000" lon="5.680130000">
        <ele>350.000</ele>
      </trkpt>
      <trkpt lat="45.152110000" lon="5.680010000">
        <ele>350.000</ele>
      </trkpt>
      <trkpt lat="45.152160000" lon="5.679880000">
        <ele>350.000</ele>
      </trkpt>
      <trkpt lat="45.152210000" lon="5.679760000">
        <ele>350.000</ele>
      </trkpt>
      <trkpt lat="45.152280000" lon="5.679660000">
        <ele>350.000</ele>
      </trkpt>
      <trkpt lat="45.152370000" lon="5.679590000">
        <ele>350.000</ele>
      </trkpt>
      <trkpt lat="45.152410000" lon="5.679570000">
        <ele>350.000</ele>
      </trkpt>
      <trkpt lat="45.152450000" lon="5.679540000">
        <ele>350.000</ele>
      </trkpt>
      <trkpt lat="45.152540000" lon="5.679540000">
        <ele>350.000</ele>
      </trkpt>
      <trkpt lat="45.152660000" lon="5.679540000">
        <ele>350.000</ele>
      </trkpt>
      <trkpt lat="45.153070000" lon="5.679590000">
        <ele>350.000</ele>
      </trkpt>
      <trkpt lat="45.153220000" lon="5.679620000">
        <ele>349.000</ele>
      </trkpt>
      <trkpt lat="45.153340000" lon="5.679650000">
        <ele>349.000</ele>
      </trkpt>
      <trkpt lat="45.153440000" lon="5.679720000">
        <ele>349.000</ele>
      </trkpt>
      <trkpt lat="45.153580000" lon="5.679810000">
        <ele>349.000</ele>
      </trkpt>
      <trkpt lat="45.153580000" lon="5.679810000">
        <ele>349.000</ele>
      </trkpt>
      <trkpt lat="45.153710000" lon="5.679890000">
        <ele>349.000</ele>
      </trkpt>
      <trkpt lat="45.153890000" lon="5.680010000">
        <ele>348.000</ele>
      </trkpt>
      <trkpt lat="45.154120000" lon="5.680140000">
        <ele>348.000</ele>
      </trkpt>
      <trkpt lat="45.154250000" lon="5.680210000">
        <ele>348.000</ele>
      </trkpt>
      <trkpt lat="45.154310000" lon="5.680250000">
        <ele>347.000</ele>
      </trkpt>
      <trkpt lat="45.154370000" lon="5.680280000">
        <ele>347.000</ele>
      </trkpt>
      <trkpt lat="45.154550000" lon="5.680390000">
        <ele>347.000</ele>
      </trkpt>
      <trkpt lat="45.154630000" lon="5.680450000">
        <ele>347.000</ele>
      </trkpt>
      <trkpt lat="45.154710000" lon="5.680500000">
        <ele>346.000</ele>
      </trkpt>
      <trkpt lat="45.154890000" lon="5.680650000">
        <ele>346.000</ele>
      </trkpt>
      <trkpt lat="45.155110000" lon="5.680830000">
        <ele>346.000</ele>
      </trkpt>
      <trkpt lat="45.155360000" lon="5.681050000">
        <ele>346.000</ele>
      </trkpt>
      <trkpt lat="45.155490000" lon="5.681140000">
        <ele>346.000</ele>
      </trkpt>
      <trkpt lat="45.155610000" lon="5.681190000">
        <ele>346.000</ele>
      </trkpt>
      <trkpt lat="45.155820000" lon="5.681240000">
        <ele>347.000</ele>
      </trkpt>
      <trkpt lat="45.155890000" lon="5.681260000">
        <ele>347.000</ele>
      </trkpt>
      <trkpt lat="45.155930000" lon="5.681250000">
        <ele>347.000</ele>
      </trkpt>
      <trkpt lat="45.155960000" lon="5.681250000">
        <ele>347.000</ele>
      </trkpt>
      <trkpt lat="45.155980000" lon="5.681230000">
        <ele>347.000</ele>
      </trkpt>
      <trkpt lat="45.156000000" lon="5.681260000">
        <ele>347.000</ele>
      </trkpt>
      <trkpt lat="45.156020000" lon="5.681270000">
        <ele>347.000</ele>
      </trkpt>
      <trkpt lat="45.156040000" lon="5.681280000">
        <ele>347.000</ele>
      </trkpt>
      <trkpt lat="45.156070000" lon="5.681280000">
        <ele>348.000</ele>
      </trkpt>
      <trkpt lat="45.156100000" lon="5.681260000">
        <ele>348.000</ele>
      </trkpt>
      <trkpt lat="45.156110000" lon="5.681230000">
        <ele>348.000</ele>
      </trkpt>
      <trkpt lat="45.156130000" lon="5.681200000">
        <ele>348.000</ele>
      </trkpt>
      <trkpt lat="45.156130000" lon="5.681150000">
        <ele>348.000</ele>
      </trkpt>
      <trkpt lat="45.156110000" lon="5.681100000">
        <ele>348.000</ele>
      </trkpt>
      <trkpt lat="45.156090000" lon="5.681070000">
        <ele>348.000</ele>
      </trkpt>
      <trkpt lat="45.156070000" lon="5.681060000">
        <ele>348.000</ele>
      </trkpt>
      <trkpt lat="45.156040000" lon="5.681050000">
        <ele>348.000</ele>
      </trkpt>
      <trkpt lat="45.156020000" lon="5.681060000">
        <ele>348.000</ele>
      </trkpt>
      <trkpt lat="45.156000000" lon="5.681040000">
        <ele>348.000</ele>
      </trkpt>
      <trkpt lat="45.155970000" lon="5.680990000">
        <ele>348.000</ele>
      </trkpt>
      <trkpt lat="45.155940000" lon="5.680950000">
        <ele>348.000</ele>
      </trkpt>
      <trkpt lat="45.155870000" lon="5.680890000">
        <ele>348.000</ele>
      </trkpt>
      <trkpt lat="45.155780000" lon="5.680840000">
        <ele>348.000</ele>
      </trkpt>
      <trkpt lat="45.155730000" lon="5.680810000">
        <ele>348.000</ele>
      </trkpt>
      <trkpt lat="45.155600000" lon="5.680710000">
        <ele>349.000</ele>
      </trkpt>
      <trkpt lat="45.155550000" lon="5.680660000">
        <ele>349.000</ele>
      </trkpt>
      <trkpt lat="45.155500000" lon="5.680600000">
        <ele>350.000</ele>
      </trkpt>
      <trkpt lat="45.155460000" lon="5.680530000">
        <ele>350.000</ele>
      </trkpt>
      <trkpt lat="45.155430000" lon="5.680470000">
        <ele>351.000</ele>
      </trkpt>
      <trkpt lat="45.155410000" lon="5.680380000">
        <ele>351.000</ele>
      </trkpt>
      <trkpt lat="45.155400000" lon="5.680310000">
        <ele>352.000</ele>
      </trkpt>
      <trkpt lat="45.155400000" lon="5.680230000">
        <ele>352.000</ele>
      </trkpt>
      <trkpt lat="45.155420000" lon="5.680110000">
        <ele>353.000</ele>
      </trkpt>
      <trkpt lat="45.155460000" lon="5.680020000">
        <ele>353.000</ele>
      </trkpt>
      <trkpt lat="45.155500000" lon="5.679930000">
        <ele>354.000</ele>
      </trkpt>
      <trkpt lat="45.155600000" lon="5.679830000">
        <ele>354.000</ele>
      </trkpt>
      <trkpt lat="45.155720000" lon="5.679720000">
        <ele>355.000</ele>
      </trkpt>
      <trkpt lat="45.155770000" lon="5.679670000">
        <ele>356.000</ele>
      </trkpt>
      <trkpt lat="45.155910000" lon="5.679580000">
        <ele>356.000</ele>
      </trkpt>
      <trkpt lat="45.156240000" lon="5.679340000">
        <ele>358.000</ele>
      </trkpt>
      <trkpt lat="45.156290000" lon="5.679290000">
        <ele>359.000</ele>
      </trkpt>
      <trkpt lat="45.156350000" lon="5.679240000">
        <ele>360.000</ele>
      </trkpt>
      <trkpt lat="45.156580000" lon="5.679090000">
        <ele>361.000</ele>
      </trkpt>
      <trkpt lat="45.156840000" lon="5.678860000">
        <ele>362.000</ele>
      </trkpt>
      <trkpt lat="45.156940000" lon="5.678790000">
        <ele>362.000</ele>
      </trkpt>
      <trkpt lat="45.157040000" lon="5.678720000">
        <ele>363.000</ele>
      </trkpt>
      <trkpt lat="45.157110000" lon="5.678660000">
        <ele>364.000</ele>
      </trkpt>
      <trkpt lat="45.157170000" lon="5.678610000">
        <ele>364.000</ele>
      </trkpt>
      <trkpt lat="45.157240000" lon="5.678540000">
        <ele>365.000</ele>
      </trkpt>
      <trkpt lat="45.157330000" lon="5.678480000">
        <ele>365.000</ele>
      </trkpt>
      <trkpt lat="45.157390000" lon="5.678420000">
        <ele>365.000</ele>
      </trkpt>
      <trkpt lat="45.157610000" lon="5.678300000">
        <ele>366.000</ele>
      </trkpt>
      <trkpt lat="45.157750000" lon="5.678230000">
        <ele>366.000</ele>
      </trkpt>
      <trkpt lat="45.157980000" lon="5.678150000">
        <ele>367.000</ele>
      </trkpt>
      <trkpt lat="45.158180000" lon="5.678070000">
        <ele>368.000</ele>
      </trkpt>
      <trkpt lat="45.158400000" lon="5.677950000">
        <ele>369.000</ele>
      </trkpt>
      <trkpt lat="45.158510000" lon="5.677850000">
        <ele>370.000</ele>
      </trkpt>
      <trkpt lat="45.158630000" lon="5.677750000">
        <ele>371.000</ele>
      </trkpt>
      <trkpt lat="45.158770000" lon="5.677590000">
        <ele>372.000</ele>
      </trkpt>
      <trkpt lat="45.158910000" lon="5.677440000">
        <ele>373.000</ele>
      </trkpt>
      <trkpt lat="45.159070000" lon="5.677290000">
        <ele>374.000</ele>
      </trkpt>
      <trkpt lat="45.159190000" lon="5.677180000">
        <ele>375.000</ele>
      </trkpt>
      <trkpt lat="45.159190000" lon="5.677180000">
        <ele>376.000</ele>
      </trkpt>
      <trkpt lat="45.159220000" lon="5.677160000">
        <ele>376.000</ele>
      </trkpt>
      <trkpt lat="45.159390000" lon="5.677030000">
        <ele>377.000</ele>
      </trkpt>
      <trkpt lat="45.159510000" lon="5.676930000">
        <ele>378.000</ele>
      </trkpt>
      <trkpt lat="45.159570000" lon="5.676860000">
        <ele>378.000</ele>
      </trkpt>
      <trkpt lat="45.159610000" lon="5.676800000">
        <ele>379.000</ele>
      </trkpt>
      <trkpt lat="45.159660000" lon="5.676680000">
        <ele>380.000</ele>
      </trkpt>
      <trkpt lat="45.159690000" lon="5.676590000">
        <ele>380.000</ele>
      </trkpt>
      <trkpt lat="45.159710000" lon="5.676490000">
        <ele>381.000</ele>
      </trkpt>
      <trkpt lat="45.159720000" lon="5.676380000">
        <ele>382.000</ele>
      </trkpt>
      <trkpt lat="45.159720000" lon="5.676270000">
        <ele>383.000</ele>
      </trkpt>
      <trkpt lat="45.159720000" lon="5.676190000">
        <ele>383.000</ele>
      </trkpt>
      <trkpt lat="45.159700000" lon="5.676040000">
        <ele>384.000</ele>
      </trkpt>
      <trkpt lat="45.159530000" lon="5.675170000">
        <ele>387.000</ele>
      </trkpt>
      <trkpt lat="45.159470000" lon="5.674990000">
        <ele>389.000</ele>
      </trkpt>
      <trkpt lat="45.159420000" lon="5.674870000">
        <ele>391.000</ele>
      </trkpt>
      <trkpt lat="45.159340000" lon="5.674770000">
        <ele>393.000</ele>
      </trkpt>
      <trkpt lat="45.159250000" lon="5.674700000">
        <ele>394.000</ele>
      </trkpt>
      <trkpt lat="45.159110000" lon="5.674640000">
        <ele>396.000</ele>
      </trkpt>
      <trkpt lat="45.159010000" lon="5.674610000">
        <ele>397.000</ele>
      </trkpt>
      <trkpt lat="45.158860000" lon="5.674560000">
        <ele>398.000</ele>
      </trkpt>
      <trkpt lat="45.158840000" lon="5.674560000">
        <ele>399.000</ele>
      </trkpt>
      <trkpt lat="45.158790000" lon="5.674550000">
        <ele>399.000</ele>
      </trkpt>
      <trkpt lat="45.158700000" lon="5.674530000">
        <ele>400.000</ele>
      </trkpt>
      <trkpt lat="45.158680000" lon="5.674520000">
        <ele>400.000</ele>
      </trkpt>
      <trkpt lat="45.158620000" lon="5.674500000">
        <ele>401.000</ele>
      </trkpt>
      <trkpt lat="45.158250000" lon="5.674410000">
        <ele>402.000</ele>
      </trkpt>
      <trkpt lat="45.157960000" lon="5.674330000">
        <ele>403.000</ele>
      </trkpt>
      <trkpt lat="45.157270000" lon="5.674120000">
        <ele>405.000</ele>
      </trkpt>
      <trkpt lat="45.157210000" lon="5.674110000">
        <ele>407.000</ele>
      </trkpt>
      <trkpt lat="45.157030000" lon="5.674060000">
        <ele>408.000</ele>
      </trkpt>
      <trkpt lat="45.156970000" lon="5.674040000">
        <ele>410.000</ele>
      </trkpt>
      <trkpt lat="45.156820000" lon="5.674010000">
        <ele>411.000</ele>
      </trkpt>
      <trkpt lat="45.156640000" lon="5.674010000">
        <ele>413.000</ele>
      </trkpt>
      <trkpt lat="45.156470000" lon="5.674010000">
        <ele>414.000</ele>
      </trkpt>
      <trkpt lat="45.156390000" lon="5.673980000">
        <ele>416.000</ele>
      </trkpt>
      <trkpt lat="45.156320000" lon="5.673940000">
        <ele>417.000</ele>
      </trkpt>
      <trkpt lat="45.156260000" lon="5.673880000">
        <ele>418.000</ele>
      </trkpt>
      <trkpt lat="45.156200000" lon="5.673800000">
        <ele>419.000</ele>
      </trkpt>
      <trkpt lat="45.156170000" lon="5.673700000">
        <ele>420.000</ele>
      </trkpt>
      <trkpt lat="45.156150000" lon="5.673630000">
        <ele>420.000</ele>
      </trkpt>
      <trkpt lat="45.156140000" lon="5.673510000">
        <ele>421.000</ele>
      </trkpt>
      <trkpt lat="45.156130000" lon="5.673160000">
        <ele>423.000</ele>
      </trkpt>
      <trkpt lat="45.156120000" lon="5.672990000">
        <ele>424.000</ele>
      </trkpt>
      <trkpt lat="45.156110000" lon="5.672860000">
        <ele>425.000</ele>
      </trkpt>
      <trkpt lat="45.156070000" lon="5.672720000">
        <ele>426.000</ele>
      </trkpt>
      <trkpt lat="45.156020000" lon="5.672600000">
        <ele>427.000</ele>
      </trkpt>
      <trkpt lat="45.155970000" lon="5.672530000">
        <ele>428.000</ele>
      </trkpt>
      <trkpt lat="45.155920000" lon="5.672470000">
        <ele>429.000</ele>
      </trkpt>
      <trkpt lat="45.155850000" lon="5.672390000">
        <ele>429.000</ele>
      </trkpt>
      <trkpt lat="45.155780000" lon="5.672340000">
        <ele>430.000</ele>
      </trkpt>
      <trkpt lat="45.155690000" lon="5.672310000">
        <ele>431.000</ele>
      </trkpt>
      <trkpt lat="45.155600000" lon="5.672280000">
        <ele>431.000</ele>
      </trkpt>
      <trkpt lat="45.155510000" lon="5.672270000">
        <ele>432.000</ele>
      </trkpt>
      <trkpt lat="45.155500000" lon="5.672270000">
        <ele>433.000</ele>
      </trkpt>
      <trkpt lat="45.155450000" lon="5.672260000">
        <ele>433.000</ele>
      </trkpt>
      <trkpt lat="45.155380000" lon="5.672220000">
        <ele>434.000</ele>
      </trkpt>
      <trkpt lat="45.155340000" lon="5.672150000">
        <ele>434.000</ele>
      </trkpt>
      <trkpt lat="45.155310000" lon="5.672080000">
        <ele>434.000</ele>
      </trkpt>
      <trkpt lat="45.155290000" lon="5.671980000">
        <ele>435.000</ele>
      </trkpt>
      <trkpt lat="45.155300000" lon="5.671910000">
        <ele>435.000</ele>
      </trkpt>
      <trkpt lat="45.155320000" lon="5.671850000">
        <ele>436.000</ele>
      </trkpt>
      <trkpt lat="45.155360000" lon="5.671760000">
        <ele>436.000</ele>
      </trkpt>
      <trkpt lat="45.155430000" lon="5.671690000">
        <ele>437.000</ele>
      </trkpt>
      <trkpt lat="45.155620000" lon="5.671550000">
        <ele>438.000</ele>
      </trkpt>
      <trkpt lat="45.155690000" lon="5.671500000">
        <ele>438.000</ele>
      </trkpt>
      <trkpt lat="45.156000000" lon="5.671270000">
        <ele>440.000</ele>
      </trkpt>
      <trkpt lat="45.156490000" lon="5.670980000">
        <ele>441.000</ele>
      </trkpt>
      <trkpt lat="45.156770000" lon="5.670810000">
        <ele>443.000</ele>
      </trkpt>
      <trkpt lat="45.156970000" lon="5.670700000">
        <ele>444.000</ele>
      </trkpt>
      <trkpt lat="45.157350000" lon="5.670530000">
        <ele>445.000</ele>
      </trkpt>
      <trkpt lat="45.157460000" lon="5.670490000">
        <ele>446.000</ele>
      </trkpt>
      <trkpt lat="45.157500000" lon="5.670480000">
        <ele>447.000</ele>
      </trkpt>
      <trkpt lat="45.157700000" lon="5.670450000">
        <ele>448.000</ele>
      </trkpt>
      <trkpt lat="45.158110000" lon="5.670390000">
        <ele>449.000</ele>
      </trkpt>
      <trkpt lat="45.158210000" lon="5.670380000">
        <ele>450.000</ele>
      </trkpt>
      <trkpt lat="45.158290000" lon="5.670380000">
        <ele>451.000</ele>
      </trkpt>
      <trkpt lat="45.158390000" lon="5.670410000">
        <ele>452.000</ele>
      </trkpt>
      <trkpt lat="45.158480000" lon="5.670440000">
        <ele>453.000</ele>
      </trkpt>
      <trkpt lat="45.158540000" lon="5.670480000">
        <ele>453.000</ele>
      </trkpt>
      <trkpt lat="45.158730000" lon="5.670600000">
        <ele>454.000</ele>
      </trkpt>
      <trkpt lat="45.158830000" lon="5.670670000">
        <ele>455.000</ele>
      </trkpt>
      <trkpt lat="45.158920000" lon="5.670720000">
        <ele>455.000</ele>
      </trkpt>
      <trkpt lat="45.159110000" lon="5.670850000">
        <ele>456.000</ele>
      </trkpt>
      <trkpt lat="45.159500000" lon="5.671090000">
        <ele>458.000</ele>
      </trkpt>
      <trkpt lat="45.159800000" lon="5.671240000">
        <ele>460.000</ele>
      </trkpt>
      <trkpt lat="45.160060000" lon="5.671330000">
        <ele>462.000</ele>
      </trkpt>
      <trkpt lat="45.160310000" lon="5.671420000">
        <ele>464.000</ele>
      </trkpt>
      <trkpt lat="45.160580000" lon="5.671490000">
        <ele>466.000</ele>
      </trkpt>
      <trkpt lat="45.160840000" lon="5.671560000">
        <ele>468.000</ele>
      </trkpt>
      <trkpt lat="45.161050000" lon="5.671630000">
        <ele>470.000</ele>
      </trkpt>
      <trkpt lat="45.161120000" lon="5.671670000">
        <ele>472.000</ele>
      </trkpt>
      <trkpt lat="45.161160000" lon="5.671690000">
        <ele>473.000</ele>
      </trkpt>
      <trkpt lat="45.161200000" lon="5.671710000">
        <ele>474.000</ele>
      </trkpt>
      <trkpt lat="45.161240000" lon="5.671740000">
        <ele>475.000</ele>
      </trkpt>
      <trkpt lat="45.161280000" lon="5.671780000">
        <ele>476.000</ele>
      </trkpt>
      <trkpt lat="45.161320000" lon="5.671820000">
        <ele>476.000</ele>
      </trkpt>
      <trkpt lat="45.161360000" lon="5.671870000">
        <ele>477.000</ele>
      </trkpt>
      <trkpt lat="45.161410000" lon="5.671930000">
        <ele>477.000</ele>
      </trkpt>
      <trkpt lat="45.161460000" lon="5.672000000">
        <ele>477.000</ele>
      </trkpt>
      <trkpt lat="45.161520000" lon="5.672090000">
        <ele>478.000</ele>
      </trkpt>
      <trkpt lat="45.161560000" lon="5.672190000">
        <ele>478.000</ele>
      </trkpt>
      <trkpt lat="45.161590000" lon="5.672280000">
        <ele>479.000</ele>
      </trkpt>
      <trkpt lat="45.161610000" lon="5.672360000">
        <ele>479.000</ele>
      </trkpt>
      <trkpt lat="45.161630000" lon="5.672480000">
        <ele>480.000</ele>
      </trkpt>
      <trkpt lat="45.161630000" lon="5.672610000">
        <ele>480.000</ele>
      </trkpt>
      <trkpt lat="45.161620000" lon="5.672730000">
        <ele>481.000</ele>
      </trkpt>
      <trkpt lat="45.161590000" lon="5.672870000">
        <ele>482.000</ele>
      </trkpt>
      <trkpt lat="45.161580000" lon="5.672950000">
        <ele>482.000</ele>
      </trkpt>
      <trkpt lat="45.161550000" lon="5.673030000">
        <ele>483.000</ele>
      </trkpt>
      <trkpt lat="45.161500000" lon="5.673230000">
        <ele>483.000</ele>
      </trkpt>
      <trkpt lat="45.161500000" lon="5.673320000">
        <ele>484.000</ele>
      </trkpt>
      <trkpt lat="45.161510000" lon="5.673370000">
        <ele>484.000</ele>
      </trkpt>
      <trkpt lat="45.161530000" lon="5.673440000">
        <ele>485.000</ele>
      </trkpt>
      <trkpt lat="45.161550000" lon="5.673470000">
        <ele>485.000</ele>
      </trkpt>
      <trkpt lat="45.161560000" lon="5.673480000">
        <ele>485.000</ele>
      </trkpt>
      <trkpt lat="45.161630000" lon="5.673550000">
        <ele>486.000</ele>
      </trkpt>
      <trkpt lat="45.161780000" lon="5.673620000">
        <ele>486.000</ele>
      </trkpt>
      <trkpt lat="45.161870000" lon="5.673650000">
        <ele>487.000</ele>
      </trkpt>
      <trkpt lat="45.161960000" lon="5.673680000">
        <ele>487.000</ele>
      </trkpt>
      <trkpt lat="45.162040000" lon="5.673700000">
        <ele>488.000</ele>
      </trkpt>
      <trkpt lat="45.162120000" lon="5.673700000">
        <ele>489.000</ele>
      </trkpt>
      <trkpt lat="45.162210000" lon="5.673690000">
        <ele>489.000</ele>
      </trkpt>
      <trkpt lat="45.162270000" lon="5.673670000">
        <ele>490.000</ele>
      </trkpt>
      <trkpt lat="45.162370000" lon="5.673630000">
        <ele>491.000</ele>
      </trkpt>
      <trkpt lat="45.162470000" lon="5.673570000">
        <ele>492.000</ele>
      </trkpt>
      <trkpt lat="45.162690000" lon="5.673470000">
        <ele>493.000</ele>
      </trkpt>
      <trkpt lat="45.162830000" lon="5.673370000">
        <ele>494.000</ele>
      </trkpt>
      <trkpt lat="45.162870000" lon="5.673330000">
        <ele>495.000</ele>
      </trkpt>
      <trkpt lat="45.162910000" lon="5.673290000">
        <ele>496.000</ele>
      </trkpt>
      <trkpt lat="45.162960000" lon="5.673240000">
        <ele>497.000</ele>
      </trkpt>
      <trkpt lat="45.163010000" lon="5.673170000">
        <ele>498.000</ele>
      </trkpt>
      <trkpt lat="45.163040000" lon="5.673110000">
        <ele>498.000</ele>
      </trkpt>
      <trkpt lat="45.163070000" lon="5.673050000">
        <ele>499.000</ele>
      </trkpt>
      <trkpt lat="45.163100000" lon="5.672980000">
        <ele>499.000</ele>
      </trkpt>
      <trkpt lat="45.163120000" lon="5.672910000">
        <ele>500.000</ele>
      </trkpt>
      <trkpt lat="45.163140000" lon="5.672860000">
        <ele>500.000</ele>
      </trkpt>
      <trkpt lat="45.163150000" lon="5.672800000">
        <ele>501.000</ele>
      </trkpt>
      <trkpt lat="45.163160000" lon="5.672690000">
        <ele>501.000</ele>
      </trkpt>
      <trkpt lat="45.163190000" lon="5.672530000">
        <ele>502.000</ele>
      </trkpt>
      <trkpt lat="45.163200000" lon="5.672390000">
        <ele>503.000</ele>
      </trkpt>
      <trkpt lat="45.163230000" lon="5.672080000">
        <ele>504.000</ele>
      </trkpt>
      <trkpt lat="45.163240000" lon="5.672000000">
        <ele>505.000</ele>
      </trkpt>
      <trkpt lat="45.163260000" lon="5.671880000">
        <ele>505.000</ele>
      </trkpt>
      <trkpt lat="45.163270000" lon="5.671850000">
        <ele>506.000</ele>
      </trkpt>
      <trkpt lat="45.163290000" lon="5.671770000">
        <ele>506.000</ele>
      </trkpt>
      <trkpt lat="45.163330000" lon="5.671690000">
        <ele>506.000</ele>
      </trkpt>
      <trkpt lat="45.163370000" lon="5.671610000">
        <ele>506.000</ele>
      </trkpt>
      <trkpt lat="45.163430000" lon="5.671550000">
        <ele>506.000</ele>
      </trkpt>
      <trkpt lat="45.163450000" lon="5.671540000">
        <ele>506.000</ele>
      </trkpt>
      <trkpt lat="45.163490000" lon="5.671520000">
        <ele>506.000</ele>
      </trkpt>
      <trkpt lat="45.163540000" lon="5.671500000">
        <ele>506.000</ele>
      </trkpt>
      <trkpt lat="45.163600000" lon="5.671490000">
        <ele>506.000</ele>
      </trkpt>
      <trkpt lat="45.163700000" lon="5.671510000">
        <ele>506.000</ele>
      </trkpt>
      <trkpt lat="45.163780000" lon="5.671550000">
        <ele>505.000</ele>
      </trkpt>
      <trkpt lat="45.163810000" lon="5.671570000">
        <ele>505.000</ele>
      </trkpt>
      <trkpt lat="45.163830000" lon="5.671590000">
        <ele>505.000</ele>
      </trkpt>
      <trkpt lat="45.163880000" lon="5.671640000">
        <ele>505.000</ele>
      </trkpt>
      <trkpt lat="45.163860000" lon="5.671680000">
        <ele>505.000</ele>
      </trkpt>
      <trkpt lat="45.163850000" lon="5.671740000">
        <ele>505.000</ele>
      </trkpt>
      <trkpt lat="45.163850000" lon="5.671800000">
        <ele>505.000</ele>
      </trkpt>
      <trkpt lat="45.163870000" lon="5.671870000">
        <ele>505.000</ele>
      </trkpt>
      <trkpt lat="45.163890000" lon="5.671920000">
        <ele>505.000</ele>
      </trkpt>
      <trkpt lat="45.163920000" lon="5.671960000">
        <ele>505.000</ele>
      </trkpt>
      <trkpt lat="45.163950000" lon="5.672000000">
        <ele>505.000</ele>
      </trkpt>
      <trkpt lat="45.163990000" lon="5.672040000">
        <ele>505.000</ele>
      </trkpt>
      <trkpt lat="45.164040000" lon="5.672070000">
        <ele>504.000</ele>
      </trkpt>
      <trkpt lat="45.164080000" lon="5.672090000">
        <ele>504.000</ele>
      </trkpt>
      <trkpt lat="45.164200000" lon="5.672140000">
        <ele>504.000</ele>
      </trkpt>
      <trkpt lat="45.164390000" lon="5.672160000">
        <ele>504.000</ele>
      </trkpt>
      <trkpt lat="45.164550000" lon="5.672160000">
        <ele>504.000</ele>
      </trkpt>
      <trkpt lat="45.164710000" lon="5.672140000">
        <ele>504.000</ele>
      </trkpt>
      <trkpt lat="45.164890000" lon="5.672090000">
        <ele>503.000</ele>
      </trkpt>
      <trkpt lat="45.165090000" lon="5.672020000">
        <ele>503.000</ele>
      </trkpt>
      <trkpt lat="45.165300000" lon="5.671850000">
        <ele>502.000</ele>
      </trkpt>
      <trkpt lat="45.165510000" lon="5.671600000">
        <ele>502.000</ele>
      </trkpt>
      <trkpt lat="45.165660000" lon="5.671360000">
        <ele>501.000</ele>
      </trkpt>
      <trkpt lat="45.165770000" lon="5.671120000">
        <ele>501.000</ele>
      </trkpt>
      <trkpt lat="45.165840000" lon="5.670970000">
        <ele>500.000</ele>
      </trkpt>
      <trkpt lat="45.165900000" lon="5.670860000">
        <ele>500.000</ele>
      </trkpt>
      <trkpt lat="45.165980000" lon="5.670770000">
        <ele>499.000</ele>
      </trkpt>
      <trkpt lat="45.166080000" lon="5.670700000">
        <ele>499.000</ele>
      </trkpt>
      <trkpt lat="45.166210000" lon="5.670650000">
        <ele>498.000</ele>
      </trkpt>
      <trkpt lat="45.166490000" lon="5.670610000">
        <ele>496.000</ele>
      </trkpt>
      <trkpt lat="45.166690000" lon="5.670630000">
        <ele>494.000</ele>
      </trkpt>
      <trkpt lat="45.166760000" lon="5.670670000">
        <ele>492.000</ele>
      </trkpt>
      <trkpt lat="45.166840000" lon="5.670760000">
        <ele>491.000</ele>
      </trkpt>
      <trkpt lat="45.166950000" lon="5.670880000">
        <ele>489.000</ele>
      </trkpt>
      <trkpt lat="45.167060000" lon="5.670980000">
        <ele>488.000</ele>
      </trkpt>
      <trkpt lat="45.167170000" lon="5.671030000">
        <ele>486.000</ele>
      </trkpt>
      <trkpt lat="45.167330000" lon="5.671080000">
        <ele>485.000</ele>
      </trkpt>
      <trkpt lat="45.167520000" lon="5.671090000">
        <ele>483.000</ele>
      </trkpt>
      <trkpt lat="45.167690000" lon="5.671080000">
        <ele>481.000</ele>
      </trkpt>
      <trkpt lat="45.167690000" lon="5.671080000">
        <ele>480.000</ele>
      </trkpt>
      <trkpt lat="45.167800000" lon="5.671080000">
        <ele>479.000</ele>
      </trkpt>
      <trkpt lat="45.168030000" lon="5.671080000">
        <ele>478.000</ele>
      </trkpt>
      <trkpt lat="45.168180000" lon="5.671100000">
        <ele>477.000</ele>
      </trkpt>
      <trkpt lat="45.168410000" lon="5.671150000">
        <ele>476.000</ele>
      </trkpt>
      <trkpt lat="45.168740000" lon="5.671280000">
        <ele>475.000</ele>
      </trkpt>
      <trkpt lat="45.169060000" lon="5.671430000">
        <ele>473.000</ele>
      </trkpt>
      <trkpt lat="45.169280000" lon="5.671590000">
        <ele>472.000</ele>
      </trkpt>
      <trkpt lat="45.169470000" lon="5.671760000">
        <ele>471.000</ele>
      </trkpt>
      <trkpt lat="45.169610000" lon="5.671890000">
        <ele>470.000</ele>
      </trkpt>
      <trkpt lat="45.169720000" lon="5.672050000">
        <ele>468.000</ele>
      </trkpt>
      <trkpt lat="45.169810000" lon="5.672200000">
        <ele>467.000</ele>
      </trkpt>
      <trkpt lat="45.169840000" lon="5.672250000">
        <ele>466.000</ele>
      </trkpt>
      <trkpt lat="45.169880000" lon="5.672310000">
        <ele>465.000</ele>
      </trkpt>
      <trkpt lat="45.169990000" lon="5.672480000">
        <ele>464.000</ele>
      </trkpt>
      <trkpt lat="45.170090000" lon="5.672580000">
        <ele>463.000</ele>
      </trkpt>
      <trkpt lat="45.170200000" lon="5.672700000">
        <ele>461.000</ele>
      </trkpt>
      <trkpt lat="45.170310000" lon="5.672780000">
        <ele>460.000</ele>
      </trkpt>
      <trkpt lat="45.170360000" lon="5.672800000">
        <ele>459.000</ele>
      </trkpt>
      <trkpt lat="45.170900000" lon="5.673160000">
        <ele>457.000</ele>
      </trkpt>
      <trkpt lat="45.171020000" lon="5.673230000">
        <ele>455.000</ele>
      </trkpt>
      <trkpt lat="45.171050000" lon="5.673250000">
        <ele>453.000</ele>
      </trkpt>
      <trkpt lat="45.171120000" lon="5.673290000">
        <ele>453.000</ele>
      </trkpt>
      <trkpt lat="45.171630000" lon="5.673630000">
        <ele>454.000</ele>
      </trkpt>
      <trkpt lat="45.171770000" lon="5.673720000">
        <ele>454.000</ele>
      </trkpt>
      <trkpt lat="45.171820000" lon="5.673760000">
        <ele>455.000</ele>
      </trkpt>
      <trkpt lat="45.171940000" lon="5.673870000">
        <ele>456.000</ele>
      </trkpt>
      <trkpt lat="45.171990000" lon="5.673930000">
        <ele>457.000</ele>
      </trkpt>
      <trkpt lat="45.172050000" lon="5.674000000">
        <ele>457.000</ele>
      </trkpt>
      <trkpt lat="45.172150000" lon="5.674160000">
        <ele>458.000</ele>
      </trkpt>
      <trkpt lat="45.172420000" lon="5.674770000">
        <ele>460.000</ele>
      </trkpt>
      <trkpt lat="45.172540000" lon="5.675020000">
        <ele>460.000</ele>
      </trkpt>
      <trkpt lat="45.172680000" lon="5.675250000">
        <ele>460.000</ele>
      </trkpt>
      <trkpt lat="45.172840000" lon="5.675450000">
        <ele>458.000</ele>
      </trkpt>
      <trkpt lat="45.173720000" lon="5.676500000">
        <ele>453.000</ele>
      </trkpt>
      <trkpt lat="45.174220000" lon="5.677070000">
        <ele>447.000</ele>
      </trkpt>
      <trkpt lat="45.174610000" lon="5.677510000">
        <ele>441.000</ele>
      </trkpt>
      <trkpt lat="45.174740000" lon="5.677640000">
        <ele>437.000</ele>
      </trkpt>
      <trkpt lat="45.174850000" lon="5.677740000">
        <ele>433.000</ele>
      </trkpt>
      <trkpt lat="45.174970000" lon="5.677830000">
        <ele>430.000</ele>
      </trkpt>
      <trkpt lat="45.175090000" lon="5.677910000">
        <ele>428.000</ele>
      </trkpt>
      <trkpt lat="45.175290000" lon="5.678020000">
        <ele>426.000</ele>
      </trkpt>
      <trkpt lat="45.175390000" lon="5.678070000">
        <ele>424.000</ele>
      </trkpt>
      <trkpt lat="45.175470000" lon="5.678100000">
        <ele>423.000</ele>
      </trkpt>
      <trkpt lat="45.175510000" lon="5.678120000">
        <ele>421.000</ele>
      </trkpt>
      <trkpt lat="45.175560000" lon="5.678130000">
        <ele>421.000</ele>
      </trkpt>
      <trkpt lat="45.175650000" lon="5.678130000">
        <ele>420.000</ele>
      </trkpt>
      <trkpt lat="45.175710000" lon="5.678120000">
        <ele>419.000</ele>
      </trkpt>
      <trkpt lat="45.175870000" lon="5.678090000">
        <ele>418.000</ele>
      </trkpt>
      <trkpt lat="45.175940000" lon="5.678080000">
        <ele>417.000</ele>
      </trkpt>
      <trkpt lat="45.176040000" lon="5.678110000">
        <ele>416.000</ele>
      </trkpt>
      <trkpt lat="45.176090000" lon="5.678170000">
        <ele>415.000</ele>
      </trkpt>
      <trkpt lat="45.176110000" lon="5.678280000">
        <ele>414.000</ele>
      </trkpt>
      <trkpt lat="45.176090000" lon="5.678400000">
        <ele>414.000</ele>
      </trkpt>
      <trkpt lat="45.176070000" lon="5.678500000">
        <ele>413.000</ele>
      </trkpt>
      <trkpt lat="45.176040000" lon="5.678600000">
        <ele>412.000</ele>
      </trkpt>
      <trkpt lat="45.175850000" lon="5.678950000">
        <ele>411.000</ele>
      </trkpt>
      <trkpt lat="45.175790000" lon="5.679090000">
        <ele>410.000</ele>
      </trkpt>
      <trkpt lat="45.175770000" lon="5.679200000">
        <ele>409.000</ele>
      </trkpt>
      <trkpt lat="45.175770000" lon="5.679300000">
        <ele>408.000</ele>
      </trkpt>
      <trkpt lat="45.175770000" lon="5.679360000">
        <ele>408.000</ele>
      </trkpt>
      <trkpt lat="45.175790000" lon="5.679410000">
        <ele>407.000</ele>
      </trkpt>
      <trkpt lat="45.175830000" lon="5.679510000">
        <ele>406.000</ele>
      </trkpt>
      <trkpt lat="45.175890000" lon="5.679600000">
        <ele>406.000</ele>
      </trkpt>
      <trkpt lat="45.176070000" lon="5.679840000">
        <ele>405.000</ele>
      </trkpt>
      <trkpt lat="45.176380000" lon="5.680200000">
        <ele>403.000</ele>
      </trkpt>
      <trkpt lat="45.176590000" lon="5.680420000">
        <ele>401.000</ele>
      </trkpt>
      <trkpt lat="45.176740000" lon="5.680560000">
        <ele>400.000</ele>
      </trkpt>
      <trkpt lat="45.176850000" lon="5.680640000">
        <ele>399.000</ele>
      </trkpt>
      <trkpt lat="45.176950000" lon="5.680710000">
        <ele>398.000</ele>
      </trkpt>
      <trkpt lat="45.177170000" lon="5.680820000">
        <ele>396.000</ele>
      </trkpt>
      <trkpt lat="45.177410000" lon="5.680950000">
        <ele>395.000</ele>
      </trkpt>
      <trkpt lat="45.177500000" lon="5.680980000">
        <ele>394.000</ele>
      </trkpt>
      <trkpt lat="45.177590000" lon="5.681000000">
        <ele>393.000</ele>
      </trkpt>
      <trkpt lat="45.177750000" lon="5.681010000">
        <ele>392.000</ele>
      </trkpt>
      <trkpt lat="45.177810000" lon="5.681020000">
        <ele>391.000</ele>
      </trkpt>
      <trkpt lat="45.177850000" lon="5.681030000">
        <ele>391.000</ele>
      </trkpt>
      <trkpt lat="45.177920000" lon="5.681070000">
        <ele>390.000</ele>
      </trkpt>
      <trkpt lat="45.177980000" lon="5.681140000">
        <ele>390.000</ele>
      </trkpt>
      <trkpt lat="45.178000000" lon="5.681210000">
        <ele>389.000</ele>
      </trkpt>
      <trkpt lat="45.178010000" lon="5.681300000">
        <ele>389.000</ele>
      </trkpt>
      <trkpt lat="45.178000000" lon="5.681360000">
        <ele>388.000</ele>
      </trkpt>
      <trkpt lat="45.177980000" lon="5.681400000">
        <ele>388.000</ele>
      </trkpt>
      <trkpt lat="45.177920000" lon="5.681450000">
        <ele>387.000</ele>
      </trkpt>
      <trkpt lat="45.177870000" lon="5.681470000">
        <ele>387.000</ele>
      </trkpt>
      <trkpt lat="45.177810000" lon="5.681470000">
        <ele>386.000</ele>
      </trkpt>
      <trkpt lat="45.177780000" lon="5.681470000">
        <ele>386.000</ele>
      </trkpt>
      <trkpt lat="45.177740000" lon="5.681460000">
        <ele>385.000</ele>
      </trkpt>
      <trkpt lat="45.177660000" lon="5.681440000">
        <ele>385.000</ele>
      </trkpt>
      <trkpt lat="45.177530000" lon="5.681400000">
        <ele>384.000</ele>
      </trkpt>
      <trkpt lat="45.177470000" lon="5.681380000">
        <ele>383.000</ele>
      </trkpt>
      <trkpt lat="45.177420000" lon="5.681380000">
        <ele>382.000</ele>
      </trkpt>
      <trkpt lat="45.177360000" lon="5.681370000">
        <ele>382.000</ele>
      </trkpt>
      <trkpt lat="45.177290000" lon="5.681360000">
        <ele>381.000</ele>
      </trkpt>
      <trkpt lat="45.177130000" lon="5.681360000">
        <ele>380.000</ele>
      </trkpt>
      <trkpt lat="45.176830000" lon="5.681390000">
        <ele>378.000</ele>
      </trkpt>
      <trkpt lat="45.176570000" lon="5.681430000">
        <ele>376.000</ele>
      </trkpt>
      <trkpt lat="45.176530000" lon="5.681440000">
        <ele>374.000</ele>
      </trkpt>
      <trkpt lat="45.176260000" lon="5.681480000">
        <ele>372.000</ele>
      </trkpt>
      <trkpt lat="45.176090000" lon="5.681510000">
        <ele>371.000</ele>
      </trkpt>
      <trkpt lat="45.175900000" lon="5.681530000">
        <ele>369.000</ele>
      </trkpt>
      <trkpt lat="45.175720000" lon="5.681520000">
        <ele>368.000</ele>
      </trkpt>
      <trkpt lat="45.175640000" lon="5.681510000">
        <ele>367.000</ele>
      </trkpt>
      <trkpt lat="45.175560000" lon="5.681480000">
        <ele>366.000</ele>
      </trkpt>
      <trkpt lat="45.175470000" lon="5.681450000">
        <ele>365.000</ele>
      </trkpt>
      <trkpt lat="45.175380000" lon="5.681400000">
        <ele>365.000</ele>
      </trkpt>
      <trkpt lat="45.175280000" lon="5.681330000">
        <ele>364.000</ele>
      </trkpt>
      <trkpt lat="45.175160000" lon="5.681230000">
        <ele>363.000</ele>
      </trkpt>
      <trkpt lat="45.175080000" lon="5.681140000">
        <ele>362.000</ele>
      </trkpt>
      <trkpt lat="45.175000000" lon="5.681030000">
        <ele>362.000</ele>
      </trkpt>
      <trkpt lat="45.174940000" lon="5.680920000">
        <ele>361.000</ele>
      </trkpt>
      <trkpt lat="45.174890000" lon="5.680820000">
        <ele>360.000</ele>
      </trkpt>
      <trkpt lat="45.174850000" lon="5.680760000">
        <ele>360.000</ele>
      </trkpt>
      <trkpt lat="45.174740000" lon="5.680470000">
        <ele>359.000</ele>
      </trkpt>
      <trkpt lat="45.174710000" lon="5.680370000">
        <ele>358.000</ele>
      </trkpt>
      <trkpt lat="45.174620000" lon="5.680130000">
        <ele>358.000</ele>
      </trkpt>
      <trkpt lat="45.174570000" lon="5.680040000">
        <ele>357.000</ele>
      </trkpt>
      <trkpt lat="45.174510000" lon="5.679920000">
        <ele>357.000</ele>
      </trkpt>
      <trkpt lat="45.174450000" lon="5.679820000">
        <ele>356.000</ele>
      </trkpt>
      <trkpt lat="45.174380000" lon="5.679750000">
        <ele>356.000</ele>
      </trkpt>
      <trkpt lat="45.174310000" lon="5.679680000">
        <ele>355.000</ele>
      </trkpt>
      <trkpt lat="45.174220000" lon="5.679600000">
        <ele>355.000</ele>
      </trkpt>
      <trkpt lat="45.173900000" lon="5.679410000">
        <ele>354.000</ele>
      </trkpt>
      <trkpt lat="45.173880000" lon="5.679400000">
        <ele>354.000</ele>
      </trkpt>
      <trkpt lat="45.173880000" lon="5.679400000">
        <ele>353.000</ele>
      </trkpt>
      <trkpt lat="45.173880000" lon="5.679400000">
        <ele>353.000</ele>
      </trkpt>
      <trkpt lat="45.173770000" lon="5.679330000">
        <ele>353.000</ele>
      </trkpt>
      <trkpt lat="45.173630000" lon="5.679240000">
        <ele>352.000</ele>
      </trkpt>
      <trkpt lat="45.173490000" lon="5.679140000">
        <ele>352.000</ele>
      </trkpt>
      <trkpt lat="45.173350000" lon="5.679050000">
        <ele>351.000</ele>
      </trkpt>
      <trkpt lat="45.173140000" lon="5.678940000">
        <ele>351.000</ele>
      </trkpt>
      <trkpt lat="45.172910000" lon="5.678830000">
        <ele>350.000</ele>
      </trkpt>
      <trkpt lat="45.172710000" lon="5.678750000">
        <ele>348.000</ele>
      </trkpt>
      <trkpt lat="45.172540000" lon="5.678670000">
        <ele>347.000</ele>
      </trkpt>
      <trkpt lat="45.172370000" lon="5.678610000">
        <ele>345.000</ele>
      </trkpt>
      <trkpt lat="45.172140000" lon="5.678540000">
        <ele>343.000</ele>
      </trkpt>
      <trkpt lat="45.171920000" lon="5.678500000">
        <ele>342.000</ele>
      </trkpt>
      <trkpt lat="45.171770000" lon="5.678470000">
        <ele>340.000</ele>
      </trkpt>
      <trkpt lat="45.171620000" lon="5.678420000">
        <ele>338.000</ele>
      </trkpt>
      <trkpt lat="45.171500000" lon="5.678370000">
        <ele>337.000</ele>
      </trkpt>
      <trkpt lat="45.171340000" lon="5.678290000">
        <ele>335.000</ele>
      </trkpt>
      <trkpt lat="45.170990000" lon="5.678110000">
        <ele>334.000</ele>
      </trkpt>
      <trkpt lat="45.170840000" lon="5.678040000">
        <ele>332.000</ele>
      </trkpt>
      <trkpt lat="45.170770000" lon="5.678010000">
        <ele>331.000</ele>
      </trkpt>
      <trkpt lat="45.170700000" lon="5.677990000">
        <ele>330.000</ele>
      </trkpt>
      <trkpt lat="45.170540000" lon="5.677970000">
        <ele>329.000</ele>
      </trkpt>
      <trkpt lat="45.170320000" lon="5.677940000">
        <ele>327.000</ele>
      </trkpt>
      <trkpt lat="45.170140000" lon="5.677930000">
        <ele>326.000</ele>
      </trkpt>
      <trkpt lat="45.170120000" lon="5.677920000">
        <ele>325.000</ele>
      </trkpt>
      <trkpt lat="45.170050000" lon="5.677910000">
        <ele>324.000</ele>
      </trkpt>
      <trkpt lat="45.169710000" lon="5.677860000">
        <ele>323.000</ele>
      </trkpt>
      <trkpt lat="45.169480000" lon="5.677820000">
        <ele>321.000</ele>
      </trkpt>
      <trkpt lat="45.169140000" lon="5.677730000">
        <ele>320.000</ele>
      </trkpt>
      <trkpt lat="45.168980000" lon="5.677720000">
        <ele>319.000</ele>
      </trkpt>
      <trkpt lat="45.168860000" lon="5.677750000">
        <ele>318.000</ele>
      </trkpt>
      <trkpt lat="45.168760000" lon="5.677820000">
        <ele>317.000</ele>
      </trkpt>
      <trkpt lat="45.168650000" lon="5.677900000">
        <ele>316.000</ele>
      </trkpt>
      <trkpt lat="45.168600000" lon="5.677940000">
        <ele>316.000</ele>
      </trkpt>
      <trkpt lat="45.168550000" lon="5.677970000">
        <ele>315.000</ele>
      </trkpt>
      <trkpt lat="45.168510000" lon="5.677980000">
        <ele>315.000</ele>
      </trkpt>
      <trkpt lat="45.168460000" lon="5.677990000">
        <ele>315.000</ele>
      </trkpt>
      <trkpt lat="45.168390000" lon="5.677990000">
        <ele>314.000</ele>
      </trkpt>
      <trkpt lat="45.168330000" lon="5.677980000">
        <ele>314.000</ele>
      </trkpt>
      <trkpt lat="45.168230000" lon="5.677940000">
        <ele>314.000</ele>
      </trkpt>
      <trkpt lat="45.168150000" lon="5.677890000">
        <ele>314.000</ele>
      </trkpt>
      <trkpt lat="45.167810000" lon="5.677650000">
        <ele>313.000</ele>
      </trkpt>
      <trkpt lat="45.167620000" lon="5.677510000">
        <ele>312.000</ele>
      </trkpt>
      <trkpt lat="45.167500000" lon="5.677440000">
        <ele>311.000</ele>
      </trkpt>
      <trkpt lat="45.167400000" lon="5.677400000">
        <ele>310.000</ele>
      </trkpt>
      <trkpt lat="45.167330000" lon="5.677380000">
        <ele>310.000</ele>
      </trkpt>
      <trkpt lat="45.167250000" lon="5.677390000">
        <ele>309.000</ele>
      </trkpt>
      <trkpt lat="45.167190000" lon="5.677410000">
        <ele>308.000</ele>
      </trkpt>
      <trkpt lat="45.167120000" lon="5.677470000">
        <ele>308.000</ele>
      </trkpt>
      <trkpt lat="45.167070000" lon="5.677550000">
        <ele>307.000</ele>
      </trkpt>
      <trkpt lat="45.167040000" lon="5.677640000">
        <ele>306.000</ele>
      </trkpt>
      <trkpt lat="45.167030000" lon="5.677760000">
        <ele>306.000</ele>
      </trkpt>
      <trkpt lat="45.167050000" lon="5.677850000">
        <ele>305.000</ele>
      </trkpt>
      <trkpt lat="45.167100000" lon="5.677930000">
        <ele>305.000</ele>
      </trkpt>
      <trkpt lat="45.167170000" lon="5.677990000">
        <ele>304.000</ele>
      </trkpt>
      <trkpt lat="45.167230000" lon="5.678010000">
        <ele>304.000</ele>
      </trkpt>
      <trkpt lat="45.167300000" lon="5.678020000">
        <ele>303.000</ele>
      </trkpt>
      <trkpt lat="45.167570000" lon="5.678020000">
        <ele>302.000</ele>
      </trkpt>
      <trkpt lat="45.167680000" lon="5.678040000">
        <ele>301.000</ele>
      </trkpt>
      <trkpt lat="45.167770000" lon="5.678090000">
        <ele>300.000</ele>
      </trkpt>
      <trkpt lat="45.167870000" lon="5.678170000">
        <ele>299.000</ele>
      </trkpt>
      <trkpt lat="45.167950000" lon="5.678250000">
        <ele>298.000</ele>
      </trkpt>
      <trkpt lat="45.168030000" lon="5.678350000">
        <ele>297.000</ele>
      </trkpt>
      <trkpt lat="45.168220000" lon="5.678640000">
        <ele>296.000</ele>
      </trkpt>
      <trkpt lat="45.168370000" lon="5.678870000">
        <ele>294.000</ele>
      </trkpt>
      <trkpt lat="45.168470000" lon="5.678940000">
        <ele>293.000</ele>
      </trkpt>
      <trkpt lat="45.168570000" lon="5.679070000">
        <ele>291.000</ele>
      </trkpt>
      <trkpt lat="45.168640000" lon="5.679160000">
        <ele>290.000</ele>
      </trkpt>
      <trkpt lat="45.168700000" lon="5.679270000">
        <ele>289.000</ele>
      </trkpt>
      <trkpt lat="45.168790000" lon="5.679460000">
        <ele>288.000</ele>
      </trkpt>
      <trkpt lat="45.168840000" lon="5.679600000">
        <ele>286.000</ele>
      </trkpt>
      <trkpt lat="45.168890000" lon="5.679720000">
        <ele>285.000</ele>
      </trkpt>
      <trkpt lat="45.168910000" lon="5.679790000">
        <ele>284.000</ele>
      </trkpt>
      <trkpt lat="45.168950000" lon="5.679950000">
        <ele>283.000</ele>
      </trkpt>
      <trkpt lat="45.168970000" lon="5.680050000">
        <ele>283.000</ele>
      </trkpt>
      <trkpt lat="45.169010000" lon="5.680240000">
        <ele>282.000</ele>
      </trkpt>
      <trkpt lat="45.169030000" lon="5.680320000">
        <ele>281.000</ele>
      </trkpt>
      <trkpt lat="45.169060000" lon="5.680400000">
        <ele>280.000</ele>
      </trkpt>
      <trkpt lat="45.169090000" lon="5.680430000">
        <ele>280.000</ele>
      </trkpt>
      <trkpt lat="45.169160000" lon="5.680480000">
        <ele>279.000</ele>
      </trkpt>
      <trkpt lat="45.169190000" lon="5.680490000">
        <ele>279.000</ele>
      </trkpt>
      <trkpt lat="45.169230000" lon="5.680500000">
        <ele>278.000</ele>
      </trkpt>
      <trkpt lat="45.169270000" lon="5.680500000">
        <ele>278.000</ele>
      </trkpt>
      <trkpt lat="45.169310000" lon="5.680480000">
        <ele>278.000</ele>
      </trkpt>
      <trkpt lat="45.169460000" lon="5.680430000">
        <ele>277.000</ele>
      </trkpt>
      <trkpt lat="45.169500000" lon="5.680420000">
        <ele>277.000</ele>
      </trkpt>
      <trkpt lat="45.169530000" lon="5.680420000">
        <ele>277.000</ele>
      </trkpt>
      <trkpt lat="45.169600000" lon="5.680430000">
        <ele>276.000</ele>
      </trkpt>
      <trkpt lat="45.169810000" lon="5.680460000">
        <ele>276.000</ele>
      </trkpt>
      <trkpt lat="45.169810000" lon="5.680460000">
        <ele>275.000</ele>
      </trkpt>
      <trkpt lat="45.169810000" lon="5.680460000">
        <ele>275.000</ele>
      </trkpt>
      <trkpt lat="45.169930000" lon="5.680470000">
        <ele>274.000</ele>
      </trkpt>
      <trkpt lat="45.170020000" lon="5.680490000">
        <ele>274.000</ele>
      </trkpt>
      <trkpt lat="45.170080000" lon="5.680510000">
        <ele>274.000</ele>
      </trkpt>
      <trkpt lat="45.170230000" lon="5.680600000">
        <ele>273.000</ele>
      </trkpt>
      <trkpt lat="45.170360000" lon="5.680660000">
        <ele>272.000</ele>
      </trkpt>
      <trkpt lat="45.170440000" lon="5.680700000">
        <ele>272.000</ele>
      </trkpt>
      <trkpt lat="45.170530000" lon="5.680730000">
        <ele>271.000</ele>
      </trkpt>
      <trkpt lat="45.170570000" lon="5.680740000">
        <ele>271.000</ele>
      </trkpt>
      <trkpt lat="45.170610000" lon="5.680760000">
        <ele>270.000</ele>
      </trkpt>
      <trkpt lat="45.170790000" lon="5.680810000">
        <ele>270.000</ele>
      </trkpt>
      <trkpt lat="45.171040000" lon="5.680880000">
        <ele>269.000</ele>
      </trkpt>
      <trkpt lat="45.171230000" lon="5.680920000">
        <ele>268.000</ele>
      </trkpt>
      <trkpt lat="45.171290000" lon="5.680950000">
        <ele>267.000</ele>
      </trkpt>
      <trkpt lat="45.171340000" lon="5.680990000">
        <ele>267.000</ele>
      </trkpt>
      <trkpt lat="45.171390000" lon="5.681080000">
        <ele>266.000</ele>
      </trkpt>
      <trkpt lat="45.171410000" lon="5.681120000">
        <ele>266.000</ele>
      </trkpt>
      <trkpt lat="45.171420000" lon="5.681200000">
        <ele>265.000</ele>
      </trkpt>
      <trkpt lat="45.171420000" lon="5.681280000">
        <ele>265.000</ele>
      </trkpt>
      <trkpt lat="45.171400000" lon="5.681340000">
        <ele>265.000</ele>
      </trkpt>
      <trkpt lat="45.171350000" lon="5.681510000">
        <ele>264.000</ele>
      </trkpt>
      <trkpt lat="45.171310000" lon="5.681610000">
        <ele>264.000</ele>
      </trkpt>
      <trkpt lat="45.171290000" lon="5.681700000">
        <ele>264.000</ele>
      </trkpt>
      <trkpt lat="45.171280000" lon="5.681800000">
        <ele>263.000</ele>
      </trkpt>
      <trkpt lat="45.171280000" lon="5.681890000">
        <ele>263.000</ele>
      </trkpt>
      <trkpt lat="45.171290000" lon="5.682000000">
        <ele>262.000</ele>
      </trkpt>
      <trkpt lat="45.171320000" lon="5.682100000">
        <ele>262.000</ele>
      </trkpt>
      <trkpt lat="45.171370000" lon="5.682190000">
        <ele>262.000</ele>
      </trkpt>
      <trkpt lat="45.171430000" lon="5.682300000">
        <ele>261.000</ele>
      </trkpt>
      <trkpt lat="45.171680000" lon="5.682710000">
        <ele>260.000</ele>
      </trkpt>
      <trkpt lat="45.171730000" lon="5.682810000">
        <ele>259.000</ele>
      </trkpt>
      <trkpt lat="45.171770000" lon="5.682920000">
        <ele>259.000</ele>
      </trkpt>
      <trkpt lat="45.171790000" lon="5.683030000">
        <ele>258.000</ele>
      </trkpt>
      <trkpt lat="45.171830000" lon="5.683480000">
        <ele>256.000</ele>
      </trkpt>
      <trkpt lat="45.171850000" lon="5.683600000">
        <ele>255.000</ele>
      </trkpt>
      <trkpt lat="45.171900000" lon="5.683710000">
        <ele>254.000</ele>
      </trkpt>
      <trkpt lat="45.171960000" lon="5.683810000">
        <ele>252.000</ele>
      </trkpt>
      <trkpt lat="45.172070000" lon="5.683940000">
        <ele>251.000</ele>
      </trkpt>
      <trkpt lat="45.172200000" lon="5.684080000">
        <ele>250.000</ele>
      </trkpt>
      <trkpt lat="45.172340000" lon="5.684220000">
        <ele>248.000</ele>
      </trkpt>
      <trkpt lat="45.172500000" lon="5.684360000">
        <ele>247.000</ele>
      </trkpt>
      <trkpt lat="45.172740000" lon="5.684560000">
        <ele>245.000</ele>
      </trkpt>
      <trkpt lat="45.172880000" lon="5.684660000">
        <ele>243.000</ele>
      </trkpt>
      <trkpt lat="45.173030000" lon="5.684740000">
        <ele>242.000</ele>
      </trkpt>
      <trkpt lat="45.173190000" lon="5.684800000">
        <ele>240.000</ele>
      </trkpt>
      <trkpt lat="45.173280000" lon="5.684820000">
        <ele>239.000</ele>
      </trkpt>
      <trkpt lat="45.173390000" lon="5.684830000">
        <ele>238.000</ele>
      </trkpt>
      <trkpt lat="45.173570000" lon="5.684830000">
        <ele>237.000</ele>
      </trkpt>
      <trkpt lat="45.173810000" lon="5.684820000">
        <ele>235.000</ele>
      </trkpt>
      <trkpt lat="45.173910000" lon="5.684830000">
        <ele>234.000</ele>
      </trkpt>
      <trkpt lat="45.173970000" lon="5.684840000">
        <ele>234.000</ele>
      </trkpt>
      <trkpt lat="45.174050000" lon="5.684860000">
        <ele>233.000</ele>
      </trkpt>
      <trkpt lat="45.174130000" lon="5.684890000">
        <ele>232.000</ele>
      </trkpt>
      <trkpt lat="45.174230000" lon="5.684940000">
        <ele>231.000</ele>
      </trkpt>
      <trkpt lat="45.174330000" lon="5.685010000">
        <ele>231.000</ele>
      </trkpt>
      <trkpt lat="45.174450000" lon="5.685100000">
        <ele>230.000</ele>
      </trkpt>
      <trkpt lat="45.174570000" lon="5.685210000">
        <ele>229.000</ele>
      </trkpt>
      <trkpt lat="45.174780000" lon="5.685420000">
        <ele>228.000</ele>
      </trkpt>
      <trkpt lat="45.175330000" lon="5.685980000">
        <ele>226.000</ele>
      </trkpt>
      <trkpt lat="45.175460000" lon="5.686120000">
        <ele>225.000</ele>
      </trkpt>
      <trkpt lat="45.175460000" lon="5.686120000">
        <ele>224.000</ele>
      </trkpt>
      <trkpt lat="45.175600000" lon="5.686270000">
        <ele>224.000</ele>
      </trkpt>
      <trkpt lat="45.175630000" lon="5.686330000">
        <ele>223.000</ele>
      </trkpt>
      <trkpt lat="45.175730000" lon="5.686460000">
        <ele>223.000</ele>
      </trkpt>
      <trkpt lat="45.175840000" lon="5.686670000">
        <ele>222.000</ele>
      </trkpt>
      <trkpt lat="45.175940000" lon="5.686790000">
        <ele>222.000</ele>
      </trkpt>
      <trkpt lat="45.175970000" lon="5.686870000">
        <ele>221.000</ele>
      </trkpt>
      <trkpt lat="45.176000000" lon="5.686970000">
        <ele>221.000</ele>
      </trkpt>
      <trkpt lat="45.175990000" lon="5.687070000">
        <ele>220.000</ele>
      </trkpt>
      <trkpt lat="45.175960000" lon="5.687150000">
        <ele>220.000</ele>
      </trkpt>
      <trkpt lat="45.175960000" lon="5.687220000">
        <ele>220.000</ele>
      </trkpt>
      <trkpt lat="45.175980000" lon="5.687300000">
        <ele>220.000</ele>
      </trkpt>
      <trkpt lat="45.176020000" lon="5.687360000">
        <ele>220.000</ele>
      </trkpt>
      <trkpt lat="45.176070000" lon="5.687400000">
        <ele>219.000</ele>
      </trkpt>
      <trkpt lat="45.176120000" lon="5.687410000">
        <ele>219.000</ele>
      </trkpt>
      <trkpt lat="45.176190000" lon="5.687530000">
        <ele>219.000</ele>
      </trkpt>
      <trkpt lat="45.176280000" lon="5.687700000">
        <ele>219.000</ele>
      </trkpt>
      <trkpt lat="45.176390000" lon="5.687820000">
        <ele>219.000</ele>
      </trkpt>
      <trkpt lat="45.176430000" lon="5.687910000">
        <ele>218.000</ele>
      </trkpt>
      <trkpt lat="45.176490000" lon="5.688030000">
        <ele>218.000</ele>
      </trkpt>
      <trkpt lat="45.176550000" lon="5.688170000">
        <ele>218.000</ele>
      </trkpt>
      <trkpt lat="45.176610000" lon="5.688320000">
        <ele>218.000</ele>
      </trkpt>
      <trkpt lat="45.176660000" lon="5.688550000">
        <ele>217.000</ele>
      </trkpt>
      <trkpt lat="45.176770000" lon="5.688790000">
        <ele>217.000</ele>
      </trkpt>
      <trkpt lat="45.176800000" lon="5.688850000">
        <ele>217.000</ele>
      </trkpt>
      <trkpt lat="45.177000000" lon="5.689260000">
        <ele>216.000</ele>
      </trkpt>
      <trkpt lat="45.177080000" lon="5.689430000">
        <ele>216.000</ele>
      </trkpt>
      <trkpt lat="45.177150000" lon="5.689600000">
        <ele>216.000</ele>
      </trkpt>
      <trkpt lat="45.177220000" lon="5.689730000">
        <ele>216.000</ele>
      </trkpt>
      <trkpt lat="45.177270000" lon="5.689830000">
        <ele>215.000</ele>
      </trkpt>
      <trkpt lat="45.177310000" lon="5.689930000">
        <ele>215.000</ele>
      </trkpt>
      <trkpt lat="45.177380000" lon="5.690100000">
        <ele>215.000</ele>
      </trkpt>
      <trkpt lat="45.177540000" lon="5.690560000">
        <ele>215.000</ele>
      </trkpt>
      <trkpt lat="45.177590000" lon="5.690730000">
        <ele>215.000</ele>
      </trkpt>
      <trkpt lat="45.177600000" lon="5.690780000">
        <ele>214.000</ele>
      </trkpt>
      <trkpt lat="45.177620000" lon="5.690840000">
        <ele>214.000</ele>
      </trkpt>
      <trkpt lat="45.177600000" lon="5.690880000">
        <ele>214.000</ele>
      </trkpt>
      <trkpt lat="45.177590000" lon="5.690920000">
        <ele>214.000</ele>
      </trkpt>
      <trkpt lat="45.177590000" lon="5.690970000">
        <ele>214.000</ele>
      </trkpt>
      <trkpt lat="45.177600000" lon="5.691020000">
        <ele>214.000</ele>
      </trkpt>
      <trkpt lat="45.177630000" lon="5.691060000">
        <ele>214.000</ele>
      </trkpt>
      <trkpt lat="45.177660000" lon="5.691090000">
        <ele>214.000</ele>
      </trkpt>
      <trkpt lat="45.177700000" lon="5.691110000">
        <ele>214.000</ele>
      </trkpt>
      <trkpt lat="45.177740000" lon="5.691100000">
        <ele>214.000</ele>
      </trkpt>
      <trkpt lat="45.177780000" lon="5.691070000">
        <ele>214.000</ele>
      </trkpt>
      <trkpt lat="45.177810000" lon="5.691020000">
        <ele>214.000</ele>
      </trkpt>
      <trkpt lat="45.177820000" lon="5.690960000">
        <ele>214.000</ele>
      </trkpt>
      <trkpt lat="45.177850000" lon="5.690970000">
        <ele>214.000</ele>
      </trkpt>
      <trkpt lat="45.177880000" lon="5.690970000">
        <ele>214.000</ele>
      </trkpt>
      <trkpt lat="45.177960000" lon="5.691000000">
        <ele>214.000</ele>
      </trkpt>
      <trkpt lat="45.178020000" lon="5.691060000">
        <ele>214.000</ele>
      </trkpt>
      <trkpt lat="45.178060000" lon="5.691140000">
        <ele>214.000</ele>
      </trkpt>
      <trkpt lat="45.178110000" lon="5.691250000">
        <ele>214.000</ele>
      </trkpt>
      <trkpt lat="45.178230000" lon="5.691650000">
        <ele>214.000</ele>
      </trkpt>
      <trkpt lat="45.178270000" lon="5.691800000">
        <ele>214.000</ele>
      </trkpt>
      <trkpt lat="45.178330000" lon="5.691940000">
        <ele>214.000</ele>
      </trkpt>
      <trkpt lat="45.178610000" lon="5.692590000">
        <ele>215.000</ele>
      </trkpt>
      <trkpt lat="45.178690000" lon="5.692750000">
        <ele>215.000</ele>
      </trkpt>
      <trkpt lat="45.178760000" lon="5.692900000">
        <ele>215.000</ele>
      </trkpt>
      <trkpt lat="45.178810000" lon="5.693010000">
        <ele>216.000</ele>
      </trkpt>
      <trkpt lat="45.178950000" lon="5.693270000">
        <ele>216.000</ele>
      </trkpt>
      <trkpt lat="45.179060000" lon="5.693420000">
        <ele>216.000</ele>
      </trkpt>
      <trkpt lat="45.179180000" lon="5.693530000">
        <ele>216.000</ele>
      </trkpt>
      <trkpt lat="45.179320000" lon="5.693640000">
        <ele>216.000</ele>
      </trkpt>
      <trkpt lat="45.179460000" lon="5.693720000">
        <ele>216.000</ele>
      </trkpt>
      <trkpt lat="45.179500000" lon="5.693750000">
        <ele>216.000</ele>
      </trkpt>
      <trkpt lat="45.179540000" lon="5.693800000">
        <ele>216.000</ele>
      </trkpt>
      <trkpt lat="45.179590000" lon="5.693890000">
        <ele>216.000</ele>
      </trkpt>
      <trkpt lat="45.179580000" lon="5.694140000">
        <ele>216.000</ele>
      </trkpt>
      <trkpt lat="45.179580000" lon="5.694260000">
        <ele>216.000</ele>
      </trkpt>
      <trkpt lat="45.179650000" lon="5.694270000">
        <ele>216.000</ele>
      </trkpt>
      <trkpt lat="45.180120000" lon="5.694300000">
        <ele>216.000</ele>
      </trkpt>
      <trkpt lat="45.180150000" lon="5.694300000">
        <ele>216.000</ele>
      </trkpt>
      <trkpt lat="45.180230000" lon="5.694310000">
        <ele>216.000</ele>
      </trkpt>
      <trkpt lat="45.180350000" lon="5.694320000">
        <ele>216.000</ele>
      </trkpt>
      <trkpt lat="45.180390000" lon="5.694320000">
        <ele>216.000</ele>
      </trkpt>
      <trkpt lat="45.180400000" lon="5.693920000">
        <ele>216.000</ele>
      </trkpt>
      <trkpt lat="45.180410000" lon="5.693830000">
        <ele>216.000</ele>
      </trkpt>
      <trkpt lat="45.180410000" lon="5.693760000">
        <ele>216.000</ele>
      </trkpt>
      <trkpt lat="45.180420000" lon="5.693620000">
        <ele>216.000</ele>
      </trkpt>
      <trkpt lat="45.180440000" lon="5.693540000">
        <ele>216.000</ele>
      </trkpt>
      <trkpt lat="45.180470000" lon="5.693480000">
        <ele>216.000</ele>
      </trkpt>
      <trkpt lat="45.180520000" lon="5.693400000">
        <ele>216.000</ele>
      </trkpt>
      <trkpt lat="45.180550000" lon="5.693380000">
        <ele>217.000</ele>
      </trkpt>
      <trkpt lat="45.180700000" lon="5.693190000">
        <ele>217.000</ele>
      </trkpt>
      <trkpt lat="45.181000000" lon="5.692840000">
        <ele>217.000</ele>
      </trkpt>
      <trkpt lat="45.181180000" lon="5.692590000">
        <ele>217.000</ele>
      </trkpt>
      <trkpt lat="45.181380000" lon="5.692310000">
        <ele>218.000</ele>
      </trkpt>
      <trkpt lat="45.181480000" lon="5.692180000">
        <ele>218.000</ele>
      </trkpt>
      <trkpt lat="45.181670000" lon="5.691950000">
        <ele>218.000</ele>
      </trkpt>
      <trkpt lat="45.181920000" lon="5.691700000">
        <ele>217.000</ele>
      </trkpt>
      <trkpt lat="45.182290000" lon="5.691400000">
        <ele>217.000</ele>
      </trkpt>
      <trkpt lat="45.183160000" lon="5.690740000">
        <ele>215.000</ele>
      </trkpt>
      <trkpt lat="45.183550000" lon="5.690470000">
        <ele>215.000</ele>
      </trkpt>
      <trkpt lat="45.183610000" lon="5.690440000">
        <ele>214.000</ele>
      </trkpt>
      <trkpt lat="45.183930000" lon="5.690200000">
        <ele>214.000</ele>
      </trkpt>
      <trkpt lat="45.183980000" lon="5.690170000">
        <ele>215.000</ele>
      </trkpt>
      <trkpt lat="45.184100000" lon="5.690070000">
        <ele>215.000</ele>
      </trkpt>
      <trkpt lat="45.184200000" lon="5.690010000">
        <ele>215.000</ele>
      </trkpt>
      <trkpt lat="45.184230000" lon="5.689980000">
        <ele>215.000</ele>
      </trkpt>
      <trkpt lat="45.184300000" lon="5.689920000">
        <ele>215.000</ele>
      </trkpt>
      <trkpt lat="45.184600000" lon="5.689650000">
        <ele>216.000</ele>
      </trkpt>
      <trkpt lat="45.184880000" lon="5.689380000">
        <ele>216.000</ele>
      </trkpt>
      <trkpt lat="45.185020000" lon="5.689250000">
        <ele>217.000</ele>
      </trkpt>
      <trkpt lat="45.185200000" lon="5.689050000">
        <ele>216.000</ele>
      </trkpt>
      <trkpt lat="45.185670000" lon="5.688560000">
        <ele>216.000</ele>
      </trkpt>
      <trkpt lat="45.185950000" lon="5.688220000">
        <ele>215.000</ele>
      </trkpt>
      <trkpt lat="45.186070000" lon="5.688050000">
        <ele>214.000</ele>
      </trkpt>
      <trkpt lat="45.186350000" lon="5.687660000">
        <ele>213.000</ele>
      </trkpt>
      <trkpt lat="45.186580000" lon="5.687320000">
        <ele>212.000</ele>
      </trkpt>
      <trkpt lat="45.186630000" lon="5.687240000">
        <ele>211.000</ele>
      </trkpt>
      <trkpt lat="45.186660000" lon="5.687200000">
        <ele>211.000</ele>
      </trkpt>
      <trkpt lat="45.186740000" lon="5.687080000">
        <ele>211.000</ele>
      </trkpt>
      <trkpt lat="45.186870000" lon="5.686890000">
        <ele>211.000</ele>
      </trkpt>
      <trkpt lat="45.187210000" lon="5.686360000">
        <ele>211.000</ele>
      </trkpt>
      <trkpt lat="45.187440000" lon="5.686030000">
        <ele>211.000</ele>
      </trkpt>
      <trkpt lat="45.187940000" lon="5.685300000">
        <ele>211.000</ele>
      </trkpt>
      <trkpt lat="45.188010000" lon="5.685200000">
        <ele>211.000</ele>
      </trkpt>
      <trkpt lat="45.188010000" lon="5.685200000">
        <ele>211.000</ele>
      </trkpt>
      <trkpt lat="45.188060000" lon="5.685140000">
        <ele>211.000</ele>
      </trkpt>
      <trkpt lat="45.188120000" lon="5.685060000">
        <ele>211.000</ele>
      </trkpt>
      <trkpt lat="45.188160000" lon="5.685020000">
        <ele>211.000</ele>
      </trkpt>
      <trkpt lat="45.188200000" lon="5.684990000">
        <ele>211.000</ele>
      </trkpt>
      <trkpt lat="45.188230000" lon="5.684990000">
        <ele>211.000</ele>
      </trkpt>
      <trkpt lat="45.188270000" lon="5.684970000">
        <ele>211.000</ele>
      </trkpt>
      <trkpt lat="45.188290000" lon="5.684940000">
        <ele>211.000</ele>
      </trkpt>
      <trkpt lat="45.188310000" lon="5.684900000">
        <ele>211.000</ele>
      </trkpt>
      <trkpt lat="45.188320000" lon="5.684850000">
        <ele>211.000</ele>
      </trkpt>
      <trkpt lat="45.188320000" lon="5.684800000">
        <ele>211.000</ele>
      </trkpt>
      <trkpt lat="45.188400000" lon="5.684650000">
        <ele>211.000</ele>
      </trkpt>
      <trkpt lat="45.188450000" lon="5.684570000">
        <ele>211.000</ele>
      </trkpt>
      <trkpt lat="45.188530000" lon="5.684430000">
        <ele>211.000</ele>
      </trkpt>
      <trkpt lat="45.189330000" lon="5.683220000">
        <ele>211.000</ele>
      </trkpt>
      <trkpt lat="45.189670000" lon="5.682790000">
        <ele>211.000</ele>
      </trkpt>
      <trkpt lat="45.189710000" lon="5.682740000">
        <ele>211.000</ele>
      </trkpt>
      <trkpt lat="45.189810000" lon="5.682600000">
        <ele>211.000</ele>
      </trkpt>
      <trkpt lat="45.189970000" lon="5.682350000">
        <ele>211.000</ele>
      </trkpt>
      <trkpt lat="45.190240000" lon="5.681940000">
        <ele>210.000</ele>
      </trkpt>
      <trkpt lat="45.190280000" lon="5.681860000">
        <ele>210.000</ele>
      </trkpt>
      <trkpt lat="45.190350000" lon="5.681770000">
        <ele>210.000</ele>
      </trkpt>
      <trkpt lat="45.190410000" lon="5.681660000">
        <ele>210.000</ele>
      </trkpt>
      <trkpt lat="45.190680000" lon="5.681260000">
        <ele>209.000</ele>
      </trkpt>
      <trkpt lat="45.191000000" lon="5.680750000">
        <ele>209.000</ele>
      </trkpt>
      <trkpt lat="45.191660000" lon="5.679780000">
        <ele>209.000</ele>
      </trkpt>
      <trkpt lat="45.192780000" lon="5.678110000">
        <ele>209.000</ele>
      </trkpt>
      <trkpt lat="45.192830000" lon="5.678050000">
        <ele>209.000</ele>
      </trkpt>
      <trkpt lat="45.192860000" lon="5.678010000">
        <ele>209.000</ele>
      </trkpt>
      <trkpt lat="45.192940000" lon="5.677880000">
        <ele>209.000</ele>
      </trkpt>
      <trkpt lat="45.193190000" lon="5.677540000">
        <ele>209.000</ele>
      </trkpt>
      <trkpt lat="45.193480000" lon="5.677130000">
        <ele>209.000</ele>
      </trkpt>
      <trkpt lat="45.193940000" lon="5.676520000">
        <ele>209.000</ele>
      </trkpt>
      <trkpt lat="45.194040000" lon="5.676380000">
        <ele>209.000</ele>
      </trkpt>
      <trkpt lat="45.194170000" lon="5.676200000">
        <ele>209.000</ele>
      </trkpt>
      <trkpt lat="45.194430000" lon="5.675840000">
        <ele>209.000</ele>
      </trkpt>
      <trkpt lat="45.194630000" lon="5.675570000">
        <ele>209.000</ele>
      </trkpt>
      <trkpt lat="45.194780000" lon="5.675410000">
        <ele>209.000</ele>
      </trkpt>
      <trkpt lat="45.194970000" lon="5.675230000">
        <ele>209.000</ele>
      </trkpt>
      <trkpt lat="45.195290000" lon="5.674950000">
        <ele>210.000</ele>
      </trkpt>
      <trkpt lat="45.195560000" lon="5.674720000">
        <ele>210.000</ele>
      </trkpt>
      <trkpt lat="45.195600000" lon="5.674690000">
        <ele>210.000</ele>
      </trkpt>
      <trkpt lat="45.195630000" lon="5.674660000">
        <ele>210.000</ele>
      </trkpt>
      <trkpt lat="45.195670000" lon="5.674620000">
        <ele>210.000</ele>
      </trkpt>
      <trkpt lat="45.195720000" lon="5.674560000">
        <ele>210.000</ele>
      </trkpt>
      <trkpt lat="45.195960000" lon="5.674370000">
        <ele>210.000</ele>
      </trkpt>
      <trkpt lat="45.196040000" lon="5.674170000">
        <ele>210.000</ele>
      </trkpt>
      <trkpt lat="45.196100000" lon="5.674020000">
        <ele>210.000</ele>
      </trkpt>
      <trkpt lat="45.196190000" lon="5.673820000">
        <ele>210.000</ele>
      </trkpt>
      <trkpt lat="45.196270000" lon="5.673650000">
        <ele>210.000</ele>
      </trkpt>
      <trkpt lat="45.196420000" lon="5.673410000">
        <ele>210.000</ele>
      </trkpt>
      <trkpt lat="45.196610000" lon="5.673120000">
        <ele>210.000</ele>
      </trkpt>
      <trkpt lat="45.196820000" lon="5.672850000">
        <ele>210.000</ele>
      </trkpt>
      <trkpt lat="45.196960000" lon="5.672670000">
        <ele>210.000</ele>
      </trkpt>
      <trkpt lat="45.197060000" lon="5.672570000">
        <ele>210.000</ele>
      </trkpt>
      <trkpt lat="45.197110000" lon="5.672510000">
        <ele>209.000</ele>
      </trkpt>
      <trkpt lat="45.197340000" lon="5.672250000">
        <ele>209.000</ele>
      </trkpt>
      <trkpt lat="45.197420000" lon="5.672160000">
        <ele>209.000</ele>
      </trkpt>
      <trkpt lat="45.197560000" lon="5.672000000">
        <ele>209.000</ele>
      </trkpt>
      <trkpt lat="45.197630000" lon="5.671920000">
        <ele>208.000</ele>
      </trkpt>
      <trkpt lat="45.197940000" lon="5.671600000">
        <ele>208.000</ele>
      </trkpt>
      <trkpt lat="45.198340000" lon="5.671200000">
        <ele>208.000</ele>
      </trkpt>
      <trkpt lat="45.198740000" lon="5.670780000">
        <ele>207.000</ele>
      </trkpt>
      <trkpt lat="45.198760000" lon="5.670770000">
        <ele>206.000</ele>
      </trkpt>
      <trkpt lat="45.198800000" lon="5.670720000">
        <ele>206.000</ele>
      </trkpt>
      <trkpt lat="45.198850000" lon="5.670680000">
        <ele>206.000</ele>
      </trkpt>
      <trkpt lat="45.198870000" lon="5.670580000">
        <ele>206.000</ele>
      </trkpt>
      <trkpt lat="45.198930000" lon="5.670500000">
        <ele>206.000</ele>
      </trkpt>
      <trkpt lat="45.198970000" lon="5.670460000">
        <ele>206.000</ele>
      </trkpt>
      <trkpt lat="45.199000000" lon="5.670440000">
        <ele>206.000</ele>
      </trkpt>
      <trkpt lat="45.199150000" lon="5.670290000">
        <ele>206.000</ele>
      </trkpt>
      <trkpt lat="45.199530000" lon="5.669900000">
        <ele>206.000</ele>
      </trkpt>
      <trkpt lat="45.199730000" lon="5.669690000">
        <ele>206.000</ele>
      </trkpt>
      <trkpt lat="45.199760000" lon="5.669650000">
        <ele>206.000</ele>
      </trkpt>
      <trkpt lat="45.199880000" lon="5.669540000">
        <ele>206.000</ele>
      </trkpt>
      <trkpt lat="45.199980000" lon="5.669450000">
        <ele>206.000</ele>
      </trkpt>
      <trkpt lat="45.200070000" lon="5.669360000">
        <ele>206.000</ele>
      </trkpt>
      <trkpt lat="45.200490000" lon="5.668930000">
        <ele>206.000</ele>
      </trkpt>
      <trkpt lat="45.200530000" lon="5.668880000">
        <ele>206.000</ele>
      </trkpt>
      <trkpt lat="45.200630000" lon="5.668780000">
        <ele>206.000</ele>
      </trkpt>
      <trkpt lat="45.200650000" lon="5.668760000">
        <ele>206.000</ele>
      </trkpt>
      <trkpt lat="45.200710000" lon="5.668700000">
        <ele>206.000</ele>
      </trkpt>
      <trkpt lat="45.200970000" lon="5.668440000">
        <ele>206.000</ele>
      </trkpt>
      <trkpt lat="45.201140000" lon="5.668270000">
        <ele>206.000</ele>
      </trkpt>
      <trkpt lat="45.201180000" lon="5.668240000">
        <ele>206.000</ele>
      </trkpt>
      <trkpt lat="45.201270000" lon="5.668140000">
        <ele>206.000</ele>
      </trkpt>
      <trkpt lat="45.201270000" lon="5.668140000">
        <ele>206.000</ele>
      </trkpt>
      <trkpt lat="45.201310000" lon="5.668100000">
        <ele>206.000</ele>
      </trkpt>
      <trkpt lat="45.201400000" lon="5.668000000">
        <ele>206.000</ele>
      </trkpt>
      <trkpt lat="45.201470000" lon="5.667940000">
        <ele>206.000</ele>
      </trkpt>
      <trkpt lat="45.201640000" lon="5.667770000">
        <ele>206.000</ele>
      </trkpt>
      <trkpt lat="45.201790000" lon="5.667630000">
        <ele>206.000</ele>
      </trkpt>
      <trkpt lat="45.202100000" lon="5.667320000">
        <ele>206.000</ele>
      </trkpt>
      <trkpt lat="45.202110000" lon="5.667310000">
        <ele>206.000</ele>
      </trkpt>
      <trkpt lat="45.202140000" lon="5.667280000">
        <ele>206.000</ele>
      </trkpt>
      <trkpt lat="45.202290000" lon="5.667120000">
        <ele>206.000</ele>
      </trkpt>
      <trkpt lat="45.202470000" lon="5.666920000">
        <ele>206.000</ele>
      </trkpt>
      <trkpt lat="45.203070000" lon="5.666320000">
        <ele>207.000</ele>
      </trkpt>
      <trkpt lat="45.203390000" lon="5.666010000">
        <ele>207.000</ele>
      </trkpt>
      <trkpt lat="45.203550000" lon="5.665850000">
        <ele>208.000</ele>
      </trkpt>
      <trkpt lat="45.203740000" lon="5.665660000">
        <ele>208.000</ele>
      </trkpt>
      <trkpt lat="45.203960000" lon="5.665450000">
        <ele>209.000</ele>
      </trkpt>
      <trkpt lat="45.204030000" lon="5.665380000">
        <ele>209.000</ele>
      </trkpt>
      <trkpt lat="45.204050000" lon="5.665350000">
        <ele>209.000</ele>
      </trkpt>
      <trkpt lat="45.204070000" lon="5.665340000">
        <ele>209.000</ele>
      </trkpt>
      <trkpt lat="45.204130000" lon="5.665280000">
        <ele>209.000</ele>
      </trkpt>
      <trkpt lat="45.204190000" lon="5.665220000">
        <ele>209.000</ele>
      </trkpt>
      <trkpt lat="45.204220000" lon="5.665180000">
        <ele>209.000</ele>
      </trkpt>
      <trkpt lat="45.204360000" lon="5.665030000">
        <ele>209.000</ele>
      </trkpt>
      <trkpt lat="45.204430000" lon="5.664960000">
        <ele>209.000</ele>
      </trkpt>
      <trkpt lat="45.204480000" lon="5.664900000">
        <ele>209.000</ele>
      </trkpt>
      <trkpt lat="45.204660000" lon="5.664730000">
        <ele>209.000</ele>
      </trkpt>
      <trkpt lat="45.204780000" lon="5.664620000">
        <ele>209.000</ele>
      </trkpt>
      <trkpt lat="45.204910000" lon="5.664490000">
        <ele>209.000</ele>
      </trkpt>
      <trkpt lat="45.204990000" lon="5.664420000">
        <ele>209.000</ele>
      </trkpt>
      <trkpt lat="45.205060000" lon="5.664330000">
        <ele>209.000</ele>
      </trkpt>
      <trkpt lat="45.205140000" lon="5.664250000">
        <ele>209.000</ele>
      </trkpt>
      <trkpt lat="45.205520000" lon="5.663880000">
        <ele>209.000</ele>
      </trkpt>
      <trkpt lat="45.205760000" lon="5.663640000">
        <ele>209.000</ele>
      </trkpt>
      <trkpt lat="45.206190000" lon="5.663190000">
        <ele>209.000</ele>
      </trkpt>
      <trkpt lat="45.206390000" lon="5.662990000">
        <ele>209.000</ele>
      </trkpt>
      <trkpt lat="45.206410000" lon="5.662970000">
        <ele>209.000</ele>
      </trkpt>
      <trkpt lat="45.206450000" lon="5.662950000">
        <ele>209.000</ele>
      </trkpt>
      <trkpt lat="45.206480000" lon="5.662920000">
        <ele>209.000</ele>
      </trkpt>
      <trkpt lat="45.206520000" lon="5.662890000">
        <ele>209.000</ele>
      </trkpt>
      <trkpt lat="45.206610000" lon="5.662830000">
        <ele>209.000</ele>
      </trkpt>
      <trkpt lat="45.206660000" lon="5.662820000">
        <ele>209.000</ele>
      </trkpt>
      <trkpt lat="45.206730000" lon="5.662800000">
        <ele>209.000</ele>
      </trkpt>
      <trkpt lat="45.206810000" lon="5.662780000">
        <ele>209.000</ele>
      </trkpt>
      <trkpt lat="45.206910000" lon="5.662760000">
        <ele>209.000</ele>
      </trkpt>
      <trkpt lat="45.206970000" lon="5.662740000">
        <ele>209.000</ele>
      </trkpt>
      <trkpt lat="45.206990000" lon="5.662740000">
        <ele>209.000</ele>
      </trkpt>
      <trkpt lat="45.207030000" lon="5.662730000">
        <ele>209.000</ele>
      </trkpt>
      <trkpt lat="45.207070000" lon="5.662720000">
        <ele>209.000</ele>
      </trkpt>
      <trkpt lat="45.207090000" lon="5.662720000">
        <ele>209.000</ele>
      </trkpt>
      <trkpt lat="45.207120000" lon="5.662710000">
        <ele>209.000</ele>
      </trkpt>
      <trkpt lat="45.207240000" lon="5.662680000">
        <ele>209.000</ele>
      </trkpt>
      <trkpt lat="45.207370000" lon="5.662650000">
        <ele>209.000</ele>
      </trkpt>
      <trkpt lat="45.207720000" lon="5.662580000">
        <ele>209.000</ele>
      </trkpt>
      <trkpt lat="45.207850000" lon="5.662550000">
        <ele>209.000</ele>
      </trkpt>
      <trkpt lat="45.208040000" lon="5.662520000">
        <ele>209.000</ele>
      </trkpt>
      <trkpt lat="45.208140000" lon="5.662500000">
        <ele>209.000</ele>
      </trkpt>
      <trkpt lat="45.208390000" lon="5.662460000">
        <ele>209.000</ele>
      </trkpt>
      <trkpt lat="45.208580000" lon="5.662440000">
        <ele>209.000</ele>
      </trkpt>
      <trkpt lat="45.208700000" lon="5.662410000">
        <ele>210.000</ele>
      </trkpt>
      <trkpt lat="45.209490000" lon="5.662230000">
        <ele>210.000</ele>
      </trkpt>
      <trkpt lat="45.209520000" lon="5.662220000">
        <ele>210.000</ele>
      </trkpt>
      <trkpt lat="45.209710000" lon="5.662180000">
        <ele>210.000</ele>
      </trkpt>
      <trkpt lat="45.210820000" lon="5.661960000">
        <ele>209.000</ele>
      </trkpt>
      <trkpt lat="45.211000000" lon="5.661960000">
        <ele>208.000</ele>
      </trkpt>
      <trkpt lat="45.211300000" lon="5.661910000">
        <ele>207.000</ele>
      </trkpt>
      <trkpt lat="45.211370000" lon="5.661900000">
        <ele>207.000</ele>
      </trkpt>
      <trkpt lat="45.211450000" lon="5.661890000">
        <ele>206.000</ele>
      </trkpt>
      <trkpt lat="45.211590000" lon="5.661870000">
        <ele>206.000</ele>
      </trkpt>
      <trkpt lat="45.211640000" lon="5.661860000">
        <ele>206.000</ele>
      </trkpt>
      <trkpt lat="45.212050000" lon="5.661790000">
        <ele>205.000</ele>
      </trkpt>
      <trkpt lat="45.212510000" lon="5.661720000">
        <ele>205.000</ele>
      </trkpt>
      <trkpt lat="45.212560000" lon="5.661710000">
        <ele>204.000</ele>
      </trkpt>
      <trkpt lat="45.212760000" lon="5.661670000">
        <ele>204.000</ele>
      </trkpt>
      <trkpt lat="45.212790000" lon="5.661650000">
        <ele>204.000</ele>
      </trkpt>
      <trkpt lat="45.212970000" lon="5.661550000">
        <ele>203.000</ele>
      </trkpt>
      <trkpt lat="45.213030000" lon="5.661550000">
        <ele>203.000</ele>
      </trkpt>
      <trkpt lat="45.213120000" lon="5.661570000">
        <ele>203.000</ele>
      </trkpt>
      <trkpt lat="45.213170000" lon="5.661590000">
        <ele>203.000</ele>
      </trkpt>
      <trkpt lat="45.213230000" lon="5.661590000">
        <ele>203.000</ele>
      </trkpt>
      <trkpt lat="45.213280000" lon="5.661580000">
        <ele>203.000</ele>
      </trkpt>
      <trkpt lat="45.213320000" lon="5.661540000">
        <ele>202.000</ele>
      </trkpt>
      <trkpt lat="45.213350000" lon="5.661500000">
        <ele>202.000</ele>
      </trkpt>
      <trkpt lat="45.213380000" lon="5.661440000">
        <ele>202.000</ele>
      </trkpt>
      <trkpt lat="45.213420000" lon="5.661440000">
        <ele>202.000</ele>
      </trkpt>
      <trkpt lat="45.213480000" lon="5.661430000">
        <ele>202.000</ele>
      </trkpt>
      <trkpt lat="45.213650000" lon="5.661440000">
        <ele>202.000</ele>
      </trkpt>
      <trkpt lat="45.213830000" lon="5.661400000">
        <ele>202.000</ele>
      </trkpt>
      <trkpt lat="45.214040000" lon="5.661360000">
        <ele>202.000</ele>
      </trkpt>
      <trkpt lat="45.214370000" lon="5.661310000">
        <ele>202.000</ele>
      </trkpt>
      <trkpt lat="45.214530000" lon="5.661260000">
        <ele>201.000</ele>
      </trkpt>
      <trkpt lat="45.214590000" lon="5.661250000">
        <ele>201.000</ele>
      </trkpt>
      <trkpt lat="45.214610000" lon="5.661240000">
        <ele>201.000</ele>
      </trkpt>
      <trkpt lat="45.214650000" lon="5.661230000">
        <ele>201.000</ele>
      </trkpt>
      <trkpt lat="45.214660000" lon="5.661230000">
        <ele>201.000</ele>
      </trkpt>
      <trkpt lat="45.214700000" lon="5.661220000">
        <ele>201.000</ele>
      </trkpt>
      <trkpt lat="45.214730000" lon="5.661210000">
        <ele>201.000</ele>
      </trkpt>
      <trkpt lat="45.214810000" lon="5.661200000">
        <ele>201.000</ele>
      </trkpt>
      <trkpt lat="45.214890000" lon="5.661180000">
        <ele>201.000</ele>
      </trkpt>
      <trkpt lat="45.214970000" lon="5.661170000">
        <ele>201.000</ele>
      </trkpt>
      <trkpt lat="45.215030000" lon="5.661160000">
        <ele>201.000</ele>
      </trkpt>
      <trkpt lat="45.215130000" lon="5.661140000">
        <ele>201.000</ele>
      </trkpt>
      <trkpt lat="45.215210000" lon="5.661120000">
        <ele>201.000</ele>
      </trkpt>
      <trkpt lat="45.215410000" lon="5.661090000">
        <ele>201.000</ele>
      </trkpt>
      <trkpt lat="45.215580000" lon="5.661060000">
        <ele>201.000</ele>
      </trkpt>
      <trkpt lat="45.217430000" lon="5.660660000">
        <ele>201.000</ele>
      </trkpt>
      <trkpt lat="45.217800000" lon="5.660600000">
        <ele>202.000</ele>
      </trkpt>
      <trkpt lat="45.219270000" lon="5.660340000">
        <ele>202.000</ele>
      </trkpt>
      <trkpt lat="45.219390000" lon="5.660320000">
        <ele>202.000</ele>
      </trkpt>
      <trkpt lat="45.219460000" lon="5.660300000">
        <ele>202.000</ele>
      </trkpt>
      <trkpt lat="45.219560000" lon="5.660340000">
        <ele>203.000</ele>
      </trkpt>
      <trkpt lat="45.219660000" lon="5.660320000">
        <ele>203.000</ele>
      </trkpt>
      <trkpt lat="45.219740000" lon="5.660310000">
        <ele>203.000</ele>
      </trkpt>
      <trkpt lat="45.219850000" lon="5.660290000">
        <ele>203.000</ele>
      </trkpt>
      <trkpt lat="45.219920000" lon="5.660280000">
        <ele>203.000</ele>
      </trkpt>
      <trkpt lat="45.219980000" lon="5.660240000">
        <ele>203.000</ele>
      </trkpt>
      <trkpt lat="45.220130000" lon="5.660160000">
        <ele>204.000</ele>
      </trkpt>
      <trkpt lat="45.220620000" lon="5.660070000">
        <ele>204.000</ele>
      </trkpt>
      <trkpt lat="45.221120000" lon="5.659980000">
        <ele>204.000</ele>
      </trkpt>
      <trkpt lat="45.221330000" lon="5.659930000">
        <ele>205.000</ele>
      </trkpt>
      <trkpt lat="45.221380000" lon="5.659920000">
        <ele>205.000</ele>
      </trkpt>
      <trkpt lat="45.221460000" lon="5.659910000">
        <ele>205.000</ele>
      </trkpt>
      <trkpt lat="45.221660000" lon="5.659880000">
        <ele>205.000</ele>
      </trkpt>
      <trkpt lat="45.221750000" lon="5.659860000">
        <ele>204.000</ele>
      </trkpt>
      <trkpt lat="45.222180000" lon="5.659760000">
        <ele>204.000</ele>
      </trkpt>
      <trkpt lat="45.222660000" lon="5.659550000">
        <ele>203.000</ele>
      </trkpt>
      <trkpt lat="45.222990000" lon="5.659320000">
        <ele>203.000</ele>
      </trkpt>
      <trkpt lat="45.223280000" lon="5.659090000">
        <ele>202.000</ele>
      </trkpt>
      <trkpt lat="45.223530000" lon="5.658830000">
        <ele>202.000</ele>
      </trkpt>
      <trkpt lat="45.223840000" lon="5.658420000">
        <ele>201.000</ele>
      </trkpt>
      <trkpt lat="45.224330000" lon="5.657700000">
        <ele>201.000</ele>
      </trkpt>
      <trkpt lat="45.225370000" lon="5.656060000">
        <ele>200.000</ele>
      </trkpt>
      <trkpt lat="45.225880000" lon="5.655200000">
        <ele>200.000</ele>
      </trkpt>
      <trkpt lat="45.225910000" lon="5.655150000">
        <ele>200.000</ele>
      </trkpt>
      <trkpt lat="45.226330000" lon="5.654460000">
        <ele>200.000</ele>
      </trkpt>
      <trkpt lat="45.226410000" lon="5.654330000">
        <ele>200.000</ele>
      </trkpt>
      <trkpt lat="45.226920000" lon="5.653490000">
        <ele>200.000</ele>
      </trkpt>
      <trkpt lat="45.228000000" lon="5.651760000">
        <ele>200.000</ele>
      </trkpt>
      <trkpt lat="45.228850000" lon="5.650380000">
        <ele>200.000</ele>
      </trkpt>
      <trkpt lat="45.229000000" lon="5.650150000">
        <ele>200.000</ele>
      </trkpt>
      <trkpt lat="45.229080000" lon="5.650030000">
        <ele>199.000</ele>
      </trkpt>
      <trkpt lat="45.229220000" lon="5.649820000">
        <ele>199.000</ele>
      </trkpt>
      <trkpt lat="45.229280000" lon="5.649720000">
        <ele>199.000</ele>
      </trkpt>
      <trkpt lat="45.229330000" lon="5.649630000">
        <ele>199.000</ele>
      </trkpt>
      <trkpt lat="45.229360000" lon="5.649580000">
        <ele>199.000</ele>
      </trkpt>
      <trkpt lat="45.229440000" lon="5.649450000">
        <ele>199.000</ele>
      </trkpt>
      <trkpt lat="45.229510000" lon="5.649330000">
        <ele>199.000</ele>
      </trkpt>
      <trkpt lat="45.229550000" lon="5.649270000">
        <ele>199.000</ele>
      </trkpt>
      <trkpt lat="45.229620000" lon="5.649170000">
        <ele>198.000</ele>
      </trkpt>
      <trkpt lat="45.229800000" lon="5.648880000">
        <ele>198.000</ele>
      </trkpt>
      <trkpt lat="45.230120000" lon="5.648340000">
        <ele>198.000</ele>
      </trkpt>
      <trkpt lat="45.230230000" lon="5.648170000">
        <ele>198.000</ele>
      </trkpt>
      <trkpt lat="45.230420000" lon="5.647970000">
        <ele>198.000</ele>
      </trkpt>
      <trkpt lat="45.230550000" lon="5.647810000">
        <ele>198.000</ele>
      </trkpt>
      <trkpt lat="45.230750000" lon="5.647620000">
        <ele>198.000</ele>
      </trkpt>
      <trkpt lat="45.230880000" lon="5.647530000">
        <ele>198.000</ele>
      </trkpt>
      <trkpt lat="45.230970000" lon="5.647500000">
        <ele>198.000</ele>
      </trkpt>
      <trkpt lat="45.231030000" lon="5.647480000">
        <ele>198.000</ele>
      </trkpt>
      <trkpt lat="45.231070000" lon="5.647500000">
        <ele>198.000</ele>
      </trkpt>
      <trkpt lat="45.231110000" lon="5.647510000">
        <ele>198.000</ele>
      </trkpt>
      <trkpt lat="45.231140000" lon="5.647510000">
        <ele>198.000</ele>
      </trkpt>
      <trkpt lat="45.231260000" lon="5.647610000">
        <ele>198.000</ele>
      </trkpt>
      <trkpt lat="45.231320000" lon="5.647680000">
        <ele>198.000</ele>
      </trkpt>
      <trkpt lat="45.231380000" lon="5.647790000">
        <ele>198.000</ele>
      </trkpt>
      <trkpt lat="45.231440000" lon="5.647940000">
        <ele>198.000</ele>
      </trkpt>
      <trkpt lat="45.231500000" lon="5.648100000">
        <ele>198.000</ele>
      </trkpt>
      <trkpt lat="45.231570000" lon="5.648240000">
        <ele>198.000</ele>
      </trkpt>
      <trkpt lat="45.231800000" lon="5.648950000">
        <ele>198.000</ele>
      </trkpt>
      <trkpt lat="45.232760000" lon="5.652460000">
        <ele>198.000</ele>
      </trkpt>
      <trkpt lat="45.232810000" lon="5.652640000">
        <ele>198.000</ele>
      </trkpt>
      <trkpt lat="45.232910000" lon="5.652920000">
        <ele>198.000</ele>
      </trkpt>
      <trkpt lat="45.233010000" lon="5.653160000">
        <ele>198.000</ele>
      </trkpt>
      <trkpt lat="45.233140000" lon="5.653430000">
        <ele>198.000</ele>
      </trkpt>
      <trkpt lat="45.233290000" lon="5.653700000">
        <ele>198.000</ele>
      </trkpt>
      <trkpt lat="45.233490000" lon="5.654010000">
        <ele>198.000</ele>
      </trkpt>
      <trkpt lat="45.233680000" lon="5.654270000">
        <ele>198.000</ele>
      </trkpt>
      <trkpt lat="45.233950000" lon="5.654580000">
        <ele>198.000</ele>
      </trkpt>
      <trkpt lat="45.234190000" lon="5.654820000">
        <ele>198.000</ele>
      </trkpt>
      <trkpt lat="45.234530000" lon="5.655130000">
        <ele>198.000</ele>
      </trkpt>
      <trkpt lat="45.234630000" lon="5.655210000">
        <ele>199.000</ele>
      </trkpt>
      <trkpt lat="45.234840000" lon="5.655410000">
        <ele>199.000</ele>
      </trkpt>
      <trkpt lat="45.234950000" lon="5.655540000">
        <ele>200.000</ele>
      </trkpt>
      <trkpt lat="45.234950000" lon="5.655540000">
        <ele>200.000</ele>
      </trkpt>
      <trkpt lat="45.235060000" lon="5.655660000">
        <ele>201.000</ele>
      </trkpt>
      <trkpt lat="45.235210000" lon="5.655880000">
        <ele>201.000</ele>
      </trkpt>
      <trkpt lat="45.235360000" lon="5.656150000">
        <ele>201.000</ele>
      </trkpt>
      <trkpt lat="45.235480000" lon="5.656410000">
        <ele>202.000</ele>
      </trkpt>
      <trkpt lat="45.235590000" lon="5.656710000">
        <ele>202.000</ele>
      </trkpt>
      <trkpt lat="45.235790000" lon="5.657280000">
        <ele>202.000</ele>
      </trkpt>
      <trkpt lat="45.236540000" lon="5.659360000">
        <ele>201.000</ele>
      </trkpt>
      <trkpt lat="45.236640000" lon="5.659600000">
        <ele>201.000</ele>
      </trkpt>
      <trkpt lat="45.236690000" lon="5.659780000">
        <ele>200.000</ele>
      </trkpt>
      <trkpt lat="45.236750000" lon="5.660030000">
        <ele>200.000</ele>
      </trkpt>
      <trkpt lat="45.236770000" lon="5.660320000">
        <ele>200.000</ele>
      </trkpt>
      <trkpt lat="45.236770000" lon="5.660640000">
        <ele>200.000</ele>
      </trkpt>
      <trkpt lat="45.236740000" lon="5.660800000">
        <ele>200.000</ele>
      </trkpt>
      <trkpt lat="45.236680000" lon="5.660840000">
        <ele>201.000</ele>
      </trkpt>
      <trkpt lat="45.236630000" lon="5.660910000">
        <ele>201.000</ele>
      </trkpt>
      <trkpt lat="45.236600000" lon="5.661000000">
        <ele>201.000</ele>
      </trkpt>
      <trkpt lat="45.236590000" lon="5.661100000">
        <ele>201.000</ele>
      </trkpt>
      <trkpt lat="45.236600000" lon="5.661200000">
        <ele>201.000</ele>
      </trkpt>
      <trkpt lat="45.236640000" lon="5.661290000">
        <ele>201.000</ele>
      </trkpt>
      <trkpt lat="45.236690000" lon="5.661360000">
        <ele>201.000</ele>
      </trkpt>
      <trkpt lat="45.236760000" lon="5.661390000">
        <ele>201.000</ele>
      </trkpt>
      <trkpt lat="45.236880000" lon="5.661490000">
        <ele>201.000</ele>
      </trkpt>
      <trkpt lat="45.236920000" lon="5.661550000">
        <ele>201.000</ele>
      </trkpt>
      <trkpt lat="45.236960000" lon="5.661650000">
        <ele>201.000</ele>
      </trkpt>
      <trkpt lat="45.237120000" lon="5.662400000">
        <ele>201.000</ele>
      </trkpt>
      <trkpt lat="45.237130000" lon="5.662630000">
        <ele>201.000</ele>
      </trkpt>
      <trkpt lat="45.237110000" lon="5.662770000">
        <ele>201.000</ele>
      </trkpt>
      <trkpt lat="45.237100000" lon="5.662850000">
        <ele>201.000</ele>
      </trkpt>
      <trkpt lat="45.237080000" lon="5.662910000">
        <ele>201.000</ele>
      </trkpt>
      <trkpt lat="45.237060000" lon="5.662980000">
        <ele>201.000</ele>
      </trkpt>
      <trkpt lat="45.237060000" lon="5.663050000">
        <ele>201.000</ele>
      </trkpt>
      <trkpt lat="45.237070000" lon="5.663130000">
        <ele>201.000</ele>
      </trkpt>
      <trkpt lat="45.237100000" lon="5.663200000">
        <ele>201.000</ele>
      </trkpt>
      <trkpt lat="45.237150000" lon="5.663260000">
        <ele>201.000</ele>
      </trkpt>
      <trkpt lat="45.237210000" lon="5.663290000">
        <ele>201.000</ele>
      </trkpt>
      <trkpt lat="45.237270000" lon="5.663300000">
        <ele>201.000</ele>
      </trkpt>
      <trkpt lat="45.237400000" lon="5.663560000">
        <ele>201.000</ele>
      </trkpt>
      <trkpt lat="45.237490000" lon="5.663730000">
        <ele>201.000</ele>
      </trkpt>
      <trkpt lat="45.237620000" lon="5.663960000">
        <ele>201.000</ele>
      </trkpt>
      <trkpt lat="45.237920000" lon="5.664440000">
        <ele>201.000</ele>
      </trkpt>
      <trkpt lat="45.238070000" lon="5.664640000">
        <ele>201.000</ele>
      </trkpt>
      <trkpt lat="45.238260000" lon="5.664850000">
        <ele>201.000</ele>
      </trkpt>
      <trkpt lat="45.238610000" lon="5.665210000">
        <ele>201.000</ele>
      </trkpt>
      <trkpt lat="45.238780000" lon="5.665380000">
        <ele>202.000</ele>
      </trkpt>
      <trkpt lat="45.239070000" lon="5.665650000">
        <ele>202.000</ele>
      </trkpt>
      <trkpt lat="45.239210000" lon="5.665840000">
        <ele>202.000</ele>
      </trkpt>
      <trkpt lat="45.239350000" lon="5.666060000">
        <ele>202.000</ele>
      </trkpt>
      <trkpt lat="45.239480000" lon="5.666330000">
        <ele>202.000</ele>
      </trkpt>
      <trkpt lat="45.239520000" lon="5.666370000">
        <ele>202.000</ele>
      </trkpt>
      <trkpt lat="45.239770000" lon="5.666580000">
        <ele>202.000</ele>
      </trkpt>
      <trkpt lat="45.239830000" lon="5.666630000">
        <ele>202.000</ele>
      </trkpt>
      <trkpt lat="45.239920000" lon="5.666720000">
        <ele>202.000</ele>
      </trkpt>
      <trkpt lat="45.239940000" lon="5.666740000">
        <ele>202.000</ele>
      </trkpt>
      <trkpt lat="45.240040000" lon="5.666760000">
        <ele>202.000</ele>
      </trkpt>
      <trkpt lat="45.240240000" lon="5.666820000">
        <ele>202.000</ele>
      </trkpt>
      <trkpt lat="45.240410000" lon="5.666890000">
        <ele>202.000</ele>
      </trkpt>
      <trkpt lat="45.240900000" lon="5.667270000">
        <ele>202.000</ele>
      </trkpt>
      <trkpt lat="45.241220000" lon="5.667530000">
        <ele>202.000</ele>
      </trkpt>
      <trkpt lat="45.241400000" lon="5.667760000">
        <ele>202.000</ele>
      </trkpt>
      <trkpt lat="45.241530000" lon="5.667950000">
        <ele>202.000</ele>
      </trkpt>
      <trkpt lat="45.241580000" lon="5.668030000">
        <ele>202.000</ele>
      </trkpt>
      <trkpt lat="45.241730000" lon="5.668300000">
        <ele>202.000</ele>
      </trkpt>
      <trkpt lat="45.241820000" lon="5.668460000">
        <ele>202.000</ele>
      </trkpt>
      <trkpt lat="45.242100000" lon="5.669110000">
        <ele>202.000</ele>
      </trkpt>
      <trkpt lat="45.242380000" lon="5.669790000">
        <ele>202.000</ele>
      </trkpt>
      <trkpt lat="45.242470000" lon="5.670130000">
        <ele>201.000</ele>
      </trkpt>
      <trkpt lat="45.242630000" lon="5.670570000">
        <ele>201.000</ele>
      </trkpt>
      <trkpt lat="45.242670000" lon="5.670660000">
        <ele>201.000</ele>
      </trkpt>
      <trkpt lat="45.242690000" lon="5.670740000">
        <ele>201.000</ele>
      </trkpt>
      <trkpt lat="45.242580000" lon="5.670820000">
        <ele>201.000</ele>
      </trkpt>
      <trkpt lat="45.242530000" lon="5.670870000">
        <ele>201.000</ele>
      </trkpt>
      <trkpt lat="45.242120000" lon="5.671180000">
        <ele>201.000</ele>
      </trkpt>
      <trkpt lat="45.242000000" lon="5.671280000">
        <ele>201.000</ele>
      </trkpt>
      <trkpt lat="45.241830000" lon="5.671430000">
        <ele>201.000</ele>
      </trkpt>
      <trkpt lat="45.241320000" lon="5.671840000">
        <ele>201.000</ele>
      </trkpt>
      <trkpt lat="45.241290000" lon="5.671860000">
        <ele>201.000</ele>
      </trkpt>
      <trkpt lat="45.241210000" lon="5.671920000">
        <ele>201.000</ele>
      </trkpt>
      <trkpt lat="45.241070000" lon="5.672020000">
        <ele>201.000</ele>
      </trkpt>
      <trkpt lat="45.240490000" lon="5.672440000">
        <ele>201.000</ele>
      </trkpt>
      <trkpt lat="45.240150000" lon="5.672660000">
        <ele>202.000</ele>
      </trkpt>
      <trkpt lat="45.239990000" lon="5.672760000">
        <ele>203.000</ele>
      </trkpt>
      <trkpt lat="45.239870000" lon="5.672810000">
        <ele>203.000</ele>
      </trkpt>
      <trkpt lat="45.239790000" lon="5.672850000">
        <ele>203.000</ele>
      </trkpt>
      <trkpt lat="45.239670000" lon="5.672870000">
        <ele>204.000</ele>
      </trkpt>
      <trkpt lat="45.239580000" lon="5.672920000">
        <ele>204.000</ele>
      </trkpt>
      <trkpt lat="45.239410000" lon="5.672990000">
        <ele>204.000</ele>
      </trkpt>
      <trkpt lat="45.239290000" lon="5.673050000">
        <ele>205.000</ele>
      </trkpt>
      <trkpt lat="45.239170000" lon="5.673110000">
        <ele>205.000</ele>
      </trkpt>
      <trkpt lat="45.238800000" lon="5.673270000">
        <ele>205.000</ele>
      </trkpt>
      <trkpt lat="45.238380000" lon="5.673430000">
        <ele>206.000</ele>
      </trkpt>
      <trkpt lat="45.238270000" lon="5.673480000">
        <ele>206.000</ele>
      </trkpt>
      <trkpt lat="45.238150000" lon="5.673550000">
        <ele>206.000</ele>
      </trkpt>
      <trkpt lat="45.238150000" lon="5.673550000">
        <ele>207.000</ele>
      </trkpt>
      <trkpt lat="45.237940000" lon="5.673670000">
        <ele>207.000</ele>
      </trkpt>
      <trkpt lat="45.237440000" lon="5.674020000">
        <ele>208.000</ele>
      </trkpt>
      <trkpt lat="45.236970000" lon="5.674350000">
        <ele>209.000</ele>
      </trkpt>
      <trkpt lat="45.236740000" lon="5.674530000">
        <ele>210.000</ele>
      </trkpt>
      <trkpt lat="45.236590000" lon="5.674640000">
        <ele>211.000</ele>
      </trkpt>
      <trkpt lat="45.236500000" lon="5.674730000">
        <ele>211.000</ele>
      </trkpt>
      <trkpt lat="45.236290000" lon="5.674930000">
        <ele>212.000</ele>
      </trkpt>
      <trkpt lat="45.236130000" lon="5.675100000">
        <ele>213.000</ele>
      </trkpt>
      <trkpt lat="45.235860000" lon="5.675400000">
        <ele>213.000</ele>
      </trkpt>
      <trkpt lat="45.235780000" lon="5.675480000">
        <ele>213.000</ele>
      </trkpt>
      <trkpt lat="45.235730000" lon="5.675530000">
        <ele>214.000</ele>
      </trkpt>
      <trkpt lat="45.235650000" lon="5.675610000">
        <ele>214.000</ele>
      </trkpt>
      <trkpt lat="45.235250000" lon="5.676010000">
        <ele>214.000</ele>
      </trkpt>
      <trkpt lat="45.235100000" lon="5.676170000">
        <ele>214.000</ele>
      </trkpt>
      <trkpt lat="45.235080000" lon="5.676190000">
        <ele>215.000</ele>
      </trkpt>
      <trkpt lat="45.235050000" lon="5.676210000">
        <ele>215.000</ele>
      </trkpt>
      <trkpt lat="45.234940000" lon="5.676330000">
        <ele>215.000</ele>
      </trkpt>
      <trkpt lat="45.234860000" lon="5.676420000">
        <ele>215.000</ele>
      </trkpt>
      <trkpt lat="45.234690000" lon="5.676600000">
        <ele>215.000</ele>
      </trkpt>
      <trkpt lat="45.234400000" lon="5.676910000">
        <ele>215.000</ele>
      </trkpt>
      <trkpt lat="45.234310000" lon="5.677010000">
        <ele>215.000</ele>
      </trkpt>
      <trkpt lat="45.234260000" lon="5.677060000">
        <ele>216.000</ele>
      </trkpt>
      <trkpt lat="45.234140000" lon="5.677210000">
        <ele>216.000</ele>
      </trkpt>
      <trkpt lat="45.233980000" lon="5.677420000">
        <ele>216.000</ele>
      </trkpt>
      <trkpt lat="45.233820000" lon="5.677640000">
        <ele>216.000</ele>
      </trkpt>
      <trkpt lat="45.233510000" lon="5.678090000">
        <ele>216.000</ele>
      </trkpt>
      <trkpt lat="45.233480000" lon="5.678120000">
        <ele>216.000</ele>
      </trkpt>
      <trkpt lat="45.233460000" lon="5.678140000">
        <ele>216.000</ele>
      </trkpt>
      <trkpt lat="45.233350000" lon="5.678280000">
        <ele>216.000</ele>
      </trkpt>
      <trkpt lat="45.233270000" lon="5.678390000">
        <ele>216.000</ele>
      </trkpt>
      <trkpt lat="45.232940000" lon="5.678840000">
        <ele>216.000</ele>
      </trkpt>
      <trkpt lat="45.232650000" lon="5.679210000">
        <ele>216.000</ele>
      </trkpt>
      <trkpt lat="45.232630000" lon="5.679240000">
        <ele>216.000</ele>
      </trkpt>
      <trkpt lat="45.232610000" lon="5.679270000">
        <ele>216.000</ele>
      </trkpt>
      <trkpt lat="45.232520000" lon="5.679360000">
        <ele>216.000</ele>
      </trkpt>
      <trkpt lat="45.232460000" lon="5.679430000">
        <ele>216.000</ele>
      </trkpt>
      <trkpt lat="45.232280000" lon="5.679650000">
        <ele>215.000</ele>
      </trkpt>
      <trkpt lat="45.232010000" lon="5.679990000">
        <ele>215.000</ele>
      </trkpt>
      <trkpt lat="45.231810000" lon="5.680250000">
        <ele>215.000</ele>
      </trkpt>
      <trkpt lat="45.231720000" lon="5.680340000">
        <ele>215.000</ele>
      </trkpt>
      <trkpt lat="45.231470000" lon="5.680650000">
        <ele>215.000</ele>
      </trkpt>
      <trkpt lat="45.231210000" lon="5.680960000">
        <ele>215.000</ele>
      </trkpt>
      <trkpt lat="45.231190000" lon="5.681000000">
        <ele>215.000</ele>
      </trkpt>
      <trkpt lat="45.231000000" lon="5.681220000">
        <ele>215.000</ele>
      </trkpt>
      <trkpt lat="45.230710000" lon="5.681560000">
        <ele>215.000</ele>
      </trkpt>
      <trkpt lat="45.230700000" lon="5.681570000">
        <ele>215.000</ele>
      </trkpt>
      <trkpt lat="45.230680000" lon="5.681590000">
        <ele>215.000</ele>
      </trkpt>
      <trkpt lat="45.230670000" lon="5.681610000">
        <ele>215.000</ele>
      </trkpt>
      <trkpt lat="45.230560000" lon="5.681730000">
        <ele>215.000</ele>
      </trkpt>
      <trkpt lat="45.230450000" lon="5.681860000">
        <ele>215.000</ele>
      </trkpt>
      <trkpt lat="45.230380000" lon="5.681930000">
        <ele>215.000</ele>
      </trkpt>
      <trkpt lat="45.230270000" lon="5.682040000">
        <ele>214.000</ele>
      </trkpt>
      <trkpt lat="45.230150000" lon="5.682160000">
        <ele>214.000</ele>
      </trkpt>
      <trkpt lat="45.230130000" lon="5.682170000">
        <ele>214.000</ele>
      </trkpt>
      <trkpt lat="45.230110000" lon="5.682200000">
        <ele>214.000</ele>
      </trkpt>
      <trkpt lat="45.229860000" lon="5.682460000">
        <ele>214.000</ele>
      </trkpt>
      <trkpt lat="45.229680000" lon="5.682660000">
        <ele>214.000</ele>
      </trkpt>
      <trkpt lat="45.229650000" lon="5.682690000">
        <ele>214.000</ele>
      </trkpt>
      <trkpt lat="45.229630000" lon="5.682710000">
        <ele>214.000</ele>
      </trkpt>
      <trkpt lat="45.229520000" lon="5.682840000">
        <ele>214.000</ele>
      </trkpt>
      <trkpt lat="45.229570000" lon="5.682900000">
        <ele>214.000</ele>
      </trkpt>
      <trkpt lat="45.229600000" lon="5.682930000">
        <ele>214.000</ele>
      </trkpt>
      <trkpt lat="45.229650000" lon="5.682980000">
        <ele>214.000</ele>
      </trkpt>
      <trkpt lat="45.229760000" lon="5.683090000">
        <ele>214.000</ele>
      </trkpt>
      <trkpt lat="45.229800000" lon="5.683130000">
        <ele>214.000</ele>
      </trkpt>
      <trkpt lat="45.229970000" lon="5.683260000">
        <ele>214.000</ele>
      </trkpt>
      <trkpt lat="45.230130000" lon="5.683340000">
        <ele>214.000</ele>
      </trkpt>
      <trkpt lat="45.230250000" lon="5.683410000">
        <ele>214.000</ele>
      </trkpt>
      <trkpt lat="45.230360000" lon="5.683460000">
        <ele>214.000</ele>
      </trkpt>
      <trkpt lat="45.230440000" lon="5.683500000">
        <ele>214.000</ele>
      </trkpt>
      <trkpt lat="45.230440000" lon="5.683500000">
        <ele>214.000</ele>
      </trkpt>
      <trkpt lat="45.230520000" lon="5.683540000">
        <ele>214.000</ele>
      </trkpt>
      <trkpt lat="45.230620000" lon="5.683570000">
        <ele>214.000</ele>
      </trkpt>
      <trkpt lat="45.230810000" lon="5.683660000">
        <ele>214.000</ele>
      </trkpt>
      <trkpt lat="45.230970000" lon="5.683760000">
        <ele>214.000</ele>
      </trkpt>
      <trkpt lat="45.231130000" lon="5.683890000">
        <ele>214.000</ele>
      </trkpt>
      <trkpt lat="45.231280000" lon="5.684050000">
        <ele>214.000</ele>
      </trkpt>
      <trkpt lat="45.231340000" lon="5.684140000">
        <ele>215.000</ele>
      </trkpt>
      <trkpt lat="45.231360000" lon="5.684170000">
        <ele>215.000</ele>
      </trkpt>
      <trkpt lat="45.231380000" lon="5.684200000">
        <ele>215.000</ele>
      </trkpt>
      <trkpt lat="45.231510000" lon="5.684430000">
        <ele>215.000</ele>
      </trkpt>
      <trkpt lat="45.231660000" lon="5.684630000">
        <ele>215.000</ele>
      </trkpt>
      <trkpt lat="45.231730000" lon="5.684690000">
        <ele>215.000</ele>
      </trkpt>
      <trkpt lat="45.231820000" lon="5.684780000">
        <ele>215.000</ele>
      </trkpt>
      <trkpt lat="45.231890000" lon="5.684850000">
        <ele>215.000</ele>
      </trkpt>
      <trkpt lat="45.232200000" lon="5.685150000">
        <ele>216.000</ele>
      </trkpt>
      <trkpt lat="45.232380000" lon="5.685320000">
        <ele>216.000</ele>
      </trkpt>
      <trkpt lat="45.232600000" lon="5.685510000">
        <ele>217.000</ele>
      </trkpt>
      <trkpt lat="45.232650000" lon="5.685550000">
        <ele>217.000</ele>
      </trkpt>
      <trkpt lat="45.232710000" lon="5.685600000">
        <ele>218.000</ele>
      </trkpt>
      <trkpt lat="45.232800000" lon="5.685660000">
        <ele>218.000</ele>
      </trkpt>
      <trkpt lat="45.232910000" lon="5.685760000">
        <ele>218.000</ele>
      </trkpt>
      <trkpt lat="45.232960000" lon="5.685810000">
        <ele>219.000</ele>
      </trkpt>
      <trkpt lat="45.233030000" lon="5.685880000">
        <ele>219.000</ele>
      </trkpt>
      <trkpt lat="45.233070000" lon="5.685910000">
        <ele>219.000</ele>
      </trkpt>
      <trkpt lat="45.233110000" lon="5.685950000">
        <ele>219.000</ele>
      </trkpt>
      <trkpt lat="45.233150000" lon="5.685990000">
        <ele>220.000</ele>
      </trkpt>
      <trkpt lat="45.233170000" lon="5.686010000">
        <ele>220.000</ele>
      </trkpt>
      <trkpt lat="45.233190000" lon="5.686030000">
        <ele>220.000</ele>
      </trkpt>
      <trkpt lat="45.233220000" lon="5.686060000">
        <ele>220.000</ele>
      </trkpt>
      <trkpt lat="45.233280000" lon="5.686120000">
        <ele>220.000</ele>
      </trkpt>
      <trkpt lat="45.233330000" lon="5.686180000">
        <ele>220.000</ele>
      </trkpt>
      <trkpt lat="45.234330000" lon="5.687110000">
        <ele>221.000</ele>
      </trkpt>
      <trkpt lat="45.234590000" lon="5.687350000">
        <ele>222.000</ele>
      </trkpt>
      <trkpt lat="45.234640000" lon="5.687400000">
        <ele>223.000</ele>
      </trkpt>
      <trkpt lat="45.234680000" lon="5.687440000">
        <ele>224.000</ele>
      </trkpt>
      <trkpt lat="45.234710000" lon="5.687470000">
        <ele>224.000</ele>
      </trkpt>
      <trkpt lat="45.234760000" lon="5.687520000">
        <ele>225.000</ele>
      </trkpt>
      <trkpt lat="45.234840000" lon="5.687600000">
        <ele>225.000</ele>
      </trkpt>
      <trkpt lat="45.234890000" lon="5.687640000">
        <ele>225.000</ele>
      </trkpt>
      <trkpt lat="45.234950000" lon="5.687700000">
        <ele>225.000</ele>
      </trkpt>
      <trkpt lat="45.234960000" lon="5.687710000">
        <ele>226.000</ele>
      </trkpt>
      <trkpt lat="45.235470000" lon="5.688180000">
        <ele>226.000</ele>
      </trkpt>
      <trkpt lat="45.235690000" lon="5.688380000">
        <ele>227.000</ele>
      </trkpt>
      <trkpt lat="45.235870000" lon="5.688550000">
        <ele>227.000</ele>
      </trkpt>
      <trkpt lat="45.235920000" lon="5.688600000">
        <ele>228.000</ele>
      </trkpt>
      <trkpt lat="45.235930000" lon="5.688610000">
        <ele>228.000</ele>
      </trkpt>
      <trkpt lat="45.236220000" lon="5.688880000">
        <ele>228.000</ele>
      </trkpt>
      <trkpt lat="45.236310000" lon="5.688960000">
        <ele>229.000</ele>
      </trkpt>
      <trkpt lat="45.236610000" lon="5.689250000">
        <ele>229.000</ele>
      </trkpt>
      <trkpt lat="45.236800000" lon="5.689420000">
        <ele>230.000</ele>
      </trkpt>
      <trkpt lat="45.236930000" lon="5.689500000">
        <ele>230.000</ele>
      </trkpt>
      <trkpt lat="45.237130000" lon="5.689580000">
        <ele>231.000</ele>
      </trkpt>
      <trkpt lat="45.237610000" lon="5.689550000">
        <ele>232.000</ele>
      </trkpt>
      <trkpt lat="45.237650000" lon="5.689550000">
        <ele>232.000</ele>
      </trkpt>
      <trkpt lat="45.237730000" lon="5.689530000">
        <ele>233.000</ele>
      </trkpt>
      <trkpt lat="45.237800000" lon="5.689630000">
        <ele>233.000</ele>
      </trkpt>
      <trkpt lat="45.237840000" lon="5.689650000">
        <ele>233.000</ele>
      </trkpt>
      <trkpt lat="45.237950000" lon="5.689670000">
        <ele>234.000</ele>
      </trkpt>
      <trkpt lat="45.237970000" lon="5.689680000">
        <ele>234.000</ele>
      </trkpt>
      <trkpt lat="45.238150000" lon="5.689720000">
        <ele>234.000</ele>
      </trkpt>
      <trkpt lat="45.238170000" lon="5.689720000">
        <ele>234.000</ele>
      </trkpt>
      <trkpt lat="45.238230000" lon="5.689730000">
        <ele>234.000</ele>
      </trkpt>
      <trkpt lat="45.238490000" lon="5.689790000">
        <ele>235.000</ele>
      </trkpt>
      <trkpt lat="45.238790000" lon="5.689860000">
        <ele>236.000</ele>
      </trkpt>
      <trkpt lat="45.239250000" lon="5.690040000">
        <ele>237.000</ele>
      </trkpt>
      <trkpt lat="45.239400000" lon="5.690100000">
        <ele>238.000</ele>
      </trkpt>
      <trkpt lat="45.239490000" lon="5.690190000">
        <ele>239.000</ele>
      </trkpt>
      <trkpt lat="45.239570000" lon="5.690340000">
        <ele>240.000</ele>
      </trkpt>
      <trkpt lat="45.239640000" lon="5.690540000">
        <ele>240.000</ele>
      </trkpt>
      <trkpt lat="45.239660000" lon="5.690590000">
        <ele>241.000</ele>
      </trkpt>
      <trkpt lat="45.239720000" lon="5.690770000">
        <ele>242.000</ele>
      </trkpt>
      <trkpt lat="45.239800000" lon="5.690930000">
        <ele>242.000</ele>
      </trkpt>
      <trkpt lat="45.239910000" lon="5.691150000">
        <ele>243.000</ele>
      </trkpt>
      <trkpt lat="45.239980000" lon="5.691120000">
        <ele>244.000</ele>
      </trkpt>
      <trkpt lat="45.240060000" lon="5.691120000">
        <ele>244.000</ele>
      </trkpt>
      <trkpt lat="45.240480000" lon="5.691290000">
        <ele>246.000</ele>
      </trkpt>
      <trkpt lat="45.240690000" lon="5.691370000">
        <ele>247.000</ele>
      </trkpt>
      <trkpt lat="45.240880000" lon="5.691470000">
        <ele>249.000</ele>
      </trkpt>
      <trkpt lat="45.240990000" lon="5.691530000">
        <ele>250.000</ele>
      </trkpt>
      <trkpt lat="45.241090000" lon="5.691590000">
        <ele>251.000</ele>
      </trkpt>
      <trkpt lat="45.241190000" lon="5.691660000">
        <ele>252.000</ele>
      </trkpt>
      <trkpt lat="45.241260000" lon="5.691720000">
        <ele>253.000</ele>
      </trkpt>
      <trkpt lat="45.241370000" lon="5.691820000">
        <ele>254.000</ele>
      </trkpt>
      <trkpt lat="45.241530000" lon="5.691960000">
        <ele>255.000</ele>
      </trkpt>
      <trkpt lat="45.241630000" lon="5.692070000">
        <ele>256.000</ele>
      </trkpt>
      <trkpt lat="45.241690000" lon="5.692160000">
        <ele>257.000</ele>
      </trkpt>
      <trkpt lat="45.241780000" lon="5.692290000">
        <ele>259.000</ele>
      </trkpt>
      <trkpt lat="45.242000000" lon="5.692560000">
        <ele>261.000</ele>
      </trkpt>
      <trkpt lat="45.242140000" lon="5.692680000">
        <ele>263.000</ele>
      </trkpt>
      <trkpt lat="45.242300000" lon="5.692800000">
        <ele>265.000</ele>
      </trkpt>
      <trkpt lat="45.242450000" lon="5.692900000">
        <ele>268.000</ele>
      </trkpt>
      <trkpt lat="45.242620000" lon="5.693000000">
        <ele>270.000</ele>
      </trkpt>
      <trkpt lat="45.242750000" lon="5.693060000">
        <ele>272.000</ele>
      </trkpt>
      <trkpt lat="45.242860000" lon="5.693120000">
        <ele>274.000</ele>
      </trkpt>
      <trkpt lat="45.242990000" lon="5.693140000">
        <ele>276.000</ele>
      </trkpt>
      <trkpt lat="45.243140000" lon="5.693160000">
        <ele>278.000</ele>
      </trkpt>
      <trkpt lat="45.243420000" lon="5.693190000">
        <ele>280.000</ele>
      </trkpt>
      <trkpt lat="45.243990000" lon="5.693260000">
        <ele>283.000</ele>
      </trkpt>
      <trkpt lat="45.244140000" lon="5.693290000">
        <ele>284.000</ele>
      </trkpt>
      <trkpt lat="45.244290000" lon="5.693350000">
        <ele>285.000</ele>
      </trkpt>
      <trkpt lat="45.244590000" lon="5.693480000">
        <ele>286.000</ele>
      </trkpt>
      <trkpt lat="45.244790000" lon="5.693550000">
        <ele>287.000</ele>
      </trkpt>
      <trkpt lat="45.244980000" lon="5.693650000">
        <ele>288.000</ele>
      </trkpt>
      <trkpt lat="45.245080000" lon="5.693720000">
        <ele>288.000</ele>
      </trkpt>
      <trkpt lat="45.245180000" lon="5.693810000">
        <ele>289.000</ele>
      </trkpt>
      <trkpt lat="45.245270000" lon="5.693910000">
        <ele>289.000</ele>
      </trkpt>
      <trkpt lat="45.245350000" lon="5.694040000">
        <ele>288.000</ele>
      </trkpt>
      <trkpt lat="45.245430000" lon="5.694180000">
        <ele>288.000</ele>
      </trkpt>
      <trkpt lat="45.245470000" lon="5.694290000">
        <ele>287.000</ele>
      </trkpt>
      <trkpt lat="45.245510000" lon="5.694410000">
        <ele>287.000</ele>
      </trkpt>
      <trkpt lat="45.245540000" lon="5.694520000">
        <ele>286.000</ele>
      </trkpt>
      <trkpt lat="45.245580000" lon="5.694650000">
        <ele>286.000</ele>
      </trkpt>
      <trkpt lat="45.245590000" lon="5.694830000">
        <ele>285.000</ele>
      </trkpt>
      <trkpt lat="45.245600000" lon="5.695020000">
        <ele>284.000</ele>
      </trkpt>
      <trkpt lat="45.245620000" lon="5.695600000">
        <ele>283.000</ele>
      </trkpt>
      <trkpt lat="45.245620000" lon="5.695710000">
        <ele>282.000</ele>
      </trkpt>
      <trkpt lat="45.245640000" lon="5.695820000">
        <ele>281.000</ele>
      </trkpt>
      <trkpt lat="45.245660000" lon="5.695940000">
        <ele>280.000</ele>
      </trkpt>
      <trkpt lat="45.245790000" lon="5.696250000">
        <ele>279.000</ele>
      </trkpt>
      <trkpt lat="45.245900000" lon="5.696470000">
        <ele>278.000</ele>
      </trkpt>
      <trkpt lat="45.245960000" lon="5.696580000">
        <ele>278.000</ele>
      </trkpt>
      <trkpt lat="45.246020000" lon="5.696700000">
        <ele>278.000</ele>
      </trkpt>
      <trkpt lat="45.246080000" lon="5.696830000">
        <ele>278.000</ele>
      </trkpt>
      <trkpt lat="45.246150000" lon="5.697020000">
        <ele>279.000</ele>
      </trkpt>
      <trkpt lat="45.246230000" lon="5.697260000">
        <ele>279.000</ele>
      </trkpt>
      <trkpt lat="45.246330000" lon="5.697520000">
        <ele>280.000</ele>
      </trkpt>
      <trkpt lat="45.246380000" lon="5.697650000">
        <ele>280.000</ele>
      </trkpt>
      <trkpt lat="45.246460000" lon="5.697800000">
        <ele>281.000</ele>
      </trkpt>
      <trkpt lat="45.246480000" lon="5.697830000">
        <ele>281.000</ele>
      </trkpt>
      <trkpt lat="45.246520000" lon="5.697880000">
        <ele>281.000</ele>
      </trkpt>
      <trkpt lat="45.246630000" lon="5.698040000">
        <ele>282.000</ele>
      </trkpt>
      <trkpt lat="45.246960000" lon="5.698490000">
        <ele>283.000</ele>
      </trkpt>
      <trkpt lat="45.247080000" lon="5.698630000">
        <ele>283.000</ele>
      </trkpt>
      <trkpt lat="45.247120000" lon="5.698680000">
        <ele>284.000</ele>
      </trkpt>
      <trkpt lat="45.247150000" lon="5.698750000">
        <ele>284.000</ele>
      </trkpt>
      <trkpt lat="45.247180000" lon="5.698890000">
        <ele>284.000</ele>
      </trkpt>
      <trkpt lat="45.247200000" lon="5.699020000">
        <ele>285.000</ele>
      </trkpt>
      <trkpt lat="45.247240000" lon="5.699080000">
        <ele>285.000</ele>
      </trkpt>
      <trkpt lat="45.247290000" lon="5.699130000">
        <ele>285.000</ele>
      </trkpt>
      <trkpt lat="45.247360000" lon="5.699160000">
        <ele>285.000</ele>
      </trkpt>
      <trkpt lat="45.247440000" lon="5.699180000">
        <ele>285.000</ele>
      </trkpt>
      <trkpt lat="45.247540000" lon="5.699200000">
        <ele>285.000</ele>
      </trkpt>
      <trkpt lat="45.247610000" lon="5.699200000">
        <ele>285.000</ele>
      </trkpt>
      <trkpt lat="45.247690000" lon="5.699190000">
        <ele>285.000</ele>
      </trkpt>
      <trkpt lat="45.247830000" lon="5.699150000">
        <ele>286.000</ele>
      </trkpt>
      <trkpt lat="45.247880000" lon="5.699140000">
        <ele>286.000</ele>
      </trkpt>
      <trkpt lat="45.247930000" lon="5.699160000">
        <ele>286.000</ele>
      </trkpt>
      <trkpt lat="45.247950000" lon="5.699190000">
        <ele>286.000</ele>
      </trkpt>
      <trkpt lat="45.247970000" lon="5.699240000">
        <ele>286.000</ele>
      </trkpt>
      <trkpt lat="45.247950000" lon="5.699320000">
        <ele>286.000</ele>
      </trkpt>
      <trkpt lat="45.247900000" lon="5.699350000">
        <ele>286.000</ele>
      </trkpt>
      <trkpt lat="45.247830000" lon="5.699350000">
        <ele>286.000</ele>
      </trkpt>
      <trkpt lat="45.247760000" lon="5.699350000">
        <ele>286.000</ele>
      </trkpt>
      <trkpt lat="45.247670000" lon="5.699360000">
        <ele>286.000</ele>
      </trkpt>
      <trkpt lat="45.247540000" lon="5.699410000">
        <ele>286.000</ele>
      </trkpt>
      <trkpt lat="45.247480000" lon="5.699440000">
        <ele>286.000</ele>
      </trkpt>
      <trkpt lat="45.247430000" lon="5.699490000">
        <ele>287.000</ele>
      </trkpt>
      <trkpt lat="45.247410000" lon="5.699550000">
        <ele>287.000</ele>
      </trkpt>
      <trkpt lat="45.247410000" lon="5.699590000">
        <ele>288.000</ele>
      </trkpt>
      <trkpt lat="45.247430000" lon="5.699650000">
        <ele>288.000</ele>
      </trkpt>
      <trkpt lat="45.247460000" lon="5.699690000">
        <ele>289.000</ele>
      </trkpt>
      <trkpt lat="45.247530000" lon="5.699710000">
        <ele>290.000</ele>
      </trkpt>
      <trkpt lat="45.247600000" lon="5.699720000">
        <ele>291.000</ele>
      </trkpt>
      <trkpt lat="45.247700000" lon="5.699710000">
        <ele>292.000</ele>
      </trkpt>
      <trkpt lat="45.247840000" lon="5.699690000">
        <ele>294.000</ele>
      </trkpt>
      <trkpt lat="45.247990000" lon="5.699660000">
        <ele>296.000</ele>
      </trkpt>
      <trkpt lat="45.248150000" lon="5.699650000">
        <ele>298.000</ele>
      </trkpt>
      <trkpt lat="45.248260000" lon="5.699640000">
        <ele>300.000</ele>
      </trkpt>
      <trkpt lat="45.248320000" lon="5.699650000">
        <ele>302.000</ele>
      </trkpt>
      <trkpt lat="45.248390000" lon="5.699660000">
        <ele>304.000</ele>
      </trkpt>
      <trkpt lat="45.248490000" lon="5.699700000">
        <ele>305.000</ele>
      </trkpt>
      <trkpt lat="45.248600000" lon="5.699760000">
        <ele>307.000</ele>
      </trkpt>
      <trkpt lat="45.248680000" lon="5.699820000">
        <ele>309.000</ele>
      </trkpt>
      <trkpt lat="45.248740000" lon="5.699900000">
        <ele>311.000</ele>
      </trkpt>
      <trkpt lat="45.248800000" lon="5.700000000">
        <ele>312.000</ele>
      </trkpt>
      <trkpt lat="45.248850000" lon="5.700150000">
        <ele>314.000</ele>
      </trkpt>
      <trkpt lat="45.248880000" lon="5.700290000">
        <ele>316.000</ele>
      </trkpt>
      <trkpt lat="45.248890000" lon="5.700380000">
        <ele>317.000</ele>
      </trkpt>
      <trkpt lat="45.248910000" lon="5.700460000">
        <ele>319.000</ele>
      </trkpt>
      <trkpt lat="45.248930000" lon="5.700520000">
        <ele>320.000</ele>
      </trkpt>
      <trkpt lat="45.248980000" lon="5.700570000">
        <ele>321.000</ele>
      </trkpt>
      <trkpt lat="45.249030000" lon="5.700620000">
        <ele>322.000</ele>
      </trkpt>
      <trkpt lat="45.249100000" lon="5.700660000">
        <ele>323.000</ele>
      </trkpt>
      <trkpt lat="45.249290000" lon="5.700800000">
        <ele>325.000</ele>
      </trkpt>
      <trkpt lat="45.249500000" lon="5.700900000">
        <ele>328.000</ele>
      </trkpt>
      <trkpt lat="45.249710000" lon="5.701010000">
        <ele>331.000</ele>
      </trkpt>
      <trkpt lat="45.249800000" lon="5.701060000">
        <ele>333.000</ele>
      </trkpt>
      <trkpt lat="45.249880000" lon="5.701140000">
        <ele>336.000</ele>
      </trkpt>
      <trkpt lat="45.249970000" lon="5.701240000">
        <ele>338.000</ele>
      </trkpt>
      <trkpt lat="45.250050000" lon="5.701370000">
        <ele>340.000</ele>
      </trkpt>
      <trkpt lat="45.250150000" lon="5.701550000">
        <ele>342.000</ele>
      </trkpt>
      <trkpt lat="45.250180000" lon="5.701610000">
        <ele>344.000</ele>
      </trkpt>
      <trkpt lat="45.250210000" lon="5.701670000">
        <ele>346.000</ele>
      </trkpt>
      <trkpt lat="45.250240000" lon="5.701690000">
        <ele>347.000</ele>
      </trkpt>
      <trkpt lat="45.250270000" lon="5.701680000">
        <ele>348.000</ele>
      </trkpt>
      <trkpt lat="45.250300000" lon="5.701660000">
        <ele>349.000</ele>
      </trkpt>
      <trkpt lat="45.250330000" lon="5.701620000">
        <ele>349.000</ele>
      </trkpt>
      <trkpt lat="45.250340000" lon="5.701570000">
        <ele>350.000</ele>
      </trkpt>
      <trkpt lat="45.250330000" lon="5.701510000">
        <ele>350.000</ele>
      </trkpt>
      <trkpt lat="45.250310000" lon="5.701440000">
        <ele>350.000</ele>
      </trkpt>
      <trkpt lat="45.250100000" lon="5.701050000">
        <ele>350.000</ele>
      </trkpt>
      <trkpt lat="45.249990000" lon="5.700840000">
        <ele>350.000</ele>
      </trkpt>
      <trkpt lat="45.249860000" lon="5.700690000">
        <ele>350.000</ele>
      </trkpt>
      <trkpt lat="45.249780000" lon="5.700610000">
        <ele>350.000</ele>
      </trkpt>
      <trkpt lat="45.249690000" lon="5.700540000">
        <ele>350.000</ele>
      </trkpt>
      <trkpt lat="45.249540000" lon="5.700460000">
        <ele>350.000</ele>
      </trkpt>
      <trkpt lat="45.249450000" lon="5.700400000">
        <ele>350.000</ele>
      </trkpt>
      <trkpt lat="45.249380000" lon="5.700360000">
        <ele>350.000</ele>
      </trkpt>
      <trkpt lat="45.249350000" lon="5.700280000">
        <ele>350.000</ele>
      </trkpt>
      <trkpt lat="45.249350000" lon="5.700220000">
        <ele>350.000</ele>
      </trkpt>
      <trkpt lat="45.249370000" lon="5.700160000">
        <ele>350.000</ele>
      </trkpt>
      <trkpt lat="45.249410000" lon="5.700150000">
        <ele>350.000</ele>
      </trkpt>
      <trkpt lat="45.249470000" lon="5.700170000">
        <ele>350.000</ele>
      </trkpt>
      <trkpt lat="45.249560000" lon="5.700200000">
        <ele>350.000</ele>
      </trkpt>
      <trkpt lat="45.249760000" lon="5.700300000">
        <ele>350.000</ele>
      </trkpt>
      <trkpt lat="45.249910000" lon="5.700410000">
        <ele>351.000</ele>
      </trkpt>
      <trkpt lat="45.250090000" lon="5.700550000">
        <ele>353.000</ele>
      </trkpt>
      <trkpt lat="45.250240000" lon="5.700700000">
        <ele>356.000</ele>
      </trkpt>
      <trkpt lat="45.250330000" lon="5.700830000">
        <ele>358.000</ele>
      </trkpt>
      <trkpt lat="45.250390000" lon="5.700900000">
        <ele>361.000</ele>
      </trkpt>
      <trkpt lat="45.250510000" lon="5.700960000">
        <ele>363.000</ele>
      </trkpt>
      <trkpt lat="45.250630000" lon="5.701010000">
        <ele>366.000</ele>
      </trkpt>
      <trkpt lat="45.250680000" lon="5.701060000">
        <ele>368.000</ele>
      </trkpt>
      <trkpt lat="45.250710000" lon="5.701100000">
        <ele>370.000</ele>
      </trkpt>
      <trkpt lat="45.250750000" lon="5.701180000">
        <ele>371.000</ele>
      </trkpt>
      <trkpt lat="45.250820000" lon="5.701480000">
        <ele>374.000</ele>
      </trkpt>
      <trkpt lat="45.250880000" lon="5.701670000">
        <ele>377.000</ele>
      </trkpt>
      <trkpt lat="45.250950000" lon="5.701840000">
        <ele>379.000</ele>
      </trkpt>
      <trkpt lat="45.251020000" lon="5.701970000">
        <ele>382.000</ele>
      </trkpt>
      <trkpt lat="45.251110000" lon="5.702080000">
        <ele>384.000</ele>
      </trkpt>
      <trkpt lat="45.251180000" lon="5.702160000">
        <ele>386.000</ele>
      </trkpt>
      <trkpt lat="45.251250000" lon="5.702220000">
        <ele>387.000</ele>
      </trkpt>
      <trkpt lat="45.251360000" lon="5.702300000">
        <ele>388.000</ele>
      </trkpt>
      <trkpt lat="45.251460000" lon="5.702360000">
        <ele>389.000</ele>
      </trkpt>
      <trkpt lat="45.251560000" lon="5.702410000">
        <ele>390.000</ele>
      </trkpt>
      <trkpt lat="45.251630000" lon="5.702430000">
        <ele>391.000</ele>
      </trkpt>
      <trkpt lat="45.251680000" lon="5.702440000">
        <ele>392.000</ele>
      </trkpt>
      <trkpt lat="45.251720000" lon="5.702430000">
        <ele>392.000</ele>
      </trkpt>
      <trkpt lat="45.251740000" lon="5.702370000">
        <ele>393.000</ele>
      </trkpt>
      <trkpt lat="45.251740000" lon="5.702310000">
        <ele>393.000</ele>
      </trkpt>
      <trkpt lat="45.251720000" lon="5.702280000">
        <ele>393.000</ele>
      </trkpt>
      <trkpt lat="45.251690000" lon="5.702260000">
        <ele>394.000</ele>
      </trkpt>
      <trkpt lat="45.251650000" lon="5.702240000">
        <ele>394.000</ele>
      </trkpt>
      <trkpt lat="45.251600000" lon="5.702240000">
        <ele>394.000</ele>
      </trkpt>
      <trkpt lat="45.251560000" lon="5.702250000">
        <ele>395.000</ele>
      </trkpt>
      <trkpt lat="45.251480000" lon="5.702230000">
        <ele>395.000</ele>
      </trkpt>
      <trkpt lat="45.251420000" lon="5.702210000">
        <ele>395.000</ele>
      </trkpt>
      <trkpt lat="45.251380000" lon="5.702160000">
        <ele>396.000</ele>
      </trkpt>
      <trkpt lat="45.251340000" lon="5.702100000">
        <ele>396.000</ele>
      </trkpt>
      <trkpt lat="45.251300000" lon="5.702040000">
        <ele>397.000</ele>
      </trkpt>
      <trkpt lat="45.251270000" lon="5.701940000">
        <ele>397.000</ele>
      </trkpt>
      <trkpt lat="45.251260000" lon="5.701880000">
        <ele>397.000</ele>
      </trkpt>
      <trkpt lat="45.251250000" lon="5.701810000">
        <ele>398.000</ele>
      </trkpt>
      <trkpt lat="45.251250000" lon="5.701740000">
        <ele>398.000</ele>
      </trkpt>
      <trkpt lat="45.251250000" lon="5.701670000">
        <ele>399.000</ele>
      </trkpt>
      <trkpt lat="45.251270000" lon="5.701620000">
        <ele>399.000</ele>
      </trkpt>
      <trkpt lat="45.251280000" lon="5.701570000">
        <ele>399.000</ele>
      </trkpt>
      <trkpt lat="45.251310000" lon="5.701520000">
        <ele>400.000</ele>
      </trkpt>
      <trkpt lat="45.251360000" lon="5.701500000">
        <ele>400.000</ele>
      </trkpt>
      <trkpt lat="45.251420000" lon="5.701480000">
        <ele>400.000</ele>
      </trkpt>
      <trkpt lat="45.251540000" lon="5.701490000">
        <ele>401.000</ele>
      </trkpt>
      <trkpt lat="45.251620000" lon="5.701500000">
        <ele>402.000</ele>
      </trkpt>
      <trkpt lat="45.251690000" lon="5.701470000">
        <ele>403.000</ele>
      </trkpt>
      <trkpt lat="45.251750000" lon="5.701440000">
        <ele>404.000</ele>
      </trkpt>
      <trkpt lat="45.251820000" lon="5.701410000">
        <ele>405.000</ele>
      </trkpt>
      <trkpt lat="45.251900000" lon="5.701350000">
        <ele>406.000</ele>
      </trkpt>
      <trkpt lat="45.251970000" lon="5.701250000">
        <ele>407.000</ele>
      </trkpt>
      <trkpt lat="45.252040000" lon="5.701130000">
        <ele>408.000</ele>
      </trkpt>
      <trkpt lat="45.252220000" lon="5.700780000">
        <ele>410.000</ele>
      </trkpt>
      <trkpt lat="45.252330000" lon="5.700600000">
        <ele>413.000</ele>
      </trkpt>
      <trkpt lat="45.252400000" lon="5.700500000">
        <ele>415.000</ele>
      </trkpt>
      <trkpt lat="45.252470000" lon="5.700420000">
        <ele>416.000</ele>
      </trkpt>
      <trkpt lat="45.252540000" lon="5.700370000">
        <ele>418.000</ele>
      </trkpt>
      <trkpt lat="45.252650000" lon="5.700320000">
        <ele>419.000</ele>
      </trkpt>
      <trkpt lat="45.252770000" lon="5.700300000">
        <ele>421.000</ele>
      </trkpt>
      <trkpt lat="45.253050000" lon="5.700260000">
        <ele>423.000</ele>
      </trkpt>
      <trkpt lat="45.253330000" lon="5.700260000">
        <ele>426.000</ele>
      </trkpt>
      <trkpt lat="45.253600000" lon="5.700230000">
        <ele>429.000</ele>
      </trkpt>
      <trkpt lat="45.253880000" lon="5.700220000">
        <ele>432.000</ele>
      </trkpt>
      <trkpt lat="45.253960000" lon="5.700230000">
        <ele>434.000</ele>
      </trkpt>
      <trkpt lat="45.254020000" lon="5.700260000">
        <ele>436.000</ele>
      </trkpt>
      <trkpt lat="45.254060000" lon="5.700300000">
        <ele>437.000</ele>
      </trkpt>
      <trkpt lat="45.254110000" lon="5.700360000">
        <ele>439.000</ele>
      </trkpt>
      <trkpt lat="45.254150000" lon="5.700470000">
        <ele>440.000</ele>
      </trkpt>
      <trkpt lat="45.254170000" lon="5.700560000">
        <ele>441.000</ele>
      </trkpt>
      <trkpt lat="45.254170000" lon="5.700660000">
        <ele>442.000</ele>
      </trkpt>
      <trkpt lat="45.254160000" lon="5.700760000">
        <ele>443.000</ele>
      </trkpt>
      <trkpt lat="45.254140000" lon="5.700870000">
        <ele>444.000</ele>
      </trkpt>
      <trkpt lat="45.254100000" lon="5.700990000">
        <ele>445.000</ele>
      </trkpt>
      <trkpt lat="45.254020000" lon="5.701170000">
        <ele>446.000</ele>
      </trkpt>
      <trkpt lat="45.253970000" lon="5.701340000">
        <ele>448.000</ele>
      </trkpt>
      <trkpt lat="45.253950000" lon="5.701430000">
        <ele>449.000</ele>
      </trkpt>
      <trkpt lat="45.253940000" lon="5.701460000">
        <ele>450.000</ele>
      </trkpt>
      <trkpt lat="45.253890000" lon="5.701750000">
        <ele>451.000</ele>
      </trkpt>
      <trkpt lat="45.253860000" lon="5.702120000">
        <ele>452.000</ele>
      </trkpt>
      <trkpt lat="45.253850000" lon="5.702300000">
        <ele>454.000</ele>
      </trkpt>
      <trkpt lat="45.253890000" lon="5.702530000">
        <ele>455.000</ele>
      </trkpt>
      <trkpt lat="45.253920000" lon="5.702680000">
        <ele>456.000</ele>
      </trkpt>
      <trkpt lat="45.253960000" lon="5.702870000">
        <ele>458.000</ele>
      </trkpt>
      <trkpt lat="45.254040000" lon="5.703190000">
        <ele>459.000</ele>
      </trkpt>
      <trkpt lat="45.254240000" lon="5.703840000">
        <ele>462.000</ele>
      </trkpt>
      <trkpt lat="45.254360000" lon="5.704240000">
        <ele>465.000</ele>
      </trkpt>
      <trkpt lat="45.254420000" lon="5.704360000">
        <ele>467.000</ele>
      </trkpt>
      <trkpt lat="45.254490000" lon="5.704450000">
        <ele>469.000</ele>
      </trkpt>
      <trkpt lat="45.254690000" lon="5.704690000">
        <ele>472.000</ele>
      </trkpt>
      <trkpt lat="45.254780000" lon="5.704810000">
        <ele>474.000</ele>
      </trkpt>
      <trkpt lat="45.254870000" lon="5.704900000">
        <ele>476.000</ele>
      </trkpt>
      <trkpt lat="45.255000000" lon="5.705030000">
        <ele>478.000</ele>
      </trkpt>
      <trkpt lat="45.255070000" lon="5.705090000">
        <ele>480.000</ele>
      </trkpt>
      <trkpt lat="45.255130000" lon="5.705110000">
        <ele>481.000</ele>
      </trkpt>
      <trkpt lat="45.255190000" lon="5.705120000">
        <ele>483.000</ele>
      </trkpt>
      <trkpt lat="45.255470000" lon="5.705200000">
        <ele>485.000</ele>
      </trkpt>
      <trkpt lat="45.255640000" lon="5.705260000">
        <ele>487.000</ele>
      </trkpt>
      <trkpt lat="45.255750000" lon="5.705310000">
        <ele>489.000</ele>
      </trkpt>
      <trkpt lat="45.255830000" lon="5.705380000">
        <ele>491.000</ele>
      </trkpt>
      <trkpt lat="45.256140000" lon="5.705600000">
        <ele>494.000</ele>
      </trkpt>
      <trkpt lat="45.256300000" lon="5.705720000">
        <ele>496.000</ele>
      </trkpt>
      <trkpt lat="45.256560000" lon="5.705890000">
        <ele>499.000</ele>
      </trkpt>
      <trkpt lat="45.256730000" lon="5.705990000">
        <ele>502.000</ele>
      </trkpt>
      <trkpt lat="45.256960000" lon="5.706080000">
        <ele>505.000</ele>
      </trkpt>
      <trkpt lat="45.257180000" lon="5.706190000">
        <ele>508.000</ele>
      </trkpt>
      <trkpt lat="45.257430000" lon="5.706330000">
        <ele>511.000</ele>
      </trkpt>
      <trkpt lat="45.257600000" lon="5.706480000">
        <ele>514.000</ele>
      </trkpt>
      <trkpt lat="45.257730000" lon="5.706630000">
        <ele>516.000</ele>
      </trkpt>
      <trkpt lat="45.257940000" lon="5.706850000">
        <ele>519.000</ele>
      </trkpt>
      <trkpt lat="45.257990000" lon="5.706930000">
        <ele>521.000</ele>
      </trkpt>
      <trkpt lat="45.258030000" lon="5.707030000">
        <ele>523.000</ele>
      </trkpt>
      <trkpt lat="45.258050000" lon="5.707130000">
        <ele>524.000</ele>
      </trkpt>
      <trkpt lat="45.258080000" lon="5.707320000">
        <ele>525.000</ele>
      </trkpt>
      <trkpt lat="45.258090000" lon="5.707450000">
        <ele>527.000</ele>
      </trkpt>
      <trkpt lat="45.258090000" lon="5.707590000">
        <ele>528.000</ele>
      </trkpt>
      <trkpt lat="45.258070000" lon="5.707750000">
        <ele>529.000</ele>
      </trkpt>
      <trkpt lat="45.258060000" lon="5.707890000">
        <ele>530.000</ele>
      </trkpt>
      <trkpt lat="45.258040000" lon="5.707990000">
        <ele>531.000</ele>
      </trkpt>
      <trkpt lat="45.258020000" lon="5.708050000">
        <ele>532.000</ele>
      </trkpt>
      <trkpt lat="45.258000000" lon="5.708110000">
        <ele>533.000</ele>
      </trkpt>
      <trkpt lat="45.257920000" lon="5.708190000">
        <ele>534.000</ele>
      </trkpt>
      <trkpt lat="45.257820000" lon="5.708200000">
        <ele>535.000</ele>
      </trkpt>
      <trkpt lat="45.257750000" lon="5.708180000">
        <ele>536.000</ele>
      </trkpt>
      <trkpt lat="45.257700000" lon="5.708080000">
        <ele>536.000</ele>
      </trkpt>
      <trkpt lat="45.257590000" lon="5.707910000">
        <ele>536.000</ele>
      </trkpt>
      <trkpt lat="45.257430000" lon="5.707810000">
        <ele>536.000</ele>
      </trkpt>
      <trkpt lat="45.257290000" lon="5.707800000">
        <ele>536.000</ele>
      </trkpt>
      <trkpt lat="45.257070000" lon="5.707930000">
        <ele>536.000</ele>
      </trkpt>
      <trkpt lat="45.256910000" lon="5.708140000">
        <ele>536.000</ele>
      </trkpt>
      <trkpt lat="45.256590000" lon="5.708840000">
        <ele>535.000</ele>
      </trkpt>
      <trkpt lat="45.256320000" lon="5.709620000">
        <ele>534.000</ele>
      </trkpt>
      <trkpt lat="45.256280000" lon="5.709770000">
        <ele>533.000</ele>
      </trkpt>
      <trkpt lat="45.256280000" lon="5.709770000">
        <ele>533.000</ele>
      </trkpt>
      <trkpt lat="45.256260000" lon="5.709890000">
        <ele>532.000</ele>
      </trkpt>
      <trkpt lat="45.256260000" lon="5.710010000">
        <ele>532.000</ele>
      </trkpt>
      <trkpt lat="45.256290000" lon="5.710210000">
        <ele>532.000</ele>
      </trkpt>
      <trkpt lat="45.256300000" lon="5.710240000">
        <ele>532.000</ele>
      </trkpt>
      <trkpt lat="45.256360000" lon="5.710450000">
        <ele>532.000</ele>
      </trkpt>
      <trkpt lat="45.256380000" lon="5.710550000">
        <ele>532.000</ele>
      </trkpt>
      <trkpt lat="45.256380000" lon="5.710680000">
        <ele>532.000</ele>
      </trkpt>
      <trkpt lat="45.256370000" lon="5.710780000">
        <ele>532.000</ele>
      </trkpt>
      <trkpt lat="45.256350000" lon="5.710870000">
        <ele>532.000</ele>
      </trkpt>
      <trkpt lat="45.256330000" lon="5.710930000">
        <ele>532.000</ele>
      </trkpt>
      <trkpt lat="45.256310000" lon="5.711030000">
        <ele>532.000</ele>
      </trkpt>
      <trkpt lat="45.256320000" lon="5.711130000">
        <ele>533.000</ele>
      </trkpt>
      <trkpt lat="45.256490000" lon="5.711620000">
        <ele>533.000</ele>
      </trkpt>
      <trkpt lat="45.256510000" lon="5.711720000">
        <ele>533.000</ele>
      </trkpt>
      <trkpt lat="45.256520000" lon="5.711820000">
        <ele>533.000</ele>
      </trkpt>
      <trkpt lat="45.256520000" lon="5.711950000">
        <ele>533.000</ele>
      </trkpt>
      <trkpt lat="45.256490000" lon="5.712090000">
        <ele>533.000</ele>
      </trkpt>
      <trkpt lat="45.256440000" lon="5.712160000">
        <ele>533.000</ele>
      </trkpt>
      <trkpt lat="45.256390000" lon="5.712260000">
        <ele>534.000</ele>
      </trkpt>
      <trkpt lat="45.256220000" lon="5.712500000">
        <ele>534.000</ele>
      </trkpt>
      <trkpt lat="45.256170000" lon="5.712560000">
        <ele>534.000</ele>
      </trkpt>
      <trkpt lat="45.256100000" lon="5.712590000">
        <ele>535.000</ele>
      </trkpt>
      <trkpt lat="45.255980000" lon="5.712620000">
        <ele>535.000</ele>
      </trkpt>
      <trkpt lat="45.255650000" lon="5.712730000">
        <ele>536.000</ele>
      </trkpt>
      <trkpt lat="45.255500000" lon="5.712780000">
        <ele>536.000</ele>
      </trkpt>
      <trkpt lat="45.255340000" lon="5.712870000">
        <ele>537.000</ele>
      </trkpt>
      <trkpt lat="45.255110000" lon="5.713040000">
        <ele>537.000</ele>
      </trkpt>
      <trkpt lat="45.254890000" lon="5.713200000">
        <ele>538.000</ele>
      </trkpt>
      <trkpt lat="45.254650000" lon="5.713340000">
        <ele>539.000</ele>
      </trkpt>
      <trkpt lat="45.254400000" lon="5.713450000">
        <ele>539.000</ele>
      </trkpt>
      <trkpt lat="45.254350000" lon="5.713480000">
        <ele>539.000</ele>
      </trkpt>
      <trkpt lat="45.254270000" lon="5.713490000">
        <ele>539.000</ele>
      </trkpt>
      <trkpt lat="45.254170000" lon="5.713480000">
        <ele>539.000</ele>
      </trkpt>
      <trkpt lat="45.254060000" lon="5.713480000">
        <ele>539.000</ele>
      </trkpt>
      <trkpt lat="45.253980000" lon="5.713520000">
        <ele>539.000</ele>
      </trkpt>
      <trkpt lat="45.253910000" lon="5.713570000">
        <ele>539.000</ele>
      </trkpt>
      <trkpt lat="45.253690000" lon="5.713780000">
        <ele>539.000</ele>
      </trkpt>
      <trkpt lat="45.253540000" lon="5.713970000">
        <ele>539.000</ele>
      </trkpt>
      <trkpt lat="45.253400000" lon="5.714170000">
        <ele>539.000</ele>
      </trkpt>
      <trkpt lat="45.253300000" lon="5.714360000">
        <ele>539.000</ele>
      </trkpt>
      <trkpt lat="45.253210000" lon="5.714560000">
        <ele>539.000</ele>
      </trkpt>
      <trkpt lat="45.253150000" lon="5.714710000">
        <ele>538.000</ele>
      </trkpt>
      <trkpt lat="45.253100000" lon="5.714880000">
        <ele>538.000</ele>
      </trkpt>
      <trkpt lat="45.253070000" lon="5.715100000">
        <ele>538.000</ele>
      </trkpt>
      <trkpt lat="45.253030000" lon="5.715290000">
        <ele>538.000</ele>
      </trkpt>
      <trkpt lat="45.252980000" lon="5.715620000">
        <ele>538.000</ele>
      </trkpt>
      <trkpt lat="45.252940000" lon="5.715860000">
        <ele>538.000</ele>
      </trkpt>
      <trkpt lat="45.252900000" lon="5.716230000">
        <ele>537.000</ele>
      </trkpt>
      <trkpt lat="45.252900000" lon="5.716340000">
        <ele>537.000</ele>
      </trkpt>
      <trkpt lat="45.252910000" lon="5.716410000">
        <ele>537.000</ele>
      </trkpt>
      <trkpt lat="45.252950000" lon="5.716510000">
        <ele>537.000</ele>
      </trkpt>
      <trkpt lat="45.253030000" lon="5.716630000">
        <ele>537.000</ele>
      </trkpt>
      <trkpt lat="45.253100000" lon="5.716740000">
        <ele>537.000</ele>
      </trkpt>
      <trkpt lat="45.253120000" lon="5.716780000">
        <ele>537.000</ele>
      </trkpt>
      <trkpt lat="45.253170000" lon="5.716870000">
        <ele>536.000</ele>
      </trkpt>
      <trkpt lat="45.253200000" lon="5.716960000">
        <ele>536.000</ele>
      </trkpt>
      <trkpt lat="45.253220000" lon="5.717070000">
        <ele>536.000</ele>
      </trkpt>
      <trkpt lat="45.253230000" lon="5.717180000">
        <ele>535.000</ele>
      </trkpt>
      <trkpt lat="45.253220000" lon="5.717280000">
        <ele>535.000</ele>
      </trkpt>
      <trkpt lat="45.253210000" lon="5.717350000">
        <ele>534.000</ele>
      </trkpt>
      <trkpt lat="45.253200000" lon="5.717410000">
        <ele>534.000</ele>
      </trkpt>
      <trkpt lat="45.253170000" lon="5.717520000">
        <ele>533.000</ele>
      </trkpt>
      <trkpt lat="45.253070000" lon="5.717670000">
        <ele>533.000</ele>
      </trkpt>
      <trkpt lat="45.252960000" lon="5.717790000">
        <ele>532.000</ele>
      </trkpt>
      <trkpt lat="45.252940000" lon="5.717810000">
        <ele>532.000</ele>
      </trkpt>
      <trkpt lat="45.252850000" lon="5.717940000">
        <ele>531.000</ele>
      </trkpt>
      <trkpt lat="45.252810000" lon="5.718000000">
        <ele>530.000</ele>
      </trkpt>
      <trkpt lat="45.252750000" lon="5.718090000">
        <ele>530.000</ele>
      </trkpt>
      <trkpt lat="45.252690000" lon="5.718180000">
        <ele>529.000</ele>
      </trkpt>
      <trkpt lat="45.252680000" lon="5.718230000">
        <ele>529.000</ele>
      </trkpt>
      <trkpt lat="45.252680000" lon="5.718300000">
        <ele>528.000</ele>
      </trkpt>
      <trkpt lat="45.252680000" lon="5.718370000">
        <ele>528.000</ele>
      </trkpt>
      <trkpt lat="45.252690000" lon="5.718450000">
        <ele>528.000</ele>
      </trkpt>
      <trkpt lat="45.252830000" lon="5.718840000">
        <ele>527.000</ele>
      </trkpt>
      <trkpt lat="45.252850000" lon="5.718930000">
        <ele>526.000</ele>
      </trkpt>
      <trkpt lat="45.252860000" lon="5.719020000">
        <ele>525.000</ele>
      </trkpt>
      <trkpt lat="45.252860000" lon="5.719060000">
        <ele>525.000</ele>
      </trkpt>
      <trkpt lat="45.252860000" lon="5.719120000">
        <ele>525.000</ele>
      </trkpt>
      <trkpt lat="45.252870000" lon="5.719370000">
        <ele>525.000</ele>
      </trkpt>
      <trkpt lat="45.252880000" lon="5.719610000">
        <ele>524.000</ele>
      </trkpt>
      <trkpt lat="45.252920000" lon="5.719750000">
        <ele>524.000</ele>
      </trkpt>
      <trkpt lat="45.253000000" lon="5.719830000">
        <ele>524.000</ele>
      </trkpt>
      <trkpt lat="45.253070000" lon="5.719850000">
        <ele>524.000</ele>
      </trkpt>
      <trkpt lat="45.253140000" lon="5.719860000">
        <ele>524.000</ele>
      </trkpt>
      <trkpt lat="45.253310000" lon="5.719830000">
        <ele>524.000</ele>
      </trkpt>
      <trkpt lat="45.253380000" lon="5.719820000">
        <ele>524.000</ele>
      </trkpt>
      <trkpt lat="45.253410000" lon="5.719810000">
        <ele>524.000</ele>
      </trkpt>
      <trkpt lat="45.253440000" lon="5.719810000">
        <ele>523.000</ele>
      </trkpt>
      <trkpt lat="45.253470000" lon="5.719830000">
        <ele>523.000</ele>
      </trkpt>
      <trkpt lat="45.253500000" lon="5.719860000">
        <ele>523.000</ele>
      </trkpt>
      <trkpt lat="45.253510000" lon="5.719940000">
        <ele>523.000</ele>
      </trkpt>
      <trkpt lat="45.253510000" lon="5.720010000">
        <ele>523.000</ele>
      </trkpt>
      <trkpt lat="45.253490000" lon="5.720060000">
        <ele>523.000</ele>
      </trkpt>
      <trkpt lat="45.253450000" lon="5.720100000">
        <ele>523.000</ele>
      </trkpt>
      <trkpt lat="45.253400000" lon="5.720140000">
        <ele>523.000</ele>
      </trkpt>
      <trkpt lat="45.253320000" lon="5.720210000">
        <ele>523.000</ele>
      </trkpt>
      <trkpt lat="45.253100000" lon="5.720340000">
        <ele>523.000</ele>
      </trkpt>
      <trkpt lat="45.252930000" lon="5.720520000">
        <ele>523.000</ele>
      </trkpt>
      <trkpt lat="45.252850000" lon="5.720640000">
        <ele>523.000</ele>
      </trkpt>
      <trkpt lat="45.252810000" lon="5.720680000">
        <ele>522.000</ele>
      </trkpt>
      <trkpt lat="45.252770000" lon="5.720710000">
        <ele>522.000</ele>
      </trkpt>
      <trkpt lat="45.252590000" lon="5.720830000">
        <ele>522.000</ele>
      </trkpt>
      <trkpt lat="45.252550000" lon="5.720850000">
        <ele>521.000</ele>
      </trkpt>
      <trkpt lat="45.252510000" lon="5.720880000">
        <ele>521.000</ele>
      </trkpt>
      <trkpt lat="45.252480000" lon="5.720920000">
        <ele>521.000</ele>
      </trkpt>
      <trkpt lat="45.252450000" lon="5.720970000">
        <ele>520.000</ele>
      </trkpt>
      <trkpt lat="45.252420000" lon="5.721060000">
        <ele>520.000</ele>
      </trkpt>
      <trkpt lat="45.252390000" lon="5.721260000">
        <ele>520.000</ele>
      </trkpt>
      <trkpt lat="45.252360000" lon="5.721430000">
        <ele>519.000</ele>
      </trkpt>
      <trkpt lat="45.252320000" lon="5.721610000">
        <ele>519.000</ele>
      </trkpt>
      <trkpt lat="45.252250000" lon="5.721800000">
        <ele>518.000</ele>
      </trkpt>
      <trkpt lat="45.252200000" lon="5.721880000">
        <ele>518.000</ele>
      </trkpt>
      <trkpt lat="45.252150000" lon="5.721940000">
        <ele>517.000</ele>
      </trkpt>
      <trkpt lat="45.252100000" lon="5.722000000">
        <ele>517.000</ele>
      </trkpt>
      <trkpt lat="45.251980000" lon="5.722100000">
        <ele>517.000</ele>
      </trkpt>
      <trkpt lat="45.251880000" lon="5.722220000">
        <ele>516.000</ele>
      </trkpt>
      <trkpt lat="45.251800000" lon="5.722320000">
        <ele>516.000</ele>
      </trkpt>
      <trkpt lat="45.251760000" lon="5.722380000">
        <ele>515.000</ele>
      </trkpt>
      <trkpt lat="45.251640000" lon="5.722540000">
        <ele>514.000</ele>
      </trkpt>
      <trkpt lat="45.251480000" lon="5.722800000">
        <ele>513.000</ele>
      </trkpt>
      <trkpt lat="45.251380000" lon="5.722980000">
        <ele>511.000</ele>
      </trkpt>
      <trkpt lat="45.251360000" lon="5.723020000">
        <ele>510.000</ele>
      </trkpt>
      <trkpt lat="45.251000000" lon="5.723800000">
        <ele>506.000</ele>
      </trkpt>
      <trkpt lat="45.250800000" lon="5.724240000">
        <ele>502.000</ele>
      </trkpt>
      <trkpt lat="45.250760000" lon="5.724310000">
        <ele>500.000</ele>
      </trkpt>
      <trkpt lat="45.250720000" lon="5.724320000">
        <ele>498.000</ele>
      </trkpt>
      <trkpt lat="45.250680000" lon="5.724330000">
        <ele>496.000</ele>
      </trkpt>
      <trkpt lat="45.250640000" lon="5.724310000">
        <ele>495.000</ele>
      </trkpt>
      <trkpt lat="45.250610000" lon="5.724290000">
        <ele>494.000</ele>
      </trkpt>
      <trkpt lat="45.250570000" lon="5.724260000">
        <ele>493.000</ele>
      </trkpt>
      <trkpt lat="45.250550000" lon="5.724220000">
        <ele>493.000</ele>
      </trkpt>
      <trkpt lat="45.250550000" lon="5.724170000">
        <ele>493.000</ele>
      </trkpt>
      <trkpt lat="45.250550000" lon="5.724060000">
        <ele>492.000</ele>
      </trkpt>
      <trkpt lat="45.250570000" lon="5.723950000">
        <ele>492.000</ele>
      </trkpt>
      <trkpt lat="45.250630000" lon="5.723620000">
        <ele>491.000</ele>
      </trkpt>
      <trkpt lat="45.250690000" lon="5.723400000">
        <ele>491.000</ele>
      </trkpt>
      <trkpt lat="45.250700000" lon="5.723240000">
        <ele>490.000</ele>
      </trkpt>
      <trkpt lat="45.250670000" lon="5.723100000">
        <ele>490.000</ele>
      </trkpt>
      <trkpt lat="45.250600000" lon="5.722890000">
        <ele>489.000</ele>
      </trkpt>
      <trkpt lat="45.250570000" lon="5.722800000">
        <ele>489.000</ele>
      </trkpt>
      <trkpt lat="45.250540000" lon="5.722630000">
        <ele>488.000</ele>
      </trkpt>
      <trkpt lat="45.250550000" lon="5.722540000">
        <ele>488.000</ele>
      </trkpt>
      <trkpt lat="45.250570000" lon="5.722300000">
        <ele>488.000</ele>
      </trkpt>
      <trkpt lat="45.250570000" lon="5.722210000">
        <ele>487.000</ele>
      </trkpt>
      <trkpt lat="45.250590000" lon="5.722030000">
        <ele>487.000</ele>
      </trkpt>
      <trkpt lat="45.250590000" lon="5.721900000">
        <ele>486.000</ele>
      </trkpt>
      <trkpt lat="45.250590000" lon="5.721810000">
        <ele>486.000</ele>
      </trkpt>
      <trkpt lat="45.250570000" lon="5.721710000">
        <ele>486.000</ele>
      </trkpt>
      <trkpt lat="45.250540000" lon="5.721630000">
        <ele>485.000</ele>
      </trkpt>
      <trkpt lat="45.250480000" lon="5.721550000">
        <ele>485.000</ele>
      </trkpt>
      <trkpt lat="45.250410000" lon="5.721500000">
        <ele>484.000</ele>
      </trkpt>
      <trkpt lat="45.250350000" lon="5.721480000">
        <ele>484.000</ele>
      </trkpt>
      <trkpt lat="45.250310000" lon="5.721480000">
        <ele>484.000</ele>
      </trkpt>
      <trkpt lat="45.250260000" lon="5.721490000">
        <ele>484.000</ele>
      </trkpt>
      <trkpt lat="45.250210000" lon="5.721540000">
        <ele>483.000</ele>
      </trkpt>
      <trkpt lat="45.250170000" lon="5.721620000">
        <ele>483.000</ele>
      </trkpt>
      <trkpt lat="45.250150000" lon="5.721710000">
        <ele>483.000</ele>
      </trkpt>
      <trkpt lat="45.250140000" lon="5.721830000">
        <ele>482.000</ele>
      </trkpt>
      <trkpt lat="45.250160000" lon="5.721980000">
        <ele>482.000</ele>
      </trkpt>
      <trkpt lat="45.250240000" lon="5.722320000">
        <ele>481.000</ele>
      </trkpt>
      <trkpt lat="45.250240000" lon="5.722570000">
        <ele>480.000</ele>
      </trkpt>
      <trkpt lat="45.250230000" lon="5.722990000">
        <ele>479.000</ele>
      </trkpt>
      <trkpt lat="45.250200000" lon="5.723280000">
        <ele>478.000</ele>
      </trkpt>
      <trkpt lat="45.250060000" lon="5.723600000">
        <ele>477.000</ele>
      </trkpt>
      <trkpt lat="45.249980000" lon="5.723800000">
        <ele>475.000</ele>
      </trkpt>
      <trkpt lat="45.249890000" lon="5.723930000">
        <ele>473.000</ele>
      </trkpt>
      <trkpt lat="45.249690000" lon="5.724120000">
        <ele>471.000</ele>
      </trkpt>
      <trkpt lat="45.249650000" lon="5.724190000">
        <ele>469.000</ele>
      </trkpt>
      <trkpt lat="45.249610000" lon="5.724270000">
        <ele>468.000</ele>
      </trkpt>
      <trkpt lat="45.249590000" lon="5.724380000">
        <ele>467.000</ele>
      </trkpt>
      <trkpt lat="45.249600000" lon="5.724510000">
        <ele>465.000</ele>
      </trkpt>
      <trkpt lat="45.249630000" lon="5.724700000">
        <ele>464.000</ele>
      </trkpt>
      <trkpt lat="45.249630000" lon="5.724790000">
        <ele>463.000</ele>
      </trkpt>
      <trkpt lat="45.249620000" lon="5.724880000">
        <ele>462.000</ele>
      </trkpt>
      <trkpt lat="45.249590000" lon="5.725010000">
        <ele>461.000</ele>
      </trkpt>
      <trkpt lat="45.249550000" lon="5.725170000">
        <ele>460.000</ele>
      </trkpt>
      <trkpt lat="45.249510000" lon="5.725350000">
        <ele>458.000</ele>
      </trkpt>
      <trkpt lat="45.249490000" lon="5.725460000">
        <ele>457.000</ele>
      </trkpt>
      <trkpt lat="45.249490000" lon="5.725570000">
        <ele>456.000</ele>
      </trkpt>
      <trkpt lat="45.249500000" lon="5.725680000">
        <ele>456.000</ele>
      </trkpt>
      <trkpt lat="45.249510000" lon="5.725870000">
        <ele>456.000</ele>
      </trkpt>
      <trkpt lat="45.249500000" lon="5.725900000">
        <ele>456.000</ele>
      </trkpt>
      <trkpt lat="45.249490000" lon="5.725910000">
        <ele>456.000</ele>
      </trkpt>
      <trkpt lat="45.249460000" lon="5.725970000">
        <ele>456.000</ele>
      </trkpt>
      <trkpt lat="45.249400000" lon="5.725980000">
        <ele>456.000</ele>
      </trkpt>
      <trkpt lat="45.249320000" lon="5.725940000">
        <ele>456.000</ele>
      </trkpt>
      <trkpt lat="45.249270000" lon="5.725870000">
        <ele>457.000</ele>
      </trkpt>
      <trkpt lat="45.249120000" lon="5.725690000">
        <ele>457.000</ele>
      </trkpt>
      <trkpt lat="45.249080000" lon="5.725600000">
        <ele>457.000</ele>
      </trkpt>
      <trkpt lat="45.249050000" lon="5.725520000">
        <ele>458.000</ele>
      </trkpt>
      <trkpt lat="45.249050000" lon="5.725410000">
        <ele>458.000</ele>
      </trkpt>
      <trkpt lat="45.249010000" lon="5.725290000">
        <ele>458.000</ele>
      </trkpt>
      <trkpt lat="45.248910000" lon="5.725100000">
        <ele>459.000</ele>
      </trkpt>
      <trkpt lat="45.248790000" lon="5.724920000">
        <ele>460.000</ele>
      </trkpt>
      <trkpt lat="45.248700000" lon="5.724750000">
        <ele>460.000</ele>
      </trkpt>
      <trkpt lat="45.248660000" lon="5.724660000">
        <ele>461.000</ele>
      </trkpt>
      <trkpt lat="45.248630000" lon="5.724570000">
        <ele>461.000</ele>
      </trkpt>
      <trkpt lat="45.248370000" lon="5.723790000">
        <ele>462.000</ele>
      </trkpt>
      <trkpt lat="45.248280000" lon="5.723550000">
        <ele>464.000</ele>
      </trkpt>
      <trkpt lat="45.248200000" lon="5.723390000">
        <ele>465.000</ele>
      </trkpt>
      <trkpt lat="45.248160000" lon="5.723320000">
        <ele>466.000</ele>
      </trkpt>
      <trkpt lat="45.248020000" lon="5.723120000">
        <ele>468.000</ele>
      </trkpt>
      <trkpt lat="45.247910000" lon="5.722990000">
        <ele>469.000</ele>
      </trkpt>
      <trkpt lat="45.247810000" lon="5.722930000">
        <ele>471.000</ele>
      </trkpt>
      <trkpt lat="45.247740000" lon="5.722900000">
        <ele>472.000</ele>
      </trkpt>
      <trkpt lat="45.247670000" lon="5.722890000">
        <ele>473.000</ele>
      </trkpt>
      <trkpt lat="45.247580000" lon="5.722880000">
        <ele>474.000</ele>
      </trkpt>
      <trkpt lat="45.247550000" lon="5.722890000">
        <ele>474.000</ele>
      </trkpt>
      <trkpt lat="45.247460000" lon="5.722920000">
        <ele>475.000</ele>
      </trkpt>
      <trkpt lat="45.246960000" lon="5.723060000">
        <ele>478.000</ele>
      </trkpt>
      <trkpt lat="45.246470000" lon="5.723190000">
        <ele>481.000</ele>
      </trkpt>
      <trkpt lat="45.246130000" lon="5.723260000">
        <ele>484.000</ele>
      </trkpt>
      <trkpt lat="45.245790000" lon="5.723300000">
        <ele>487.000</ele>
      </trkpt>
      <trkpt lat="45.245770000" lon="5.723300000">
        <ele>489.000</ele>
      </trkpt>
      <trkpt lat="45.245590000" lon="5.723340000">
        <ele>491.000</ele>
      </trkpt>
      <trkpt lat="45.245120000" lon="5.723500000">
        <ele>494.000</ele>
      </trkpt>
      <trkpt lat="45.244770000" lon="5.723610000">
        <ele>497.000</ele>
      </trkpt>
      <trkpt lat="45.244610000" lon="5.723680000">
        <ele>500.000</ele>
      </trkpt>
      <trkpt lat="45.244420000" lon="5.723790000">
        <ele>502.000</ele>
      </trkpt>
      <trkpt lat="45.244160000" lon="5.723920000">
        <ele>505.000</ele>
      </trkpt>
      <trkpt lat="45.244100000" lon="5.723960000">
        <ele>507.000</ele>
      </trkpt>
      <trkpt lat="45.244100000" lon="5.723960000">
        <ele>509.000</ele>
      </trkpt>
      <trkpt lat="45.243930000" lon="5.724060000">
        <ele>510.000</ele>
      </trkpt>
      <trkpt lat="45.243700000" lon="5.724260000">
        <ele>513.000</ele>
      </trkpt>
      <trkpt lat="45.243480000" lon="5.724480000">
        <ele>515.000</ele>
      </trkpt>
      <trkpt lat="45.242870000" lon="5.725180000">
        <ele>520.000</ele>
      </trkpt>
      <trkpt lat="45.242800000" lon="5.725270000">
        <ele>524.000</ele>
      </trkpt>
      <trkpt lat="45.242720000" lon="5.725340000">
        <ele>526.000</ele>
      </trkpt>
      <trkpt lat="45.242610000" lon="5.725410000">
        <ele>528.000</ele>
      </trkpt>
      <trkpt lat="45.242550000" lon="5.725440000">
        <ele>529.000</ele>
      </trkpt>
      <trkpt lat="45.242490000" lon="5.725460000">
        <ele>530.000</ele>
      </trkpt>
      <trkpt lat="45.242380000" lon="5.725500000">
        <ele>531.000</ele>
      </trkpt>
      <trkpt lat="45.242350000" lon="5.725540000">
        <ele>532.000</ele>
      </trkpt>
      <trkpt lat="45.242350000" lon="5.725580000">
        <ele>532.000</ele>
      </trkpt>
      <trkpt lat="45.242350000" lon="5.725630000">
        <ele>532.000</ele>
      </trkpt>
      <trkpt lat="45.242370000" lon="5.725670000">
        <ele>532.000</ele>
      </trkpt>
      <trkpt lat="45.242400000" lon="5.725680000">
        <ele>533.000</ele>
      </trkpt>
      <trkpt lat="45.242440000" lon="5.725690000">
        <ele>533.000</ele>
      </trkpt>
      <trkpt lat="45.242700000" lon="5.725720000">
        <ele>533.000</ele>
      </trkpt>
      <trkpt lat="45.242940000" lon="5.725770000">
        <ele>534.000</ele>
      </trkpt>
      <trkpt lat="45.243090000" lon="5.725860000">
        <ele>534.000</ele>
      </trkpt>
      <trkpt lat="45.243200000" lon="5.725980000">
        <ele>535.000</ele>
      </trkpt>
      <trkpt lat="45.243300000" lon="5.726140000">
        <ele>536.000</ele>
      </trkpt>
      <trkpt lat="45.243470000" lon="5.726390000">
        <ele>536.000</ele>
      </trkpt>
      <trkpt lat="45.243700000" lon="5.726700000">
        <ele>537.000</ele>
      </trkpt>
      <trkpt lat="45.243970000" lon="5.727000000">
        <ele>539.000</ele>
      </trkpt>
      <trkpt lat="45.244580000" lon="5.727630000">
        <ele>542.000</ele>
      </trkpt>
      <trkpt lat="45.244880000" lon="5.727890000">
        <ele>546.000</ele>
      </trkpt>
      <trkpt lat="45.245180000" lon="5.728140000">
        <ele>549.000</ele>
      </trkpt>
      <trkpt lat="45.245290000" lon="5.728250000">
        <ele>551.000</ele>
      </trkpt>
      <trkpt lat="45.245360000" lon="5.728340000">
        <ele>552.000</ele>
      </trkpt>
      <trkpt lat="45.245790000" lon="5.728990000">
        <ele>554.000</ele>
      </trkpt>
      <trkpt lat="45.245810000" lon="5.729040000">
        <ele>556.000</ele>
      </trkpt>
      <trkpt lat="45.245820000" lon="5.729080000">
        <ele>557.000</ele>
      </trkpt>
      <trkpt lat="45.245810000" lon="5.729130000">
        <ele>558.000</ele>
      </trkpt>
      <trkpt lat="45.245780000" lon="5.729170000">
        <ele>558.000</ele>
      </trkpt>
      <trkpt lat="45.245710000" lon="5.729070000">
        <ele>559.000</ele>
      </trkpt>
      <trkpt lat="45.245640000" lon="5.728970000">
        <ele>559.000</ele>
      </trkpt>
      <trkpt lat="45.245480000" lon="5.728830000">
        <ele>560.000</ele>
      </trkpt>
      <trkpt lat="45.245280000" lon="5.728760000">
        <ele>560.000</ele>
      </trkpt>
      <trkpt lat="45.244940000" lon="5.728660000">
        <ele>561.000</ele>
      </trkpt>
      <trkpt lat="45.244830000" lon="5.728670000">
        <ele>562.000</ele>
      </trkpt>
      <trkpt lat="45.244640000" lon="5.728720000">
        <ele>563.000</ele>
      </trkpt>
      <trkpt lat="45.244500000" lon="5.728710000">
        <ele>564.000</ele>
      </trkpt>
      <trkpt lat="45.244420000" lon="5.728680000">
        <ele>565.000</ele>
      </trkpt>
      <trkpt lat="45.244310000" lon="5.728570000">
        <ele>566.000</ele>
      </trkpt>
      <trkpt lat="45.244140000" lon="5.728320000">
        <ele>567.000</ele>
      </trkpt>
      <trkpt lat="45.244050000" lon="5.728270000">
        <ele>567.000</ele>
      </trkpt>
      <trkpt lat="45.243940000" lon="5.728250000">
        <ele>568.000</ele>
      </trkpt>
      <trkpt lat="45.243740000" lon="5.728280000">
        <ele>569.000</ele>
      </trkpt>
      <trkpt lat="45.243620000" lon="5.728230000">
        <ele>570.000</ele>
      </trkpt>
      <trkpt lat="45.243510000" lon="5.728150000">
        <ele>571.000</ele>
      </trkpt>
      <trkpt lat="45.243390000" lon="5.728070000">
        <ele>571.000</ele>
      </trkpt>
      <trkpt lat="45.243280000" lon="5.728080000">
        <ele>572.000</ele>
      </trkpt>
      <trkpt lat="45.243130000" lon="5.728130000">
        <ele>573.000</ele>
      </trkpt>
      <trkpt lat="45.243010000" lon="5.728260000">
        <ele>574.000</ele>
      </trkpt>
      <trkpt lat="45.242930000" lon="5.728420000">
        <ele>575.000</ele>
      </trkpt>
      <trkpt lat="45.242810000" lon="5.728590000">
        <ele>576.000</ele>
      </trkpt>
      <trkpt lat="45.242640000" lon="5.728750000">
        <ele>577.000</ele>
      </trkpt>
      <trkpt lat="45.242520000" lon="5.728820000">
        <ele>578.000</ele>
      </trkpt>
      <trkpt lat="45.242410000" lon="5.728850000">
        <ele>579.000</ele>
      </trkpt>
      <trkpt lat="45.242300000" lon="5.728850000">
        <ele>580.000</ele>
      </trkpt>
      <trkpt lat="45.242210000" lon="5.728810000">
        <ele>581.000</ele>
      </trkpt>
      <trkpt lat="45.242160000" lon="5.728750000">
        <ele>581.000</ele>
      </trkpt>
      <trkpt lat="45.242110000" lon="5.728690000">
        <ele>582.000</ele>
      </trkpt>
      <trkpt lat="45.241980000" lon="5.728550000">
        <ele>583.000</ele>
      </trkpt>
      <trkpt lat="45.241890000" lon="5.728460000">
        <ele>584.000</ele>
      </trkpt>
      <trkpt lat="45.241870000" lon="5.728460000">
        <ele>584.000</ele>
      </trkpt>
      <trkpt lat="45.241780000" lon="5.728440000">
        <ele>585.000</ele>
      </trkpt>
      <trkpt lat="45.241690000" lon="5.728460000">
        <ele>585.000</ele>
      </trkpt>
      <trkpt lat="45.241530000" lon="5.728620000">
        <ele>586.000</ele>
      </trkpt>
      <trkpt lat="45.241420000" lon="5.728720000">
        <ele>587.000</ele>
      </trkpt>
      <trkpt lat="45.241330000" lon="5.728760000">
        <ele>587.000</ele>
      </trkpt>
      <trkpt lat="45.241270000" lon="5.728760000">
        <ele>588.000</ele>
      </trkpt>
      <trkpt lat="45.241200000" lon="5.728730000">
        <ele>588.000</ele>
      </trkpt>
      <trkpt lat="45.241110000" lon="5.728630000">
        <ele>589.000</ele>
      </trkpt>
      <trkpt lat="45.241010000" lon="5.728510000">
        <ele>590.000</ele>
      </trkpt>
      <trkpt lat="45.240890000" lon="5.728410000">
        <ele>590.000</ele>
      </trkpt>
      <trkpt lat="45.240740000" lon="5.728320000">
        <ele>591.000</ele>
      </trkpt>
      <trkpt lat="45.240570000" lon="5.728270000">
        <ele>592.000</ele>
      </trkpt>
      <trkpt lat="45.240340000" lon="5.728250000">
        <ele>593.000</ele>
      </trkpt>
      <trkpt lat="45.240120000" lon="5.728190000">
        <ele>594.000</ele>
      </trkpt>
      <trkpt lat="45.239970000" lon="5.728130000">
        <ele>595.000</ele>
      </trkpt>
      <trkpt lat="45.239870000" lon="5.728050000">
        <ele>595.000</ele>
      </trkpt>
      <trkpt lat="45.239780000" lon="5.727980000">
        <ele>596.000</ele>
      </trkpt>
      <trkpt lat="45.239700000" lon="5.727930000">
        <ele>597.000</ele>
      </trkpt>
      <trkpt lat="45.239570000" lon="5.727900000">
        <ele>598.000</ele>
      </trkpt>
      <trkpt lat="45.239400000" lon="5.727870000">
        <ele>598.000</ele>
      </trkpt>
      <trkpt lat="45.239300000" lon="5.727860000">
        <ele>599.000</ele>
      </trkpt>
      <trkpt lat="45.239160000" lon="5.727890000">
        <ele>600.000</ele>
      </trkpt>
      <trkpt lat="45.239040000" lon="5.727960000">
        <ele>601.000</ele>
      </trkpt>
      <trkpt lat="45.238960000" lon="5.728010000">
        <ele>601.000</ele>
      </trkpt>
      <trkpt lat="45.238910000" lon="5.728020000">
        <ele>602.000</ele>
      </trkpt>
      <trkpt lat="45.238870000" lon="5.728010000">
        <ele>603.000</ele>
      </trkpt>
      <trkpt lat="45.238830000" lon="5.727970000">
        <ele>603.000</ele>
      </trkpt>
      <trkpt lat="45.238790000" lon="5.727910000">
        <ele>603.000</ele>
      </trkpt>
      <trkpt lat="45.238730000" lon="5.727740000">
        <ele>604.000</ele>
      </trkpt>
      <trkpt lat="45.238690000" lon="5.727670000">
        <ele>604.000</ele>
      </trkpt>
      <trkpt lat="45.238640000" lon="5.727600000">
        <ele>605.000</ele>
      </trkpt>
      <trkpt lat="45.238570000" lon="5.727560000">
        <ele>605.000</ele>
      </trkpt>
      <trkpt lat="45.238490000" lon="5.727540000">
        <ele>606.000</ele>
      </trkpt>
      <trkpt lat="45.238420000" lon="5.727550000">
        <ele>606.000</ele>
      </trkpt>
      <trkpt lat="45.238350000" lon="5.727570000">
        <ele>607.000</ele>
      </trkpt>
      <trkpt lat="45.238260000" lon="5.727620000">
        <ele>607.000</ele>
      </trkpt>
      <trkpt lat="45.238150000" lon="5.727710000">
        <ele>608.000</ele>
      </trkpt>
      <trkpt lat="45.238060000" lon="5.727780000">
        <ele>609.000</ele>
      </trkpt>
      <trkpt lat="45.237980000" lon="5.727830000">
        <ele>610.000</ele>
      </trkpt>
      <trkpt lat="45.237930000" lon="5.727860000">
        <ele>611.000</ele>
      </trkpt>
      <trkpt lat="45.237880000" lon="5.727860000">
        <ele>611.000</ele>
      </trkpt>
      <trkpt lat="45.237820000" lon="5.727840000">
        <ele>612.000</ele>
      </trkpt>
      <trkpt lat="45.237770000" lon="5.727810000">
        <ele>612.000</ele>
      </trkpt>
      <trkpt lat="45.237660000" lon="5.727750000">
        <ele>613.000</ele>
      </trkpt>
      <trkpt lat="45.237570000" lon="5.727730000">
        <ele>614.000</ele>
      </trkpt>
      <trkpt lat="45.237510000" lon="5.727750000">
        <ele>615.000</ele>
      </trkpt>
      <trkpt lat="45.237440000" lon="5.727800000">
        <ele>616.000</ele>
      </trkpt>
      <trkpt lat="45.237390000" lon="5.727850000">
        <ele>616.000</ele>
      </trkpt>
      <trkpt lat="45.237330000" lon="5.727910000">
        <ele>617.000</ele>
      </trkpt>
      <trkpt lat="45.237280000" lon="5.727980000">
        <ele>618.000</ele>
      </trkpt>
      <trkpt lat="45.237230000" lon="5.728100000">
        <ele>619.000</ele>
      </trkpt>
      <trkpt lat="45.237180000" lon="5.728210000">
        <ele>619.000</ele>
      </trkpt>
      <trkpt lat="45.237130000" lon="5.728320000">
        <ele>620.000</ele>
      </trkpt>
      <trkpt lat="45.237090000" lon="5.728400000">
        <ele>621.000</ele>
      </trkpt>
      <trkpt lat="45.237030000" lon="5.728420000">
        <ele>622.000</ele>
      </trkpt>
      <trkpt lat="45.236970000" lon="5.728420000">
        <ele>622.000</ele>
      </trkpt>
      <trkpt lat="45.236910000" lon="5.728380000">
        <ele>623.000</ele>
      </trkpt>
      <trkpt lat="45.236860000" lon="5.728340000">
        <ele>624.000</ele>
      </trkpt>
      <trkpt lat="45.236820000" lon="5.728290000">
        <ele>624.000</ele>
      </trkpt>
      <trkpt lat="45.236810000" lon="5.728230000">
        <ele>625.000</ele>
      </trkpt>
      <trkpt lat="45.236790000" lon="5.728120000">
        <ele>625.000</ele>
      </trkpt>
      <trkpt lat="45.236780000" lon="5.728030000">
        <ele>625.000</ele>
      </trkpt>
      <trkpt lat="45.236790000" lon="5.727890000">
        <ele>625.000</ele>
      </trkpt>
      <trkpt lat="45.236800000" lon="5.727760000">
        <ele>625.000</ele>
      </trkpt>
      <trkpt lat="45.236830000" lon="5.727480000">
        <ele>625.000</ele>
      </trkpt>
      <trkpt lat="45.236850000" lon="5.727280000">
        <ele>625.000</ele>
      </trkpt>
      <trkpt lat="45.236850000" lon="5.727200000">
        <ele>624.000</ele>
      </trkpt>
      <trkpt lat="45.236840000" lon="5.727110000">
        <ele>624.000</ele>
      </trkpt>
      <trkpt lat="45.236830000" lon="5.727060000">
        <ele>624.000</ele>
      </trkpt>
      <trkpt lat="45.236790000" lon="5.727000000">
        <ele>624.000</ele>
      </trkpt>
      <trkpt lat="45.236720000" lon="5.726940000">
        <ele>624.000</ele>
      </trkpt>
      <trkpt lat="45.236600000" lon="5.726850000">
        <ele>624.000</ele>
      </trkpt>
      <trkpt lat="45.236470000" lon="5.726780000">
        <ele>624.000</ele>
      </trkpt>
      <trkpt lat="45.236310000" lon="5.726680000">
        <ele>623.000</ele>
      </trkpt>
      <trkpt lat="45.236000000" lon="5.726490000">
        <ele>623.000</ele>
      </trkpt>
      <trkpt lat="45.235910000" lon="5.726430000">
        <ele>623.000</ele>
      </trkpt>
      <trkpt lat="45.235860000" lon="5.726400000">
        <ele>623.000</ele>
      </trkpt>
      <trkpt lat="45.235690000" lon="5.726310000">
        <ele>623.000</ele>
      </trkpt>
      <trkpt lat="45.235490000" lon="5.726240000">
        <ele>623.000</ele>
      </trkpt>
      <trkpt lat="45.235210000" lon="5.726130000">
        <ele>623.000</ele>
      </trkpt>
      <trkpt lat="45.235210000" lon="5.726130000">
        <ele>624.000</ele>
      </trkpt>
      <trkpt lat="45.235100000" lon="5.726090000">
        <ele>624.000</ele>
      </trkpt>
      <trkpt lat="45.234510000" lon="5.725860000">
        <ele>624.000</ele>
      </trkpt>
      <trkpt lat="45.234260000" lon="5.725770000">
        <ele>625.000</ele>
      </trkpt>
      <trkpt lat="45.234190000" lon="5.725750000">
        <ele>625.000</ele>
      </trkpt>
      <trkpt lat="45.234190000" lon="5.725780000">
        <ele>626.000</ele>
      </trkpt>
      <trkpt lat="45.234190000" lon="5.725870000">
        <ele>626.000</ele>
      </trkpt>
      <trkpt lat="45.234200000" lon="5.726050000">
        <ele>627.000</ele>
      </trkpt>
      <trkpt lat="45.234210000" lon="5.726210000">
        <ele>628.000</ele>
      </trkpt>
      <trkpt lat="45.234220000" lon="5.726300000">
        <ele>628.000</ele>
      </trkpt>
      <trkpt lat="45.234220000" lon="5.726400000">
        <ele>629.000</ele>
      </trkpt>
      <trkpt lat="45.234210000" lon="5.726510000">
        <ele>630.000</ele>
      </trkpt>
      <trkpt lat="45.234180000" lon="5.726610000">
        <ele>631.000</ele>
      </trkpt>
      <trkpt lat="45.234110000" lon="5.726810000">
        <ele>632.000</ele>
      </trkpt>
      <trkpt lat="45.233510000" lon="5.728200000">
        <ele>636.000</ele>
      </trkpt>
      <trkpt lat="45.233400000" lon="5.728470000">
        <ele>639.000</ele>
      </trkpt>
      <trkpt lat="45.233350000" lon="5.728560000">
        <ele>642.000</ele>
      </trkpt>
      <trkpt lat="45.233300000" lon="5.728670000">
        <ele>644.000</ele>
      </trkpt>
      <trkpt lat="45.233090000" lon="5.728840000">
        <ele>646.000</ele>
      </trkpt>
      <trkpt lat="45.232960000" lon="5.728940000">
        <ele>648.000</ele>
      </trkpt>
      <trkpt lat="45.232850000" lon="5.728990000">
        <ele>649.000</ele>
      </trkpt>
      <trkpt lat="45.232760000" lon="5.729000000">
        <ele>650.000</ele>
      </trkpt>
      <trkpt lat="45.232580000" lon="5.729050000">
        <ele>652.000</ele>
      </trkpt>
      <trkpt lat="45.232430000" lon="5.729080000">
        <ele>653.000</ele>
      </trkpt>
      <trkpt lat="45.232380000" lon="5.729140000">
        <ele>654.000</ele>
      </trkpt>
      <trkpt lat="45.232350000" lon="5.729210000">
        <ele>655.000</ele>
      </trkpt>
      <trkpt lat="45.232340000" lon="5.729290000">
        <ele>656.000</ele>
      </trkpt>
      <trkpt lat="45.232340000" lon="5.729340000">
        <ele>656.000</ele>
      </trkpt>
      <trkpt lat="45.232370000" lon="5.729380000">
        <ele>657.000</ele>
      </trkpt>
      <trkpt lat="45.232430000" lon="5.729420000">
        <ele>657.000</ele>
      </trkpt>
      <trkpt lat="45.232500000" lon="5.729440000">
        <ele>658.000</ele>
      </trkpt>
      <trkpt lat="45.232570000" lon="5.729450000">
        <ele>659.000</ele>
      </trkpt>
      <trkpt lat="45.232660000" lon="5.729430000">
        <ele>659.000</ele>
      </trkpt>
      <trkpt lat="45.232760000" lon="5.729390000">
        <ele>660.000</ele>
      </trkpt>
      <trkpt lat="45.232840000" lon="5.729390000">
        <ele>660.000</ele>
      </trkpt>
      <trkpt lat="45.232910000" lon="5.729420000">
        <ele>661.000</ele>
      </trkpt>
      <trkpt lat="45.233060000" lon="5.729490000">
        <ele>662.000</ele>
      </trkpt>
      <trkpt lat="45.233340000" lon="5.729680000">
        <ele>663.000</ele>
      </trkpt>
      <trkpt lat="45.233410000" lon="5.729700000">
        <ele>664.000</ele>
      </trkpt>
      <trkpt lat="45.233910000" lon="5.729730000">
        <ele>665.000</ele>
      </trkpt>
      <trkpt lat="45.234300000" lon="5.729750000">
        <ele>667.000</ele>
      </trkpt>
      <trkpt lat="45.234440000" lon="5.729760000">
        <ele>668.000</ele>
      </trkpt>
      <trkpt lat="45.234570000" lon="5.729790000">
        <ele>670.000</ele>
      </trkpt>
      <trkpt lat="45.234790000" lon="5.729860000">
        <ele>672.000</ele>
      </trkpt>
      <trkpt lat="45.234890000" lon="5.729920000">
        <ele>673.000</ele>
      </trkpt>
      <trkpt lat="45.234970000" lon="5.729990000">
        <ele>674.000</ele>
      </trkpt>
      <trkpt lat="45.235120000" lon="5.730190000">
        <ele>676.000</ele>
      </trkpt>
      <trkpt lat="45.235190000" lon="5.730300000">
        <ele>677.000</ele>
      </trkpt>
      <trkpt lat="45.235220000" lon="5.730350000">
        <ele>678.000</ele>
      </trkpt>
      <trkpt lat="45.235260000" lon="5.730380000">
        <ele>679.000</ele>
      </trkpt>
      <trkpt lat="45.235450000" lon="5.730430000">
        <ele>680.000</ele>
      </trkpt>
      <trkpt lat="45.235540000" lon="5.730470000">
        <ele>681.000</ele>
      </trkpt>
      <trkpt lat="45.235620000" lon="5.730510000">
        <ele>682.000</ele>
      </trkpt>
      <trkpt lat="45.235700000" lon="5.730580000">
        <ele>683.000</ele>
      </trkpt>
      <trkpt lat="45.235770000" lon="5.730640000">
        <ele>684.000</ele>
      </trkpt>
      <trkpt lat="45.235960000" lon="5.730890000">
        <ele>686.000</ele>
      </trkpt>
      <trkpt lat="45.236160000" lon="5.731230000">
        <ele>688.000</ele>
      </trkpt>
      <trkpt lat="45.236260000" lon="5.731390000">
        <ele>689.000</ele>
      </trkpt>
      <trkpt lat="45.236350000" lon="5.731630000">
        <ele>691.000</ele>
      </trkpt>
      <trkpt lat="45.236470000" lon="5.731800000">
        <ele>692.000</ele>
      </trkpt>
      <trkpt lat="45.236590000" lon="5.731890000">
        <ele>693.000</ele>
      </trkpt>
      <trkpt lat="45.236780000" lon="5.731930000">
        <ele>695.000</ele>
      </trkpt>
      <trkpt lat="45.236960000" lon="5.731950000">
        <ele>696.000</ele>
      </trkpt>
      <trkpt lat="45.237200000" lon="5.731960000">
        <ele>697.000</ele>
      </trkpt>
      <trkpt lat="45.237310000" lon="5.731980000">
        <ele>699.000</ele>
      </trkpt>
      <trkpt lat="45.237390000" lon="5.731950000">
        <ele>700.000</ele>
      </trkpt>
      <trkpt lat="45.237470000" lon="5.731920000">
        <ele>701.000</ele>
      </trkpt>
      <trkpt lat="45.237730000" lon="5.731660000">
        <ele>702.000</ele>
      </trkpt>
      <trkpt lat="45.237910000" lon="5.731450000">
        <ele>703.000</ele>
      </trkpt>
      <trkpt lat="45.238080000" lon="5.731280000">
        <ele>705.000</ele>
      </trkpt>
      <trkpt lat="45.238100000" lon="5.731260000">
        <ele>706.000</ele>
      </trkpt>
      <trkpt lat="45.238190000" lon="5.731190000">
        <ele>707.000</ele>
      </trkpt>
      <trkpt lat="45.238270000" lon="5.731140000">
        <ele>708.000</ele>
      </trkpt>
      <trkpt lat="45.238350000" lon="5.731110000">
        <ele>708.000</ele>
      </trkpt>
      <trkpt lat="45.238480000" lon="5.731100000">
        <ele>709.000</ele>
      </trkpt>
      <trkpt lat="45.238560000" lon="5.731100000">
        <ele>710.000</ele>
      </trkpt>
      <trkpt lat="45.238620000" lon="5.731110000">
        <ele>711.000</ele>
      </trkpt>
      <trkpt lat="45.238670000" lon="5.731140000">
        <ele>711.000</ele>
      </trkpt>
      <trkpt lat="45.238700000" lon="5.731180000">
        <ele>712.000</ele>
      </trkpt>
      <trkpt lat="45.238730000" lon="5.731240000">
        <ele>712.000</ele>
      </trkpt>
      <trkpt lat="45.238740000" lon="5.731300000">
        <ele>712.000</ele>
      </trkpt>
      <trkpt lat="45.238740000" lon="5.731370000">
        <ele>713.000</ele>
      </trkpt>
      <trkpt lat="45.238730000" lon="5.731430000">
        <ele>713.000</ele>
      </trkpt>
      <trkpt lat="45.238690000" lon="5.731570000">
        <ele>714.000</ele>
      </trkpt>
      <trkpt lat="45.238650000" lon="5.731730000">
        <ele>714.000</ele>
      </trkpt>
      <trkpt lat="45.238630000" lon="5.731840000">
        <ele>715.000</ele>
      </trkpt>
      <trkpt lat="45.238620000" lon="5.731950000">
        <ele>715.000</ele>
      </trkpt>
      <trkpt lat="45.238610000" lon="5.732040000">
        <ele>716.000</ele>
      </trkpt>
      <trkpt lat="45.238610000" lon="5.732130000">
        <ele>716.000</ele>
      </trkpt>
      <trkpt lat="45.238620000" lon="5.732220000">
        <ele>717.000</ele>
      </trkpt>
      <trkpt lat="45.238700000" lon="5.732600000">
        <ele>718.000</ele>
      </trkpt>
      <trkpt lat="45.238750000" lon="5.732790000">
        <ele>718.000</ele>
      </trkpt>
      <trkpt lat="45.238790000" lon="5.732960000">
        <ele>719.000</ele>
      </trkpt>
      <trkpt lat="45.238830000" lon="5.733060000">
        <ele>719.000</ele>
      </trkpt>
      <trkpt lat="45.238900000" lon="5.733180000">
        <ele>720.000</ele>
      </trkpt>
      <trkpt lat="45.238980000" lon="5.733280000">
        <ele>720.000</ele>
      </trkpt>
      <trkpt lat="45.239110000" lon="5.733440000">
        <ele>720.000</ele>
      </trkpt>
      <trkpt lat="45.239210000" lon="5.733550000">
        <ele>721.000</ele>
      </trkpt>
      <trkpt lat="45.239270000" lon="5.733650000">
        <ele>721.000</ele>
      </trkpt>
      <trkpt lat="45.239310000" lon="5.733810000">
        <ele>722.000</ele>
      </trkpt>
      <trkpt lat="45.239320000" lon="5.734010000">
        <ele>722.000</ele>
      </trkpt>
      <trkpt lat="45.239310000" lon="5.734130000">
        <ele>723.000</ele>
      </trkpt>
      <trkpt lat="45.239310000" lon="5.734250000">
        <ele>723.000</ele>
      </trkpt>
      <trkpt lat="45.239360000" lon="5.734540000">
        <ele>724.000</ele>
      </trkpt>
      <trkpt lat="45.239370000" lon="5.734590000">
        <ele>724.000</ele>
      </trkpt>
      <trkpt lat="45.239430000" lon="5.734720000">
        <ele>725.000</ele>
      </trkpt>
      <trkpt lat="45.239470000" lon="5.734820000">
        <ele>725.000</ele>
      </trkpt>
      <trkpt lat="45.239580000" lon="5.735020000">
        <ele>726.000</ele>
      </trkpt>
      <trkpt lat="45.239620000" lon="5.735080000">
        <ele>727.000</ele>
      </trkpt>
      <trkpt lat="45.239630000" lon="5.735100000">
        <ele>728.000</ele>
      </trkpt>
      <trkpt lat="45.239690000" lon="5.735160000">
        <ele>728.000</ele>
      </trkpt>
      <trkpt lat="45.239780000" lon="5.735200000">
        <ele>729.000</ele>
      </trkpt>
      <trkpt lat="45.239860000" lon="5.735210000">
        <ele>730.000</ele>
      </trkpt>
      <trkpt lat="45.240000000" lon="5.735200000">
        <ele>731.000</ele>
      </trkpt>
      <trkpt lat="45.240370000" lon="5.735110000">
        <ele>733.000</ele>
      </trkpt>
      <trkpt lat="45.240510000" lon="5.735100000">
        <ele>734.000</ele>
      </trkpt>
      <trkpt lat="45.240780000" lon="5.735090000">
        <ele>736.000</ele>
      </trkpt>
      <trkpt lat="45.240920000" lon="5.735110000">
        <ele>738.000</ele>
      </trkpt>
      <trkpt lat="45.240970000" lon="5.735130000">
        <ele>739.000</ele>
      </trkpt>
      <trkpt lat="45.241020000" lon="5.735150000">
        <ele>740.000</ele>
      </trkpt>
      <trkpt lat="45.241080000" lon="5.735230000">
        <ele>741.000</ele>
      </trkpt>
      <trkpt lat="45.241100000" lon="5.735340000">
        <ele>741.000</ele>
      </trkpt>
      <trkpt lat="45.241110000" lon="5.735410000">
        <ele>741.000</ele>
      </trkpt>
      <trkpt lat="45.241110000" lon="5.735480000">
        <ele>741.000</ele>
      </trkpt>
      <trkpt lat="45.241130000" lon="5.735540000">
        <ele>741.000</ele>
      </trkpt>
      <trkpt lat="45.241160000" lon="5.735600000">
        <ele>742.000</ele>
      </trkpt>
      <trkpt lat="45.241200000" lon="5.735670000">
        <ele>742.000</ele>
      </trkpt>
      <trkpt lat="45.241240000" lon="5.735720000">
        <ele>742.000</ele>
      </trkpt>
      <trkpt lat="45.241290000" lon="5.735780000">
        <ele>742.000</ele>
      </trkpt>
      <trkpt lat="45.241300000" lon="5.735840000">
        <ele>742.000</ele>
      </trkpt>
      <trkpt lat="45.241300000" lon="5.735900000">
        <ele>742.000</ele>
      </trkpt>
      <trkpt lat="45.241290000" lon="5.735950000">
        <ele>742.000</ele>
      </trkpt>
      <trkpt lat="45.241240000" lon="5.736020000">
        <ele>742.000</ele>
      </trkpt>
      <trkpt lat="45.241200000" lon="5.736080000">
        <ele>742.000</ele>
      </trkpt>
      <trkpt lat="45.241170000" lon="5.736140000">
        <ele>742.000</ele>
      </trkpt>
      <trkpt lat="45.241140000" lon="5.736210000">
        <ele>742.000</ele>
      </trkpt>
      <trkpt lat="45.241120000" lon="5.736280000">
        <ele>742.000</ele>
      </trkpt>
      <trkpt lat="45.241100000" lon="5.736350000">
        <ele>742.000</ele>
      </trkpt>
      <trkpt lat="45.241100000" lon="5.736420000">
        <ele>742.000</ele>
      </trkpt>
      <trkpt lat="45.241100000" lon="5.736490000">
        <ele>742.000</ele>
      </trkpt>
      <trkpt lat="45.241110000" lon="5.736540000">
        <ele>742.000</ele>
      </trkpt>
      <trkpt lat="45.241140000" lon="5.736620000">
        <ele>742.000</ele>
      </trkpt>
      <trkpt lat="45.241170000" lon="5.736690000">
        <ele>742.000</ele>
      </trkpt>
      <trkpt lat="45.241220000" lon="5.736750000">
        <ele>742.000</ele>
      </trkpt>
      <trkpt lat="45.241280000" lon="5.736800000">
        <ele>742.000</ele>
      </trkpt>
      <trkpt lat="45.241490000" lon="5.736930000">
        <ele>742.000</ele>
      </trkpt>
      <trkpt lat="45.241590000" lon="5.737010000">
        <ele>742.000</ele>
      </trkpt>
      <trkpt lat="45.241710000" lon="5.737160000">
        <ele>743.000</ele>
      </trkpt>
      <trkpt lat="45.241820000" lon="5.737240000">
        <ele>743.000</ele>
      </trkpt>
      <trkpt lat="45.241900000" lon="5.737310000">
        <ele>743.000</ele>
      </trkpt>
      <trkpt lat="45.241950000" lon="5.737380000">
        <ele>744.000</ele>
      </trkpt>
      <trkpt lat="45.241990000" lon="5.737490000">
        <ele>744.000</ele>
      </trkpt>
      <trkpt lat="45.242050000" lon="5.737530000">
        <ele>744.000</ele>
      </trkpt>
      <trkpt lat="45.242100000" lon="5.737540000">
        <ele>745.000</ele>
      </trkpt>
      <trkpt lat="45.242500000" lon="5.737420000">
        <ele>745.000</ele>
      </trkpt>
      <trkpt lat="45.242590000" lon="5.737420000">
        <ele>746.000</ele>
      </trkpt>
      <trkpt lat="45.242690000" lon="5.737450000">
        <ele>747.000</ele>
      </trkpt>
      <trkpt lat="45.242850000" lon="5.737510000">
        <ele>747.000</ele>
      </trkpt>
      <trkpt lat="45.243050000" lon="5.737570000">
        <ele>748.000</ele>
      </trkpt>
      <trkpt lat="45.243350000" lon="5.737720000">
        <ele>749.000</ele>
      </trkpt>
      <trkpt lat="45.243440000" lon="5.737770000">
        <ele>750.000</ele>
      </trkpt>
      <trkpt lat="45.243530000" lon="5.737890000">
        <ele>750.000</ele>
      </trkpt>
      <trkpt lat="45.243610000" lon="5.738020000">
        <ele>751.000</ele>
      </trkpt>
      <trkpt lat="45.243750000" lon="5.738260000">
        <ele>752.000</ele>
      </trkpt>
      <trkpt lat="45.243830000" lon="5.738390000">
        <ele>753.000</ele>
      </trkpt>
      <trkpt lat="45.243890000" lon="5.738530000">
        <ele>754.000</ele>
      </trkpt>
      <trkpt lat="45.243970000" lon="5.738730000">
        <ele>755.000</ele>
      </trkpt>
      <trkpt lat="45.244060000" lon="5.738910000">
        <ele>756.000</ele>
      </trkpt>
      <trkpt lat="45.244100000" lon="5.739030000">
        <ele>756.000</ele>
      </trkpt>
      <trkpt lat="45.244150000" lon="5.739160000">
        <ele>757.000</ele>
      </trkpt>
      <trkpt lat="45.244150000" lon="5.739290000">
        <ele>758.000</ele>
      </trkpt>
      <trkpt lat="45.244200000" lon="5.739520000">
        <ele>759.000</ele>
      </trkpt>
      <trkpt lat="45.244230000" lon="5.739580000">
        <ele>759.000</ele>
      </trkpt>
      <trkpt lat="45.244280000" lon="5.739740000">
        <ele>760.000</ele>
      </trkpt>
      <trkpt lat="45.244290000" lon="5.739800000">
        <ele>761.000</ele>
      </trkpt>
      <trkpt lat="45.244370000" lon="5.740200000">
        <ele>762.000</ele>
      </trkpt>
      <trkpt lat="45.244460000" lon="5.740330000">
        <ele>762.000</ele>
      </trkpt>
      <trkpt lat="45.244490000" lon="5.740390000">
        <ele>763.000</ele>
      </trkpt>
      <trkpt lat="45.244520000" lon="5.740460000">
        <ele>763.000</ele>
      </trkpt>
      <trkpt lat="45.244590000" lon="5.740780000">
        <ele>764.000</ele>
      </trkpt>
      <trkpt lat="45.244650000" lon="5.740880000">
        <ele>764.000</ele>
      </trkpt>
      <trkpt lat="45.244720000" lon="5.740940000">
        <ele>764.000</ele>
      </trkpt>
      <trkpt lat="45.244830000" lon="5.741000000">
        <ele>765.000</ele>
      </trkpt>
      <trkpt lat="45.244900000" lon="5.741060000">
        <ele>765.000</ele>
      </trkpt>
      <trkpt lat="45.244980000" lon="5.741130000">
        <ele>765.000</ele>
      </trkpt>
      <trkpt lat="45.245020000" lon="5.741220000">
        <ele>766.000</ele>
      </trkpt>
      <trkpt lat="45.245100000" lon="5.741450000">
        <ele>766.000</ele>
      </trkpt>
      <trkpt lat="45.245180000" lon="5.741770000">
        <ele>766.000</ele>
      </trkpt>
      <trkpt lat="45.245270000" lon="5.742230000">
        <ele>767.000</ele>
      </trkpt>
      <trkpt lat="45.245330000" lon="5.742610000">
        <ele>767.000</ele>
      </trkpt>
      <trkpt lat="45.245370000" lon="5.742710000">
        <ele>768.000</ele>
      </trkpt>
      <trkpt lat="45.245410000" lon="5.742790000">
        <ele>768.000</ele>
      </trkpt>
      <trkpt lat="45.245470000" lon="5.742840000">
        <ele>768.000</ele>
      </trkpt>
      <trkpt lat="45.245540000" lon="5.742870000">
        <ele>768.000</ele>
      </trkpt>
      <trkpt lat="45.245600000" lon="5.742900000">
        <ele>768.000</ele>
      </trkpt>
      <trkpt lat="45.245650000" lon="5.742940000">
        <ele>768.000</ele>
      </trkpt>
      <trkpt lat="45.245680000" lon="5.742980000">
        <ele>768.000</ele>
      </trkpt>
      <trkpt lat="45.245700000" lon="5.743050000">
        <ele>768.000</ele>
      </trkpt>
      <trkpt lat="45.245710000" lon="5.743150000">
        <ele>767.000</ele>
      </trkpt>
      <trkpt lat="45.245710000" lon="5.743330000">
        <ele>767.000</ele>
      </trkpt>
      <trkpt lat="45.245710000" lon="5.743500000">
        <ele>767.000</ele>
      </trkpt>
      <trkpt lat="45.245680000" lon="5.743710000">
        <ele>767.000</ele>
      </trkpt>
      <trkpt lat="45.245630000" lon="5.743850000">
        <ele>767.000</ele>
      </trkpt>
      <trkpt lat="45.245530000" lon="5.744020000">
        <ele>766.000</ele>
      </trkpt>
      <trkpt lat="45.245430000" lon="5.744220000">
        <ele>766.000</ele>
      </trkpt>
      <trkpt lat="45.245310000" lon="5.744460000">
        <ele>766.000</ele>
      </trkpt>
      <trkpt lat="45.245230000" lon="5.744620000">
        <ele>765.000</ele>
      </trkpt>
      <trkpt lat="45.244960000" lon="5.745240000">
        <ele>765.000</ele>
      </trkpt>
      <trkpt lat="45.244550000" lon="5.746320000">
        <ele>765.000</ele>
      </trkpt>
      <trkpt lat="45.244370000" lon="5.746590000">
        <ele>765.000</ele>
      </trkpt>
      <trkpt lat="45.244190000" lon="5.746790000">
        <ele>765.000</ele>
      </trkpt>
      <trkpt lat="45.244150000" lon="5.746840000">
        <ele>766.000</ele>
      </trkpt>
      <trkpt lat="45.244150000" lon="5.746840000">
        <ele>766.000</ele>
      </trkpt>
      <trkpt lat="45.244030000" lon="5.746960000">
        <ele>766.000</ele>
      </trkpt>
      <trkpt lat="45.243870000" lon="5.747090000">
        <ele>766.000</ele>
      </trkpt>
      <trkpt lat="45.243560000" lon="5.747320000">
        <ele>767.000</ele>
      </trkpt>
      <trkpt lat="45.243410000" lon="5.747410000">
        <ele>767.000</ele>
      </trkpt>
      <trkpt lat="45.243290000" lon="5.747460000">
        <ele>767.000</ele>
      </trkpt>
      <trkpt lat="45.243230000" lon="5.747500000">
        <ele>767.000</ele>
      </trkpt>
      <trkpt lat="45.243180000" lon="5.747550000">
        <ele>767.000</ele>
      </trkpt>
      <trkpt lat="45.243140000" lon="5.747610000">
        <ele>766.000</ele>
      </trkpt>
      <trkpt lat="45.243120000" lon="5.747690000">
        <ele>766.000</ele>
      </trkpt>
      <trkpt lat="45.243100000" lon="5.747780000">
        <ele>766.000</ele>
      </trkpt>
      <trkpt lat="45.243090000" lon="5.747870000">
        <ele>766.000</ele>
      </trkpt>
      <trkpt lat="45.243080000" lon="5.747980000">
        <ele>766.000</ele>
      </trkpt>
      <trkpt lat="45.243060000" lon="5.748110000">
        <ele>766.000</ele>
      </trkpt>
      <trkpt lat="45.243050000" lon="5.748180000">
        <ele>765.000</ele>
      </trkpt>
      <trkpt lat="45.243030000" lon="5.748230000">
        <ele>765.000</ele>
      </trkpt>
      <trkpt lat="45.243010000" lon="5.748260000">
        <ele>765.000</ele>
      </trkpt>
      <trkpt lat="45.242970000" lon="5.748310000">
        <ele>765.000</ele>
      </trkpt>
      <trkpt lat="45.242910000" lon="5.748330000">
        <ele>765.000</ele>
      </trkpt>
      <trkpt lat="45.242690000" lon="5.748410000">
        <ele>765.000</ele>
      </trkpt>
      <trkpt lat="45.242620000" lon="5.748450000">
        <ele>764.000</ele>
      </trkpt>
      <trkpt lat="45.242560000" lon="5.748490000">
        <ele>764.000</ele>
      </trkpt>
      <trkpt lat="45.242460000" lon="5.748570000">
        <ele>764.000</ele>
      </trkpt>
      <trkpt lat="45.242370000" lon="5.748670000">
        <ele>764.000</ele>
      </trkpt>
      <trkpt lat="45.242230000" lon="5.748850000">
        <ele>763.000</ele>
      </trkpt>
      <trkpt lat="45.242100000" lon="5.749050000">
        <ele>763.000</ele>
      </trkpt>
      <trkpt lat="45.241990000" lon="5.749170000">
        <ele>763.000</ele>
      </trkpt>
      <trkpt lat="45.241880000" lon="5.749290000">
        <ele>763.000</ele>
      </trkpt>
      <trkpt lat="45.241640000" lon="5.749580000">
        <ele>763.000</ele>
      </trkpt>
      <trkpt lat="45.241420000" lon="5.749830000">
        <ele>763.000</ele>
      </trkpt>
      <trkpt lat="45.241190000" lon="5.750050000">
        <ele>764.000</ele>
      </trkpt>
      <trkpt lat="45.241110000" lon="5.750120000">
        <ele>764.000</ele>
      </trkpt>
      <trkpt lat="45.241020000" lon="5.750170000">
        <ele>764.000</ele>
      </trkpt>
      <trkpt lat="45.240970000" lon="5.750190000">
        <ele>764.000</ele>
      </trkpt>
      <trkpt lat="45.240940000" lon="5.750210000">
        <ele>764.000</ele>
      </trkpt>
      <trkpt lat="45.240880000" lon="5.750260000">
        <ele>764.000</ele>
      </trkpt>
      <trkpt lat="45.240750000" lon="5.750390000">
        <ele>764.000</ele>
      </trkpt>
      <trkpt lat="45.240630000" lon="5.750540000">
        <ele>765.000</ele>
      </trkpt>
      <trkpt lat="45.240590000" lon="5.750600000">
        <ele>765.000</ele>
      </trkpt>
      <trkpt lat="45.240540000" lon="5.750630000">
        <ele>766.000</ele>
      </trkpt>
      <trkpt lat="45.240440000" lon="5.750690000">
        <ele>766.000</ele>
      </trkpt>
      <trkpt lat="45.240090000" lon="5.750900000">
        <ele>767.000</ele>
      </trkpt>
      <trkpt lat="45.239550000" lon="5.751120000">
        <ele>770.000</ele>
      </trkpt>
      <trkpt lat="45.239340000" lon="5.751190000">
        <ele>772.000</ele>
      </trkpt>
      <trkpt lat="45.239120000" lon="5.751240000">
        <ele>774.000</ele>
      </trkpt>
      <trkpt lat="45.238810000" lon="5.751260000">
        <ele>776.000</ele>
      </trkpt>
      <trkpt lat="45.238570000" lon="5.751310000">
        <ele>777.000</ele>
      </trkpt>
      <trkpt lat="45.238480000" lon="5.751320000">
        <ele>779.000</ele>
      </trkpt>
      <trkpt lat="45.238390000" lon="5.751340000">
        <ele>780.000</ele>
      </trkpt>
      <trkpt lat="45.238300000" lon="5.751340000">
        <ele>780.000</ele>
      </trkpt>
      <trkpt lat="45.238220000" lon="5.751330000">
        <ele>781.000</ele>
      </trkpt>
      <trkpt lat="45.238160000" lon="5.751310000">
        <ele>782.000</ele>
      </trkpt>
      <trkpt lat="45.238100000" lon="5.751300000">
        <ele>782.000</ele>
      </trkpt>
      <trkpt lat="45.237980000" lon="5.751260000">
        <ele>783.000</ele>
      </trkpt>
      <trkpt lat="45.237870000" lon="5.751210000">
        <ele>783.000</ele>
      </trkpt>
      <trkpt lat="45.237760000" lon="5.751160000">
        <ele>784.000</ele>
      </trkpt>
      <trkpt lat="45.237540000" lon="5.751050000">
        <ele>784.000</ele>
      </trkpt>
      <trkpt lat="45.237470000" lon="5.751020000">
        <ele>785.000</ele>
      </trkpt>
      <trkpt lat="45.237340000" lon="5.750970000">
        <ele>786.000</ele>
      </trkpt>
      <trkpt lat="45.237270000" lon="5.750950000">
        <ele>786.000</ele>
      </trkpt>
      <trkpt lat="45.237200000" lon="5.750940000">
        <ele>787.000</ele>
      </trkpt>
      <trkpt lat="45.237120000" lon="5.750930000">
        <ele>787.000</ele>
      </trkpt>
      <trkpt lat="45.237030000" lon="5.750930000">
        <ele>788.000</ele>
      </trkpt>
      <trkpt lat="45.236920000" lon="5.750940000">
        <ele>788.000</ele>
      </trkpt>
      <trkpt lat="45.236850000" lon="5.750940000">
        <ele>788.000</ele>
      </trkpt>
      <trkpt lat="45.236770000" lon="5.750960000">
        <ele>789.000</ele>
      </trkpt>
      <trkpt lat="45.236630000" lon="5.750990000">
        <ele>789.000</ele>
      </trkpt>
      <trkpt lat="45.236400000" lon="5.751060000">
        <ele>789.000</ele>
      </trkpt>
      <trkpt lat="45.236320000" lon="5.751060000">
        <ele>789.000</ele>
      </trkpt>
      <trkpt lat="45.236250000" lon="5.751060000">
        <ele>790.000</ele>
      </trkpt>
      <trkpt lat="45.236190000" lon="5.751050000">
        <ele>790.000</ele>
      </trkpt>
      <trkpt lat="45.236120000" lon="5.751040000">
        <ele>790.000</ele>
      </trkpt>
      <trkpt lat="45.236050000" lon="5.751020000">
        <ele>790.000</ele>
      </trkpt>
      <trkpt lat="45.236000000" lon="5.751000000">
        <ele>790.000</ele>
      </trkpt>
      <trkpt lat="45.235940000" lon="5.750980000">
        <ele>791.000</ele>
      </trkpt>
      <trkpt lat="45.235860000" lon="5.750940000">
        <ele>791.000</ele>
      </trkpt>
      <trkpt lat="45.235790000" lon="5.750910000">
        <ele>791.000</ele>
      </trkpt>
      <trkpt lat="45.235770000" lon="5.750890000">
        <ele>791.000</ele>
      </trkpt>
      <trkpt lat="45.235740000" lon="5.750890000">
        <ele>791.000</ele>
      </trkpt>
      <trkpt lat="45.235720000" lon="5.750880000">
        <ele>791.000</ele>
      </trkpt>
      <trkpt lat="45.235700000" lon="5.750880000">
        <ele>791.000</ele>
      </trkpt>
      <trkpt lat="45.235680000" lon="5.750890000">
        <ele>791.000</ele>
      </trkpt>
      <trkpt lat="45.235660000" lon="5.750910000">
        <ele>791.000</ele>
      </trkpt>
      <trkpt lat="45.235630000" lon="5.750960000">
        <ele>791.000</ele>
      </trkpt>
      <trkpt lat="45.235490000" lon="5.750890000">
        <ele>792.000</ele>
      </trkpt>
      <trkpt lat="45.235430000" lon="5.750860000">
        <ele>792.000</ele>
      </trkpt>
      <trkpt lat="45.235390000" lon="5.750850000">
        <ele>792.000</ele>
      </trkpt>
      <trkpt lat="45.235250000" lon="5.750840000">
        <ele>792.000</ele>
      </trkpt>
      <trkpt lat="45.235170000" lon="5.750840000">
        <ele>792.000</ele>
      </trkpt>
      <trkpt lat="45.235080000" lon="5.750850000">
        <ele>791.000</ele>
      </trkpt>
      <trkpt lat="45.235010000" lon="5.750870000">
        <ele>791.000</ele>
      </trkpt>
      <trkpt lat="45.234720000" lon="5.750960000">
        <ele>789.000</ele>
      </trkpt>
      <trkpt lat="45.234640000" lon="5.750990000">
        <ele>788.000</ele>
      </trkpt>
      <trkpt lat="45.234430000" lon="5.751080000">
        <ele>786.000</ele>
      </trkpt>
      <trkpt lat="45.234300000" lon="5.751120000">
        <ele>785.000</ele>
      </trkpt>
      <trkpt lat="45.234240000" lon="5.751130000">
        <ele>784.000</ele>
      </trkpt>
      <trkpt lat="45.234170000" lon="5.751140000">
        <ele>782.000</ele>
      </trkpt>
      <trkpt lat="45.234120000" lon="5.751130000">
        <ele>781.000</ele>
      </trkpt>
      <trkpt lat="45.234040000" lon="5.751130000">
        <ele>780.000</ele>
      </trkpt>
      <trkpt lat="45.233970000" lon="5.751120000">
        <ele>780.000</ele>
      </trkpt>
      <trkpt lat="45.233850000" lon="5.751090000">
        <ele>779.000</ele>
      </trkpt>
      <trkpt lat="45.233710000" lon="5.751080000">
        <ele>777.000</ele>
      </trkpt>
      <trkpt lat="45.233580000" lon="5.751070000">
        <ele>776.000</ele>
      </trkpt>
      <trkpt lat="45.233410000" lon="5.751100000">
        <ele>775.000</ele>
      </trkpt>
      <trkpt lat="45.233180000" lon="5.751140000">
        <ele>772.000</ele>
      </trkpt>
      <trkpt lat="45.232970000" lon="5.751140000">
        <ele>770.000</ele>
      </trkpt>
      <trkpt lat="45.232240000" lon="5.751120000">
        <ele>765.000</ele>
      </trkpt>
      <trkpt lat="45.232110000" lon="5.751130000">
        <ele>762.000</ele>
      </trkpt>
      <trkpt lat="45.231990000" lon="5.751140000">
        <ele>759.000</ele>
      </trkpt>
      <trkpt lat="45.231880000" lon="5.751160000">
        <ele>756.000</ele>
      </trkpt>
      <trkpt lat="45.231770000" lon="5.751200000">
        <ele>754.000</ele>
      </trkpt>
      <trkpt lat="45.231650000" lon="5.751250000">
        <ele>752.000</ele>
      </trkpt>
      <trkpt lat="45.231540000" lon="5.751330000">
        <ele>750.000</ele>
      </trkpt>
      <trkpt lat="45.231430000" lon="5.751410000">
        <ele>749.000</ele>
      </trkpt>
      <trkpt lat="45.231260000" lon="5.751600000">
        <ele>747.000</ele>
      </trkpt>
      <trkpt lat="45.231190000" lon="5.751690000">
        <ele>745.000</ele>
      </trkpt>
      <trkpt lat="45.231100000" lon="5.751790000">
        <ele>743.000</ele>
      </trkpt>
      <trkpt lat="45.230990000" lon="5.751910000">
        <ele>742.000</ele>
      </trkpt>
      <trkpt lat="45.230900000" lon="5.752030000">
        <ele>740.000</ele>
      </trkpt>
      <trkpt lat="45.230840000" lon="5.752140000">
        <ele>739.000</ele>
      </trkpt>
      <trkpt lat="45.230710000" lon="5.752450000">
        <ele>737.000</ele>
      </trkpt>
      <trkpt lat="45.230640000" lon="5.752550000">
        <ele>735.000</ele>
      </trkpt>
      <trkpt lat="45.230550000" lon="5.752630000">
        <ele>733.000</ele>
      </trkpt>
      <trkpt lat="45.230460000" lon="5.752690000">
        <ele>732.000</ele>
      </trkpt>
      <trkpt lat="45.230400000" lon="5.752750000">
        <ele>731.000</ele>
      </trkpt>
      <trkpt lat="45.230360000" lon="5.752810000">
        <ele>729.000</ele>
      </trkpt>
      <trkpt lat="45.230330000" lon="5.752890000">
        <ele>729.000</ele>
      </trkpt>
      <trkpt lat="45.230330000" lon="5.752980000">
        <ele>728.000</ele>
      </trkpt>
      <trkpt lat="45.230360000" lon="5.753140000">
        <ele>727.000</ele>
      </trkpt>
      <trkpt lat="45.230390000" lon="5.753290000">
        <ele>726.000</ele>
      </trkpt>
      <trkpt lat="45.230430000" lon="5.753440000">
        <ele>724.000</ele>
      </trkpt>
      <trkpt lat="45.230460000" lon="5.753610000">
        <ele>723.000</ele>
      </trkpt>
      <trkpt lat="45.230470000" lon="5.753780000">
        <ele>722.000</ele>
      </trkpt>
      <trkpt lat="45.230460000" lon="5.753900000">
        <ele>721.000</ele>
      </trkpt>
      <trkpt lat="45.230440000" lon="5.754020000">
        <ele>720.000</ele>
      </trkpt>
      <trkpt lat="45.230410000" lon="5.754130000">
        <ele>719.000</ele>
      </trkpt>
      <trkpt lat="45.230370000" lon="5.754220000">
        <ele>719.000</ele>
      </trkpt>
      <trkpt lat="45.230310000" lon="5.754340000">
        <ele>718.000</ele>
      </trkpt>
      <trkpt lat="45.230230000" lon="5.754430000">
        <ele>717.000</ele>
      </trkpt>
      <trkpt lat="45.230150000" lon="5.754500000">
        <ele>716.000</ele>
      </trkpt>
      <trkpt lat="45.230060000" lon="5.754550000">
        <ele>715.000</ele>
      </trkpt>
      <trkpt lat="45.229970000" lon="5.754580000">
        <ele>714.000</ele>
      </trkpt>
      <trkpt lat="45.229870000" lon="5.754600000">
        <ele>713.000</ele>
      </trkpt>
      <trkpt lat="45.229740000" lon="5.754610000">
        <ele>712.000</ele>
      </trkpt>
      <trkpt lat="45.229590000" lon="5.754630000">
        <ele>711.000</ele>
      </trkpt>
      <trkpt lat="45.229510000" lon="5.754640000">
        <ele>710.000</ele>
      </trkpt>
      <trkpt lat="45.229480000" lon="5.754650000">
        <ele>709.000</ele>
      </trkpt>
      <trkpt lat="45.229450000" lon="5.754690000">
        <ele>709.000</ele>
      </trkpt>
      <trkpt lat="45.229420000" lon="5.754710000">
        <ele>708.000</ele>
      </trkpt>
      <trkpt lat="45.229390000" lon="5.754750000">
        <ele>708.000</ele>
      </trkpt>
      <trkpt lat="45.229360000" lon="5.754790000">
        <ele>708.000</ele>
      </trkpt>
      <trkpt lat="45.229340000" lon="5.754850000">
        <ele>707.000</ele>
      </trkpt>
      <trkpt lat="45.229330000" lon="5.754950000">
        <ele>707.000</ele>
      </trkpt>
      <trkpt lat="45.229340000" lon="5.755030000">
        <ele>706.000</ele>
      </trkpt>
      <trkpt lat="45.229350000" lon="5.755080000">
        <ele>706.000</ele>
      </trkpt>
      <trkpt lat="45.229390000" lon="5.755230000">
        <ele>706.000</ele>
      </trkpt>
      <trkpt lat="45.229420000" lon="5.755370000">
        <ele>705.000</ele>
      </trkpt>
      <trkpt lat="45.229440000" lon="5.755460000">
        <ele>705.000</ele>
      </trkpt>
      <trkpt lat="45.229450000" lon="5.755550000">
        <ele>704.000</ele>
      </trkpt>
      <trkpt lat="45.229470000" lon="5.755700000">
        <ele>704.000</ele>
      </trkpt>
      <trkpt lat="45.229480000" lon="5.755820000">
        <ele>703.000</ele>
      </trkpt>
      <trkpt lat="45.229460000" lon="5.755940000">
        <ele>703.000</ele>
      </trkpt>
      <trkpt lat="45.229460000" lon="5.756020000">
        <ele>702.000</ele>
      </trkpt>
      <trkpt lat="45.229440000" lon="5.756080000">
        <ele>702.000</ele>
      </trkpt>
      <trkpt lat="45.229410000" lon="5.756160000">
        <ele>702.000</ele>
      </trkpt>
      <trkpt lat="45.229380000" lon="5.756230000">
        <ele>701.000</ele>
      </trkpt>
      <trkpt lat="45.229300000" lon="5.756370000">
        <ele>701.000</ele>
      </trkpt>
      <trkpt lat="45.229260000" lon="5.756460000">
        <ele>700.000</ele>
      </trkpt>
      <trkpt lat="45.229240000" lon="5.756550000">
        <ele>700.000</ele>
      </trkpt>
      <trkpt lat="45.229210000" lon="5.756670000">
        <ele>699.000</ele>
      </trkpt>
      <trkpt lat="45.229170000" lon="5.756930000">
        <ele>699.000</ele>
      </trkpt>
      <trkpt lat="45.229140000" lon="5.757010000">
        <ele>698.000</ele>
      </trkpt>
      <trkpt lat="45.229120000" lon="5.757090000">
        <ele>698.000</ele>
      </trkpt>
      <trkpt lat="45.229050000" lon="5.757240000">
        <ele>697.000</ele>
      </trkpt>
      <trkpt lat="45.228920000" lon="5.757460000">
        <ele>695.000</ele>
      </trkpt>
      <trkpt lat="45.228790000" lon="5.757670000">
        <ele>694.000</ele>
      </trkpt>
      <trkpt lat="45.228650000" lon="5.757890000">
        <ele>692.000</ele>
      </trkpt>
      <trkpt lat="45.228520000" lon="5.758070000">
        <ele>690.000</ele>
      </trkpt>
      <trkpt lat="45.228450000" lon="5.758160000">
        <ele>688.000</ele>
      </trkpt>
      <trkpt lat="45.228410000" lon="5.758190000">
        <ele>687.000</ele>
      </trkpt>
      <trkpt lat="45.228370000" lon="5.758230000">
        <ele>686.000</ele>
      </trkpt>
      <trkpt lat="45.228330000" lon="5.758270000">
        <ele>685.000</ele>
      </trkpt>
      <trkpt lat="45.228280000" lon="5.758300000">
        <ele>684.000</ele>
      </trkpt>
      <trkpt lat="45.228210000" lon="5.758340000">
        <ele>683.000</ele>
      </trkpt>
      <trkpt lat="45.228130000" lon="5.758380000">
        <ele>682.000</ele>
      </trkpt>
      <trkpt lat="45.227970000" lon="5.758470000">
        <ele>681.000</ele>
      </trkpt>
      <trkpt lat="45.227830000" lon="5.758570000">
        <ele>679.000</ele>
      </trkpt>
      <trkpt lat="45.227680000" lon="5.758670000">
        <ele>678.000</ele>
      </trkpt>
      <trkpt lat="45.227540000" lon="5.758740000">
        <ele>676.000</ele>
      </trkpt>
      <trkpt lat="45.227480000" lon="5.758760000">
        <ele>675.000</ele>
      </trkpt>
      <trkpt lat="45.227340000" lon="5.758820000">
        <ele>673.000</ele>
      </trkpt>
      <trkpt lat="45.227290000" lon="5.758830000">
        <ele>672.000</ele>
      </trkpt>
      <trkpt lat="45.227200000" lon="5.758850000">
        <ele>671.000</ele>
      </trkpt>
      <trkpt lat="45.227170000" lon="5.758860000">
        <ele>671.000</ele>
      </trkpt>
      <trkpt lat="45.227030000" lon="5.758870000">
        <ele>669.000</ele>
      </trkpt>
      <trkpt lat="45.226810000" lon="5.758870000">
        <ele>668.000</ele>
      </trkpt>
      <trkpt lat="45.226720000" lon="5.758870000">
        <ele>667.000</ele>
      </trkpt>
      <trkpt lat="45.226640000" lon="5.758900000">
        <ele>666.000</ele>
      </trkpt>
      <trkpt lat="45.226600000" lon="5.758920000">
        <ele>665.000</ele>
      </trkpt>
      <trkpt lat="45.226560000" lon="5.758940000">
        <ele>664.000</ele>
      </trkpt>
      <trkpt lat="45.226490000" lon="5.758990000">
        <ele>663.000</ele>
      </trkpt>
      <trkpt lat="45.226410000" lon="5.759060000">
        <ele>662.000</ele>
      </trkpt>
      <trkpt lat="45.226330000" lon="5.759170000">
        <ele>661.000</ele>
      </trkpt>
      <trkpt lat="45.226300000" lon="5.759240000">
        <ele>660.000</ele>
      </trkpt>
      <trkpt lat="45.226280000" lon="5.759300000">
        <ele>660.000</ele>
      </trkpt>
      <trkpt lat="45.226250000" lon="5.759370000">
        <ele>659.000</ele>
      </trkpt>
      <trkpt lat="45.226240000" lon="5.759430000">
        <ele>658.000</ele>
      </trkpt>
      <trkpt lat="45.226220000" lon="5.759590000">
        <ele>658.000</ele>
      </trkpt>
      <trkpt lat="45.226200000" lon="5.759920000">
        <ele>656.000</ele>
      </trkpt>
      <trkpt lat="45.226180000" lon="5.760040000">
        <ele>655.000</ele>
      </trkpt>
      <trkpt lat="45.226160000" lon="5.760160000">
        <ele>654.000</ele>
      </trkpt>
      <trkpt lat="45.226130000" lon="5.760290000">
        <ele>653.000</ele>
      </trkpt>
      <trkpt lat="45.226080000" lon="5.760400000">
        <ele>651.000</ele>
      </trkpt>
      <trkpt lat="45.226010000" lon="5.760520000">
        <ele>650.000</ele>
      </trkpt>
      <trkpt lat="45.225940000" lon="5.760640000">
        <ele>649.000</ele>
      </trkpt>
      <trkpt lat="45.225830000" lon="5.760770000">
        <ele>648.000</ele>
      </trkpt>
      <trkpt lat="45.225720000" lon="5.760900000">
        <ele>646.000</ele>
      </trkpt>
      <trkpt lat="45.225470000" lon="5.761150000">
        <ele>644.000</ele>
      </trkpt>
      <trkpt lat="45.225360000" lon="5.761270000">
        <ele>642.000</ele>
      </trkpt>
      <trkpt lat="45.225210000" lon="5.761450000">
        <ele>640.000</ele>
      </trkpt>
      <trkpt lat="45.225130000" lon="5.761580000">
        <ele>638.000</ele>
      </trkpt>
      <trkpt lat="45.225080000" lon="5.761680000">
        <ele>636.000</ele>
      </trkpt>
      <trkpt lat="45.225040000" lon="5.761810000">
        <ele>634.000</ele>
      </trkpt>
      <trkpt lat="45.225010000" lon="5.762020000">
        <ele>633.000</ele>
      </trkpt>
      <trkpt lat="45.224980000" lon="5.762230000">
        <ele>631.000</ele>
      </trkpt>
      <trkpt lat="45.224960000" lon="5.762430000">
        <ele>630.000</ele>
      </trkpt>
      <trkpt lat="45.224960000" lon="5.762510000">
        <ele>629.000</ele>
      </trkpt>
      <trkpt lat="45.224940000" lon="5.762650000">
        <ele>627.000</ele>
      </trkpt>
      <trkpt lat="45.224940000" lon="5.762870000">
        <ele>626.000</ele>
      </trkpt>
      <trkpt lat="45.224950000" lon="5.763100000">
        <ele>625.000</ele>
      </trkpt>
      <trkpt lat="45.224970000" lon="5.763300000">
        <ele>623.000</ele>
      </trkpt>
      <trkpt lat="45.224990000" lon="5.763400000">
        <ele>622.000</ele>
      </trkpt>
      <trkpt lat="45.225010000" lon="5.763500000">
        <ele>621.000</ele>
      </trkpt>
      <trkpt lat="45.225060000" lon="5.763660000">
        <ele>619.000</ele>
      </trkpt>
      <trkpt lat="45.225100000" lon="5.763800000">
        <ele>618.000</ele>
      </trkpt>
      <trkpt lat="45.225140000" lon="5.763920000">
        <ele>617.000</ele>
      </trkpt>
      <trkpt lat="45.225180000" lon="5.764120000">
        <ele>616.000</ele>
      </trkpt>
      <trkpt lat="45.225190000" lon="5.764240000">
        <ele>615.000</ele>
      </trkpt>
      <trkpt lat="45.225220000" lon="5.764360000">
        <ele>614.000</ele>
      </trkpt>
      <trkpt lat="45.225260000" lon="5.764500000">
        <ele>613.000</ele>
      </trkpt>
      <trkpt lat="45.225290000" lon="5.764580000">
        <ele>612.000</ele>
      </trkpt>
      <trkpt lat="45.225320000" lon="5.764640000">
        <ele>611.000</ele>
      </trkpt>
      <trkpt lat="45.225360000" lon="5.764700000">
        <ele>611.000</ele>
      </trkpt>
      <trkpt lat="45.225390000" lon="5.764750000">
        <ele>610.000</ele>
      </trkpt>
      <trkpt lat="45.225460000" lon="5.764830000">
        <ele>610.000</ele>
      </trkpt>
      <trkpt lat="45.225540000" lon="5.764900000">
        <ele>609.000</ele>
      </trkpt>
      <trkpt lat="45.225680000" lon="5.764990000">
        <ele>609.000</ele>
      </trkpt>
      <trkpt lat="45.225880000" lon="5.765110000">
        <ele>608.000</ele>
      </trkpt>
      <trkpt lat="45.226060000" lon="5.765190000">
        <ele>607.000</ele>
      </trkpt>
      <trkpt lat="45.226220000" lon="5.765250000">
        <ele>606.000</ele>
      </trkpt>
      <trkpt lat="45.226420000" lon="5.765320000">
        <ele>605.000</ele>
      </trkpt>
      <trkpt lat="45.226480000" lon="5.765340000">
        <ele>604.000</ele>
      </trkpt>
      <trkpt lat="45.226590000" lon="5.765380000">
        <ele>603.000</ele>
      </trkpt>
      <trkpt lat="45.226930000" lon="5.765470000">
        <ele>602.000</ele>
      </trkpt>
      <trkpt lat="45.227040000" lon="5.765510000">
        <ele>601.000</ele>
      </trkpt>
      <trkpt lat="45.227110000" lon="5.765560000">
        <ele>600.000</ele>
      </trkpt>
      <trkpt lat="45.227190000" lon="5.765630000">
        <ele>599.000</ele>
      </trkpt>
      <trkpt lat="45.227230000" lon="5.765680000">
        <ele>598.000</ele>
      </trkpt>
      <trkpt lat="45.227320000" lon="5.765830000">
        <ele>597.000</ele>
      </trkpt>
      <trkpt lat="45.227350000" lon="5.765910000">
        <ele>596.000</ele>
      </trkpt>
      <trkpt lat="45.227380000" lon="5.766000000">
        <ele>595.000</ele>
      </trkpt>
      <trkpt lat="45.227430000" lon="5.766220000">
        <ele>594.000</ele>
      </trkpt>
      <trkpt lat="45.227650000" lon="5.767130000">
        <ele>591.000</ele>
      </trkpt>
      <trkpt lat="45.227710000" lon="5.767350000">
        <ele>588.000</ele>
      </trkpt>
      <trkpt lat="45.227820000" lon="5.767620000">
        <ele>586.000</ele>
      </trkpt>
      <trkpt lat="45.227920000" lon="5.767860000">
        <ele>583.000</ele>
      </trkpt>
      <trkpt lat="45.228030000" lon="5.768040000">
        <ele>581.000</ele>
      </trkpt>
      <trkpt lat="45.228230000" lon="5.768380000">
        <ele>578.000</ele>
      </trkpt>
      <trkpt lat="45.228250000" lon="5.768420000">
        <ele>576.000</ele>
      </trkpt>
      <trkpt lat="45.228260000" lon="5.768460000">
        <ele>574.000</ele>
      </trkpt>
      <trkpt lat="45.228270000" lon="5.768500000">
        <ele>573.000</ele>
      </trkpt>
      <trkpt lat="45.228280000" lon="5.768540000">
        <ele>572.000</ele>
      </trkpt>
      <trkpt lat="45.228280000" lon="5.768610000">
        <ele>571.000</ele>
      </trkpt>
      <trkpt lat="45.228290000" lon="5.768680000">
        <ele>571.000</ele>
      </trkpt>
      <trkpt lat="45.228280000" lon="5.768750000">
        <ele>570.000</ele>
      </trkpt>
      <trkpt lat="45.228260000" lon="5.768840000">
        <ele>569.000</ele>
      </trkpt>
      <trkpt lat="45.228230000" lon="5.768930000">
        <ele>568.000</ele>
      </trkpt>
      <trkpt lat="45.228190000" lon="5.769020000">
        <ele>568.000</ele>
      </trkpt>
      <trkpt lat="45.228160000" lon="5.769070000">
        <ele>567.000</ele>
      </trkpt>
      <trkpt lat="45.228140000" lon="5.769090000">
        <ele>566.000</ele>
      </trkpt>
      <trkpt lat="45.228090000" lon="5.769130000">
        <ele>566.000</ele>
      </trkpt>
      <trkpt lat="45.228030000" lon="5.769160000">
        <ele>565.000</ele>
      </trkpt>
      <trkpt lat="45.227980000" lon="5.769170000">
        <ele>564.000</ele>
      </trkpt>
      <trkpt lat="45.227920000" lon="5.769160000">
        <ele>564.000</ele>
      </trkpt>
      <trkpt lat="45.227850000" lon="5.769150000">
        <ele>563.000</ele>
      </trkpt>
      <trkpt lat="45.227800000" lon="5.769140000">
        <ele>562.000</ele>
      </trkpt>
      <trkpt lat="45.227710000" lon="5.769100000">
        <ele>561.000</ele>
      </trkpt>
      <trkpt lat="45.227630000" lon="5.769090000">
        <ele>560.000</ele>
      </trkpt>
      <trkpt lat="45.227550000" lon="5.769070000">
        <ele>559.000</ele>
      </trkpt>
      <trkpt lat="45.227500000" lon="5.769060000">
        <ele>559.000</ele>
      </trkpt>
      <trkpt lat="45.227470000" lon="5.769040000">
        <ele>558.000</ele>
      </trkpt>
      <trkpt lat="45.227430000" lon="5.769010000">
        <ele>558.000</ele>
      </trkpt>
      <trkpt lat="45.227380000" lon="5.768960000">
        <ele>557.000</ele>
      </trkpt>
      <trkpt lat="45.227330000" lon="5.768890000">
        <ele>557.000</ele>
      </trkpt>
      <trkpt lat="45.227290000" lon="5.768820000">
        <ele>556.000</ele>
      </trkpt>
      <trkpt lat="45.227240000" lon="5.768740000">
        <ele>555.000</ele>
      </trkpt>
      <trkpt lat="45.227200000" lon="5.768670000">
        <ele>555.000</ele>
      </trkpt>
      <trkpt lat="45.227160000" lon="5.768620000">
        <ele>554.000</ele>
      </trkpt>
      <trkpt lat="45.227120000" lon="5.768580000">
        <ele>554.000</ele>
      </trkpt>
      <trkpt lat="45.227090000" lon="5.768550000">
        <ele>554.000</ele>
      </trkpt>
      <trkpt lat="45.227040000" lon="5.768500000">
        <ele>553.000</ele>
      </trkpt>
      <trkpt lat="45.227010000" lon="5.768490000">
        <ele>553.000</ele>
      </trkpt>
      <trkpt lat="45.226930000" lon="5.768440000">
        <ele>552.000</ele>
      </trkpt>
      <trkpt lat="45.226870000" lon="5.768420000">
        <ele>552.000</ele>
      </trkpt>
      <trkpt lat="45.226820000" lon="5.768420000">
        <ele>551.000</ele>
      </trkpt>
      <trkpt lat="45.226740000" lon="5.768430000">
        <ele>551.000</ele>
      </trkpt>
      <trkpt lat="45.226690000" lon="5.768440000">
        <ele>550.000</ele>
      </trkpt>
      <trkpt lat="45.226620000" lon="5.768460000">
        <ele>550.000</ele>
      </trkpt>
      <trkpt lat="45.226500000" lon="5.768510000">
        <ele>549.000</ele>
      </trkpt>
      <trkpt lat="45.226420000" lon="5.768540000">
        <ele>549.000</ele>
      </trkpt>
      <trkpt lat="45.226360000" lon="5.768560000">
        <ele>548.000</ele>
      </trkpt>
      <trkpt lat="45.226300000" lon="5.768560000">
        <ele>547.000</ele>
      </trkpt>
      <trkpt lat="45.226240000" lon="5.768570000">
        <ele>547.000</ele>
      </trkpt>
      <trkpt lat="45.226200000" lon="5.768560000">
        <ele>546.000</ele>
      </trkpt>
      <trkpt lat="45.226200000" lon="5.768560000">
        <ele>546.000</ele>
      </trkpt>
      <trkpt lat="45.226170000" lon="5.768560000">
        <ele>546.000</ele>
      </trkpt>
      <trkpt lat="45.226080000" lon="5.768530000">
        <ele>545.000</ele>
      </trkpt>
      <trkpt lat="45.225990000" lon="5.768510000">
        <ele>545.000</ele>
      </trkpt>
      <trkpt lat="45.225810000" lon="5.768460000">
        <ele>544.000</ele>
      </trkpt>
      <trkpt lat="45.225630000" lon="5.768410000">
        <ele>543.000</ele>
      </trkpt>
      <trkpt lat="45.225550000" lon="5.768390000">
        <ele>542.000</ele>
      </trkpt>
      <trkpt lat="45.225450000" lon="5.768370000">
        <ele>541.000</ele>
      </trkpt>
      <trkpt lat="45.225280000" lon="5.768320000">
        <ele>539.000</ele>
      </trkpt>
      <trkpt lat="45.225170000" lon="5.768290000">
        <ele>538.000</ele>
      </trkpt>
      <trkpt lat="45.225070000" lon="5.768270000">
        <ele>537.000</ele>
      </trkpt>
      <trkpt lat="45.225040000" lon="5.768260000">
        <ele>536.000</ele>
      </trkpt>
      <trkpt lat="45.224890000" lon="5.768220000">
        <ele>535.000</ele>
      </trkpt>
      <trkpt lat="45.224870000" lon="5.768210000">
        <ele>534.000</ele>
      </trkpt>
      <trkpt lat="45.224780000" lon="5.768150000">
        <ele>533.000</ele>
      </trkpt>
      <trkpt lat="45.224700000" lon="5.768100000">
        <ele>532.000</ele>
      </trkpt>
      <trkpt lat="45.224640000" lon="5.768050000">
        <ele>531.000</ele>
      </trkpt>
      <trkpt lat="45.224590000" lon="5.768000000">
        <ele>530.000</ele>
      </trkpt>
      <trkpt lat="45.224530000" lon="5.767970000">
        <ele>529.000</ele>
      </trkpt>
      <trkpt lat="45.224470000" lon="5.767930000">
        <ele>529.000</ele>
      </trkpt>
      <trkpt lat="45.224400000" lon="5.767910000">
        <ele>528.000</ele>
      </trkpt>
      <trkpt lat="45.224360000" lon="5.767910000">
        <ele>527.000</ele>
      </trkpt>
      <trkpt lat="45.224290000" lon="5.767900000">
        <ele>527.000</ele>
      </trkpt>
      <trkpt lat="45.224220000" lon="5.767910000">
        <ele>526.000</ele>
      </trkpt>
      <trkpt lat="45.224160000" lon="5.767920000">
        <ele>525.000</ele>
      </trkpt>
      <trkpt lat="45.224100000" lon="5.767920000">
        <ele>524.000</ele>
      </trkpt>
      <trkpt lat="45.224050000" lon="5.767920000">
        <ele>524.000</ele>
      </trkpt>
      <trkpt lat="45.223990000" lon="5.767910000">
        <ele>523.000</ele>
      </trkpt>
      <trkpt lat="45.223950000" lon="5.767900000">
        <ele>523.000</ele>
      </trkpt>
      <trkpt lat="45.223890000" lon="5.767880000">
        <ele>522.000</ele>
      </trkpt>
      <trkpt lat="45.223760000" lon="5.767850000">
        <ele>521.000</ele>
      </trkpt>
      <trkpt lat="45.223680000" lon="5.767840000">
        <ele>520.000</ele>
      </trkpt>
      <trkpt lat="45.223610000" lon="5.767830000">
        <ele>519.000</ele>
      </trkpt>
      <trkpt lat="45.223560000" lon="5.767850000">
        <ele>519.000</ele>
      </trkpt>
      <trkpt lat="45.223500000" lon="5.767870000">
        <ele>518.000</ele>
      </trkpt>
      <trkpt lat="45.223510000" lon="5.767930000">
        <ele>517.000</ele>
      </trkpt>
      <trkpt lat="45.223540000" lon="5.767980000">
        <ele>517.000</ele>
      </trkpt>
      <trkpt lat="45.223560000" lon="5.768000000">
        <ele>516.000</ele>
      </trkpt>
      <trkpt lat="45.223600000" lon="5.768020000">
        <ele>516.000</ele>
      </trkpt>
      <trkpt lat="45.223650000" lon="5.768040000">
        <ele>515.000</ele>
      </trkpt>
      <trkpt lat="45.223730000" lon="5.768060000">
        <ele>515.000</ele>
      </trkpt>
      <trkpt lat="45.223810000" lon="5.768100000">
        <ele>514.000</ele>
      </trkpt>
      <trkpt lat="45.223870000" lon="5.768150000">
        <ele>513.000</ele>
      </trkpt>
      <trkpt lat="45.223930000" lon="5.768180000">
        <ele>512.000</ele>
      </trkpt>
      <trkpt lat="45.224000000" lon="5.768210000">
        <ele>512.000</ele>
      </trkpt>
      <trkpt lat="45.224070000" lon="5.768240000">
        <ele>511.000</ele>
      </trkpt>
      <trkpt lat="45.224180000" lon="5.768290000">
        <ele>510.000</ele>
      </trkpt>
      <trkpt lat="45.224250000" lon="5.768340000">
        <ele>509.000</ele>
      </trkpt>
      <trkpt lat="45.224290000" lon="5.768370000">
        <ele>508.000</ele>
      </trkpt>
      <trkpt lat="45.224320000" lon="5.768420000">
        <ele>508.000</ele>
      </trkpt>
      <trkpt lat="45.224400000" lon="5.768530000">
        <ele>507.000</ele>
      </trkpt>
      <trkpt lat="45.224450000" lon="5.768640000">
        <ele>506.000</ele>
      </trkpt>
      <trkpt lat="45.224570000" lon="5.768950000">
        <ele>505.000</ele>
      </trkpt>
      <trkpt lat="45.224670000" lon="5.769180000">
        <ele>503.000</ele>
      </trkpt>
      <trkpt lat="45.224740000" lon="5.769310000">
        <ele>503.000</ele>
      </trkpt>
      <trkpt lat="45.224950000" lon="5.769510000">
        <ele>502.000</ele>
      </trkpt>
      <trkpt lat="45.225100000" lon="5.769670000">
        <ele>502.000</ele>
      </trkpt>
      <trkpt lat="45.225140000" lon="5.769710000">
        <ele>502.000</ele>
      </trkpt>
      <trkpt lat="45.225190000" lon="5.769740000">
        <ele>501.000</ele>
      </trkpt>
      <trkpt lat="45.225230000" lon="5.769760000">
        <ele>501.000</ele>
      </trkpt>
      <trkpt lat="45.225280000" lon="5.769780000">
        <ele>501.000</ele>
      </trkpt>
      <trkpt lat="45.225320000" lon="5.769800000">
        <ele>501.000</ele>
      </trkpt>
      <trkpt lat="45.225350000" lon="5.769810000">
        <ele>501.000</ele>
      </trkpt>
      <trkpt lat="45.225380000" lon="5.769840000">
        <ele>501.000</ele>
      </trkpt>
      <trkpt lat="45.225410000" lon="5.769870000">
        <ele>501.000</ele>
      </trkpt>
      <trkpt lat="45.225440000" lon="5.769930000">
        <ele>501.000</ele>
      </trkpt>
      <trkpt lat="45.225450000" lon="5.770000000">
        <ele>501.000</ele>
      </trkpt>
      <trkpt lat="45.225460000" lon="5.770090000">
        <ele>501.000</ele>
      </trkpt>
      <trkpt lat="45.225450000" lon="5.770180000">
        <ele>501.000</ele>
      </trkpt>
      <trkpt lat="45.225450000" lon="5.770290000">
        <ele>501.000</ele>
      </trkpt>
      <trkpt lat="45.225420000" lon="5.770390000">
        <ele>501.000</ele>
      </trkpt>
      <trkpt lat="45.225370000" lon="5.770730000">
        <ele>501.000</ele>
      </trkpt>
      <trkpt lat="45.225340000" lon="5.770810000">
        <ele>501.000</ele>
      </trkpt>
      <trkpt lat="45.225300000" lon="5.770890000">
        <ele>501.000</ele>
      </trkpt>
      <trkpt lat="45.225230000" lon="5.771030000">
        <ele>500.000</ele>
      </trkpt>
      <trkpt lat="45.225100000" lon="5.771250000">
        <ele>500.000</ele>
      </trkpt>
      <trkpt lat="45.224980000" lon="5.771440000">
        <ele>500.000</ele>
      </trkpt>
      <trkpt lat="45.224880000" lon="5.771710000">
        <ele>499.000</ele>
      </trkpt>
      <trkpt lat="45.224870000" lon="5.771820000">
        <ele>498.000</ele>
      </trkpt>
      <trkpt lat="45.224880000" lon="5.771950000">
        <ele>498.000</ele>
      </trkpt>
      <trkpt lat="45.224900000" lon="5.772070000">
        <ele>498.000</ele>
      </trkpt>
      <trkpt lat="45.224910000" lon="5.772160000">
        <ele>497.000</ele>
      </trkpt>
      <trkpt lat="45.224950000" lon="5.772250000">
        <ele>497.000</ele>
      </trkpt>
      <trkpt lat="45.224980000" lon="5.772300000">
        <ele>497.000</ele>
      </trkpt>
      <trkpt lat="45.225040000" lon="5.772360000">
        <ele>496.000</ele>
      </trkpt>
      <trkpt lat="45.225110000" lon="5.772410000">
        <ele>496.000</ele>
      </trkpt>
      <trkpt lat="45.225190000" lon="5.772420000">
        <ele>496.000</ele>
      </trkpt>
      <trkpt lat="45.225290000" lon="5.772400000">
        <ele>495.000</ele>
      </trkpt>
      <trkpt lat="45.225490000" lon="5.772350000">
        <ele>495.000</ele>
      </trkpt>
      <trkpt lat="45.225630000" lon="5.772350000">
        <ele>494.000</ele>
      </trkpt>
      <trkpt lat="45.225770000" lon="5.772370000">
        <ele>494.000</ele>
      </trkpt>
      <trkpt lat="45.226000000" lon="5.772440000">
        <ele>492.000</ele>
      </trkpt>
      <trkpt lat="45.226110000" lon="5.772480000">
        <ele>490.000</ele>
      </trkpt>
      <trkpt lat="45.226210000" lon="5.772560000">
        <ele>489.000</ele>
      </trkpt>
      <trkpt lat="45.226290000" lon="5.772630000">
        <ele>487.000</ele>
      </trkpt>
      <trkpt lat="45.226330000" lon="5.772680000">
        <ele>486.000</ele>
      </trkpt>
      <trkpt lat="45.226390000" lon="5.772730000">
        <ele>485.000</ele>
      </trkpt>
      <trkpt lat="45.226480000" lon="5.772860000">
        <ele>483.000</ele>
      </trkpt>
      <trkpt lat="45.226540000" lon="5.772980000">
        <ele>482.000</ele>
      </trkpt>
      <trkpt lat="45.226590000" lon="5.773110000">
        <ele>481.000</ele>
      </trkpt>
      <trkpt lat="45.226690000" lon="5.773490000">
        <ele>478.000</ele>
      </trkpt>
      <trkpt lat="45.226830000" lon="5.774140000">
        <ele>475.000</ele>
      </trkpt>
      <trkpt lat="45.226980000" lon="5.774800000">
        <ele>471.000</ele>
      </trkpt>
      <trkpt lat="45.227150000" lon="5.775550000">
        <ele>467.000</ele>
      </trkpt>
      <trkpt lat="45.227240000" lon="5.775910000">
        <ele>463.000</ele>
      </trkpt>
      <trkpt lat="45.227330000" lon="5.776270000">
        <ele>460.000</ele>
      </trkpt>
      <trkpt lat="45.227350000" lon="5.776360000">
        <ele>458.000</ele>
      </trkpt>
      <trkpt lat="45.227380000" lon="5.776450000">
        <ele>457.000</ele>
      </trkpt>
      <trkpt lat="45.227410000" lon="5.776560000">
        <ele>455.000</ele>
      </trkpt>
      <trkpt lat="45.227410000" lon="5.776580000">
        <ele>454.000</ele>
      </trkpt>
      <trkpt lat="45.227420000" lon="5.776600000">
        <ele>454.000</ele>
      </trkpt>
      <trkpt lat="45.227450000" lon="5.776720000">
        <ele>453.000</ele>
      </trkpt>
      <trkpt lat="45.227520000" lon="5.777070000">
        <ele>452.000</ele>
      </trkpt>
      <trkpt lat="45.227580000" lon="5.777400000">
        <ele>450.000</ele>
      </trkpt>
      <trkpt lat="45.227580000" lon="5.777470000">
        <ele>449.000</ele>
      </trkpt>
      <trkpt lat="45.227590000" lon="5.777560000">
        <ele>448.000</ele>
      </trkpt>
      <trkpt lat="45.227580000" lon="5.777900000">
        <ele>447.000</ele>
      </trkpt>
      <trkpt lat="45.227580000" lon="5.778190000">
        <ele>445.000</ele>
      </trkpt>
      <trkpt lat="45.227570000" lon="5.779020000">
        <ele>442.000</ele>
      </trkpt>
      <trkpt lat="45.227570000" lon="5.779570000">
        <ele>439.000</ele>
      </trkpt>
      <trkpt lat="45.227560000" lon="5.780200000">
        <ele>436.000</ele>
      </trkpt>
      <trkpt lat="45.227550000" lon="5.780770000">
        <ele>432.000</ele>
      </trkpt>
      <trkpt lat="45.227540000" lon="5.781030000">
        <ele>429.000</ele>
      </trkpt>
      <trkpt lat="45.227500000" lon="5.781200000">
        <ele>427.000</ele>
      </trkpt>
      <trkpt lat="45.227460000" lon="5.781290000">
        <ele>425.000</ele>
      </trkpt>
      <trkpt lat="45.227310000" lon="5.781600000">
        <ele>423.000</ele>
      </trkpt>
      <trkpt lat="45.227250000" lon="5.781850000">
        <ele>421.000</ele>
      </trkpt>
      <trkpt lat="45.227240000" lon="5.782070000">
        <ele>419.000</ele>
      </trkpt>
      <trkpt lat="45.227260000" lon="5.782340000">
        <ele>418.000</ele>
      </trkpt>
      <trkpt lat="45.227330000" lon="5.782520000">
        <ele>416.000</ele>
      </trkpt>
      <trkpt lat="45.227450000" lon="5.782700000">
        <ele>415.000</ele>
      </trkpt>
      <trkpt lat="45.227740000" lon="5.783100000">
        <ele>414.000</ele>
      </trkpt>
      <trkpt lat="45.227850000" lon="5.783260000">
        <ele>413.000</ele>
      </trkpt>
      <trkpt lat="45.228000000" lon="5.783510000">
        <ele>412.000</ele>
      </trkpt>
      <trkpt lat="45.228090000" lon="5.783740000">
        <ele>411.000</ele>
      </trkpt>
      <trkpt lat="45.228180000" lon="5.783940000">
        <ele>410.000</ele>
      </trkpt>
      <trkpt lat="45.228250000" lon="5.784090000">
        <ele>409.000</ele>
      </trkpt>
      <trkpt lat="45.228280000" lon="5.784180000">
        <ele>409.000</ele>
      </trkpt>
      <trkpt lat="45.228290000" lon="5.784260000">
        <ele>408.000</ele>
      </trkpt>
      <trkpt lat="45.228290000" lon="5.784310000">
        <ele>408.000</ele>
      </trkpt>
      <trkpt lat="45.228260000" lon="5.784360000">
        <ele>407.000</ele>
      </trkpt>
      <trkpt lat="45.228220000" lon="5.784370000">
        <ele>407.000</ele>
      </trkpt>
      <trkpt lat="45.228180000" lon="5.784360000">
        <ele>407.000</ele>
      </trkpt>
      <trkpt lat="45.228140000" lon="5.784320000">
        <ele>406.000</ele>
      </trkpt>
      <trkpt lat="45.228110000" lon="5.784260000">
        <ele>406.000</ele>
      </trkpt>
      <trkpt lat="45.228080000" lon="5.784170000">
        <ele>406.000</ele>
      </trkpt>
      <trkpt lat="45.228070000" lon="5.784050000">
        <ele>405.000</ele>
      </trkpt>
      <trkpt lat="45.228040000" lon="5.783920000">
        <ele>405.000</ele>
      </trkpt>
      <trkpt lat="45.227920000" lon="5.783710000">
        <ele>404.000</ele>
      </trkpt>
      <trkpt lat="45.227790000" lon="5.783500000">
        <ele>403.000</ele>
      </trkpt>
      <trkpt lat="45.227620000" lon="5.783310000">
        <ele>402.000</ele>
      </trkpt>
      <trkpt lat="45.227380000" lon="5.783080000">
        <ele>401.000</ele>
      </trkpt>
      <trkpt lat="45.227190000" lon="5.782920000">
        <ele>399.000</ele>
      </trkpt>
      <trkpt lat="45.226960000" lon="5.782650000">
        <ele>398.000</ele>
      </trkpt>
      <trkpt lat="45.226800000" lon="5.782470000">
        <ele>396.000</ele>
      </trkpt>
      <trkpt lat="45.226680000" lon="5.782350000">
        <ele>394.000</ele>
      </trkpt>
      <trkpt lat="45.226550000" lon="5.782240000">
        <ele>393.000</ele>
      </trkpt>
      <trkpt lat="45.226220000" lon="5.781980000">
        <ele>390.000</ele>
      </trkpt>
      <trkpt lat="45.226150000" lon="5.781950000">
        <ele>389.000</ele>
      </trkpt>
      <trkpt lat="45.226100000" lon="5.781910000">
        <ele>387.000</ele>
      </trkpt>
      <trkpt lat="45.226040000" lon="5.781920000">
        <ele>386.000</ele>
      </trkpt>
      <trkpt lat="45.225990000" lon="5.781980000">
        <ele>385.000</ele>
      </trkpt>
      <trkpt lat="45.225960000" lon="5.782050000">
        <ele>384.000</ele>
      </trkpt>
      <trkpt lat="45.225970000" lon="5.782170000">
        <ele>383.000</ele>
      </trkpt>
      <trkpt lat="45.226010000" lon="5.782270000">
        <ele>382.000</ele>
      </trkpt>
      <trkpt lat="45.226130000" lon="5.782410000">
        <ele>381.000</ele>
      </trkpt>
      <trkpt lat="45.226280000" lon="5.782570000">
        <ele>380.000</ele>
      </trkpt>
      <trkpt lat="45.226410000" lon="5.782730000">
        <ele>378.000</ele>
      </trkpt>
      <trkpt lat="45.226510000" lon="5.782850000">
        <ele>377.000</ele>
      </trkpt>
      <trkpt lat="45.226580000" lon="5.782970000">
        <ele>376.000</ele>
      </trkpt>
      <trkpt lat="45.226630000" lon="5.783070000">
        <ele>375.000</ele>
      </trkpt>
      <trkpt lat="45.226660000" lon="5.783150000">
        <ele>374.000</ele>
      </trkpt>
      <trkpt lat="45.226650000" lon="5.783230000">
        <ele>373.000</ele>
      </trkpt>
      <trkpt lat="45.226640000" lon="5.783310000">
        <ele>372.000</ele>
      </trkpt>
      <trkpt lat="45.226580000" lon="5.783460000">
        <ele>372.000</ele>
      </trkpt>
      <trkpt lat="45.226470000" lon="5.783590000">
        <ele>371.000</ele>
      </trkpt>
      <trkpt lat="45.226190000" lon="5.784000000">
        <ele>369.000</ele>
      </trkpt>
      <trkpt lat="45.226190000" lon="5.784000000">
        <ele>367.000</ele>
      </trkpt>
      <trkpt lat="45.226150000" lon="5.784060000">
        <ele>366.000</ele>
      </trkpt>
      <trkpt lat="45.226020000" lon="5.784210000">
        <ele>365.000</ele>
      </trkpt>
      <trkpt lat="45.225980000" lon="5.784270000">
        <ele>364.000</ele>
      </trkpt>
      <trkpt lat="45.225880000" lon="5.784420000">
        <ele>363.000</ele>
      </trkpt>
      <trkpt lat="45.225780000" lon="5.784630000">
        <ele>362.000</ele>
      </trkpt>
      <trkpt lat="45.225760000" lon="5.784650000">
        <ele>361.000</ele>
      </trkpt>
      <trkpt lat="45.225730000" lon="5.784750000">
        <ele>360.000</ele>
      </trkpt>
      <trkpt lat="45.225730000" lon="5.784850000">
        <ele>359.000</ele>
      </trkpt>
      <trkpt lat="45.225750000" lon="5.784990000">
        <ele>359.000</ele>
      </trkpt>
      <trkpt lat="45.225750000" lon="5.785140000">
        <ele>358.000</ele>
      </trkpt>
      <trkpt lat="45.225720000" lon="5.785340000">
        <ele>357.000</ele>
      </trkpt>
      <trkpt lat="45.225670000" lon="5.785580000">
        <ele>356.000</ele>
      </trkpt>
      <trkpt lat="45.225650000" lon="5.785710000">
        <ele>355.000</ele>
      </trkpt>
      <trkpt lat="45.225650000" lon="5.786000000">
        <ele>354.000</ele>
      </trkpt>
      <trkpt lat="45.225670000" lon="5.786210000">
        <ele>352.000</ele>
      </trkpt>
      <trkpt lat="45.225700000" lon="5.786430000">
        <ele>351.000</ele>
      </trkpt>
      <trkpt lat="45.225700000" lon="5.786500000">
        <ele>350.000</ele>
      </trkpt>
      <trkpt lat="45.225680000" lon="5.786550000">
        <ele>349.000</ele>
      </trkpt>
      <trkpt lat="45.225630000" lon="5.786600000">
        <ele>349.000</ele>
      </trkpt>
      <trkpt lat="45.225570000" lon="5.786610000">
        <ele>348.000</ele>
      </trkpt>
      <trkpt lat="45.225500000" lon="5.786550000">
        <ele>347.000</ele>
      </trkpt>
      <trkpt lat="45.225420000" lon="5.786450000">
        <ele>347.000</ele>
      </trkpt>
      <trkpt lat="45.225350000" lon="5.786320000">
        <ele>346.000</ele>
      </trkpt>
      <trkpt lat="45.225170000" lon="5.786180000">
        <ele>345.000</ele>
      </trkpt>
      <trkpt lat="45.224970000" lon="5.786070000">
        <ele>343.000</ele>
      </trkpt>
      <trkpt lat="45.224930000" lon="5.786050000">
        <ele>342.000</ele>
      </trkpt>
      <trkpt lat="45.224580000" lon="5.785920000">
        <ele>341.000</ele>
      </trkpt>
      <trkpt lat="45.224320000" lon="5.785860000">
        <ele>339.000</ele>
      </trkpt>
      <trkpt lat="45.224230000" lon="5.785880000">
        <ele>337.000</ele>
      </trkpt>
      <trkpt lat="45.223950000" lon="5.786110000">
        <ele>336.000</ele>
      </trkpt>
      <trkpt lat="45.223440000" lon="5.786650000">
        <ele>333.000</ele>
      </trkpt>
      <trkpt lat="45.223260000" lon="5.786860000">
        <ele>330.000</ele>
      </trkpt>
      <trkpt lat="45.223180000" lon="5.786930000">
        <ele>327.000</ele>
      </trkpt>
      <trkpt lat="45.222760000" lon="5.787240000">
        <ele>324.000</ele>
      </trkpt>
      <trkpt lat="45.222590000" lon="5.787360000">
        <ele>321.000</ele>
      </trkpt>
      <trkpt lat="45.222300000" lon="5.787500000">
        <ele>318.000</ele>
      </trkpt>
      <trkpt lat="45.222050000" lon="5.787530000">
        <ele>314.000</ele>
      </trkpt>
      <trkpt lat="45.221750000" lon="5.787630000">
        <ele>311.000</ele>
      </trkpt>
      <trkpt lat="45.221590000" lon="5.787750000">
        <ele>309.000</ele>
      </trkpt>
      <trkpt lat="45.221540000" lon="5.787850000">
        <ele>307.000</ele>
      </trkpt>
      <trkpt lat="45.221550000" lon="5.787980000">
        <ele>306.000</ele>
      </trkpt>
      <trkpt lat="45.221610000" lon="5.788210000">
        <ele>305.000</ele>
      </trkpt>
      <trkpt lat="45.221740000" lon="5.788500000">
        <ele>305.000</ele>
      </trkpt>
      <trkpt lat="45.222040000" lon="5.789060000">
        <ele>304.000</ele>
      </trkpt>
      <trkpt lat="45.222150000" lon="5.789300000">
        <ele>303.000</ele>
      </trkpt>
      <trkpt lat="45.222140000" lon="5.789470000">
        <ele>303.000</ele>
      </trkpt>
      <trkpt lat="45.222110000" lon="5.789530000">
        <ele>302.000</ele>
      </trkpt>
      <trkpt lat="45.221970000" lon="5.789680000">
        <ele>302.000</ele>
      </trkpt>
      <trkpt lat="45.221710000" lon="5.789890000">
        <ele>302.000</ele>
      </trkpt>
      <trkpt lat="45.221660000" lon="5.789930000">
        <ele>301.000</ele>
      </trkpt>
      <trkpt lat="45.221370000" lon="5.790140000">
        <ele>300.000</ele>
      </trkpt>
      <trkpt lat="45.221320000" lon="5.790150000">
        <ele>300.000</ele>
      </trkpt>
      <trkpt lat="45.221270000" lon="5.790180000">
        <ele>299.000</ele>
      </trkpt>
      <trkpt lat="45.221250000" lon="5.790200000">
        <ele>299.000</ele>
      </trkpt>
      <trkpt lat="45.221200000" lon="5.790230000">
        <ele>299.000</ele>
      </trkpt>
      <trkpt lat="45.221160000" lon="5.790260000">
        <ele>299.000</ele>
      </trkpt>
      <trkpt lat="45.221230000" lon="5.790370000">
        <ele>298.000</ele>
      </trkpt>
      <trkpt lat="45.221250000" lon="5.790410000">
        <ele>298.000</ele>
      </trkpt>
      <trkpt lat="45.221300000" lon="5.790480000">
        <ele>298.000</ele>
      </trkpt>
      <trkpt lat="45.221380000" lon="5.790590000">
        <ele>298.000</ele>
      </trkpt>
      <trkpt lat="45.221520000" lon="5.790850000">
        <ele>297.000</ele>
      </trkpt>
      <trkpt lat="45.221710000" lon="5.791150000">
        <ele>296.000</ele>
      </trkpt>
      <trkpt lat="45.221810000" lon="5.791310000">
        <ele>296.000</ele>
      </trkpt>
      <trkpt lat="45.221990000" lon="5.791570000">
        <ele>296.000</ele>
      </trkpt>
      <trkpt lat="45.222010000" lon="5.791590000">
        <ele>295.000</ele>
      </trkpt>
      <trkpt lat="45.222050000" lon="5.791650000">
        <ele>295.000</ele>
      </trkpt>
      <trkpt lat="45.222090000" lon="5.791700000">
        <ele>295.000</ele>
      </trkpt>
      <trkpt lat="45.222330000" lon="5.792020000">
        <ele>296.000</ele>
      </trkpt>
      <trkpt lat="45.222330000" lon="5.792020000">
        <ele>296.000</ele>
      </trkpt>
      <trkpt lat="45.222470000" lon="5.792200000">
        <ele>296.000</ele>
      </trkpt>
      <trkpt lat="45.222690000" lon="5.792490000">
        <ele>296.000</ele>
      </trkpt>
      <trkpt lat="45.222740000" lon="5.792550000">
        <ele>297.000</ele>
      </trkpt>
      <trkpt lat="45.222860000" lon="5.792710000">
        <ele>297.000</ele>
      </trkpt>
      <trkpt lat="45.222940000" lon="5.792820000">
        <ele>297.000</ele>
      </trkpt>
      <trkpt lat="45.223040000" lon="5.792950000">
        <ele>298.000</ele>
      </trkpt>
      <trkpt lat="45.223070000" lon="5.793000000">
        <ele>298.000</ele>
      </trkpt>
      <trkpt lat="45.223160000" lon="5.793170000">
        <ele>298.000</ele>
      </trkpt>
      <trkpt lat="45.223190000" lon="5.793240000">
        <ele>298.000</ele>
      </trkpt>
      <trkpt lat="45.223240000" lon="5.793340000">
        <ele>298.000</ele>
      </trkpt>
      <trkpt lat="45.223270000" lon="5.793400000">
        <ele>299.000</ele>
      </trkpt>
      <trkpt lat="45.223390000" lon="5.793630000">
        <ele>299.000</ele>
      </trkpt>
      <trkpt lat="45.223430000" lon="5.793720000">
        <ele>299.000</ele>
      </trkpt>
      <trkpt lat="45.223470000" lon="5.793800000">
        <ele>300.000</ele>
      </trkpt>
      <trkpt lat="45.223500000" lon="5.793870000">
        <ele>300.000</ele>
      </trkpt>
      <trkpt lat="45.223570000" lon="5.794010000">
        <ele>300.000</ele>
      </trkpt>
      <trkpt lat="45.223610000" lon="5.794110000">
        <ele>300.000</ele>
      </trkpt>
      <trkpt lat="45.224030000" lon="5.794950000">
        <ele>301.000</ele>
      </trkpt>
      <trkpt lat="45.224120000" lon="5.795130000">
        <ele>302.000</ele>
      </trkpt>
      <trkpt lat="45.224160000" lon="5.795260000">
        <ele>303.000</ele>
      </trkpt>
      <trkpt lat="45.224200000" lon="5.795390000">
        <ele>303.000</ele>
      </trkpt>
      <trkpt lat="45.224250000" lon="5.795620000">
        <ele>304.000</ele>
      </trkpt>
      <trkpt lat="45.224560000" lon="5.796780000">
        <ele>304.000</ele>
      </trkpt>
      <trkpt lat="45.224610000" lon="5.796980000">
        <ele>304.000</ele>
      </trkpt>
      <trkpt lat="45.224650000" lon="5.797150000">
        <ele>304.000</ele>
      </trkpt>
      <trkpt lat="45.224780000" lon="5.797710000">
        <ele>304.000</ele>
      </trkpt>
      <trkpt lat="45.224810000" lon="5.797820000">
        <ele>304.000</ele>
      </trkpt>
      <trkpt lat="45.224840000" lon="5.797930000">
        <ele>304.000</ele>
      </trkpt>
      <trkpt lat="45.224850000" lon="5.797980000">
        <ele>304.000</ele>
      </trkpt>
      <trkpt lat="45.224870000" lon="5.798050000">
        <ele>304.000</ele>
      </trkpt>
      <trkpt lat="45.224890000" lon="5.798130000">
        <ele>304.000</ele>
      </trkpt>
      <trkpt lat="45.224940000" lon="5.798360000">
        <ele>304.000</ele>
      </trkpt>
      <trkpt lat="45.225080000" lon="5.798920000">
        <ele>305.000</ele>
      </trkpt>
      <trkpt lat="45.225130000" lon="5.799120000">
        <ele>305.000</ele>
      </trkpt>
      <trkpt lat="45.225210000" lon="5.799430000">
        <ele>306.000</ele>
      </trkpt>
      <trkpt lat="45.225250000" lon="5.799600000">
        <ele>306.000</ele>
      </trkpt>
      <trkpt lat="45.225270000" lon="5.799670000">
        <ele>306.000</ele>
      </trkpt>
      <trkpt lat="45.225300000" lon="5.799770000">
        <ele>307.000</ele>
      </trkpt>
      <trkpt lat="45.225390000" lon="5.800150000">
        <ele>307.000</ele>
      </trkpt>
      <trkpt lat="45.225520000" lon="5.800410000">
        <ele>308.000</ele>
      </trkpt>
      <trkpt lat="45.225600000" lon="5.800580000">
        <ele>308.000</ele>
      </trkpt>
      <trkpt lat="45.225700000" lon="5.800730000">
        <ele>308.000</ele>
      </trkpt>
      <trkpt lat="45.225750000" lon="5.800830000">
        <ele>309.000</ele>
      </trkpt>
      <trkpt lat="45.225790000" lon="5.800880000">
        <ele>309.000</ele>
      </trkpt>
      <trkpt lat="45.225910000" lon="5.801050000">
        <ele>309.000</ele>
      </trkpt>
      <trkpt lat="45.226050000" lon="5.801230000">
        <ele>309.000</ele>
      </trkpt>
      <trkpt lat="45.226130000" lon="5.801370000">
        <ele>309.000</ele>
      </trkpt>
      <trkpt lat="45.226190000" lon="5.801520000">
        <ele>310.000</ele>
      </trkpt>
      <trkpt lat="45.226260000" lon="5.801720000">
        <ele>310.000</ele>
      </trkpt>
      <trkpt lat="45.226360000" lon="5.802060000">
        <ele>310.000</ele>
      </trkpt>
      <trkpt lat="45.226420000" lon="5.802350000">
        <ele>311.000</ele>
      </trkpt>
      <trkpt lat="45.226440000" lon="5.802420000">
        <ele>311.000</ele>
      </trkpt>
      <trkpt lat="45.226460000" lon="5.802530000">
        <ele>311.000</ele>
      </trkpt>
      <trkpt lat="45.226490000" lon="5.802620000">
        <ele>311.000</ele>
      </trkpt>
      <trkpt lat="45.226580000" lon="5.802820000">
        <ele>311.000</ele>
      </trkpt>
      <trkpt lat="45.226660000" lon="5.802910000">
        <ele>311.000</ele>
      </trkpt>
      <trkpt lat="45.226840000" lon="5.803000000">
        <ele>311.000</ele>
      </trkpt>
      <trkpt lat="45.227060000" lon="5.803110000">
        <ele>311.000</ele>
      </trkpt>
      <trkpt lat="45.227520000" lon="5.803320000">
        <ele>311.000</ele>
      </trkpt>
      <trkpt lat="45.227660000" lon="5.803390000">
        <ele>311.000</ele>
      </trkpt>
      <trkpt lat="45.227710000" lon="5.803430000">
        <ele>311.000</ele>
      </trkpt>
      <trkpt lat="45.227760000" lon="5.803490000">
        <ele>311.000</ele>
      </trkpt>
      <trkpt lat="45.227810000" lon="5.803550000">
        <ele>311.000</ele>
      </trkpt>
      <trkpt lat="45.227910000" lon="5.803690000">
        <ele>311.000</ele>
      </trkpt>
      <trkpt lat="45.228140000" lon="5.804080000">
        <ele>311.000</ele>
      </trkpt>
      <trkpt lat="45.228300000" lon="5.804340000">
        <ele>311.000</ele>
      </trkpt>
      <trkpt lat="45.228340000" lon="5.804400000">
        <ele>311.000</ele>
      </trkpt>
      <trkpt lat="45.228340000" lon="5.804400000">
        <ele>311.000</ele>
      </trkpt>
      <trkpt lat="45.228410000" lon="5.804500000">
        <ele>311.000</ele>
      </trkpt>
      <trkpt lat="45.228420000" lon="5.804520000">
        <ele>311.000</ele>
      </trkpt>
      <trkpt lat="45.228650000" lon="5.804860000">
        <ele>311.000</ele>
      </trkpt>
      <trkpt lat="45.228700000" lon="5.804930000">
        <ele>311.000</ele>
      </trkpt>
      <trkpt lat="45.228830000" lon="5.805120000">
        <ele>311.000</ele>
      </trkpt>
      <trkpt lat="45.228990000" lon="5.805340000">
        <ele>311.000</ele>
      </trkpt>
      <trkpt lat="45.229520000" lon="5.806060000">
        <ele>310.000</ele>
      </trkpt>
      <trkpt lat="45.229760000" lon="5.806320000">
        <ele>309.000</ele>
      </trkpt>
      <trkpt lat="45.229790000" lon="5.806360000">
        <ele>309.000</ele>
      </trkpt>
      <trkpt lat="45.229830000" lon="5.806400000">
        <ele>308.000</ele>
      </trkpt>
      <trkpt lat="45.229910000" lon="5.806550000">
        <ele>308.000</ele>
      </trkpt>
      <trkpt lat="45.229980000" lon="5.806680000">
        <ele>307.000</ele>
      </trkpt>
      <trkpt lat="45.230170000" lon="5.806860000">
        <ele>307.000</ele>
      </trkpt>
      <trkpt lat="45.230250000" lon="5.806900000">
        <ele>306.000</ele>
      </trkpt>
      <trkpt lat="45.230350000" lon="5.806950000">
        <ele>306.000</ele>
      </trkpt>
      <trkpt lat="45.230510000" lon="5.807030000">
        <ele>305.000</ele>
      </trkpt>
      <trkpt lat="45.230740000" lon="5.807110000">
        <ele>304.000</ele>
      </trkpt>
      <trkpt lat="45.230820000" lon="5.807180000">
        <ele>303.000</ele>
      </trkpt>
      <trkpt lat="45.230840000" lon="5.807200000">
        <ele>303.000</ele>
      </trkpt>
      <trkpt lat="45.230870000" lon="5.807230000">
        <ele>302.000</ele>
      </trkpt>
      <trkpt lat="45.230830000" lon="5.807400000">
        <ele>302.000</ele>
      </trkpt>
      <trkpt lat="45.230810000" lon="5.807470000">
        <ele>302.000</ele>
      </trkpt>
      <trkpt lat="45.230790000" lon="5.807540000">
        <ele>301.000</ele>
      </trkpt>
      <trkpt lat="45.230750000" lon="5.807660000">
        <ele>301.000</ele>
      </trkpt>
      <trkpt lat="45.230670000" lon="5.807790000">
        <ele>300.000</ele>
      </trkpt>
      <trkpt lat="45.230580000" lon="5.807920000">
        <ele>299.000</ele>
      </trkpt>
      <trkpt lat="45.230490000" lon="5.808020000">
        <ele>298.000</ele>
      </trkpt>
      <trkpt lat="45.230240000" lon="5.808200000">
        <ele>296.000</ele>
      </trkpt>
      <trkpt lat="45.229420000" lon="5.808810000">
        <ele>292.000</ele>
      </trkpt>
      <trkpt lat="45.229040000" lon="5.809070000">
        <ele>288.000</ele>
      </trkpt>
      <trkpt lat="45.228810000" lon="5.809250000">
        <ele>284.000</ele>
      </trkpt>
      <trkpt lat="45.228590000" lon="5.809450000">
        <ele>281.000</ele>
      </trkpt>
      <trkpt lat="45.228480000" lon="5.809560000">
        <ele>278.000</ele>
      </trkpt>
      <trkpt lat="45.228440000" lon="5.809600000">
        <ele>276.000</ele>
      </trkpt>
      <trkpt lat="45.228340000" lon="5.809740000">
        <ele>275.000</ele>
      </trkpt>
      <trkpt lat="45.228230000" lon="5.809910000">
        <ele>273.000</ele>
      </trkpt>
      <trkpt lat="45.228130000" lon="5.810040000">
        <ele>272.000</ele>
      </trkpt>
      <trkpt lat="45.227960000" lon="5.810190000">
        <ele>270.000</ele>
      </trkpt>
      <trkpt lat="45.227800000" lon="5.810330000">
        <ele>268.000</ele>
      </trkpt>
      <trkpt lat="45.227790000" lon="5.810320000">
        <ele>267.000</ele>
      </trkpt>
      <trkpt lat="45.227790000" lon="5.810320000">
        <ele>266.000</ele>
      </trkpt>
      <trkpt lat="45.227800000" lon="5.810330000">
        <ele>266.000</ele>
      </trkpt>
      <trkpt lat="45.227590000" lon="5.810480000">
        <ele>265.000</ele>
      </trkpt>
      <trkpt lat="45.227520000" lon="5.810530000">
        <ele>264.000</ele>
      </trkpt>
      <trkpt lat="45.227380000" lon="5.810600000">
        <ele>263.000</ele>
      </trkpt>
      <trkpt lat="45.227210000" lon="5.810650000">
        <ele>262.000</ele>
      </trkpt>
      <trkpt lat="45.226830000" lon="5.810690000">
        <ele>261.000</ele>
      </trkpt>
      <trkpt lat="45.226690000" lon="5.810680000">
        <ele>260.000</ele>
      </trkpt>
      <trkpt lat="45.226460000" lon="5.810670000">
        <ele>259.000</ele>
      </trkpt>
      <trkpt lat="45.226440000" lon="5.810670000">
        <ele>258.000</ele>
      </trkpt>
      <trkpt lat="45.226440000" lon="5.810620000">
        <ele>258.000</ele>
      </trkpt>
      <trkpt lat="45.226420000" lon="5.810570000">
        <ele>257.000</ele>
      </trkpt>
      <trkpt lat="45.226380000" lon="5.810530000">
        <ele>257.000</ele>
      </trkpt>
      <trkpt lat="45.226330000" lon="5.810520000">
        <ele>257.000</ele>
      </trkpt>
      <trkpt lat="45.226290000" lon="5.810530000">
        <ele>256.000</ele>
      </trkpt>
      <trkpt lat="45.226270000" lon="5.810560000">
        <ele>256.000</ele>
      </trkpt>
      <trkpt lat="45.226250000" lon="5.810590000">
        <ele>256.000</ele>
      </trkpt>
      <trkpt lat="45.226240000" lon="5.810650000">
        <ele>256.000</ele>
      </trkpt>
      <trkpt lat="45.226240000" lon="5.810700000">
        <ele>256.000</ele>
      </trkpt>
      <trkpt lat="45.226250000" lon="5.810740000">
        <ele>256.000</ele>
      </trkpt>
      <trkpt lat="45.226280000" lon="5.810780000">
        <ele>255.000</ele>
      </trkpt>
      <trkpt lat="45.226250000" lon="5.810820000">
        <ele>255.000</ele>
      </trkpt>
      <trkpt lat="45.226230000" lon="5.810840000">
        <ele>255.000</ele>
      </trkpt>
      <trkpt lat="45.226130000" lon="5.810970000">
        <ele>255.000</ele>
      </trkpt>
      <trkpt lat="45.225860000" lon="5.811390000">
        <ele>254.000</ele>
      </trkpt>
      <trkpt lat="45.225710000" lon="5.811560000">
        <ele>253.000</ele>
      </trkpt>
      <trkpt lat="45.225590000" lon="5.811660000">
        <ele>252.000</ele>
      </trkpt>
      <trkpt lat="45.225450000" lon="5.811860000">
        <ele>251.000</ele>
      </trkpt>
      <trkpt lat="45.225320000" lon="5.812070000">
        <ele>250.000</ele>
      </trkpt>
      <trkpt lat="45.225010000" lon="5.812610000">
        <ele>247.000</ele>
      </trkpt>
      <trkpt lat="45.224940000" lon="5.812710000">
        <ele>246.000</ele>
      </trkpt>
      <trkpt lat="45.224610000" lon="5.813040000">
        <ele>244.000</ele>
      </trkpt>
      <trkpt lat="45.224420000" lon="5.813220000">
        <ele>242.000</ele>
      </trkpt>
      <trkpt lat="45.224390000" lon="5.813250000">
        <ele>240.000</ele>
      </trkpt>
      <trkpt lat="45.224180000" lon="5.813450000">
        <ele>239.000</ele>
      </trkpt>
      <trkpt lat="45.224110000" lon="5.813520000">
        <ele>238.000</ele>
      </trkpt>
      <trkpt lat="45.223960000" lon="5.813700000">
        <ele>237.000</ele>
      </trkpt>
      <trkpt lat="45.223680000" lon="5.814180000">
        <ele>236.000</ele>
      </trkpt>
      <trkpt lat="45.223650000" lon="5.814240000">
        <ele>236.000</ele>
      </trkpt>
      <trkpt lat="45.223630000" lon="5.814260000">
        <ele>235.000</ele>
      </trkpt>
      <trkpt lat="45.223590000" lon="5.814230000">
        <ele>235.000</ele>
      </trkpt>
      <trkpt lat="45.223530000" lon="5.814220000">
        <ele>234.000</ele>
      </trkpt>
      <trkpt lat="45.223470000" lon="5.814250000">
        <ele>234.000</ele>
      </trkpt>
      <trkpt lat="45.223410000" lon="5.814320000">
        <ele>234.000</ele>
      </trkpt>
      <trkpt lat="45.223390000" lon="5.814380000">
        <ele>233.000</ele>
      </trkpt>
      <trkpt lat="45.223390000" lon="5.814470000">
        <ele>233.000</ele>
      </trkpt>
      <trkpt lat="45.223410000" lon="5.814550000">
        <ele>233.000</ele>
      </trkpt>
      <trkpt lat="45.223450000" lon="5.814610000">
        <ele>233.000</ele>
      </trkpt>
      <trkpt lat="45.223510000" lon="5.814650000">
        <ele>233.000</ele>
      </trkpt>
      <trkpt lat="45.223560000" lon="5.814650000">
        <ele>232.000</ele>
      </trkpt>
      <trkpt lat="45.223610000" lon="5.814630000">
        <ele>232.000</ele>
      </trkpt>
      <trkpt lat="45.223640000" lon="5.814600000">
        <ele>232.000</ele>
      </trkpt>
      <trkpt lat="45.223660000" lon="5.814630000">
        <ele>232.000</ele>
      </trkpt>
      <trkpt lat="45.223700000" lon="5.814670000">
        <ele>232.000</ele>
      </trkpt>
      <trkpt lat="45.223780000" lon="5.814840000">
        <ele>232.000</ele>
      </trkpt>
      <trkpt lat="45.223880000" lon="5.815110000">
        <ele>231.000</ele>
      </trkpt>
      <trkpt lat="45.224240000" lon="5.816080000">
        <ele>230.000</ele>
      </trkpt>
      <trkpt lat="45.224410000" lon="5.816540000">
        <ele>229.000</ele>
      </trkpt>
      <trkpt lat="45.224440000" lon="5.816680000">
        <ele>228.000</ele>
      </trkpt>
      <trkpt lat="45.224470000" lon="5.816860000">
        <ele>227.000</ele>
      </trkpt>
      <trkpt lat="45.224450000" lon="5.817010000">
        <ele>227.000</ele>
      </trkpt>
      <trkpt lat="45.224410000" lon="5.817160000">
        <ele>226.000</ele>
      </trkpt>
      <trkpt lat="45.224280000" lon="5.817510000">
        <ele>226.000</ele>
      </trkpt>
      <trkpt lat="45.224220000" lon="5.817720000">
        <ele>225.000</ele>
      </trkpt>
      <trkpt lat="45.224180000" lon="5.817800000">
        <ele>224.000</ele>
      </trkpt>
      <trkpt lat="45.224130000" lon="5.817920000">
        <ele>224.000</ele>
      </trkpt>
      <trkpt lat="45.224010000" lon="5.818210000">
        <ele>223.000</ele>
      </trkpt>
      <trkpt lat="45.223960000" lon="5.818370000">
        <ele>223.000</ele>
      </trkpt>
      <trkpt lat="45.223940000" lon="5.818500000">
        <ele>223.000</ele>
      </trkpt>
      <trkpt lat="45.223940000" lon="5.818660000">
        <ele>222.000</ele>
      </trkpt>
      <trkpt lat="45.223930000" lon="5.818940000">
        <ele>222.000</ele>
      </trkpt>
      <trkpt lat="45.223950000" lon="5.819090000">
        <ele>221.000</ele>
      </trkpt>
      <trkpt lat="45.223970000" lon="5.819170000">
        <ele>221.000</ele>
      </trkpt>
      <trkpt lat="45.223990000" lon="5.819260000">
        <ele>221.000</ele>
      </trkpt>
      <trkpt lat="45.224040000" lon="5.819420000">
        <ele>220.000</ele>
      </trkpt>
      <trkpt lat="45.224080000" lon="5.819560000">
        <ele>220.000</ele>
      </trkpt>
      <trkpt lat="45.224100000" lon="5.819620000">
        <ele>220.000</ele>
      </trkpt>
      <trkpt lat="45.224120000" lon="5.819680000">
        <ele>220.000</ele>
      </trkpt>
      <trkpt lat="45.224130000" lon="5.819730000">
        <ele>220.000</ele>
      </trkpt>
      <trkpt lat="45.224140000" lon="5.819800000">
        <ele>220.000</ele>
      </trkpt>
      <trkpt lat="45.224150000" lon="5.819890000">
        <ele>220.000</ele>
      </trkpt>
      <trkpt lat="45.224120000" lon="5.819930000">
        <ele>220.000</ele>
      </trkpt>
      <trkpt lat="45.224110000" lon="5.819980000">
        <ele>220.000</ele>
      </trkpt>
      <trkpt lat="45.224100000" lon="5.820060000">
        <ele>220.000</ele>
      </trkpt>
      <trkpt lat="45.224100000" lon="5.820130000">
        <ele>220.000</ele>
      </trkpt>
      <trkpt lat="45.224070000" lon="5.820260000">
        <ele>220.000</ele>
      </trkpt>
      <trkpt lat="45.224000000" lon="5.820400000">
        <ele>220.000</ele>
      </trkpt>
      <trkpt lat="45.223820000" lon="5.820610000">
        <ele>220.000</ele>
      </trkpt>
      <trkpt lat="45.223430000" lon="5.821070000">
        <ele>221.000</ele>
      </trkpt>
      <trkpt lat="45.223110000" lon="5.821410000">
        <ele>221.000</ele>
      </trkpt>
      <trkpt lat="45.223060000" lon="5.821460000">
        <ele>221.000</ele>
      </trkpt>
      <trkpt lat="45.223040000" lon="5.821480000">
        <ele>221.000</ele>
      </trkpt>
      <trkpt lat="45.222970000" lon="5.821570000">
        <ele>221.000</ele>
      </trkpt>
      <trkpt lat="45.222630000" lon="5.821950000">
        <ele>221.000</ele>
      </trkpt>
      <trkpt lat="45.222550000" lon="5.822040000">
        <ele>221.000</ele>
      </trkpt>
      <trkpt lat="45.222460000" lon="5.822130000">
        <ele>221.000</ele>
      </trkpt>
      <trkpt lat="45.222420000" lon="5.822160000">
        <ele>221.000</ele>
      </trkpt>
      <trkpt lat="45.222360000" lon="5.822190000">
        <ele>221.000</ele>
      </trkpt>
      <trkpt lat="45.222290000" lon="5.822190000">
        <ele>221.000</ele>
      </trkpt>
      <trkpt lat="45.222230000" lon="5.822210000">
        <ele>221.000</ele>
      </trkpt>
      <trkpt lat="45.222170000" lon="5.822270000">
        <ele>220.000</ele>
      </trkpt>
      <trkpt lat="45.222140000" lon="5.822310000">
        <ele>220.000</ele>
      </trkpt>
      <trkpt lat="45.222120000" lon="5.822360000">
        <ele>220.000</ele>
      </trkpt>
      <trkpt lat="45.222110000" lon="5.822420000">
        <ele>220.000</ele>
      </trkpt>
      <trkpt lat="45.222070000" lon="5.822480000">
        <ele>220.000</ele>
      </trkpt>
      <trkpt lat="45.222010000" lon="5.822540000">
        <ele>220.000</ele>
      </trkpt>
      <trkpt lat="45.221930000" lon="5.822590000">
        <ele>220.000</ele>
      </trkpt>
      <trkpt lat="45.221710000" lon="5.822680000">
        <ele>220.000</ele>
      </trkpt>
      <trkpt lat="45.221500000" lon="5.822750000">
        <ele>220.000</ele>
      </trkpt>
      <trkpt lat="45.221450000" lon="5.822760000">
        <ele>220.000</ele>
      </trkpt>
      <trkpt lat="45.221280000" lon="5.822800000">
        <ele>220.000</ele>
      </trkpt>
      <trkpt lat="45.221110000" lon="5.822800000">
        <ele>220.000</ele>
      </trkpt>
      <trkpt lat="45.220950000" lon="5.822790000">
        <ele>220.000</ele>
      </trkpt>
      <trkpt lat="45.220640000" lon="5.822770000">
        <ele>220.000</ele>
      </trkpt>
      <trkpt lat="45.219630000" lon="5.822660000">
        <ele>220.000</ele>
      </trkpt>
      <trkpt lat="45.219340000" lon="5.822610000">
        <ele>220.000</ele>
      </trkpt>
      <trkpt lat="45.219130000" lon="5.822630000">
        <ele>220.000</ele>
      </trkpt>
      <trkpt lat="45.219070000" lon="5.822630000">
        <ele>220.000</ele>
      </trkpt>
      <trkpt lat="45.218920000" lon="5.822640000">
        <ele>220.000</ele>
      </trkpt>
      <trkpt lat="45.218660000" lon="5.822700000">
        <ele>220.000</ele>
      </trkpt>
      <trkpt lat="45.218420000" lon="5.822790000">
        <ele>220.000</ele>
      </trkpt>
      <trkpt lat="45.218020000" lon="5.823040000">
        <ele>220.000</ele>
      </trkpt>
      <trkpt lat="45.217900000" lon="5.823130000">
        <ele>220.000</ele>
      </trkpt>
      <trkpt lat="45.217880000" lon="5.823150000">
        <ele>220.000</ele>
      </trkpt>
      <trkpt lat="45.217790000" lon="5.823220000">
        <ele>220.000</ele>
      </trkpt>
      <trkpt lat="45.217470000" lon="5.823470000">
        <ele>220.000</ele>
      </trkpt>
      <trkpt lat="45.217320000" lon="5.823570000">
        <ele>220.000</ele>
      </trkpt>
      <trkpt lat="45.216440000" lon="5.824260000">
        <ele>220.000</ele>
      </trkpt>
      <trkpt lat="45.216200000" lon="5.824450000">
        <ele>221.000</ele>
      </trkpt>
      <trkpt lat="45.216100000" lon="5.824530000">
        <ele>221.000</ele>
      </trkpt>
      <trkpt lat="45.216100000" lon="5.824530000">
        <ele>221.000</ele>
      </trkpt>
      <trkpt lat="45.216090000" lon="5.824530000">
        <ele>221.000</ele>
      </trkpt>
      <trkpt lat="45.215750000" lon="5.824810000">
        <ele>221.000</ele>
      </trkpt>
      <trkpt lat="45.215290000" lon="5.825150000">
        <ele>221.000</ele>
      </trkpt>
      <trkpt lat="45.214910000" lon="5.825450000">
        <ele>220.000</ele>
      </trkpt>
      <trkpt lat="45.214420000" lon="5.825850000">
        <ele>220.000</ele>
      </trkpt>
      <trkpt lat="45.214020000" lon="5.826150000">
        <ele>219.000</ele>
      </trkpt>
      <trkpt lat="45.213970000" lon="5.826190000">
        <ele>219.000</ele>
      </trkpt>
      <trkpt lat="45.213950000" lon="5.826210000">
        <ele>219.000</ele>
      </trkpt>
      <trkpt lat="45.213780000" lon="5.826370000">
        <ele>219.000</ele>
      </trkpt>
      <trkpt lat="45.213620000" lon="5.826530000">
        <ele>219.000</ele>
      </trkpt>
      <trkpt lat="45.213440000" lon="5.826720000">
        <ele>219.000</ele>
      </trkpt>
      <trkpt lat="45.213300000" lon="5.826950000">
        <ele>220.000</ele>
      </trkpt>
      <trkpt lat="45.213190000" lon="5.827170000">
        <ele>220.000</ele>
      </trkpt>
      <trkpt lat="45.213050000" lon="5.827430000">
        <ele>220.000</ele>
      </trkpt>
      <trkpt lat="45.212950000" lon="5.827640000">
        <ele>220.000</ele>
      </trkpt>
      <trkpt lat="45.212860000" lon="5.827820000">
        <ele>220.000</ele>
      </trkpt>
      <trkpt lat="45.212270000" lon="5.829030000">
        <ele>221.000</ele>
      </trkpt>
      <trkpt lat="45.211440000" lon="5.830670000">
        <ele>221.000</ele>
      </trkpt>
      <trkpt lat="45.211360000" lon="5.830810000">
        <ele>222.000</ele>
      </trkpt>
      <trkpt lat="45.211150000" lon="5.831130000">
        <ele>221.000</ele>
      </trkpt>
      <trkpt lat="45.211050000" lon="5.831270000">
        <ele>221.000</ele>
      </trkpt>
      <trkpt lat="45.210930000" lon="5.831410000">
        <ele>221.000</ele>
      </trkpt>
      <trkpt lat="45.210840000" lon="5.831540000">
        <ele>221.000</ele>
      </trkpt>
      <trkpt lat="45.210760000" lon="5.831660000">
        <ele>220.000</ele>
      </trkpt>
      <trkpt lat="45.210710000" lon="5.831710000">
        <ele>220.000</ele>
      </trkpt>
      <trkpt lat="45.210660000" lon="5.831750000">
        <ele>220.000</ele>
      </trkpt>
      <trkpt lat="45.210610000" lon="5.831760000">
        <ele>220.000</ele>
      </trkpt>
      <trkpt lat="45.210530000" lon="5.831760000">
        <ele>220.000</ele>
      </trkpt>
      <trkpt lat="45.210400000" lon="5.831720000">
        <ele>219.000</ele>
      </trkpt>
      <trkpt lat="45.210320000" lon="5.831720000">
        <ele>219.000</ele>
      </trkpt>
      <trkpt lat="45.210250000" lon="5.831750000">
        <ele>219.000</ele>
      </trkpt>
      <trkpt lat="45.210190000" lon="5.831810000">
        <ele>219.000</ele>
      </trkpt>
      <trkpt lat="45.210140000" lon="5.831890000">
        <ele>218.000</ele>
      </trkpt>
      <trkpt lat="45.210110000" lon="5.831950000">
        <ele>218.000</ele>
      </trkpt>
      <trkpt lat="45.210100000" lon="5.832010000">
        <ele>218.000</ele>
      </trkpt>
      <trkpt lat="45.210030000" lon="5.832100000">
        <ele>218.000</ele>
      </trkpt>
      <trkpt lat="45.210000000" lon="5.832130000">
        <ele>218.000</ele>
      </trkpt>
      <trkpt lat="45.209960000" lon="5.832160000">
        <ele>218.000</ele>
      </trkpt>
      <trkpt lat="45.209910000" lon="5.832170000">
        <ele>218.000</ele>
      </trkpt>
      <trkpt lat="45.209860000" lon="5.832180000">
        <ele>218.000</ele>
      </trkpt>
      <trkpt lat="45.209760000" lon="5.832180000">
        <ele>218.000</ele>
      </trkpt>
      <trkpt lat="45.209630000" lon="5.832190000">
        <ele>218.000</ele>
      </trkpt>
      <trkpt lat="45.209520000" lon="5.832220000">
        <ele>218.000</ele>
      </trkpt>
      <trkpt lat="45.209420000" lon="5.832280000">
        <ele>218.000</ele>
      </trkpt>
      <trkpt lat="45.209280000" lon="5.832400000">
        <ele>219.000</ele>
      </trkpt>
      <trkpt lat="45.209180000" lon="5.832480000">
        <ele>219.000</ele>
      </trkpt>
      <trkpt lat="45.208860000" lon="5.832730000">
        <ele>219.000</ele>
      </trkpt>
      <trkpt lat="45.208640000" lon="5.832900000">
        <ele>220.000</ele>
      </trkpt>
      <trkpt lat="45.208470000" lon="5.833030000">
        <ele>220.000</ele>
      </trkpt>
      <trkpt lat="45.207970000" lon="5.833420000">
        <ele>221.000</ele>
      </trkpt>
      <trkpt lat="45.207440000" lon="5.833820000">
        <ele>222.000</ele>
      </trkpt>
      <trkpt lat="45.207270000" lon="5.833900000">
        <ele>222.000</ele>
      </trkpt>
      <trkpt lat="45.207230000" lon="5.833930000">
        <ele>223.000</ele>
      </trkpt>
      <trkpt lat="45.207160000" lon="5.833980000">
        <ele>223.000</ele>
      </trkpt>
      <trkpt lat="45.207100000" lon="5.834030000">
        <ele>223.000</ele>
      </trkpt>
      <trkpt lat="45.207080000" lon="5.834040000">
        <ele>223.000</ele>
      </trkpt>
      <trkpt lat="45.207030000" lon="5.834080000">
        <ele>223.000</ele>
      </trkpt>
      <trkpt lat="45.206960000" lon="5.834200000">
        <ele>223.000</ele>
      </trkpt>
      <trkpt lat="45.206460000" lon="5.834590000">
        <ele>224.000</ele>
      </trkpt>
      <trkpt lat="45.206070000" lon="5.834890000">
        <ele>224.000</ele>
      </trkpt>
      <trkpt lat="45.205940000" lon="5.834980000">
        <ele>224.000</ele>
      </trkpt>
      <trkpt lat="45.205720000" lon="5.835160000">
        <ele>225.000</ele>
      </trkpt>
      <trkpt lat="45.205650000" lon="5.835220000">
        <ele>225.000</ele>
      </trkpt>
      <trkpt lat="45.205510000" lon="5.835330000">
        <ele>226.000</ele>
      </trkpt>
      <trkpt lat="45.205190000" lon="5.835550000">
        <ele>227.000</ele>
      </trkpt>
      <trkpt lat="45.205100000" lon="5.835620000">
        <ele>227.000</ele>
      </trkpt>
      <trkpt lat="45.204960000" lon="5.835730000">
        <ele>228.000</ele>
      </trkpt>
      <trkpt lat="45.204900000" lon="5.835770000">
        <ele>229.000</ele>
      </trkpt>
      <trkpt lat="45.204850000" lon="5.835810000">
        <ele>229.000</ele>
      </trkpt>
      <trkpt lat="45.204740000" lon="5.835910000">
        <ele>229.000</ele>
      </trkpt>
      <trkpt lat="45.204590000" lon="5.836070000">
        <ele>230.000</ele>
      </trkpt>
      <trkpt lat="45.204540000" lon="5.836120000">
        <ele>230.000</ele>
      </trkpt>
      <trkpt lat="45.204480000" lon="5.836180000">
        <ele>231.000</ele>
      </trkpt>
      <trkpt lat="45.204360000" lon="5.836300000">
        <ele>231.000</ele>
      </trkpt>
      <trkpt lat="45.203870000" lon="5.836780000">
        <ele>232.000</ele>
      </trkpt>
      <trkpt lat="45.203820000" lon="5.836830000">
        <ele>233.000</ele>
      </trkpt>
      <trkpt lat="45.203740000" lon="5.836890000">
        <ele>233.000</ele>
      </trkpt>
      <trkpt lat="45.203560000" lon="5.837070000">
        <ele>234.000</ele>
      </trkpt>
      <trkpt lat="45.203470000" lon="5.837160000">
        <ele>235.000</ele>
      </trkpt>
      <trkpt lat="45.202800000" lon="5.837810000">
        <ele>236.000</ele>
      </trkpt>
      <trkpt lat="45.202710000" lon="5.837890000">
        <ele>237.000</ele>
      </trkpt>
      <trkpt lat="45.202650000" lon="5.837940000">
        <ele>238.000</ele>
      </trkpt>
      <trkpt lat="45.202570000" lon="5.838000000">
        <ele>238.000</ele>
      </trkpt>
      <trkpt lat="45.202510000" lon="5.838060000">
        <ele>239.000</ele>
      </trkpt>
      <trkpt lat="45.202440000" lon="5.838080000">
        <ele>240.000</ele>
      </trkpt>
      <trkpt lat="45.202400000" lon="5.838100000">
        <ele>240.000</ele>
      </trkpt>
      <trkpt lat="45.202360000" lon="5.838120000">
        <ele>240.000</ele>
      </trkpt>
      <trkpt lat="45.202330000" lon="5.838130000">
        <ele>241.000</ele>
      </trkpt>
      <trkpt lat="45.202300000" lon="5.838140000">
        <ele>241.000</ele>
      </trkpt>
      <trkpt lat="45.202240000" lon="5.838160000">
        <ele>241.000</ele>
      </trkpt>
      <trkpt lat="45.201910000" lon="5.838300000">
        <ele>242.000</ele>
      </trkpt>
      <trkpt lat="45.201700000" lon="5.838380000">
        <ele>243.000</ele>
      </trkpt>
      <trkpt lat="45.201670000" lon="5.838400000">
        <ele>243.000</ele>
      </trkpt>
      <trkpt lat="45.201560000" lon="5.838440000">
        <ele>244.000</ele>
      </trkpt>
      <trkpt lat="45.201470000" lon="5.838480000">
        <ele>245.000</ele>
      </trkpt>
      <trkpt lat="45.201540000" lon="5.839240000">
        <ele>246.000</ele>
      </trkpt>
      <trkpt lat="45.201550000" lon="5.839760000">
        <ele>247.000</ele>
      </trkpt>
      <trkpt lat="45.201540000" lon="5.839850000">
        <ele>248.000</ele>
      </trkpt>
      <trkpt lat="45.201510000" lon="5.839920000">
        <ele>249.000</ele>
      </trkpt>
      <trkpt lat="45.201460000" lon="5.839970000">
        <ele>249.000</ele>
      </trkpt>
      <trkpt lat="45.201370000" lon="5.840000000">
        <ele>249.000</ele>
      </trkpt>
      <trkpt lat="45.201210000" lon="5.840310000">
        <ele>250.000</ele>
      </trkpt>
      <trkpt lat="45.201170000" lon="5.840390000">
        <ele>250.000</ele>
      </trkpt>
      <trkpt lat="45.201080000" lon="5.840550000">
        <ele>251.000</ele>
      </trkpt>
      <trkpt lat="45.200990000" lon="5.840700000">
        <ele>251.000</ele>
      </trkpt>
      <trkpt lat="45.200950000" lon="5.840790000">
        <ele>251.000</ele>
      </trkpt>
      <trkpt lat="45.200910000" lon="5.840880000">
        <ele>252.000</ele>
      </trkpt>
      <trkpt lat="45.201010000" lon="5.840960000">
        <ele>252.000</ele>
      </trkpt>
      <trkpt lat="45.200960000" lon="5.841100000">
        <ele>252.000</ele>
      </trkpt>
      <trkpt lat="45.200860000" lon="5.841360000">
        <ele>253.000</ele>
      </trkpt>
      <trkpt lat="45.200750000" lon="5.841570000">
        <ele>253.000</ele>
      </trkpt>
      <trkpt lat="45.200680000" lon="5.841690000">
        <ele>254.000</ele>
      </trkpt>
      <trkpt lat="45.200590000" lon="5.841780000">
        <ele>255.000</ele>
      </trkpt>
      <trkpt lat="45.200430000" lon="5.841910000">
        <ele>256.000</ele>
      </trkpt>
      <trkpt lat="45.200330000" lon="5.841980000">
        <ele>257.000</ele>
      </trkpt>
      <trkpt lat="45.200200000" lon="5.842080000">
        <ele>258.000</ele>
      </trkpt>
      <trkpt lat="45.200070000" lon="5.842190000">
        <ele>260.000</ele>
      </trkpt>
      <trkpt lat="45.199970000" lon="5.842290000">
        <ele>261.000</ele>
      </trkpt>
      <trkpt lat="45.199930000" lon="5.842390000">
        <ele>262.000</ele>
      </trkpt>
      <trkpt lat="45.199940000" lon="5.842490000">
        <ele>262.000</ele>
      </trkpt>
      <trkpt lat="45.199960000" lon="5.842560000">
        <ele>263.000</ele>
      </trkpt>
      <trkpt lat="45.199990000" lon="5.842590000">
        <ele>264.000</ele>
      </trkpt>
      <trkpt lat="45.200050000" lon="5.842610000">
        <ele>264.000</ele>
      </trkpt>
      <trkpt lat="45.200130000" lon="5.842600000">
        <ele>265.000</ele>
      </trkpt>
      <trkpt lat="45.200410000" lon="5.842540000">
        <ele>266.000</ele>
      </trkpt>
      <trkpt lat="45.200670000" lon="5.842500000">
        <ele>267.000</ele>
      </trkpt>
      <trkpt lat="45.200760000" lon="5.842480000">
        <ele>269.000</ele>
      </trkpt>
      <trkpt lat="45.200830000" lon="5.842470000">
        <ele>270.000</ele>
      </trkpt>
      <trkpt lat="45.200930000" lon="5.842440000">
        <ele>271.000</ele>
      </trkpt>
      <trkpt lat="45.201000000" lon="5.842410000">
        <ele>272.000</ele>
      </trkpt>
      <trkpt lat="45.201080000" lon="5.842360000">
        <ele>273.000</ele>
      </trkpt>
      <trkpt lat="45.201160000" lon="5.842300000">
        <ele>274.000</ele>
      </trkpt>
      <trkpt lat="45.201240000" lon="5.842250000">
        <ele>275.000</ele>
      </trkpt>
      <trkpt lat="45.201320000" lon="5.842210000">
        <ele>276.000</ele>
      </trkpt>
      <trkpt lat="45.201380000" lon="5.842200000">
        <ele>277.000</ele>
      </trkpt>
      <trkpt lat="45.201430000" lon="5.842200000">
        <ele>278.000</ele>
      </trkpt>
      <trkpt lat="45.201490000" lon="5.842210000">
        <ele>279.000</ele>
      </trkpt>
      <trkpt lat="45.201590000" lon="5.842270000">
        <ele>280.000</ele>
      </trkpt>
      <trkpt lat="45.201670000" lon="5.842380000">
        <ele>281.000</ele>
      </trkpt>
      <trkpt lat="45.201710000" lon="5.842480000">
        <ele>282.000</ele>
      </trkpt>
      <trkpt lat="45.201750000" lon="5.842610000">
        <ele>283.000</ele>
      </trkpt>
      <trkpt lat="45.201790000" lon="5.842770000">
        <ele>284.000</ele>
      </trkpt>
      <trkpt lat="45.201830000" lon="5.842930000">
        <ele>285.000</ele>
      </trkpt>
      <trkpt lat="45.201880000" lon="5.843090000">
        <ele>286.000</ele>
      </trkpt>
      <trkpt lat="45.201930000" lon="5.843230000">
        <ele>288.000</ele>
      </trkpt>
      <trkpt lat="45.201980000" lon="5.843350000">
        <ele>289.000</ele>
      </trkpt>
      <trkpt lat="45.202050000" lon="5.843480000">
        <ele>290.000</ele>
      </trkpt>
      <trkpt lat="45.202090000" lon="5.843590000">
        <ele>292.000</ele>
      </trkpt>
      <trkpt lat="45.202270000" lon="5.844130000">
        <ele>294.000</ele>
      </trkpt>
      <trkpt lat="45.202310000" lon="5.844290000">
        <ele>297.000</ele>
      </trkpt>
      <trkpt lat="45.202330000" lon="5.844480000">
        <ele>299.000</ele>
      </trkpt>
      <trkpt lat="45.202370000" lon="5.844730000">
        <ele>301.000</ele>
      </trkpt>
      <trkpt lat="45.202390000" lon="5.844880000">
        <ele>303.000</ele>
      </trkpt>
      <trkpt lat="45.202430000" lon="5.845040000">
        <ele>305.000</ele>
      </trkpt>
      <trkpt lat="45.202640000" lon="5.845790000">
        <ele>308.000</ele>
      </trkpt>
      <trkpt lat="45.202700000" lon="5.846080000">
        <ele>312.000</ele>
      </trkpt>
      <trkpt lat="45.202710000" lon="5.846160000">
        <ele>314.000</ele>
      </trkpt>
      <trkpt lat="45.202750000" lon="5.846250000">
        <ele>316.000</ele>
      </trkpt>
      <trkpt lat="45.202920000" lon="5.846610000">
        <ele>319.000</ele>
      </trkpt>
      <trkpt lat="45.202980000" lon="5.846800000">
        <ele>322.000</ele>
      </trkpt>
      <trkpt lat="45.203080000" lon="5.847170000">
        <ele>325.000</ele>
      </trkpt>
      <trkpt lat="45.203140000" lon="5.847480000">
        <ele>329.000</ele>
      </trkpt>
      <trkpt lat="45.203140000" lon="5.847480000">
        <ele>331.000</ele>
      </trkpt>
      <trkpt lat="45.203150000" lon="5.847500000">
        <ele>332.000</ele>
      </trkpt>
      <trkpt lat="45.203230000" lon="5.848000000">
        <ele>335.000</ele>
      </trkpt>
      <trkpt lat="45.203250000" lon="5.848260000">
        <ele>338.000</ele>
      </trkpt>
      <trkpt lat="45.203260000" lon="5.848380000">
        <ele>340.000</ele>
      </trkpt>
      <trkpt lat="45.203280000" lon="5.848550000">
        <ele>341.000</ele>
      </trkpt>
      <trkpt lat="45.203320000" lon="5.848680000">
        <ele>342.000</ele>
      </trkpt>
      <trkpt lat="45.203360000" lon="5.848800000">
        <ele>343.000</ele>
      </trkpt>
      <trkpt lat="45.203430000" lon="5.848960000">
        <ele>344.000</ele>
      </trkpt>
      <trkpt lat="45.203490000" lon="5.849100000">
        <ele>345.000</ele>
      </trkpt>
      <trkpt lat="45.203570000" lon="5.849320000">
        <ele>345.000</ele>
      </trkpt>
      <trkpt lat="45.203630000" lon="5.849520000">
        <ele>346.000</ele>
      </trkpt>
      <trkpt lat="45.203750000" lon="5.849940000">
        <ele>347.000</ele>
      </trkpt>
      <trkpt lat="45.203860000" lon="5.850260000">
        <ele>348.000</ele>
      </trkpt>
      <trkpt lat="45.204090000" lon="5.850810000">
        <ele>349.000</ele>
      </trkpt>
      <trkpt lat="45.204120000" lon="5.850920000">
        <ele>350.000</ele>
      </trkpt>
      <trkpt lat="45.204140000" lon="5.851050000">
        <ele>351.000</ele>
      </trkpt>
      <trkpt lat="45.204120000" lon="5.851100000">
        <ele>351.000</ele>
      </trkpt>
      <trkpt lat="45.204100000" lon="5.851120000">
        <ele>352.000</ele>
      </trkpt>
      <trkpt lat="45.204140000" lon="5.851220000">
        <ele>352.000</ele>
      </trkpt>
      <trkpt lat="45.204150000" lon="5.851280000">
        <ele>352.000</ele>
      </trkpt>
      <trkpt lat="45.204160000" lon="5.851330000">
        <ele>353.000</ele>
      </trkpt>
      <trkpt lat="45.204170000" lon="5.851400000">
        <ele>353.000</ele>
      </trkpt>
      <trkpt lat="45.204170000" lon="5.851510000">
        <ele>353.000</ele>
      </trkpt>
      <trkpt lat="45.204150000" lon="5.851700000">
        <ele>353.000</ele>
      </trkpt>
      <trkpt lat="45.204140000" lon="5.851840000">
        <ele>354.000</ele>
      </trkpt>
      <trkpt lat="45.204140000" lon="5.852000000">
        <ele>354.000</ele>
      </trkpt>
      <trkpt lat="45.204140000" lon="5.852110000">
        <ele>354.000</ele>
      </trkpt>
      <trkpt lat="45.204150000" lon="5.852200000">
        <ele>355.000</ele>
      </trkpt>
      <trkpt lat="45.204170000" lon="5.852280000">
        <ele>355.000</ele>
      </trkpt>
      <trkpt lat="45.204220000" lon="5.852380000">
        <ele>355.000</ele>
      </trkpt>
      <trkpt lat="45.204290000" lon="5.852450000">
        <ele>356.000</ele>
      </trkpt>
      <trkpt lat="45.204360000" lon="5.852500000">
        <ele>356.000</ele>
      </trkpt>
      <trkpt lat="45.204470000" lon="5.852550000">
        <ele>356.000</ele>
      </trkpt>
      <trkpt lat="45.204550000" lon="5.852620000">
        <ele>357.000</ele>
      </trkpt>
      <trkpt lat="45.204630000" lon="5.852730000">
        <ele>357.000</ele>
      </trkpt>
      <trkpt lat="45.204710000" lon="5.852850000">
        <ele>357.000</ele>
      </trkpt>
      <trkpt lat="45.204730000" lon="5.852910000">
        <ele>358.000</ele>
      </trkpt>
      <trkpt lat="45.204750000" lon="5.853010000">
        <ele>358.000</ele>
      </trkpt>
      <trkpt lat="45.204730000" lon="5.853100000">
        <ele>359.000</ele>
      </trkpt>
      <trkpt lat="45.204700000" lon="5.853170000">
        <ele>360.000</ele>
      </trkpt>
      <trkpt lat="45.204660000" lon="5.853260000">
        <ele>361.000</ele>
      </trkpt>
      <trkpt lat="45.204620000" lon="5.853340000">
        <ele>362.000</ele>
      </trkpt>
      <trkpt lat="45.204590000" lon="5.853430000">
        <ele>364.000</ele>
      </trkpt>
      <trkpt lat="45.204560000" lon="5.853530000">
        <ele>365.000</ele>
      </trkpt>
      <trkpt lat="45.204570000" lon="5.853620000">
        <ele>366.000</ele>
      </trkpt>
      <trkpt lat="45.204610000" lon="5.853740000">
        <ele>368.000</ele>
      </trkpt>
      <trkpt lat="45.204670000" lon="5.853870000">
        <ele>369.000</ele>
      </trkpt>
      <trkpt lat="45.204710000" lon="5.853950000">
        <ele>371.000</ele>
      </trkpt>
      <trkpt lat="45.204750000" lon="5.854030000">
        <ele>372.000</ele>
      </trkpt>
      <trkpt lat="45.204790000" lon="5.854080000">
        <ele>374.000</ele>
      </trkpt>
      <trkpt lat="45.204860000" lon="5.854150000">
        <ele>375.000</ele>
      </trkpt>
      <trkpt lat="45.204950000" lon="5.854220000">
        <ele>377.000</ele>
      </trkpt>
      <trkpt lat="45.205070000" lon="5.854300000">
        <ele>378.000</ele>
      </trkpt>
      <trkpt lat="45.205200000" lon="5.854390000">
        <ele>381.000</ele>
      </trkpt>
      <trkpt lat="45.205290000" lon="5.854480000">
        <ele>383.000</ele>
      </trkpt>
      <trkpt lat="45.205360000" lon="5.854620000">
        <ele>385.000</ele>
      </trkpt>
      <trkpt lat="45.205420000" lon="5.854800000">
        <ele>387.000</ele>
      </trkpt>
      <trkpt lat="45.205480000" lon="5.854980000">
        <ele>390.000</ele>
      </trkpt>
      <trkpt lat="45.205530000" lon="5.855180000">
        <ele>392.000</ele>
      </trkpt>
      <trkpt lat="45.205570000" lon="5.855380000">
        <ele>395.000</ele>
      </trkpt>
      <trkpt lat="45.205600000" lon="5.855550000">
        <ele>397.000</ele>
      </trkpt>
      <trkpt lat="45.205620000" lon="5.855710000">
        <ele>400.000</ele>
      </trkpt>
      <trkpt lat="45.205630000" lon="5.855780000">
        <ele>402.000</ele>
      </trkpt>
      <trkpt lat="45.205620000" lon="5.855840000">
        <ele>403.000</ele>
      </trkpt>
      <trkpt lat="45.205590000" lon="5.855900000">
        <ele>404.000</ele>
      </trkpt>
      <trkpt lat="45.205570000" lon="5.855960000">
        <ele>406.000</ele>
      </trkpt>
      <trkpt lat="45.205570000" lon="5.856040000">
        <ele>407.000</ele>
      </trkpt>
      <trkpt lat="45.205580000" lon="5.856170000">
        <ele>408.000</ele>
      </trkpt>
      <trkpt lat="45.205600000" lon="5.856310000">
        <ele>410.000</ele>
      </trkpt>
      <trkpt lat="45.205610000" lon="5.856450000">
        <ele>411.000</ele>
      </trkpt>
      <trkpt lat="45.205590000" lon="5.856540000">
        <ele>413.000</ele>
      </trkpt>
      <trkpt lat="45.205570000" lon="5.856590000">
        <ele>414.000</ele>
      </trkpt>
      <trkpt lat="45.205520000" lon="5.856650000">
        <ele>415.000</ele>
      </trkpt>
      <trkpt lat="45.205450000" lon="5.856700000">
        <ele>417.000</ele>
      </trkpt>
      <trkpt lat="45.205370000" lon="5.856760000">
        <ele>418.000</ele>
      </trkpt>
      <trkpt lat="45.205310000" lon="5.856820000">
        <ele>419.000</ele>
      </trkpt>
      <trkpt lat="45.205270000" lon="5.856890000">
        <ele>421.000</ele>
      </trkpt>
      <trkpt lat="45.205230000" lon="5.856960000">
        <ele>422.000</ele>
      </trkpt>
      <trkpt lat="45.205210000" lon="5.857040000">
        <ele>423.000</ele>
      </trkpt>
      <trkpt lat="45.205190000" lon="5.857170000">
        <ele>425.000</ele>
      </trkpt>
      <trkpt lat="45.205180000" lon="5.857330000">
        <ele>426.000</ele>
      </trkpt>
      <trkpt lat="45.205180000" lon="5.857440000">
        <ele>427.000</ele>
      </trkpt>
      <trkpt lat="45.205200000" lon="5.857560000">
        <ele>428.000</ele>
      </trkpt>
      <trkpt lat="45.205240000" lon="5.857690000">
        <ele>429.000</ele>
      </trkpt>
      <trkpt lat="45.205310000" lon="5.857900000">
        <ele>429.000</ele>
      </trkpt>
      <trkpt lat="45.205390000" lon="5.857970000">
        <ele>429.000</ele>
      </trkpt>
      <trkpt lat="45.205490000" lon="5.858030000">
        <ele>430.000</ele>
      </trkpt>
      <trkpt lat="45.205600000" lon="5.858060000">
        <ele>430.000</ele>
      </trkpt>
      <trkpt lat="45.205750000" lon="5.858070000">
        <ele>430.000</ele>
      </trkpt>
      <trkpt lat="45.205890000" lon="5.858100000">
        <ele>430.000</ele>
      </trkpt>
      <trkpt lat="45.206120000" lon="5.858160000">
        <ele>430.000</ele>
      </trkpt>
      <trkpt lat="45.206240000" lon="5.858200000">
        <ele>431.000</ele>
      </trkpt>
      <trkpt lat="45.206370000" lon="5.858330000">
        <ele>431.000</ele>
      </trkpt>
      <trkpt lat="45.206450000" lon="5.858470000">
        <ele>431.000</ele>
      </trkpt>
      <trkpt lat="45.206500000" lon="5.858610000">
        <ele>431.000</ele>
      </trkpt>
      <trkpt lat="45.206520000" lon="5.858780000">
        <ele>431.000</ele>
      </trkpt>
      <trkpt lat="45.206540000" lon="5.858960000">
        <ele>432.000</ele>
      </trkpt>
      <trkpt lat="45.206550000" lon="5.859260000">
        <ele>433.000</ele>
      </trkpt>
      <trkpt lat="45.206550000" lon="5.859640000">
        <ele>436.000</ele>
      </trkpt>
      <trkpt lat="45.206530000" lon="5.859940000">
        <ele>438.000</ele>
      </trkpt>
      <trkpt lat="45.206530000" lon="5.860150000">
        <ele>440.000</ele>
      </trkpt>
      <trkpt lat="45.206540000" lon="5.860290000">
        <ele>443.000</ele>
      </trkpt>
      <trkpt lat="45.206570000" lon="5.860460000">
        <ele>444.000</ele>
      </trkpt>
      <trkpt lat="45.206640000" lon="5.860610000">
        <ele>446.000</ele>
      </trkpt>
      <trkpt lat="45.206760000" lon="5.860830000">
        <ele>449.000</ele>
      </trkpt>
      <trkpt lat="45.207000000" lon="5.861270000">
        <ele>452.000</ele>
      </trkpt>
      <trkpt lat="45.207220000" lon="5.861700000">
        <ele>456.000</ele>
      </trkpt>
      <trkpt lat="45.207440000" lon="5.862200000">
        <ele>461.000</ele>
      </trkpt>
      <trkpt lat="45.207550000" lon="5.862520000">
        <ele>466.000</ele>
      </trkpt>
      <trkpt lat="45.207670000" lon="5.862840000">
        <ele>470.000</ele>
      </trkpt>
      <trkpt lat="45.207680000" lon="5.862900000">
        <ele>473.000</ele>
      </trkpt>
      <trkpt lat="45.207680000" lon="5.862960000">
        <ele>476.000</ele>
      </trkpt>
      <trkpt lat="45.207660000" lon="5.863010000">
        <ele>477.000</ele>
      </trkpt>
      <trkpt lat="45.207640000" lon="5.863090000">
        <ele>479.000</ele>
      </trkpt>
      <trkpt lat="45.207600000" lon="5.863220000">
        <ele>480.000</ele>
      </trkpt>
      <trkpt lat="45.207540000" lon="5.863360000">
        <ele>482.000</ele>
      </trkpt>
      <trkpt lat="45.207450000" lon="5.863530000">
        <ele>484.000</ele>
      </trkpt>
      <trkpt lat="45.207430000" lon="5.863630000">
        <ele>485.000</ele>
      </trkpt>
      <trkpt lat="45.207460000" lon="5.863740000">
        <ele>486.000</ele>
      </trkpt>
      <trkpt lat="45.207500000" lon="5.863780000">
        <ele>487.000</ele>
      </trkpt>
      <trkpt lat="45.207580000" lon="5.863820000">
        <ele>487.000</ele>
      </trkpt>
      <trkpt lat="45.207650000" lon="5.863820000">
        <ele>488.000</ele>
      </trkpt>
      <trkpt lat="45.207740000" lon="5.863790000">
        <ele>488.000</ele>
      </trkpt>
      <trkpt lat="45.207930000" lon="5.863800000">
        <ele>489.000</ele>
      </trkpt>
      <trkpt lat="45.208140000" lon="5.863930000">
        <ele>490.000</ele>
      </trkpt>
      <trkpt lat="45.208330000" lon="5.864090000">
        <ele>490.000</ele>
      </trkpt>
      <trkpt lat="45.208740000" lon="5.864870000">
        <ele>492.000</ele>
      </trkpt>
      <trkpt lat="45.209050000" lon="5.865480000">
        <ele>493.000</ele>
      </trkpt>
      <trkpt lat="45.209130000" lon="5.865710000">
        <ele>495.000</ele>
      </trkpt>
      <trkpt lat="45.209270000" lon="5.865920000">
        <ele>497.000</ele>
      </trkpt>
      <trkpt lat="45.209350000" lon="5.866020000">
        <ele>498.000</ele>
      </trkpt>
      <trkpt lat="45.209500000" lon="5.866300000">
        <ele>500.000</ele>
      </trkpt>
      <trkpt lat="45.209540000" lon="5.866370000">
        <ele>501.000</ele>
      </trkpt>
      <trkpt lat="45.209720000" lon="5.866800000">
        <ele>503.000</ele>
      </trkpt>
      <trkpt lat="45.209840000" lon="5.867070000">
        <ele>505.000</ele>
      </trkpt>
      <trkpt lat="45.209960000" lon="5.867350000">
        <ele>508.000</ele>
      </trkpt>
      <trkpt lat="45.210100000" lon="5.867710000">
        <ele>510.000</ele>
      </trkpt>
      <trkpt lat="45.210160000" lon="5.867890000">
        <ele>512.000</ele>
      </trkpt>
      <trkpt lat="45.210190000" lon="5.868010000">
        <ele>514.000</ele>
      </trkpt>
      <trkpt lat="45.210210000" lon="5.868100000">
        <ele>515.000</ele>
      </trkpt>
      <trkpt lat="45.210220000" lon="5.868170000">
        <ele>516.000</ele>
      </trkpt>
      <trkpt lat="45.210210000" lon="5.868250000">
        <ele>517.000</ele>
      </trkpt>
      <trkpt lat="45.210200000" lon="5.868310000">
        <ele>518.000</ele>
      </trkpt>
      <trkpt lat="45.210160000" lon="5.868400000">
        <ele>519.000</ele>
      </trkpt>
      <trkpt lat="45.210060000" lon="5.868570000">
        <ele>520.000</ele>
      </trkpt>
      <trkpt lat="45.210010000" lon="5.868670000">
        <ele>521.000</ele>
      </trkpt>
      <trkpt lat="45.209980000" lon="5.868740000">
        <ele>522.000</ele>
      </trkpt>
      <trkpt lat="45.209950000" lon="5.868830000">
        <ele>523.000</ele>
      </trkpt>
      <trkpt lat="45.209930000" lon="5.868910000">
        <ele>524.000</ele>
      </trkpt>
      <trkpt lat="45.209920000" lon="5.868990000">
        <ele>524.000</ele>
      </trkpt>
      <trkpt lat="45.209910000" lon="5.869100000">
        <ele>525.000</ele>
      </trkpt>
      <trkpt lat="45.209900000" lon="5.869220000">
        <ele>526.000</ele>
      </trkpt>
      <trkpt lat="45.209900000" lon="5.869350000">
        <ele>527.000</ele>
      </trkpt>
      <trkpt lat="45.209910000" lon="5.869460000">
        <ele>528.000</ele>
      </trkpt>
      <trkpt lat="45.209920000" lon="5.869550000">
        <ele>529.000</ele>
      </trkpt>
      <trkpt lat="45.209930000" lon="5.869630000">
        <ele>530.000</ele>
      </trkpt>
      <trkpt lat="45.209970000" lon="5.869800000">
        <ele>531.000</ele>
      </trkpt>
      <trkpt lat="45.210070000" lon="5.870140000">
        <ele>532.000</ele>
      </trkpt>
      <trkpt lat="45.210120000" lon="5.870370000">
        <ele>534.000</ele>
      </trkpt>
      <trkpt lat="45.210160000" lon="5.870540000">
        <ele>535.000</ele>
      </trkpt>
      <trkpt lat="45.210190000" lon="5.870680000">
        <ele>537.000</ele>
      </trkpt>
      <trkpt lat="45.210200000" lon="5.870800000">
        <ele>538.000</ele>
      </trkpt>
      <trkpt lat="45.210210000" lon="5.870890000">
        <ele>539.000</ele>
      </trkpt>
      <trkpt lat="45.210220000" lon="5.871030000">
        <ele>540.000</ele>
      </trkpt>
      <trkpt lat="45.210220000" lon="5.871160000">
        <ele>540.000</ele>
      </trkpt>
      <trkpt lat="45.210220000" lon="5.871230000">
        <ele>541.000</ele>
      </trkpt>
      <trkpt lat="45.210210000" lon="5.871310000">
        <ele>542.000</ele>
      </trkpt>
      <trkpt lat="45.210200000" lon="5.871410000">
        <ele>543.000</ele>
      </trkpt>
      <trkpt lat="45.210180000" lon="5.871530000">
        <ele>543.000</ele>
      </trkpt>
      <trkpt lat="45.210150000" lon="5.871650000">
        <ele>544.000</ele>
      </trkpt>
      <trkpt lat="45.210050000" lon="5.872050000">
        <ele>545.000</ele>
      </trkpt>
      <trkpt lat="45.209930000" lon="5.872570000">
        <ele>548.000</ele>
      </trkpt>
      <trkpt lat="45.209890000" lon="5.872680000">
        <ele>549.000</ele>
      </trkpt>
      <trkpt lat="45.209810000" lon="5.872830000">
        <ele>551.000</ele>
      </trkpt>
      <trkpt lat="45.209710000" lon="5.873050000">
        <ele>552.000</ele>
      </trkpt>
      <trkpt lat="45.209660000" lon="5.873130000">
        <ele>553.000</ele>
      </trkpt>
      <trkpt lat="45.209610000" lon="5.873200000">
        <ele>554.000</ele>
      </trkpt>
      <trkpt lat="45.209550000" lon="5.873270000">
        <ele>554.000</ele>
      </trkpt>
      <trkpt lat="45.209490000" lon="5.873300000">
        <ele>555.000</ele>
      </trkpt>
      <trkpt lat="45.209380000" lon="5.873330000">
        <ele>556.000</ele>
      </trkpt>
      <trkpt lat="45.209210000" lon="5.873340000">
        <ele>556.000</ele>
      </trkpt>
      <trkpt lat="45.209060000" lon="5.873360000">
        <ele>557.000</ele>
      </trkpt>
      <trkpt lat="45.208990000" lon="5.873400000">
        <ele>558.000</ele>
      </trkpt>
      <trkpt lat="45.208950000" lon="5.873470000">
        <ele>558.000</ele>
      </trkpt>
      <trkpt lat="45.208820000" lon="5.873830000">
        <ele>559.000</ele>
      </trkpt>
      <trkpt lat="45.208820000" lon="5.873830000">
        <ele>560.000</ele>
      </trkpt>
      <trkpt lat="45.208800000" lon="5.873930000">
        <ele>561.000</ele>
      </trkpt>
      <trkpt lat="45.208760000" lon="5.874060000">
        <ele>561.000</ele>
      </trkpt>
      <trkpt lat="45.208740000" lon="5.874110000">
        <ele>562.000</ele>
      </trkpt>
      <trkpt lat="45.208710000" lon="5.874170000">
        <ele>562.000</ele>
      </trkpt>
      <trkpt lat="45.208650000" lon="5.874270000">
        <ele>563.000</ele>
      </trkpt>
      <trkpt lat="45.208550000" lon="5.874400000">
        <ele>563.000</ele>
      </trkpt>
      <trkpt lat="45.208440000" lon="5.874490000">
        <ele>564.000</ele>
      </trkpt>
      <trkpt lat="45.208320000" lon="5.874540000">
        <ele>565.000</ele>
      </trkpt>
      <trkpt lat="45.208210000" lon="5.874560000">
        <ele>565.000</ele>
      </trkpt>
      <trkpt lat="45.208040000" lon="5.874590000">
        <ele>566.000</ele>
      </trkpt>
      <trkpt lat="45.207880000" lon="5.874600000">
        <ele>567.000</ele>
      </trkpt>
      <trkpt lat="45.207840000" lon="5.874600000">
        <ele>568.000</ele>
      </trkpt>
      <trkpt lat="45.207770000" lon="5.874600000">
        <ele>569.000</ele>
      </trkpt>
      <trkpt lat="45.207660000" lon="5.874620000">
        <ele>570.000</ele>
      </trkpt>
      <trkpt lat="45.207590000" lon="5.874650000">
        <ele>570.000</ele>
      </trkpt>
      <trkpt lat="45.207540000" lon="5.874690000">
        <ele>571.000</ele>
      </trkpt>
      <trkpt lat="45.207510000" lon="5.874790000">
        <ele>571.000</ele>
      </trkpt>
      <trkpt lat="45.207520000" lon="5.874910000">
        <ele>572.000</ele>
      </trkpt>
      <trkpt lat="45.207530000" lon="5.875010000">
        <ele>572.000</ele>
      </trkpt>
      <trkpt lat="45.207590000" lon="5.875130000">
        <ele>573.000</ele>
      </trkpt>
      <trkpt lat="45.207660000" lon="5.875330000">
        <ele>574.000</ele>
      </trkpt>
      <trkpt lat="45.207700000" lon="5.875450000">
        <ele>575.000</ele>
      </trkpt>
      <trkpt lat="45.207710000" lon="5.875550000">
        <ele>575.000</ele>
      </trkpt>
      <trkpt lat="45.207700000" lon="5.875660000">
        <ele>576.000</ele>
      </trkpt>
      <trkpt lat="45.207650000" lon="5.875770000">
        <ele>576.000</ele>
      </trkpt>
      <trkpt lat="45.207600000" lon="5.875870000">
        <ele>577.000</ele>
      </trkpt>
      <trkpt lat="45.207500000" lon="5.876010000">
        <ele>578.000</ele>
      </trkpt>
      <trkpt lat="45.207400000" lon="5.876130000">
        <ele>578.000</ele>
      </trkpt>
      <trkpt lat="45.207290000" lon="5.876230000">
        <ele>579.000</ele>
      </trkpt>
      <trkpt lat="45.207170000" lon="5.876310000">
        <ele>580.000</ele>
      </trkpt>
      <trkpt lat="45.206930000" lon="5.876480000">
        <ele>581.000</ele>
      </trkpt>
      <trkpt lat="45.206860000" lon="5.876560000">
        <ele>582.000</ele>
      </trkpt>
      <trkpt lat="45.206800000" lon="5.876660000">
        <ele>583.000</ele>
      </trkpt>
      <trkpt lat="45.206790000" lon="5.876740000">
        <ele>584.000</ele>
      </trkpt>
      <trkpt lat="45.206810000" lon="5.876830000">
        <ele>584.000</ele>
      </trkpt>
      <trkpt lat="45.206840000" lon="5.876890000">
        <ele>585.000</ele>
      </trkpt>
      <trkpt lat="45.206910000" lon="5.876930000">
        <ele>585.000</ele>
      </trkpt>
      <trkpt lat="45.207250000" lon="5.876980000">
        <ele>586.000</ele>
      </trkpt>
      <trkpt lat="45.207390000" lon="5.877040000">
        <ele>587.000</ele>
      </trkpt>
      <trkpt lat="45.207480000" lon="5.877160000">
        <ele>588.000</ele>
      </trkpt>
      <trkpt lat="45.207540000" lon="5.877320000">
        <ele>588.000</ele>
      </trkpt>
      <trkpt lat="45.207570000" lon="5.877470000">
        <ele>589.000</ele>
      </trkpt>
      <trkpt lat="45.207600000" lon="5.877540000">
        <ele>589.000</ele>
      </trkpt>
      <trkpt lat="45.207660000" lon="5.877570000">
        <ele>589.000</ele>
      </trkpt>
      <trkpt lat="45.207740000" lon="5.877590000">
        <ele>589.000</ele>
      </trkpt>
      <trkpt lat="45.207820000" lon="5.877600000">
        <ele>589.000</ele>
      </trkpt>
      <trkpt lat="45.207890000" lon="5.877580000">
        <ele>590.000</ele>
      </trkpt>
      <trkpt lat="45.207960000" lon="5.877570000">
        <ele>590.000</ele>
      </trkpt>
      <trkpt lat="45.208130000" lon="5.877600000">
        <ele>590.000</ele>
      </trkpt>
      <trkpt lat="45.208300000" lon="5.877630000">
        <ele>590.000</ele>
      </trkpt>
      <trkpt lat="45.208530000" lon="5.877660000">
        <ele>590.000</ele>
      </trkpt>
      <trkpt lat="45.208630000" lon="5.877690000">
        <ele>591.000</ele>
      </trkpt>
      <trkpt lat="45.208820000" lon="5.877780000">
        <ele>591.000</ele>
      </trkpt>
      <trkpt lat="45.208940000" lon="5.877830000">
        <ele>591.000</ele>
      </trkpt>
      <trkpt lat="45.209050000" lon="5.877870000">
        <ele>592.000</ele>
      </trkpt>
      <trkpt lat="45.209160000" lon="5.877900000">
        <ele>593.000</ele>
      </trkpt>
      <trkpt lat="45.209230000" lon="5.877900000">
        <ele>593.000</ele>
      </trkpt>
      <trkpt lat="45.209450000" lon="5.877890000">
        <ele>594.000</ele>
      </trkpt>
      <trkpt lat="45.209570000" lon="5.877850000">
        <ele>595.000</ele>
      </trkpt>
      <trkpt lat="45.209670000" lon="5.877830000">
        <ele>596.000</ele>
      </trkpt>
      <trkpt lat="45.209730000" lon="5.877880000">
        <ele>597.000</ele>
      </trkpt>
      <trkpt lat="45.209760000" lon="5.877980000">
        <ele>597.000</ele>
      </trkpt>
      <trkpt lat="45.209760000" lon="5.878080000">
        <ele>598.000</ele>
      </trkpt>
      <trkpt lat="45.209730000" lon="5.878150000">
        <ele>598.000</ele>
      </trkpt>
      <trkpt lat="45.209700000" lon="5.878180000">
        <ele>599.000</ele>
      </trkpt>
      <trkpt lat="45.209650000" lon="5.878210000">
        <ele>599.000</ele>
      </trkpt>
      <trkpt lat="45.209580000" lon="5.878200000">
        <ele>600.000</ele>
      </trkpt>
      <trkpt lat="45.209460000" lon="5.878180000">
        <ele>600.000</ele>
      </trkpt>
      <trkpt lat="45.209270000" lon="5.878130000">
        <ele>601.000</ele>
      </trkpt>
      <trkpt lat="45.209200000" lon="5.878120000">
        <ele>602.000</ele>
      </trkpt>
      <trkpt lat="45.209130000" lon="5.878130000">
        <ele>602.000</ele>
      </trkpt>
      <trkpt lat="45.209110000" lon="5.878140000">
        <ele>603.000</ele>
      </trkpt>
      <trkpt lat="45.209010000" lon="5.878180000">
        <ele>603.000</ele>
      </trkpt>
      <trkpt lat="45.208820000" lon="5.878260000">
        <ele>605.000</ele>
      </trkpt>
      <trkpt lat="45.208620000" lon="5.878340000">
        <ele>606.000</ele>
      </trkpt>
      <trkpt lat="45.208460000" lon="5.878420000">
        <ele>608.000</ele>
      </trkpt>
      <trkpt lat="45.208380000" lon="5.878480000">
        <ele>610.000</ele>
      </trkpt>
      <trkpt lat="45.208300000" lon="5.878560000">
        <ele>612.000</ele>
      </trkpt>
      <trkpt lat="45.208230000" lon="5.878630000">
        <ele>613.000</ele>
      </trkpt>
      <trkpt lat="45.208150000" lon="5.878690000">
        <ele>614.000</ele>
      </trkpt>
      <trkpt lat="45.208050000" lon="5.878720000">
        <ele>616.000</ele>
      </trkpt>
      <trkpt lat="45.207940000" lon="5.878760000">
        <ele>617.000</ele>
      </trkpt>
      <trkpt lat="45.207800000" lon="5.878780000">
        <ele>619.000</ele>
      </trkpt>
      <trkpt lat="45.207690000" lon="5.878780000">
        <ele>620.000</ele>
      </trkpt>
      <trkpt lat="45.207580000" lon="5.878820000">
        <ele>622.000</ele>
      </trkpt>
      <trkpt lat="45.207520000" lon="5.878860000">
        <ele>623.000</ele>
      </trkpt>
      <trkpt lat="45.207460000" lon="5.878920000">
        <ele>624.000</ele>
      </trkpt>
      <trkpt lat="45.207420000" lon="5.878990000">
        <ele>625.000</ele>
      </trkpt>
      <trkpt lat="45.207380000" lon="5.879070000">
        <ele>626.000</ele>
      </trkpt>
      <trkpt lat="45.207330000" lon="5.879170000">
        <ele>627.000</ele>
      </trkpt>
      <trkpt lat="45.207270000" lon="5.879250000">
        <ele>628.000</ele>
      </trkpt>
      <trkpt lat="45.207230000" lon="5.879290000">
        <ele>629.000</ele>
      </trkpt>
      <trkpt lat="45.207170000" lon="5.879320000">
        <ele>630.000</ele>
      </trkpt>
      <trkpt lat="45.207140000" lon="5.879340000">
        <ele>630.000</ele>
      </trkpt>
      <trkpt lat="45.207080000" lon="5.879330000">
        <ele>631.000</ele>
      </trkpt>
      <trkpt lat="45.207050000" lon="5.879310000">
        <ele>631.000</ele>
      </trkpt>
      <trkpt lat="45.207010000" lon="5.879270000">
        <ele>632.000</ele>
      </trkpt>
      <trkpt lat="45.206980000" lon="5.879210000">
        <ele>632.000</ele>
      </trkpt>
      <trkpt lat="45.206940000" lon="5.879110000">
        <ele>633.000</ele>
      </trkpt>
      <trkpt lat="45.206830000" lon="5.878890000">
        <ele>634.000</ele>
      </trkpt>
      <trkpt lat="45.206770000" lon="5.878800000">
        <ele>635.000</ele>
      </trkpt>
      <trkpt lat="45.206680000" lon="5.878720000">
        <ele>636.000</ele>
      </trkpt>
      <trkpt lat="45.206560000" lon="5.878620000">
        <ele>637.000</ele>
      </trkpt>
      <trkpt lat="45.206450000" lon="5.878530000">
        <ele>638.000</ele>
      </trkpt>
      <trkpt lat="45.206380000" lon="5.878480000">
        <ele>639.000</ele>
      </trkpt>
      <trkpt lat="45.206300000" lon="5.878450000">
        <ele>640.000</ele>
      </trkpt>
      <trkpt lat="45.206230000" lon="5.878440000">
        <ele>641.000</ele>
      </trkpt>
      <trkpt lat="45.206180000" lon="5.878470000">
        <ele>641.000</ele>
      </trkpt>
      <trkpt lat="45.206150000" lon="5.878510000">
        <ele>642.000</ele>
      </trkpt>
      <trkpt lat="45.206120000" lon="5.878580000">
        <ele>643.000</ele>
      </trkpt>
      <trkpt lat="45.206120000" lon="5.878620000">
        <ele>643.000</ele>
      </trkpt>
      <trkpt lat="45.206130000" lon="5.878660000">
        <ele>643.000</ele>
      </trkpt>
      <trkpt lat="45.206150000" lon="5.878720000">
        <ele>644.000</ele>
      </trkpt>
      <trkpt lat="45.206300000" lon="5.878910000">
        <ele>645.000</ele>
      </trkpt>
      <trkpt lat="45.206640000" lon="5.879390000">
        <ele>647.000</ele>
      </trkpt>
      <trkpt lat="45.206710000" lon="5.879510000">
        <ele>649.000</ele>
      </trkpt>
      <trkpt lat="45.206750000" lon="5.879600000">
        <ele>651.000</ele>
      </trkpt>
      <trkpt lat="45.206820000" lon="5.879830000">
        <ele>652.000</ele>
      </trkpt>
      <trkpt lat="45.206830000" lon="5.879940000">
        <ele>654.000</ele>
      </trkpt>
      <trkpt lat="45.206830000" lon="5.880020000">
        <ele>655.000</ele>
      </trkpt>
      <trkpt lat="45.206790000" lon="5.880060000">
        <ele>656.000</ele>
      </trkpt>
      <trkpt lat="45.206720000" lon="5.880050000">
        <ele>657.000</ele>
      </trkpt>
      <trkpt lat="45.206610000" lon="5.879940000">
        <ele>658.000</ele>
      </trkpt>
      <trkpt lat="45.206450000" lon="5.879710000">
        <ele>659.000</ele>
      </trkpt>
      <trkpt lat="45.206200000" lon="5.879500000">
        <ele>661.000</ele>
      </trkpt>
      <trkpt lat="45.206030000" lon="5.879440000">
        <ele>663.000</ele>
      </trkpt>
      <trkpt lat="45.205860000" lon="5.879380000">
        <ele>665.000</ele>
      </trkpt>
      <trkpt lat="45.205670000" lon="5.879330000">
        <ele>666.000</ele>
      </trkpt>
      <trkpt lat="45.205580000" lon="5.879320000">
        <ele>667.000</ele>
      </trkpt>
      <trkpt lat="45.205490000" lon="5.879320000">
        <ele>668.000</ele>
      </trkpt>
      <trkpt lat="45.205420000" lon="5.879320000">
        <ele>669.000</ele>
      </trkpt>
      <trkpt lat="45.205320000" lon="5.879340000">
        <ele>670.000</ele>
      </trkpt>
      <trkpt lat="45.205130000" lon="5.879380000">
        <ele>670.000</ele>
      </trkpt>
      <trkpt lat="45.204940000" lon="5.879430000">
        <ele>671.000</ele>
      </trkpt>
      <trkpt lat="45.204760000" lon="5.879470000">
        <ele>672.000</ele>
      </trkpt>
      <trkpt lat="45.204700000" lon="5.879490000">
        <ele>672.000</ele>
      </trkpt>
      <trkpt lat="45.204620000" lon="5.879520000">
        <ele>673.000</ele>
      </trkpt>
      <trkpt lat="45.204260000" lon="5.879720000">
        <ele>674.000</ele>
      </trkpt>
      <trkpt lat="45.204120000" lon="5.879800000">
        <ele>675.000</ele>
      </trkpt>
      <trkpt lat="45.204050000" lon="5.879850000">
        <ele>676.000</ele>
      </trkpt>
      <trkpt lat="45.203990000" lon="5.879900000">
        <ele>677.000</ele>
      </trkpt>
      <trkpt lat="45.203960000" lon="5.879950000">
        <ele>678.000</ele>
      </trkpt>
      <trkpt lat="45.203940000" lon="5.879990000">
        <ele>679.000</ele>
      </trkpt>
      <trkpt lat="45.203940000" lon="5.880020000">
        <ele>680.000</ele>
      </trkpt>
      <trkpt lat="45.203950000" lon="5.880050000">
        <ele>680.000</ele>
      </trkpt>
      <trkpt lat="45.203970000" lon="5.880070000">
        <ele>681.000</ele>
      </trkpt>
      <trkpt lat="45.204000000" lon="5.880090000">
        <ele>681.000</ele>
      </trkpt>
      <trkpt lat="45.204070000" lon="5.880100000">
        <ele>682.000</ele>
      </trkpt>
      <trkpt lat="45.204130000" lon="5.880110000">
        <ele>683.000</ele>
      </trkpt>
      <trkpt lat="45.204190000" lon="5.880130000">
        <ele>683.000</ele>
      </trkpt>
      <trkpt lat="45.204240000" lon="5.880170000">
        <ele>684.000</ele>
      </trkpt>
      <trkpt lat="45.204340000" lon="5.880260000">
        <ele>685.000</ele>
      </trkpt>
      <trkpt lat="45.204440000" lon="5.880370000">
        <ele>686.000</ele>
      </trkpt>
      <trkpt lat="45.204520000" lon="5.880450000">
        <ele>688.000</ele>
      </trkpt>
      <trkpt lat="45.204610000" lon="5.880490000">
        <ele>689.000</ele>
      </trkpt>
      <trkpt lat="45.204790000" lon="5.880530000">
        <ele>691.000</ele>
      </trkpt>
      <trkpt lat="45.204970000" lon="5.880560000">
        <ele>693.000</ele>
      </trkpt>
      <trkpt lat="45.204990000" lon="5.880560000">
        <ele>694.000</ele>
      </trkpt>
      <trkpt lat="45.205220000" lon="5.880570000">
        <ele>696.000</ele>
      </trkpt>
      <trkpt lat="45.205380000" lon="5.880590000">
        <ele>698.000</ele>
      </trkpt>
      <trkpt lat="45.205410000" lon="5.880610000">
        <ele>700.000</ele>
      </trkpt>
      <trkpt lat="45.205510000" lon="5.880650000">
        <ele>701.000</ele>
      </trkpt>
      <trkpt lat="45.205600000" lon="5.880730000">
        <ele>702.000</ele>
      </trkpt>
      <trkpt lat="45.205690000" lon="5.880820000">
        <ele>703.000</ele>
      </trkpt>
      <trkpt lat="45.205820000" lon="5.880980000">
        <ele>705.000</ele>
      </trkpt>
      <trkpt lat="45.205900000" lon="5.881100000">
        <ele>706.000</ele>
      </trkpt>
      <trkpt lat="45.205980000" lon="5.881250000">
        <ele>707.000</ele>
      </trkpt>
      <trkpt lat="45.206050000" lon="5.881440000">
        <ele>709.000</ele>
      </trkpt>
      <trkpt lat="45.206190000" lon="5.881800000">
        <ele>710.000</ele>
      </trkpt>
      <trkpt lat="45.206350000" lon="5.882230000">
        <ele>713.000</ele>
      </trkpt>
      <trkpt lat="45.206370000" lon="5.882320000">
        <ele>714.000</ele>
      </trkpt>
      <trkpt lat="45.206370000" lon="5.882450000">
        <ele>716.000</ele>
      </trkpt>
      <trkpt lat="45.206450000" lon="5.882530000">
        <ele>717.000</ele>
      </trkpt>
      <trkpt lat="45.206480000" lon="5.882580000">
        <ele>718.000</ele>
      </trkpt>
      <trkpt lat="45.206500000" lon="5.882620000">
        <ele>719.000</ele>
      </trkpt>
      <trkpt lat="45.206560000" lon="5.882740000">
        <ele>720.000</ele>
      </trkpt>
      <trkpt lat="45.206640000" lon="5.882970000">
        <ele>721.000</ele>
      </trkpt>
      <trkpt lat="45.206730000" lon="5.883200000">
        <ele>723.000</ele>
      </trkpt>
      <trkpt lat="45.206810000" lon="5.883330000">
        <ele>725.000</ele>
      </trkpt>
      <trkpt lat="45.206910000" lon="5.883400000">
        <ele>726.000</ele>
      </trkpt>
      <trkpt lat="45.207020000" lon="5.883420000">
        <ele>728.000</ele>
      </trkpt>
      <trkpt lat="45.207130000" lon="5.883430000">
        <ele>729.000</ele>
      </trkpt>
      <trkpt lat="45.207270000" lon="5.883410000">
        <ele>731.000</ele>
      </trkpt>
      <trkpt lat="45.207550000" lon="5.883350000">
        <ele>733.000</ele>
      </trkpt>
      <trkpt lat="45.207730000" lon="5.883310000">
        <ele>735.000</ele>
      </trkpt>
      <trkpt lat="45.207890000" lon="5.883230000">
        <ele>738.000</ele>
      </trkpt>
      <trkpt lat="45.208000000" lon="5.883180000">
        <ele>740.000</ele>
      </trkpt>
      <trkpt lat="45.208110000" lon="5.883150000">
        <ele>741.000</ele>
      </trkpt>
      <trkpt lat="45.208200000" lon="5.883120000">
        <ele>742.000</ele>
      </trkpt>
      <trkpt lat="45.208280000" lon="5.883090000">
        <ele>743.000</ele>
      </trkpt>
      <trkpt lat="45.208360000" lon="5.883020000">
        <ele>744.000</ele>
      </trkpt>
      <trkpt lat="45.208450000" lon="5.882930000">
        <ele>745.000</ele>
      </trkpt>
      <trkpt lat="45.208580000" lon="5.882770000">
        <ele>745.000</ele>
      </trkpt>
      <trkpt lat="45.208680000" lon="5.882690000">
        <ele>746.000</ele>
      </trkpt>
      <trkpt lat="45.208750000" lon="5.882650000">
        <ele>747.000</ele>
      </trkpt>
      <trkpt lat="45.208800000" lon="5.882640000">
        <ele>747.000</ele>
      </trkpt>
      <trkpt lat="45.208910000" lon="5.882620000">
        <ele>748.000</ele>
      </trkpt>
      <trkpt lat="45.209010000" lon="5.882620000">
        <ele>748.000</ele>
      </trkpt>
      <trkpt lat="45.209090000" lon="5.882630000">
        <ele>749.000</ele>
      </trkpt>
      <trkpt lat="45.209210000" lon="5.882660000">
        <ele>749.000</ele>
      </trkpt>
      <trkpt lat="45.209260000" lon="5.882670000">
        <ele>749.000</ele>
      </trkpt>
      <trkpt lat="45.209380000" lon="5.882710000">
        <ele>750.000</ele>
      </trkpt>
      <trkpt lat="45.209530000" lon="5.882760000">
        <ele>751.000</ele>
      </trkpt>
      <trkpt lat="45.209690000" lon="5.882790000">
        <ele>751.000</ele>
      </trkpt>
      <trkpt lat="45.209800000" lon="5.882810000">
        <ele>752.000</ele>
      </trkpt>
      <trkpt lat="45.209940000" lon="5.882830000">
        <ele>752.000</ele>
      </trkpt>
      <trkpt lat="45.210110000" lon="5.882860000">
        <ele>752.000</ele>
      </trkpt>
      <trkpt lat="45.210290000" lon="5.882880000">
        <ele>752.000</ele>
      </trkpt>
      <trkpt lat="45.210440000" lon="5.882920000">
        <ele>753.000</ele>
      </trkpt>
      <trkpt lat="45.210500000" lon="5.882950000">
        <ele>753.000</ele>
      </trkpt>
      <trkpt lat="45.210540000" lon="5.882990000">
        <ele>753.000</ele>
      </trkpt>
      <trkpt lat="45.210590000" lon="5.883040000">
        <ele>753.000</ele>
      </trkpt>
      <trkpt lat="45.210690000" lon="5.883120000">
        <ele>753.000</ele>
      </trkpt>
      <trkpt lat="45.210840000" lon="5.883230000">
        <ele>753.000</ele>
      </trkpt>
      <trkpt lat="45.210970000" lon="5.883310000">
        <ele>753.000</ele>
      </trkpt>
      <trkpt lat="45.211070000" lon="5.883350000">
        <ele>753.000</ele>
      </trkpt>
      <trkpt lat="45.211210000" lon="5.883390000">
        <ele>753.000</ele>
      </trkpt>
      <trkpt lat="45.211540000" lon="5.883480000">
        <ele>753.000</ele>
      </trkpt>
      <trkpt lat="45.211620000" lon="5.883500000">
        <ele>753.000</ele>
      </trkpt>
      <trkpt lat="45.211910000" lon="5.883570000">
        <ele>753.000</ele>
      </trkpt>
      <trkpt lat="45.212140000" lon="5.883580000">
        <ele>753.000</ele>
      </trkpt>
      <trkpt lat="45.212490000" lon="5.883580000">
        <ele>753.000</ele>
      </trkpt>
      <trkpt lat="45.212610000" lon="5.883580000">
        <ele>753.000</ele>
      </trkpt>
      <trkpt lat="45.212760000" lon="5.883570000">
        <ele>753.000</ele>
      </trkpt>
      <trkpt lat="45.212890000" lon="5.883550000">
        <ele>753.000</ele>
      </trkpt>
      <trkpt lat="45.213040000" lon="5.883510000">
        <ele>753.000</ele>
      </trkpt>
      <trkpt lat="45.213170000" lon="5.883460000">
        <ele>753.000</ele>
      </trkpt>
      <trkpt lat="45.213330000" lon="5.883380000">
        <ele>753.000</ele>
      </trkpt>
      <trkpt lat="45.213490000" lon="5.883270000">
        <ele>754.000</ele>
      </trkpt>
      <trkpt lat="45.213630000" lon="5.883180000">
        <ele>755.000</ele>
      </trkpt>
      <trkpt lat="45.213740000" lon="5.883130000">
        <ele>756.000</ele>
      </trkpt>
      <trkpt lat="45.213830000" lon="5.883120000">
        <ele>757.000</ele>
      </trkpt>
      <trkpt lat="45.213920000" lon="5.883140000">
        <ele>757.000</ele>
      </trkpt>
      <trkpt lat="45.213990000" lon="5.883180000">
        <ele>758.000</ele>
      </trkpt>
      <trkpt lat="45.214060000" lon="5.883240000">
        <ele>759.000</ele>
      </trkpt>
      <trkpt lat="45.214120000" lon="5.883340000">
        <ele>760.000</ele>
      </trkpt>
      <trkpt lat="45.214170000" lon="5.883440000">
        <ele>761.000</ele>
      </trkpt>
      <trkpt lat="45.214200000" lon="5.883540000">
        <ele>761.000</ele>
      </trkpt>
      <trkpt lat="45.214210000" lon="5.883660000">
        <ele>762.000</ele>
      </trkpt>
      <trkpt lat="45.214210000" lon="5.883780000">
        <ele>763.000</ele>
      </trkpt>
      <trkpt lat="45.214210000" lon="5.883930000">
        <ele>764.000</ele>
      </trkpt>
      <trkpt lat="45.214190000" lon="5.884090000">
        <ele>764.000</ele>
      </trkpt>
      <trkpt lat="45.214200000" lon="5.884270000">
        <ele>765.000</ele>
      </trkpt>
      <trkpt lat="45.214210000" lon="5.884430000">
        <ele>766.000</ele>
      </trkpt>
      <trkpt lat="45.214220000" lon="5.884530000">
        <ele>767.000</ele>
      </trkpt>
      <trkpt lat="45.214230000" lon="5.884620000">
        <ele>768.000</ele>
      </trkpt>
      <trkpt lat="45.214260000" lon="5.884810000">
        <ele>769.000</ele>
      </trkpt>
      <trkpt lat="45.214310000" lon="5.885010000">
        <ele>770.000</ele>
      </trkpt>
      <trkpt lat="45.214350000" lon="5.885210000">
        <ele>772.000</ele>
      </trkpt>
      <trkpt lat="45.214810000" lon="5.886290000">
        <ele>776.000</ele>
      </trkpt>
      <trkpt lat="45.215060000" lon="5.886880000">
        <ele>781.000</ele>
      </trkpt>
      <trkpt lat="45.215170000" lon="5.887100000">
        <ele>785.000</ele>
      </trkpt>
      <trkpt lat="45.215330000" lon="5.887320000">
        <ele>788.000</ele>
      </trkpt>
      <trkpt lat="45.215340000" lon="5.887330000">
        <ele>789.000</ele>
      </trkpt>
      <trkpt lat="45.215340000" lon="5.887330000">
        <ele>790.000</ele>
      </trkpt>
      <trkpt lat="45.215550000" lon="5.887510000">
        <ele>791.000</ele>
      </trkpt>
      <trkpt lat="45.215690000" lon="5.887650000">
        <ele>792.000</ele>
      </trkpt>
      <trkpt lat="45.215830000" lon="5.887830000">
        <ele>793.000</ele>
      </trkpt>
      <trkpt lat="45.215990000" lon="5.888050000">
        <ele>794.000</ele>
      </trkpt>
      <trkpt lat="45.216160000" lon="5.888220000">
        <ele>794.000</ele>
      </trkpt>
      <trkpt lat="45.216400000" lon="5.888370000">
        <ele>795.000</ele>
      </trkpt>
      <trkpt lat="45.216530000" lon="5.888420000">
        <ele>795.000</ele>
      </trkpt>
      <trkpt lat="45.216650000" lon="5.888490000">
        <ele>796.000</ele>
      </trkpt>
      <trkpt lat="45.216860000" lon="5.888580000">
        <ele>796.000</ele>
      </trkpt>
      <trkpt lat="45.216930000" lon="5.888630000">
        <ele>796.000</ele>
      </trkpt>
      <trkpt lat="45.216970000" lon="5.888680000">
        <ele>796.000</ele>
      </trkpt>
      <trkpt lat="45.216980000" lon="5.888710000">
        <ele>796.000</ele>
      </trkpt>
      <trkpt lat="45.217010000" lon="5.888800000">
        <ele>796.000</ele>
      </trkpt>
      <trkpt lat="45.217020000" lon="5.888930000">
        <ele>796.000</ele>
      </trkpt>
      <trkpt lat="45.217010000" lon="5.889030000">
        <ele>796.000</ele>
      </trkpt>
      <trkpt lat="45.216960000" lon="5.889130000">
        <ele>796.000</ele>
      </trkpt>
      <trkpt lat="45.216900000" lon="5.889200000">
        <ele>796.000</ele>
      </trkpt>
      <trkpt lat="45.216350000" lon="5.889600000">
        <ele>795.000</ele>
      </trkpt>
      <trkpt lat="45.215990000" lon="5.889910000">
        <ele>795.000</ele>
      </trkpt>
      <trkpt lat="45.215810000" lon="5.890060000">
        <ele>795.000</ele>
      </trkpt>
      <trkpt lat="45.215670000" lon="5.890150000">
        <ele>795.000</ele>
      </trkpt>
      <trkpt lat="45.215540000" lon="5.890230000">
        <ele>795.000</ele>
      </trkpt>
      <trkpt lat="45.215190000" lon="5.890330000">
        <ele>795.000</ele>
      </trkpt>
      <trkpt lat="45.214640000" lon="5.890560000">
        <ele>796.000</ele>
      </trkpt>
      <trkpt lat="45.214050000" lon="5.890840000">
        <ele>796.000</ele>
      </trkpt>
      <trkpt lat="45.213570000" lon="5.891160000">
        <ele>795.000</ele>
      </trkpt>
      <trkpt lat="45.213460000" lon="5.891220000">
        <ele>794.000</ele>
      </trkpt>
      <trkpt lat="45.212720000" lon="5.891630000">
        <ele>791.000</ele>
      </trkpt>
      <trkpt lat="45.212490000" lon="5.891790000">
        <ele>788.000</ele>
      </trkpt>
      <trkpt lat="45.212260000" lon="5.891940000">
        <ele>786.000</ele>
      </trkpt>
      <trkpt lat="45.212140000" lon="5.892060000">
        <ele>784.000</ele>
      </trkpt>
      <trkpt lat="45.212110000" lon="5.892150000">
        <ele>782.000</ele>
      </trkpt>
      <trkpt lat="45.212020000" lon="5.892330000">
        <ele>781.000</ele>
      </trkpt>
      <trkpt lat="45.211930000" lon="5.892670000">
        <ele>779.000</ele>
      </trkpt>
      <trkpt lat="45.211810000" lon="5.892890000">
        <ele>778.000</ele>
      </trkpt>
      <trkpt lat="45.211670000" lon="5.892950000">
        <ele>777.000</ele>
      </trkpt>
      <trkpt lat="45.211540000" lon="5.893020000">
        <ele>776.000</ele>
      </trkpt>
      <trkpt lat="45.211370000" lon="5.893090000">
        <ele>775.000</ele>
      </trkpt>
      <trkpt lat="45.211280000" lon="5.893130000">
        <ele>774.000</ele>
      </trkpt>
      <trkpt lat="45.211190000" lon="5.893220000">
        <ele>773.000</ele>
      </trkpt>
      <trkpt lat="45.211130000" lon="5.893310000">
        <ele>772.000</ele>
      </trkpt>
      <trkpt lat="45.211030000" lon="5.893460000">
        <ele>771.000</ele>
      </trkpt>
      <trkpt lat="45.210700000" lon="5.894020000">
        <ele>770.000</ele>
      </trkpt>
      <trkpt lat="45.210530000" lon="5.894320000">
        <ele>768.000</ele>
      </trkpt>
      <trkpt lat="45.210390000" lon="5.894610000">
        <ele>767.000</ele>
      </trkpt>
      <trkpt lat="45.210330000" lon="5.894730000">
        <ele>766.000</ele>
      </trkpt>
      <trkpt lat="45.210290000" lon="5.894840000">
        <ele>765.000</ele>
      </trkpt>
      <trkpt lat="45.210260000" lon="5.894990000">
        <ele>764.000</ele>
      </trkpt>
      <trkpt lat="45.210260000" lon="5.895100000">
        <ele>763.000</ele>
      </trkpt>
      <trkpt lat="45.210240000" lon="5.895620000">
        <ele>762.000</ele>
      </trkpt>
      <trkpt lat="45.210230000" lon="5.896130000">
        <ele>761.000</ele>
      </trkpt>
      <trkpt lat="45.210190000" lon="5.896390000">
        <ele>760.000</ele>
      </trkpt>
      <trkpt lat="45.210170000" lon="5.896460000">
        <ele>759.000</ele>
      </trkpt>
      <trkpt lat="45.210090000" lon="5.896620000">
        <ele>758.000</ele>
      </trkpt>
      <trkpt lat="45.209880000" lon="5.896950000">
        <ele>758.000</ele>
      </trkpt>
      <trkpt lat="45.209700000" lon="5.897270000">
        <ele>757.000</ele>
      </trkpt>
      <trkpt lat="45.209650000" lon="5.897400000">
        <ele>757.000</ele>
      </trkpt>
      <trkpt lat="45.209640000" lon="5.897490000">
        <ele>757.000</ele>
      </trkpt>
      <trkpt lat="45.209650000" lon="5.897570000">
        <ele>756.000</ele>
      </trkpt>
      <trkpt lat="45.209700000" lon="5.897680000">
        <ele>756.000</ele>
      </trkpt>
      <trkpt lat="45.209750000" lon="5.897760000">
        <ele>756.000</ele>
      </trkpt>
      <trkpt lat="45.209810000" lon="5.897800000">
        <ele>756.000</ele>
      </trkpt>
      <trkpt lat="45.209900000" lon="5.897830000">
        <ele>756.000</ele>
      </trkpt>
      <trkpt lat="45.209940000" lon="5.897830000">
        <ele>755.000</ele>
      </trkpt>
      <trkpt lat="45.210050000" lon="5.897810000">
        <ele>755.000</ele>
      </trkpt>
      <trkpt lat="45.210170000" lon="5.897770000">
        <ele>755.000</ele>
      </trkpt>
      <trkpt lat="45.210230000" lon="5.897740000">
        <ele>755.000</ele>
      </trkpt>
      <trkpt lat="45.210350000" lon="5.897690000">
        <ele>755.000</ele>
      </trkpt>
      <trkpt lat="45.210540000" lon="5.897630000">
        <ele>755.000</ele>
      </trkpt>
      <trkpt lat="45.210610000" lon="5.897630000">
        <ele>754.000</ele>
      </trkpt>
      <trkpt lat="45.210660000" lon="5.897650000">
        <ele>754.000</ele>
      </trkpt>
      <trkpt lat="45.210740000" lon="5.897690000">
        <ele>754.000</ele>
      </trkpt>
      <trkpt lat="45.210860000" lon="5.897800000">
        <ele>754.000</ele>
      </trkpt>
      <trkpt lat="45.210950000" lon="5.897840000">
        <ele>754.000</ele>
      </trkpt>
      <trkpt lat="45.211040000" lon="5.897850000">
        <ele>754.000</ele>
      </trkpt>
      <trkpt lat="45.211160000" lon="5.897830000">
        <ele>753.000</ele>
      </trkpt>
      <trkpt lat="45.211170000" lon="5.897820000">
        <ele>753.000</ele>
      </trkpt>
      <trkpt lat="45.211290000" lon="5.897750000">
        <ele>753.000</ele>
      </trkpt>
      <trkpt lat="45.211370000" lon="5.897670000">
        <ele>753.000</ele>
      </trkpt>
      <trkpt lat="45.211530000" lon="5.897570000">
        <ele>753.000</ele>
      </trkpt>
      <trkpt lat="45.211670000" lon="5.897570000">
        <ele>753.000</ele>
      </trkpt>
      <trkpt lat="45.211800000" lon="5.897630000">
        <ele>752.000</ele>
      </trkpt>
      <trkpt lat="45.211870000" lon="5.897670000">
        <ele>752.000</ele>
      </trkpt>
      <trkpt lat="45.211930000" lon="5.897710000">
        <ele>752.000</ele>
      </trkpt>
      <trkpt lat="45.211970000" lon="5.897730000">
        <ele>752.000</ele>
      </trkpt>
      <trkpt lat="45.212110000" lon="5.897820000">
        <ele>752.000</ele>
      </trkpt>
      <trkpt lat="45.212190000" lon="5.897880000">
        <ele>752.000</ele>
      </trkpt>
      <trkpt lat="45.212270000" lon="5.897930000">
        <ele>751.000</ele>
      </trkpt>
      <trkpt lat="45.212330000" lon="5.897940000">
        <ele>751.000</ele>
      </trkpt>
      <trkpt lat="45.212480000" lon="5.897910000">
        <ele>751.000</ele>
      </trkpt>
      <trkpt lat="45.212700000" lon="5.897900000">
        <ele>750.000</ele>
      </trkpt>
      <trkpt lat="45.212740000" lon="5.897900000">
        <ele>750.000</ele>
      </trkpt>
      <trkpt lat="45.212830000" lon="5.897880000">
        <ele>749.000</ele>
      </trkpt>
      <trkpt lat="45.212890000" lon="5.897880000">
        <ele>749.000</ele>
      </trkpt>
      <trkpt lat="45.212960000" lon="5.897860000">
        <ele>749.000</ele>
      </trkpt>
      <trkpt lat="45.213040000" lon="5.897830000">
        <ele>748.000</ele>
      </trkpt>
      <trkpt lat="45.213180000" lon="5.897720000">
        <ele>748.000</ele>
      </trkpt>
      <trkpt lat="45.213210000" lon="5.897600000">
        <ele>747.000</ele>
      </trkpt>
      <trkpt lat="45.213250000" lon="5.897490000">
        <ele>747.000</ele>
      </trkpt>
      <trkpt lat="45.213520000" lon="5.896890000">
        <ele>746.000</ele>
      </trkpt>
      <trkpt lat="45.213630000" lon="5.896650000">
        <ele>745.000</ele>
      </trkpt>
      <trkpt lat="45.213770000" lon="5.896440000">
        <ele>744.000</ele>
      </trkpt>
      <trkpt lat="45.213850000" lon="5.896350000">
        <ele>743.000</ele>
      </trkpt>
      <trkpt lat="45.213900000" lon="5.896310000">
        <ele>742.000</ele>
      </trkpt>
      <trkpt lat="45.213970000" lon="5.896270000">
        <ele>741.000</ele>
      </trkpt>
      <trkpt lat="45.213980000" lon="5.896260000">
        <ele>740.000</ele>
      </trkpt>
      <trkpt lat="45.214150000" lon="5.896170000">
        <ele>739.000</ele>
      </trkpt>
      <trkpt lat="45.214280000" lon="5.896140000">
        <ele>738.000</ele>
      </trkpt>
      <trkpt lat="45.214620000" lon="5.896070000">
        <ele>736.000</ele>
      </trkpt>
      <trkpt lat="45.214760000" lon="5.896070000">
        <ele>735.000</ele>
      </trkpt>
      <trkpt lat="45.214840000" lon="5.896070000">
        <ele>733.000</ele>
      </trkpt>
      <trkpt lat="45.214880000" lon="5.896070000">
        <ele>732.000</ele>
      </trkpt>
      <trkpt lat="45.214920000" lon="5.896080000">
        <ele>732.000</ele>
      </trkpt>
      <trkpt lat="45.214960000" lon="5.896100000">
        <ele>731.000</ele>
      </trkpt>
      <trkpt lat="45.215100000" lon="5.896180000">
        <ele>730.000</ele>
      </trkpt>
      <trkpt lat="45.215200000" lon="5.896260000">
        <ele>729.000</ele>
      </trkpt>
      <trkpt lat="45.215270000" lon="5.896300000">
        <ele>728.000</ele>
      </trkpt>
      <trkpt lat="45.215340000" lon="5.896340000">
        <ele>727.000</ele>
      </trkpt>
      <trkpt lat="45.215410000" lon="5.896360000">
        <ele>726.000</ele>
      </trkpt>
      <trkpt lat="45.215520000" lon="5.896390000">
        <ele>725.000</ele>
      </trkpt>
      <trkpt lat="45.215600000" lon="5.896380000">
        <ele>724.000</ele>
      </trkpt>
      <trkpt lat="45.215730000" lon="5.896340000">
        <ele>723.000</ele>
      </trkpt>
      <trkpt lat="45.215830000" lon="5.896300000">
        <ele>722.000</ele>
      </trkpt>
      <trkpt lat="45.215890000" lon="5.896290000">
        <ele>721.000</ele>
      </trkpt>
      <trkpt lat="45.215930000" lon="5.896280000">
        <ele>720.000</ele>
      </trkpt>
      <trkpt lat="45.215980000" lon="5.896280000">
        <ele>720.000</ele>
      </trkpt>
      <trkpt lat="45.216030000" lon="5.896290000">
        <ele>719.000</ele>
      </trkpt>
      <trkpt lat="45.216080000" lon="5.896310000">
        <ele>718.000</ele>
      </trkpt>
      <trkpt lat="45.216120000" lon="5.896340000">
        <ele>718.000</ele>
      </trkpt>
      <trkpt lat="45.216170000" lon="5.896420000">
        <ele>717.000</ele>
      </trkpt>
      <trkpt lat="45.216230000" lon="5.896500000">
        <ele>717.000</ele>
      </trkpt>
      <trkpt lat="45.216290000" lon="5.896570000">
        <ele>716.000</ele>
      </trkpt>
      <trkpt lat="45.216350000" lon="5.896630000">
        <ele>715.000</ele>
      </trkpt>
      <trkpt lat="45.216440000" lon="5.896710000">
        <ele>714.000</ele>
      </trkpt>
      <trkpt lat="45.216510000" lon="5.896740000">
        <ele>713.000</ele>
      </trkpt>
      <trkpt lat="45.216700000" lon="5.896810000">
        <ele>712.000</ele>
      </trkpt>
      <trkpt lat="45.216810000" lon="5.896870000">
        <ele>711.000</ele>
      </trkpt>
      <trkpt lat="45.217190000" lon="5.897090000">
        <ele>708.000</ele>
      </trkpt>
      <trkpt lat="45.217380000" lon="5.897240000">
        <ele>706.000</ele>
      </trkpt>
      <trkpt lat="45.217940000" lon="5.897610000">
        <ele>703.000</ele>
      </trkpt>
      <trkpt lat="45.217970000" lon="5.897620000">
        <ele>701.000</ele>
      </trkpt>
      <trkpt lat="45.218000000" lon="5.897650000">
        <ele>700.000</ele>
      </trkpt>
      <trkpt lat="45.218070000" lon="5.897700000">
        <ele>699.000</ele>
      </trkpt>
      <trkpt lat="45.218420000" lon="5.897930000">
        <ele>697.000</ele>
      </trkpt>
      <trkpt lat="45.218880000" lon="5.898240000">
        <ele>695.000</ele>
      </trkpt>
      <trkpt lat="45.219570000" lon="5.898810000">
        <ele>690.000</ele>
      </trkpt>
      <trkpt lat="45.219680000" lon="5.898920000">
        <ele>687.000</ele>
      </trkpt>
      <trkpt lat="45.219780000" lon="5.899060000">
        <ele>684.000</ele>
      </trkpt>
      <trkpt lat="45.219940000" lon="5.899200000">
        <ele>681.000</ele>
      </trkpt>
      <trkpt lat="45.220050000" lon="5.899230000">
        <ele>679.000</ele>
      </trkpt>
      <trkpt lat="45.220140000" lon="5.899220000">
        <ele>677.000</ele>
      </trkpt>
      <trkpt lat="45.220340000" lon="5.899210000">
        <ele>675.000</ele>
      </trkpt>
      <trkpt lat="45.220470000" lon="5.899200000">
        <ele>673.000</ele>
      </trkpt>
      <trkpt lat="45.220590000" lon="5.899190000">
        <ele>671.000</ele>
      </trkpt>
      <trkpt lat="45.220800000" lon="5.899130000">
        <ele>669.000</ele>
      </trkpt>
      <trkpt lat="45.220920000" lon="5.899070000">
        <ele>668.000</ele>
      </trkpt>
      <trkpt lat="45.221260000" lon="5.898860000">
        <ele>667.000</ele>
      </trkpt>
      <trkpt lat="45.221530000" lon="5.898660000">
        <ele>666.000</ele>
      </trkpt>
      <trkpt lat="45.221620000" lon="5.898630000">
        <ele>665.000</ele>
      </trkpt>
      <trkpt lat="45.221690000" lon="5.898630000">
        <ele>664.000</ele>
      </trkpt>
      <trkpt lat="45.221770000" lon="5.898640000">
        <ele>663.000</ele>
      </trkpt>
      <trkpt lat="45.221840000" lon="5.898660000">
        <ele>663.000</ele>
      </trkpt>
      <trkpt lat="45.221910000" lon="5.898720000">
        <ele>662.000</ele>
      </trkpt>
      <trkpt lat="45.221970000" lon="5.898790000">
        <ele>662.000</ele>
      </trkpt>
      <trkpt lat="45.222080000" lon="5.898920000">
        <ele>661.000</ele>
      </trkpt>
      <trkpt lat="45.222180000" lon="5.899000000">
        <ele>661.000</ele>
      </trkpt>
      <trkpt lat="45.222260000" lon="5.899070000">
        <ele>660.000</ele>
      </trkpt>
      <trkpt lat="45.222360000" lon="5.899100000">
        <ele>660.000</ele>
      </trkpt>
      <trkpt lat="45.222410000" lon="5.899100000">
        <ele>659.000</ele>
      </trkpt>
      <trkpt lat="45.222460000" lon="5.899070000">
        <ele>658.000</ele>
      </trkpt>
      <trkpt lat="45.222500000" lon="5.899000000">
        <ele>658.000</ele>
      </trkpt>
      <trkpt lat="45.222520000" lon="5.898930000">
        <ele>657.000</ele>
      </trkpt>
      <trkpt lat="45.222510000" lon="5.898860000">
        <ele>656.000</ele>
      </trkpt>
      <trkpt lat="45.222480000" lon="5.898790000">
        <ele>655.000</ele>
      </trkpt>
      <trkpt lat="45.222390000" lon="5.898700000">
        <ele>654.000</ele>
      </trkpt>
      <trkpt lat="45.222310000" lon="5.898650000">
        <ele>653.000</ele>
      </trkpt>
      <trkpt lat="45.222200000" lon="5.898560000">
        <ele>652.000</ele>
      </trkpt>
      <trkpt lat="45.222130000" lon="5.898480000">
        <ele>651.000</ele>
      </trkpt>
      <trkpt lat="45.222050000" lon="5.898370000">
        <ele>650.000</ele>
      </trkpt>
      <trkpt lat="45.221940000" lon="5.898220000">
        <ele>648.000</ele>
      </trkpt>
      <trkpt lat="45.221800000" lon="5.898060000">
        <ele>646.000</ele>
      </trkpt>
      <trkpt lat="45.221720000" lon="5.897980000">
        <ele>645.000</ele>
      </trkpt>
      <trkpt lat="45.221330000" lon="5.897630000">
        <ele>642.000</ele>
      </trkpt>
      <trkpt lat="45.221260000" lon="5.897520000">
        <ele>639.000</ele>
      </trkpt>
      <trkpt lat="45.221240000" lon="5.897440000">
        <ele>638.000</ele>
      </trkpt>
      <trkpt lat="45.221260000" lon="5.897330000">
        <ele>636.000</ele>
      </trkpt>
      <trkpt lat="45.221330000" lon="5.897230000">
        <ele>635.000</ele>
      </trkpt>
      <trkpt lat="45.221400000" lon="5.897170000">
        <ele>634.000</ele>
      </trkpt>
      <trkpt lat="45.221530000" lon="5.897080000">
        <ele>633.000</ele>
      </trkpt>
      <trkpt lat="45.221640000" lon="5.896970000">
        <ele>632.000</ele>
      </trkpt>
      <trkpt lat="45.221740000" lon="5.896890000">
        <ele>631.000</ele>
      </trkpt>
      <trkpt lat="45.221800000" lon="5.896870000">
        <ele>630.000</ele>
      </trkpt>
      <trkpt lat="45.221870000" lon="5.896880000">
        <ele>629.000</ele>
      </trkpt>
      <trkpt lat="45.221960000" lon="5.896920000">
        <ele>628.000</ele>
      </trkpt>
      <trkpt lat="45.222060000" lon="5.897040000">
        <ele>627.000</ele>
      </trkpt>
      <trkpt lat="45.222350000" lon="5.897360000">
        <ele>626.000</ele>
      </trkpt>
      <trkpt lat="45.222530000" lon="5.897490000">
        <ele>624.000</ele>
      </trkpt>
      <trkpt lat="45.222860000" lon="5.897620000">
        <ele>622.000</ele>
      </trkpt>
      <trkpt lat="45.223380000" lon="5.897850000">
        <ele>618.000</ele>
      </trkpt>
      <trkpt lat="45.223980000" lon="5.898130000">
        <ele>613.000</ele>
      </trkpt>
      <trkpt lat="45.224070000" lon="5.898160000">
        <ele>610.000</ele>
      </trkpt>
      <trkpt lat="45.224220000" lon="5.898230000">
        <ele>606.000</ele>
      </trkpt>
      <trkpt lat="45.224270000" lon="5.898240000">
        <ele>604.000</ele>
      </trkpt>
      <trkpt lat="45.224340000" lon="5.898250000">
        <ele>602.000</ele>
      </trkpt>
      <trkpt lat="45.224440000" lon="5.898270000">
        <ele>601.000</ele>
      </trkpt>
      <trkpt lat="45.224520000" lon="5.898270000">
        <ele>599.000</ele>
      </trkpt>
      <trkpt lat="45.224610000" lon="5.898270000">
        <ele>598.000</ele>
      </trkpt>
      <trkpt lat="45.224680000" lon="5.898250000">
        <ele>597.000</ele>
      </trkpt>
      <trkpt lat="45.224750000" lon="5.898210000">
        <ele>596.000</ele>
      </trkpt>
      <trkpt lat="45.224830000" lon="5.898180000">
        <ele>595.000</ele>
      </trkpt>
      <trkpt lat="45.224880000" lon="5.898150000">
        <ele>594.000</ele>
      </trkpt>
      <trkpt lat="45.224910000" lon="5.898130000">
        <ele>594.000</ele>
      </trkpt>
      <trkpt lat="45.225010000" lon="5.898110000">
        <ele>593.000</ele>
      </trkpt>
      <trkpt lat="45.225100000" lon="5.898100000">
        <ele>592.000</ele>
      </trkpt>
      <trkpt lat="45.225210000" lon="5.898110000">
        <ele>591.000</ele>
      </trkpt>
      <trkpt lat="45.225390000" lon="5.898110000">
        <ele>590.000</ele>
      </trkpt>
      <trkpt lat="45.225510000" lon="5.898110000">
        <ele>589.000</ele>
      </trkpt>
      <trkpt lat="45.225550000" lon="5.898100000">
        <ele>588.000</ele>
      </trkpt>
      <trkpt lat="45.225600000" lon="5.898090000">
        <ele>587.000</ele>
      </trkpt>
      <trkpt lat="45.225620000" lon="5.898070000">
        <ele>586.000</ele>
      </trkpt>
      <trkpt lat="45.225660000" lon="5.898050000">
        <ele>586.000</ele>
      </trkpt>
      <trkpt lat="45.225700000" lon="5.897990000">
        <ele>585.000</ele>
      </trkpt>
      <trkpt lat="45.225740000" lon="5.897920000">
        <ele>584.000</ele>
      </trkpt>
      <trkpt lat="45.225770000" lon="5.897840000">
        <ele>584.000</ele>
      </trkpt>
      <trkpt lat="45.225810000" lon="5.897770000">
        <ele>583.000</ele>
      </trkpt>
      <trkpt lat="45.225860000" lon="5.897720000">
        <ele>583.000</ele>
      </trkpt>
      <trkpt lat="45.225930000" lon="5.897670000">
        <ele>582.000</ele>
      </trkpt>
      <trkpt lat="45.226100000" lon="5.897570000">
        <ele>581.000</ele>
      </trkpt>
      <trkpt lat="45.226220000" lon="5.897540000">
        <ele>580.000</ele>
      </trkpt>
      <trkpt lat="45.226300000" lon="5.897530000">
        <ele>579.000</ele>
      </trkpt>
      <trkpt lat="45.226610000" lon="5.897520000">
        <ele>577.000</ele>
      </trkpt>
      <trkpt lat="45.226850000" lon="5.897520000">
        <ele>575.000</ele>
      </trkpt>
      <trkpt lat="45.226890000" lon="5.897520000">
        <ele>574.000</ele>
      </trkpt>
      <trkpt lat="45.226910000" lon="5.897520000">
        <ele>573.000</ele>
      </trkpt>
      <trkpt lat="45.227070000" lon="5.897560000">
        <ele>572.000</ele>
      </trkpt>
      <trkpt lat="45.227320000" lon="5.897660000">
        <ele>571.000</ele>
      </trkpt>
      <trkpt lat="45.227460000" lon="5.897760000">
        <ele>570.000</ele>
      </trkpt>
      <trkpt lat="45.227550000" lon="5.897820000">
        <ele>569.000</ele>
      </trkpt>
      <trkpt lat="45.227600000" lon="5.897850000">
        <ele>568.000</ele>
      </trkpt>
      <trkpt lat="45.227740000" lon="5.897940000">
        <ele>567.000</ele>
      </trkpt>
      <trkpt lat="45.227800000" lon="5.897980000">
        <ele>566.000</ele>
      </trkpt>
      <trkpt lat="45.227880000" lon="5.898000000">
        <ele>565.000</ele>
      </trkpt>
      <trkpt lat="45.227940000" lon="5.898000000">
        <ele>564.000</ele>
      </trkpt>
      <trkpt lat="45.227960000" lon="5.898000000">
        <ele>564.000</ele>
      </trkpt>
      <trkpt lat="45.227990000" lon="5.898000000">
        <ele>563.000</ele>
      </trkpt>
      <trkpt lat="45.228130000" lon="5.897930000">
        <ele>563.000</ele>
      </trkpt>
      <trkpt lat="45.228260000" lon="5.897850000">
        <ele>562.000</ele>
      </trkpt>
      <trkpt lat="45.228360000" lon="5.897810000">
        <ele>561.000</ele>
      </trkpt>
      <trkpt lat="45.228420000" lon="5.897790000">
        <ele>561.000</ele>
      </trkpt>
      <trkpt lat="45.228480000" lon="5.897790000">
        <ele>560.000</ele>
      </trkpt>
      <trkpt lat="45.228520000" lon="5.897810000">
        <ele>560.000</ele>
      </trkpt>
      <trkpt lat="45.228570000" lon="5.897860000">
        <ele>560.000</ele>
      </trkpt>
      <trkpt lat="45.228610000" lon="5.897920000">
        <ele>559.000</ele>
      </trkpt>
      <trkpt lat="45.228730000" lon="5.898130000">
        <ele>559.000</ele>
      </trkpt>
      <trkpt lat="45.228770000" lon="5.898180000">
        <ele>558.000</ele>
      </trkpt>
      <trkpt lat="45.228830000" lon="5.898230000">
        <ele>558.000</ele>
      </trkpt>
      <trkpt lat="45.228940000" lon="5.898270000">
        <ele>557.000</ele>
      </trkpt>
      <trkpt lat="45.229030000" lon="5.898280000">
        <ele>557.000</ele>
      </trkpt>
      <trkpt lat="45.229060000" lon="5.898280000">
        <ele>556.000</ele>
      </trkpt>
      <trkpt lat="45.229380000" lon="5.898330000">
        <ele>555.000</ele>
      </trkpt>
      <trkpt lat="45.229540000" lon="5.898360000">
        <ele>554.000</ele>
      </trkpt>
      <trkpt lat="45.229690000" lon="5.898390000">
        <ele>553.000</ele>
      </trkpt>
      <trkpt lat="45.229900000" lon="5.898440000">
        <ele>552.000</ele>
      </trkpt>
      <trkpt lat="45.230060000" lon="5.898450000">
        <ele>551.000</ele>
      </trkpt>
      <trkpt lat="45.230200000" lon="5.898420000">
        <ele>550.000</ele>
      </trkpt>
      <trkpt lat="45.230240000" lon="5.898370000">
        <ele>550.000</ele>
      </trkpt>
      <trkpt lat="45.230270000" lon="5.898280000">
        <ele>549.000</ele>
      </trkpt>
      <trkpt lat="45.230280000" lon="5.898170000">
        <ele>548.000</ele>
      </trkpt>
      <trkpt lat="45.230250000" lon="5.897970000">
        <ele>547.000</ele>
      </trkpt>
      <trkpt lat="45.230240000" lon="5.897840000">
        <ele>546.000</ele>
      </trkpt>
      <trkpt lat="45.230240000" lon="5.897810000">
        <ele>546.000</ele>
      </trkpt>
      <trkpt lat="45.230250000" lon="5.897720000">
        <ele>545.000</ele>
      </trkpt>
      <trkpt lat="45.230300000" lon="5.897610000">
        <ele>545.000</ele>
      </trkpt>
      <trkpt lat="45.230350000" lon="5.897550000">
        <ele>544.000</ele>
      </trkpt>
      <trkpt lat="45.230450000" lon="5.897500000">
        <ele>544.000</ele>
      </trkpt>
      <trkpt lat="45.230530000" lon="5.897490000">
        <ele>543.000</ele>
      </trkpt>
      <trkpt lat="45.230730000" lon="5.897530000">
        <ele>542.000</ele>
      </trkpt>
      <trkpt lat="45.230950000" lon="5.897570000">
        <ele>541.000</ele>
      </trkpt>
      <trkpt lat="45.231010000" lon="5.897550000">
        <ele>540.000</ele>
      </trkpt>
      <trkpt lat="45.231060000" lon="5.897520000">
        <ele>539.000</ele>
      </trkpt>
      <trkpt lat="45.231110000" lon="5.897480000">
        <ele>538.000</ele>
      </trkpt>
      <trkpt lat="45.231140000" lon="5.897380000">
        <ele>538.000</ele>
      </trkpt>
      <trkpt lat="45.231170000" lon="5.897160000">
        <ele>537.000</ele>
      </trkpt>
      <trkpt lat="45.231220000" lon="5.897020000">
        <ele>535.000</ele>
      </trkpt>
      <trkpt lat="45.231250000" lon="5.896920000">
        <ele>534.000</ele>
      </trkpt>
      <trkpt lat="45.231490000" lon="5.896630000">
        <ele>532.000</ele>
      </trkpt>
      <trkpt lat="45.231560000" lon="5.896470000">
        <ele>530.000</ele>
      </trkpt>
      <trkpt lat="45.231570000" lon="5.896390000">
        <ele>528.000</ele>
      </trkpt>
      <trkpt lat="45.231570000" lon="5.896320000">
        <ele>527.000</ele>
      </trkpt>
      <trkpt lat="45.231560000" lon="5.896170000">
        <ele>525.000</ele>
      </trkpt>
      <trkpt lat="45.231490000" lon="5.895930000">
        <ele>523.000</ele>
      </trkpt>
      <trkpt lat="45.231380000" lon="5.895710000">
        <ele>521.000</ele>
      </trkpt>
      <trkpt lat="45.231280000" lon="5.895530000">
        <ele>519.000</ele>
      </trkpt>
      <trkpt lat="45.231160000" lon="5.895300000">
        <ele>517.000</ele>
      </trkpt>
      <trkpt lat="45.231120000" lon="5.895170000">
        <ele>515.000</ele>
      </trkpt>
      <trkpt lat="45.231100000" lon="5.895030000">
        <ele>513.000</ele>
      </trkpt>
      <trkpt lat="45.231100000" lon="5.894870000">
        <ele>512.000</ele>
      </trkpt>
      <trkpt lat="45.231130000" lon="5.894740000">
        <ele>512.000</ele>
      </trkpt>
      <trkpt lat="45.231180000" lon="5.894600000">
        <ele>512.000</ele>
      </trkpt>
      <trkpt lat="45.231240000" lon="5.894490000">
        <ele>512.000</ele>
      </trkpt>
      <trkpt lat="45.231320000" lon="5.894380000">
        <ele>512.000</ele>
      </trkpt>
      <trkpt lat="45.231530000" lon="5.894100000">
        <ele>512.000</ele>
      </trkpt>
      <trkpt lat="45.231580000" lon="5.894070000">
        <ele>512.000</ele>
      </trkpt>
      <trkpt lat="45.231630000" lon="5.894060000">
        <ele>512.000</ele>
      </trkpt>
      <trkpt lat="45.231740000" lon="5.894050000">
        <ele>512.000</ele>
      </trkpt>
      <trkpt lat="45.232010000" lon="5.894080000">
        <ele>512.000</ele>
      </trkpt>
      <trkpt lat="45.232160000" lon="5.894130000">
        <ele>513.000</ele>
      </trkpt>
      <trkpt lat="45.232450000" lon="5.894370000">
        <ele>513.000</ele>
      </trkpt>
      <trkpt lat="45.232560000" lon="5.894380000">
        <ele>513.000</ele>
      </trkpt>
      <trkpt lat="45.232600000" lon="5.894350000">
        <ele>512.000</ele>
      </trkpt>
      <trkpt lat="45.232650000" lon="5.894250000">
        <ele>512.000</ele>
      </trkpt>
      <trkpt lat="45.232670000" lon="5.894170000">
        <ele>511.000</ele>
      </trkpt>
      <trkpt lat="45.232690000" lon="5.893980000">
        <ele>510.000</ele>
      </trkpt>
      <trkpt lat="45.232670000" lon="5.893620000">
        <ele>508.000</ele>
      </trkpt>
      <trkpt lat="45.232670000" lon="5.893420000">
        <ele>506.000</ele>
      </trkpt>
      <trkpt lat="45.232690000" lon="5.893270000">
        <ele>504.000</ele>
      </trkpt>
      <trkpt lat="45.232730000" lon="5.893140000">
        <ele>503.000</ele>
      </trkpt>
      <trkpt lat="45.232770000" lon="5.893050000">
        <ele>501.000</ele>
      </trkpt>
      <trkpt lat="45.232850000" lon="5.892990000">
        <ele>500.000</ele>
      </trkpt>
      <trkpt lat="45.232930000" lon="5.892960000">
        <ele>499.000</ele>
      </trkpt>
      <trkpt lat="45.233050000" lon="5.892950000">
        <ele>497.000</ele>
      </trkpt>
      <trkpt lat="45.233170000" lon="5.892990000">
        <ele>496.000</ele>
      </trkpt>
      <trkpt lat="45.233320000" lon="5.893050000">
        <ele>494.000</ele>
      </trkpt>
      <trkpt lat="45.233740000" lon="5.893300000">
        <ele>491.000</ele>
      </trkpt>
      <trkpt lat="45.233980000" lon="5.893460000">
        <ele>488.000</ele>
      </trkpt>
      <trkpt lat="45.234150000" lon="5.893590000">
        <ele>486.000</ele>
      </trkpt>
      <trkpt lat="45.234400000" lon="5.893860000">
        <ele>483.000</ele>
      </trkpt>
      <trkpt lat="45.234640000" lon="5.894090000">
        <ele>481.000</ele>
      </trkpt>
      <trkpt lat="45.234770000" lon="5.894180000">
        <ele>479.000</ele>
      </trkpt>
      <trkpt lat="45.234950000" lon="5.894220000">
        <ele>477.000</ele>
      </trkpt>
      <trkpt lat="45.235170000" lon="5.894260000">
        <ele>475.000</ele>
      </trkpt>
      <trkpt lat="45.235600000" lon="5.894320000">
        <ele>472.000</ele>
      </trkpt>
      <trkpt lat="45.235860000" lon="5.894380000">
        <ele>470.000</ele>
      </trkpt>
      <trkpt lat="45.236190000" lon="5.894520000">
        <ele>468.000</ele>
      </trkpt>
      <trkpt lat="45.236520000" lon="5.894630000">
        <ele>466.000</ele>
      </trkpt>
      <trkpt lat="45.236710000" lon="5.894700000">
        <ele>464.000</ele>
      </trkpt>
      <trkpt lat="45.236810000" lon="5.894740000">
        <ele>463.000</ele>
      </trkpt>
      <trkpt lat="45.236940000" lon="5.894810000">
        <ele>462.000</ele>
      </trkpt>
      <trkpt lat="45.237020000" lon="5.894870000">
        <ele>461.000</ele>
      </trkpt>
      <trkpt lat="45.237100000" lon="5.894920000">
        <ele>460.000</ele>
      </trkpt>
      <trkpt lat="45.238000000" lon="5.895510000">
        <ele>457.000</ele>
      </trkpt>
      <trkpt lat="45.238250000" lon="5.895710000">
        <ele>455.000</ele>
      </trkpt>
      <trkpt lat="45.238390000" lon="5.895810000">
        <ele>452.000</ele>
      </trkpt>
      <trkpt lat="45.238480000" lon="5.895850000">
        <ele>450.000</ele>
      </trkpt>
      <trkpt lat="45.239080000" lon="5.896140000">
        <ele>447.000</ele>
      </trkpt>
      <trkpt lat="45.239320000" lon="5.896280000">
        <ele>443.000</ele>
      </trkpt>
      <trkpt lat="45.239320000" lon="5.896280000">
        <ele>441.000</ele>
      </trkpt>
      <trkpt lat="45.239890000" lon="5.896630000">
        <ele>437.000</ele>
      </trkpt>
      <trkpt lat="45.240260000" lon="5.896880000">
        <ele>432.000</ele>
      </trkpt>
      <trkpt lat="45.240320000" lon="5.896900000">
        <ele>429.000</ele>
      </trkpt>
      <trkpt lat="45.240400000" lon="5.896920000">
        <ele>426.000</ele>
      </trkpt>
      <trkpt lat="45.240880000" lon="5.896970000">
        <ele>422.000</ele>
      </trkpt>
      <trkpt lat="45.241270000" lon="5.897100000">
        <ele>417.000</ele>
      </trkpt>
      <trkpt lat="45.241670000" lon="5.897310000">
        <ele>411.000</ele>
      </trkpt>
      <trkpt lat="45.241870000" lon="5.897480000">
        <ele>406.000</ele>
      </trkpt>
      <trkpt lat="45.242150000" lon="5.897810000">
        <ele>403.000</ele>
      </trkpt>
      <trkpt lat="45.242300000" lon="5.898020000">
        <ele>399.000</ele>
      </trkpt>
      <trkpt lat="45.242360000" lon="5.898120000">
        <ele>397.000</ele>
      </trkpt>
      <trkpt lat="45.242400000" lon="5.898230000">
        <ele>395.000</ele>
      </trkpt>
      <trkpt lat="45.242420000" lon="5.898280000">
        <ele>394.000</ele>
      </trkpt>
      <trkpt lat="45.242450000" lon="5.898330000">
        <ele>393.000</ele>
      </trkpt>
      <trkpt lat="45.242500000" lon="5.898350000">
        <ele>392.000</ele>
      </trkpt>
      <trkpt lat="45.242530000" lon="5.898340000">
        <ele>391.000</ele>
      </trkpt>
      <trkpt lat="45.242560000" lon="5.898290000">
        <ele>391.000</ele>
      </trkpt>
      <trkpt lat="45.242570000" lon="5.898240000">
        <ele>390.000</ele>
      </trkpt>
      <trkpt lat="45.242560000" lon="5.898200000">
        <ele>390.000</ele>
      </trkpt>
      <trkpt lat="45.242530000" lon="5.898150000">
        <ele>390.000</ele>
      </trkpt>
      <trkpt lat="45.242440000" lon="5.898050000">
        <ele>389.000</ele>
      </trkpt>
      <trkpt lat="45.242390000" lon="5.897980000">
        <ele>388.000</ele>
      </trkpt>
      <trkpt lat="45.242300000" lon="5.897830000">
        <ele>388.000</ele>
      </trkpt>
      <trkpt lat="45.241580000" lon="5.896480000">
        <ele>384.000</ele>
      </trkpt>
      <trkpt lat="45.241300000" lon="5.895830000">
        <ele>379.000</ele>
      </trkpt>
      <trkpt lat="45.240730000" lon="5.895090000">
        <ele>372.000</ele>
      </trkpt>
      <trkpt lat="45.240030000" lon="5.894500000">
        <ele>363.000</ele>
      </trkpt>
      <trkpt lat="45.239340000" lon="5.893760000">
        <ele>356.000</ele>
      </trkpt>
      <trkpt lat="45.238540000" lon="5.892730000">
        <ele>350.000</ele>
      </trkpt>
      <trkpt lat="45.238500000" lon="5.892670000">
        <ele>346.000</ele>
      </trkpt>
      <trkpt lat="45.238000000" lon="5.891890000">
        <ele>339.000</ele>
      </trkpt>
      <trkpt lat="45.237710000" lon="5.891190000">
        <ele>332.000</ele>
      </trkpt>
      <trkpt lat="45.237600000" lon="5.890930000">
        <ele>326.000</ele>
      </trkpt>
      <trkpt lat="45.237430000" lon="5.890720000">
        <ele>321.000</ele>
      </trkpt>
      <trkpt lat="45.237090000" lon="5.890310000">
        <ele>316.000</ele>
      </trkpt>
      <trkpt lat="45.237000000" lon="5.890210000">
        <ele>312.000</ele>
      </trkpt>
      <trkpt lat="45.236720000" lon="5.889890000">
        <ele>309.000</ele>
      </trkpt>
      <trkpt lat="45.236560000" lon="5.889640000">
        <ele>305.000</ele>
      </trkpt>
      <trkpt lat="45.236380000" lon="5.889380000">
        <ele>302.000</ele>
      </trkpt>
      <trkpt lat="45.236040000" lon="5.888900000">
        <ele>299.000</ele>
      </trkpt>
      <trkpt lat="45.235180000" lon="5.888120000">
        <ele>292.000</ele>
      </trkpt>
      <trkpt lat="45.235120000" lon="5.888060000">
        <ele>288.000</ele>
      </trkpt>
      <trkpt lat="45.234400000" lon="5.887300000">
        <ele>281.000</ele>
      </trkpt>
      <trkpt lat="45.234390000" lon="5.887280000">
        <ele>276.000</ele>
      </trkpt>
      <trkpt lat="45.234360000" lon="5.887240000">
        <ele>273.000</ele>
      </trkpt>
      <trkpt lat="45.234320000" lon="5.887140000">
        <ele>271.000</ele>
      </trkpt>
      <trkpt lat="45.234210000" lon="5.886720000">
        <ele>268.000</ele>
      </trkpt>
      <trkpt lat="45.234110000" lon="5.886380000">
        <ele>265.000</ele>
      </trkpt>
      <trkpt lat="45.234050000" lon="5.886270000">
        <ele>263.000</ele>
      </trkpt>
      <trkpt lat="45.233790000" lon="5.886000000">
        <ele>261.000</ele>
      </trkpt>
      <trkpt lat="45.233660000" lon="5.885850000">
        <ele>258.000</ele>
      </trkpt>
      <trkpt lat="45.233210000" lon="5.885370000">
        <ele>255.000</ele>
      </trkpt>
      <trkpt lat="45.232990000" lon="5.885100000">
        <ele>252.000</ele>
      </trkpt>
      <trkpt lat="45.232910000" lon="5.884960000">
        <ele>250.000</ele>
      </trkpt>
      <trkpt lat="45.232860000" lon="5.884820000">
        <ele>248.000</ele>
      </trkpt>
      <trkpt lat="45.232820000" lon="5.884640000">
        <ele>247.000</ele>
      </trkpt>
      <trkpt lat="45.232800000" lon="5.884370000">
        <ele>245.000</ele>
      </trkpt>
      <trkpt lat="45.232810000" lon="5.884120000">
        <ele>244.000</ele>
      </trkpt>
      <trkpt lat="45.232830000" lon="5.884090000">
        <ele>243.000</ele>
      </trkpt>
      <trkpt lat="45.232920000" lon="5.883900000">
        <ele>242.000</ele>
      </trkpt>
      <trkpt lat="45.233180000" lon="5.883610000">
        <ele>241.000</ele>
      </trkpt>
      <trkpt lat="45.233280000" lon="5.883510000">
        <ele>240.000</ele>
      </trkpt>
      <trkpt lat="45.233500000" lon="5.883230000">
        <ele>239.000</ele>
      </trkpt>
      <trkpt lat="45.233610000" lon="5.883100000">
        <ele>238.000</ele>
      </trkpt>
      <trkpt lat="45.233710000" lon="5.882970000">
        <ele>237.000</ele>
      </trkpt>
      <trkpt lat="45.233860000" lon="5.882770000">
        <ele>236.000</ele>
      </trkpt>
      <trkpt lat="45.233920000" lon="5.882700000">
        <ele>236.000</ele>
      </trkpt>
      <trkpt lat="45.233930000" lon="5.882670000">
        <ele>236.000</ele>
      </trkpt>
      <trkpt lat="45.233990000" lon="5.882590000">
        <ele>235.000</ele>
      </trkpt>
      <trkpt lat="45.233920000" lon="5.882450000">
        <ele>235.000</ele>
      </trkpt>
      <trkpt lat="45.233900000" lon="5.882420000">
        <ele>235.000</ele>
      </trkpt>
      <trkpt lat="45.233700000" lon="5.882060000">
        <ele>234.000</ele>
      </trkpt>
      <trkpt lat="45.233690000" lon="5.882030000">
        <ele>234.000</ele>
      </trkpt>
      <trkpt lat="45.233690000" lon="5.882030000">
        <ele>233.000</ele>
      </trkpt>
      <trkpt lat="45.233630000" lon="5.881930000">
        <ele>233.000</ele>
      </trkpt>
      <trkpt lat="45.233550000" lon="5.881760000">
        <ele>233.000</ele>
      </trkpt>
      <trkpt lat="45.233530000" lon="5.881720000">
        <ele>233.000</ele>
      </trkpt>
      <trkpt lat="45.233470000" lon="5.881610000">
        <ele>232.000</ele>
      </trkpt>
      <trkpt lat="45.233410000" lon="5.881510000">
        <ele>232.000</ele>
      </trkpt>
      <trkpt lat="45.233390000" lon="5.881470000">
        <ele>232.000</ele>
      </trkpt>
      <trkpt lat="45.233360000" lon="5.881420000">
        <ele>232.000</ele>
      </trkpt>
      <trkpt lat="45.233300000" lon="5.881360000">
        <ele>231.000</ele>
      </trkpt>
      <trkpt lat="45.233160000" lon="5.881200000">
        <ele>231.000</ele>
      </trkpt>
      <trkpt lat="45.232620000" lon="5.880620000">
        <ele>231.000</ele>
      </trkpt>
      <trkpt lat="45.232220000" lon="5.880180000">
        <ele>230.000</ele>
      </trkpt>
      <trkpt lat="45.232180000" lon="5.880140000">
        <ele>230.000</ele>
      </trkpt>
      <trkpt lat="45.232020000" lon="5.879970000">
        <ele>230.000</ele>
      </trkpt>
      <trkpt lat="45.231830000" lon="5.879760000">
        <ele>229.000</ele>
      </trkpt>
      <trkpt lat="45.231720000" lon="5.879650000">
        <ele>229.000</ele>
      </trkpt>
      <trkpt lat="45.231640000" lon="5.879560000">
        <ele>229.000</ele>
      </trkpt>
      <trkpt lat="45.231460000" lon="5.879360000">
        <ele>228.000</ele>
      </trkpt>
      <trkpt lat="45.231380000" lon="5.879290000">
        <ele>228.000</ele>
      </trkpt>
      <trkpt lat="45.231290000" lon="5.879190000">
        <ele>228.000</ele>
      </trkpt>
      <trkpt lat="45.231240000" lon="5.879140000">
        <ele>227.000</ele>
      </trkpt>
      <trkpt lat="45.230530000" lon="5.878390000">
        <ele>226.000</ele>
      </trkpt>
      <trkpt lat="45.230410000" lon="5.878260000">
        <ele>226.000</ele>
      </trkpt>
      <trkpt lat="45.230380000" lon="5.878220000">
        <ele>225.000</ele>
      </trkpt>
      <trkpt lat="45.230250000" lon="5.878070000">
        <ele>225.000</ele>
      </trkpt>
      <trkpt lat="45.230170000" lon="5.877990000">
        <ele>224.000</ele>
      </trkpt>
      <trkpt lat="45.229800000" lon="5.877580000">
        <ele>224.000</ele>
      </trkpt>
      <trkpt lat="45.229670000" lon="5.877440000">
        <ele>224.000</ele>
      </trkpt>
      <trkpt lat="45.229610000" lon="5.877370000">
        <ele>224.000</ele>
      </trkpt>
      <trkpt lat="45.229430000" lon="5.877170000">
        <ele>224.000</ele>
      </trkpt>
      <trkpt lat="45.229270000" lon="5.876980000">
        <ele>224.000</ele>
      </trkpt>
      <trkpt lat="45.229230000" lon="5.876940000">
        <ele>224.000</ele>
      </trkpt>
      <trkpt lat="45.229100000" lon="5.876820000">
        <ele>224.000</ele>
      </trkpt>
      <trkpt lat="45.228930000" lon="5.876640000">
        <ele>224.000</ele>
      </trkpt>
      <trkpt lat="45.228790000" lon="5.876500000">
        <ele>224.000</ele>
      </trkpt>
      <trkpt lat="45.228020000" lon="5.875680000">
        <ele>224.000</ele>
      </trkpt>
      <trkpt lat="45.227850000" lon="5.875500000">
        <ele>224.000</ele>
      </trkpt>
      <trkpt lat="45.227330000" lon="5.874920000">
        <ele>224.000</ele>
      </trkpt>
      <trkpt lat="45.227240000" lon="5.874840000">
        <ele>223.000</ele>
      </trkpt>
      <trkpt lat="45.227170000" lon="5.874770000">
        <ele>223.000</ele>
      </trkpt>
      <trkpt lat="45.226960000" lon="5.874540000">
        <ele>223.000</ele>
      </trkpt>
      <trkpt lat="45.226910000" lon="5.874440000">
        <ele>222.000</ele>
      </trkpt>
      <trkpt lat="45.226860000" lon="5.874340000">
        <ele>222.000</ele>
      </trkpt>
      <trkpt lat="45.226820000" lon="5.874240000">
        <ele>222.000</ele>
      </trkpt>
      <trkpt lat="45.226800000" lon="5.874160000">
        <ele>222.000</ele>
      </trkpt>
      <trkpt lat="45.226740000" lon="5.873940000">
        <ele>221.000</ele>
      </trkpt>
      <trkpt lat="45.226720000" lon="5.873740000">
        <ele>221.000</ele>
      </trkpt>
      <trkpt lat="45.226710000" lon="5.873590000">
        <ele>220.000</ele>
      </trkpt>
      <trkpt lat="45.226720000" lon="5.873520000">
        <ele>220.000</ele>
      </trkpt>
      <trkpt lat="45.226750000" lon="5.873450000">
        <ele>220.000</ele>
      </trkpt>
      <trkpt lat="45.226760000" lon="5.873370000">
        <ele>220.000</ele>
      </trkpt>
      <trkpt lat="45.226760000" lon="5.873280000">
        <ele>219.000</ele>
      </trkpt>
      <trkpt lat="45.226740000" lon="5.873200000">
        <ele>219.000</ele>
      </trkpt>
      <trkpt lat="45.226700000" lon="5.873150000">
        <ele>219.000</ele>
      </trkpt>
      <trkpt lat="45.226700000" lon="5.873060000">
        <ele>219.000</ele>
      </trkpt>
      <trkpt lat="45.226730000" lon="5.872690000">
        <ele>218.000</ele>
      </trkpt>
      <trkpt lat="45.226780000" lon="5.872490000">
        <ele>218.000</ele>
      </trkpt>
      <trkpt lat="45.226800000" lon="5.872380000">
        <ele>218.000</ele>
      </trkpt>
      <trkpt lat="45.226910000" lon="5.872040000">
        <ele>218.000</ele>
      </trkpt>
      <trkpt lat="45.227000000" lon="5.871790000">
        <ele>218.000</ele>
      </trkpt>
      <trkpt lat="45.227060000" lon="5.871660000">
        <ele>218.000</ele>
      </trkpt>
      <trkpt lat="45.227120000" lon="5.871530000">
        <ele>219.000</ele>
      </trkpt>
      <trkpt lat="45.227190000" lon="5.871390000">
        <ele>219.000</ele>
      </trkpt>
      <trkpt lat="45.227270000" lon="5.871270000">
        <ele>219.000</ele>
      </trkpt>
      <trkpt lat="45.227430000" lon="5.871030000">
        <ele>219.000</ele>
      </trkpt>
      <trkpt lat="45.227830000" lon="5.870510000">
        <ele>220.000</ele>
      </trkpt>
      <trkpt lat="45.228000000" lon="5.870290000">
        <ele>220.000</ele>
      </trkpt>
      <trkpt lat="45.228440000" lon="5.869770000">
        <ele>220.000</ele>
      </trkpt>
      <trkpt lat="45.228680000" lon="5.869440000">
        <ele>220.000</ele>
      </trkpt>
      <trkpt lat="45.228820000" lon="5.869230000">
        <ele>220.000</ele>
      </trkpt>
      <trkpt lat="45.228960000" lon="5.869010000">
        <ele>220.000</ele>
      </trkpt>
      <trkpt lat="45.229080000" lon="5.868800000">
        <ele>220.000</ele>
      </trkpt>
      <trkpt lat="45.229200000" lon="5.868570000">
        <ele>220.000</ele>
      </trkpt>
      <trkpt lat="45.229310000" lon="5.868360000">
        <ele>220.000</ele>
      </trkpt>
      <trkpt lat="45.229410000" lon="5.868130000">
        <ele>220.000</ele>
      </trkpt>
      <trkpt lat="45.229500000" lon="5.867910000">
        <ele>220.000</ele>
      </trkpt>
      <trkpt lat="45.229600000" lon="5.867670000">
        <ele>220.000</ele>
      </trkpt>
      <trkpt lat="45.229670000" lon="5.867470000">
        <ele>220.000</ele>
      </trkpt>
      <trkpt lat="45.229740000" lon="5.867240000">
        <ele>220.000</ele>
      </trkpt>
      <trkpt lat="45.229810000" lon="5.867010000">
        <ele>220.000</ele>
      </trkpt>
      <trkpt lat="45.229870000" lon="5.866770000">
        <ele>220.000</ele>
      </trkpt>
      <trkpt lat="45.229950000" lon="5.866470000">
        <ele>220.000</ele>
      </trkpt>
      <trkpt lat="45.230020000" lon="5.866140000">
        <ele>220.000</ele>
      </trkpt>
      <trkpt lat="45.230070000" lon="5.865820000">
        <ele>220.000</ele>
      </trkpt>
      <trkpt lat="45.230120000" lon="5.865470000">
        <ele>221.000</ele>
      </trkpt>
      <trkpt lat="45.230150000" lon="5.865100000">
        <ele>221.000</ele>
      </trkpt>
      <trkpt lat="45.230180000" lon="5.864750000">
        <ele>221.000</ele>
      </trkpt>
      <trkpt lat="45.230180000" lon="5.864440000">
        <ele>221.000</ele>
      </trkpt>
      <trkpt lat="45.230190000" lon="5.864240000">
        <ele>221.000</ele>
      </trkpt>
      <trkpt lat="45.230190000" lon="5.864050000">
        <ele>221.000</ele>
      </trkpt>
      <trkpt lat="45.230210000" lon="5.863830000">
        <ele>221.000</ele>
      </trkpt>
      <trkpt lat="45.230220000" lon="5.863750000">
        <ele>221.000</ele>
      </trkpt>
      <trkpt lat="45.230240000" lon="5.863730000">
        <ele>221.000</ele>
      </trkpt>
      <trkpt lat="45.230260000" lon="5.863700000">
        <ele>221.000</ele>
      </trkpt>
      <trkpt lat="45.230260000" lon="5.863680000">
        <ele>221.000</ele>
      </trkpt>
      <trkpt lat="45.230270000" lon="5.863670000">
        <ele>221.000</ele>
      </trkpt>
      <trkpt lat="45.230270000" lon="5.863630000">
        <ele>221.000</ele>
      </trkpt>
      <trkpt lat="45.230270000" lon="5.863600000">
        <ele>221.000</ele>
      </trkpt>
      <trkpt lat="45.230260000" lon="5.863560000">
        <ele>221.000</ele>
      </trkpt>
      <trkpt lat="45.230240000" lon="5.863530000">
        <ele>221.000</ele>
      </trkpt>
      <trkpt lat="45.230220000" lon="5.863510000">
        <ele>221.000</ele>
      </trkpt>
      <trkpt lat="45.230200000" lon="5.863500000">
        <ele>221.000</ele>
      </trkpt>
      <trkpt lat="45.230170000" lon="5.863340000">
        <ele>221.000</ele>
      </trkpt>
      <trkpt lat="45.230130000" lon="5.863160000">
        <ele>221.000</ele>
      </trkpt>
      <trkpt lat="45.230100000" lon="5.862780000">
        <ele>221.000</ele>
      </trkpt>
      <trkpt lat="45.230070000" lon="5.862500000">
        <ele>221.000</ele>
      </trkpt>
      <trkpt lat="45.230030000" lon="5.862240000">
        <ele>221.000</ele>
      </trkpt>
      <trkpt lat="45.229980000" lon="5.861980000">
        <ele>221.000</ele>
      </trkpt>
      <trkpt lat="45.229850000" lon="5.861280000">
        <ele>221.000</ele>
      </trkpt>
      <trkpt lat="45.229610000" lon="5.860080000">
        <ele>221.000</ele>
      </trkpt>
      <trkpt lat="45.229370000" lon="5.858820000">
        <ele>220.000</ele>
      </trkpt>
      <trkpt lat="45.229310000" lon="5.858490000">
        <ele>220.000</ele>
      </trkpt>
      <trkpt lat="45.229280000" lon="5.858190000">
        <ele>220.000</ele>
      </trkpt>
      <trkpt lat="45.229250000" lon="5.857920000">
        <ele>219.000</ele>
      </trkpt>
      <trkpt lat="45.229250000" lon="5.857620000">
        <ele>219.000</ele>
      </trkpt>
      <trkpt lat="45.229250000" lon="5.857400000">
        <ele>219.000</ele>
      </trkpt>
      <trkpt lat="45.229270000" lon="5.857200000">
        <ele>219.000</ele>
      </trkpt>
      <trkpt lat="45.229310000" lon="5.856840000">
        <ele>219.000</ele>
      </trkpt>
      <trkpt lat="45.229340000" lon="5.856630000">
        <ele>219.000</ele>
      </trkpt>
      <trkpt lat="45.229390000" lon="5.856420000">
        <ele>220.000</ele>
      </trkpt>
      <trkpt lat="45.229430000" lon="5.856230000">
        <ele>220.000</ele>
      </trkpt>
      <trkpt lat="45.229490000" lon="5.856050000">
        <ele>220.000</ele>
      </trkpt>
      <trkpt lat="45.229600000" lon="5.855760000">
        <ele>221.000</ele>
      </trkpt>
      <trkpt lat="45.229710000" lon="5.855490000">
        <ele>221.000</ele>
      </trkpt>
      <trkpt lat="45.229790000" lon="5.855340000">
        <ele>222.000</ele>
      </trkpt>
      <trkpt lat="45.229930000" lon="5.855090000">
        <ele>222.000</ele>
      </trkpt>
      <trkpt lat="45.230020000" lon="5.854910000">
        <ele>223.000</ele>
      </trkpt>
      <trkpt lat="45.230720000" lon="5.853790000">
        <ele>222.000</ele>
      </trkpt>
      <trkpt lat="45.230800000" lon="5.853660000">
        <ele>222.000</ele>
      </trkpt>
      <trkpt lat="45.230870000" lon="5.853580000">
        <ele>222.000</ele>
      </trkpt>
      <trkpt lat="45.231020000" lon="5.853440000">
        <ele>222.000</ele>
      </trkpt>
      <trkpt lat="45.231140000" lon="5.853360000">
        <ele>221.000</ele>
      </trkpt>
      <trkpt lat="45.231250000" lon="5.853300000">
        <ele>221.000</ele>
      </trkpt>
      <trkpt lat="45.231390000" lon="5.853260000">
        <ele>221.000</ele>
      </trkpt>
      <trkpt lat="45.231570000" lon="5.853260000">
        <ele>221.000</ele>
      </trkpt>
      <trkpt lat="45.231790000" lon="5.853300000">
        <ele>221.000</ele>
      </trkpt>
      <trkpt lat="45.232790000" lon="5.853610000">
        <ele>221.000</ele>
      </trkpt>
      <trkpt lat="45.233640000" lon="5.853880000">
        <ele>221.000</ele>
      </trkpt>
      <trkpt lat="45.233850000" lon="5.853950000">
        <ele>221.000</ele>
      </trkpt>
      <trkpt lat="45.233850000" lon="5.853950000">
        <ele>221.000</ele>
      </trkpt>
      <trkpt lat="45.235350000" lon="5.854410000">
        <ele>222.000</ele>
      </trkpt>
      <trkpt lat="45.235550000" lon="5.854440000">
        <ele>222.000</ele>
      </trkpt>
      <trkpt lat="45.235710000" lon="5.854430000">
        <ele>222.000</ele>
      </trkpt>
      <trkpt lat="45.235860000" lon="5.854410000">
        <ele>222.000</ele>
      </trkpt>
      <trkpt lat="45.236110000" lon="5.854380000">
        <ele>222.000</ele>
      </trkpt>
      <trkpt lat="45.236990000" lon="5.854260000">
        <ele>222.000</ele>
      </trkpt>
      <trkpt lat="45.238950000" lon="5.853990000">
        <ele>222.000</ele>
      </trkpt>
      <trkpt lat="45.239000000" lon="5.853990000">
        <ele>223.000</ele>
      </trkpt>
      <trkpt lat="45.239130000" lon="5.853970000">
        <ele>223.000</ele>
      </trkpt>
      <trkpt lat="45.239230000" lon="5.853950000">
        <ele>223.000</ele>
      </trkpt>
      <trkpt lat="45.239340000" lon="5.853900000">
        <ele>224.000</ele>
      </trkpt>
      <trkpt lat="45.239420000" lon="5.853840000">
        <ele>224.000</ele>
      </trkpt>
      <trkpt lat="45.239510000" lon="5.853760000">
        <ele>225.000</ele>
      </trkpt>
      <trkpt lat="45.239810000" lon="5.853380000">
        <ele>226.000</ele>
      </trkpt>
      <trkpt lat="45.239900000" lon="5.853260000">
        <ele>227.000</ele>
      </trkpt>
      <trkpt lat="45.239990000" lon="5.853140000">
        <ele>228.000</ele>
      </trkpt>
      <trkpt lat="45.240070000" lon="5.853020000">
        <ele>229.000</ele>
      </trkpt>
      <trkpt lat="45.240350000" lon="5.852580000">
        <ele>230.000</ele>
      </trkpt>
      <trkpt lat="45.240540000" lon="5.852270000">
        <ele>232.000</ele>
      </trkpt>
      <trkpt lat="45.240700000" lon="5.851980000">
        <ele>233.000</ele>
      </trkpt>
      <trkpt lat="45.240820000" lon="5.851670000">
        <ele>234.000</ele>
      </trkpt>
      <trkpt lat="45.240840000" lon="5.851560000">
        <ele>235.000</ele>
      </trkpt>
      <trkpt lat="45.240850000" lon="5.851460000">
        <ele>235.000</ele>
      </trkpt>
      <trkpt lat="45.240860000" lon="5.851320000">
        <ele>236.000</ele>
      </trkpt>
      <trkpt lat="45.240860000" lon="5.851180000">
        <ele>236.000</ele>
      </trkpt>
      <trkpt lat="45.240860000" lon="5.851120000">
        <ele>237.000</ele>
      </trkpt>
      <trkpt lat="45.240850000" lon="5.851050000">
        <ele>237.000</ele>
      </trkpt>
      <trkpt lat="45.240830000" lon="5.850970000">
        <ele>237.000</ele>
      </trkpt>
      <trkpt lat="45.240810000" lon="5.850880000">
        <ele>238.000</ele>
      </trkpt>
      <trkpt lat="45.240780000" lon="5.850790000">
        <ele>238.000</ele>
      </trkpt>
      <trkpt lat="45.240750000" lon="5.850700000">
        <ele>238.000</ele>
      </trkpt>
      <trkpt lat="45.240700000" lon="5.850610000">
        <ele>238.000</ele>
      </trkpt>
      <trkpt lat="45.240650000" lon="5.850540000">
        <ele>239.000</ele>
      </trkpt>
      <trkpt lat="45.240580000" lon="5.850470000">
        <ele>239.000</ele>
      </trkpt>
      <trkpt lat="45.240450000" lon="5.850350000">
        <ele>239.000</ele>
      </trkpt>
      <trkpt lat="45.240280000" lon="5.850200000">
        <ele>240.000</ele>
      </trkpt>
      <trkpt lat="45.240010000" lon="5.849910000">
        <ele>240.000</ele>
      </trkpt>
      <trkpt lat="45.239970000" lon="5.849840000">
        <ele>240.000</ele>
      </trkpt>
      <trkpt lat="45.239940000" lon="5.849760000">
        <ele>240.000</ele>
      </trkpt>
      <trkpt lat="45.239930000" lon="5.849720000">
        <ele>240.000</ele>
      </trkpt>
      <trkpt lat="45.239920000" lon="5.849670000">
        <ele>240.000</ele>
      </trkpt>
      <trkpt lat="45.239900000" lon="5.849620000">
        <ele>240.000</ele>
      </trkpt>
      <trkpt lat="45.239870000" lon="5.849570000">
        <ele>240.000</ele>
      </trkpt>
      <trkpt lat="45.239840000" lon="5.849530000">
        <ele>240.000</ele>
      </trkpt>
      <trkpt lat="45.239800000" lon="5.849500000">
        <ele>240.000</ele>
      </trkpt>
      <trkpt lat="45.239760000" lon="5.849490000">
        <ele>240.000</ele>
      </trkpt>
      <trkpt lat="45.239710000" lon="5.849490000">
        <ele>240.000</ele>
      </trkpt>
      <trkpt lat="45.239670000" lon="5.849500000">
        <ele>240.000</ele>
      </trkpt>
      <trkpt lat="45.239600000" lon="5.849480000">
        <ele>240.000</ele>
      </trkpt>
      <trkpt lat="45.239530000" lon="5.849430000">
        <ele>240.000</ele>
      </trkpt>
      <trkpt lat="45.239430000" lon="5.849300000">
        <ele>240.000</ele>
      </trkpt>
      <trkpt lat="45.239370000" lon="5.849210000">
        <ele>240.000</ele>
      </trkpt>
      <trkpt lat="45.239240000" lon="5.848950000">
        <ele>240.000</ele>
      </trkpt>
      <trkpt lat="45.239200000" lon="5.848720000">
        <ele>240.000</ele>
      </trkpt>
      <trkpt lat="45.239190000" lon="5.848570000">
        <ele>240.000</ele>
      </trkpt>
      <trkpt lat="45.239190000" lon="5.848430000">
        <ele>240.000</ele>
      </trkpt>
      <trkpt lat="45.239210000" lon="5.848260000">
        <ele>240.000</ele>
      </trkpt>
      <trkpt lat="45.239230000" lon="5.848170000">
        <ele>240.000</ele>
      </trkpt>
      <trkpt lat="45.239250000" lon="5.848090000">
        <ele>240.000</ele>
      </trkpt>
      <trkpt lat="45.239290000" lon="5.847970000">
        <ele>240.000</ele>
      </trkpt>
      <trkpt lat="45.239330000" lon="5.847880000">
        <ele>240.000</ele>
      </trkpt>
      <trkpt lat="45.239370000" lon="5.847770000">
        <ele>241.000</ele>
      </trkpt>
      <trkpt lat="45.239410000" lon="5.847700000">
        <ele>241.000</ele>
      </trkpt>
      <trkpt lat="45.239500000" lon="5.847580000">
        <ele>241.000</ele>
      </trkpt>
      <trkpt lat="45.239510000" lon="5.847570000">
        <ele>241.000</ele>
      </trkpt>
      <trkpt lat="45.239580000" lon="5.847500000">
        <ele>242.000</ele>
      </trkpt>
      <trkpt lat="45.239750000" lon="5.847370000">
        <ele>242.000</ele>
      </trkpt>
      <trkpt lat="45.240280000" lon="5.847000000">
        <ele>243.000</ele>
      </trkpt>
      <trkpt lat="45.240350000" lon="5.846950000">
        <ele>243.000</ele>
      </trkpt>
      <trkpt lat="45.240450000" lon="5.846930000">
        <ele>244.000</ele>
      </trkpt>
      <trkpt lat="45.240570000" lon="5.846920000">
        <ele>245.000</ele>
      </trkpt>
      <trkpt lat="45.240670000" lon="5.846950000">
        <ele>245.000</ele>
      </trkpt>
      <trkpt lat="45.240700000" lon="5.846970000">
        <ele>246.000</ele>
      </trkpt>
      <trkpt lat="45.240740000" lon="5.846980000">
        <ele>246.000</ele>
      </trkpt>
      <trkpt lat="45.240790000" lon="5.846980000">
        <ele>246.000</ele>
      </trkpt>
      <trkpt lat="45.240830000" lon="5.846960000">
        <ele>247.000</ele>
      </trkpt>
      <trkpt lat="45.240860000" lon="5.846950000">
        <ele>247.000</ele>
      </trkpt>
      <trkpt lat="45.240890000" lon="5.846920000">
        <ele>247.000</ele>
      </trkpt>
      <trkpt lat="45.240920000" lon="5.846890000">
        <ele>247.000</ele>
      </trkpt>
      <trkpt lat="45.240940000" lon="5.846860000">
        <ele>248.000</ele>
      </trkpt>
      <trkpt lat="45.240960000" lon="5.846820000">
        <ele>248.000</ele>
      </trkpt>
      <trkpt lat="45.240970000" lon="5.846770000">
        <ele>248.000</ele>
      </trkpt>
      <trkpt lat="45.240980000" lon="5.846720000">
        <ele>248.000</ele>
      </trkpt>
      <trkpt lat="45.240980000" lon="5.846680000">
        <ele>249.000</ele>
      </trkpt>
      <trkpt lat="45.240980000" lon="5.846630000">
        <ele>249.000</ele>
      </trkpt>
      <trkpt lat="45.241000000" lon="5.846480000">
        <ele>249.000</ele>
      </trkpt>
      <trkpt lat="45.241040000" lon="5.846380000">
        <ele>250.000</ele>
      </trkpt>
      <trkpt lat="45.241100000" lon="5.846290000">
        <ele>250.000</ele>
      </trkpt>
      <trkpt lat="45.241200000" lon="5.846160000">
        <ele>251.000</ele>
      </trkpt>
      <trkpt lat="45.241320000" lon="5.846110000">
        <ele>251.000</ele>
      </trkpt>
      <trkpt lat="45.241430000" lon="5.846050000">
        <ele>252.000</ele>
      </trkpt>
      <trkpt lat="45.241550000" lon="5.845980000">
        <ele>253.000</ele>
      </trkpt>
      <trkpt lat="45.241630000" lon="5.845900000">
        <ele>254.000</ele>
      </trkpt>
      <trkpt lat="45.241690000" lon="5.845830000">
        <ele>254.000</ele>
      </trkpt>
      <trkpt lat="45.241750000" lon="5.845770000">
        <ele>255.000</ele>
      </trkpt>
      <trkpt lat="45.241880000" lon="5.845630000">
        <ele>256.000</ele>
      </trkpt>
      <trkpt lat="45.241930000" lon="5.845560000">
        <ele>256.000</ele>
      </trkpt>
      <trkpt lat="45.242020000" lon="5.845460000">
        <ele>257.000</ele>
      </trkpt>
      <trkpt lat="45.242330000" lon="5.845020000">
        <ele>257.000</ele>
      </trkpt>
      <trkpt lat="45.242450000" lon="5.844830000">
        <ele>258.000</ele>
      </trkpt>
      <trkpt lat="45.242490000" lon="5.844750000">
        <ele>258.000</ele>
      </trkpt>
      <trkpt lat="45.242590000" lon="5.844610000">
        <ele>258.000</ele>
      </trkpt>
      <trkpt lat="45.242700000" lon="5.844470000">
        <ele>259.000</ele>
      </trkpt>
      <trkpt lat="45.242740000" lon="5.844410000">
        <ele>259.000</ele>
      </trkpt>
      <trkpt lat="45.242800000" lon="5.844350000">
        <ele>259.000</ele>
      </trkpt>
      <trkpt lat="45.242880000" lon="5.844270000">
        <ele>259.000</ele>
      </trkpt>
      <trkpt lat="45.242860000" lon="5.844150000">
        <ele>259.000</ele>
      </trkpt>
      <trkpt lat="45.242810000" lon="5.843940000">
        <ele>260.000</ele>
      </trkpt>
      <trkpt lat="45.242780000" lon="5.843840000">
        <ele>260.000</ele>
      </trkpt>
      <trkpt lat="45.242730000" lon="5.843740000">
        <ele>260.000</ele>
      </trkpt>
      <trkpt lat="45.242640000" lon="5.843520000">
        <ele>260.000</ele>
      </trkpt>
      <trkpt lat="45.242370000" lon="5.842980000">
        <ele>260.000</ele>
      </trkpt>
      <trkpt lat="45.242010000" lon="5.842300000">
        <ele>260.000</ele>
      </trkpt>
      <trkpt lat="45.241770000" lon="5.841880000">
        <ele>260.000</ele>
      </trkpt>
      <trkpt lat="45.241450000" lon="5.841310000">
        <ele>260.000</ele>
      </trkpt>
      <trkpt lat="45.241410000" lon="5.841210000">
        <ele>260.000</ele>
      </trkpt>
      <trkpt lat="45.241380000" lon="5.841110000">
        <ele>261.000</ele>
      </trkpt>
      <trkpt lat="45.241270000" lon="5.840550000">
        <ele>261.000</ele>
      </trkpt>
      <trkpt lat="45.241270000" lon="5.840530000">
        <ele>261.000</ele>
      </trkpt>
      <trkpt lat="45.241260000" lon="5.840500000">
        <ele>261.000</ele>
      </trkpt>
      <trkpt lat="45.241230000" lon="5.840390000">
        <ele>261.000</ele>
      </trkpt>
      <trkpt lat="45.241210000" lon="5.840340000">
        <ele>261.000</ele>
      </trkpt>
      <trkpt lat="45.241200000" lon="5.840300000">
        <ele>261.000</ele>
      </trkpt>
      <trkpt lat="45.241160000" lon="5.840230000">
        <ele>261.000</ele>
      </trkpt>
      <trkpt lat="45.241130000" lon="5.840140000">
        <ele>261.000</ele>
      </trkpt>
      <trkpt lat="45.241030000" lon="5.839860000">
        <ele>261.000</ele>
      </trkpt>
      <trkpt lat="45.241020000" lon="5.839790000">
        <ele>262.000</ele>
      </trkpt>
      <trkpt lat="45.241010000" lon="5.839720000">
        <ele>262.000</ele>
      </trkpt>
      <trkpt lat="45.241030000" lon="5.839390000">
        <ele>262.000</ele>
      </trkpt>
      <trkpt lat="45.241040000" lon="5.839350000">
        <ele>262.000</ele>
      </trkpt>
      <trkpt lat="45.241030000" lon="5.839210000">
        <ele>262.000</ele>
      </trkpt>
      <trkpt lat="45.241030000" lon="5.839160000">
        <ele>262.000</ele>
      </trkpt>
      <trkpt lat="45.240980000" lon="5.838890000">
        <ele>262.000</ele>
      </trkpt>
      <trkpt lat="45.240890000" lon="5.838600000">
        <ele>262.000</ele>
      </trkpt>
      <trkpt lat="45.240760000" lon="5.838170000">
        <ele>263.000</ele>
      </trkpt>
      <trkpt lat="45.240700000" lon="5.838030000">
        <ele>263.000</ele>
      </trkpt>
      <trkpt lat="45.240580000" lon="5.837750000">
        <ele>263.000</ele>
      </trkpt>
      <trkpt lat="45.239960000" lon="5.836590000">
        <ele>264.000</ele>
      </trkpt>
      <trkpt lat="45.239920000" lon="5.836520000">
        <ele>265.000</ele>
      </trkpt>
      <trkpt lat="45.239920000" lon="5.836520000">
        <ele>265.000</ele>
      </trkpt>
      <trkpt lat="45.239200000" lon="5.835210000">
        <ele>266.000</ele>
      </trkpt>
      <trkpt lat="45.239190000" lon="5.835190000">
        <ele>266.000</ele>
      </trkpt>
      <trkpt lat="45.239060000" lon="5.834950000">
        <ele>267.000</ele>
      </trkpt>
      <trkpt lat="45.238580000" lon="5.834090000">
        <ele>267.000</ele>
      </trkpt>
      <trkpt lat="45.238450000" lon="5.833870000">
        <ele>268.000</ele>
      </trkpt>
      <trkpt lat="45.238020000" lon="5.833200000">
        <ele>269.000</ele>
      </trkpt>
      <trkpt lat="45.237990000" lon="5.833140000">
        <ele>270.000</ele>
      </trkpt>
      <trkpt lat="45.237970000" lon="5.833100000">
        <ele>270.000</ele>
      </trkpt>
      <trkpt lat="45.237960000" lon="5.833070000">
        <ele>270.000</ele>
      </trkpt>
      <trkpt lat="45.237960000" lon="5.832980000">
        <ele>271.000</ele>
      </trkpt>
      <trkpt lat="45.237970000" lon="5.832910000">
        <ele>271.000</ele>
      </trkpt>
      <trkpt lat="45.237980000" lon="5.832790000">
        <ele>271.000</ele>
      </trkpt>
      <trkpt lat="45.238050000" lon="5.832510000">
        <ele>271.000</ele>
      </trkpt>
      <trkpt lat="45.238200000" lon="5.832590000">
        <ele>272.000</ele>
      </trkpt>
      <trkpt lat="45.238360000" lon="5.832650000">
        <ele>272.000</ele>
      </trkpt>
      <trkpt lat="45.238510000" lon="5.832690000">
        <ele>273.000</ele>
      </trkpt>
      <trkpt lat="45.238700000" lon="5.832730000">
        <ele>273.000</ele>
      </trkpt>
      <trkpt lat="45.238880000" lon="5.832740000">
        <ele>274.000</ele>
      </trkpt>
      <trkpt lat="45.239050000" lon="5.832720000">
        <ele>275.000</ele>
      </trkpt>
      <trkpt lat="45.239230000" lon="5.832690000">
        <ele>276.000</ele>
      </trkpt>
      <trkpt lat="45.239410000" lon="5.832630000">
        <ele>276.000</ele>
      </trkpt>
      <trkpt lat="45.239580000" lon="5.832510000">
        <ele>277.000</ele>
      </trkpt>
      <trkpt lat="45.239820000" lon="5.832380000">
        <ele>278.000</ele>
      </trkpt>
      <trkpt lat="45.239980000" lon="5.832260000">
        <ele>279.000</ele>
      </trkpt>
      <trkpt lat="45.240130000" lon="5.832110000">
        <ele>280.000</ele>
      </trkpt>
      <trkpt lat="45.240330000" lon="5.831900000">
        <ele>281.000</ele>
      </trkpt>
      <trkpt lat="45.241070000" lon="5.831090000">
        <ele>285.000</ele>
      </trkpt>
      <trkpt lat="45.241240000" lon="5.830960000">
        <ele>288.000</ele>
      </trkpt>
      <trkpt lat="45.241310000" lon="5.830890000">
        <ele>290.000</ele>
      </trkpt>
      <trkpt lat="45.241630000" lon="5.830490000">
        <ele>292.000</ele>
      </trkpt>
      <trkpt lat="45.241790000" lon="5.830300000">
        <ele>295.000</ele>
      </trkpt>
      <trkpt lat="45.241840000" lon="5.830230000">
        <ele>296.000</ele>
      </trkpt>
      <trkpt lat="45.242080000" lon="5.829850000">
        <ele>298.000</ele>
      </trkpt>
      <trkpt lat="45.242140000" lon="5.829750000">
        <ele>300.000</ele>
      </trkpt>
      <trkpt lat="45.242220000" lon="5.829640000">
        <ele>301.000</ele>
      </trkpt>
      <trkpt lat="45.242300000" lon="5.829560000">
        <ele>302.000</ele>
      </trkpt>
      <trkpt lat="45.242370000" lon="5.829470000">
        <ele>303.000</ele>
      </trkpt>
      <trkpt lat="45.242420000" lon="5.829410000">
        <ele>304.000</ele>
      </trkpt>
      <trkpt lat="45.242570000" lon="5.829210000">
        <ele>305.000</ele>
      </trkpt>
      <trkpt lat="45.242720000" lon="5.828990000">
        <ele>306.000</ele>
      </trkpt>
      <trkpt lat="45.242880000" lon="5.828760000">
        <ele>307.000</ele>
      </trkpt>
      <trkpt lat="45.242880000" lon="5.828760000">
        <ele>308.000</ele>
      </trkpt>
      <trkpt lat="45.242880000" lon="5.828750000">
        <ele>308.000</ele>
      </trkpt>
      <trkpt lat="45.243000000" lon="5.828610000">
        <ele>309.000</ele>
      </trkpt>
      <trkpt lat="45.243060000" lon="5.828550000">
        <ele>310.000</ele>
      </trkpt>
      <trkpt lat="45.243120000" lon="5.828490000">
        <ele>310.000</ele>
      </trkpt>
      <trkpt lat="45.243200000" lon="5.828410000">
        <ele>311.000</ele>
      </trkpt>
      <trkpt lat="45.243320000" lon="5.828260000">
        <ele>312.000</ele>
      </trkpt>
      <trkpt lat="45.243510000" lon="5.828040000">
        <ele>312.000</ele>
      </trkpt>
      <trkpt lat="45.243580000" lon="5.827960000">
        <ele>313.000</ele>
      </trkpt>
      <trkpt lat="45.243830000" lon="5.827770000">
        <ele>314.000</ele>
      </trkpt>
      <trkpt lat="45.243930000" lon="5.827700000">
        <ele>315.000</ele>
      </trkpt>
      <trkpt lat="45.244000000" lon="5.827660000">
        <ele>316.000</ele>
      </trkpt>
      <trkpt lat="45.244060000" lon="5.827640000">
        <ele>316.000</ele>
      </trkpt>
      <trkpt lat="45.244110000" lon="5.827740000">
        <ele>317.000</ele>
      </trkpt>
      <trkpt lat="45.244210000" lon="5.827920000">
        <ele>318.000</ele>
      </trkpt>
      <trkpt lat="45.244320000" lon="5.828130000">
        <ele>318.000</ele>
      </trkpt>
      <trkpt lat="45.244500000" lon="5.828430000">
        <ele>319.000</ele>
      </trkpt>
      <trkpt lat="45.244670000" lon="5.828660000">
        <ele>320.000</ele>
      </trkpt>
      <trkpt lat="45.244770000" lon="5.828850000">
        <ele>321.000</ele>
      </trkpt>
      <trkpt lat="45.245070000" lon="5.829450000">
        <ele>321.000</ele>
      </trkpt>
      <trkpt lat="45.245120000" lon="5.829540000">
        <ele>321.000</ele>
      </trkpt>
      <trkpt lat="45.245510000" lon="5.830250000">
        <ele>322.000</ele>
      </trkpt>
      <trkpt lat="45.245560000" lon="5.830330000">
        <ele>322.000</ele>
      </trkpt>
      <trkpt lat="45.245660000" lon="5.830530000">
        <ele>322.000</ele>
      </trkpt>
      <trkpt lat="45.245750000" lon="5.830700000">
        <ele>322.000</ele>
      </trkpt>
      <trkpt lat="45.245790000" lon="5.830770000">
        <ele>322.000</ele>
      </trkpt>
      <trkpt lat="45.245920000" lon="5.831000000">
        <ele>322.000</ele>
      </trkpt>
      <trkpt lat="45.245940000" lon="5.831020000">
        <ele>322.000</ele>
      </trkpt>
      <trkpt lat="45.245950000" lon="5.831040000">
        <ele>322.000</ele>
      </trkpt>
      <trkpt lat="45.245980000" lon="5.831090000">
        <ele>322.000</ele>
      </trkpt>
      <trkpt lat="45.246000000" lon="5.831150000">
        <ele>322.000</ele>
      </trkpt>
      <trkpt lat="45.246100000" lon="5.831300000">
        <ele>322.000</ele>
      </trkpt>
      <trkpt lat="45.246160000" lon="5.831390000">
        <ele>322.000</ele>
      </trkpt>
      <trkpt lat="45.246230000" lon="5.831500000">
        <ele>322.000</ele>
      </trkpt>
      <trkpt lat="45.246370000" lon="5.831760000">
        <ele>322.000</ele>
      </trkpt>
      <trkpt lat="45.246480000" lon="5.831920000">
        <ele>321.000</ele>
      </trkpt>
      <trkpt lat="45.246690000" lon="5.832250000">
        <ele>321.000</ele>
      </trkpt>
      <trkpt lat="45.246870000" lon="5.832530000">
        <ele>321.000</ele>
      </trkpt>
      <trkpt lat="45.246890000" lon="5.832560000">
        <ele>321.000</ele>
      </trkpt>
      <trkpt lat="45.247040000" lon="5.832790000">
        <ele>321.000</ele>
      </trkpt>
      <trkpt lat="45.247100000" lon="5.832890000">
        <ele>321.000</ele>
      </trkpt>
      <trkpt lat="45.247450000" lon="5.833420000">
        <ele>320.000</ele>
      </trkpt>
      <trkpt lat="45.247500000" lon="5.833510000">
        <ele>320.000</ele>
      </trkpt>
      <trkpt lat="45.247780000" lon="5.833960000">
        <ele>320.000</ele>
      </trkpt>
      <trkpt lat="45.247820000" lon="5.834020000">
        <ele>320.000</ele>
      </trkpt>
      <trkpt lat="45.247860000" lon="5.834080000">
        <ele>320.000</ele>
      </trkpt>
      <trkpt lat="45.248190000" lon="5.834610000">
        <ele>320.000</ele>
      </trkpt>
      <trkpt lat="45.248400000" lon="5.834960000">
        <ele>320.000</ele>
      </trkpt>
      <trkpt lat="45.248430000" lon="5.834990000">
        <ele>319.000</ele>
      </trkpt>
      <trkpt lat="45.248470000" lon="5.835070000">
        <ele>319.000</ele>
      </trkpt>
      <trkpt lat="45.248540000" lon="5.835150000">
        <ele>319.000</ele>
      </trkpt>
      <trkpt lat="45.248590000" lon="5.835200000">
        <ele>319.000</ele>
      </trkpt>
      <trkpt lat="45.248920000" lon="5.835440000">
        <ele>319.000</ele>
      </trkpt>
      <trkpt lat="45.249010000" lon="5.835500000">
        <ele>318.000</ele>
      </trkpt>
      <trkpt lat="45.249290000" lon="5.835710000">
        <ele>318.000</ele>
      </trkpt>
      <trkpt lat="45.249630000" lon="5.835960000">
        <ele>318.000</ele>
      </trkpt>
      <trkpt lat="45.249730000" lon="5.836020000">
        <ele>317.000</ele>
      </trkpt>
      <trkpt lat="45.249750000" lon="5.836040000">
        <ele>317.000</ele>
      </trkpt>
      <trkpt lat="45.249850000" lon="5.836120000">
        <ele>317.000</ele>
      </trkpt>
      <trkpt lat="45.249860000" lon="5.836140000">
        <ele>317.000</ele>
      </trkpt>
      <trkpt lat="45.249930000" lon="5.836190000">
        <ele>317.000</ele>
      </trkpt>
      <trkpt lat="45.250020000" lon="5.836270000">
        <ele>318.000</ele>
      </trkpt>
      <trkpt lat="45.250090000" lon="5.836330000">
        <ele>318.000</ele>
      </trkpt>
      <trkpt lat="45.250230000" lon="5.836430000">
        <ele>319.000</ele>
      </trkpt>
      <trkpt lat="45.251130000" lon="5.837110000">
        <ele>321.000</ele>
      </trkpt>
      <trkpt lat="45.251530000" lon="5.837390000">
        <ele>324.000</ele>
      </trkpt>
      <trkpt lat="45.251590000" lon="5.837420000">
        <ele>325.000</ele>
      </trkpt>
      <trkpt lat="45.251890000" lon="5.837640000">
        <ele>327.000</ele>
      </trkpt>
    </trkseg>
  </trk>
</gpx>
