<?xml version="1.0" encoding="UTF-8"?>
<gpx version="1.0" creator="GPSBabel - https://www.gpsbabel.org" xmlns="http://www.topografix.com/GPX/1/0">
  <time>2026-05-27T10:13:57.779Z</time>
  <bounds minlat="45.680530000" minlon="6.371860000" maxlat="46.069700000" maxlon="6.634210000"/>
  <trk>
    <trkseg>
      <trkpt lat="45.710620000" lon="6.569960000">
        <ele>865.000</ele>
      </trkpt>
      <trkpt lat="45.710210000" lon="6.569350000">
        <ele>866.000</ele>
      </trkpt>
      <trkpt lat="45.709990000" lon="6.568950000">
        <ele>868.000</ele>
      </trkpt>
      <trkpt lat="45.709950000" lon="6.568840000">
        <ele>869.000</ele>
      </trkpt>
      <trkpt lat="45.709890000" lon="6.568600000">
        <ele>871.000</ele>
      </trkpt>
      <trkpt lat="45.709860000" lon="6.568530000">
        <ele>872.000</ele>
      </trkpt>
      <trkpt lat="45.709820000" lon="6.568490000">
        <ele>873.000</ele>
      </trkpt>
      <trkpt lat="45.709780000" lon="6.568490000">
        <ele>873.000</ele>
      </trkpt>
      <trkpt lat="45.709740000" lon="6.568520000">
        <ele>874.000</ele>
      </trkpt>
      <trkpt lat="45.709710000" lon="6.568550000">
        <ele>874.000</ele>
      </trkpt>
      <trkpt lat="45.709700000" lon="6.568600000">
        <ele>875.000</ele>
      </trkpt>
      <trkpt lat="45.709700000" lon="6.568670000">
        <ele>875.000</ele>
      </trkpt>
      <trkpt lat="45.709710000" lon="6.568750000">
        <ele>875.000</ele>
      </trkpt>
      <trkpt lat="45.709780000" lon="6.568950000">
        <ele>876.000</ele>
      </trkpt>
      <trkpt lat="45.709840000" lon="6.569170000">
        <ele>877.000</ele>
      </trkpt>
      <trkpt lat="45.709870000" lon="6.569290000">
        <ele>878.000</ele>
      </trkpt>
      <trkpt lat="45.709880000" lon="6.569410000">
        <ele>878.000</ele>
      </trkpt>
      <trkpt lat="45.709880000" lon="6.569660000">
        <ele>879.000</ele>
      </trkpt>
      <trkpt lat="45.709860000" lon="6.570030000">
        <ele>881.000</ele>
      </trkpt>
      <trkpt lat="45.709850000" lon="6.570360000">
        <ele>882.000</ele>
      </trkpt>
      <trkpt lat="45.709850000" lon="6.570510000">
        <ele>883.000</ele>
      </trkpt>
      <trkpt lat="45.709880000" lon="6.570640000">
        <ele>884.000</ele>
      </trkpt>
      <trkpt lat="45.709910000" lon="6.570770000">
        <ele>885.000</ele>
      </trkpt>
      <trkpt lat="45.709970000" lon="6.570920000">
        <ele>886.000</ele>
      </trkpt>
      <trkpt lat="45.710040000" lon="6.571040000">
        <ele>887.000</ele>
      </trkpt>
      <trkpt lat="45.710170000" lon="6.571210000">
        <ele>888.000</ele>
      </trkpt>
      <trkpt lat="45.710320000" lon="6.571370000">
        <ele>889.000</ele>
      </trkpt>
      <trkpt lat="45.710360000" lon="6.571420000">
        <ele>890.000</ele>
      </trkpt>
      <trkpt lat="45.710380000" lon="6.571460000">
        <ele>891.000</ele>
      </trkpt>
      <trkpt lat="45.710390000" lon="6.571510000">
        <ele>892.000</ele>
      </trkpt>
      <trkpt lat="45.710380000" lon="6.571550000">
        <ele>892.000</ele>
      </trkpt>
      <trkpt lat="45.710350000" lon="6.571610000">
        <ele>893.000</ele>
      </trkpt>
      <trkpt lat="45.710330000" lon="6.571620000">
        <ele>893.000</ele>
      </trkpt>
      <trkpt lat="45.710280000" lon="6.571620000">
        <ele>893.000</ele>
      </trkpt>
      <trkpt lat="45.710250000" lon="6.571600000">
        <ele>894.000</ele>
      </trkpt>
      <trkpt lat="45.709850000" lon="6.571250000">
        <ele>895.000</ele>
      </trkpt>
      <trkpt lat="45.709450000" lon="6.570940000">
        <ele>897.000</ele>
      </trkpt>
      <trkpt lat="45.709340000" lon="6.570850000">
        <ele>899.000</ele>
      </trkpt>
      <trkpt lat="45.709260000" lon="6.570740000">
        <ele>901.000</ele>
      </trkpt>
      <trkpt lat="45.709180000" lon="6.570620000">
        <ele>902.000</ele>
      </trkpt>
      <trkpt lat="45.709110000" lon="6.570450000">
        <ele>903.000</ele>
      </trkpt>
      <trkpt lat="45.709020000" lon="6.570210000">
        <ele>905.000</ele>
      </trkpt>
      <trkpt lat="45.708940000" lon="6.570010000">
        <ele>906.000</ele>
      </trkpt>
      <trkpt lat="45.708850000" lon="6.569850000">
        <ele>908.000</ele>
      </trkpt>
      <trkpt lat="45.708720000" lon="6.569660000">
        <ele>909.000</ele>
      </trkpt>
      <trkpt lat="45.708570000" lon="6.569500000">
        <ele>911.000</ele>
      </trkpt>
      <trkpt lat="45.707980000" lon="6.568890000">
        <ele>914.000</ele>
      </trkpt>
      <trkpt lat="45.707600000" lon="6.568510000">
        <ele>917.000</ele>
      </trkpt>
      <trkpt lat="45.707440000" lon="6.568350000">
        <ele>920.000</ele>
      </trkpt>
      <trkpt lat="45.707340000" lon="6.568250000">
        <ele>922.000</ele>
      </trkpt>
      <trkpt lat="45.707190000" lon="6.568190000">
        <ele>924.000</ele>
      </trkpt>
      <trkpt lat="45.707050000" lon="6.568180000">
        <ele>926.000</ele>
      </trkpt>
      <trkpt lat="45.706920000" lon="6.568190000">
        <ele>927.000</ele>
      </trkpt>
      <trkpt lat="45.706500000" lon="6.568210000">
        <ele>929.000</ele>
      </trkpt>
      <trkpt lat="45.706200000" lon="6.568340000">
        <ele>930.000</ele>
      </trkpt>
      <trkpt lat="45.706010000" lon="6.568400000">
        <ele>932.000</ele>
      </trkpt>
      <trkpt lat="45.705540000" lon="6.568520000">
        <ele>934.000</ele>
      </trkpt>
      <trkpt lat="45.705380000" lon="6.568540000">
        <ele>936.000</ele>
      </trkpt>
      <trkpt lat="45.705350000" lon="6.568530000">
        <ele>938.000</ele>
      </trkpt>
      <trkpt lat="45.705320000" lon="6.568520000">
        <ele>939.000</ele>
      </trkpt>
      <trkpt lat="45.704450000" lon="6.567980000">
        <ele>942.000</ele>
      </trkpt>
      <trkpt lat="45.704130000" lon="6.567830000">
        <ele>946.000</ele>
      </trkpt>
      <trkpt lat="45.703920000" lon="6.567750000">
        <ele>949.000</ele>
      </trkpt>
      <trkpt lat="45.703550000" lon="6.567690000">
        <ele>952.000</ele>
      </trkpt>
      <trkpt lat="45.703520000" lon="6.567690000">
        <ele>954.000</ele>
      </trkpt>
      <trkpt lat="45.703300000" lon="6.567650000">
        <ele>956.000</ele>
      </trkpt>
      <trkpt lat="45.702960000" lon="6.567560000">
        <ele>958.000</ele>
      </trkpt>
      <trkpt lat="45.702610000" lon="6.567450000">
        <ele>960.000</ele>
      </trkpt>
      <trkpt lat="45.702210000" lon="6.567260000">
        <ele>962.000</ele>
      </trkpt>
      <trkpt lat="45.702070000" lon="6.567180000">
        <ele>964.000</ele>
      </trkpt>
      <trkpt lat="45.701990000" lon="6.567150000">
        <ele>965.000</ele>
      </trkpt>
      <trkpt lat="45.701930000" lon="6.567140000">
        <ele>966.000</ele>
      </trkpt>
      <trkpt lat="45.701750000" lon="6.567130000">
        <ele>967.000</ele>
      </trkpt>
      <trkpt lat="45.701370000" lon="6.567120000">
        <ele>969.000</ele>
      </trkpt>
      <trkpt lat="45.701140000" lon="6.567060000">
        <ele>971.000</ele>
      </trkpt>
      <trkpt lat="45.700720000" lon="6.566960000">
        <ele>973.000</ele>
      </trkpt>
      <trkpt lat="45.700090000" lon="6.566750000">
        <ele>976.000</ele>
      </trkpt>
      <trkpt lat="45.699690000" lon="6.566650000">
        <ele>979.000</ele>
      </trkpt>
      <trkpt lat="45.699250000" lon="6.566540000">
        <ele>983.000</ele>
      </trkpt>
      <trkpt lat="45.699030000" lon="6.566490000">
        <ele>985.000</ele>
      </trkpt>
      <trkpt lat="45.698920000" lon="6.566490000">
        <ele>987.000</ele>
      </trkpt>
      <trkpt lat="45.698880000" lon="6.566480000">
        <ele>989.000</ele>
      </trkpt>
      <trkpt lat="45.698860000" lon="6.566480000">
        <ele>990.000</ele>
      </trkpt>
      <trkpt lat="45.698440000" lon="6.566490000">
        <ele>992.000</ele>
      </trkpt>
      <trkpt lat="45.698200000" lon="6.566480000">
        <ele>994.000</ele>
      </trkpt>
      <trkpt lat="45.697990000" lon="6.566420000">
        <ele>996.000</ele>
      </trkpt>
      <trkpt lat="45.697920000" lon="6.566390000">
        <ele>997.000</ele>
      </trkpt>
      <trkpt lat="45.697720000" lon="6.566370000">
        <ele>999.000</ele>
      </trkpt>
      <trkpt lat="45.697580000" lon="6.566370000">
        <ele>1000.000</ele>
      </trkpt>
      <trkpt lat="45.697450000" lon="6.566390000">
        <ele>1001.000</ele>
      </trkpt>
      <trkpt lat="45.697190000" lon="6.566450000">
        <ele>1002.000</ele>
      </trkpt>
      <trkpt lat="45.696830000" lon="6.566540000">
        <ele>1004.000</ele>
      </trkpt>
      <trkpt lat="45.696540000" lon="6.566670000">
        <ele>1006.000</ele>
      </trkpt>
      <trkpt lat="45.696260000" lon="6.566840000">
        <ele>1008.000</ele>
      </trkpt>
      <trkpt lat="45.695990000" lon="6.567040000">
        <ele>1010.000</ele>
      </trkpt>
      <trkpt lat="45.695840000" lon="6.567120000">
        <ele>1012.000</ele>
      </trkpt>
      <trkpt lat="45.695670000" lon="6.567210000">
        <ele>1013.000</ele>
      </trkpt>
      <trkpt lat="45.695420000" lon="6.567310000">
        <ele>1015.000</ele>
      </trkpt>
      <trkpt lat="45.695030000" lon="6.567520000">
        <ele>1016.000</ele>
      </trkpt>
      <trkpt lat="45.694900000" lon="6.567570000">
        <ele>1018.000</ele>
      </trkpt>
      <trkpt lat="45.694790000" lon="6.567570000">
        <ele>1019.000</ele>
      </trkpt>
      <trkpt lat="45.694670000" lon="6.567540000">
        <ele>1020.000</ele>
      </trkpt>
      <trkpt lat="45.694530000" lon="6.567420000">
        <ele>1021.000</ele>
      </trkpt>
      <trkpt lat="45.694370000" lon="6.567300000">
        <ele>1022.000</ele>
      </trkpt>
      <trkpt lat="45.694180000" lon="6.567230000">
        <ele>1023.000</ele>
      </trkpt>
      <trkpt lat="45.693500000" lon="6.567140000">
        <ele>1024.000</ele>
      </trkpt>
      <trkpt lat="45.693290000" lon="6.567130000">
        <ele>1025.000</ele>
      </trkpt>
      <trkpt lat="45.693150000" lon="6.567160000">
        <ele>1025.000</ele>
      </trkpt>
      <trkpt lat="45.692940000" lon="6.567250000">
        <ele>1026.000</ele>
      </trkpt>
      <trkpt lat="45.692670000" lon="6.567420000">
        <ele>1026.000</ele>
      </trkpt>
      <trkpt lat="45.692160000" lon="6.567650000">
        <ele>1027.000</ele>
      </trkpt>
      <trkpt lat="45.692070000" lon="6.567690000">
        <ele>1028.000</ele>
      </trkpt>
      <trkpt lat="45.691800000" lon="6.567870000">
        <ele>1028.000</ele>
      </trkpt>
      <trkpt lat="45.691520000" lon="6.568080000">
        <ele>1029.000</ele>
      </trkpt>
      <trkpt lat="45.691470000" lon="6.568100000">
        <ele>1029.000</ele>
      </trkpt>
      <trkpt lat="45.691320000" lon="6.568140000">
        <ele>1030.000</ele>
      </trkpt>
      <trkpt lat="45.691150000" lon="6.568110000">
        <ele>1030.000</ele>
      </trkpt>
      <trkpt lat="45.690930000" lon="6.568070000">
        <ele>1031.000</ele>
      </trkpt>
      <trkpt lat="45.690830000" lon="6.568070000">
        <ele>1031.000</ele>
      </trkpt>
      <trkpt lat="45.690700000" lon="6.568090000">
        <ele>1031.000</ele>
      </trkpt>
      <trkpt lat="45.690600000" lon="6.568110000">
        <ele>1032.000</ele>
      </trkpt>
      <trkpt lat="45.690430000" lon="6.568150000">
        <ele>1032.000</ele>
      </trkpt>
      <trkpt lat="45.690200000" lon="6.568220000">
        <ele>1032.000</ele>
      </trkpt>
      <trkpt lat="45.689730000" lon="6.568370000">
        <ele>1032.000</ele>
      </trkpt>
      <trkpt lat="45.689230000" lon="6.568500000">
        <ele>1032.000</ele>
      </trkpt>
      <trkpt lat="45.688510000" lon="6.568660000">
        <ele>1032.000</ele>
      </trkpt>
      <trkpt lat="45.688500000" lon="6.568660000">
        <ele>1032.000</ele>
      </trkpt>
      <trkpt lat="45.688500000" lon="6.568660000">
        <ele>1032.000</ele>
      </trkpt>
      <trkpt lat="45.688280000" lon="6.568710000">
        <ele>1032.000</ele>
      </trkpt>
      <trkpt lat="45.687820000" lon="6.568810000">
        <ele>1032.000</ele>
      </trkpt>
      <trkpt lat="45.687620000" lon="6.568850000">
        <ele>1033.000</ele>
      </trkpt>
      <trkpt lat="45.687460000" lon="6.568880000">
        <ele>1033.000</ele>
      </trkpt>
      <trkpt lat="45.687330000" lon="6.568920000">
        <ele>1033.000</ele>
      </trkpt>
      <trkpt lat="45.687190000" lon="6.568940000">
        <ele>1034.000</ele>
      </trkpt>
      <trkpt lat="45.687150000" lon="6.568940000">
        <ele>1034.000</ele>
      </trkpt>
      <trkpt lat="45.686980000" lon="6.568920000">
        <ele>1034.000</ele>
      </trkpt>
      <trkpt lat="45.686870000" lon="6.568910000">
        <ele>1034.000</ele>
      </trkpt>
      <trkpt lat="45.686850000" lon="6.568900000">
        <ele>1035.000</ele>
      </trkpt>
      <trkpt lat="45.686650000" lon="6.568870000">
        <ele>1035.000</ele>
      </trkpt>
      <trkpt lat="45.686520000" lon="6.568840000">
        <ele>1035.000</ele>
      </trkpt>
      <trkpt lat="45.686400000" lon="6.568810000">
        <ele>1036.000</ele>
      </trkpt>
      <trkpt lat="45.686330000" lon="6.568780000">
        <ele>1037.000</ele>
      </trkpt>
      <trkpt lat="45.686240000" lon="6.568760000">
        <ele>1037.000</ele>
      </trkpt>
      <trkpt lat="45.686150000" lon="6.568760000">
        <ele>1038.000</ele>
      </trkpt>
      <trkpt lat="45.685940000" lon="6.568830000">
        <ele>1038.000</ele>
      </trkpt>
      <trkpt lat="45.685800000" lon="6.568870000">
        <ele>1039.000</ele>
      </trkpt>
      <trkpt lat="45.685760000" lon="6.568870000">
        <ele>1040.000</ele>
      </trkpt>
      <trkpt lat="45.685720000" lon="6.568870000">
        <ele>1041.000</ele>
      </trkpt>
      <trkpt lat="45.685570000" lon="6.568810000">
        <ele>1041.000</ele>
      </trkpt>
      <trkpt lat="45.685440000" lon="6.568780000">
        <ele>1042.000</ele>
      </trkpt>
      <trkpt lat="45.685410000" lon="6.568790000">
        <ele>1043.000</ele>
      </trkpt>
      <trkpt lat="45.685380000" lon="6.568820000">
        <ele>1043.000</ele>
      </trkpt>
      <trkpt lat="45.685350000" lon="6.568900000">
        <ele>1043.000</ele>
      </trkpt>
      <trkpt lat="45.685340000" lon="6.568950000">
        <ele>1044.000</ele>
      </trkpt>
      <trkpt lat="45.685340000" lon="6.569000000">
        <ele>1044.000</ele>
      </trkpt>
      <trkpt lat="45.685370000" lon="6.569110000">
        <ele>1045.000</ele>
      </trkpt>
      <trkpt lat="45.685390000" lon="6.569160000">
        <ele>1045.000</ele>
      </trkpt>
      <trkpt lat="45.685440000" lon="6.569290000">
        <ele>1045.000</ele>
      </trkpt>
      <trkpt lat="45.685480000" lon="6.569560000">
        <ele>1046.000</ele>
      </trkpt>
      <trkpt lat="45.685490000" lon="6.569630000">
        <ele>1047.000</ele>
      </trkpt>
      <trkpt lat="45.685500000" lon="6.569680000">
        <ele>1047.000</ele>
      </trkpt>
      <trkpt lat="45.685540000" lon="6.569720000">
        <ele>1048.000</ele>
      </trkpt>
      <trkpt lat="45.685560000" lon="6.569720000">
        <ele>1048.000</ele>
      </trkpt>
      <trkpt lat="45.685610000" lon="6.569740000">
        <ele>1049.000</ele>
      </trkpt>
      <trkpt lat="45.685740000" lon="6.569730000">
        <ele>1049.000</ele>
      </trkpt>
      <trkpt lat="45.685860000" lon="6.569750000">
        <ele>1050.000</ele>
      </trkpt>
      <trkpt lat="45.685910000" lon="6.569770000">
        <ele>1051.000</ele>
      </trkpt>
      <trkpt lat="45.686090000" lon="6.569890000">
        <ele>1052.000</ele>
      </trkpt>
      <trkpt lat="45.686300000" lon="6.569920000">
        <ele>1053.000</ele>
      </trkpt>
      <trkpt lat="45.686350000" lon="6.569970000">
        <ele>1054.000</ele>
      </trkpt>
      <trkpt lat="45.686370000" lon="6.570030000">
        <ele>1055.000</ele>
      </trkpt>
      <trkpt lat="45.686370000" lon="6.570120000">
        <ele>1056.000</ele>
      </trkpt>
      <trkpt lat="45.686350000" lon="6.570160000">
        <ele>1057.000</ele>
      </trkpt>
      <trkpt lat="45.686320000" lon="6.570200000">
        <ele>1057.000</ele>
      </trkpt>
      <trkpt lat="45.686280000" lon="6.570220000">
        <ele>1058.000</ele>
      </trkpt>
      <trkpt lat="45.686200000" lon="6.570200000">
        <ele>1058.000</ele>
      </trkpt>
      <trkpt lat="45.686030000" lon="6.570140000">
        <ele>1059.000</ele>
      </trkpt>
      <trkpt lat="45.685950000" lon="6.570160000">
        <ele>1060.000</ele>
      </trkpt>
      <trkpt lat="45.685840000" lon="6.570220000">
        <ele>1061.000</ele>
      </trkpt>
      <trkpt lat="45.685740000" lon="6.570320000">
        <ele>1062.000</ele>
      </trkpt>
      <trkpt lat="45.685470000" lon="6.570660000">
        <ele>1064.000</ele>
      </trkpt>
      <trkpt lat="45.685430000" lon="6.570700000">
        <ele>1065.000</ele>
      </trkpt>
      <trkpt lat="45.685290000" lon="6.570880000">
        <ele>1067.000</ele>
      </trkpt>
      <trkpt lat="45.685050000" lon="6.571100000">
        <ele>1068.000</ele>
      </trkpt>
      <trkpt lat="45.684690000" lon="6.571290000">
        <ele>1071.000</ele>
      </trkpt>
      <trkpt lat="45.684560000" lon="6.571390000">
        <ele>1073.000</ele>
      </trkpt>
      <trkpt lat="45.684370000" lon="6.571580000">
        <ele>1074.000</ele>
      </trkpt>
      <trkpt lat="45.684220000" lon="6.571750000">
        <ele>1076.000</ele>
      </trkpt>
      <trkpt lat="45.684080000" lon="6.571870000">
        <ele>1078.000</ele>
      </trkpt>
      <trkpt lat="45.683830000" lon="6.572040000">
        <ele>1080.000</ele>
      </trkpt>
      <trkpt lat="45.683540000" lon="6.572300000">
        <ele>1082.000</ele>
      </trkpt>
      <trkpt lat="45.683390000" lon="6.572400000">
        <ele>1084.000</ele>
      </trkpt>
      <trkpt lat="45.683090000" lon="6.572560000">
        <ele>1086.000</ele>
      </trkpt>
      <trkpt lat="45.683020000" lon="6.572610000">
        <ele>1088.000</ele>
      </trkpt>
      <trkpt lat="45.682980000" lon="6.572660000">
        <ele>1089.000</ele>
      </trkpt>
      <trkpt lat="45.682970000" lon="6.572730000">
        <ele>1090.000</ele>
      </trkpt>
      <trkpt lat="45.682980000" lon="6.572790000">
        <ele>1091.000</ele>
      </trkpt>
      <trkpt lat="45.683020000" lon="6.572820000">
        <ele>1092.000</ele>
      </trkpt>
      <trkpt lat="45.683060000" lon="6.572810000">
        <ele>1092.000</ele>
      </trkpt>
      <trkpt lat="45.683350000" lon="6.572640000">
        <ele>1093.000</ele>
      </trkpt>
      <trkpt lat="45.683480000" lon="6.572610000">
        <ele>1095.000</ele>
      </trkpt>
      <trkpt lat="45.683880000" lon="6.572590000">
        <ele>1097.000</ele>
      </trkpt>
      <trkpt lat="45.684180000" lon="6.572620000">
        <ele>1099.000</ele>
      </trkpt>
      <trkpt lat="45.684260000" lon="6.572600000">
        <ele>1100.000</ele>
      </trkpt>
      <trkpt lat="45.684350000" lon="6.572550000">
        <ele>1101.000</ele>
      </trkpt>
      <trkpt lat="45.684470000" lon="6.572450000">
        <ele>1102.000</ele>
      </trkpt>
      <trkpt lat="45.684570000" lon="6.572390000">
        <ele>1103.000</ele>
      </trkpt>
      <trkpt lat="45.684980000" lon="6.572260000">
        <ele>1105.000</ele>
      </trkpt>
      <trkpt lat="45.685050000" lon="6.572270000">
        <ele>1106.000</ele>
      </trkpt>
      <trkpt lat="45.685090000" lon="6.572290000">
        <ele>1107.000</ele>
      </trkpt>
      <trkpt lat="45.685120000" lon="6.572330000">
        <ele>1107.000</ele>
      </trkpt>
      <trkpt lat="45.685130000" lon="6.572380000">
        <ele>1108.000</ele>
      </trkpt>
      <trkpt lat="45.685130000" lon="6.572440000">
        <ele>1108.000</ele>
      </trkpt>
      <trkpt lat="45.685110000" lon="6.572500000">
        <ele>1109.000</ele>
      </trkpt>
      <trkpt lat="45.685070000" lon="6.572550000">
        <ele>1109.000</ele>
      </trkpt>
      <trkpt lat="45.685000000" lon="6.572570000">
        <ele>1110.000</ele>
      </trkpt>
      <trkpt lat="45.684920000" lon="6.572600000">
        <ele>1110.000</ele>
      </trkpt>
      <trkpt lat="45.684810000" lon="6.572710000">
        <ele>1111.000</ele>
      </trkpt>
      <trkpt lat="45.684730000" lon="6.572810000">
        <ele>1111.000</ele>
      </trkpt>
      <trkpt lat="45.684490000" lon="6.573150000">
        <ele>1113.000</ele>
      </trkpt>
      <trkpt lat="45.684370000" lon="6.573240000">
        <ele>1115.000</ele>
      </trkpt>
      <trkpt lat="45.684250000" lon="6.573290000">
        <ele>1116.000</ele>
      </trkpt>
      <trkpt lat="45.684120000" lon="6.573340000">
        <ele>1118.000</ele>
      </trkpt>
      <trkpt lat="45.683940000" lon="6.573340000">
        <ele>1120.000</ele>
      </trkpt>
      <trkpt lat="45.683840000" lon="6.573360000">
        <ele>1121.000</ele>
      </trkpt>
      <trkpt lat="45.683720000" lon="6.573400000">
        <ele>1123.000</ele>
      </trkpt>
      <trkpt lat="45.683590000" lon="6.573470000">
        <ele>1124.000</ele>
      </trkpt>
      <trkpt lat="45.683480000" lon="6.573510000">
        <ele>1126.000</ele>
      </trkpt>
      <trkpt lat="45.683430000" lon="6.573510000">
        <ele>1127.000</ele>
      </trkpt>
      <trkpt lat="45.683360000" lon="6.573540000">
        <ele>1128.000</ele>
      </trkpt>
      <trkpt lat="45.683320000" lon="6.573570000">
        <ele>1129.000</ele>
      </trkpt>
      <trkpt lat="45.683270000" lon="6.573620000">
        <ele>1129.000</ele>
      </trkpt>
      <trkpt lat="45.683240000" lon="6.573710000">
        <ele>1130.000</ele>
      </trkpt>
      <trkpt lat="45.683220000" lon="6.573780000">
        <ele>1131.000</ele>
      </trkpt>
      <trkpt lat="45.683120000" lon="6.574260000">
        <ele>1133.000</ele>
      </trkpt>
      <trkpt lat="45.683060000" lon="6.574510000">
        <ele>1135.000</ele>
      </trkpt>
      <trkpt lat="45.683040000" lon="6.574670000">
        <ele>1136.000</ele>
      </trkpt>
      <trkpt lat="45.683040000" lon="6.574760000">
        <ele>1137.000</ele>
      </trkpt>
      <trkpt lat="45.683060000" lon="6.574850000">
        <ele>1138.000</ele>
      </trkpt>
      <trkpt lat="45.683140000" lon="6.575060000">
        <ele>1139.000</ele>
      </trkpt>
      <trkpt lat="45.683150000" lon="6.575190000">
        <ele>1140.000</ele>
      </trkpt>
      <trkpt lat="45.683160000" lon="6.575440000">
        <ele>1142.000</ele>
      </trkpt>
      <trkpt lat="45.683170000" lon="6.575490000">
        <ele>1143.000</ele>
      </trkpt>
      <trkpt lat="45.683180000" lon="6.575520000">
        <ele>1143.000</ele>
      </trkpt>
      <trkpt lat="45.683200000" lon="6.575530000">
        <ele>1144.000</ele>
      </trkpt>
      <trkpt lat="45.683220000" lon="6.575530000">
        <ele>1144.000</ele>
      </trkpt>
      <trkpt lat="45.683250000" lon="6.575490000">
        <ele>1145.000</ele>
      </trkpt>
      <trkpt lat="45.683260000" lon="6.575420000">
        <ele>1145.000</ele>
      </trkpt>
      <trkpt lat="45.683290000" lon="6.575010000">
        <ele>1146.000</ele>
      </trkpt>
      <trkpt lat="45.683300000" lon="6.574890000">
        <ele>1147.000</ele>
      </trkpt>
      <trkpt lat="45.683320000" lon="6.574820000">
        <ele>1148.000</ele>
      </trkpt>
      <trkpt lat="45.683380000" lon="6.574650000">
        <ele>1149.000</ele>
      </trkpt>
      <trkpt lat="45.683460000" lon="6.574490000">
        <ele>1150.000</ele>
      </trkpt>
      <trkpt lat="45.683510000" lon="6.574400000">
        <ele>1151.000</ele>
      </trkpt>
      <trkpt lat="45.683570000" lon="6.574340000">
        <ele>1152.000</ele>
      </trkpt>
      <trkpt lat="45.683640000" lon="6.574290000">
        <ele>1153.000</ele>
      </trkpt>
      <trkpt lat="45.683730000" lon="6.574260000">
        <ele>1154.000</ele>
      </trkpt>
      <trkpt lat="45.683770000" lon="6.574260000">
        <ele>1154.000</ele>
      </trkpt>
      <trkpt lat="45.684260000" lon="6.574420000">
        <ele>1157.000</ele>
      </trkpt>
      <trkpt lat="45.684300000" lon="6.574440000">
        <ele>1159.000</ele>
      </trkpt>
      <trkpt lat="45.684310000" lon="6.574470000">
        <ele>1161.000</ele>
      </trkpt>
      <trkpt lat="45.684320000" lon="6.574510000">
        <ele>1162.000</ele>
      </trkpt>
      <trkpt lat="45.684320000" lon="6.574560000">
        <ele>1163.000</ele>
      </trkpt>
      <trkpt lat="45.684300000" lon="6.574600000">
        <ele>1163.000</ele>
      </trkpt>
      <trkpt lat="45.684280000" lon="6.574640000">
        <ele>1164.000</ele>
      </trkpt>
      <trkpt lat="45.684210000" lon="6.574650000">
        <ele>1165.000</ele>
      </trkpt>
      <trkpt lat="45.684090000" lon="6.574650000">
        <ele>1166.000</ele>
      </trkpt>
      <trkpt lat="45.684040000" lon="6.574660000">
        <ele>1167.000</ele>
      </trkpt>
      <trkpt lat="45.684000000" lon="6.574690000">
        <ele>1168.000</ele>
      </trkpt>
      <trkpt lat="45.683950000" lon="6.574760000">
        <ele>1168.000</ele>
      </trkpt>
      <trkpt lat="45.683850000" lon="6.574950000">
        <ele>1170.000</ele>
      </trkpt>
      <trkpt lat="45.683820000" lon="6.575060000">
        <ele>1171.000</ele>
      </trkpt>
      <trkpt lat="45.683790000" lon="6.575170000">
        <ele>1172.000</ele>
      </trkpt>
      <trkpt lat="45.683710000" lon="6.575710000">
        <ele>1175.000</ele>
      </trkpt>
      <trkpt lat="45.683660000" lon="6.575870000">
        <ele>1177.000</ele>
      </trkpt>
      <trkpt lat="45.683270000" lon="6.576820000">
        <ele>1180.000</ele>
      </trkpt>
      <trkpt lat="45.683210000" lon="6.577000000">
        <ele>1183.000</ele>
      </trkpt>
      <trkpt lat="45.683190000" lon="6.577090000">
        <ele>1185.000</ele>
      </trkpt>
      <trkpt lat="45.683210000" lon="6.577160000">
        <ele>1187.000</ele>
      </trkpt>
      <trkpt lat="45.683240000" lon="6.577180000">
        <ele>1188.000</ele>
      </trkpt>
      <trkpt lat="45.683280000" lon="6.577180000">
        <ele>1189.000</ele>
      </trkpt>
      <trkpt lat="45.683320000" lon="6.577160000">
        <ele>1189.000</ele>
      </trkpt>
      <trkpt lat="45.683360000" lon="6.577090000">
        <ele>1190.000</ele>
      </trkpt>
      <trkpt lat="45.683430000" lon="6.576930000">
        <ele>1191.000</ele>
      </trkpt>
      <trkpt lat="45.683480000" lon="6.576860000">
        <ele>1192.000</ele>
      </trkpt>
      <trkpt lat="45.683550000" lon="6.576790000">
        <ele>1192.000</ele>
      </trkpt>
      <trkpt lat="45.683720000" lon="6.576670000">
        <ele>1193.000</ele>
      </trkpt>
      <trkpt lat="45.683930000" lon="6.576480000">
        <ele>1195.000</ele>
      </trkpt>
      <trkpt lat="45.684060000" lon="6.576370000">
        <ele>1197.000</ele>
      </trkpt>
      <trkpt lat="45.684230000" lon="6.576130000">
        <ele>1199.000</ele>
      </trkpt>
      <trkpt lat="45.684340000" lon="6.576000000">
        <ele>1201.000</ele>
      </trkpt>
      <trkpt lat="45.684440000" lon="6.575930000">
        <ele>1203.000</ele>
      </trkpt>
      <trkpt lat="45.684540000" lon="6.575870000">
        <ele>1205.000</ele>
      </trkpt>
      <trkpt lat="45.684700000" lon="6.575770000">
        <ele>1207.000</ele>
      </trkpt>
      <trkpt lat="45.684750000" lon="6.575730000">
        <ele>1209.000</ele>
      </trkpt>
      <trkpt lat="45.684800000" lon="6.575720000">
        <ele>1210.000</ele>
      </trkpt>
      <trkpt lat="45.684830000" lon="6.575720000">
        <ele>1211.000</ele>
      </trkpt>
      <trkpt lat="45.684870000" lon="6.575740000">
        <ele>1212.000</ele>
      </trkpt>
      <trkpt lat="45.684900000" lon="6.575770000">
        <ele>1212.000</ele>
      </trkpt>
      <trkpt lat="45.684910000" lon="6.575820000">
        <ele>1213.000</ele>
      </trkpt>
      <trkpt lat="45.684920000" lon="6.575880000">
        <ele>1214.000</ele>
      </trkpt>
      <trkpt lat="45.684910000" lon="6.575940000">
        <ele>1214.000</ele>
      </trkpt>
      <trkpt lat="45.684890000" lon="6.575980000">
        <ele>1215.000</ele>
      </trkpt>
      <trkpt lat="45.684860000" lon="6.576030000">
        <ele>1215.000</ele>
      </trkpt>
      <trkpt lat="45.684590000" lon="6.576250000">
        <ele>1217.000</ele>
      </trkpt>
      <trkpt lat="45.684450000" lon="6.576390000">
        <ele>1218.000</ele>
      </trkpt>
      <trkpt lat="45.684390000" lon="6.576510000">
        <ele>1219.000</ele>
      </trkpt>
      <trkpt lat="45.684320000" lon="6.576660000">
        <ele>1220.000</ele>
      </trkpt>
      <trkpt lat="45.684230000" lon="6.576980000">
        <ele>1221.000</ele>
      </trkpt>
      <trkpt lat="45.684200000" lon="6.577160000">
        <ele>1221.000</ele>
      </trkpt>
      <trkpt lat="45.684160000" lon="6.577690000">
        <ele>1222.000</ele>
      </trkpt>
      <trkpt lat="45.684170000" lon="6.577760000">
        <ele>1223.000</ele>
      </trkpt>
      <trkpt lat="45.684180000" lon="6.577800000">
        <ele>1223.000</ele>
      </trkpt>
      <trkpt lat="45.684210000" lon="6.577830000">
        <ele>1223.000</ele>
      </trkpt>
      <trkpt lat="45.684240000" lon="6.577820000">
        <ele>1224.000</ele>
      </trkpt>
      <trkpt lat="45.684260000" lon="6.577790000">
        <ele>1224.000</ele>
      </trkpt>
      <trkpt lat="45.684270000" lon="6.577710000">
        <ele>1224.000</ele>
      </trkpt>
      <trkpt lat="45.684260000" lon="6.577580000">
        <ele>1224.000</ele>
      </trkpt>
      <trkpt lat="45.684260000" lon="6.577490000">
        <ele>1224.000</ele>
      </trkpt>
      <trkpt lat="45.684270000" lon="6.577400000">
        <ele>1225.000</ele>
      </trkpt>
      <trkpt lat="45.684300000" lon="6.577290000">
        <ele>1225.000</ele>
      </trkpt>
      <trkpt lat="45.684330000" lon="6.577190000">
        <ele>1225.000</ele>
      </trkpt>
      <trkpt lat="45.684360000" lon="6.577130000">
        <ele>1225.000</ele>
      </trkpt>
      <trkpt lat="45.684420000" lon="6.577050000">
        <ele>1226.000</ele>
      </trkpt>
      <trkpt lat="45.684490000" lon="6.576980000">
        <ele>1227.000</ele>
      </trkpt>
      <trkpt lat="45.684910000" lon="6.576670000">
        <ele>1230.000</ele>
      </trkpt>
      <trkpt lat="45.685130000" lon="6.576480000">
        <ele>1234.000</ele>
      </trkpt>
      <trkpt lat="45.685250000" lon="6.576340000">
        <ele>1238.000</ele>
      </trkpt>
      <trkpt lat="45.685350000" lon="6.576270000">
        <ele>1241.000</ele>
      </trkpt>
      <trkpt lat="45.685540000" lon="6.576160000">
        <ele>1245.000</ele>
      </trkpt>
      <trkpt lat="45.685730000" lon="6.575970000">
        <ele>1248.000</ele>
      </trkpt>
      <trkpt lat="45.685830000" lon="6.575840000">
        <ele>1252.000</ele>
      </trkpt>
      <trkpt lat="45.685890000" lon="6.575710000">
        <ele>1255.000</ele>
      </trkpt>
      <trkpt lat="45.685950000" lon="6.575490000">
        <ele>1257.000</ele>
      </trkpt>
      <trkpt lat="45.685980000" lon="6.575460000">
        <ele>1259.000</ele>
      </trkpt>
      <trkpt lat="45.686010000" lon="6.575450000">
        <ele>1260.000</ele>
      </trkpt>
      <trkpt lat="45.686040000" lon="6.575470000">
        <ele>1261.000</ele>
      </trkpt>
      <trkpt lat="45.686050000" lon="6.575500000">
        <ele>1261.000</ele>
      </trkpt>
      <trkpt lat="45.686060000" lon="6.575550000">
        <ele>1262.000</ele>
      </trkpt>
      <trkpt lat="45.686050000" lon="6.575590000">
        <ele>1262.000</ele>
      </trkpt>
      <trkpt lat="45.686010000" lon="6.575660000">
        <ele>1262.000</ele>
      </trkpt>
      <trkpt lat="45.685900000" lon="6.575960000">
        <ele>1263.000</ele>
      </trkpt>
      <trkpt lat="45.685820000" lon="6.576120000">
        <ele>1264.000</ele>
      </trkpt>
      <trkpt lat="45.685760000" lon="6.576190000">
        <ele>1265.000</ele>
      </trkpt>
      <trkpt lat="45.685630000" lon="6.576320000">
        <ele>1266.000</ele>
      </trkpt>
      <trkpt lat="45.685520000" lon="6.576470000">
        <ele>1267.000</ele>
      </trkpt>
      <trkpt lat="45.685250000" lon="6.577070000">
        <ele>1268.000</ele>
      </trkpt>
      <trkpt lat="45.685190000" lon="6.577230000">
        <ele>1270.000</ele>
      </trkpt>
      <trkpt lat="45.685100000" lon="6.577610000">
        <ele>1272.000</ele>
      </trkpt>
      <trkpt lat="45.685090000" lon="6.577740000">
        <ele>1274.000</ele>
      </trkpt>
      <trkpt lat="45.685090000" lon="6.577870000">
        <ele>1276.000</ele>
      </trkpt>
      <trkpt lat="45.685120000" lon="6.578050000">
        <ele>1278.000</ele>
      </trkpt>
      <trkpt lat="45.685190000" lon="6.578270000">
        <ele>1280.000</ele>
      </trkpt>
      <trkpt lat="45.685290000" lon="6.578550000">
        <ele>1283.000</ele>
      </trkpt>
      <trkpt lat="45.685360000" lon="6.578890000">
        <ele>1286.000</ele>
      </trkpt>
      <trkpt lat="45.685410000" lon="6.579000000">
        <ele>1288.000</ele>
      </trkpt>
      <trkpt lat="45.685520000" lon="6.579190000">
        <ele>1291.000</ele>
      </trkpt>
      <trkpt lat="45.685710000" lon="6.579500000">
        <ele>1294.000</ele>
      </trkpt>
      <trkpt lat="45.685860000" lon="6.579780000">
        <ele>1298.000</ele>
      </trkpt>
      <trkpt lat="45.685950000" lon="6.580020000">
        <ele>1300.000</ele>
      </trkpt>
      <trkpt lat="45.686000000" lon="6.580210000">
        <ele>1302.000</ele>
      </trkpt>
      <trkpt lat="45.686060000" lon="6.580480000">
        <ele>1304.000</ele>
      </trkpt>
      <trkpt lat="45.686100000" lon="6.580560000">
        <ele>1305.000</ele>
      </trkpt>
      <trkpt lat="45.686150000" lon="6.580580000">
        <ele>1306.000</ele>
      </trkpt>
      <trkpt lat="45.686190000" lon="6.580560000">
        <ele>1307.000</ele>
      </trkpt>
      <trkpt lat="45.686220000" lon="6.580540000">
        <ele>1307.000</ele>
      </trkpt>
      <trkpt lat="45.686240000" lon="6.580480000">
        <ele>1308.000</ele>
      </trkpt>
      <trkpt lat="45.686240000" lon="6.580400000">
        <ele>1308.000</ele>
      </trkpt>
      <trkpt lat="45.686200000" lon="6.580260000">
        <ele>1309.000</ele>
      </trkpt>
      <trkpt lat="45.686140000" lon="6.580060000">
        <ele>1309.000</ele>
      </trkpt>
      <trkpt lat="45.686110000" lon="6.579970000">
        <ele>1310.000</ele>
      </trkpt>
      <trkpt lat="45.686030000" lon="6.579670000">
        <ele>1310.000</ele>
      </trkpt>
      <trkpt lat="45.685940000" lon="6.579160000">
        <ele>1311.000</ele>
      </trkpt>
      <trkpt lat="45.685880000" lon="6.578970000">
        <ele>1312.000</ele>
      </trkpt>
      <trkpt lat="45.685830000" lon="6.578840000">
        <ele>1314.000</ele>
      </trkpt>
      <trkpt lat="45.685810000" lon="6.578750000">
        <ele>1315.000</ele>
      </trkpt>
      <trkpt lat="45.685790000" lon="6.578680000">
        <ele>1316.000</ele>
      </trkpt>
      <trkpt lat="45.685800000" lon="6.578630000">
        <ele>1316.000</ele>
      </trkpt>
      <trkpt lat="45.685830000" lon="6.578560000">
        <ele>1317.000</ele>
      </trkpt>
      <trkpt lat="45.685920000" lon="6.578390000">
        <ele>1318.000</ele>
      </trkpt>
      <trkpt lat="45.685980000" lon="6.578240000">
        <ele>1320.000</ele>
      </trkpt>
      <trkpt lat="45.686150000" lon="6.577680000">
        <ele>1323.000</ele>
      </trkpt>
      <trkpt lat="45.686230000" lon="6.577490000">
        <ele>1325.000</ele>
      </trkpt>
      <trkpt lat="45.686300000" lon="6.577340000">
        <ele>1327.000</ele>
      </trkpt>
      <trkpt lat="45.686370000" lon="6.577230000">
        <ele>1329.000</ele>
      </trkpt>
      <trkpt lat="45.686590000" lon="6.576940000">
        <ele>1332.000</ele>
      </trkpt>
      <trkpt lat="45.686690000" lon="6.576790000">
        <ele>1335.000</ele>
      </trkpt>
      <trkpt lat="45.686800000" lon="6.576660000">
        <ele>1337.000</ele>
      </trkpt>
      <trkpt lat="45.686920000" lon="6.576500000">
        <ele>1338.000</ele>
      </trkpt>
      <trkpt lat="45.686990000" lon="6.576440000">
        <ele>1340.000</ele>
      </trkpt>
      <trkpt lat="45.687060000" lon="6.576400000">
        <ele>1341.000</ele>
      </trkpt>
      <trkpt lat="45.687100000" lon="6.576410000">
        <ele>1342.000</ele>
      </trkpt>
      <trkpt lat="45.687120000" lon="6.576440000">
        <ele>1342.000</ele>
      </trkpt>
      <trkpt lat="45.687130000" lon="6.576470000">
        <ele>1343.000</ele>
      </trkpt>
      <trkpt lat="45.687130000" lon="6.576510000">
        <ele>1343.000</ele>
      </trkpt>
      <trkpt lat="45.687110000" lon="6.576540000">
        <ele>1343.000</ele>
      </trkpt>
      <trkpt lat="45.687050000" lon="6.576560000">
        <ele>1344.000</ele>
      </trkpt>
      <trkpt lat="45.686960000" lon="6.576610000">
        <ele>1344.000</ele>
      </trkpt>
      <trkpt lat="45.686900000" lon="6.576670000">
        <ele>1345.000</ele>
      </trkpt>
      <trkpt lat="45.686840000" lon="6.576780000">
        <ele>1345.000</ele>
      </trkpt>
      <trkpt lat="45.686800000" lon="6.576940000">
        <ele>1346.000</ele>
      </trkpt>
      <trkpt lat="45.686740000" lon="6.577220000">
        <ele>1347.000</ele>
      </trkpt>
      <trkpt lat="45.686690000" lon="6.577400000">
        <ele>1348.000</ele>
      </trkpt>
      <trkpt lat="45.686600000" lon="6.577700000">
        <ele>1349.000</ele>
      </trkpt>
      <trkpt lat="45.686590000" lon="6.577850000">
        <ele>1350.000</ele>
      </trkpt>
      <trkpt lat="45.686580000" lon="6.578010000">
        <ele>1351.000</ele>
      </trkpt>
      <trkpt lat="45.686590000" lon="6.578190000">
        <ele>1353.000</ele>
      </trkpt>
      <trkpt lat="45.686600000" lon="6.578350000">
        <ele>1354.000</ele>
      </trkpt>
      <trkpt lat="45.686640000" lon="6.578500000">
        <ele>1355.000</ele>
      </trkpt>
      <trkpt lat="45.686700000" lon="6.578620000">
        <ele>1356.000</ele>
      </trkpt>
      <trkpt lat="45.686910000" lon="6.578950000">
        <ele>1357.000</ele>
      </trkpt>
      <trkpt lat="45.687070000" lon="6.579210000">
        <ele>1359.000</ele>
      </trkpt>
      <trkpt lat="45.687120000" lon="6.579310000">
        <ele>1361.000</ele>
      </trkpt>
      <trkpt lat="45.687270000" lon="6.579810000">
        <ele>1363.000</ele>
      </trkpt>
      <trkpt lat="45.687350000" lon="6.580010000">
        <ele>1365.000</ele>
      </trkpt>
      <trkpt lat="45.687450000" lon="6.580270000">
        <ele>1367.000</ele>
      </trkpt>
      <trkpt lat="45.687580000" lon="6.580720000">
        <ele>1369.000</ele>
      </trkpt>
      <trkpt lat="45.687590000" lon="6.580890000">
        <ele>1372.000</ele>
      </trkpt>
      <trkpt lat="45.687590000" lon="6.581150000">
        <ele>1374.000</ele>
      </trkpt>
      <trkpt lat="45.687570000" lon="6.581310000">
        <ele>1376.000</ele>
      </trkpt>
      <trkpt lat="45.687560000" lon="6.581380000">
        <ele>1377.000</ele>
      </trkpt>
      <trkpt lat="45.687580000" lon="6.581420000">
        <ele>1379.000</ele>
      </trkpt>
      <trkpt lat="45.687590000" lon="6.581460000">
        <ele>1380.000</ele>
      </trkpt>
      <trkpt lat="45.687630000" lon="6.581460000">
        <ele>1380.000</ele>
      </trkpt>
      <trkpt lat="45.687660000" lon="6.581450000">
        <ele>1381.000</ele>
      </trkpt>
      <trkpt lat="45.687690000" lon="6.581410000">
        <ele>1382.000</ele>
      </trkpt>
      <trkpt lat="45.687730000" lon="6.581300000">
        <ele>1382.000</ele>
      </trkpt>
      <trkpt lat="45.687750000" lon="6.581160000">
        <ele>1383.000</ele>
      </trkpt>
      <trkpt lat="45.687760000" lon="6.581000000">
        <ele>1384.000</ele>
      </trkpt>
      <trkpt lat="45.687750000" lon="6.580870000">
        <ele>1385.000</ele>
      </trkpt>
      <trkpt lat="45.687730000" lon="6.580660000">
        <ele>1387.000</ele>
      </trkpt>
      <trkpt lat="45.687740000" lon="6.580490000">
        <ele>1388.000</ele>
      </trkpt>
      <trkpt lat="45.687770000" lon="6.580300000">
        <ele>1390.000</ele>
      </trkpt>
      <trkpt lat="45.687820000" lon="6.580110000">
        <ele>1391.000</ele>
      </trkpt>
      <trkpt lat="45.687930000" lon="6.579760000">
        <ele>1393.000</ele>
      </trkpt>
      <trkpt lat="45.687960000" lon="6.579620000">
        <ele>1395.000</ele>
      </trkpt>
      <trkpt lat="45.687970000" lon="6.579480000">
        <ele>1397.000</ele>
      </trkpt>
      <trkpt lat="45.687950000" lon="6.579360000">
        <ele>1398.000</ele>
      </trkpt>
      <trkpt lat="45.687920000" lon="6.579240000">
        <ele>1399.000</ele>
      </trkpt>
      <trkpt lat="45.687870000" lon="6.579110000">
        <ele>1400.000</ele>
      </trkpt>
      <trkpt lat="45.687770000" lon="6.578920000">
        <ele>1402.000</ele>
      </trkpt>
      <trkpt lat="45.687750000" lon="6.578820000">
        <ele>1403.000</ele>
      </trkpt>
      <trkpt lat="45.687740000" lon="6.578730000">
        <ele>1404.000</ele>
      </trkpt>
      <trkpt lat="45.687760000" lon="6.578630000">
        <ele>1405.000</ele>
      </trkpt>
      <trkpt lat="45.687800000" lon="6.578520000">
        <ele>1406.000</ele>
      </trkpt>
      <trkpt lat="45.687950000" lon="6.578220000">
        <ele>1407.000</ele>
      </trkpt>
      <trkpt lat="45.688030000" lon="6.578110000">
        <ele>1409.000</ele>
      </trkpt>
      <trkpt lat="45.688120000" lon="6.578050000">
        <ele>1410.000</ele>
      </trkpt>
      <trkpt lat="45.688220000" lon="6.578030000">
        <ele>1411.000</ele>
      </trkpt>
      <trkpt lat="45.688490000" lon="6.577980000">
        <ele>1413.000</ele>
      </trkpt>
      <trkpt lat="45.688590000" lon="6.577980000">
        <ele>1414.000</ele>
      </trkpt>
      <trkpt lat="45.688620000" lon="6.578000000">
        <ele>1415.000</ele>
      </trkpt>
      <trkpt lat="45.688640000" lon="6.578030000">
        <ele>1416.000</ele>
      </trkpt>
      <trkpt lat="45.688640000" lon="6.578080000">
        <ele>1417.000</ele>
      </trkpt>
      <trkpt lat="45.688630000" lon="6.578110000">
        <ele>1417.000</ele>
      </trkpt>
      <trkpt lat="45.688600000" lon="6.578130000">
        <ele>1418.000</ele>
      </trkpt>
      <trkpt lat="45.688560000" lon="6.578150000">
        <ele>1418.000</ele>
      </trkpt>
      <trkpt lat="45.688470000" lon="6.578140000">
        <ele>1419.000</ele>
      </trkpt>
      <trkpt lat="45.688410000" lon="6.578150000">
        <ele>1419.000</ele>
      </trkpt>
      <trkpt lat="45.688340000" lon="6.578170000">
        <ele>1420.000</ele>
      </trkpt>
      <trkpt lat="45.688290000" lon="6.578210000">
        <ele>1420.000</ele>
      </trkpt>
      <trkpt lat="45.688250000" lon="6.578270000">
        <ele>1421.000</ele>
      </trkpt>
      <trkpt lat="45.688230000" lon="6.578360000">
        <ele>1422.000</ele>
      </trkpt>
      <trkpt lat="45.688230000" lon="6.578490000">
        <ele>1422.000</ele>
      </trkpt>
      <trkpt lat="45.688250000" lon="6.578930000">
        <ele>1424.000</ele>
      </trkpt>
      <trkpt lat="45.688260000" lon="6.579020000">
        <ele>1425.000</ele>
      </trkpt>
      <trkpt lat="45.688300000" lon="6.579110000">
        <ele>1426.000</ele>
      </trkpt>
      <trkpt lat="45.688420000" lon="6.579370000">
        <ele>1427.000</ele>
      </trkpt>
      <trkpt lat="45.688480000" lon="6.579560000">
        <ele>1428.000</ele>
      </trkpt>
      <trkpt lat="45.688520000" lon="6.579770000">
        <ele>1429.000</ele>
      </trkpt>
      <trkpt lat="45.688530000" lon="6.580010000">
        <ele>1431.000</ele>
      </trkpt>
      <trkpt lat="45.688560000" lon="6.580880000">
        <ele>1434.000</ele>
      </trkpt>
      <trkpt lat="45.688590000" lon="6.581060000">
        <ele>1437.000</ele>
      </trkpt>
      <trkpt lat="45.688700000" lon="6.581450000">
        <ele>1441.000</ele>
      </trkpt>
      <trkpt lat="45.688730000" lon="6.581610000">
        <ele>1444.000</ele>
      </trkpt>
      <trkpt lat="45.688740000" lon="6.581770000">
        <ele>1446.000</ele>
      </trkpt>
      <trkpt lat="45.688720000" lon="6.582010000">
        <ele>1448.000</ele>
      </trkpt>
      <trkpt lat="45.688680000" lon="6.582160000">
        <ele>1450.000</ele>
      </trkpt>
      <trkpt lat="45.688630000" lon="6.582250000">
        <ele>1452.000</ele>
      </trkpt>
      <trkpt lat="45.688540000" lon="6.582320000">
        <ele>1454.000</ele>
      </trkpt>
      <trkpt lat="45.688470000" lon="6.582330000">
        <ele>1455.000</ele>
      </trkpt>
      <trkpt lat="45.688360000" lon="6.582420000">
        <ele>1456.000</ele>
      </trkpt>
      <trkpt lat="45.688330000" lon="6.582510000">
        <ele>1458.000</ele>
      </trkpt>
      <trkpt lat="45.688270000" lon="6.582640000">
        <ele>1459.000</ele>
      </trkpt>
      <trkpt lat="45.688060000" lon="6.583120000">
        <ele>1462.000</ele>
      </trkpt>
      <trkpt lat="45.687990000" lon="6.583280000">
        <ele>1464.000</ele>
      </trkpt>
      <trkpt lat="45.687970000" lon="6.583420000">
        <ele>1465.000</ele>
      </trkpt>
      <trkpt lat="45.687960000" lon="6.583550000">
        <ele>1467.000</ele>
      </trkpt>
      <trkpt lat="45.687970000" lon="6.583850000">
        <ele>1469.000</ele>
      </trkpt>
      <trkpt lat="45.687960000" lon="6.584020000">
        <ele>1471.000</ele>
      </trkpt>
      <trkpt lat="45.687950000" lon="6.584160000">
        <ele>1472.000</ele>
      </trkpt>
      <trkpt lat="45.687950000" lon="6.585490000">
        <ele>1477.000</ele>
      </trkpt>
      <trkpt lat="45.687990000" lon="6.585710000">
        <ele>1481.000</ele>
      </trkpt>
      <trkpt lat="45.688030000" lon="6.586040000">
        <ele>1484.000</ele>
      </trkpt>
      <trkpt lat="45.688050000" lon="6.586230000">
        <ele>1487.000</ele>
      </trkpt>
      <trkpt lat="45.688050000" lon="6.586360000">
        <ele>1489.000</ele>
      </trkpt>
      <trkpt lat="45.688020000" lon="6.586540000">
        <ele>1490.000</ele>
      </trkpt>
      <trkpt lat="45.687980000" lon="6.586710000">
        <ele>1492.000</ele>
      </trkpt>
      <trkpt lat="45.687980000" lon="6.586770000">
        <ele>1493.000</ele>
      </trkpt>
      <trkpt lat="45.688000000" lon="6.586800000">
        <ele>1494.000</ele>
      </trkpt>
      <trkpt lat="45.688010000" lon="6.586810000">
        <ele>1495.000</ele>
      </trkpt>
      <trkpt lat="45.688040000" lon="6.586800000">
        <ele>1495.000</ele>
      </trkpt>
      <trkpt lat="45.688060000" lon="6.586770000">
        <ele>1496.000</ele>
      </trkpt>
      <trkpt lat="45.688070000" lon="6.586720000">
        <ele>1496.000</ele>
      </trkpt>
      <trkpt lat="45.688080000" lon="6.586630000">
        <ele>1497.000</ele>
      </trkpt>
      <trkpt lat="45.688120000" lon="6.586450000">
        <ele>1497.000</ele>
      </trkpt>
      <trkpt lat="45.688170000" lon="6.586200000">
        <ele>1498.000</ele>
      </trkpt>
      <trkpt lat="45.688190000" lon="6.586050000">
        <ele>1499.000</ele>
      </trkpt>
      <trkpt lat="45.688210000" lon="6.585490000">
        <ele>1501.000</ele>
      </trkpt>
      <trkpt lat="45.688240000" lon="6.585190000">
        <ele>1504.000</ele>
      </trkpt>
      <trkpt lat="45.688300000" lon="6.585000000">
        <ele>1506.000</ele>
      </trkpt>
      <trkpt lat="45.688390000" lon="6.584770000">
        <ele>1508.000</ele>
      </trkpt>
      <trkpt lat="45.688430000" lon="6.584610000">
        <ele>1510.000</ele>
      </trkpt>
      <trkpt lat="45.688460000" lon="6.584410000">
        <ele>1512.000</ele>
      </trkpt>
      <trkpt lat="45.688510000" lon="6.584260000">
        <ele>1514.000</ele>
      </trkpt>
      <trkpt lat="45.689000000" lon="6.583270000">
        <ele>1519.000</ele>
      </trkpt>
      <trkpt lat="45.689090000" lon="6.583130000">
        <ele>1523.000</ele>
      </trkpt>
      <trkpt lat="45.689190000" lon="6.583060000">
        <ele>1527.000</ele>
      </trkpt>
      <trkpt lat="45.689350000" lon="6.583010000">
        <ele>1530.000</ele>
      </trkpt>
      <trkpt lat="45.689610000" lon="6.582920000">
        <ele>1533.000</ele>
      </trkpt>
      <trkpt lat="45.689680000" lon="6.582870000">
        <ele>1535.000</ele>
      </trkpt>
      <trkpt lat="45.689760000" lon="6.582790000">
        <ele>1537.000</ele>
      </trkpt>
      <trkpt lat="45.689840000" lon="6.582660000">
        <ele>1539.000</ele>
      </trkpt>
      <trkpt lat="45.689900000" lon="6.582500000">
        <ele>1541.000</ele>
      </trkpt>
      <trkpt lat="45.690060000" lon="6.581810000">
        <ele>1545.000</ele>
      </trkpt>
      <trkpt lat="45.690120000" lon="6.581680000">
        <ele>1547.000</ele>
      </trkpt>
      <trkpt lat="45.690260000" lon="6.581480000">
        <ele>1550.000</ele>
      </trkpt>
      <trkpt lat="45.690440000" lon="6.581210000">
        <ele>1553.000</ele>
      </trkpt>
      <trkpt lat="45.690640000" lon="6.580950000">
        <ele>1556.000</ele>
      </trkpt>
      <trkpt lat="45.690870000" lon="6.580660000">
        <ele>1559.000</ele>
      </trkpt>
      <trkpt lat="45.691030000" lon="6.580480000">
        <ele>1561.000</ele>
      </trkpt>
      <trkpt lat="45.691090000" lon="6.580390000">
        <ele>1563.000</ele>
      </trkpt>
      <trkpt lat="45.691120000" lon="6.580380000">
        <ele>1565.000</ele>
      </trkpt>
      <trkpt lat="45.691150000" lon="6.580400000">
        <ele>1566.000</ele>
      </trkpt>
      <trkpt lat="45.691170000" lon="6.580430000">
        <ele>1566.000</ele>
      </trkpt>
      <trkpt lat="45.691170000" lon="6.580480000">
        <ele>1567.000</ele>
      </trkpt>
      <trkpt lat="45.691150000" lon="6.580530000">
        <ele>1567.000</ele>
      </trkpt>
      <trkpt lat="45.691110000" lon="6.580590000">
        <ele>1568.000</ele>
      </trkpt>
      <trkpt lat="45.691030000" lon="6.580670000">
        <ele>1569.000</ele>
      </trkpt>
      <trkpt lat="45.690790000" lon="6.581040000">
        <ele>1570.000</ele>
      </trkpt>
      <trkpt lat="45.690680000" lon="6.581260000">
        <ele>1571.000</ele>
      </trkpt>
      <trkpt lat="45.690580000" lon="6.581570000">
        <ele>1573.000</ele>
      </trkpt>
      <trkpt lat="45.690530000" lon="6.581710000">
        <ele>1575.000</ele>
      </trkpt>
      <trkpt lat="45.690480000" lon="6.581870000">
        <ele>1577.000</ele>
      </trkpt>
      <trkpt lat="45.690480000" lon="6.581980000">
        <ele>1578.000</ele>
      </trkpt>
      <trkpt lat="45.690500000" lon="6.582130000">
        <ele>1580.000</ele>
      </trkpt>
      <trkpt lat="45.690530000" lon="6.582450000">
        <ele>1582.000</ele>
      </trkpt>
      <trkpt lat="45.690530000" lon="6.582530000">
        <ele>1584.000</ele>
      </trkpt>
      <trkpt lat="45.690490000" lon="6.582710000">
        <ele>1586.000</ele>
      </trkpt>
      <trkpt lat="45.690370000" lon="6.583040000">
        <ele>1589.000</ele>
      </trkpt>
      <trkpt lat="45.690290000" lon="6.583230000">
        <ele>1592.000</ele>
      </trkpt>
      <trkpt lat="45.690190000" lon="6.583400000">
        <ele>1594.000</ele>
      </trkpt>
      <trkpt lat="45.690060000" lon="6.583590000">
        <ele>1597.000</ele>
      </trkpt>
      <trkpt lat="45.690010000" lon="6.583690000">
        <ele>1599.000</ele>
      </trkpt>
      <trkpt lat="45.689990000" lon="6.583900000">
        <ele>1602.000</ele>
      </trkpt>
      <trkpt lat="45.689940000" lon="6.584150000">
        <ele>1604.000</ele>
      </trkpt>
      <trkpt lat="45.689930000" lon="6.584450000">
        <ele>1606.000</ele>
      </trkpt>
      <trkpt lat="45.689910000" lon="6.584600000">
        <ele>1608.000</ele>
      </trkpt>
      <trkpt lat="45.689890000" lon="6.584690000">
        <ele>1609.000</ele>
      </trkpt>
      <trkpt lat="45.689820000" lon="6.585060000">
        <ele>1611.000</ele>
      </trkpt>
      <trkpt lat="45.689730000" lon="6.585260000">
        <ele>1613.000</ele>
      </trkpt>
      <trkpt lat="45.689690000" lon="6.585430000">
        <ele>1614.000</ele>
      </trkpt>
      <trkpt lat="45.689610000" lon="6.585730000">
        <ele>1616.000</ele>
      </trkpt>
      <trkpt lat="45.689590000" lon="6.585880000">
        <ele>1617.000</ele>
      </trkpt>
      <trkpt lat="45.689590000" lon="6.586060000">
        <ele>1619.000</ele>
      </trkpt>
      <trkpt lat="45.689590000" lon="6.586190000">
        <ele>1620.000</ele>
      </trkpt>
      <trkpt lat="45.689660000" lon="6.586490000">
        <ele>1621.000</ele>
      </trkpt>
      <trkpt lat="45.689680000" lon="6.586710000">
        <ele>1623.000</ele>
      </trkpt>
      <trkpt lat="45.689700000" lon="6.587040000">
        <ele>1625.000</ele>
      </trkpt>
      <trkpt lat="45.689700000" lon="6.587240000">
        <ele>1626.000</ele>
      </trkpt>
      <trkpt lat="45.689680000" lon="6.587420000">
        <ele>1628.000</ele>
      </trkpt>
      <trkpt lat="45.689670000" lon="6.587730000">
        <ele>1629.000</ele>
      </trkpt>
      <trkpt lat="45.689650000" lon="6.587850000">
        <ele>1630.000</ele>
      </trkpt>
      <trkpt lat="45.689320000" lon="6.589090000">
        <ele>1634.000</ele>
      </trkpt>
      <trkpt lat="45.689110000" lon="6.589910000">
        <ele>1639.000</ele>
      </trkpt>
      <trkpt lat="45.689110000" lon="6.590100000">
        <ele>1642.000</ele>
      </trkpt>
      <trkpt lat="45.689120000" lon="6.590450000">
        <ele>1646.000</ele>
      </trkpt>
      <trkpt lat="45.689120000" lon="6.590700000">
        <ele>1649.000</ele>
      </trkpt>
      <trkpt lat="45.689080000" lon="6.591070000">
        <ele>1651.000</ele>
      </trkpt>
      <trkpt lat="45.689040000" lon="6.592030000">
        <ele>1656.000</ele>
      </trkpt>
      <trkpt lat="45.689050000" lon="6.592190000">
        <ele>1659.000</ele>
      </trkpt>
      <trkpt lat="45.689120000" lon="6.592460000">
        <ele>1661.000</ele>
      </trkpt>
      <trkpt lat="45.689140000" lon="6.592620000">
        <ele>1663.000</ele>
      </trkpt>
      <trkpt lat="45.689150000" lon="6.593040000">
        <ele>1665.000</ele>
      </trkpt>
      <trkpt lat="45.689150000" lon="6.593040000">
        <ele>1666.000</ele>
      </trkpt>
      <trkpt lat="45.689150000" lon="6.593040000">
        <ele>1667.000</ele>
      </trkpt>
      <trkpt lat="45.689150000" lon="6.593220000">
        <ele>1667.000</ele>
      </trkpt>
      <trkpt lat="45.689170000" lon="6.593400000">
        <ele>1668.000</ele>
      </trkpt>
      <trkpt lat="45.689240000" lon="6.593650000">
        <ele>1669.000</ele>
      </trkpt>
      <trkpt lat="45.689300000" lon="6.593880000">
        <ele>1670.000</ele>
      </trkpt>
      <trkpt lat="45.689340000" lon="6.594120000">
        <ele>1670.000</ele>
      </trkpt>
      <trkpt lat="45.689340000" lon="6.594380000">
        <ele>1671.000</ele>
      </trkpt>
      <trkpt lat="45.689320000" lon="6.594570000">
        <ele>1672.000</ele>
      </trkpt>
      <trkpt lat="45.689280000" lon="6.594710000">
        <ele>1673.000</ele>
      </trkpt>
      <trkpt lat="45.689220000" lon="6.594850000">
        <ele>1674.000</ele>
      </trkpt>
      <trkpt lat="45.689140000" lon="6.594970000">
        <ele>1675.000</ele>
      </trkpt>
      <trkpt lat="45.689100000" lon="6.595040000">
        <ele>1676.000</ele>
      </trkpt>
      <trkpt lat="45.689100000" lon="6.595120000">
        <ele>1677.000</ele>
      </trkpt>
      <trkpt lat="45.689120000" lon="6.595180000">
        <ele>1677.000</ele>
      </trkpt>
      <trkpt lat="45.689180000" lon="6.595300000">
        <ele>1678.000</ele>
      </trkpt>
      <trkpt lat="45.689260000" lon="6.595400000">
        <ele>1679.000</ele>
      </trkpt>
      <trkpt lat="45.689410000" lon="6.595590000">
        <ele>1680.000</ele>
      </trkpt>
      <trkpt lat="45.689490000" lon="6.595730000">
        <ele>1682.000</ele>
      </trkpt>
      <trkpt lat="45.689570000" lon="6.595920000">
        <ele>1683.000</ele>
      </trkpt>
      <trkpt lat="45.689620000" lon="6.596070000">
        <ele>1684.000</ele>
      </trkpt>
      <trkpt lat="45.689690000" lon="6.596180000">
        <ele>1686.000</ele>
      </trkpt>
      <trkpt lat="45.689840000" lon="6.596420000">
        <ele>1687.000</ele>
      </trkpt>
      <trkpt lat="45.690050000" lon="6.596900000">
        <ele>1690.000</ele>
      </trkpt>
      <trkpt lat="45.690230000" lon="6.597320000">
        <ele>1692.000</ele>
      </trkpt>
      <trkpt lat="45.690300000" lon="6.597560000">
        <ele>1694.000</ele>
      </trkpt>
      <trkpt lat="45.690330000" lon="6.597750000">
        <ele>1696.000</ele>
      </trkpt>
      <trkpt lat="45.690330000" lon="6.597860000">
        <ele>1698.000</ele>
      </trkpt>
      <trkpt lat="45.690300000" lon="6.597970000">
        <ele>1699.000</ele>
      </trkpt>
      <trkpt lat="45.690250000" lon="6.598060000">
        <ele>1700.000</ele>
      </trkpt>
      <trkpt lat="45.690180000" lon="6.598120000">
        <ele>1701.000</ele>
      </trkpt>
      <trkpt lat="45.690130000" lon="6.598170000">
        <ele>1702.000</ele>
      </trkpt>
      <trkpt lat="45.690080000" lon="6.598250000">
        <ele>1703.000</ele>
      </trkpt>
      <trkpt lat="45.690030000" lon="6.598330000">
        <ele>1703.000</ele>
      </trkpt>
      <trkpt lat="45.689980000" lon="6.598460000">
        <ele>1704.000</ele>
      </trkpt>
      <trkpt lat="45.689960000" lon="6.598560000">
        <ele>1705.000</ele>
      </trkpt>
      <trkpt lat="45.689970000" lon="6.598680000">
        <ele>1705.000</ele>
      </trkpt>
      <trkpt lat="45.690010000" lon="6.598820000">
        <ele>1706.000</ele>
      </trkpt>
      <trkpt lat="45.690010000" lon="6.598970000">
        <ele>1707.000</ele>
      </trkpt>
      <trkpt lat="45.690010000" lon="6.599100000">
        <ele>1708.000</ele>
      </trkpt>
      <trkpt lat="45.689980000" lon="6.599280000">
        <ele>1709.000</ele>
      </trkpt>
      <trkpt lat="45.689890000" lon="6.599650000">
        <ele>1710.000</ele>
      </trkpt>
      <trkpt lat="45.689830000" lon="6.599830000">
        <ele>1712.000</ele>
      </trkpt>
      <trkpt lat="45.689610000" lon="6.600330000">
        <ele>1715.000</ele>
      </trkpt>
      <trkpt lat="45.689560000" lon="6.600420000">
        <ele>1717.000</ele>
      </trkpt>
      <trkpt lat="45.689490000" lon="6.600500000">
        <ele>1718.000</ele>
      </trkpt>
      <trkpt lat="45.689090000" lon="6.600780000">
        <ele>1721.000</ele>
      </trkpt>
      <trkpt lat="45.689030000" lon="6.600840000">
        <ele>1723.000</ele>
      </trkpt>
      <trkpt lat="45.688970000" lon="6.600940000">
        <ele>1725.000</ele>
      </trkpt>
      <trkpt lat="45.688940000" lon="6.601040000">
        <ele>1727.000</ele>
      </trkpt>
      <trkpt lat="45.688920000" lon="6.601420000">
        <ele>1729.000</ele>
      </trkpt>
      <trkpt lat="45.688820000" lon="6.602150000">
        <ele>1730.000</ele>
      </trkpt>
      <trkpt lat="45.688780000" lon="6.602430000">
        <ele>1731.000</ele>
      </trkpt>
      <trkpt lat="45.688730000" lon="6.602570000">
        <ele>1732.000</ele>
      </trkpt>
      <trkpt lat="45.688690000" lon="6.602640000">
        <ele>1733.000</ele>
      </trkpt>
      <trkpt lat="45.688460000" lon="6.602860000">
        <ele>1733.000</ele>
      </trkpt>
      <trkpt lat="45.688320000" lon="6.603020000">
        <ele>1734.000</ele>
      </trkpt>
      <trkpt lat="45.688230000" lon="6.603130000">
        <ele>1734.000</ele>
      </trkpt>
      <trkpt lat="45.688170000" lon="6.603230000">
        <ele>1734.000</ele>
      </trkpt>
      <trkpt lat="45.688160000" lon="6.603380000">
        <ele>1735.000</ele>
      </trkpt>
      <trkpt lat="45.688120000" lon="6.603590000">
        <ele>1735.000</ele>
      </trkpt>
      <trkpt lat="45.688070000" lon="6.603700000">
        <ele>1735.000</ele>
      </trkpt>
      <trkpt lat="45.688000000" lon="6.603760000">
        <ele>1735.000</ele>
      </trkpt>
      <trkpt lat="45.687800000" lon="6.603870000">
        <ele>1735.000</ele>
      </trkpt>
      <trkpt lat="45.687610000" lon="6.603950000">
        <ele>1735.000</ele>
      </trkpt>
      <trkpt lat="45.687540000" lon="6.603990000">
        <ele>1735.000</ele>
      </trkpt>
      <trkpt lat="45.687470000" lon="6.604080000">
        <ele>1735.000</ele>
      </trkpt>
      <trkpt lat="45.687420000" lon="6.604290000">
        <ele>1734.000</ele>
      </trkpt>
      <trkpt lat="45.687350000" lon="6.604560000">
        <ele>1734.000</ele>
      </trkpt>
      <trkpt lat="45.687290000" lon="6.604810000">
        <ele>1734.000</ele>
      </trkpt>
      <trkpt lat="45.687240000" lon="6.605410000">
        <ele>1734.000</ele>
      </trkpt>
      <trkpt lat="45.687160000" lon="6.605750000">
        <ele>1733.000</ele>
      </trkpt>
      <trkpt lat="45.687130000" lon="6.605850000">
        <ele>1733.000</ele>
      </trkpt>
      <trkpt lat="45.687040000" lon="6.605980000">
        <ele>1733.000</ele>
      </trkpt>
      <trkpt lat="45.687000000" lon="6.606070000">
        <ele>1732.000</ele>
      </trkpt>
      <trkpt lat="45.686940000" lon="6.606250000">
        <ele>1732.000</ele>
      </trkpt>
      <trkpt lat="45.686900000" lon="6.606340000">
        <ele>1731.000</ele>
      </trkpt>
      <trkpt lat="45.686760000" lon="6.606510000">
        <ele>1731.000</ele>
      </trkpt>
      <trkpt lat="45.686690000" lon="6.606620000">
        <ele>1730.000</ele>
      </trkpt>
      <trkpt lat="45.686550000" lon="6.606920000">
        <ele>1730.000</ele>
      </trkpt>
      <trkpt lat="45.686460000" lon="6.607140000">
        <ele>1729.000</ele>
      </trkpt>
      <trkpt lat="45.686370000" lon="6.607380000">
        <ele>1729.000</ele>
      </trkpt>
      <trkpt lat="45.686230000" lon="6.607580000">
        <ele>1728.000</ele>
      </trkpt>
      <trkpt lat="45.686010000" lon="6.607820000">
        <ele>1727.000</ele>
      </trkpt>
      <trkpt lat="45.685680000" lon="6.608230000">
        <ele>1726.000</ele>
      </trkpt>
      <trkpt lat="45.685580000" lon="6.608320000">
        <ele>1725.000</ele>
      </trkpt>
      <trkpt lat="45.685380000" lon="6.608470000">
        <ele>1724.000</ele>
      </trkpt>
      <trkpt lat="45.685300000" lon="6.608490000">
        <ele>1723.000</ele>
      </trkpt>
      <trkpt lat="45.685230000" lon="6.608470000">
        <ele>1722.000</ele>
      </trkpt>
      <trkpt lat="45.684960000" lon="6.608340000">
        <ele>1721.000</ele>
      </trkpt>
      <trkpt lat="45.684860000" lon="6.608330000">
        <ele>1721.000</ele>
      </trkpt>
      <trkpt lat="45.684790000" lon="6.608350000">
        <ele>1720.000</ele>
      </trkpt>
      <trkpt lat="45.684720000" lon="6.608390000">
        <ele>1720.000</ele>
      </trkpt>
      <trkpt lat="45.684660000" lon="6.608460000">
        <ele>1719.000</ele>
      </trkpt>
      <trkpt lat="45.684600000" lon="6.608580000">
        <ele>1719.000</ele>
      </trkpt>
      <trkpt lat="45.684550000" lon="6.608690000">
        <ele>1718.000</ele>
      </trkpt>
      <trkpt lat="45.684500000" lon="6.608870000">
        <ele>1718.000</ele>
      </trkpt>
      <trkpt lat="45.684470000" lon="6.609010000">
        <ele>1717.000</ele>
      </trkpt>
      <trkpt lat="45.684480000" lon="6.609320000">
        <ele>1716.000</ele>
      </trkpt>
      <trkpt lat="45.684470000" lon="6.609410000">
        <ele>1715.000</ele>
      </trkpt>
      <trkpt lat="45.684450000" lon="6.609490000">
        <ele>1714.000</ele>
      </trkpt>
      <trkpt lat="45.684430000" lon="6.609550000">
        <ele>1714.000</ele>
      </trkpt>
      <trkpt lat="45.684200000" lon="6.609850000">
        <ele>1712.000</ele>
      </trkpt>
      <trkpt lat="45.684150000" lon="6.609910000">
        <ele>1711.000</ele>
      </trkpt>
      <trkpt lat="45.684010000" lon="6.610010000">
        <ele>1710.000</ele>
      </trkpt>
      <trkpt lat="45.683960000" lon="6.610020000">
        <ele>1709.000</ele>
      </trkpt>
      <trkpt lat="45.683890000" lon="6.610020000">
        <ele>1709.000</ele>
      </trkpt>
      <trkpt lat="45.683750000" lon="6.609970000">
        <ele>1708.000</ele>
      </trkpt>
      <trkpt lat="45.683660000" lon="6.609970000">
        <ele>1707.000</ele>
      </trkpt>
      <trkpt lat="45.683550000" lon="6.610010000">
        <ele>1706.000</ele>
      </trkpt>
      <trkpt lat="45.683470000" lon="6.610110000">
        <ele>1705.000</ele>
      </trkpt>
      <trkpt lat="45.683390000" lon="6.610260000">
        <ele>1704.000</ele>
      </trkpt>
      <trkpt lat="45.683290000" lon="6.610490000">
        <ele>1703.000</ele>
      </trkpt>
      <trkpt lat="45.683190000" lon="6.610610000">
        <ele>1702.000</ele>
      </trkpt>
      <trkpt lat="45.683010000" lon="6.610780000">
        <ele>1700.000</ele>
      </trkpt>
      <trkpt lat="45.682840000" lon="6.610980000">
        <ele>1699.000</ele>
      </trkpt>
      <trkpt lat="45.682740000" lon="6.611060000">
        <ele>1698.000</ele>
      </trkpt>
      <trkpt lat="45.682590000" lon="6.611150000">
        <ele>1696.000</ele>
      </trkpt>
      <trkpt lat="45.682360000" lon="6.611230000">
        <ele>1695.000</ele>
      </trkpt>
      <trkpt lat="45.682250000" lon="6.611250000">
        <ele>1694.000</ele>
      </trkpt>
      <trkpt lat="45.682200000" lon="6.611280000">
        <ele>1693.000</ele>
      </trkpt>
      <trkpt lat="45.682180000" lon="6.611310000">
        <ele>1692.000</ele>
      </trkpt>
      <trkpt lat="45.682180000" lon="6.611350000">
        <ele>1691.000</ele>
      </trkpt>
      <trkpt lat="45.682180000" lon="6.611370000">
        <ele>1691.000</ele>
      </trkpt>
      <trkpt lat="45.682210000" lon="6.611410000">
        <ele>1691.000</ele>
      </trkpt>
      <trkpt lat="45.682600000" lon="6.611440000">
        <ele>1689.000</ele>
      </trkpt>
      <trkpt lat="45.682880000" lon="6.611490000">
        <ele>1688.000</ele>
      </trkpt>
      <trkpt lat="45.682990000" lon="6.611520000">
        <ele>1686.000</ele>
      </trkpt>
      <trkpt lat="45.683140000" lon="6.611530000">
        <ele>1685.000</ele>
      </trkpt>
      <trkpt lat="45.683220000" lon="6.611550000">
        <ele>1684.000</ele>
      </trkpt>
      <trkpt lat="45.683320000" lon="6.611610000">
        <ele>1683.000</ele>
      </trkpt>
      <trkpt lat="45.683360000" lon="6.611630000">
        <ele>1683.000</ele>
      </trkpt>
      <trkpt lat="45.683410000" lon="6.611630000">
        <ele>1682.000</ele>
      </trkpt>
      <trkpt lat="45.683490000" lon="6.611600000">
        <ele>1681.000</ele>
      </trkpt>
      <trkpt lat="45.683570000" lon="6.611550000">
        <ele>1681.000</ele>
      </trkpt>
      <trkpt lat="45.683620000" lon="6.611550000">
        <ele>1680.000</ele>
      </trkpt>
      <trkpt lat="45.683680000" lon="6.611580000">
        <ele>1680.000</ele>
      </trkpt>
      <trkpt lat="45.683720000" lon="6.611630000">
        <ele>1679.000</ele>
      </trkpt>
      <trkpt lat="45.683800000" lon="6.611780000">
        <ele>1679.000</ele>
      </trkpt>
      <trkpt lat="45.683850000" lon="6.611820000">
        <ele>1678.000</ele>
      </trkpt>
      <trkpt lat="45.683910000" lon="6.611860000">
        <ele>1678.000</ele>
      </trkpt>
      <trkpt lat="45.683980000" lon="6.611850000">
        <ele>1677.000</ele>
      </trkpt>
      <trkpt lat="45.684100000" lon="6.611820000">
        <ele>1677.000</ele>
      </trkpt>
      <trkpt lat="45.684150000" lon="6.611840000">
        <ele>1676.000</ele>
      </trkpt>
      <trkpt lat="45.684180000" lon="6.611860000">
        <ele>1676.000</ele>
      </trkpt>
      <trkpt lat="45.684190000" lon="6.611910000">
        <ele>1676.000</ele>
      </trkpt>
      <trkpt lat="45.684180000" lon="6.611960000">
        <ele>1675.000</ele>
      </trkpt>
      <trkpt lat="45.684160000" lon="6.611980000">
        <ele>1675.000</ele>
      </trkpt>
      <trkpt lat="45.684100000" lon="6.612000000">
        <ele>1675.000</ele>
      </trkpt>
      <trkpt lat="45.683870000" lon="6.612040000">
        <ele>1674.000</ele>
      </trkpt>
      <trkpt lat="45.683810000" lon="6.612030000">
        <ele>1673.000</ele>
      </trkpt>
      <trkpt lat="45.683740000" lon="6.612000000">
        <ele>1672.000</ele>
      </trkpt>
      <trkpt lat="45.683680000" lon="6.611940000">
        <ele>1671.000</ele>
      </trkpt>
      <trkpt lat="45.683620000" lon="6.611940000">
        <ele>1670.000</ele>
      </trkpt>
      <trkpt lat="45.683520000" lon="6.612000000">
        <ele>1669.000</ele>
      </trkpt>
      <trkpt lat="45.683460000" lon="6.612060000">
        <ele>1668.000</ele>
      </trkpt>
      <trkpt lat="45.683370000" lon="6.612120000">
        <ele>1667.000</ele>
      </trkpt>
      <trkpt lat="45.683280000" lon="6.612160000">
        <ele>1666.000</ele>
      </trkpt>
      <trkpt lat="45.683180000" lon="6.612180000">
        <ele>1664.000</ele>
      </trkpt>
      <trkpt lat="45.682990000" lon="6.612320000">
        <ele>1662.000</ele>
      </trkpt>
      <trkpt lat="45.682990000" lon="6.612320000">
        <ele>1661.000</ele>
      </trkpt>
      <trkpt lat="45.682860000" lon="6.612400000">
        <ele>1660.000</ele>
      </trkpt>
      <trkpt lat="45.682700000" lon="6.612480000">
        <ele>1658.000</ele>
      </trkpt>
      <trkpt lat="45.682440000" lon="6.612650000">
        <ele>1655.000</ele>
      </trkpt>
      <trkpt lat="45.682290000" lon="6.612710000">
        <ele>1653.000</ele>
      </trkpt>
      <trkpt lat="45.682160000" lon="6.612760000">
        <ele>1650.000</ele>
      </trkpt>
      <trkpt lat="45.682040000" lon="6.612790000">
        <ele>1648.000</ele>
      </trkpt>
      <trkpt lat="45.681970000" lon="6.612820000">
        <ele>1647.000</ele>
      </trkpt>
      <trkpt lat="45.681940000" lon="6.612860000">
        <ele>1646.000</ele>
      </trkpt>
      <trkpt lat="45.681940000" lon="6.612890000">
        <ele>1645.000</ele>
      </trkpt>
      <trkpt lat="45.681950000" lon="6.612930000">
        <ele>1644.000</ele>
      </trkpt>
      <trkpt lat="45.681970000" lon="6.612960000">
        <ele>1644.000</ele>
      </trkpt>
      <trkpt lat="45.682000000" lon="6.612980000">
        <ele>1643.000</ele>
      </trkpt>
      <trkpt lat="45.682210000" lon="6.612960000">
        <ele>1642.000</ele>
      </trkpt>
      <trkpt lat="45.682680000" lon="6.613020000">
        <ele>1640.000</ele>
      </trkpt>
      <trkpt lat="45.682910000" lon="6.613060000">
        <ele>1638.000</ele>
      </trkpt>
      <trkpt lat="45.683120000" lon="6.613070000">
        <ele>1636.000</ele>
      </trkpt>
      <trkpt lat="45.683330000" lon="6.613080000">
        <ele>1634.000</ele>
      </trkpt>
      <trkpt lat="45.683400000" lon="6.613120000">
        <ele>1632.000</ele>
      </trkpt>
      <trkpt lat="45.683470000" lon="6.613190000">
        <ele>1631.000</ele>
      </trkpt>
      <trkpt lat="45.683520000" lon="6.613300000">
        <ele>1630.000</ele>
      </trkpt>
      <trkpt lat="45.683710000" lon="6.614040000">
        <ele>1628.000</ele>
      </trkpt>
      <trkpt lat="45.683780000" lon="6.614230000">
        <ele>1626.000</ele>
      </trkpt>
      <trkpt lat="45.683860000" lon="6.614400000">
        <ele>1625.000</ele>
      </trkpt>
      <trkpt lat="45.684070000" lon="6.614770000">
        <ele>1623.000</ele>
      </trkpt>
      <trkpt lat="45.684110000" lon="6.614910000">
        <ele>1621.000</ele>
      </trkpt>
      <trkpt lat="45.684120000" lon="6.615010000">
        <ele>1620.000</ele>
      </trkpt>
      <trkpt lat="45.684090000" lon="6.615140000">
        <ele>1619.000</ele>
      </trkpt>
      <trkpt lat="45.684060000" lon="6.615240000">
        <ele>1618.000</ele>
      </trkpt>
      <trkpt lat="45.683990000" lon="6.615340000">
        <ele>1617.000</ele>
      </trkpt>
      <trkpt lat="45.683780000" lon="6.615580000">
        <ele>1616.000</ele>
      </trkpt>
      <trkpt lat="45.683700000" lon="6.615650000">
        <ele>1615.000</ele>
      </trkpt>
      <trkpt lat="45.683550000" lon="6.615700000">
        <ele>1614.000</ele>
      </trkpt>
      <trkpt lat="45.683370000" lon="6.615720000">
        <ele>1613.000</ele>
      </trkpt>
      <trkpt lat="45.683240000" lon="6.615750000">
        <ele>1612.000</ele>
      </trkpt>
      <trkpt lat="45.683190000" lon="6.615780000">
        <ele>1611.000</ele>
      </trkpt>
      <trkpt lat="45.683150000" lon="6.615840000">
        <ele>1610.000</ele>
      </trkpt>
      <trkpt lat="45.683140000" lon="6.615910000">
        <ele>1609.000</ele>
      </trkpt>
      <trkpt lat="45.683150000" lon="6.616000000">
        <ele>1609.000</ele>
      </trkpt>
      <trkpt lat="45.683210000" lon="6.616130000">
        <ele>1608.000</ele>
      </trkpt>
      <trkpt lat="45.683310000" lon="6.616350000">
        <ele>1607.000</ele>
      </trkpt>
      <trkpt lat="45.683380000" lon="6.616440000">
        <ele>1606.000</ele>
      </trkpt>
      <trkpt lat="45.683410000" lon="6.616500000">
        <ele>1606.000</ele>
      </trkpt>
      <trkpt lat="45.683420000" lon="6.616550000">
        <ele>1605.000</ele>
      </trkpt>
      <trkpt lat="45.683420000" lon="6.616610000">
        <ele>1605.000</ele>
      </trkpt>
      <trkpt lat="45.683380000" lon="6.616650000">
        <ele>1604.000</ele>
      </trkpt>
      <trkpt lat="45.683330000" lon="6.616640000">
        <ele>1604.000</ele>
      </trkpt>
      <trkpt lat="45.683260000" lon="6.616610000">
        <ele>1603.000</ele>
      </trkpt>
      <trkpt lat="45.683140000" lon="6.616480000">
        <ele>1603.000</ele>
      </trkpt>
      <trkpt lat="45.683060000" lon="6.616350000">
        <ele>1602.000</ele>
      </trkpt>
      <trkpt lat="45.682840000" lon="6.615880000">
        <ele>1600.000</ele>
      </trkpt>
      <trkpt lat="45.682750000" lon="6.615720000">
        <ele>1599.000</ele>
      </trkpt>
      <trkpt lat="45.682680000" lon="6.615620000">
        <ele>1598.000</ele>
      </trkpt>
      <trkpt lat="45.682540000" lon="6.615520000">
        <ele>1597.000</ele>
      </trkpt>
      <trkpt lat="45.682320000" lon="6.615390000">
        <ele>1595.000</ele>
      </trkpt>
      <trkpt lat="45.682200000" lon="6.615330000">
        <ele>1594.000</ele>
      </trkpt>
      <trkpt lat="45.681180000" lon="6.615190000">
        <ele>1590.000</ele>
      </trkpt>
      <trkpt lat="45.680880000" lon="6.615140000">
        <ele>1587.000</ele>
      </trkpt>
      <trkpt lat="45.680610000" lon="6.615050000">
        <ele>1584.000</ele>
      </trkpt>
      <trkpt lat="45.680560000" lon="6.615060000">
        <ele>1582.000</ele>
      </trkpt>
      <trkpt lat="45.680530000" lon="6.615100000">
        <ele>1581.000</ele>
      </trkpt>
      <trkpt lat="45.680530000" lon="6.615160000">
        <ele>1580.000</ele>
      </trkpt>
      <trkpt lat="45.680550000" lon="6.615200000">
        <ele>1579.000</ele>
      </trkpt>
      <trkpt lat="45.680900000" lon="6.615340000">
        <ele>1578.000</ele>
      </trkpt>
      <trkpt lat="45.681110000" lon="6.615450000">
        <ele>1577.000</ele>
      </trkpt>
      <trkpt lat="45.681280000" lon="6.615560000">
        <ele>1575.000</ele>
      </trkpt>
      <trkpt lat="45.681440000" lon="6.615710000">
        <ele>1574.000</ele>
      </trkpt>
      <trkpt lat="45.681880000" lon="6.616100000">
        <ele>1572.000</ele>
      </trkpt>
      <trkpt lat="45.682440000" lon="6.616640000">
        <ele>1567.000</ele>
      </trkpt>
      <trkpt lat="45.682590000" lon="6.616790000">
        <ele>1563.000</ele>
      </trkpt>
      <trkpt lat="45.682770000" lon="6.617040000">
        <ele>1559.000</ele>
      </trkpt>
      <trkpt lat="45.682850000" lon="6.617160000">
        <ele>1556.000</ele>
      </trkpt>
      <trkpt lat="45.682910000" lon="6.617240000">
        <ele>1553.000</ele>
      </trkpt>
      <trkpt lat="45.683580000" lon="6.618520000">
        <ele>1545.000</ele>
      </trkpt>
      <trkpt lat="45.684410000" lon="6.620310000">
        <ele>1535.000</ele>
      </trkpt>
      <trkpt lat="45.685150000" lon="6.621910000">
        <ele>1525.000</ele>
      </trkpt>
      <trkpt lat="45.685380000" lon="6.622430000">
        <ele>1519.000</ele>
      </trkpt>
      <trkpt lat="45.685710000" lon="6.622960000">
        <ele>1517.000</ele>
      </trkpt>
      <trkpt lat="45.685880000" lon="6.623200000">
        <ele>1516.000</ele>
      </trkpt>
      <trkpt lat="45.686260000" lon="6.623660000">
        <ele>1516.000</ele>
      </trkpt>
      <trkpt lat="45.686810000" lon="6.624080000">
        <ele>1518.000</ele>
      </trkpt>
      <trkpt lat="45.687190000" lon="6.624310000">
        <ele>1524.000</ele>
      </trkpt>
      <trkpt lat="45.687380000" lon="6.624410000">
        <ele>1529.000</ele>
      </trkpt>
      <trkpt lat="45.687560000" lon="6.624480000">
        <ele>1534.000</ele>
      </trkpt>
      <trkpt lat="45.687710000" lon="6.624570000">
        <ele>1539.000</ele>
      </trkpt>
      <trkpt lat="45.687760000" lon="6.624600000">
        <ele>1543.000</ele>
      </trkpt>
      <trkpt lat="45.687830000" lon="6.624670000">
        <ele>1546.000</ele>
      </trkpt>
      <trkpt lat="45.687890000" lon="6.624760000">
        <ele>1549.000</ele>
      </trkpt>
      <trkpt lat="45.688230000" lon="6.625480000">
        <ele>1556.000</ele>
      </trkpt>
      <trkpt lat="45.688570000" lon="6.626030000">
        <ele>1562.000</ele>
      </trkpt>
      <trkpt lat="45.688670000" lon="6.626190000">
        <ele>1566.000</ele>
      </trkpt>
      <trkpt lat="45.688760000" lon="6.626330000">
        <ele>1569.000</ele>
      </trkpt>
      <trkpt lat="45.688940000" lon="6.626790000">
        <ele>1571.000</ele>
      </trkpt>
      <trkpt lat="45.689050000" lon="6.626990000">
        <ele>1573.000</ele>
      </trkpt>
      <trkpt lat="45.689240000" lon="6.627300000">
        <ele>1574.000</ele>
      </trkpt>
      <trkpt lat="45.689520000" lon="6.627620000">
        <ele>1576.000</ele>
      </trkpt>
      <trkpt lat="45.689770000" lon="6.627900000">
        <ele>1577.000</ele>
      </trkpt>
      <trkpt lat="45.689970000" lon="6.628150000">
        <ele>1579.000</ele>
      </trkpt>
      <trkpt lat="45.690150000" lon="6.628400000">
        <ele>1580.000</ele>
      </trkpt>
      <trkpt lat="45.690380000" lon="6.628730000">
        <ele>1582.000</ele>
      </trkpt>
      <trkpt lat="45.690580000" lon="6.628980000">
        <ele>1583.000</ele>
      </trkpt>
      <trkpt lat="45.690740000" lon="6.629120000">
        <ele>1585.000</ele>
      </trkpt>
      <trkpt lat="45.690790000" lon="6.629160000">
        <ele>1586.000</ele>
      </trkpt>
      <trkpt lat="45.690910000" lon="6.629220000">
        <ele>1587.000</ele>
      </trkpt>
      <trkpt lat="45.691050000" lon="6.629300000">
        <ele>1587.000</ele>
      </trkpt>
      <trkpt lat="45.691330000" lon="6.629610000">
        <ele>1588.000</ele>
      </trkpt>
      <trkpt lat="45.691520000" lon="6.629790000">
        <ele>1588.000</ele>
      </trkpt>
      <trkpt lat="45.691700000" lon="6.629920000">
        <ele>1589.000</ele>
      </trkpt>
      <trkpt lat="45.691990000" lon="6.630170000">
        <ele>1589.000</ele>
      </trkpt>
      <trkpt lat="45.692090000" lon="6.630240000">
        <ele>1590.000</ele>
      </trkpt>
      <trkpt lat="45.692420000" lon="6.630410000">
        <ele>1590.000</ele>
      </trkpt>
      <trkpt lat="45.692760000" lon="6.630610000">
        <ele>1591.000</ele>
      </trkpt>
      <trkpt lat="45.692880000" lon="6.630660000">
        <ele>1591.000</ele>
      </trkpt>
      <trkpt lat="45.693020000" lon="6.630680000">
        <ele>1592.000</ele>
      </trkpt>
      <trkpt lat="45.693160000" lon="6.630750000">
        <ele>1593.000</ele>
      </trkpt>
      <trkpt lat="45.693250000" lon="6.630810000">
        <ele>1594.000</ele>
      </trkpt>
      <trkpt lat="45.693400000" lon="6.630940000">
        <ele>1595.000</ele>
      </trkpt>
      <trkpt lat="45.693640000" lon="6.631200000">
        <ele>1596.000</ele>
      </trkpt>
      <trkpt lat="45.693740000" lon="6.631270000">
        <ele>1597.000</ele>
      </trkpt>
      <trkpt lat="45.693980000" lon="6.631390000">
        <ele>1599.000</ele>
      </trkpt>
      <trkpt lat="45.694050000" lon="6.631470000">
        <ele>1600.000</ele>
      </trkpt>
      <trkpt lat="45.694090000" lon="6.631530000">
        <ele>1601.000</ele>
      </trkpt>
      <trkpt lat="45.694110000" lon="6.631610000">
        <ele>1601.000</ele>
      </trkpt>
      <trkpt lat="45.694120000" lon="6.631720000">
        <ele>1602.000</ele>
      </trkpt>
      <trkpt lat="45.694100000" lon="6.631920000">
        <ele>1603.000</ele>
      </trkpt>
      <trkpt lat="45.694110000" lon="6.632110000">
        <ele>1604.000</ele>
      </trkpt>
      <trkpt lat="45.694150000" lon="6.632340000">
        <ele>1605.000</ele>
      </trkpt>
      <trkpt lat="45.694210000" lon="6.632580000">
        <ele>1605.000</ele>
      </trkpt>
      <trkpt lat="45.694290000" lon="6.632740000">
        <ele>1606.000</ele>
      </trkpt>
      <trkpt lat="45.694420000" lon="6.632940000">
        <ele>1607.000</ele>
      </trkpt>
      <trkpt lat="45.694540000" lon="6.633160000">
        <ele>1608.000</ele>
      </trkpt>
      <trkpt lat="45.694690000" lon="6.633390000">
        <ele>1608.000</ele>
      </trkpt>
      <trkpt lat="45.694760000" lon="6.633540000">
        <ele>1609.000</ele>
      </trkpt>
      <trkpt lat="45.694800000" lon="6.633620000">
        <ele>1610.000</ele>
      </trkpt>
      <trkpt lat="45.694830000" lon="6.633650000">
        <ele>1610.000</ele>
      </trkpt>
      <trkpt lat="45.694900000" lon="6.633640000">
        <ele>1611.000</ele>
      </trkpt>
      <trkpt lat="45.694930000" lon="6.633460000">
        <ele>1611.000</ele>
      </trkpt>
      <trkpt lat="45.694970000" lon="6.633330000">
        <ele>1612.000</ele>
      </trkpt>
      <trkpt lat="45.695020000" lon="6.633230000">
        <ele>1612.000</ele>
      </trkpt>
      <trkpt lat="45.695080000" lon="6.633140000">
        <ele>1612.000</ele>
      </trkpt>
      <trkpt lat="45.695150000" lon="6.633060000">
        <ele>1613.000</ele>
      </trkpt>
      <trkpt lat="45.695210000" lon="6.633030000">
        <ele>1613.000</ele>
      </trkpt>
      <trkpt lat="45.695290000" lon="6.633010000">
        <ele>1613.000</ele>
      </trkpt>
      <trkpt lat="45.695390000" lon="6.633000000">
        <ele>1613.000</ele>
      </trkpt>
      <trkpt lat="45.695480000" lon="6.633020000">
        <ele>1612.000</ele>
      </trkpt>
      <trkpt lat="45.695570000" lon="6.633070000">
        <ele>1612.000</ele>
      </trkpt>
      <trkpt lat="45.695660000" lon="6.633120000">
        <ele>1612.000</ele>
      </trkpt>
      <trkpt lat="45.695770000" lon="6.633220000">
        <ele>1611.000</ele>
      </trkpt>
      <trkpt lat="45.695970000" lon="6.633380000">
        <ele>1610.000</ele>
      </trkpt>
      <trkpt lat="45.696080000" lon="6.633440000">
        <ele>1610.000</ele>
      </trkpt>
      <trkpt lat="45.696210000" lon="6.633480000">
        <ele>1609.000</ele>
      </trkpt>
      <trkpt lat="45.696470000" lon="6.633540000">
        <ele>1608.000</ele>
      </trkpt>
      <trkpt lat="45.696570000" lon="6.633590000">
        <ele>1608.000</ele>
      </trkpt>
      <trkpt lat="45.696680000" lon="6.633670000">
        <ele>1607.000</ele>
      </trkpt>
      <trkpt lat="45.696850000" lon="6.633770000">
        <ele>1606.000</ele>
      </trkpt>
      <trkpt lat="45.697070000" lon="6.633840000">
        <ele>1605.000</ele>
      </trkpt>
      <trkpt lat="45.697230000" lon="6.633890000">
        <ele>1604.000</ele>
      </trkpt>
      <trkpt lat="45.697280000" lon="6.633900000">
        <ele>1603.000</ele>
      </trkpt>
      <trkpt lat="45.697330000" lon="6.633910000">
        <ele>1602.000</ele>
      </trkpt>
      <trkpt lat="45.697400000" lon="6.633910000">
        <ele>1602.000</ele>
      </trkpt>
      <trkpt lat="45.697490000" lon="6.633900000">
        <ele>1601.000</ele>
      </trkpt>
      <trkpt lat="45.697700000" lon="6.633840000">
        <ele>1600.000</ele>
      </trkpt>
      <trkpt lat="45.697810000" lon="6.633830000">
        <ele>1599.000</ele>
      </trkpt>
      <trkpt lat="45.697890000" lon="6.633830000">
        <ele>1599.000</ele>
      </trkpt>
      <trkpt lat="45.697970000" lon="6.633870000">
        <ele>1598.000</ele>
      </trkpt>
      <trkpt lat="45.698040000" lon="6.633930000">
        <ele>1597.000</ele>
      </trkpt>
      <trkpt lat="45.698130000" lon="6.634020000">
        <ele>1596.000</ele>
      </trkpt>
      <trkpt lat="45.698220000" lon="6.634120000">
        <ele>1596.000</ele>
      </trkpt>
      <trkpt lat="45.698220000" lon="6.634120000">
        <ele>1595.000</ele>
      </trkpt>
      <trkpt lat="45.698230000" lon="6.634130000">
        <ele>1595.000</ele>
      </trkpt>
      <trkpt lat="45.698320000" lon="6.634180000">
        <ele>1594.000</ele>
      </trkpt>
      <trkpt lat="45.698410000" lon="6.634200000">
        <ele>1594.000</ele>
      </trkpt>
      <trkpt lat="45.698580000" lon="6.634200000">
        <ele>1593.000</ele>
      </trkpt>
      <trkpt lat="45.698800000" lon="6.634210000">
        <ele>1592.000</ele>
      </trkpt>
      <trkpt lat="45.698970000" lon="6.634200000">
        <ele>1590.000</ele>
      </trkpt>
      <trkpt lat="45.699090000" lon="6.634170000">
        <ele>1589.000</ele>
      </trkpt>
      <trkpt lat="45.699200000" lon="6.634110000">
        <ele>1587.000</ele>
      </trkpt>
      <trkpt lat="45.699300000" lon="6.634030000">
        <ele>1586.000</ele>
      </trkpt>
      <trkpt lat="45.699400000" lon="6.633950000">
        <ele>1585.000</ele>
      </trkpt>
      <trkpt lat="45.699470000" lon="6.633890000">
        <ele>1584.000</ele>
      </trkpt>
      <trkpt lat="45.699520000" lon="6.633870000">
        <ele>1583.000</ele>
      </trkpt>
      <trkpt lat="45.699570000" lon="6.633850000">
        <ele>1582.000</ele>
      </trkpt>
      <trkpt lat="45.699620000" lon="6.633850000">
        <ele>1581.000</ele>
      </trkpt>
      <trkpt lat="45.699690000" lon="6.633850000">
        <ele>1580.000</ele>
      </trkpt>
      <trkpt lat="45.699910000" lon="6.633890000">
        <ele>1579.000</ele>
      </trkpt>
      <trkpt lat="45.700100000" lon="6.633900000">
        <ele>1577.000</ele>
      </trkpt>
      <trkpt lat="45.700720000" lon="6.633880000">
        <ele>1574.000</ele>
      </trkpt>
      <trkpt lat="45.701170000" lon="6.633830000">
        <ele>1570.000</ele>
      </trkpt>
      <trkpt lat="45.701750000" lon="6.633780000">
        <ele>1565.000</ele>
      </trkpt>
      <trkpt lat="45.701910000" lon="6.633750000">
        <ele>1562.000</ele>
      </trkpt>
      <trkpt lat="45.702370000" lon="6.633670000">
        <ele>1557.000</ele>
      </trkpt>
      <trkpt lat="45.702570000" lon="6.633630000">
        <ele>1554.000</ele>
      </trkpt>
      <trkpt lat="45.702670000" lon="6.633590000">
        <ele>1551.000</ele>
      </trkpt>
      <trkpt lat="45.702870000" lon="6.633510000">
        <ele>1549.000</ele>
      </trkpt>
      <trkpt lat="45.703000000" lon="6.633470000">
        <ele>1547.000</ele>
      </trkpt>
      <trkpt lat="45.703080000" lon="6.633450000">
        <ele>1546.000</ele>
      </trkpt>
      <trkpt lat="45.703160000" lon="6.633450000">
        <ele>1545.000</ele>
      </trkpt>
      <trkpt lat="45.703230000" lon="6.633460000">
        <ele>1544.000</ele>
      </trkpt>
      <trkpt lat="45.703370000" lon="6.633500000">
        <ele>1543.000</ele>
      </trkpt>
      <trkpt lat="45.703620000" lon="6.633600000">
        <ele>1542.000</ele>
      </trkpt>
      <trkpt lat="45.703690000" lon="6.633610000">
        <ele>1541.000</ele>
      </trkpt>
      <trkpt lat="45.703760000" lon="6.633610000">
        <ele>1540.000</ele>
      </trkpt>
      <trkpt lat="45.703820000" lon="6.633600000">
        <ele>1539.000</ele>
      </trkpt>
      <trkpt lat="45.703870000" lon="6.633580000">
        <ele>1539.000</ele>
      </trkpt>
      <trkpt lat="45.703940000" lon="6.633540000">
        <ele>1538.000</ele>
      </trkpt>
      <trkpt lat="45.704000000" lon="6.633510000">
        <ele>1538.000</ele>
      </trkpt>
      <trkpt lat="45.704050000" lon="6.633480000">
        <ele>1538.000</ele>
      </trkpt>
      <trkpt lat="45.704100000" lon="6.633470000">
        <ele>1537.000</ele>
      </trkpt>
      <trkpt lat="45.704170000" lon="6.633470000">
        <ele>1537.000</ele>
      </trkpt>
      <trkpt lat="45.704220000" lon="6.633480000">
        <ele>1536.000</ele>
      </trkpt>
      <trkpt lat="45.704270000" lon="6.633490000">
        <ele>1536.000</ele>
      </trkpt>
      <trkpt lat="45.704370000" lon="6.633540000">
        <ele>1535.000</ele>
      </trkpt>
      <trkpt lat="45.704420000" lon="6.633570000">
        <ele>1535.000</ele>
      </trkpt>
      <trkpt lat="45.704480000" lon="6.633590000">
        <ele>1534.000</ele>
      </trkpt>
      <trkpt lat="45.704570000" lon="6.633590000">
        <ele>1534.000</ele>
      </trkpt>
      <trkpt lat="45.705050000" lon="6.633590000">
        <ele>1531.000</ele>
      </trkpt>
      <trkpt lat="45.705250000" lon="6.633580000">
        <ele>1529.000</ele>
      </trkpt>
      <trkpt lat="45.705370000" lon="6.633570000">
        <ele>1527.000</ele>
      </trkpt>
      <trkpt lat="45.705450000" lon="6.633550000">
        <ele>1525.000</ele>
      </trkpt>
      <trkpt lat="45.705570000" lon="6.633520000">
        <ele>1523.000</ele>
      </trkpt>
      <trkpt lat="45.705750000" lon="6.633460000">
        <ele>1521.000</ele>
      </trkpt>
      <trkpt lat="45.705890000" lon="6.633410000">
        <ele>1520.000</ele>
      </trkpt>
      <trkpt lat="45.705960000" lon="6.633410000">
        <ele>1518.000</ele>
      </trkpt>
      <trkpt lat="45.706070000" lon="6.633410000">
        <ele>1517.000</ele>
      </trkpt>
      <trkpt lat="45.706130000" lon="6.633410000">
        <ele>1516.000</ele>
      </trkpt>
      <trkpt lat="45.706190000" lon="6.633390000">
        <ele>1515.000</ele>
      </trkpt>
      <trkpt lat="45.706290000" lon="6.633350000">
        <ele>1514.000</ele>
      </trkpt>
      <trkpt lat="45.706490000" lon="6.633240000">
        <ele>1513.000</ele>
      </trkpt>
      <trkpt lat="45.706540000" lon="6.633210000">
        <ele>1512.000</ele>
      </trkpt>
      <trkpt lat="45.706580000" lon="6.633200000">
        <ele>1511.000</ele>
      </trkpt>
      <trkpt lat="45.706640000" lon="6.633180000">
        <ele>1511.000</ele>
      </trkpt>
      <trkpt lat="45.706760000" lon="6.633170000">
        <ele>1510.000</ele>
      </trkpt>
      <trkpt lat="45.706860000" lon="6.633160000">
        <ele>1509.000</ele>
      </trkpt>
      <trkpt lat="45.706910000" lon="6.633160000">
        <ele>1509.000</ele>
      </trkpt>
      <trkpt lat="45.706940000" lon="6.633150000">
        <ele>1508.000</ele>
      </trkpt>
      <trkpt lat="45.706960000" lon="6.633140000">
        <ele>1508.000</ele>
      </trkpt>
      <trkpt lat="45.706970000" lon="6.633130000">
        <ele>1508.000</ele>
      </trkpt>
      <trkpt lat="45.706980000" lon="6.633110000">
        <ele>1507.000</ele>
      </trkpt>
      <trkpt lat="45.706990000" lon="6.633080000">
        <ele>1507.000</ele>
      </trkpt>
      <trkpt lat="45.706990000" lon="6.633040000">
        <ele>1507.000</ele>
      </trkpt>
      <trkpt lat="45.706990000" lon="6.633010000">
        <ele>1507.000</ele>
      </trkpt>
      <trkpt lat="45.706990000" lon="6.632970000">
        <ele>1507.000</ele>
      </trkpt>
      <trkpt lat="45.706970000" lon="6.632940000">
        <ele>1507.000</ele>
      </trkpt>
      <trkpt lat="45.706950000" lon="6.632910000">
        <ele>1506.000</ele>
      </trkpt>
      <trkpt lat="45.706920000" lon="6.632900000">
        <ele>1506.000</ele>
      </trkpt>
      <trkpt lat="45.706900000" lon="6.632890000">
        <ele>1506.000</ele>
      </trkpt>
      <trkpt lat="45.706870000" lon="6.632890000">
        <ele>1506.000</ele>
      </trkpt>
      <trkpt lat="45.706840000" lon="6.632910000">
        <ele>1506.000</ele>
      </trkpt>
      <trkpt lat="45.706790000" lon="6.632930000">
        <ele>1505.000</ele>
      </trkpt>
      <trkpt lat="45.706610000" lon="6.633000000">
        <ele>1505.000</ele>
      </trkpt>
      <trkpt lat="45.706440000" lon="6.633070000">
        <ele>1504.000</ele>
      </trkpt>
      <trkpt lat="45.706290000" lon="6.633110000">
        <ele>1503.000</ele>
      </trkpt>
      <trkpt lat="45.706210000" lon="6.633130000">
        <ele>1503.000</ele>
      </trkpt>
      <trkpt lat="45.706130000" lon="6.633130000">
        <ele>1502.000</ele>
      </trkpt>
      <trkpt lat="45.705910000" lon="6.633100000">
        <ele>1501.000</ele>
      </trkpt>
      <trkpt lat="45.705660000" lon="6.633070000">
        <ele>1499.000</ele>
      </trkpt>
      <trkpt lat="45.705490000" lon="6.633050000">
        <ele>1498.000</ele>
      </trkpt>
      <trkpt lat="45.705370000" lon="6.633030000">
        <ele>1497.000</ele>
      </trkpt>
      <trkpt lat="45.705280000" lon="6.633000000">
        <ele>1496.000</ele>
      </trkpt>
      <trkpt lat="45.705160000" lon="6.632950000">
        <ele>1495.000</ele>
      </trkpt>
      <trkpt lat="45.705050000" lon="6.632900000">
        <ele>1494.000</ele>
      </trkpt>
      <trkpt lat="45.704950000" lon="6.632840000">
        <ele>1493.000</ele>
      </trkpt>
      <trkpt lat="45.704870000" lon="6.632770000">
        <ele>1492.000</ele>
      </trkpt>
      <trkpt lat="45.704710000" lon="6.632600000">
        <ele>1491.000</ele>
      </trkpt>
      <trkpt lat="45.704620000" lon="6.632530000">
        <ele>1490.000</ele>
      </trkpt>
      <trkpt lat="45.704560000" lon="6.632490000">
        <ele>1489.000</ele>
      </trkpt>
      <trkpt lat="45.704510000" lon="6.632480000">
        <ele>1488.000</ele>
      </trkpt>
      <trkpt lat="45.704440000" lon="6.632460000">
        <ele>1487.000</ele>
      </trkpt>
      <trkpt lat="45.704240000" lon="6.632440000">
        <ele>1486.000</ele>
      </trkpt>
      <trkpt lat="45.704170000" lon="6.632430000">
        <ele>1486.000</ele>
      </trkpt>
      <trkpt lat="45.704110000" lon="6.632410000">
        <ele>1485.000</ele>
      </trkpt>
      <trkpt lat="45.704060000" lon="6.632390000">
        <ele>1484.000</ele>
      </trkpt>
      <trkpt lat="45.704000000" lon="6.632340000">
        <ele>1484.000</ele>
      </trkpt>
      <trkpt lat="45.703900000" lon="6.632250000">
        <ele>1483.000</ele>
      </trkpt>
      <trkpt lat="45.703860000" lon="6.632210000">
        <ele>1483.000</ele>
      </trkpt>
      <trkpt lat="45.703810000" lon="6.632180000">
        <ele>1482.000</ele>
      </trkpt>
      <trkpt lat="45.703760000" lon="6.632150000">
        <ele>1482.000</ele>
      </trkpt>
      <trkpt lat="45.703690000" lon="6.632120000">
        <ele>1481.000</ele>
      </trkpt>
      <trkpt lat="45.703640000" lon="6.632120000">
        <ele>1481.000</ele>
      </trkpt>
      <trkpt lat="45.703570000" lon="6.632130000">
        <ele>1480.000</ele>
      </trkpt>
      <trkpt lat="45.703490000" lon="6.632140000">
        <ele>1480.000</ele>
      </trkpt>
      <trkpt lat="45.703370000" lon="6.632160000">
        <ele>1479.000</ele>
      </trkpt>
      <trkpt lat="45.703190000" lon="6.632220000">
        <ele>1478.000</ele>
      </trkpt>
      <trkpt lat="45.703030000" lon="6.632240000">
        <ele>1477.000</ele>
      </trkpt>
      <trkpt lat="45.702960000" lon="6.632250000">
        <ele>1476.000</ele>
      </trkpt>
      <trkpt lat="45.702880000" lon="6.632250000">
        <ele>1476.000</ele>
      </trkpt>
      <trkpt lat="45.702780000" lon="6.632240000">
        <ele>1475.000</ele>
      </trkpt>
      <trkpt lat="45.702390000" lon="6.632130000">
        <ele>1473.000</ele>
      </trkpt>
      <trkpt lat="45.702280000" lon="6.632110000">
        <ele>1472.000</ele>
      </trkpt>
      <trkpt lat="45.701790000" lon="6.632050000">
        <ele>1470.000</ele>
      </trkpt>
      <trkpt lat="45.701710000" lon="6.632040000">
        <ele>1468.000</ele>
      </trkpt>
      <trkpt lat="45.701640000" lon="6.632020000">
        <ele>1467.000</ele>
      </trkpt>
      <trkpt lat="45.701380000" lon="6.631890000">
        <ele>1465.000</ele>
      </trkpt>
      <trkpt lat="45.701040000" lon="6.631710000">
        <ele>1463.000</ele>
      </trkpt>
      <trkpt lat="45.700930000" lon="6.631630000">
        <ele>1462.000</ele>
      </trkpt>
      <trkpt lat="45.700860000" lon="6.631570000">
        <ele>1460.000</ele>
      </trkpt>
      <trkpt lat="45.700720000" lon="6.631410000">
        <ele>1459.000</ele>
      </trkpt>
      <trkpt lat="45.700650000" lon="6.631330000">
        <ele>1458.000</ele>
      </trkpt>
      <trkpt lat="45.700570000" lon="6.631250000">
        <ele>1457.000</ele>
      </trkpt>
      <trkpt lat="45.700400000" lon="6.631120000">
        <ele>1456.000</ele>
      </trkpt>
      <trkpt lat="45.700320000" lon="6.631060000">
        <ele>1455.000</ele>
      </trkpt>
      <trkpt lat="45.700260000" lon="6.631000000">
        <ele>1454.000</ele>
      </trkpt>
      <trkpt lat="45.700180000" lon="6.630910000">
        <ele>1453.000</ele>
      </trkpt>
      <trkpt lat="45.700170000" lon="6.630870000">
        <ele>1452.000</ele>
      </trkpt>
      <trkpt lat="45.700160000" lon="6.630830000">
        <ele>1452.000</ele>
      </trkpt>
      <trkpt lat="45.700150000" lon="6.630790000">
        <ele>1451.000</ele>
      </trkpt>
      <trkpt lat="45.700150000" lon="6.630750000">
        <ele>1451.000</ele>
      </trkpt>
      <trkpt lat="45.700160000" lon="6.630720000">
        <ele>1451.000</ele>
      </trkpt>
      <trkpt lat="45.700180000" lon="6.630700000">
        <ele>1451.000</ele>
      </trkpt>
      <trkpt lat="45.700200000" lon="6.630680000">
        <ele>1450.000</ele>
      </trkpt>
      <trkpt lat="45.700220000" lon="6.630670000">
        <ele>1450.000</ele>
      </trkpt>
      <trkpt lat="45.700240000" lon="6.630670000">
        <ele>1450.000</ele>
      </trkpt>
      <trkpt lat="45.700260000" lon="6.630680000">
        <ele>1450.000</ele>
      </trkpt>
      <trkpt lat="45.700290000" lon="6.630710000">
        <ele>1450.000</ele>
      </trkpt>
      <trkpt lat="45.700430000" lon="6.630820000">
        <ele>1449.000</ele>
      </trkpt>
      <trkpt lat="45.700480000" lon="6.630860000">
        <ele>1448.000</ele>
      </trkpt>
      <trkpt lat="45.700540000" lon="6.630910000">
        <ele>1448.000</ele>
      </trkpt>
      <trkpt lat="45.700630000" lon="6.630950000">
        <ele>1447.000</ele>
      </trkpt>
      <trkpt lat="45.700710000" lon="6.630980000">
        <ele>1447.000</ele>
      </trkpt>
      <trkpt lat="45.700970000" lon="6.631050000">
        <ele>1446.000</ele>
      </trkpt>
      <trkpt lat="45.701070000" lon="6.631080000">
        <ele>1445.000</ele>
      </trkpt>
      <trkpt lat="45.701360000" lon="6.631220000">
        <ele>1443.000</ele>
      </trkpt>
      <trkpt lat="45.701660000" lon="6.631380000">
        <ele>1441.000</ele>
      </trkpt>
      <trkpt lat="45.701730000" lon="6.631410000">
        <ele>1439.000</ele>
      </trkpt>
      <trkpt lat="45.701790000" lon="6.631440000">
        <ele>1438.000</ele>
      </trkpt>
      <trkpt lat="45.701860000" lon="6.631450000">
        <ele>1437.000</ele>
      </trkpt>
      <trkpt lat="45.701920000" lon="6.631450000">
        <ele>1436.000</ele>
      </trkpt>
      <trkpt lat="45.701980000" lon="6.631430000">
        <ele>1435.000</ele>
      </trkpt>
      <trkpt lat="45.702050000" lon="6.631410000">
        <ele>1434.000</ele>
      </trkpt>
      <trkpt lat="45.702150000" lon="6.631350000">
        <ele>1433.000</ele>
      </trkpt>
      <trkpt lat="45.702230000" lon="6.631310000">
        <ele>1432.000</ele>
      </trkpt>
      <trkpt lat="45.702290000" lon="6.631290000">
        <ele>1431.000</ele>
      </trkpt>
      <trkpt lat="45.702350000" lon="6.631280000">
        <ele>1430.000</ele>
      </trkpt>
      <trkpt lat="45.702410000" lon="6.631280000">
        <ele>1430.000</ele>
      </trkpt>
      <trkpt lat="45.702540000" lon="6.631290000">
        <ele>1429.000</ele>
      </trkpt>
      <trkpt lat="45.702760000" lon="6.631290000">
        <ele>1427.000</ele>
      </trkpt>
      <trkpt lat="45.702830000" lon="6.631290000">
        <ele>1426.000</ele>
      </trkpt>
      <trkpt lat="45.702890000" lon="6.631290000">
        <ele>1425.000</ele>
      </trkpt>
      <trkpt lat="45.702930000" lon="6.631270000">
        <ele>1424.000</ele>
      </trkpt>
      <trkpt lat="45.703140000" lon="6.631180000">
        <ele>1422.000</ele>
      </trkpt>
      <trkpt lat="45.703360000" lon="6.631100000">
        <ele>1420.000</ele>
      </trkpt>
      <trkpt lat="45.703570000" lon="6.631030000">
        <ele>1418.000</ele>
      </trkpt>
      <trkpt lat="45.703880000" lon="6.630960000">
        <ele>1414.000</ele>
      </trkpt>
      <trkpt lat="45.704120000" lon="6.630910000">
        <ele>1411.000</ele>
      </trkpt>
      <trkpt lat="45.704350000" lon="6.630910000">
        <ele>1407.000</ele>
      </trkpt>
      <trkpt lat="45.704480000" lon="6.630910000">
        <ele>1404.000</ele>
      </trkpt>
      <trkpt lat="45.704560000" lon="6.630900000">
        <ele>1402.000</ele>
      </trkpt>
      <trkpt lat="45.704650000" lon="6.630870000">
        <ele>1400.000</ele>
      </trkpt>
      <trkpt lat="45.704710000" lon="6.630830000">
        <ele>1398.000</ele>
      </trkpt>
      <trkpt lat="45.704780000" lon="6.630780000">
        <ele>1397.000</ele>
      </trkpt>
      <trkpt lat="45.704840000" lon="6.630730000">
        <ele>1395.000</ele>
      </trkpt>
      <trkpt lat="45.704900000" lon="6.630700000">
        <ele>1394.000</ele>
      </trkpt>
      <trkpt lat="45.704960000" lon="6.630690000">
        <ele>1393.000</ele>
      </trkpt>
      <trkpt lat="45.705010000" lon="6.630680000">
        <ele>1393.000</ele>
      </trkpt>
      <trkpt lat="45.705050000" lon="6.630680000">
        <ele>1392.000</ele>
      </trkpt>
      <trkpt lat="45.705090000" lon="6.630690000">
        <ele>1392.000</ele>
      </trkpt>
      <trkpt lat="45.705130000" lon="6.630710000">
        <ele>1392.000</ele>
      </trkpt>
      <trkpt lat="45.705160000" lon="6.630720000">
        <ele>1391.000</ele>
      </trkpt>
      <trkpt lat="45.705230000" lon="6.630780000">
        <ele>1391.000</ele>
      </trkpt>
      <trkpt lat="45.705310000" lon="6.630870000">
        <ele>1391.000</ele>
      </trkpt>
      <trkpt lat="45.705350000" lon="6.630910000">
        <ele>1391.000</ele>
      </trkpt>
      <trkpt lat="45.705390000" lon="6.630930000">
        <ele>1391.000</ele>
      </trkpt>
      <trkpt lat="45.705440000" lon="6.630950000">
        <ele>1391.000</ele>
      </trkpt>
      <trkpt lat="45.705510000" lon="6.630960000">
        <ele>1391.000</ele>
      </trkpt>
      <trkpt lat="45.705600000" lon="6.630970000">
        <ele>1391.000</ele>
      </trkpt>
      <trkpt lat="45.705660000" lon="6.630960000">
        <ele>1391.000</ele>
      </trkpt>
      <trkpt lat="45.705700000" lon="6.630950000">
        <ele>1391.000</ele>
      </trkpt>
      <trkpt lat="45.705760000" lon="6.630930000">
        <ele>1390.000</ele>
      </trkpt>
      <trkpt lat="45.705890000" lon="6.630870000">
        <ele>1390.000</ele>
      </trkpt>
      <trkpt lat="45.705930000" lon="6.630860000">
        <ele>1390.000</ele>
      </trkpt>
      <trkpt lat="45.705970000" lon="6.630860000">
        <ele>1390.000</ele>
      </trkpt>
      <trkpt lat="45.706020000" lon="6.630860000">
        <ele>1390.000</ele>
      </trkpt>
      <trkpt lat="45.706100000" lon="6.630880000">
        <ele>1390.000</ele>
      </trkpt>
      <trkpt lat="45.706440000" lon="6.630960000">
        <ele>1390.000</ele>
      </trkpt>
      <trkpt lat="45.707160000" lon="6.631140000">
        <ele>1389.000</ele>
      </trkpt>
      <trkpt lat="45.707290000" lon="6.631170000">
        <ele>1389.000</ele>
      </trkpt>
      <trkpt lat="45.707350000" lon="6.631180000">
        <ele>1388.000</ele>
      </trkpt>
      <trkpt lat="45.707390000" lon="6.631180000">
        <ele>1387.000</ele>
      </trkpt>
      <trkpt lat="45.707410000" lon="6.631170000">
        <ele>1386.000</ele>
      </trkpt>
      <trkpt lat="45.707440000" lon="6.631160000">
        <ele>1386.000</ele>
      </trkpt>
      <trkpt lat="45.707460000" lon="6.631140000">
        <ele>1386.000</ele>
      </trkpt>
      <trkpt lat="45.707480000" lon="6.631110000">
        <ele>1385.000</ele>
      </trkpt>
      <trkpt lat="45.707500000" lon="6.631060000">
        <ele>1385.000</ele>
      </trkpt>
      <trkpt lat="45.707510000" lon="6.631020000">
        <ele>1384.000</ele>
      </trkpt>
      <trkpt lat="45.707510000" lon="6.630990000">
        <ele>1384.000</ele>
      </trkpt>
      <trkpt lat="45.707510000" lon="6.630960000">
        <ele>1384.000</ele>
      </trkpt>
      <trkpt lat="45.707500000" lon="6.630930000">
        <ele>1383.000</ele>
      </trkpt>
      <trkpt lat="45.707490000" lon="6.630890000">
        <ele>1383.000</ele>
      </trkpt>
      <trkpt lat="45.707480000" lon="6.630870000">
        <ele>1383.000</ele>
      </trkpt>
      <trkpt lat="45.707460000" lon="6.630850000">
        <ele>1382.000</ele>
      </trkpt>
      <trkpt lat="45.707440000" lon="6.630840000">
        <ele>1382.000</ele>
      </trkpt>
      <trkpt lat="45.707420000" lon="6.630820000">
        <ele>1382.000</ele>
      </trkpt>
      <trkpt lat="45.707390000" lon="6.630810000">
        <ele>1382.000</ele>
      </trkpt>
      <trkpt lat="45.707360000" lon="6.630810000">
        <ele>1381.000</ele>
      </trkpt>
      <trkpt lat="45.707210000" lon="6.630810000">
        <ele>1380.000</ele>
      </trkpt>
      <trkpt lat="45.707100000" lon="6.630800000">
        <ele>1379.000</ele>
      </trkpt>
      <trkpt lat="45.707030000" lon="6.630790000">
        <ele>1378.000</ele>
      </trkpt>
      <trkpt lat="45.706980000" lon="6.630770000">
        <ele>1377.000</ele>
      </trkpt>
      <trkpt lat="45.706930000" lon="6.630750000">
        <ele>1377.000</ele>
      </trkpt>
      <trkpt lat="45.705590000" lon="6.630020000">
        <ele>1370.000</ele>
      </trkpt>
      <trkpt lat="45.705480000" lon="6.629940000">
        <ele>1366.000</ele>
      </trkpt>
      <trkpt lat="45.705380000" lon="6.629860000">
        <ele>1363.000</ele>
      </trkpt>
      <trkpt lat="45.705190000" lon="6.629620000">
        <ele>1360.000</ele>
      </trkpt>
      <trkpt lat="45.705140000" lon="6.629560000">
        <ele>1358.000</ele>
      </trkpt>
      <trkpt lat="45.705090000" lon="6.629530000">
        <ele>1357.000</ele>
      </trkpt>
      <trkpt lat="45.704970000" lon="6.629470000">
        <ele>1356.000</ele>
      </trkpt>
      <trkpt lat="45.704890000" lon="6.629460000">
        <ele>1355.000</ele>
      </trkpt>
      <trkpt lat="45.704560000" lon="6.629420000">
        <ele>1353.000</ele>
      </trkpt>
      <trkpt lat="45.704400000" lon="6.629400000">
        <ele>1352.000</ele>
      </trkpt>
      <trkpt lat="45.704260000" lon="6.629390000">
        <ele>1351.000</ele>
      </trkpt>
      <trkpt lat="45.704140000" lon="6.629400000">
        <ele>1350.000</ele>
      </trkpt>
      <trkpt lat="45.703980000" lon="6.629440000">
        <ele>1349.000</ele>
      </trkpt>
      <trkpt lat="45.703830000" lon="6.629470000">
        <ele>1348.000</ele>
      </trkpt>
      <trkpt lat="45.703720000" lon="6.629490000">
        <ele>1347.000</ele>
      </trkpt>
      <trkpt lat="45.703660000" lon="6.629500000">
        <ele>1347.000</ele>
      </trkpt>
      <trkpt lat="45.703510000" lon="6.629510000">
        <ele>1346.000</ele>
      </trkpt>
      <trkpt lat="45.703280000" lon="6.629520000">
        <ele>1344.000</ele>
      </trkpt>
      <trkpt lat="45.703110000" lon="6.629510000">
        <ele>1343.000</ele>
      </trkpt>
      <trkpt lat="45.703010000" lon="6.629500000">
        <ele>1342.000</ele>
      </trkpt>
      <trkpt lat="45.702940000" lon="6.629480000">
        <ele>1341.000</ele>
      </trkpt>
      <trkpt lat="45.702850000" lon="6.629450000">
        <ele>1340.000</ele>
      </trkpt>
      <trkpt lat="45.702780000" lon="6.629410000">
        <ele>1339.000</ele>
      </trkpt>
      <trkpt lat="45.702700000" lon="6.629360000">
        <ele>1339.000</ele>
      </trkpt>
      <trkpt lat="45.702270000" lon="6.629020000">
        <ele>1337.000</ele>
      </trkpt>
      <trkpt lat="45.701910000" lon="6.628750000">
        <ele>1334.000</ele>
      </trkpt>
      <trkpt lat="45.701750000" lon="6.628600000">
        <ele>1332.000</ele>
      </trkpt>
      <trkpt lat="45.701640000" lon="6.628500000">
        <ele>1330.000</ele>
      </trkpt>
      <trkpt lat="45.701600000" lon="6.628460000">
        <ele>1329.000</ele>
      </trkpt>
      <trkpt lat="45.701540000" lon="6.628430000">
        <ele>1328.000</ele>
      </trkpt>
      <trkpt lat="45.701480000" lon="6.628400000">
        <ele>1327.000</ele>
      </trkpt>
      <trkpt lat="45.701410000" lon="6.628380000">
        <ele>1326.000</ele>
      </trkpt>
      <trkpt lat="45.701260000" lon="6.628340000">
        <ele>1325.000</ele>
      </trkpt>
      <trkpt lat="45.701180000" lon="6.628310000">
        <ele>1325.000</ele>
      </trkpt>
      <trkpt lat="45.701120000" lon="6.628270000">
        <ele>1324.000</ele>
      </trkpt>
      <trkpt lat="45.701060000" lon="6.628220000">
        <ele>1323.000</ele>
      </trkpt>
      <trkpt lat="45.701020000" lon="6.628160000">
        <ele>1323.000</ele>
      </trkpt>
      <trkpt lat="45.700940000" lon="6.628030000">
        <ele>1322.000</ele>
      </trkpt>
      <trkpt lat="45.700850000" lon="6.627850000">
        <ele>1321.000</ele>
      </trkpt>
      <trkpt lat="45.700740000" lon="6.627650000">
        <ele>1320.000</ele>
      </trkpt>
      <trkpt lat="45.700690000" lon="6.627580000">
        <ele>1319.000</ele>
      </trkpt>
      <trkpt lat="45.700650000" lon="6.627510000">
        <ele>1318.000</ele>
      </trkpt>
      <trkpt lat="45.700560000" lon="6.627410000">
        <ele>1317.000</ele>
      </trkpt>
      <trkpt lat="45.700260000" lon="6.627070000">
        <ele>1316.000</ele>
      </trkpt>
      <trkpt lat="45.700000000" lon="6.626790000">
        <ele>1315.000</ele>
      </trkpt>
      <trkpt lat="45.699830000" lon="6.626600000">
        <ele>1314.000</ele>
      </trkpt>
      <trkpt lat="45.699720000" lon="6.626450000">
        <ele>1313.000</ele>
      </trkpt>
      <trkpt lat="45.699540000" lon="6.626170000">
        <ele>1313.000</ele>
      </trkpt>
      <trkpt lat="45.699460000" lon="6.626020000">
        <ele>1313.000</ele>
      </trkpt>
      <trkpt lat="45.699410000" lon="6.625900000">
        <ele>1313.000</ele>
      </trkpt>
      <trkpt lat="45.699380000" lon="6.625800000">
        <ele>1313.000</ele>
      </trkpt>
      <trkpt lat="45.699320000" lon="6.625410000">
        <ele>1313.000</ele>
      </trkpt>
      <trkpt lat="45.699270000" lon="6.625180000">
        <ele>1313.000</ele>
      </trkpt>
      <trkpt lat="45.699120000" lon="6.624490000">
        <ele>1313.000</ele>
      </trkpt>
      <trkpt lat="45.699080000" lon="6.624220000">
        <ele>1312.000</ele>
      </trkpt>
      <trkpt lat="45.699040000" lon="6.623810000">
        <ele>1310.000</ele>
      </trkpt>
      <trkpt lat="45.699010000" lon="6.623630000">
        <ele>1308.000</ele>
      </trkpt>
      <trkpt lat="45.698980000" lon="6.623520000">
        <ele>1306.000</ele>
      </trkpt>
      <trkpt lat="45.698950000" lon="6.623400000">
        <ele>1304.000</ele>
      </trkpt>
      <trkpt lat="45.698870000" lon="6.623150000">
        <ele>1302.000</ele>
      </trkpt>
      <trkpt lat="45.698680000" lon="6.622650000">
        <ele>1299.000</ele>
      </trkpt>
      <trkpt lat="45.698550000" lon="6.622320000">
        <ele>1296.000</ele>
      </trkpt>
      <trkpt lat="45.698490000" lon="6.622110000">
        <ele>1293.000</ele>
      </trkpt>
      <trkpt lat="45.698460000" lon="6.622000000">
        <ele>1290.000</ele>
      </trkpt>
      <trkpt lat="45.698440000" lon="6.621890000">
        <ele>1288.000</ele>
      </trkpt>
      <trkpt lat="45.698430000" lon="6.621790000">
        <ele>1287.000</ele>
      </trkpt>
      <trkpt lat="45.698420000" lon="6.621700000">
        <ele>1285.000</ele>
      </trkpt>
      <trkpt lat="45.698420000" lon="6.621570000">
        <ele>1284.000</ele>
      </trkpt>
      <trkpt lat="45.698430000" lon="6.621440000">
        <ele>1283.000</ele>
      </trkpt>
      <trkpt lat="45.698460000" lon="6.621260000">
        <ele>1282.000</ele>
      </trkpt>
      <trkpt lat="45.698460000" lon="6.621180000">
        <ele>1280.000</ele>
      </trkpt>
      <trkpt lat="45.698460000" lon="6.621130000">
        <ele>1280.000</ele>
      </trkpt>
      <trkpt lat="45.698450000" lon="6.621080000">
        <ele>1279.000</ele>
      </trkpt>
      <trkpt lat="45.698440000" lon="6.621040000">
        <ele>1278.000</ele>
      </trkpt>
      <trkpt lat="45.698420000" lon="6.620980000">
        <ele>1278.000</ele>
      </trkpt>
      <trkpt lat="45.698400000" lon="6.620940000">
        <ele>1277.000</ele>
      </trkpt>
      <trkpt lat="45.698360000" lon="6.620890000">
        <ele>1276.000</ele>
      </trkpt>
      <trkpt lat="45.698320000" lon="6.620850000">
        <ele>1276.000</ele>
      </trkpt>
      <trkpt lat="45.698260000" lon="6.620810000">
        <ele>1275.000</ele>
      </trkpt>
      <trkpt lat="45.698200000" lon="6.620760000">
        <ele>1274.000</ele>
      </trkpt>
      <trkpt lat="45.698140000" lon="6.620710000">
        <ele>1274.000</ele>
      </trkpt>
      <trkpt lat="45.698090000" lon="6.620640000">
        <ele>1273.000</ele>
      </trkpt>
      <trkpt lat="45.698010000" lon="6.620510000">
        <ele>1272.000</ele>
      </trkpt>
      <trkpt lat="45.697950000" lon="6.620400000">
        <ele>1271.000</ele>
      </trkpt>
      <trkpt lat="45.697890000" lon="6.620280000">
        <ele>1269.000</ele>
      </trkpt>
      <trkpt lat="45.697830000" lon="6.620120000">
        <ele>1268.000</ele>
      </trkpt>
      <trkpt lat="45.697670000" lon="6.619720000">
        <ele>1266.000</ele>
      </trkpt>
      <trkpt lat="45.697590000" lon="6.619540000">
        <ele>1264.000</ele>
      </trkpt>
      <trkpt lat="45.697480000" lon="6.619360000">
        <ele>1263.000</ele>
      </trkpt>
      <trkpt lat="45.697360000" lon="6.619140000">
        <ele>1262.000</ele>
      </trkpt>
      <trkpt lat="45.697290000" lon="6.618990000">
        <ele>1261.000</ele>
      </trkpt>
      <trkpt lat="45.697240000" lon="6.618840000">
        <ele>1260.000</ele>
      </trkpt>
      <trkpt lat="45.697190000" lon="6.618620000">
        <ele>1259.000</ele>
      </trkpt>
      <trkpt lat="45.697100000" lon="6.618180000">
        <ele>1258.000</ele>
      </trkpt>
      <trkpt lat="45.697020000" lon="6.617770000">
        <ele>1257.000</ele>
      </trkpt>
      <trkpt lat="45.696930000" lon="6.617380000">
        <ele>1256.000</ele>
      </trkpt>
      <trkpt lat="45.696860000" lon="6.617050000">
        <ele>1254.000</ele>
      </trkpt>
      <trkpt lat="45.696840000" lon="6.616950000">
        <ele>1253.000</ele>
      </trkpt>
      <trkpt lat="45.696830000" lon="6.616900000">
        <ele>1252.000</ele>
      </trkpt>
      <trkpt lat="45.696830000" lon="6.616860000">
        <ele>1252.000</ele>
      </trkpt>
      <trkpt lat="45.696830000" lon="6.616810000">
        <ele>1251.000</ele>
      </trkpt>
      <trkpt lat="45.696840000" lon="6.616770000">
        <ele>1251.000</ele>
      </trkpt>
      <trkpt lat="45.696850000" lon="6.616740000">
        <ele>1251.000</ele>
      </trkpt>
      <trkpt lat="45.696860000" lon="6.616710000">
        <ele>1250.000</ele>
      </trkpt>
      <trkpt lat="45.696890000" lon="6.616690000">
        <ele>1250.000</ele>
      </trkpt>
      <trkpt lat="45.696910000" lon="6.616680000">
        <ele>1250.000</ele>
      </trkpt>
      <trkpt lat="45.696930000" lon="6.616680000">
        <ele>1250.000</ele>
      </trkpt>
      <trkpt lat="45.696950000" lon="6.616690000">
        <ele>1249.000</ele>
      </trkpt>
      <trkpt lat="45.696970000" lon="6.616700000">
        <ele>1249.000</ele>
      </trkpt>
      <trkpt lat="45.696990000" lon="6.616720000">
        <ele>1249.000</ele>
      </trkpt>
      <trkpt lat="45.697010000" lon="6.616760000">
        <ele>1249.000</ele>
      </trkpt>
      <trkpt lat="45.697040000" lon="6.616850000">
        <ele>1248.000</ele>
      </trkpt>
      <trkpt lat="45.697130000" lon="6.617060000">
        <ele>1248.000</ele>
      </trkpt>
      <trkpt lat="45.697270000" lon="6.617410000">
        <ele>1247.000</ele>
      </trkpt>
      <trkpt lat="45.697480000" lon="6.617910000">
        <ele>1245.000</ele>
      </trkpt>
      <trkpt lat="45.697520000" lon="6.618070000">
        <ele>1243.000</ele>
      </trkpt>
      <trkpt lat="45.697620000" lon="6.618510000">
        <ele>1241.000</ele>
      </trkpt>
      <trkpt lat="45.697670000" lon="6.618670000">
        <ele>1240.000</ele>
      </trkpt>
      <trkpt lat="45.697720000" lon="6.618800000">
        <ele>1238.000</ele>
      </trkpt>
      <trkpt lat="45.697800000" lon="6.618950000">
        <ele>1236.000</ele>
      </trkpt>
      <trkpt lat="45.698230000" lon="6.619600000">
        <ele>1233.000</ele>
      </trkpt>
      <trkpt lat="45.698320000" lon="6.619760000">
        <ele>1230.000</ele>
      </trkpt>
      <trkpt lat="45.698400000" lon="6.619930000">
        <ele>1228.000</ele>
      </trkpt>
      <trkpt lat="45.698450000" lon="6.620030000">
        <ele>1226.000</ele>
      </trkpt>
      <trkpt lat="45.698490000" lon="6.620090000">
        <ele>1224.000</ele>
      </trkpt>
      <trkpt lat="45.698520000" lon="6.620100000">
        <ele>1223.000</ele>
      </trkpt>
      <trkpt lat="45.698550000" lon="6.620110000">
        <ele>1222.000</ele>
      </trkpt>
      <trkpt lat="45.698580000" lon="6.620110000">
        <ele>1221.000</ele>
      </trkpt>
      <trkpt lat="45.698590000" lon="6.620100000">
        <ele>1221.000</ele>
      </trkpt>
      <trkpt lat="45.698610000" lon="6.620090000">
        <ele>1220.000</ele>
      </trkpt>
      <trkpt lat="45.698620000" lon="6.620070000">
        <ele>1220.000</ele>
      </trkpt>
      <trkpt lat="45.698630000" lon="6.620040000">
        <ele>1220.000</ele>
      </trkpt>
      <trkpt lat="45.698640000" lon="6.620010000">
        <ele>1219.000</ele>
      </trkpt>
      <trkpt lat="45.698630000" lon="6.619980000">
        <ele>1219.000</ele>
      </trkpt>
      <trkpt lat="45.698630000" lon="6.619940000">
        <ele>1219.000</ele>
      </trkpt>
      <trkpt lat="45.698610000" lon="6.619910000">
        <ele>1219.000</ele>
      </trkpt>
      <trkpt lat="45.698600000" lon="6.619880000">
        <ele>1218.000</ele>
      </trkpt>
      <trkpt lat="45.698470000" lon="6.619700000">
        <ele>1217.000</ele>
      </trkpt>
      <trkpt lat="45.698370000" lon="6.619550000">
        <ele>1217.000</ele>
      </trkpt>
      <trkpt lat="45.698300000" lon="6.619420000">
        <ele>1216.000</ele>
      </trkpt>
      <trkpt lat="45.698250000" lon="6.619320000">
        <ele>1216.000</ele>
      </trkpt>
      <trkpt lat="45.698200000" lon="6.619210000">
        <ele>1216.000</ele>
      </trkpt>
      <trkpt lat="45.698150000" lon="6.619080000">
        <ele>1215.000</ele>
      </trkpt>
      <trkpt lat="45.698110000" lon="6.618940000">
        <ele>1215.000</ele>
      </trkpt>
      <trkpt lat="45.698080000" lon="6.618800000">
        <ele>1215.000</ele>
      </trkpt>
      <trkpt lat="45.698060000" lon="6.618630000">
        <ele>1215.000</ele>
      </trkpt>
      <trkpt lat="45.698030000" lon="6.618380000">
        <ele>1215.000</ele>
      </trkpt>
      <trkpt lat="45.698000000" lon="6.618040000">
        <ele>1214.000</ele>
      </trkpt>
      <trkpt lat="45.697960000" lon="6.617540000">
        <ele>1214.000</ele>
      </trkpt>
      <trkpt lat="45.697950000" lon="6.617350000">
        <ele>1214.000</ele>
      </trkpt>
      <trkpt lat="45.697950000" lon="6.617260000">
        <ele>1214.000</ele>
      </trkpt>
      <trkpt lat="45.697970000" lon="6.617150000">
        <ele>1213.000</ele>
      </trkpt>
      <trkpt lat="45.698030000" lon="6.616790000">
        <ele>1212.000</ele>
      </trkpt>
      <trkpt lat="45.698070000" lon="6.616570000">
        <ele>1210.000</ele>
      </trkpt>
      <trkpt lat="45.698080000" lon="6.616450000">
        <ele>1209.000</ele>
      </trkpt>
      <trkpt lat="45.698090000" lon="6.616330000">
        <ele>1207.000</ele>
      </trkpt>
      <trkpt lat="45.698090000" lon="6.616230000">
        <ele>1206.000</ele>
      </trkpt>
      <trkpt lat="45.698090000" lon="6.616170000">
        <ele>1205.000</ele>
      </trkpt>
      <trkpt lat="45.698070000" lon="6.616080000">
        <ele>1204.000</ele>
      </trkpt>
      <trkpt lat="45.698030000" lon="6.616000000">
        <ele>1203.000</ele>
      </trkpt>
      <trkpt lat="45.697970000" lon="6.615850000">
        <ele>1202.000</ele>
      </trkpt>
      <trkpt lat="45.697780000" lon="6.615520000">
        <ele>1200.000</ele>
      </trkpt>
      <trkpt lat="45.697700000" lon="6.615360000">
        <ele>1198.000</ele>
      </trkpt>
      <trkpt lat="45.697640000" lon="6.615260000">
        <ele>1196.000</ele>
      </trkpt>
      <trkpt lat="45.697590000" lon="6.615180000">
        <ele>1195.000</ele>
      </trkpt>
      <trkpt lat="45.697420000" lon="6.614960000">
        <ele>1193.000</ele>
      </trkpt>
      <trkpt lat="45.697180000" lon="6.614710000">
        <ele>1190.000</ele>
      </trkpt>
      <trkpt lat="45.697020000" lon="6.614540000">
        <ele>1188.000</ele>
      </trkpt>
      <trkpt lat="45.696950000" lon="6.614480000">
        <ele>1186.000</ele>
      </trkpt>
      <trkpt lat="45.696920000" lon="6.614440000">
        <ele>1184.000</ele>
      </trkpt>
      <trkpt lat="45.696900000" lon="6.614400000">
        <ele>1183.000</ele>
      </trkpt>
      <trkpt lat="45.696890000" lon="6.614360000">
        <ele>1182.000</ele>
      </trkpt>
      <trkpt lat="45.696890000" lon="6.614310000">
        <ele>1182.000</ele>
      </trkpt>
      <trkpt lat="45.696900000" lon="6.614270000">
        <ele>1181.000</ele>
      </trkpt>
      <trkpt lat="45.696910000" lon="6.614230000">
        <ele>1181.000</ele>
      </trkpt>
      <trkpt lat="45.696930000" lon="6.614210000">
        <ele>1180.000</ele>
      </trkpt>
      <trkpt lat="45.696960000" lon="6.614190000">
        <ele>1180.000</ele>
      </trkpt>
      <trkpt lat="45.696980000" lon="6.614170000">
        <ele>1179.000</ele>
      </trkpt>
      <trkpt lat="45.697020000" lon="6.614170000">
        <ele>1179.000</ele>
      </trkpt>
      <trkpt lat="45.697050000" lon="6.614180000">
        <ele>1179.000</ele>
      </trkpt>
      <trkpt lat="45.697090000" lon="6.614200000">
        <ele>1178.000</ele>
      </trkpt>
      <trkpt lat="45.697120000" lon="6.614240000">
        <ele>1178.000</ele>
      </trkpt>
      <trkpt lat="45.697160000" lon="6.614290000">
        <ele>1177.000</ele>
      </trkpt>
      <trkpt lat="45.697230000" lon="6.614370000">
        <ele>1177.000</ele>
      </trkpt>
      <trkpt lat="45.697280000" lon="6.614420000">
        <ele>1176.000</ele>
      </trkpt>
      <trkpt lat="45.697350000" lon="6.614470000">
        <ele>1175.000</ele>
      </trkpt>
      <trkpt lat="45.697400000" lon="6.614500000">
        <ele>1175.000</ele>
      </trkpt>
      <trkpt lat="45.697510000" lon="6.614540000">
        <ele>1174.000</ele>
      </trkpt>
      <trkpt lat="45.697640000" lon="6.614570000">
        <ele>1173.000</ele>
      </trkpt>
      <trkpt lat="45.698150000" lon="6.614670000">
        <ele>1170.000</ele>
      </trkpt>
      <trkpt lat="45.698210000" lon="6.614700000">
        <ele>1168.000</ele>
      </trkpt>
      <trkpt lat="45.698280000" lon="6.614750000">
        <ele>1167.000</ele>
      </trkpt>
      <trkpt lat="45.698330000" lon="6.614800000">
        <ele>1166.000</ele>
      </trkpt>
      <trkpt lat="45.698390000" lon="6.614860000">
        <ele>1165.000</ele>
      </trkpt>
      <trkpt lat="45.698430000" lon="6.614930000">
        <ele>1165.000</ele>
      </trkpt>
      <trkpt lat="45.698470000" lon="6.615000000">
        <ele>1164.000</ele>
      </trkpt>
      <trkpt lat="45.698490000" lon="6.615080000">
        <ele>1164.000</ele>
      </trkpt>
      <trkpt lat="45.698510000" lon="6.615140000">
        <ele>1163.000</ele>
      </trkpt>
      <trkpt lat="45.698560000" lon="6.615330000">
        <ele>1163.000</ele>
      </trkpt>
      <trkpt lat="45.698730000" lon="6.615940000">
        <ele>1162.000</ele>
      </trkpt>
      <trkpt lat="45.698960000" lon="6.616800000">
        <ele>1161.000</ele>
      </trkpt>
      <trkpt lat="45.699160000" lon="6.617470000">
        <ele>1160.000</ele>
      </trkpt>
      <trkpt lat="45.699230000" lon="6.617660000">
        <ele>1159.000</ele>
      </trkpt>
      <trkpt lat="45.699280000" lon="6.617780000">
        <ele>1157.000</ele>
      </trkpt>
      <trkpt lat="45.699350000" lon="6.617910000">
        <ele>1156.000</ele>
      </trkpt>
      <trkpt lat="45.699480000" lon="6.618090000">
        <ele>1155.000</ele>
      </trkpt>
      <trkpt lat="45.699650000" lon="6.618330000">
        <ele>1153.000</ele>
      </trkpt>
      <trkpt lat="45.699720000" lon="6.618410000">
        <ele>1151.000</ele>
      </trkpt>
      <trkpt lat="45.699800000" lon="6.618480000">
        <ele>1150.000</ele>
      </trkpt>
      <trkpt lat="45.699910000" lon="6.618550000">
        <ele>1149.000</ele>
      </trkpt>
      <trkpt lat="45.700160000" lon="6.618690000">
        <ele>1147.000</ele>
      </trkpt>
      <trkpt lat="45.700430000" lon="6.618850000">
        <ele>1145.000</ele>
      </trkpt>
      <trkpt lat="45.700690000" lon="6.619000000">
        <ele>1142.000</ele>
      </trkpt>
      <trkpt lat="45.700780000" lon="6.619110000">
        <ele>1141.000</ele>
      </trkpt>
      <trkpt lat="45.700850000" lon="6.619280000">
        <ele>1139.000</ele>
      </trkpt>
      <trkpt lat="45.700890000" lon="6.619430000">
        <ele>1138.000</ele>
      </trkpt>
      <trkpt lat="45.700910000" lon="6.619570000">
        <ele>1137.000</ele>
      </trkpt>
      <trkpt lat="45.700920000" lon="6.619690000">
        <ele>1137.000</ele>
      </trkpt>
      <trkpt lat="45.700900000" lon="6.619860000">
        <ele>1136.000</ele>
      </trkpt>
      <trkpt lat="45.700890000" lon="6.620010000">
        <ele>1135.000</ele>
      </trkpt>
      <trkpt lat="45.700900000" lon="6.620090000">
        <ele>1135.000</ele>
      </trkpt>
      <trkpt lat="45.700930000" lon="6.620260000">
        <ele>1134.000</ele>
      </trkpt>
      <trkpt lat="45.701040000" lon="6.620490000">
        <ele>1134.000</ele>
      </trkpt>
      <trkpt lat="45.701100000" lon="6.620680000">
        <ele>1133.000</ele>
      </trkpt>
      <trkpt lat="45.701130000" lon="6.620870000">
        <ele>1133.000</ele>
      </trkpt>
      <trkpt lat="45.701170000" lon="6.621230000">
        <ele>1132.000</ele>
      </trkpt>
      <trkpt lat="45.701220000" lon="6.621450000">
        <ele>1131.000</ele>
      </trkpt>
      <trkpt lat="45.701430000" lon="6.621890000">
        <ele>1129.000</ele>
      </trkpt>
      <trkpt lat="45.701950000" lon="6.622840000">
        <ele>1123.000</ele>
      </trkpt>
      <trkpt lat="45.702180000" lon="6.623230000">
        <ele>1118.000</ele>
      </trkpt>
      <trkpt lat="45.702290000" lon="6.623350000">
        <ele>1114.000</ele>
      </trkpt>
      <trkpt lat="45.702460000" lon="6.623480000">
        <ele>1110.000</ele>
      </trkpt>
      <trkpt lat="45.702640000" lon="6.623600000">
        <ele>1107.000</ele>
      </trkpt>
      <trkpt lat="45.703120000" lon="6.623910000">
        <ele>1103.000</ele>
      </trkpt>
      <trkpt lat="45.703680000" lon="6.624260000">
        <ele>1099.000</ele>
      </trkpt>
      <trkpt lat="45.703880000" lon="6.624360000">
        <ele>1095.000</ele>
      </trkpt>
      <trkpt lat="45.704030000" lon="6.624410000">
        <ele>1092.000</ele>
      </trkpt>
      <trkpt lat="45.704240000" lon="6.624470000">
        <ele>1090.000</ele>
      </trkpt>
      <trkpt lat="45.704560000" lon="6.624540000">
        <ele>1087.000</ele>
      </trkpt>
      <trkpt lat="45.704720000" lon="6.624580000">
        <ele>1085.000</ele>
      </trkpt>
      <trkpt lat="45.705040000" lon="6.624650000">
        <ele>1083.000</ele>
      </trkpt>
      <trkpt lat="45.705130000" lon="6.624670000">
        <ele>1082.000</ele>
      </trkpt>
      <trkpt lat="45.705180000" lon="6.624670000">
        <ele>1080.000</ele>
      </trkpt>
      <trkpt lat="45.705220000" lon="6.624640000">
        <ele>1080.000</ele>
      </trkpt>
      <trkpt lat="45.705250000" lon="6.624600000">
        <ele>1079.000</ele>
      </trkpt>
      <trkpt lat="45.705260000" lon="6.624560000">
        <ele>1078.000</ele>
      </trkpt>
      <trkpt lat="45.705270000" lon="6.624500000">
        <ele>1078.000</ele>
      </trkpt>
      <trkpt lat="45.705260000" lon="6.624440000">
        <ele>1078.000</ele>
      </trkpt>
      <trkpt lat="45.705220000" lon="6.624390000">
        <ele>1077.000</ele>
      </trkpt>
      <trkpt lat="45.705190000" lon="6.624370000">
        <ele>1077.000</ele>
      </trkpt>
      <trkpt lat="45.705140000" lon="6.624360000">
        <ele>1077.000</ele>
      </trkpt>
      <trkpt lat="45.705090000" lon="6.624360000">
        <ele>1076.000</ele>
      </trkpt>
      <trkpt lat="45.704980000" lon="6.624360000">
        <ele>1076.000</ele>
      </trkpt>
      <trkpt lat="45.704890000" lon="6.624350000">
        <ele>1075.000</ele>
      </trkpt>
      <trkpt lat="45.704760000" lon="6.624310000">
        <ele>1075.000</ele>
      </trkpt>
      <trkpt lat="45.704630000" lon="6.624250000">
        <ele>1074.000</ele>
      </trkpt>
      <trkpt lat="45.704430000" lon="6.624120000">
        <ele>1072.000</ele>
      </trkpt>
      <trkpt lat="45.704250000" lon="6.623990000">
        <ele>1070.000</ele>
      </trkpt>
      <trkpt lat="45.704080000" lon="6.623830000">
        <ele>1068.000</ele>
      </trkpt>
      <trkpt lat="45.703930000" lon="6.623640000">
        <ele>1066.000</ele>
      </trkpt>
      <trkpt lat="45.703780000" lon="6.623340000">
        <ele>1063.000</ele>
      </trkpt>
      <trkpt lat="45.703730000" lon="6.623200000">
        <ele>1061.000</ele>
      </trkpt>
      <trkpt lat="45.703660000" lon="6.622970000">
        <ele>1058.000</ele>
      </trkpt>
      <trkpt lat="45.703640000" lon="6.622860000">
        <ele>1056.000</ele>
      </trkpt>
      <trkpt lat="45.703630000" lon="6.622690000">
        <ele>1054.000</ele>
      </trkpt>
      <trkpt lat="45.703640000" lon="6.622610000">
        <ele>1053.000</ele>
      </trkpt>
      <trkpt lat="45.703680000" lon="6.622280000">
        <ele>1051.000</ele>
      </trkpt>
      <trkpt lat="45.703750000" lon="6.621890000">
        <ele>1049.000</ele>
      </trkpt>
      <trkpt lat="45.703760000" lon="6.621730000">
        <ele>1048.000</ele>
      </trkpt>
      <trkpt lat="45.703750000" lon="6.621620000">
        <ele>1048.000</ele>
      </trkpt>
      <trkpt lat="45.703740000" lon="6.621530000">
        <ele>1048.000</ele>
      </trkpt>
      <trkpt lat="45.703710000" lon="6.621480000">
        <ele>1047.000</ele>
      </trkpt>
      <trkpt lat="45.703660000" lon="6.621380000">
        <ele>1047.000</ele>
      </trkpt>
      <trkpt lat="45.703590000" lon="6.621290000">
        <ele>1047.000</ele>
      </trkpt>
      <trkpt lat="45.703510000" lon="6.621160000">
        <ele>1047.000</ele>
      </trkpt>
      <trkpt lat="45.703480000" lon="6.621090000">
        <ele>1047.000</ele>
      </trkpt>
      <trkpt lat="45.703460000" lon="6.621020000">
        <ele>1047.000</ele>
      </trkpt>
      <trkpt lat="45.703460000" lon="6.620960000">
        <ele>1047.000</ele>
      </trkpt>
      <trkpt lat="45.703470000" lon="6.620870000">
        <ele>1047.000</ele>
      </trkpt>
      <trkpt lat="45.703500000" lon="6.620750000">
        <ele>1047.000</ele>
      </trkpt>
      <trkpt lat="45.703540000" lon="6.620660000">
        <ele>1047.000</ele>
      </trkpt>
      <trkpt lat="45.703620000" lon="6.620580000">
        <ele>1047.000</ele>
      </trkpt>
      <trkpt lat="45.704100000" lon="6.620370000">
        <ele>1047.000</ele>
      </trkpt>
      <trkpt lat="45.704980000" lon="6.619990000">
        <ele>1046.000</ele>
      </trkpt>
      <trkpt lat="45.705490000" lon="6.619690000">
        <ele>1044.000</ele>
      </trkpt>
      <trkpt lat="45.705660000" lon="6.619520000">
        <ele>1042.000</ele>
      </trkpt>
      <trkpt lat="45.705900000" lon="6.619320000">
        <ele>1041.000</ele>
      </trkpt>
      <trkpt lat="45.705960000" lon="6.619220000">
        <ele>1039.000</ele>
      </trkpt>
      <trkpt lat="45.706020000" lon="6.619100000">
        <ele>1038.000</ele>
      </trkpt>
      <trkpt lat="45.706130000" lon="6.618780000">
        <ele>1037.000</ele>
      </trkpt>
      <trkpt lat="45.706220000" lon="6.618440000">
        <ele>1035.000</ele>
      </trkpt>
      <trkpt lat="45.706250000" lon="6.618210000">
        <ele>1034.000</ele>
      </trkpt>
      <trkpt lat="45.706290000" lon="6.617820000">
        <ele>1032.000</ele>
      </trkpt>
      <trkpt lat="45.706350000" lon="6.617180000">
        <ele>1029.000</ele>
      </trkpt>
      <trkpt lat="45.706400000" lon="6.616680000">
        <ele>1027.000</ele>
      </trkpt>
      <trkpt lat="45.706410000" lon="6.616460000">
        <ele>1025.000</ele>
      </trkpt>
      <trkpt lat="45.706420000" lon="6.616150000">
        <ele>1024.000</ele>
      </trkpt>
      <trkpt lat="45.706400000" lon="6.615040000">
        <ele>1023.000</ele>
      </trkpt>
      <trkpt lat="45.706410000" lon="6.614830000">
        <ele>1023.000</ele>
      </trkpt>
      <trkpt lat="45.706430000" lon="6.614690000">
        <ele>1023.000</ele>
      </trkpt>
      <trkpt lat="45.706540000" lon="6.614350000">
        <ele>1022.000</ele>
      </trkpt>
      <trkpt lat="45.706820000" lon="6.613550000">
        <ele>1022.000</ele>
      </trkpt>
      <trkpt lat="45.706890000" lon="6.613400000">
        <ele>1023.000</ele>
      </trkpt>
      <trkpt lat="45.706950000" lon="6.613320000">
        <ele>1023.000</ele>
      </trkpt>
      <trkpt lat="45.707030000" lon="6.613200000">
        <ele>1023.000</ele>
      </trkpt>
      <trkpt lat="45.707090000" lon="6.613110000">
        <ele>1023.000</ele>
      </trkpt>
      <trkpt lat="45.707120000" lon="6.613030000">
        <ele>1023.000</ele>
      </trkpt>
      <trkpt lat="45.707120000" lon="6.612940000">
        <ele>1023.000</ele>
      </trkpt>
      <trkpt lat="45.707110000" lon="6.612860000">
        <ele>1023.000</ele>
      </trkpt>
      <trkpt lat="45.707040000" lon="6.612720000">
        <ele>1023.000</ele>
      </trkpt>
      <trkpt lat="45.707020000" lon="6.612620000">
        <ele>1023.000</ele>
      </trkpt>
      <trkpt lat="45.707020000" lon="6.612540000">
        <ele>1023.000</ele>
      </trkpt>
      <trkpt lat="45.707030000" lon="6.612460000">
        <ele>1023.000</ele>
      </trkpt>
      <trkpt lat="45.707080000" lon="6.612360000">
        <ele>1023.000</ele>
      </trkpt>
      <trkpt lat="45.707130000" lon="6.612230000">
        <ele>1023.000</ele>
      </trkpt>
      <trkpt lat="45.707150000" lon="6.612130000">
        <ele>1024.000</ele>
      </trkpt>
      <trkpt lat="45.707140000" lon="6.612020000">
        <ele>1024.000</ele>
      </trkpt>
      <trkpt lat="45.707130000" lon="6.611930000">
        <ele>1024.000</ele>
      </trkpt>
      <trkpt lat="45.707100000" lon="6.611820000">
        <ele>1024.000</ele>
      </trkpt>
      <trkpt lat="45.707060000" lon="6.611700000">
        <ele>1024.000</ele>
      </trkpt>
      <trkpt lat="45.706990000" lon="6.611600000">
        <ele>1024.000</ele>
      </trkpt>
      <trkpt lat="45.706930000" lon="6.611520000">
        <ele>1024.000</ele>
      </trkpt>
      <trkpt lat="45.706850000" lon="6.611430000">
        <ele>1024.000</ele>
      </trkpt>
      <trkpt lat="45.706800000" lon="6.611330000">
        <ele>1024.000</ele>
      </trkpt>
      <trkpt lat="45.706760000" lon="6.611220000">
        <ele>1024.000</ele>
      </trkpt>
      <trkpt lat="45.706750000" lon="6.611110000">
        <ele>1023.000</ele>
      </trkpt>
      <trkpt lat="45.706750000" lon="6.610990000">
        <ele>1023.000</ele>
      </trkpt>
      <trkpt lat="45.706790000" lon="6.610810000">
        <ele>1021.000</ele>
      </trkpt>
      <trkpt lat="45.706890000" lon="6.610250000">
        <ele>1019.000</ele>
      </trkpt>
      <trkpt lat="45.706980000" lon="6.609770000">
        <ele>1015.000</ele>
      </trkpt>
      <trkpt lat="45.707040000" lon="6.609460000">
        <ele>1012.000</ele>
      </trkpt>
      <trkpt lat="45.707100000" lon="6.609330000">
        <ele>1009.000</ele>
      </trkpt>
      <trkpt lat="45.707150000" lon="6.609260000">
        <ele>1007.000</ele>
      </trkpt>
      <trkpt lat="45.707310000" lon="6.608980000">
        <ele>1004.000</ele>
      </trkpt>
      <trkpt lat="45.707340000" lon="6.608880000">
        <ele>1002.000</ele>
      </trkpt>
      <trkpt lat="45.707350000" lon="6.608740000">
        <ele>1000.000</ele>
      </trkpt>
      <trkpt lat="45.707350000" lon="6.608630000">
        <ele>998.000</ele>
      </trkpt>
      <trkpt lat="45.707330000" lon="6.608480000">
        <ele>997.000</ele>
      </trkpt>
      <trkpt lat="45.707290000" lon="6.608330000">
        <ele>996.000</ele>
      </trkpt>
      <trkpt lat="45.707110000" lon="6.607790000">
        <ele>993.000</ele>
      </trkpt>
      <trkpt lat="45.707050000" lon="6.607540000">
        <ele>990.000</ele>
      </trkpt>
      <trkpt lat="45.707000000" lon="6.607300000">
        <ele>988.000</ele>
      </trkpt>
      <trkpt lat="45.706980000" lon="6.607100000">
        <ele>986.000</ele>
      </trkpt>
      <trkpt lat="45.707000000" lon="6.606810000">
        <ele>984.000</ele>
      </trkpt>
      <trkpt lat="45.707030000" lon="6.606610000">
        <ele>982.000</ele>
      </trkpt>
      <trkpt lat="45.707100000" lon="6.606450000">
        <ele>980.000</ele>
      </trkpt>
      <trkpt lat="45.707250000" lon="6.606120000">
        <ele>977.000</ele>
      </trkpt>
      <trkpt lat="45.707300000" lon="6.605970000">
        <ele>975.000</ele>
      </trkpt>
      <trkpt lat="45.707320000" lon="6.605830000">
        <ele>974.000</ele>
      </trkpt>
      <trkpt lat="45.707320000" lon="6.605680000">
        <ele>972.000</ele>
      </trkpt>
      <trkpt lat="45.707290000" lon="6.605450000">
        <ele>971.000</ele>
      </trkpt>
      <trkpt lat="45.707300000" lon="6.605350000">
        <ele>969.000</ele>
      </trkpt>
      <trkpt lat="45.707340000" lon="6.605240000">
        <ele>968.000</ele>
      </trkpt>
      <trkpt lat="45.707370000" lon="6.605190000">
        <ele>967.000</ele>
      </trkpt>
      <trkpt lat="45.707490000" lon="6.605100000">
        <ele>966.000</ele>
      </trkpt>
      <trkpt lat="45.707520000" lon="6.605030000">
        <ele>965.000</ele>
      </trkpt>
      <trkpt lat="45.707530000" lon="6.604960000">
        <ele>965.000</ele>
      </trkpt>
      <trkpt lat="45.707540000" lon="6.604820000">
        <ele>964.000</ele>
      </trkpt>
      <trkpt lat="45.707530000" lon="6.604700000">
        <ele>963.000</ele>
      </trkpt>
      <trkpt lat="45.707500000" lon="6.604550000">
        <ele>962.000</ele>
      </trkpt>
      <trkpt lat="45.707460000" lon="6.604310000">
        <ele>961.000</ele>
      </trkpt>
      <trkpt lat="45.707400000" lon="6.603960000">
        <ele>959.000</ele>
      </trkpt>
      <trkpt lat="45.707250000" lon="6.603270000">
        <ele>956.000</ele>
      </trkpt>
      <trkpt lat="45.706960000" lon="6.602660000">
        <ele>953.000</ele>
      </trkpt>
      <trkpt lat="45.706740000" lon="6.601850000">
        <ele>950.000</ele>
      </trkpt>
      <trkpt lat="45.706600000" lon="6.601320000">
        <ele>946.000</ele>
      </trkpt>
      <trkpt lat="45.706570000" lon="6.600970000">
        <ele>944.000</ele>
      </trkpt>
      <trkpt lat="45.706650000" lon="6.599940000">
        <ele>940.000</ele>
      </trkpt>
      <trkpt lat="45.706780000" lon="6.599050000">
        <ele>935.000</ele>
      </trkpt>
      <trkpt lat="45.706920000" lon="6.598330000">
        <ele>929.000</ele>
      </trkpt>
      <trkpt lat="45.706990000" lon="6.597980000">
        <ele>924.000</ele>
      </trkpt>
      <trkpt lat="45.707060000" lon="6.597240000">
        <ele>918.000</ele>
      </trkpt>
      <trkpt lat="45.707060000" lon="6.597150000">
        <ele>914.000</ele>
      </trkpt>
      <trkpt lat="45.707060000" lon="6.597020000">
        <ele>911.000</ele>
      </trkpt>
      <trkpt lat="45.707050000" lon="6.596750000">
        <ele>909.000</ele>
      </trkpt>
      <trkpt lat="45.707060000" lon="6.596290000">
        <ele>906.000</ele>
      </trkpt>
      <trkpt lat="45.707030000" lon="6.595760000">
        <ele>904.000</ele>
      </trkpt>
      <trkpt lat="45.707030000" lon="6.595420000">
        <ele>901.000</ele>
      </trkpt>
      <trkpt lat="45.707090000" lon="6.595060000">
        <ele>899.000</ele>
      </trkpt>
      <trkpt lat="45.707150000" lon="6.594490000">
        <ele>897.000</ele>
      </trkpt>
      <trkpt lat="45.707150000" lon="6.593880000">
        <ele>894.000</ele>
      </trkpt>
      <trkpt lat="45.707200000" lon="6.593630000">
        <ele>892.000</ele>
      </trkpt>
      <trkpt lat="45.707340000" lon="6.593330000">
        <ele>890.000</ele>
      </trkpt>
      <trkpt lat="45.707530000" lon="6.593050000">
        <ele>887.000</ele>
      </trkpt>
      <trkpt lat="45.707640000" lon="6.592760000">
        <ele>886.000</ele>
      </trkpt>
      <trkpt lat="45.707790000" lon="6.592170000">
        <ele>883.000</ele>
      </trkpt>
      <trkpt lat="45.707880000" lon="6.591950000">
        <ele>881.000</ele>
      </trkpt>
      <trkpt lat="45.708050000" lon="6.591790000">
        <ele>880.000</ele>
      </trkpt>
      <trkpt lat="45.708210000" lon="6.591700000">
        <ele>879.000</ele>
      </trkpt>
      <trkpt lat="45.708510000" lon="6.591620000">
        <ele>878.000</ele>
      </trkpt>
      <trkpt lat="45.708610000" lon="6.591550000">
        <ele>878.000</ele>
      </trkpt>
      <trkpt lat="45.708820000" lon="6.591200000">
        <ele>877.000</ele>
      </trkpt>
      <trkpt lat="45.708910000" lon="6.591060000">
        <ele>877.000</ele>
      </trkpt>
      <trkpt lat="45.708970000" lon="6.590970000">
        <ele>876.000</ele>
      </trkpt>
      <trkpt lat="45.709030000" lon="6.590880000">
        <ele>876.000</ele>
      </trkpt>
      <trkpt lat="45.709230000" lon="6.590580000">
        <ele>875.000</ele>
      </trkpt>
      <trkpt lat="45.709580000" lon="6.590010000">
        <ele>873.000</ele>
      </trkpt>
      <trkpt lat="45.709740000" lon="6.589820000">
        <ele>871.000</ele>
      </trkpt>
      <trkpt lat="45.709920000" lon="6.589640000">
        <ele>868.000</ele>
      </trkpt>
      <trkpt lat="45.710050000" lon="6.589420000">
        <ele>866.000</ele>
      </trkpt>
      <trkpt lat="45.710130000" lon="6.589320000">
        <ele>864.000</ele>
      </trkpt>
      <trkpt lat="45.710160000" lon="6.589310000">
        <ele>863.000</ele>
      </trkpt>
      <trkpt lat="45.710200000" lon="6.589300000">
        <ele>862.000</ele>
      </trkpt>
      <trkpt lat="45.710240000" lon="6.589300000">
        <ele>861.000</ele>
      </trkpt>
      <trkpt lat="45.710270000" lon="6.589330000">
        <ele>860.000</ele>
      </trkpt>
      <trkpt lat="45.710290000" lon="6.589370000">
        <ele>859.000</ele>
      </trkpt>
      <trkpt lat="45.710300000" lon="6.589420000">
        <ele>859.000</ele>
      </trkpt>
      <trkpt lat="45.710290000" lon="6.589480000">
        <ele>858.000</ele>
      </trkpt>
      <trkpt lat="45.710260000" lon="6.589580000">
        <ele>858.000</ele>
      </trkpt>
      <trkpt lat="45.710230000" lon="6.589670000">
        <ele>857.000</ele>
      </trkpt>
      <trkpt lat="45.710150000" lon="6.589800000">
        <ele>856.000</ele>
      </trkpt>
      <trkpt lat="45.710090000" lon="6.589850000">
        <ele>855.000</ele>
      </trkpt>
      <trkpt lat="45.710010000" lon="6.589910000">
        <ele>855.000</ele>
      </trkpt>
      <trkpt lat="45.709990000" lon="6.589920000">
        <ele>854.000</ele>
      </trkpt>
      <trkpt lat="45.709900000" lon="6.589980000">
        <ele>854.000</ele>
      </trkpt>
      <trkpt lat="45.709880000" lon="6.590040000">
        <ele>853.000</ele>
      </trkpt>
      <trkpt lat="45.709880000" lon="6.590070000">
        <ele>853.000</ele>
      </trkpt>
      <trkpt lat="45.709880000" lon="6.590100000">
        <ele>853.000</ele>
      </trkpt>
      <trkpt lat="45.709890000" lon="6.590140000">
        <ele>853.000</ele>
      </trkpt>
      <trkpt lat="45.709910000" lon="6.590180000">
        <ele>853.000</ele>
      </trkpt>
      <trkpt lat="45.709940000" lon="6.590200000">
        <ele>853.000</ele>
      </trkpt>
      <trkpt lat="45.709980000" lon="6.590200000">
        <ele>853.000</ele>
      </trkpt>
      <trkpt lat="45.710030000" lon="6.590190000">
        <ele>853.000</ele>
      </trkpt>
      <trkpt lat="45.710240000" lon="6.590070000">
        <ele>852.000</ele>
      </trkpt>
      <trkpt lat="45.710450000" lon="6.589900000">
        <ele>852.000</ele>
      </trkpt>
      <trkpt lat="45.710550000" lon="6.589820000">
        <ele>852.000</ele>
      </trkpt>
      <trkpt lat="45.710720000" lon="6.589650000">
        <ele>851.000</ele>
      </trkpt>
      <trkpt lat="45.711010000" lon="6.589430000">
        <ele>851.000</ele>
      </trkpt>
      <trkpt lat="45.711080000" lon="6.589320000">
        <ele>850.000</ele>
      </trkpt>
      <trkpt lat="45.711210000" lon="6.588810000">
        <ele>850.000</ele>
      </trkpt>
      <trkpt lat="45.711300000" lon="6.588420000">
        <ele>851.250</ele>
      </trkpt>
      <trkpt lat="45.711350000" lon="6.588070000">
        <ele>848.950</ele>
      </trkpt>
      <trkpt lat="45.711430000" lon="6.587490000">
        <ele>845.140</ele>
      </trkpt>
      <trkpt lat="45.711580000" lon="6.587120000">
        <ele>842.390</ele>
      </trkpt>
      <trkpt lat="45.711740000" lon="6.586780000">
        <ele>839.750</ele>
      </trkpt>
      <trkpt lat="45.711810000" lon="6.586480000">
        <ele>837.710</ele>
      </trkpt>
      <trkpt lat="45.711820000" lon="6.586080000">
        <ele>835.140</ele>
      </trkpt>
      <trkpt lat="45.711910000" lon="6.584880000">
        <ele>827.370</ele>
      </trkpt>
      <trkpt lat="45.711930000" lon="6.584430000">
        <ele>824.460</ele>
      </trkpt>
      <trkpt lat="45.711950000" lon="6.584310000">
        <ele>823.670</ele>
      </trkpt>
      <trkpt lat="45.711970000" lon="6.584230000">
        <ele>823.120</ele>
      </trkpt>
      <trkpt lat="45.712010000" lon="6.584150000">
        <ele>822.490</ele>
      </trkpt>
      <trkpt lat="45.712120000" lon="6.583940000">
        <ele>820.800</ele>
      </trkpt>
      <trkpt lat="45.712270000" lon="6.583680000">
        <ele>818.630</ele>
      </trkpt>
      <trkpt lat="45.712360000" lon="6.583540000">
        <ele>817.400</ele>
      </trkpt>
      <trkpt lat="45.712430000" lon="6.583440000">
        <ele>816.490</ele>
      </trkpt>
      <trkpt lat="45.712490000" lon="6.583360000">
        <ele>815.730</ele>
      </trkpt>
      <trkpt lat="45.712520000" lon="6.583290000">
        <ele>815.210</ele>
      </trkpt>
      <trkpt lat="45.712610000" lon="6.583060000">
        <ele>813.510</ele>
      </trkpt>
      <trkpt lat="45.712680000" lon="6.582880000">
        <ele>812.180</ele>
      </trkpt>
      <trkpt lat="45.712760000" lon="6.582690000">
        <ele>810.750</ele>
      </trkpt>
      <trkpt lat="45.712870000" lon="6.582440000">
        <ele>808.850</ele>
      </trkpt>
      <trkpt lat="45.712950000" lon="6.582230000">
        <ele>807.310</ele>
      </trkpt>
      <trkpt lat="45.713010000" lon="6.582070000">
        <ele>806.140</ele>
      </trkpt>
      <trkpt lat="45.713020000" lon="6.581950000">
        <ele>805.360</ele>
      </trkpt>
      <trkpt lat="45.713030000" lon="6.581800000">
        <ele>804.390</ele>
      </trkpt>
      <trkpt lat="45.713000000" lon="6.581630000">
        <ele>803.260</ele>
      </trkpt>
      <trkpt lat="45.712990000" lon="6.581540000">
        <ele>802.680</ele>
      </trkpt>
      <trkpt lat="45.713010000" lon="6.581430000">
        <ele>801.950</ele>
      </trkpt>
      <trkpt lat="45.713040000" lon="6.581260000">
        <ele>800.820</ele>
      </trkpt>
      <trkpt lat="45.713100000" lon="6.581030000">
        <ele>799.240</ele>
      </trkpt>
      <trkpt lat="45.713150000" lon="6.580840000">
        <ele>797.930</ele>
      </trkpt>
      <trkpt lat="45.713200000" lon="6.580620000">
        <ele>796.440</ele>
      </trkpt>
      <trkpt lat="45.713230000" lon="6.580450000">
        <ele>795.310</ele>
      </trkpt>
      <trkpt lat="45.713230000" lon="6.580320000">
        <ele>794.470</ele>
      </trkpt>
      <trkpt lat="45.713220000" lon="6.580120000">
        <ele>793.180</ele>
      </trkpt>
      <trkpt lat="45.713220000" lon="6.579910000">
        <ele>791.830</ele>
      </trkpt>
      <trkpt lat="45.713220000" lon="6.579810000">
        <ele>791.190</ele>
      </trkpt>
      <trkpt lat="45.713240000" lon="6.579720000">
        <ele>790.580</ele>
      </trkpt>
      <trkpt lat="45.713280000" lon="6.579620000">
        <ele>789.840</ele>
      </trkpt>
      <trkpt lat="45.713340000" lon="6.579510000">
        <ele>788.940</ele>
      </trkpt>
      <trkpt lat="45.713420000" lon="6.579370000">
        <ele>787.770</ele>
      </trkpt>
      <trkpt lat="45.713500000" lon="6.579250000">
        <ele>786.700</ele>
      </trkpt>
      <trkpt lat="45.713570000" lon="6.579140000">
        <ele>785.750</ele>
      </trkpt>
      <trkpt lat="45.713640000" lon="6.579050000">
        <ele>784.880</ele>
      </trkpt>
      <trkpt lat="45.713750000" lon="6.578930000">
        <ele>783.600</ele>
      </trkpt>
      <trkpt lat="45.713750000" lon="6.578930000">
        <ele>783.590</ele>
      </trkpt>
      <trkpt lat="45.713790000" lon="6.578890000">
        <ele>783.120</ele>
      </trkpt>
      <trkpt lat="45.713960000" lon="6.578700000">
        <ele>781.110</ele>
      </trkpt>
      <trkpt lat="45.714060000" lon="6.578540000">
        <ele>779.750</ele>
      </trkpt>
      <trkpt lat="45.714140000" lon="6.578400000">
        <ele>778.610</ele>
      </trkpt>
      <trkpt lat="45.714190000" lon="6.578260000">
        <ele>777.620</ele>
      </trkpt>
      <trkpt lat="45.714220000" lon="6.578120000">
        <ele>776.640</ele>
      </trkpt>
      <trkpt lat="45.714260000" lon="6.577910000">
        <ele>775.240</ele>
      </trkpt>
      <trkpt lat="45.714280000" lon="6.577730000">
        <ele>774.100</ele>
      </trkpt>
      <trkpt lat="45.714360000" lon="6.577250000">
        <ele>771.000</ele>
      </trkpt>
      <trkpt lat="45.714400000" lon="6.576990000">
        <ele>769.000</ele>
      </trkpt>
      <trkpt lat="45.714430000" lon="6.576860000">
        <ele>768.000</ele>
      </trkpt>
      <trkpt lat="45.714460000" lon="6.576760000">
        <ele>767.000</ele>
      </trkpt>
      <trkpt lat="45.714510000" lon="6.576690000">
        <ele>766.000</ele>
      </trkpt>
      <trkpt lat="45.714550000" lon="6.576610000">
        <ele>765.000</ele>
      </trkpt>
      <trkpt lat="45.714620000" lon="6.576540000">
        <ele>764.000</ele>
      </trkpt>
      <trkpt lat="45.714680000" lon="6.576490000">
        <ele>764.000</ele>
      </trkpt>
      <trkpt lat="45.714750000" lon="6.576430000">
        <ele>763.000</ele>
      </trkpt>
      <trkpt lat="45.714850000" lon="6.576370000">
        <ele>763.000</ele>
      </trkpt>
      <trkpt lat="45.714980000" lon="6.576290000">
        <ele>763.000</ele>
      </trkpt>
      <trkpt lat="45.715040000" lon="6.576270000">
        <ele>762.000</ele>
      </trkpt>
      <trkpt lat="45.715110000" lon="6.576260000">
        <ele>762.000</ele>
      </trkpt>
      <trkpt lat="45.715220000" lon="6.576250000">
        <ele>762.000</ele>
      </trkpt>
      <trkpt lat="45.715320000" lon="6.576250000">
        <ele>761.000</ele>
      </trkpt>
      <trkpt lat="45.715490000" lon="6.576260000">
        <ele>761.000</ele>
      </trkpt>
      <trkpt lat="45.715650000" lon="6.576270000">
        <ele>760.000</ele>
      </trkpt>
      <trkpt lat="45.715850000" lon="6.576250000">
        <ele>760.000</ele>
      </trkpt>
      <trkpt lat="45.716020000" lon="6.576230000">
        <ele>759.000</ele>
      </trkpt>
      <trkpt lat="45.716210000" lon="6.576200000">
        <ele>759.000</ele>
      </trkpt>
      <trkpt lat="45.716320000" lon="6.576170000">
        <ele>758.000</ele>
      </trkpt>
      <trkpt lat="45.716460000" lon="6.576100000">
        <ele>758.000</ele>
      </trkpt>
      <trkpt lat="45.716550000" lon="6.576080000">
        <ele>757.000</ele>
      </trkpt>
      <trkpt lat="45.716660000" lon="6.576070000">
        <ele>756.000</ele>
      </trkpt>
      <trkpt lat="45.716730000" lon="6.576050000">
        <ele>755.000</ele>
      </trkpt>
      <trkpt lat="45.716830000" lon="6.575990000">
        <ele>754.000</ele>
      </trkpt>
      <trkpt lat="45.716920000" lon="6.575920000">
        <ele>753.000</ele>
      </trkpt>
      <trkpt lat="45.717080000" lon="6.575790000">
        <ele>752.000</ele>
      </trkpt>
      <trkpt lat="45.717230000" lon="6.575680000">
        <ele>751.000</ele>
      </trkpt>
      <trkpt lat="45.717320000" lon="6.575620000">
        <ele>750.000</ele>
      </trkpt>
      <trkpt lat="45.717400000" lon="6.575580000">
        <ele>748.000</ele>
      </trkpt>
      <trkpt lat="45.717460000" lon="6.575560000">
        <ele>748.000</ele>
      </trkpt>
      <trkpt lat="45.717570000" lon="6.575500000">
        <ele>747.000</ele>
      </trkpt>
      <trkpt lat="45.717750000" lon="6.575380000">
        <ele>745.000</ele>
      </trkpt>
      <trkpt lat="45.717830000" lon="6.575300000">
        <ele>744.000</ele>
      </trkpt>
      <trkpt lat="45.717900000" lon="6.575220000">
        <ele>743.000</ele>
      </trkpt>
      <trkpt lat="45.717940000" lon="6.575170000">
        <ele>742.000</ele>
      </trkpt>
      <trkpt lat="45.718090000" lon="6.574990000">
        <ele>741.000</ele>
      </trkpt>
      <trkpt lat="45.718130000" lon="6.574930000">
        <ele>740.000</ele>
      </trkpt>
      <trkpt lat="45.718350000" lon="6.574630000">
        <ele>739.000</ele>
      </trkpt>
      <trkpt lat="45.718410000" lon="6.574550000">
        <ele>738.000</ele>
      </trkpt>
      <trkpt lat="45.718540000" lon="6.574370000">
        <ele>738.000</ele>
      </trkpt>
      <trkpt lat="45.718550000" lon="6.574360000">
        <ele>737.000</ele>
      </trkpt>
      <trkpt lat="45.718660000" lon="6.574200000">
        <ele>737.000</ele>
      </trkpt>
      <trkpt lat="45.718680000" lon="6.574180000">
        <ele>736.000</ele>
      </trkpt>
      <trkpt lat="45.718740000" lon="6.574120000">
        <ele>736.000</ele>
      </trkpt>
      <trkpt lat="45.718780000" lon="6.574090000">
        <ele>736.000</ele>
      </trkpt>
      <trkpt lat="45.718830000" lon="6.574060000">
        <ele>735.000</ele>
      </trkpt>
      <trkpt lat="45.718840000" lon="6.574060000">
        <ele>735.000</ele>
      </trkpt>
      <trkpt lat="45.718860000" lon="6.574060000">
        <ele>735.000</ele>
      </trkpt>
      <trkpt lat="45.718870000" lon="6.574060000">
        <ele>735.000</ele>
      </trkpt>
      <trkpt lat="45.718880000" lon="6.574050000">
        <ele>735.000</ele>
      </trkpt>
      <trkpt lat="45.718890000" lon="6.574040000">
        <ele>735.000</ele>
      </trkpt>
      <trkpt lat="45.718900000" lon="6.574030000">
        <ele>735.000</ele>
      </trkpt>
      <trkpt lat="45.718910000" lon="6.574010000">
        <ele>735.000</ele>
      </trkpt>
      <trkpt lat="45.718920000" lon="6.573990000">
        <ele>734.000</ele>
      </trkpt>
      <trkpt lat="45.718930000" lon="6.573950000">
        <ele>734.000</ele>
      </trkpt>
      <trkpt lat="45.718930000" lon="6.573920000">
        <ele>734.000</ele>
      </trkpt>
      <trkpt lat="45.718920000" lon="6.573900000">
        <ele>734.000</ele>
      </trkpt>
      <trkpt lat="45.718910000" lon="6.573870000">
        <ele>734.000</ele>
      </trkpt>
      <trkpt lat="45.718920000" lon="6.573770000">
        <ele>734.000</ele>
      </trkpt>
      <trkpt lat="45.718930000" lon="6.573710000">
        <ele>734.000</ele>
      </trkpt>
      <trkpt lat="45.719020000" lon="6.573530000">
        <ele>734.000</ele>
      </trkpt>
      <trkpt lat="45.719080000" lon="6.573430000">
        <ele>733.000</ele>
      </trkpt>
      <trkpt lat="45.719160000" lon="6.573360000">
        <ele>733.000</ele>
      </trkpt>
      <trkpt lat="45.719200000" lon="6.573330000">
        <ele>733.000</ele>
      </trkpt>
      <trkpt lat="45.719260000" lon="6.573300000">
        <ele>732.000</ele>
      </trkpt>
      <trkpt lat="45.719370000" lon="6.573250000">
        <ele>732.000</ele>
      </trkpt>
      <trkpt lat="45.719410000" lon="6.573220000">
        <ele>732.000</ele>
      </trkpt>
      <trkpt lat="45.719450000" lon="6.573180000">
        <ele>732.000</ele>
      </trkpt>
      <trkpt lat="45.719480000" lon="6.573150000">
        <ele>731.000</ele>
      </trkpt>
      <trkpt lat="45.719570000" lon="6.573010000">
        <ele>731.000</ele>
      </trkpt>
      <trkpt lat="45.719660000" lon="6.572830000">
        <ele>731.000</ele>
      </trkpt>
      <trkpt lat="45.719750000" lon="6.572630000">
        <ele>731.000</ele>
      </trkpt>
      <trkpt lat="45.719860000" lon="6.572440000">
        <ele>730.000</ele>
      </trkpt>
      <trkpt lat="45.719930000" lon="6.572340000">
        <ele>730.000</ele>
      </trkpt>
      <trkpt lat="45.720000000" lon="6.572290000">
        <ele>730.000</ele>
      </trkpt>
      <trkpt lat="45.720040000" lon="6.572260000">
        <ele>729.000</ele>
      </trkpt>
      <trkpt lat="45.720060000" lon="6.572210000">
        <ele>729.000</ele>
      </trkpt>
      <trkpt lat="45.720060000" lon="6.572160000">
        <ele>729.000</ele>
      </trkpt>
      <trkpt lat="45.720060000" lon="6.572120000">
        <ele>729.000</ele>
      </trkpt>
      <trkpt lat="45.720040000" lon="6.572080000">
        <ele>729.000</ele>
      </trkpt>
      <trkpt lat="45.720010000" lon="6.572050000">
        <ele>729.000</ele>
      </trkpt>
      <trkpt lat="45.720020000" lon="6.571900000">
        <ele>729.000</ele>
      </trkpt>
      <trkpt lat="45.720010000" lon="6.571620000">
        <ele>728.000</ele>
      </trkpt>
      <trkpt lat="45.720010000" lon="6.571420000">
        <ele>728.000</ele>
      </trkpt>
      <trkpt lat="45.720000000" lon="6.571210000">
        <ele>728.000</ele>
      </trkpt>
      <trkpt lat="45.719920000" lon="6.569860000">
        <ele>727.000</ele>
      </trkpt>
      <trkpt lat="45.719910000" lon="6.569730000">
        <ele>726.000</ele>
      </trkpt>
      <trkpt lat="45.719860000" lon="6.569000000">
        <ele>725.000</ele>
      </trkpt>
      <trkpt lat="45.719770000" lon="6.567830000">
        <ele>725.000</ele>
      </trkpt>
      <trkpt lat="45.719770000" lon="6.567760000">
        <ele>724.000</ele>
      </trkpt>
      <trkpt lat="45.719760000" lon="6.567670000">
        <ele>724.000</ele>
      </trkpt>
      <trkpt lat="45.719750000" lon="6.567460000">
        <ele>723.000</ele>
      </trkpt>
      <trkpt lat="45.719700000" lon="6.566830000">
        <ele>723.000</ele>
      </trkpt>
      <trkpt lat="45.719690000" lon="6.566710000">
        <ele>723.000</ele>
      </trkpt>
      <trkpt lat="45.719690000" lon="6.566580000">
        <ele>723.000</ele>
      </trkpt>
      <trkpt lat="45.719660000" lon="6.566120000">
        <ele>723.000</ele>
      </trkpt>
      <trkpt lat="45.719680000" lon="6.565970000">
        <ele>723.000</ele>
      </trkpt>
      <trkpt lat="45.719700000" lon="6.565830000">
        <ele>723.000</ele>
      </trkpt>
      <trkpt lat="45.719750000" lon="6.565600000">
        <ele>723.000</ele>
      </trkpt>
      <trkpt lat="45.719750000" lon="6.565530000">
        <ele>723.000</ele>
      </trkpt>
      <trkpt lat="45.719740000" lon="6.565450000">
        <ele>723.000</ele>
      </trkpt>
      <trkpt lat="45.719720000" lon="6.565340000">
        <ele>723.000</ele>
      </trkpt>
      <trkpt lat="45.719700000" lon="6.565220000">
        <ele>723.000</ele>
      </trkpt>
      <trkpt lat="45.719610000" lon="6.564890000">
        <ele>724.000</ele>
      </trkpt>
      <trkpt lat="45.719560000" lon="6.564370000">
        <ele>724.000</ele>
      </trkpt>
      <trkpt lat="45.719540000" lon="6.564060000">
        <ele>724.000</ele>
      </trkpt>
      <trkpt lat="45.719540000" lon="6.563810000">
        <ele>724.000</ele>
      </trkpt>
      <trkpt lat="45.719540000" lon="6.563590000">
        <ele>723.000</ele>
      </trkpt>
      <trkpt lat="45.719560000" lon="6.563410000">
        <ele>723.000</ele>
      </trkpt>
      <trkpt lat="45.719590000" lon="6.563190000">
        <ele>722.000</ele>
      </trkpt>
      <trkpt lat="45.719610000" lon="6.563010000">
        <ele>722.000</ele>
      </trkpt>
      <trkpt lat="45.719660000" lon="6.562760000">
        <ele>721.000</ele>
      </trkpt>
      <trkpt lat="45.719690000" lon="6.562640000">
        <ele>720.000</ele>
      </trkpt>
      <trkpt lat="45.719730000" lon="6.562490000">
        <ele>720.000</ele>
      </trkpt>
      <trkpt lat="45.719790000" lon="6.562320000">
        <ele>719.000</ele>
      </trkpt>
      <trkpt lat="45.719880000" lon="6.562060000">
        <ele>718.000</ele>
      </trkpt>
      <trkpt lat="45.720310000" lon="6.560960000">
        <ele>716.000</ele>
      </trkpt>
      <trkpt lat="45.720350000" lon="6.560840000">
        <ele>714.000</ele>
      </trkpt>
      <trkpt lat="45.720430000" lon="6.560650000">
        <ele>713.000</ele>
      </trkpt>
      <trkpt lat="45.720540000" lon="6.560340000">
        <ele>712.000</ele>
      </trkpt>
      <trkpt lat="45.720760000" lon="6.559740000">
        <ele>711.000</ele>
      </trkpt>
      <trkpt lat="45.720880000" lon="6.559430000">
        <ele>710.000</ele>
      </trkpt>
      <trkpt lat="45.721130000" lon="6.558800000">
        <ele>708.000</ele>
      </trkpt>
      <trkpt lat="45.721310000" lon="6.558360000">
        <ele>707.000</ele>
      </trkpt>
      <trkpt lat="45.721450000" lon="6.558000000">
        <ele>706.000</ele>
      </trkpt>
      <trkpt lat="45.721520000" lon="6.557860000">
        <ele>705.000</ele>
      </trkpt>
      <trkpt lat="45.721610000" lon="6.557680000">
        <ele>705.000</ele>
      </trkpt>
      <trkpt lat="45.721720000" lon="6.557490000">
        <ele>704.000</ele>
      </trkpt>
      <trkpt lat="45.721840000" lon="6.557300000">
        <ele>704.000</ele>
      </trkpt>
      <trkpt lat="45.721950000" lon="6.557120000">
        <ele>703.000</ele>
      </trkpt>
      <trkpt lat="45.722370000" lon="6.556470000">
        <ele>702.000</ele>
      </trkpt>
      <trkpt lat="45.723150000" lon="6.555220000">
        <ele>701.000</ele>
      </trkpt>
      <trkpt lat="45.723910000" lon="6.554010000">
        <ele>700.000</ele>
      </trkpt>
      <trkpt lat="45.723930000" lon="6.553970000">
        <ele>700.000</ele>
      </trkpt>
      <trkpt lat="45.723960000" lon="6.553930000">
        <ele>700.000</ele>
      </trkpt>
      <trkpt lat="45.724480000" lon="6.553100000">
        <ele>700.000</ele>
      </trkpt>
      <trkpt lat="45.724570000" lon="6.552970000">
        <ele>700.000</ele>
      </trkpt>
      <trkpt lat="45.724620000" lon="6.552880000">
        <ele>699.000</ele>
      </trkpt>
      <trkpt lat="45.724850000" lon="6.552500000">
        <ele>699.000</ele>
      </trkpt>
      <trkpt lat="45.725010000" lon="6.552220000">
        <ele>699.000</ele>
      </trkpt>
      <trkpt lat="45.725160000" lon="6.551900000">
        <ele>698.000</ele>
      </trkpt>
      <trkpt lat="45.725270000" lon="6.551660000">
        <ele>698.000</ele>
      </trkpt>
      <trkpt lat="45.725330000" lon="6.551500000">
        <ele>698.000</ele>
      </trkpt>
      <trkpt lat="45.725420000" lon="6.551250000">
        <ele>698.000</ele>
      </trkpt>
      <trkpt lat="45.725520000" lon="6.550890000">
        <ele>697.000</ele>
      </trkpt>
      <trkpt lat="45.725600000" lon="6.550570000">
        <ele>697.000</ele>
      </trkpt>
      <trkpt lat="45.725680000" lon="6.550180000">
        <ele>698.000</ele>
      </trkpt>
      <trkpt lat="45.725700000" lon="6.549990000">
        <ele>698.000</ele>
      </trkpt>
      <trkpt lat="45.725730000" lon="6.549710000">
        <ele>699.000</ele>
      </trkpt>
      <trkpt lat="45.725770000" lon="6.549370000">
        <ele>699.000</ele>
      </trkpt>
      <trkpt lat="45.725820000" lon="6.548750000">
        <ele>700.000</ele>
      </trkpt>
      <trkpt lat="45.725850000" lon="6.548400000">
        <ele>701.000</ele>
      </trkpt>
      <trkpt lat="45.725900000" lon="6.547880000">
        <ele>702.000</ele>
      </trkpt>
      <trkpt lat="45.725930000" lon="6.547700000">
        <ele>703.000</ele>
      </trkpt>
      <trkpt lat="45.725960000" lon="6.547580000">
        <ele>704.000</ele>
      </trkpt>
      <trkpt lat="45.726000000" lon="6.547440000">
        <ele>704.000</ele>
      </trkpt>
      <trkpt lat="45.726050000" lon="6.547330000">
        <ele>705.000</ele>
      </trkpt>
      <trkpt lat="45.726210000" lon="6.547060000">
        <ele>706.000</ele>
      </trkpt>
      <trkpt lat="45.726340000" lon="6.546840000">
        <ele>706.000</ele>
      </trkpt>
      <trkpt lat="45.726390000" lon="6.546750000">
        <ele>707.000</ele>
      </trkpt>
      <trkpt lat="45.726450000" lon="6.546650000">
        <ele>707.000</ele>
      </trkpt>
      <trkpt lat="45.726480000" lon="6.546600000">
        <ele>708.000</ele>
      </trkpt>
      <trkpt lat="45.726500000" lon="6.546560000">
        <ele>708.000</ele>
      </trkpt>
      <trkpt lat="45.726600000" lon="6.546350000">
        <ele>708.000</ele>
      </trkpt>
      <trkpt lat="45.726660000" lon="6.546230000">
        <ele>709.000</ele>
      </trkpt>
      <trkpt lat="45.726690000" lon="6.546140000">
        <ele>709.000</ele>
      </trkpt>
      <trkpt lat="45.726760000" lon="6.545920000">
        <ele>710.000</ele>
      </trkpt>
      <trkpt lat="45.726790000" lon="6.545790000">
        <ele>710.000</ele>
      </trkpt>
      <trkpt lat="45.726830000" lon="6.545560000">
        <ele>711.000</ele>
      </trkpt>
      <trkpt lat="45.726850000" lon="6.545370000">
        <ele>711.000</ele>
      </trkpt>
      <trkpt lat="45.726850000" lon="6.545070000">
        <ele>711.000</ele>
      </trkpt>
      <trkpt lat="45.726820000" lon="6.544740000">
        <ele>710.000</ele>
      </trkpt>
      <trkpt lat="45.726750000" lon="6.544210000">
        <ele>710.000</ele>
      </trkpt>
      <trkpt lat="45.726690000" lon="6.543800000">
        <ele>709.000</ele>
      </trkpt>
      <trkpt lat="45.726630000" lon="6.543540000">
        <ele>709.000</ele>
      </trkpt>
      <trkpt lat="45.726570000" lon="6.543290000">
        <ele>708.000</ele>
      </trkpt>
      <trkpt lat="45.726510000" lon="6.543080000">
        <ele>708.000</ele>
      </trkpt>
      <trkpt lat="45.726430000" lon="6.542880000">
        <ele>707.000</ele>
      </trkpt>
      <trkpt lat="45.726360000" lon="6.542730000">
        <ele>707.000</ele>
      </trkpt>
      <trkpt lat="45.726260000" lon="6.542550000">
        <ele>707.000</ele>
      </trkpt>
      <trkpt lat="45.726200000" lon="6.542420000">
        <ele>706.000</ele>
      </trkpt>
      <trkpt lat="45.726160000" lon="6.542360000">
        <ele>706.000</ele>
      </trkpt>
      <trkpt lat="45.726120000" lon="6.542310000">
        <ele>706.000</ele>
      </trkpt>
      <trkpt lat="45.725830000" lon="6.541850000">
        <ele>706.000</ele>
      </trkpt>
      <trkpt lat="45.725780000" lon="6.541780000">
        <ele>705.000</ele>
      </trkpt>
      <trkpt lat="45.725580000" lon="6.541460000">
        <ele>705.000</ele>
      </trkpt>
      <trkpt lat="45.725490000" lon="6.541310000">
        <ele>705.000</ele>
      </trkpt>
      <trkpt lat="45.725450000" lon="6.541210000">
        <ele>705.000</ele>
      </trkpt>
      <trkpt lat="45.725400000" lon="6.541120000">
        <ele>704.000</ele>
      </trkpt>
      <trkpt lat="45.725340000" lon="6.540960000">
        <ele>704.000</ele>
      </trkpt>
      <trkpt lat="45.725320000" lon="6.540870000">
        <ele>704.000</ele>
      </trkpt>
      <trkpt lat="45.725280000" lon="6.540740000">
        <ele>704.000</ele>
      </trkpt>
      <trkpt lat="45.725250000" lon="6.540570000">
        <ele>704.000</ele>
      </trkpt>
      <trkpt lat="45.725230000" lon="6.540450000">
        <ele>704.000</ele>
      </trkpt>
      <trkpt lat="45.725210000" lon="6.540340000">
        <ele>704.000</ele>
      </trkpt>
      <trkpt lat="45.725200000" lon="6.540190000">
        <ele>704.000</ele>
      </trkpt>
      <trkpt lat="45.725190000" lon="6.539910000">
        <ele>705.000</ele>
      </trkpt>
      <trkpt lat="45.725160000" lon="6.539220000">
        <ele>706.000</ele>
      </trkpt>
      <trkpt lat="45.725150000" lon="6.539050000">
        <ele>707.000</ele>
      </trkpt>
      <trkpt lat="45.725150000" lon="6.538860000">
        <ele>707.000</ele>
      </trkpt>
      <trkpt lat="45.725150000" lon="6.538650000">
        <ele>708.000</ele>
      </trkpt>
      <trkpt lat="45.725160000" lon="6.538470000">
        <ele>708.000</ele>
      </trkpt>
      <trkpt lat="45.725170000" lon="6.538300000">
        <ele>709.000</ele>
      </trkpt>
      <trkpt lat="45.725200000" lon="6.538110000">
        <ele>709.000</ele>
      </trkpt>
      <trkpt lat="45.725250000" lon="6.537940000">
        <ele>710.000</ele>
      </trkpt>
      <trkpt lat="45.725310000" lon="6.537730000">
        <ele>710.000</ele>
      </trkpt>
      <trkpt lat="45.725320000" lon="6.537690000">
        <ele>711.000</ele>
      </trkpt>
      <trkpt lat="45.725430000" lon="6.537380000">
        <ele>711.000</ele>
      </trkpt>
      <trkpt lat="45.725590000" lon="6.536920000">
        <ele>712.000</ele>
      </trkpt>
      <trkpt lat="45.725620000" lon="6.536830000">
        <ele>712.000</ele>
      </trkpt>
      <trkpt lat="45.725750000" lon="6.536440000">
        <ele>712.000</ele>
      </trkpt>
      <trkpt lat="45.725840000" lon="6.536240000">
        <ele>713.000</ele>
      </trkpt>
      <trkpt lat="45.725900000" lon="6.536090000">
        <ele>713.000</ele>
      </trkpt>
      <trkpt lat="45.725950000" lon="6.536010000">
        <ele>714.000</ele>
      </trkpt>
      <trkpt lat="45.726000000" lon="6.535920000">
        <ele>714.000</ele>
      </trkpt>
      <trkpt lat="45.726060000" lon="6.535850000">
        <ele>714.000</ele>
      </trkpt>
      <trkpt lat="45.726120000" lon="6.535760000">
        <ele>714.000</ele>
      </trkpt>
      <trkpt lat="45.726220000" lon="6.535660000">
        <ele>714.000</ele>
      </trkpt>
      <trkpt lat="45.726320000" lon="6.535540000">
        <ele>714.000</ele>
      </trkpt>
      <trkpt lat="45.726400000" lon="6.535440000">
        <ele>714.000</ele>
      </trkpt>
      <trkpt lat="45.726480000" lon="6.535330000">
        <ele>714.000</ele>
      </trkpt>
      <trkpt lat="45.726510000" lon="6.535280000">
        <ele>714.000</ele>
      </trkpt>
      <trkpt lat="45.726550000" lon="6.535220000">
        <ele>714.000</ele>
      </trkpt>
      <trkpt lat="45.726590000" lon="6.535120000">
        <ele>714.000</ele>
      </trkpt>
      <trkpt lat="45.726620000" lon="6.535040000">
        <ele>714.000</ele>
      </trkpt>
      <trkpt lat="45.726650000" lon="6.534930000">
        <ele>714.000</ele>
      </trkpt>
      <trkpt lat="45.726690000" lon="6.534820000">
        <ele>714.000</ele>
      </trkpt>
      <trkpt lat="45.726730000" lon="6.534650000">
        <ele>714.000</ele>
      </trkpt>
      <trkpt lat="45.726750000" lon="6.534520000">
        <ele>713.000</ele>
      </trkpt>
      <trkpt lat="45.726760000" lon="6.534460000">
        <ele>713.000</ele>
      </trkpt>
      <trkpt lat="45.726770000" lon="6.534370000">
        <ele>713.000</ele>
      </trkpt>
      <trkpt lat="45.726810000" lon="6.534090000">
        <ele>713.000</ele>
      </trkpt>
      <trkpt lat="45.726880000" lon="6.533670000">
        <ele>713.000</ele>
      </trkpt>
      <trkpt lat="45.726910000" lon="6.533450000">
        <ele>713.000</ele>
      </trkpt>
      <trkpt lat="45.726930000" lon="6.533270000">
        <ele>713.000</ele>
      </trkpt>
      <trkpt lat="45.726930000" lon="6.533160000">
        <ele>712.000</ele>
      </trkpt>
      <trkpt lat="45.726930000" lon="6.533030000">
        <ele>712.000</ele>
      </trkpt>
      <trkpt lat="45.726930000" lon="6.532830000">
        <ele>712.000</ele>
      </trkpt>
      <trkpt lat="45.726910000" lon="6.532690000">
        <ele>711.000</ele>
      </trkpt>
      <trkpt lat="45.726870000" lon="6.532510000">
        <ele>711.000</ele>
      </trkpt>
      <trkpt lat="45.726830000" lon="6.532380000">
        <ele>710.000</ele>
      </trkpt>
      <trkpt lat="45.726740000" lon="6.532130000">
        <ele>710.000</ele>
      </trkpt>
      <trkpt lat="45.726670000" lon="6.531970000">
        <ele>709.000</ele>
      </trkpt>
      <trkpt lat="45.726600000" lon="6.531820000">
        <ele>709.000</ele>
      </trkpt>
      <trkpt lat="45.726510000" lon="6.531690000">
        <ele>708.000</ele>
      </trkpt>
      <trkpt lat="45.726390000" lon="6.531490000">
        <ele>708.000</ele>
      </trkpt>
      <trkpt lat="45.726260000" lon="6.531260000">
        <ele>707.000</ele>
      </trkpt>
      <trkpt lat="45.726200000" lon="6.531120000">
        <ele>707.000</ele>
      </trkpt>
      <trkpt lat="45.726170000" lon="6.531050000">
        <ele>706.000</ele>
      </trkpt>
      <trkpt lat="45.726130000" lon="6.530960000">
        <ele>706.000</ele>
      </trkpt>
      <trkpt lat="45.726160000" lon="6.530920000">
        <ele>706.000</ele>
      </trkpt>
      <trkpt lat="45.726190000" lon="6.530890000">
        <ele>706.000</ele>
      </trkpt>
      <trkpt lat="45.726190000" lon="6.530850000">
        <ele>707.000</ele>
      </trkpt>
      <trkpt lat="45.726220000" lon="6.530240000">
        <ele>707.000</ele>
      </trkpt>
      <trkpt lat="45.726230000" lon="6.529990000">
        <ele>708.000</ele>
      </trkpt>
      <trkpt lat="45.726240000" lon="6.529780000">
        <ele>709.000</ele>
      </trkpt>
      <trkpt lat="45.726250000" lon="6.529640000">
        <ele>710.000</ele>
      </trkpt>
      <trkpt lat="45.726250000" lon="6.529470000">
        <ele>711.000</ele>
      </trkpt>
      <trkpt lat="45.726230000" lon="6.529340000">
        <ele>711.000</ele>
      </trkpt>
      <trkpt lat="45.726100000" lon="6.528570000">
        <ele>713.000</ele>
      </trkpt>
      <trkpt lat="45.726050000" lon="6.528350000">
        <ele>714.000</ele>
      </trkpt>
      <trkpt lat="45.726030000" lon="6.528250000">
        <ele>715.000</ele>
      </trkpt>
      <trkpt lat="45.726020000" lon="6.528140000">
        <ele>715.000</ele>
      </trkpt>
      <trkpt lat="45.726020000" lon="6.527970000">
        <ele>716.000</ele>
      </trkpt>
      <trkpt lat="45.726040000" lon="6.527770000">
        <ele>716.000</ele>
      </trkpt>
      <trkpt lat="45.726040000" lon="6.527710000">
        <ele>716.000</ele>
      </trkpt>
      <trkpt lat="45.726040000" lon="6.527460000">
        <ele>717.000</ele>
      </trkpt>
      <trkpt lat="45.726020000" lon="6.527240000">
        <ele>717.000</ele>
      </trkpt>
      <trkpt lat="45.726010000" lon="6.527070000">
        <ele>718.000</ele>
      </trkpt>
      <trkpt lat="45.726010000" lon="6.526960000">
        <ele>718.000</ele>
      </trkpt>
      <trkpt lat="45.726020000" lon="6.526760000">
        <ele>718.000</ele>
      </trkpt>
      <trkpt lat="45.726060000" lon="6.526650000">
        <ele>719.000</ele>
      </trkpt>
      <trkpt lat="45.726140000" lon="6.526560000">
        <ele>719.000</ele>
      </trkpt>
      <trkpt lat="45.726390000" lon="6.526360000">
        <ele>719.000</ele>
      </trkpt>
      <trkpt lat="45.726500000" lon="6.526270000">
        <ele>720.000</ele>
      </trkpt>
      <trkpt lat="45.726720000" lon="6.526040000">
        <ele>722.000</ele>
      </trkpt>
      <trkpt lat="45.726820000" lon="6.525930000">
        <ele>724.000</ele>
      </trkpt>
      <trkpt lat="45.726910000" lon="6.525830000">
        <ele>726.000</ele>
      </trkpt>
      <trkpt lat="45.726960000" lon="6.525740000">
        <ele>728.000</ele>
      </trkpt>
      <trkpt lat="45.726980000" lon="6.525640000">
        <ele>729.000</ele>
      </trkpt>
      <trkpt lat="45.727000000" lon="6.525550000">
        <ele>731.000</ele>
      </trkpt>
      <trkpt lat="45.727020000" lon="6.525430000">
        <ele>732.000</ele>
      </trkpt>
      <trkpt lat="45.727010000" lon="6.525270000">
        <ele>734.000</ele>
      </trkpt>
      <trkpt lat="45.726980000" lon="6.525060000">
        <ele>736.000</ele>
      </trkpt>
      <trkpt lat="45.726940000" lon="6.524900000">
        <ele>738.000</ele>
      </trkpt>
      <trkpt lat="45.726810000" lon="6.524670000">
        <ele>741.000</ele>
      </trkpt>
      <trkpt lat="45.726790000" lon="6.524580000">
        <ele>743.000</ele>
      </trkpt>
      <trkpt lat="45.726780000" lon="6.524510000">
        <ele>745.000</ele>
      </trkpt>
      <trkpt lat="45.726800000" lon="6.524460000">
        <ele>746.000</ele>
      </trkpt>
      <trkpt lat="45.726820000" lon="6.524420000">
        <ele>748.000</ele>
      </trkpt>
      <trkpt lat="45.726860000" lon="6.524400000">
        <ele>749.000</ele>
      </trkpt>
      <trkpt lat="45.726890000" lon="6.524410000">
        <ele>749.000</ele>
      </trkpt>
      <trkpt lat="45.726920000" lon="6.524440000">
        <ele>750.000</ele>
      </trkpt>
      <trkpt lat="45.726950000" lon="6.524500000">
        <ele>751.000</ele>
      </trkpt>
      <trkpt lat="45.726960000" lon="6.524630000">
        <ele>752.000</ele>
      </trkpt>
      <trkpt lat="45.726990000" lon="6.524750000">
        <ele>753.000</ele>
      </trkpt>
      <trkpt lat="45.727030000" lon="6.524860000">
        <ele>753.000</ele>
      </trkpt>
      <trkpt lat="45.727180000" lon="6.525250000">
        <ele>754.000</ele>
      </trkpt>
      <trkpt lat="45.727320000" lon="6.525750000">
        <ele>754.000</ele>
      </trkpt>
      <trkpt lat="45.727470000" lon="6.526260000">
        <ele>753.000</ele>
      </trkpt>
      <trkpt lat="45.727560000" lon="6.526560000">
        <ele>753.000</ele>
      </trkpt>
      <trkpt lat="45.727570000" lon="6.526650000">
        <ele>753.000</ele>
      </trkpt>
      <trkpt lat="45.727580000" lon="6.526790000">
        <ele>753.000</ele>
      </trkpt>
      <trkpt lat="45.727580000" lon="6.526930000">
        <ele>753.000</ele>
      </trkpt>
      <trkpt lat="45.727590000" lon="6.527010000">
        <ele>753.000</ele>
      </trkpt>
      <trkpt lat="45.727610000" lon="6.527060000">
        <ele>753.000</ele>
      </trkpt>
      <trkpt lat="45.727680000" lon="6.527180000">
        <ele>753.000</ele>
      </trkpt>
      <trkpt lat="45.727750000" lon="6.527280000">
        <ele>753.000</ele>
      </trkpt>
      <trkpt lat="45.727800000" lon="6.527370000">
        <ele>754.000</ele>
      </trkpt>
      <trkpt lat="45.727840000" lon="6.527470000">
        <ele>755.000</ele>
      </trkpt>
      <trkpt lat="45.727880000" lon="6.527640000">
        <ele>755.000</ele>
      </trkpt>
      <trkpt lat="45.727900000" lon="6.527760000">
        <ele>756.000</ele>
      </trkpt>
      <trkpt lat="45.727930000" lon="6.527940000">
        <ele>757.000</ele>
      </trkpt>
      <trkpt lat="45.727960000" lon="6.528070000">
        <ele>758.000</ele>
      </trkpt>
      <trkpt lat="45.728020000" lon="6.528200000">
        <ele>759.000</ele>
      </trkpt>
      <trkpt lat="45.728100000" lon="6.528330000">
        <ele>760.000</ele>
      </trkpt>
      <trkpt lat="45.728100000" lon="6.528330000">
        <ele>760.000</ele>
      </trkpt>
      <trkpt lat="45.728100000" lon="6.528330000">
        <ele>761.000</ele>
      </trkpt>
      <trkpt lat="45.728190000" lon="6.528440000">
        <ele>761.000</ele>
      </trkpt>
      <trkpt lat="45.728240000" lon="6.528520000">
        <ele>762.000</ele>
      </trkpt>
      <trkpt lat="45.728310000" lon="6.528620000">
        <ele>763.000</ele>
      </trkpt>
      <trkpt lat="45.728370000" lon="6.528730000">
        <ele>763.000</ele>
      </trkpt>
      <trkpt lat="45.728530000" lon="6.529120000">
        <ele>765.000</ele>
      </trkpt>
      <trkpt lat="45.728590000" lon="6.529260000">
        <ele>766.000</ele>
      </trkpt>
      <trkpt lat="45.728750000" lon="6.529510000">
        <ele>768.000</ele>
      </trkpt>
      <trkpt lat="45.728860000" lon="6.529680000">
        <ele>769.000</ele>
      </trkpt>
      <trkpt lat="45.728930000" lon="6.529810000">
        <ele>771.000</ele>
      </trkpt>
      <trkpt lat="45.728980000" lon="6.529900000">
        <ele>772.000</ele>
      </trkpt>
      <trkpt lat="45.729000000" lon="6.529980000">
        <ele>773.000</ele>
      </trkpt>
      <trkpt lat="45.729040000" lon="6.530170000">
        <ele>774.000</ele>
      </trkpt>
      <trkpt lat="45.729080000" lon="6.530500000">
        <ele>776.000</ele>
      </trkpt>
      <trkpt lat="45.729110000" lon="6.530870000">
        <ele>777.000</ele>
      </trkpt>
      <trkpt lat="45.729120000" lon="6.531190000">
        <ele>779.000</ele>
      </trkpt>
      <trkpt lat="45.729140000" lon="6.531340000">
        <ele>781.000</ele>
      </trkpt>
      <trkpt lat="45.729240000" lon="6.531740000">
        <ele>783.000</ele>
      </trkpt>
      <trkpt lat="45.729370000" lon="6.532150000">
        <ele>786.000</ele>
      </trkpt>
      <trkpt lat="45.729490000" lon="6.532470000">
        <ele>789.000</ele>
      </trkpt>
      <trkpt lat="45.729570000" lon="6.532730000">
        <ele>791.000</ele>
      </trkpt>
      <trkpt lat="45.729650000" lon="6.533010000">
        <ele>794.000</ele>
      </trkpt>
      <trkpt lat="45.729690000" lon="6.533210000">
        <ele>796.000</ele>
      </trkpt>
      <trkpt lat="45.729730000" lon="6.533490000">
        <ele>798.000</ele>
      </trkpt>
      <trkpt lat="45.729830000" lon="6.534090000">
        <ele>802.000</ele>
      </trkpt>
      <trkpt lat="45.729880000" lon="6.534390000">
        <ele>805.000</ele>
      </trkpt>
      <trkpt lat="45.729920000" lon="6.534570000">
        <ele>807.000</ele>
      </trkpt>
      <trkpt lat="45.729980000" lon="6.534740000">
        <ele>809.000</ele>
      </trkpt>
      <trkpt lat="45.730050000" lon="6.534920000">
        <ele>810.000</ele>
      </trkpt>
      <trkpt lat="45.730290000" lon="6.535270000">
        <ele>812.000</ele>
      </trkpt>
      <trkpt lat="45.730380000" lon="6.535340000">
        <ele>813.000</ele>
      </trkpt>
      <trkpt lat="45.730530000" lon="6.535410000">
        <ele>815.000</ele>
      </trkpt>
      <trkpt lat="45.730610000" lon="6.535490000">
        <ele>816.000</ele>
      </trkpt>
      <trkpt lat="45.730650000" lon="6.535570000">
        <ele>817.000</ele>
      </trkpt>
      <trkpt lat="45.730680000" lon="6.535680000">
        <ele>817.000</ele>
      </trkpt>
      <trkpt lat="45.730690000" lon="6.535790000">
        <ele>818.000</ele>
      </trkpt>
      <trkpt lat="45.730670000" lon="6.535920000">
        <ele>819.000</ele>
      </trkpt>
      <trkpt lat="45.730600000" lon="6.536070000">
        <ele>820.000</ele>
      </trkpt>
      <trkpt lat="45.730450000" lon="6.536310000">
        <ele>821.000</ele>
      </trkpt>
      <trkpt lat="45.730340000" lon="6.536430000">
        <ele>822.000</ele>
      </trkpt>
      <trkpt lat="45.730280000" lon="6.536520000">
        <ele>823.000</ele>
      </trkpt>
      <trkpt lat="45.730270000" lon="6.536590000">
        <ele>824.000</ele>
      </trkpt>
      <trkpt lat="45.730270000" lon="6.536650000">
        <ele>825.000</ele>
      </trkpt>
      <trkpt lat="45.730270000" lon="6.536710000">
        <ele>825.000</ele>
      </trkpt>
      <trkpt lat="45.730490000" lon="6.537190000">
        <ele>828.000</ele>
      </trkpt>
      <trkpt lat="45.730530000" lon="6.537230000">
        <ele>830.000</ele>
      </trkpt>
      <trkpt lat="45.730560000" lon="6.537230000">
        <ele>832.000</ele>
      </trkpt>
      <trkpt lat="45.730580000" lon="6.537220000">
        <ele>833.000</ele>
      </trkpt>
      <trkpt lat="45.730600000" lon="6.537200000">
        <ele>834.000</ele>
      </trkpt>
      <trkpt lat="45.730600000" lon="6.537150000">
        <ele>835.000</ele>
      </trkpt>
      <trkpt lat="45.730580000" lon="6.537090000">
        <ele>836.000</ele>
      </trkpt>
      <trkpt lat="45.730540000" lon="6.536990000">
        <ele>837.000</ele>
      </trkpt>
      <trkpt lat="45.730490000" lon="6.536900000">
        <ele>838.000</ele>
      </trkpt>
      <trkpt lat="45.730450000" lon="6.536790000">
        <ele>839.000</ele>
      </trkpt>
      <trkpt lat="45.730430000" lon="6.536710000">
        <ele>840.000</ele>
      </trkpt>
      <trkpt lat="45.730430000" lon="6.536620000">
        <ele>841.000</ele>
      </trkpt>
      <trkpt lat="45.730460000" lon="6.536540000">
        <ele>842.000</ele>
      </trkpt>
      <trkpt lat="45.730500000" lon="6.536470000">
        <ele>843.000</ele>
      </trkpt>
      <trkpt lat="45.730560000" lon="6.536390000">
        <ele>845.000</ele>
      </trkpt>
      <trkpt lat="45.730850000" lon="6.536090000">
        <ele>847.000</ele>
      </trkpt>
      <trkpt lat="45.730910000" lon="6.536010000">
        <ele>850.000</ele>
      </trkpt>
      <trkpt lat="45.730970000" lon="6.535890000">
        <ele>851.000</ele>
      </trkpt>
      <trkpt lat="45.731020000" lon="6.535730000">
        <ele>852.000</ele>
      </trkpt>
      <trkpt lat="45.731060000" lon="6.535560000">
        <ele>853.000</ele>
      </trkpt>
      <trkpt lat="45.731060000" lon="6.535450000">
        <ele>854.000</ele>
      </trkpt>
      <trkpt lat="45.731030000" lon="6.535330000">
        <ele>854.000</ele>
      </trkpt>
      <trkpt lat="45.730970000" lon="6.535200000">
        <ele>854.000</ele>
      </trkpt>
      <trkpt lat="45.730850000" lon="6.535030000">
        <ele>855.000</ele>
      </trkpt>
      <trkpt lat="45.730720000" lon="6.534890000">
        <ele>855.000</ele>
      </trkpt>
      <trkpt lat="45.730660000" lon="6.534850000">
        <ele>855.000</ele>
      </trkpt>
      <trkpt lat="45.730540000" lon="6.534820000">
        <ele>855.000</ele>
      </trkpt>
      <trkpt lat="45.730490000" lon="6.534790000">
        <ele>855.000</ele>
      </trkpt>
      <trkpt lat="45.730450000" lon="6.534740000">
        <ele>855.000</ele>
      </trkpt>
      <trkpt lat="45.730430000" lon="6.534650000">
        <ele>855.000</ele>
      </trkpt>
      <trkpt lat="45.730430000" lon="6.534540000">
        <ele>855.000</ele>
      </trkpt>
      <trkpt lat="45.730440000" lon="6.534400000">
        <ele>855.000</ele>
      </trkpt>
      <trkpt lat="45.730530000" lon="6.533900000">
        <ele>855.000</ele>
      </trkpt>
      <trkpt lat="45.730520000" lon="6.533760000">
        <ele>855.000</ele>
      </trkpt>
      <trkpt lat="45.730410000" lon="6.533320000">
        <ele>856.000</ele>
      </trkpt>
      <trkpt lat="45.730400000" lon="6.533110000">
        <ele>857.000</ele>
      </trkpt>
      <trkpt lat="45.730410000" lon="6.532950000">
        <ele>857.000</ele>
      </trkpt>
      <trkpt lat="45.730440000" lon="6.532770000">
        <ele>858.000</ele>
      </trkpt>
      <trkpt lat="45.730450000" lon="6.532650000">
        <ele>858.000</ele>
      </trkpt>
      <trkpt lat="45.730440000" lon="6.531880000">
        <ele>859.000</ele>
      </trkpt>
      <trkpt lat="45.730450000" lon="6.531740000">
        <ele>860.000</ele>
      </trkpt>
      <trkpt lat="45.730470000" lon="6.531530000">
        <ele>860.000</ele>
      </trkpt>
      <trkpt lat="45.730500000" lon="6.531380000">
        <ele>861.000</ele>
      </trkpt>
      <trkpt lat="45.730550000" lon="6.531210000">
        <ele>861.000</ele>
      </trkpt>
      <trkpt lat="45.730600000" lon="6.531130000">
        <ele>862.000</ele>
      </trkpt>
      <trkpt lat="45.730750000" lon="6.530910000">
        <ele>864.000</ele>
      </trkpt>
      <trkpt lat="45.730790000" lon="6.530820000">
        <ele>866.000</ele>
      </trkpt>
      <trkpt lat="45.730810000" lon="6.530720000">
        <ele>868.000</ele>
      </trkpt>
      <trkpt lat="45.730800000" lon="6.530620000">
        <ele>869.000</ele>
      </trkpt>
      <trkpt lat="45.730770000" lon="6.530440000">
        <ele>871.000</ele>
      </trkpt>
      <trkpt lat="45.730750000" lon="6.530220000">
        <ele>873.000</ele>
      </trkpt>
      <trkpt lat="45.730760000" lon="6.530050000">
        <ele>875.000</ele>
      </trkpt>
      <trkpt lat="45.730770000" lon="6.529890000">
        <ele>878.000</ele>
      </trkpt>
      <trkpt lat="45.730810000" lon="6.529760000">
        <ele>880.000</ele>
      </trkpt>
      <trkpt lat="45.730870000" lon="6.529680000">
        <ele>882.000</ele>
      </trkpt>
      <trkpt lat="45.730920000" lon="6.529640000">
        <ele>883.000</ele>
      </trkpt>
      <trkpt lat="45.731010000" lon="6.529580000">
        <ele>885.000</ele>
      </trkpt>
      <trkpt lat="45.731050000" lon="6.529520000">
        <ele>887.000</ele>
      </trkpt>
      <trkpt lat="45.731070000" lon="6.529460000">
        <ele>888.000</ele>
      </trkpt>
      <trkpt lat="45.731090000" lon="6.529350000">
        <ele>889.000</ele>
      </trkpt>
      <trkpt lat="45.731090000" lon="6.529290000">
        <ele>891.000</ele>
      </trkpt>
      <trkpt lat="45.731070000" lon="6.529190000">
        <ele>892.000</ele>
      </trkpt>
      <trkpt lat="45.731000000" lon="6.529030000">
        <ele>893.000</ele>
      </trkpt>
      <trkpt lat="45.730980000" lon="6.528910000">
        <ele>895.000</ele>
      </trkpt>
      <trkpt lat="45.730970000" lon="6.528770000">
        <ele>897.000</ele>
      </trkpt>
      <trkpt lat="45.730970000" lon="6.528650000">
        <ele>898.000</ele>
      </trkpt>
      <trkpt lat="45.730980000" lon="6.528510000">
        <ele>899.000</ele>
      </trkpt>
      <trkpt lat="45.730970000" lon="6.528420000">
        <ele>900.000</ele>
      </trkpt>
      <trkpt lat="45.730940000" lon="6.528360000">
        <ele>900.000</ele>
      </trkpt>
      <trkpt lat="45.730850000" lon="6.528300000">
        <ele>901.000</ele>
      </trkpt>
      <trkpt lat="45.730770000" lon="6.528270000">
        <ele>902.000</ele>
      </trkpt>
      <trkpt lat="45.730710000" lon="6.528230000">
        <ele>903.000</ele>
      </trkpt>
      <trkpt lat="45.730660000" lon="6.528170000">
        <ele>903.000</ele>
      </trkpt>
      <trkpt lat="45.730630000" lon="6.528090000">
        <ele>904.000</ele>
      </trkpt>
      <trkpt lat="45.730600000" lon="6.527960000">
        <ele>905.000</ele>
      </trkpt>
      <trkpt lat="45.730600000" lon="6.527830000">
        <ele>905.000</ele>
      </trkpt>
      <trkpt lat="45.730610000" lon="6.527720000">
        <ele>906.000</ele>
      </trkpt>
      <trkpt lat="45.730660000" lon="6.527610000">
        <ele>907.000</ele>
      </trkpt>
      <trkpt lat="45.730730000" lon="6.527520000">
        <ele>908.000</ele>
      </trkpt>
      <trkpt lat="45.731020000" lon="6.527180000">
        <ele>909.000</ele>
      </trkpt>
      <trkpt lat="45.731050000" lon="6.527100000">
        <ele>910.000</ele>
      </trkpt>
      <trkpt lat="45.731070000" lon="6.527030000">
        <ele>911.000</ele>
      </trkpt>
      <trkpt lat="45.731080000" lon="6.526910000">
        <ele>912.000</ele>
      </trkpt>
      <trkpt lat="45.731030000" lon="6.526680000">
        <ele>913.000</ele>
      </trkpt>
      <trkpt lat="45.731030000" lon="6.526370000">
        <ele>915.000</ele>
      </trkpt>
      <trkpt lat="45.731030000" lon="6.526270000">
        <ele>916.000</ele>
      </trkpt>
      <trkpt lat="45.731010000" lon="6.526190000">
        <ele>916.000</ele>
      </trkpt>
      <trkpt lat="45.730980000" lon="6.526130000">
        <ele>917.000</ele>
      </trkpt>
      <trkpt lat="45.730920000" lon="6.526090000">
        <ele>918.000</ele>
      </trkpt>
      <trkpt lat="45.730870000" lon="6.526030000">
        <ele>918.000</ele>
      </trkpt>
      <trkpt lat="45.730810000" lon="6.525860000">
        <ele>919.000</ele>
      </trkpt>
      <trkpt lat="45.730770000" lon="6.525710000">
        <ele>920.000</ele>
      </trkpt>
      <trkpt lat="45.730760000" lon="6.525590000">
        <ele>920.000</ele>
      </trkpt>
      <trkpt lat="45.730760000" lon="6.525350000">
        <ele>921.000</ele>
      </trkpt>
      <trkpt lat="45.730760000" lon="6.525240000">
        <ele>922.000</ele>
      </trkpt>
      <trkpt lat="45.730740000" lon="6.525120000">
        <ele>923.000</ele>
      </trkpt>
      <trkpt lat="45.730700000" lon="6.525010000">
        <ele>923.000</ele>
      </trkpt>
      <trkpt lat="45.730640000" lon="6.524920000">
        <ele>924.000</ele>
      </trkpt>
      <trkpt lat="45.730570000" lon="6.524840000">
        <ele>925.000</ele>
      </trkpt>
      <trkpt lat="45.730470000" lon="6.524770000">
        <ele>925.000</ele>
      </trkpt>
      <trkpt lat="45.730370000" lon="6.524720000">
        <ele>926.000</ele>
      </trkpt>
      <trkpt lat="45.730280000" lon="6.524710000">
        <ele>927.000</ele>
      </trkpt>
      <trkpt lat="45.730110000" lon="6.524700000">
        <ele>928.000</ele>
      </trkpt>
      <trkpt lat="45.729990000" lon="6.524670000">
        <ele>928.000</ele>
      </trkpt>
      <trkpt lat="45.729900000" lon="6.524630000">
        <ele>929.000</ele>
      </trkpt>
      <trkpt lat="45.729850000" lon="6.524570000">
        <ele>930.000</ele>
      </trkpt>
      <trkpt lat="45.729800000" lon="6.524480000">
        <ele>930.000</ele>
      </trkpt>
      <trkpt lat="45.729740000" lon="6.524170000">
        <ele>931.000</ele>
      </trkpt>
      <trkpt lat="45.729680000" lon="6.524000000">
        <ele>931.000</ele>
      </trkpt>
      <trkpt lat="45.729570000" lon="6.523740000">
        <ele>932.000</ele>
      </trkpt>
      <trkpt lat="45.729540000" lon="6.523640000">
        <ele>932.000</ele>
      </trkpt>
      <trkpt lat="45.729540000" lon="6.523540000">
        <ele>933.000</ele>
      </trkpt>
      <trkpt lat="45.729550000" lon="6.523400000">
        <ele>933.000</ele>
      </trkpt>
      <trkpt lat="45.729570000" lon="6.523230000">
        <ele>933.000</ele>
      </trkpt>
      <trkpt lat="45.729580000" lon="6.523110000">
        <ele>934.000</ele>
      </trkpt>
      <trkpt lat="45.729570000" lon="6.522970000">
        <ele>934.000</ele>
      </trkpt>
      <trkpt lat="45.729560000" lon="6.522830000">
        <ele>934.000</ele>
      </trkpt>
      <trkpt lat="45.729550000" lon="6.522710000">
        <ele>935.000</ele>
      </trkpt>
      <trkpt lat="45.729580000" lon="6.522290000">
        <ele>935.000</ele>
      </trkpt>
      <trkpt lat="45.729580000" lon="6.522120000">
        <ele>936.000</ele>
      </trkpt>
      <trkpt lat="45.729560000" lon="6.521720000">
        <ele>938.000</ele>
      </trkpt>
      <trkpt lat="45.729540000" lon="6.521480000">
        <ele>939.000</ele>
      </trkpt>
      <trkpt lat="45.729440000" lon="6.520930000">
        <ele>942.000</ele>
      </trkpt>
      <trkpt lat="45.729450000" lon="6.520820000">
        <ele>944.000</ele>
      </trkpt>
      <trkpt lat="45.729500000" lon="6.520600000">
        <ele>945.000</ele>
      </trkpt>
      <trkpt lat="45.729500000" lon="6.520530000">
        <ele>947.000</ele>
      </trkpt>
      <trkpt lat="45.729480000" lon="6.520430000">
        <ele>948.000</ele>
      </trkpt>
      <trkpt lat="45.729440000" lon="6.520330000">
        <ele>949.000</ele>
      </trkpt>
      <trkpt lat="45.729390000" lon="6.520190000">
        <ele>950.000</ele>
      </trkpt>
      <trkpt lat="45.729370000" lon="6.520060000">
        <ele>951.000</ele>
      </trkpt>
      <trkpt lat="45.729360000" lon="6.519930000">
        <ele>952.000</ele>
      </trkpt>
      <trkpt lat="45.729370000" lon="6.519780000">
        <ele>953.000</ele>
      </trkpt>
      <trkpt lat="45.729360000" lon="6.519690000">
        <ele>954.000</ele>
      </trkpt>
      <trkpt lat="45.729340000" lon="6.519600000">
        <ele>955.000</ele>
      </trkpt>
      <trkpt lat="45.729260000" lon="6.519380000">
        <ele>956.000</ele>
      </trkpt>
      <trkpt lat="45.729210000" lon="6.519110000">
        <ele>958.000</ele>
      </trkpt>
      <trkpt lat="45.729190000" lon="6.518860000">
        <ele>960.000</ele>
      </trkpt>
      <trkpt lat="45.729200000" lon="6.518520000">
        <ele>962.000</ele>
      </trkpt>
      <trkpt lat="45.729240000" lon="6.518220000">
        <ele>964.000</ele>
      </trkpt>
      <trkpt lat="45.729260000" lon="6.518090000">
        <ele>965.000</ele>
      </trkpt>
      <trkpt lat="45.729250000" lon="6.517820000">
        <ele>967.000</ele>
      </trkpt>
      <trkpt lat="45.729260000" lon="6.517730000">
        <ele>969.000</ele>
      </trkpt>
      <trkpt lat="45.729290000" lon="6.517680000">
        <ele>970.000</ele>
      </trkpt>
      <trkpt lat="45.729320000" lon="6.517660000">
        <ele>971.000</ele>
      </trkpt>
      <trkpt lat="45.729360000" lon="6.517650000">
        <ele>972.000</ele>
      </trkpt>
      <trkpt lat="45.729390000" lon="6.517670000">
        <ele>972.000</ele>
      </trkpt>
      <trkpt lat="45.729410000" lon="6.517710000">
        <ele>973.000</ele>
      </trkpt>
      <trkpt lat="45.729420000" lon="6.517780000">
        <ele>973.000</ele>
      </trkpt>
      <trkpt lat="45.729410000" lon="6.517860000">
        <ele>974.000</ele>
      </trkpt>
      <trkpt lat="45.729370000" lon="6.518050000">
        <ele>975.000</ele>
      </trkpt>
      <trkpt lat="45.729360000" lon="6.518150000">
        <ele>975.000</ele>
      </trkpt>
      <trkpt lat="45.729350000" lon="6.518280000">
        <ele>976.000</ele>
      </trkpt>
      <trkpt lat="45.729360000" lon="6.518370000">
        <ele>976.000</ele>
      </trkpt>
      <trkpt lat="45.729380000" lon="6.518490000">
        <ele>976.000</ele>
      </trkpt>
      <trkpt lat="45.729490000" lon="6.518990000">
        <ele>977.000</ele>
      </trkpt>
      <trkpt lat="45.729540000" lon="6.519160000">
        <ele>977.000</ele>
      </trkpt>
      <trkpt lat="45.729580000" lon="6.519250000">
        <ele>977.000</ele>
      </trkpt>
      <trkpt lat="45.729650000" lon="6.519340000">
        <ele>978.000</ele>
      </trkpt>
      <trkpt lat="45.729760000" lon="6.519480000">
        <ele>978.000</ele>
      </trkpt>
      <trkpt lat="45.729800000" lon="6.519550000">
        <ele>978.000</ele>
      </trkpt>
      <trkpt lat="45.729820000" lon="6.519650000">
        <ele>978.000</ele>
      </trkpt>
      <trkpt lat="45.729830000" lon="6.519860000">
        <ele>978.000</ele>
      </trkpt>
      <trkpt lat="45.729850000" lon="6.519990000">
        <ele>979.000</ele>
      </trkpt>
      <trkpt lat="45.729910000" lon="6.520140000">
        <ele>979.000</ele>
      </trkpt>
      <trkpt lat="45.729950000" lon="6.520230000">
        <ele>979.000</ele>
      </trkpt>
      <trkpt lat="45.729980000" lon="6.520320000">
        <ele>979.000</ele>
      </trkpt>
      <trkpt lat="45.730000000" lon="6.520410000">
        <ele>979.000</ele>
      </trkpt>
      <trkpt lat="45.730000000" lon="6.520530000">
        <ele>980.000</ele>
      </trkpt>
      <trkpt lat="45.730020000" lon="6.520640000">
        <ele>980.000</ele>
      </trkpt>
      <trkpt lat="45.730310000" lon="6.521620000">
        <ele>983.000</ele>
      </trkpt>
      <trkpt lat="45.730390000" lon="6.522010000">
        <ele>986.000</ele>
      </trkpt>
      <trkpt lat="45.730410000" lon="6.522130000">
        <ele>989.000</ele>
      </trkpt>
      <trkpt lat="45.730460000" lon="6.522390000">
        <ele>991.000</ele>
      </trkpt>
      <trkpt lat="45.730490000" lon="6.522500000">
        <ele>993.000</ele>
      </trkpt>
      <trkpt lat="45.730520000" lon="6.522560000">
        <ele>994.000</ele>
      </trkpt>
      <trkpt lat="45.730550000" lon="6.522590000">
        <ele>995.000</ele>
      </trkpt>
      <trkpt lat="45.730600000" lon="6.522580000">
        <ele>996.000</ele>
      </trkpt>
      <trkpt lat="45.730630000" lon="6.522550000">
        <ele>997.000</ele>
      </trkpt>
      <trkpt lat="45.730650000" lon="6.522470000">
        <ele>997.000</ele>
      </trkpt>
      <trkpt lat="45.730650000" lon="6.522370000">
        <ele>998.000</ele>
      </trkpt>
      <trkpt lat="45.730610000" lon="6.522200000">
        <ele>999.000</ele>
      </trkpt>
      <trkpt lat="45.730570000" lon="6.522040000">
        <ele>1000.000</ele>
      </trkpt>
      <trkpt lat="45.730540000" lon="6.521850000">
        <ele>1001.000</ele>
      </trkpt>
      <trkpt lat="45.730510000" lon="6.521500000">
        <ele>1002.000</ele>
      </trkpt>
      <trkpt lat="45.730430000" lon="6.521070000">
        <ele>1003.000</ele>
      </trkpt>
      <trkpt lat="45.730410000" lon="6.520900000">
        <ele>1005.000</ele>
      </trkpt>
      <trkpt lat="45.730420000" lon="6.520700000">
        <ele>1006.000</ele>
      </trkpt>
      <trkpt lat="45.730480000" lon="6.520170000">
        <ele>1007.000</ele>
      </trkpt>
      <trkpt lat="45.730500000" lon="6.520100000">
        <ele>1009.000</ele>
      </trkpt>
      <trkpt lat="45.730540000" lon="6.520060000">
        <ele>1010.000</ele>
      </trkpt>
      <trkpt lat="45.730590000" lon="6.520060000">
        <ele>1010.000</ele>
      </trkpt>
      <trkpt lat="45.730620000" lon="6.520080000">
        <ele>1011.000</ele>
      </trkpt>
      <trkpt lat="45.730650000" lon="6.520130000">
        <ele>1011.000</ele>
      </trkpt>
      <trkpt lat="45.730660000" lon="6.520190000">
        <ele>1012.000</ele>
      </trkpt>
      <trkpt lat="45.730650000" lon="6.520280000">
        <ele>1012.000</ele>
      </trkpt>
      <trkpt lat="45.730620000" lon="6.520490000">
        <ele>1013.000</ele>
      </trkpt>
      <trkpt lat="45.730610000" lon="6.520650000">
        <ele>1014.000</ele>
      </trkpt>
      <trkpt lat="45.730630000" lon="6.520830000">
        <ele>1014.000</ele>
      </trkpt>
      <trkpt lat="45.730660000" lon="6.520970000">
        <ele>1015.000</ele>
      </trkpt>
      <trkpt lat="45.730760000" lon="6.521340000">
        <ele>1016.000</ele>
      </trkpt>
      <trkpt lat="45.730800000" lon="6.521500000">
        <ele>1017.000</ele>
      </trkpt>
      <trkpt lat="45.730830000" lon="6.521750000">
        <ele>1018.000</ele>
      </trkpt>
      <trkpt lat="45.730850000" lon="6.521810000">
        <ele>1019.000</ele>
      </trkpt>
      <trkpt lat="45.730890000" lon="6.521840000">
        <ele>1020.000</ele>
      </trkpt>
      <trkpt lat="45.730950000" lon="6.521840000">
        <ele>1020.000</ele>
      </trkpt>
      <trkpt lat="45.730980000" lon="6.521790000">
        <ele>1021.000</ele>
      </trkpt>
      <trkpt lat="45.730990000" lon="6.521740000">
        <ele>1021.000</ele>
      </trkpt>
      <trkpt lat="45.730990000" lon="6.521680000">
        <ele>1021.000</ele>
      </trkpt>
      <trkpt lat="45.730960000" lon="6.521560000">
        <ele>1022.000</ele>
      </trkpt>
      <trkpt lat="45.730950000" lon="6.521450000">
        <ele>1022.000</ele>
      </trkpt>
      <trkpt lat="45.730960000" lon="6.521320000">
        <ele>1023.000</ele>
      </trkpt>
      <trkpt lat="45.730970000" lon="6.521140000">
        <ele>1023.000</ele>
      </trkpt>
      <trkpt lat="45.730990000" lon="6.521010000">
        <ele>1024.000</ele>
      </trkpt>
      <trkpt lat="45.731010000" lon="6.520770000">
        <ele>1025.000</ele>
      </trkpt>
      <trkpt lat="45.730990000" lon="6.520590000">
        <ele>1026.000</ele>
      </trkpt>
      <trkpt lat="45.730990000" lon="6.520510000">
        <ele>1027.000</ele>
      </trkpt>
      <trkpt lat="45.731000000" lon="6.520440000">
        <ele>1028.000</ele>
      </trkpt>
      <trkpt lat="45.731040000" lon="6.520300000">
        <ele>1029.000</ele>
      </trkpt>
      <trkpt lat="45.731050000" lon="6.520200000">
        <ele>1030.000</ele>
      </trkpt>
      <trkpt lat="45.731050000" lon="6.520100000">
        <ele>1031.000</ele>
      </trkpt>
      <trkpt lat="45.730980000" lon="6.519890000">
        <ele>1032.000</ele>
      </trkpt>
      <trkpt lat="45.730960000" lon="6.519800000">
        <ele>1033.000</ele>
      </trkpt>
      <trkpt lat="45.730960000" lon="6.519690000">
        <ele>1034.000</ele>
      </trkpt>
      <trkpt lat="45.730970000" lon="6.519520000">
        <ele>1035.000</ele>
      </trkpt>
      <trkpt lat="45.730980000" lon="6.519390000">
        <ele>1036.000</ele>
      </trkpt>
      <trkpt lat="45.730970000" lon="6.519280000">
        <ele>1037.000</ele>
      </trkpt>
      <trkpt lat="45.730940000" lon="6.519170000">
        <ele>1038.000</ele>
      </trkpt>
      <trkpt lat="45.730890000" lon="6.519070000">
        <ele>1039.000</ele>
      </trkpt>
      <trkpt lat="45.730870000" lon="6.519000000">
        <ele>1040.000</ele>
      </trkpt>
      <trkpt lat="45.730870000" lon="6.518930000">
        <ele>1040.000</ele>
      </trkpt>
      <trkpt lat="45.730890000" lon="6.518890000">
        <ele>1041.000</ele>
      </trkpt>
      <trkpt lat="45.730920000" lon="6.518870000">
        <ele>1041.000</ele>
      </trkpt>
      <trkpt lat="45.730960000" lon="6.518870000">
        <ele>1042.000</ele>
      </trkpt>
      <trkpt lat="45.730990000" lon="6.518900000">
        <ele>1042.000</ele>
      </trkpt>
      <trkpt lat="45.731010000" lon="6.518940000">
        <ele>1043.000</ele>
      </trkpt>
      <trkpt lat="45.731030000" lon="6.519050000">
        <ele>1043.000</ele>
      </trkpt>
      <trkpt lat="45.731040000" lon="6.519140000">
        <ele>1044.000</ele>
      </trkpt>
      <trkpt lat="45.731140000" lon="6.519390000">
        <ele>1045.000</ele>
      </trkpt>
      <trkpt lat="45.731170000" lon="6.519490000">
        <ele>1046.000</ele>
      </trkpt>
      <trkpt lat="45.731190000" lon="6.519680000">
        <ele>1047.000</ele>
      </trkpt>
      <trkpt lat="45.731220000" lon="6.519790000">
        <ele>1048.000</ele>
      </trkpt>
      <trkpt lat="45.731260000" lon="6.519880000">
        <ele>1049.000</ele>
      </trkpt>
      <trkpt lat="45.731440000" lon="6.520100000">
        <ele>1050.000</ele>
      </trkpt>
      <trkpt lat="45.731500000" lon="6.520180000">
        <ele>1051.000</ele>
      </trkpt>
      <trkpt lat="45.731530000" lon="6.520260000">
        <ele>1052.000</ele>
      </trkpt>
      <trkpt lat="45.731540000" lon="6.520360000">
        <ele>1053.000</ele>
      </trkpt>
      <trkpt lat="45.731540000" lon="6.520460000">
        <ele>1054.000</ele>
      </trkpt>
      <trkpt lat="45.731510000" lon="6.520670000">
        <ele>1055.000</ele>
      </trkpt>
      <trkpt lat="45.731500000" lon="6.520800000">
        <ele>1056.000</ele>
      </trkpt>
      <trkpt lat="45.731520000" lon="6.520900000">
        <ele>1057.000</ele>
      </trkpt>
      <trkpt lat="45.731630000" lon="6.521200000">
        <ele>1058.000</ele>
      </trkpt>
      <trkpt lat="45.731670000" lon="6.521340000">
        <ele>1059.000</ele>
      </trkpt>
      <trkpt lat="45.731710000" lon="6.521550000">
        <ele>1061.000</ele>
      </trkpt>
      <trkpt lat="45.731730000" lon="6.521650000">
        <ele>1062.000</ele>
      </trkpt>
      <trkpt lat="45.731740000" lon="6.521820000">
        <ele>1064.000</ele>
      </trkpt>
      <trkpt lat="45.731750000" lon="6.521910000">
        <ele>1066.000</ele>
      </trkpt>
      <trkpt lat="45.731770000" lon="6.521960000">
        <ele>1067.000</ele>
      </trkpt>
      <trkpt lat="45.731790000" lon="6.521990000">
        <ele>1068.000</ele>
      </trkpt>
      <trkpt lat="45.731830000" lon="6.522000000">
        <ele>1069.000</ele>
      </trkpt>
      <trkpt lat="45.731850000" lon="6.521990000">
        <ele>1070.000</ele>
      </trkpt>
      <trkpt lat="45.731880000" lon="6.521960000">
        <ele>1070.000</ele>
      </trkpt>
      <trkpt lat="45.731890000" lon="6.521930000">
        <ele>1071.000</ele>
      </trkpt>
      <trkpt lat="45.731900000" lon="6.521880000">
        <ele>1072.000</ele>
      </trkpt>
      <trkpt lat="45.731870000" lon="6.521770000">
        <ele>1073.000</ele>
      </trkpt>
      <trkpt lat="45.731850000" lon="6.521670000">
        <ele>1074.000</ele>
      </trkpt>
      <trkpt lat="45.731860000" lon="6.521170000">
        <ele>1076.000</ele>
      </trkpt>
      <trkpt lat="45.731820000" lon="6.520760000">
        <ele>1080.000</ele>
      </trkpt>
      <trkpt lat="45.731810000" lon="6.520610000">
        <ele>1083.000</ele>
      </trkpt>
      <trkpt lat="45.731830000" lon="6.520500000">
        <ele>1086.000</ele>
      </trkpt>
      <trkpt lat="45.731860000" lon="6.520410000">
        <ele>1088.000</ele>
      </trkpt>
      <trkpt lat="45.731890000" lon="6.520370000">
        <ele>1089.000</ele>
      </trkpt>
      <trkpt lat="45.731920000" lon="6.520350000">
        <ele>1091.000</ele>
      </trkpt>
      <trkpt lat="45.731950000" lon="6.520360000">
        <ele>1092.000</ele>
      </trkpt>
      <trkpt lat="45.731980000" lon="6.520390000">
        <ele>1093.000</ele>
      </trkpt>
      <trkpt lat="45.731990000" lon="6.520450000">
        <ele>1093.000</ele>
      </trkpt>
      <trkpt lat="45.732000000" lon="6.520520000">
        <ele>1094.000</ele>
      </trkpt>
      <trkpt lat="45.731980000" lon="6.520610000">
        <ele>1094.000</ele>
      </trkpt>
      <trkpt lat="45.731980000" lon="6.520760000">
        <ele>1095.000</ele>
      </trkpt>
      <trkpt lat="45.731990000" lon="6.520900000">
        <ele>1095.000</ele>
      </trkpt>
      <trkpt lat="45.732060000" lon="6.521340000">
        <ele>1096.000</ele>
      </trkpt>
      <trkpt lat="45.732130000" lon="6.521620000">
        <ele>1096.000</ele>
      </trkpt>
      <trkpt lat="45.732220000" lon="6.521950000">
        <ele>1097.000</ele>
      </trkpt>
      <trkpt lat="45.732310000" lon="6.522250000">
        <ele>1098.000</ele>
      </trkpt>
      <trkpt lat="45.732490000" lon="6.522620000">
        <ele>1099.000</ele>
      </trkpt>
      <trkpt lat="45.732680000" lon="6.523080000">
        <ele>1100.000</ele>
      </trkpt>
      <trkpt lat="45.732800000" lon="6.523560000">
        <ele>1102.000</ele>
      </trkpt>
      <trkpt lat="45.732840000" lon="6.523700000">
        <ele>1103.000</ele>
      </trkpt>
      <trkpt lat="45.732890000" lon="6.523790000">
        <ele>1105.000</ele>
      </trkpt>
      <trkpt lat="45.732930000" lon="6.523840000">
        <ele>1105.000</ele>
      </trkpt>
      <trkpt lat="45.732990000" lon="6.523880000">
        <ele>1106.000</ele>
      </trkpt>
      <trkpt lat="45.733050000" lon="6.523900000">
        <ele>1107.000</ele>
      </trkpt>
      <trkpt lat="45.733140000" lon="6.523910000">
        <ele>1108.000</ele>
      </trkpt>
      <trkpt lat="45.733230000" lon="6.523920000">
        <ele>1108.000</ele>
      </trkpt>
      <trkpt lat="45.733460000" lon="6.523860000">
        <ele>1110.000</ele>
      </trkpt>
      <trkpt lat="45.733540000" lon="6.523860000">
        <ele>1110.000</ele>
      </trkpt>
      <trkpt lat="45.733580000" lon="6.523890000">
        <ele>1111.000</ele>
      </trkpt>
      <trkpt lat="45.733620000" lon="6.523950000">
        <ele>1112.000</ele>
      </trkpt>
      <trkpt lat="45.733660000" lon="6.524040000">
        <ele>1112.000</ele>
      </trkpt>
      <trkpt lat="45.733720000" lon="6.524220000">
        <ele>1113.000</ele>
      </trkpt>
      <trkpt lat="45.733760000" lon="6.524360000">
        <ele>1114.000</ele>
      </trkpt>
      <trkpt lat="45.733810000" lon="6.524430000">
        <ele>1115.000</ele>
      </trkpt>
      <trkpt lat="45.733920000" lon="6.524570000">
        <ele>1116.000</ele>
      </trkpt>
      <trkpt lat="45.733990000" lon="6.524700000">
        <ele>1116.000</ele>
      </trkpt>
      <trkpt lat="45.734150000" lon="6.525110000">
        <ele>1116.000</ele>
      </trkpt>
      <trkpt lat="45.734170000" lon="6.525240000">
        <ele>1116.000</ele>
      </trkpt>
      <trkpt lat="45.734180000" lon="6.525630000">
        <ele>1116.000</ele>
      </trkpt>
      <trkpt lat="45.734200000" lon="6.525810000">
        <ele>1116.000</ele>
      </trkpt>
      <trkpt lat="45.734220000" lon="6.525880000">
        <ele>1115.000</ele>
      </trkpt>
      <trkpt lat="45.734270000" lon="6.525930000">
        <ele>1115.000</ele>
      </trkpt>
      <trkpt lat="45.734520000" lon="6.526100000">
        <ele>1115.000</ele>
      </trkpt>
      <trkpt lat="45.734640000" lon="6.526210000">
        <ele>1115.000</ele>
      </trkpt>
      <trkpt lat="45.734780000" lon="6.526360000">
        <ele>1114.000</ele>
      </trkpt>
      <trkpt lat="45.734840000" lon="6.526450000">
        <ele>1114.000</ele>
      </trkpt>
      <trkpt lat="45.734870000" lon="6.526540000">
        <ele>1114.000</ele>
      </trkpt>
      <trkpt lat="45.734950000" lon="6.526820000">
        <ele>1113.000</ele>
      </trkpt>
      <trkpt lat="45.735010000" lon="6.526970000">
        <ele>1113.000</ele>
      </trkpt>
      <trkpt lat="45.735160000" lon="6.527300000">
        <ele>1114.000</ele>
      </trkpt>
      <trkpt lat="45.735240000" lon="6.527500000">
        <ele>1115.000</ele>
      </trkpt>
      <trkpt lat="45.735300000" lon="6.527740000">
        <ele>1117.000</ele>
      </trkpt>
      <trkpt lat="45.735340000" lon="6.527910000">
        <ele>1118.000</ele>
      </trkpt>
      <trkpt lat="45.735380000" lon="6.528020000">
        <ele>1119.000</ele>
      </trkpt>
      <trkpt lat="45.735430000" lon="6.528120000">
        <ele>1120.000</ele>
      </trkpt>
      <trkpt lat="45.735620000" lon="6.528410000">
        <ele>1122.000</ele>
      </trkpt>
      <trkpt lat="45.735810000" lon="6.528690000">
        <ele>1124.000</ele>
      </trkpt>
      <trkpt lat="45.736000000" lon="6.528860000">
        <ele>1126.000</ele>
      </trkpt>
      <trkpt lat="45.736120000" lon="6.528940000">
        <ele>1127.000</ele>
      </trkpt>
      <trkpt lat="45.736190000" lon="6.529020000">
        <ele>1128.000</ele>
      </trkpt>
      <trkpt lat="45.736240000" lon="6.529110000">
        <ele>1129.000</ele>
      </trkpt>
      <trkpt lat="45.736290000" lon="6.529220000">
        <ele>1130.000</ele>
      </trkpt>
      <trkpt lat="45.736310000" lon="6.529360000">
        <ele>1130.000</ele>
      </trkpt>
      <trkpt lat="45.736320000" lon="6.529490000">
        <ele>1131.000</ele>
      </trkpt>
      <trkpt lat="45.736300000" lon="6.529610000">
        <ele>1131.000</ele>
      </trkpt>
      <trkpt lat="45.736270000" lon="6.529700000">
        <ele>1131.000</ele>
      </trkpt>
      <trkpt lat="45.736230000" lon="6.529770000">
        <ele>1132.000</ele>
      </trkpt>
      <trkpt lat="45.736170000" lon="6.529810000">
        <ele>1132.000</ele>
      </trkpt>
      <trkpt lat="45.736040000" lon="6.529870000">
        <ele>1132.000</ele>
      </trkpt>
      <trkpt lat="45.735980000" lon="6.529900000">
        <ele>1132.000</ele>
      </trkpt>
      <trkpt lat="45.735920000" lon="6.529960000">
        <ele>1133.000</ele>
      </trkpt>
      <trkpt lat="45.735700000" lon="6.530300000">
        <ele>1133.000</ele>
      </trkpt>
      <trkpt lat="45.735640000" lon="6.530370000">
        <ele>1134.000</ele>
      </trkpt>
      <trkpt lat="45.735570000" lon="6.530490000">
        <ele>1134.000</ele>
      </trkpt>
      <trkpt lat="45.735530000" lon="6.530610000">
        <ele>1134.000</ele>
      </trkpt>
      <trkpt lat="45.735510000" lon="6.530720000">
        <ele>1135.000</ele>
      </trkpt>
      <trkpt lat="45.735510000" lon="6.530840000">
        <ele>1135.000</ele>
      </trkpt>
      <trkpt lat="45.735510000" lon="6.530930000">
        <ele>1136.000</ele>
      </trkpt>
      <trkpt lat="45.735560000" lon="6.531260000">
        <ele>1137.000</ele>
      </trkpt>
      <trkpt lat="45.735580000" lon="6.531320000">
        <ele>1137.000</ele>
      </trkpt>
      <trkpt lat="45.735610000" lon="6.531370000">
        <ele>1138.000</ele>
      </trkpt>
      <trkpt lat="45.735650000" lon="6.531390000">
        <ele>1138.000</ele>
      </trkpt>
      <trkpt lat="45.735670000" lon="6.531380000">
        <ele>1139.000</ele>
      </trkpt>
      <trkpt lat="45.735690000" lon="6.531360000">
        <ele>1139.000</ele>
      </trkpt>
      <trkpt lat="45.735700000" lon="6.531320000">
        <ele>1139.000</ele>
      </trkpt>
      <trkpt lat="45.735710000" lon="6.531270000">
        <ele>1139.000</ele>
      </trkpt>
      <trkpt lat="45.735690000" lon="6.531190000">
        <ele>1140.000</ele>
      </trkpt>
      <trkpt lat="45.735650000" lon="6.531030000">
        <ele>1140.000</ele>
      </trkpt>
      <trkpt lat="45.735640000" lon="6.530910000">
        <ele>1141.000</ele>
      </trkpt>
      <trkpt lat="45.735640000" lon="6.530800000">
        <ele>1141.000</ele>
      </trkpt>
      <trkpt lat="45.735660000" lon="6.530720000">
        <ele>1142.000</ele>
      </trkpt>
      <trkpt lat="45.735680000" lon="6.530650000">
        <ele>1142.000</ele>
      </trkpt>
      <trkpt lat="45.735740000" lon="6.530590000">
        <ele>1143.000</ele>
      </trkpt>
      <trkpt lat="45.735810000" lon="6.530540000">
        <ele>1143.000</ele>
      </trkpt>
      <trkpt lat="45.736100000" lon="6.530410000">
        <ele>1144.000</ele>
      </trkpt>
      <trkpt lat="45.736300000" lon="6.530310000">
        <ele>1146.000</ele>
      </trkpt>
      <trkpt lat="45.736370000" lon="6.530300000">
        <ele>1147.000</ele>
      </trkpt>
      <trkpt lat="45.736540000" lon="6.530330000">
        <ele>1148.000</ele>
      </trkpt>
      <trkpt lat="45.736610000" lon="6.530320000">
        <ele>1150.000</ele>
      </trkpt>
      <trkpt lat="45.736710000" lon="6.530280000">
        <ele>1152.000</ele>
      </trkpt>
      <trkpt lat="45.736780000" lon="6.530220000">
        <ele>1154.000</ele>
      </trkpt>
      <trkpt lat="45.736830000" lon="6.530170000">
        <ele>1156.000</ele>
      </trkpt>
      <trkpt lat="45.736840000" lon="6.530140000">
        <ele>1157.000</ele>
      </trkpt>
      <trkpt lat="45.736860000" lon="6.530070000">
        <ele>1159.000</ele>
      </trkpt>
      <trkpt lat="45.736870000" lon="6.529740000">
        <ele>1161.000</ele>
      </trkpt>
      <trkpt lat="45.736890000" lon="6.529650000">
        <ele>1164.000</ele>
      </trkpt>
      <trkpt lat="45.736950000" lon="6.529500000">
        <ele>1166.000</ele>
      </trkpt>
      <trkpt lat="45.737000000" lon="6.529380000">
        <ele>1168.000</ele>
      </trkpt>
      <trkpt lat="45.737120000" lon="6.529230000">
        <ele>1171.000</ele>
      </trkpt>
      <trkpt lat="45.737170000" lon="6.529150000">
        <ele>1174.000</ele>
      </trkpt>
      <trkpt lat="45.737190000" lon="6.529060000">
        <ele>1176.000</ele>
      </trkpt>
      <trkpt lat="45.737210000" lon="6.528950000">
        <ele>1178.000</ele>
      </trkpt>
      <trkpt lat="45.737210000" lon="6.528780000">
        <ele>1180.000</ele>
      </trkpt>
      <trkpt lat="45.737190000" lon="6.528640000">
        <ele>1182.000</ele>
      </trkpt>
      <trkpt lat="45.737160000" lon="6.528490000">
        <ele>1185.000</ele>
      </trkpt>
      <trkpt lat="45.737120000" lon="6.528370000">
        <ele>1187.000</ele>
      </trkpt>
      <trkpt lat="45.736960000" lon="6.528110000">
        <ele>1189.000</ele>
      </trkpt>
      <trkpt lat="45.736770000" lon="6.527800000">
        <ele>1190.000</ele>
      </trkpt>
      <trkpt lat="45.736590000" lon="6.527570000">
        <ele>1191.000</ele>
      </trkpt>
      <trkpt lat="45.736510000" lon="6.527440000">
        <ele>1192.000</ele>
      </trkpt>
      <trkpt lat="45.736460000" lon="6.527310000">
        <ele>1193.000</ele>
      </trkpt>
      <trkpt lat="45.736430000" lon="6.527140000">
        <ele>1193.000</ele>
      </trkpt>
      <trkpt lat="45.736420000" lon="6.526960000">
        <ele>1194.000</ele>
      </trkpt>
      <trkpt lat="45.736420000" lon="6.526790000">
        <ele>1194.000</ele>
      </trkpt>
      <trkpt lat="45.736440000" lon="6.526600000">
        <ele>1195.000</ele>
      </trkpt>
      <trkpt lat="45.736440000" lon="6.526420000">
        <ele>1195.000</ele>
      </trkpt>
      <trkpt lat="45.736430000" lon="6.526290000">
        <ele>1196.000</ele>
      </trkpt>
      <trkpt lat="45.736410000" lon="6.526160000">
        <ele>1196.000</ele>
      </trkpt>
      <trkpt lat="45.736390000" lon="6.526060000">
        <ele>1196.000</ele>
      </trkpt>
      <trkpt lat="45.736410000" lon="6.525950000">
        <ele>1197.000</ele>
      </trkpt>
      <trkpt lat="45.736460000" lon="6.525770000">
        <ele>1198.000</ele>
      </trkpt>
      <trkpt lat="45.736490000" lon="6.525620000">
        <ele>1199.000</ele>
      </trkpt>
      <trkpt lat="45.736510000" lon="6.525420000">
        <ele>1200.000</ele>
      </trkpt>
      <trkpt lat="45.736510000" lon="6.525240000">
        <ele>1202.000</ele>
      </trkpt>
      <trkpt lat="45.736500000" lon="6.525100000">
        <ele>1203.000</ele>
      </trkpt>
      <trkpt lat="45.736440000" lon="6.524880000">
        <ele>1205.000</ele>
      </trkpt>
      <trkpt lat="45.736170000" lon="6.524170000">
        <ele>1208.000</ele>
      </trkpt>
      <trkpt lat="45.736120000" lon="6.524020000">
        <ele>1211.000</ele>
      </trkpt>
      <trkpt lat="45.736020000" lon="6.523560000">
        <ele>1214.000</ele>
      </trkpt>
      <trkpt lat="45.735870000" lon="6.523040000">
        <ele>1217.000</ele>
      </trkpt>
      <trkpt lat="45.735830000" lon="6.522930000">
        <ele>1219.000</ele>
      </trkpt>
      <trkpt lat="45.735760000" lon="6.522840000">
        <ele>1221.000</ele>
      </trkpt>
      <trkpt lat="45.735530000" lon="6.522590000">
        <ele>1223.000</ele>
      </trkpt>
      <trkpt lat="45.735440000" lon="6.522470000">
        <ele>1225.000</ele>
      </trkpt>
      <trkpt lat="45.735390000" lon="6.522370000">
        <ele>1226.000</ele>
      </trkpt>
      <trkpt lat="45.735350000" lon="6.522230000">
        <ele>1227.000</ele>
      </trkpt>
      <trkpt lat="45.735330000" lon="6.522080000">
        <ele>1228.000</ele>
      </trkpt>
      <trkpt lat="45.735330000" lon="6.521930000">
        <ele>1229.000</ele>
      </trkpt>
      <trkpt lat="45.735320000" lon="6.521820000">
        <ele>1229.000</ele>
      </trkpt>
      <trkpt lat="45.735280000" lon="6.521720000">
        <ele>1230.000</ele>
      </trkpt>
      <trkpt lat="45.735220000" lon="6.521640000">
        <ele>1231.000</ele>
      </trkpt>
      <trkpt lat="45.735140000" lon="6.521580000">
        <ele>1231.000</ele>
      </trkpt>
      <trkpt lat="45.735040000" lon="6.521520000">
        <ele>1232.000</ele>
      </trkpt>
      <trkpt lat="45.734920000" lon="6.521440000">
        <ele>1233.000</ele>
      </trkpt>
      <trkpt lat="45.734830000" lon="6.521350000">
        <ele>1234.000</ele>
      </trkpt>
      <trkpt lat="45.734740000" lon="6.521240000">
        <ele>1235.000</ele>
      </trkpt>
      <trkpt lat="45.734650000" lon="6.521090000">
        <ele>1235.000</ele>
      </trkpt>
      <trkpt lat="45.734580000" lon="6.521000000">
        <ele>1236.000</ele>
      </trkpt>
      <trkpt lat="45.734500000" lon="6.520950000">
        <ele>1237.000</ele>
      </trkpt>
      <trkpt lat="45.734400000" lon="6.520880000">
        <ele>1238.000</ele>
      </trkpt>
      <trkpt lat="45.734350000" lon="6.520840000">
        <ele>1238.000</ele>
      </trkpt>
      <trkpt lat="45.734310000" lon="6.520770000">
        <ele>1239.000</ele>
      </trkpt>
      <trkpt lat="45.734300000" lon="6.520690000">
        <ele>1239.000</ele>
      </trkpt>
      <trkpt lat="45.734270000" lon="6.520400000">
        <ele>1240.000</ele>
      </trkpt>
      <trkpt lat="45.734250000" lon="6.520140000">
        <ele>1241.000</ele>
      </trkpt>
      <trkpt lat="45.734240000" lon="6.520030000">
        <ele>1242.000</ele>
      </trkpt>
      <trkpt lat="45.734260000" lon="6.519970000">
        <ele>1243.000</ele>
      </trkpt>
      <trkpt lat="45.734290000" lon="6.519910000">
        <ele>1243.000</ele>
      </trkpt>
      <trkpt lat="45.734330000" lon="6.519910000">
        <ele>1244.000</ele>
      </trkpt>
      <trkpt lat="45.734360000" lon="6.519930000">
        <ele>1244.000</ele>
      </trkpt>
      <trkpt lat="45.734390000" lon="6.519990000">
        <ele>1245.000</ele>
      </trkpt>
      <trkpt lat="45.734390000" lon="6.520050000">
        <ele>1245.000</ele>
      </trkpt>
      <trkpt lat="45.734390000" lon="6.520150000">
        <ele>1246.000</ele>
      </trkpt>
      <trkpt lat="45.734410000" lon="6.520370000">
        <ele>1246.000</ele>
      </trkpt>
      <trkpt lat="45.734450000" lon="6.520460000">
        <ele>1247.000</ele>
      </trkpt>
      <trkpt lat="45.734490000" lon="6.520510000">
        <ele>1248.000</ele>
      </trkpt>
      <trkpt lat="45.734550000" lon="6.520530000">
        <ele>1248.000</ele>
      </trkpt>
      <trkpt lat="45.734770000" lon="6.520550000">
        <ele>1250.000</ele>
      </trkpt>
      <trkpt lat="45.735170000" lon="6.520600000">
        <ele>1252.000</ele>
      </trkpt>
      <trkpt lat="45.735250000" lon="6.520610000">
        <ele>1254.000</ele>
      </trkpt>
      <trkpt lat="45.735330000" lon="6.520660000">
        <ele>1255.000</ele>
      </trkpt>
      <trkpt lat="45.735510000" lon="6.520810000">
        <ele>1257.000</ele>
      </trkpt>
      <trkpt lat="45.735620000" lon="6.520880000">
        <ele>1259.000</ele>
      </trkpt>
      <trkpt lat="45.735820000" lon="6.520960000">
        <ele>1261.000</ele>
      </trkpt>
      <trkpt lat="45.736000000" lon="6.521030000">
        <ele>1263.000</ele>
      </trkpt>
      <trkpt lat="45.736150000" lon="6.521130000">
        <ele>1265.000</ele>
      </trkpt>
      <trkpt lat="45.736320000" lon="6.521260000">
        <ele>1267.000</ele>
      </trkpt>
      <trkpt lat="45.736440000" lon="6.521330000">
        <ele>1268.000</ele>
      </trkpt>
      <trkpt lat="45.736600000" lon="6.521380000">
        <ele>1270.000</ele>
      </trkpt>
      <trkpt lat="45.736840000" lon="6.521460000">
        <ele>1272.000</ele>
      </trkpt>
      <trkpt lat="45.737000000" lon="6.521550000">
        <ele>1274.000</ele>
      </trkpt>
      <trkpt lat="45.737140000" lon="6.521660000">
        <ele>1276.000</ele>
      </trkpt>
      <trkpt lat="45.737430000" lon="6.521920000">
        <ele>1279.000</ele>
      </trkpt>
      <trkpt lat="45.737620000" lon="6.522050000">
        <ele>1281.000</ele>
      </trkpt>
      <trkpt lat="45.737700000" lon="6.522110000">
        <ele>1283.000</ele>
      </trkpt>
      <trkpt lat="45.737770000" lon="6.522210000">
        <ele>1285.000</ele>
      </trkpt>
      <trkpt lat="45.737980000" lon="6.522710000">
        <ele>1288.000</ele>
      </trkpt>
      <trkpt lat="45.738040000" lon="6.522910000">
        <ele>1291.000</ele>
      </trkpt>
      <trkpt lat="45.738050000" lon="6.523070000">
        <ele>1293.000</ele>
      </trkpt>
      <trkpt lat="45.738070000" lon="6.523330000">
        <ele>1295.000</ele>
      </trkpt>
      <trkpt lat="45.738100000" lon="6.523460000">
        <ele>1297.000</ele>
      </trkpt>
      <trkpt lat="45.738170000" lon="6.523610000">
        <ele>1299.000</ele>
      </trkpt>
      <trkpt lat="45.738230000" lon="6.523730000">
        <ele>1300.000</ele>
      </trkpt>
      <trkpt lat="45.738370000" lon="6.523940000">
        <ele>1302.000</ele>
      </trkpt>
      <trkpt lat="45.738760000" lon="6.524470000">
        <ele>1306.000</ele>
      </trkpt>
      <trkpt lat="45.738830000" lon="6.524580000">
        <ele>1309.000</ele>
      </trkpt>
      <trkpt lat="45.738890000" lon="6.524700000">
        <ele>1311.000</ele>
      </trkpt>
      <trkpt lat="45.738920000" lon="6.524860000">
        <ele>1313.000</ele>
      </trkpt>
      <trkpt lat="45.738930000" lon="6.525060000">
        <ele>1315.000</ele>
      </trkpt>
      <trkpt lat="45.738950000" lon="6.525490000">
        <ele>1318.000</ele>
      </trkpt>
      <trkpt lat="45.739000000" lon="6.526030000">
        <ele>1321.000</ele>
      </trkpt>
      <trkpt lat="45.739030000" lon="6.526180000">
        <ele>1324.000</ele>
      </trkpt>
      <trkpt lat="45.739080000" lon="6.526350000">
        <ele>1326.000</ele>
      </trkpt>
      <trkpt lat="45.739150000" lon="6.526530000">
        <ele>1328.000</ele>
      </trkpt>
      <trkpt lat="45.739230000" lon="6.526680000">
        <ele>1330.000</ele>
      </trkpt>
      <trkpt lat="45.739300000" lon="6.526770000">
        <ele>1332.000</ele>
      </trkpt>
      <trkpt lat="45.739440000" lon="6.526910000">
        <ele>1334.000</ele>
      </trkpt>
      <trkpt lat="45.739520000" lon="6.527020000">
        <ele>1335.000</ele>
      </trkpt>
      <trkpt lat="45.739570000" lon="6.527140000">
        <ele>1336.000</ele>
      </trkpt>
      <trkpt lat="45.739610000" lon="6.527260000">
        <ele>1338.000</ele>
      </trkpt>
      <trkpt lat="45.739620000" lon="6.527350000">
        <ele>1338.000</ele>
      </trkpt>
      <trkpt lat="45.739630000" lon="6.527500000">
        <ele>1339.000</ele>
      </trkpt>
      <trkpt lat="45.739610000" lon="6.527780000">
        <ele>1340.000</ele>
      </trkpt>
      <trkpt lat="45.739640000" lon="6.528010000">
        <ele>1341.000</ele>
      </trkpt>
      <trkpt lat="45.739690000" lon="6.528160000">
        <ele>1342.000</ele>
      </trkpt>
      <trkpt lat="45.739750000" lon="6.528390000">
        <ele>1343.000</ele>
      </trkpt>
      <trkpt lat="45.739780000" lon="6.528450000">
        <ele>1344.000</ele>
      </trkpt>
      <trkpt lat="45.739810000" lon="6.528480000">
        <ele>1344.000</ele>
      </trkpt>
      <trkpt lat="45.739830000" lon="6.528490000">
        <ele>1345.000</ele>
      </trkpt>
      <trkpt lat="45.739870000" lon="6.528470000">
        <ele>1345.000</ele>
      </trkpt>
      <trkpt lat="45.739890000" lon="6.528430000">
        <ele>1346.000</ele>
      </trkpt>
      <trkpt lat="45.739900000" lon="6.528370000">
        <ele>1346.000</ele>
      </trkpt>
      <trkpt lat="45.739880000" lon="6.528300000">
        <ele>1346.000</ele>
      </trkpt>
      <trkpt lat="45.739790000" lon="6.527920000">
        <ele>1347.000</ele>
      </trkpt>
      <trkpt lat="45.739780000" lon="6.527790000">
        <ele>1348.000</ele>
      </trkpt>
      <trkpt lat="45.739820000" lon="6.527370000">
        <ele>1349.000</ele>
      </trkpt>
      <trkpt lat="45.739830000" lon="6.527230000">
        <ele>1350.000</ele>
      </trkpt>
      <trkpt lat="45.739820000" lon="6.527030000">
        <ele>1351.000</ele>
      </trkpt>
      <trkpt lat="45.739830000" lon="6.526790000">
        <ele>1353.000</ele>
      </trkpt>
      <trkpt lat="45.739850000" lon="6.526430000">
        <ele>1354.000</ele>
      </trkpt>
      <trkpt lat="45.739820000" lon="6.526310000">
        <ele>1356.000</ele>
      </trkpt>
      <trkpt lat="45.739760000" lon="6.526160000">
        <ele>1357.000</ele>
      </trkpt>
      <trkpt lat="45.739710000" lon="6.526030000">
        <ele>1358.000</ele>
      </trkpt>
      <trkpt lat="45.739700000" lon="6.525900000">
        <ele>1359.000</ele>
      </trkpt>
      <trkpt lat="45.739680000" lon="6.525710000">
        <ele>1360.000</ele>
      </trkpt>
      <trkpt lat="45.739680000" lon="6.525320000">
        <ele>1362.000</ele>
      </trkpt>
      <trkpt lat="45.739700000" lon="6.525100000">
        <ele>1363.000</ele>
      </trkpt>
      <trkpt lat="45.739730000" lon="6.524890000">
        <ele>1364.000</ele>
      </trkpt>
      <trkpt lat="45.739780000" lon="6.524710000">
        <ele>1366.000</ele>
      </trkpt>
      <trkpt lat="45.739870000" lon="6.524450000">
        <ele>1368.000</ele>
      </trkpt>
      <trkpt lat="45.739920000" lon="6.524270000">
        <ele>1370.000</ele>
      </trkpt>
      <trkpt lat="45.739960000" lon="6.524120000">
        <ele>1372.000</ele>
      </trkpt>
      <trkpt lat="45.740100000" lon="6.523390000">
        <ele>1376.000</ele>
      </trkpt>
      <trkpt lat="45.740160000" lon="6.522910000">
        <ele>1380.000</ele>
      </trkpt>
      <trkpt lat="45.740250000" lon="6.522400000">
        <ele>1385.000</ele>
      </trkpt>
      <trkpt lat="45.740280000" lon="6.522270000">
        <ele>1389.000</ele>
      </trkpt>
      <trkpt lat="45.740350000" lon="6.522010000">
        <ele>1392.000</ele>
      </trkpt>
      <trkpt lat="45.740370000" lon="6.521900000">
        <ele>1395.000</ele>
      </trkpt>
      <trkpt lat="45.740360000" lon="6.521770000">
        <ele>1397.000</ele>
      </trkpt>
      <trkpt lat="45.740330000" lon="6.521650000">
        <ele>1398.000</ele>
      </trkpt>
      <trkpt lat="45.740260000" lon="6.521450000">
        <ele>1399.000</ele>
      </trkpt>
      <trkpt lat="45.739840000" lon="6.520540000">
        <ele>1400.000</ele>
      </trkpt>
      <trkpt lat="45.739610000" lon="6.520080000">
        <ele>1402.000</ele>
      </trkpt>
      <trkpt lat="45.739240000" lon="6.519230000">
        <ele>1403.000</ele>
      </trkpt>
      <trkpt lat="45.739090000" lon="6.518850000">
        <ele>1406.000</ele>
      </trkpt>
      <trkpt lat="45.739000000" lon="6.518530000">
        <ele>1409.000</ele>
      </trkpt>
      <trkpt lat="45.738900000" lon="6.518070000">
        <ele>1412.000</ele>
      </trkpt>
      <trkpt lat="45.738850000" lon="6.517820000">
        <ele>1416.000</ele>
      </trkpt>
      <trkpt lat="45.738820000" lon="6.517640000">
        <ele>1419.000</ele>
      </trkpt>
      <trkpt lat="45.738780000" lon="6.517460000">
        <ele>1421.000</ele>
      </trkpt>
      <trkpt lat="45.738680000" lon="6.517100000">
        <ele>1424.000</ele>
      </trkpt>
      <trkpt lat="45.738600000" lon="6.516890000">
        <ele>1427.000</ele>
      </trkpt>
      <trkpt lat="45.738510000" lon="6.516670000">
        <ele>1430.000</ele>
      </trkpt>
      <trkpt lat="45.738100000" lon="6.515830000">
        <ele>1433.000</ele>
      </trkpt>
      <trkpt lat="45.738000000" lon="6.515690000">
        <ele>1436.000</ele>
      </trkpt>
      <trkpt lat="45.737920000" lon="6.515620000">
        <ele>1438.000</ele>
      </trkpt>
      <trkpt lat="45.737860000" lon="6.515590000">
        <ele>1439.000</ele>
      </trkpt>
      <trkpt lat="45.737750000" lon="6.515560000">
        <ele>1440.000</ele>
      </trkpt>
      <trkpt lat="45.737680000" lon="6.515530000">
        <ele>1441.000</ele>
      </trkpt>
      <trkpt lat="45.737630000" lon="6.515500000">
        <ele>1442.000</ele>
      </trkpt>
      <trkpt lat="45.737590000" lon="6.515440000">
        <ele>1443.000</ele>
      </trkpt>
      <trkpt lat="45.737550000" lon="6.515360000">
        <ele>1443.000</ele>
      </trkpt>
      <trkpt lat="45.737520000" lon="6.515280000">
        <ele>1444.000</ele>
      </trkpt>
      <trkpt lat="45.737480000" lon="6.515090000">
        <ele>1444.000</ele>
      </trkpt>
      <trkpt lat="45.737430000" lon="6.514840000">
        <ele>1445.000</ele>
      </trkpt>
      <trkpt lat="45.737370000" lon="6.514250000">
        <ele>1447.000</ele>
      </trkpt>
      <trkpt lat="45.737300000" lon="6.513710000">
        <ele>1448.000</ele>
      </trkpt>
      <trkpt lat="45.737290000" lon="6.513470000">
        <ele>1450.000</ele>
      </trkpt>
      <trkpt lat="45.737280000" lon="6.513140000">
        <ele>1451.000</ele>
      </trkpt>
      <trkpt lat="45.737280000" lon="6.512410000">
        <ele>1453.000</ele>
      </trkpt>
      <trkpt lat="45.737270000" lon="6.511980000">
        <ele>1455.000</ele>
      </trkpt>
      <trkpt lat="45.737300000" lon="6.511430000">
        <ele>1457.000</ele>
      </trkpt>
      <trkpt lat="45.737320000" lon="6.511250000">
        <ele>1459.000</ele>
      </trkpt>
      <trkpt lat="45.737380000" lon="6.511030000">
        <ele>1461.000</ele>
      </trkpt>
      <trkpt lat="45.737500000" lon="6.510600000">
        <ele>1464.000</ele>
      </trkpt>
      <trkpt lat="45.737610000" lon="6.510300000">
        <ele>1467.000</ele>
      </trkpt>
      <trkpt lat="45.737900000" lon="6.509590000">
        <ele>1471.000</ele>
      </trkpt>
      <trkpt lat="45.737970000" lon="6.509470000">
        <ele>1475.000</ele>
      </trkpt>
      <trkpt lat="45.738090000" lon="6.509310000">
        <ele>1478.000</ele>
      </trkpt>
      <trkpt lat="45.738190000" lon="6.509210000">
        <ele>1481.000</ele>
      </trkpt>
      <trkpt lat="45.738280000" lon="6.509150000">
        <ele>1483.000</ele>
      </trkpt>
      <trkpt lat="45.738380000" lon="6.509080000">
        <ele>1485.000</ele>
      </trkpt>
      <trkpt lat="45.738430000" lon="6.509040000">
        <ele>1486.000</ele>
      </trkpt>
      <trkpt lat="45.738440000" lon="6.509010000">
        <ele>1487.000</ele>
      </trkpt>
      <trkpt lat="45.738450000" lon="6.508940000">
        <ele>1488.000</ele>
      </trkpt>
      <trkpt lat="45.738450000" lon="6.508880000">
        <ele>1489.000</ele>
      </trkpt>
      <trkpt lat="45.738440000" lon="6.508830000">
        <ele>1489.000</ele>
      </trkpt>
      <trkpt lat="45.738410000" lon="6.508770000">
        <ele>1490.000</ele>
      </trkpt>
      <trkpt lat="45.738340000" lon="6.508670000">
        <ele>1491.000</ele>
      </trkpt>
      <trkpt lat="45.738150000" lon="6.508440000">
        <ele>1492.000</ele>
      </trkpt>
      <trkpt lat="45.737980000" lon="6.508130000">
        <ele>1493.000</ele>
      </trkpt>
      <trkpt lat="45.737950000" lon="6.508030000">
        <ele>1495.000</ele>
      </trkpt>
      <trkpt lat="45.737940000" lon="6.507920000">
        <ele>1496.000</ele>
      </trkpt>
      <trkpt lat="45.737960000" lon="6.507670000">
        <ele>1497.000</ele>
      </trkpt>
      <trkpt lat="45.738040000" lon="6.507250000">
        <ele>1499.000</ele>
      </trkpt>
      <trkpt lat="45.738040000" lon="6.507130000">
        <ele>1501.000</ele>
      </trkpt>
      <trkpt lat="45.738030000" lon="6.507040000">
        <ele>1502.000</ele>
      </trkpt>
      <trkpt lat="45.738000000" lon="6.506970000">
        <ele>1503.000</ele>
      </trkpt>
      <trkpt lat="45.737920000" lon="6.506850000">
        <ele>1504.000</ele>
      </trkpt>
      <trkpt lat="45.737880000" lon="6.506760000">
        <ele>1505.000</ele>
      </trkpt>
      <trkpt lat="45.737840000" lon="6.506630000">
        <ele>1506.000</ele>
      </trkpt>
      <trkpt lat="45.737810000" lon="6.506380000">
        <ele>1507.000</ele>
      </trkpt>
      <trkpt lat="45.737800000" lon="6.506190000">
        <ele>1508.000</ele>
      </trkpt>
      <trkpt lat="45.737810000" lon="6.506060000">
        <ele>1509.000</ele>
      </trkpt>
      <trkpt lat="45.737830000" lon="6.505960000">
        <ele>1510.000</ele>
      </trkpt>
      <trkpt lat="45.737870000" lon="6.505900000">
        <ele>1511.000</ele>
      </trkpt>
      <trkpt lat="45.737940000" lon="6.505870000">
        <ele>1512.000</ele>
      </trkpt>
      <trkpt lat="45.737990000" lon="6.505870000">
        <ele>1512.000</ele>
      </trkpt>
      <trkpt lat="45.738040000" lon="6.505910000">
        <ele>1513.000</ele>
      </trkpt>
      <trkpt lat="45.738100000" lon="6.505990000">
        <ele>1514.000</ele>
      </trkpt>
      <trkpt lat="45.738200000" lon="6.506220000">
        <ele>1515.000</ele>
      </trkpt>
      <trkpt lat="45.738340000" lon="6.506460000">
        <ele>1516.000</ele>
      </trkpt>
      <trkpt lat="45.738370000" lon="6.506500000">
        <ele>1517.000</ele>
      </trkpt>
      <trkpt lat="45.738430000" lon="6.506580000">
        <ele>1518.000</ele>
      </trkpt>
      <trkpt lat="45.738530000" lon="6.506670000">
        <ele>1519.000</ele>
      </trkpt>
      <trkpt lat="45.738610000" lon="6.506720000">
        <ele>1520.000</ele>
      </trkpt>
      <trkpt lat="45.738770000" lon="6.506780000">
        <ele>1521.000</ele>
      </trkpt>
      <trkpt lat="45.738870000" lon="6.506860000">
        <ele>1522.000</ele>
      </trkpt>
      <trkpt lat="45.738940000" lon="6.506920000">
        <ele>1523.000</ele>
      </trkpt>
      <trkpt lat="45.739010000" lon="6.507000000">
        <ele>1524.000</ele>
      </trkpt>
      <trkpt lat="45.739070000" lon="6.507090000">
        <ele>1525.000</ele>
      </trkpt>
      <trkpt lat="45.739130000" lon="6.507240000">
        <ele>1526.000</ele>
      </trkpt>
      <trkpt lat="45.739210000" lon="6.507440000">
        <ele>1527.000</ele>
      </trkpt>
      <trkpt lat="45.739260000" lon="6.507540000">
        <ele>1528.000</ele>
      </trkpt>
      <trkpt lat="45.739300000" lon="6.507600000">
        <ele>1529.000</ele>
      </trkpt>
      <trkpt lat="45.739360000" lon="6.507650000">
        <ele>1529.000</ele>
      </trkpt>
      <trkpt lat="45.739530000" lon="6.507720000">
        <ele>1530.000</ele>
      </trkpt>
      <trkpt lat="45.739600000" lon="6.507770000">
        <ele>1531.000</ele>
      </trkpt>
      <trkpt lat="45.739630000" lon="6.507830000">
        <ele>1532.000</ele>
      </trkpt>
      <trkpt lat="45.739670000" lon="6.507950000">
        <ele>1533.000</ele>
      </trkpt>
      <trkpt lat="45.739690000" lon="6.508120000">
        <ele>1534.000</ele>
      </trkpt>
      <trkpt lat="45.739710000" lon="6.508300000">
        <ele>1535.000</ele>
      </trkpt>
      <trkpt lat="45.739750000" lon="6.508490000">
        <ele>1536.000</ele>
      </trkpt>
      <trkpt lat="45.739870000" lon="6.508910000">
        <ele>1537.000</ele>
      </trkpt>
      <trkpt lat="45.739890000" lon="6.509000000">
        <ele>1539.000</ele>
      </trkpt>
      <trkpt lat="45.739890000" lon="6.509100000">
        <ele>1540.000</ele>
      </trkpt>
      <trkpt lat="45.739870000" lon="6.509260000">
        <ele>1541.000</ele>
      </trkpt>
      <trkpt lat="45.739860000" lon="6.509440000">
        <ele>1542.000</ele>
      </trkpt>
      <trkpt lat="45.739870000" lon="6.509630000">
        <ele>1544.000</ele>
      </trkpt>
      <trkpt lat="45.739880000" lon="6.509790000">
        <ele>1545.000</ele>
      </trkpt>
      <trkpt lat="45.739920000" lon="6.510070000">
        <ele>1547.000</ele>
      </trkpt>
      <trkpt lat="45.739980000" lon="6.510670000">
        <ele>1549.000</ele>
      </trkpt>
      <trkpt lat="45.740000000" lon="6.510820000">
        <ele>1551.000</ele>
      </trkpt>
      <trkpt lat="45.740040000" lon="6.510970000">
        <ele>1553.000</ele>
      </trkpt>
      <trkpt lat="45.740130000" lon="6.511210000">
        <ele>1555.000</ele>
      </trkpt>
      <trkpt lat="45.740180000" lon="6.511380000">
        <ele>1556.000</ele>
      </trkpt>
      <trkpt lat="45.740230000" lon="6.511550000">
        <ele>1558.000</ele>
      </trkpt>
      <trkpt lat="45.740340000" lon="6.511880000">
        <ele>1560.000</ele>
      </trkpt>
      <trkpt lat="45.740410000" lon="6.512050000">
        <ele>1562.000</ele>
      </trkpt>
      <trkpt lat="45.740470000" lon="6.512170000">
        <ele>1564.000</ele>
      </trkpt>
      <trkpt lat="45.740720000" lon="6.512550000">
        <ele>1566.000</ele>
      </trkpt>
      <trkpt lat="45.740780000" lon="6.512660000">
        <ele>1568.000</ele>
      </trkpt>
      <trkpt lat="45.740860000" lon="6.512840000">
        <ele>1570.000</ele>
      </trkpt>
      <trkpt lat="45.740940000" lon="6.513020000">
        <ele>1571.000</ele>
      </trkpt>
      <trkpt lat="45.741090000" lon="6.513340000">
        <ele>1573.000</ele>
      </trkpt>
      <trkpt lat="45.741220000" lon="6.513650000">
        <ele>1576.000</ele>
      </trkpt>
      <trkpt lat="45.741290000" lon="6.513770000">
        <ele>1578.000</ele>
      </trkpt>
      <trkpt lat="45.741360000" lon="6.513830000">
        <ele>1579.000</ele>
      </trkpt>
      <trkpt lat="45.741460000" lon="6.513890000">
        <ele>1581.000</ele>
      </trkpt>
      <trkpt lat="45.741660000" lon="6.513970000">
        <ele>1583.000</ele>
      </trkpt>
      <trkpt lat="45.741850000" lon="6.514070000">
        <ele>1585.000</ele>
      </trkpt>
      <trkpt lat="45.741980000" lon="6.514150000">
        <ele>1587.000</ele>
      </trkpt>
      <trkpt lat="45.742050000" lon="6.514230000">
        <ele>1588.000</ele>
      </trkpt>
      <trkpt lat="45.742270000" lon="6.514510000">
        <ele>1591.000</ele>
      </trkpt>
      <trkpt lat="45.742500000" lon="6.514710000">
        <ele>1593.000</ele>
      </trkpt>
      <trkpt lat="45.742600000" lon="6.514810000">
        <ele>1596.000</ele>
      </trkpt>
      <trkpt lat="45.742670000" lon="6.514920000">
        <ele>1597.000</ele>
      </trkpt>
      <trkpt lat="45.742700000" lon="6.514980000">
        <ele>1599.000</ele>
      </trkpt>
      <trkpt lat="45.742750000" lon="6.515160000">
        <ele>1600.000</ele>
      </trkpt>
      <trkpt lat="45.742800000" lon="6.515300000">
        <ele>1602.000</ele>
      </trkpt>
      <trkpt lat="45.742860000" lon="6.515380000">
        <ele>1604.000</ele>
      </trkpt>
      <trkpt lat="45.742970000" lon="6.515500000">
        <ele>1605.000</ele>
      </trkpt>
      <trkpt lat="45.743090000" lon="6.515630000">
        <ele>1607.000</ele>
      </trkpt>
      <trkpt lat="45.743190000" lon="6.515700000">
        <ele>1609.000</ele>
      </trkpt>
      <trkpt lat="45.743360000" lon="6.515820000">
        <ele>1612.000</ele>
      </trkpt>
      <trkpt lat="45.743690000" lon="6.516010000">
        <ele>1615.000</ele>
      </trkpt>
      <trkpt lat="45.743780000" lon="6.516090000">
        <ele>1618.000</ele>
      </trkpt>
      <trkpt lat="45.743890000" lon="6.516210000">
        <ele>1621.000</ele>
      </trkpt>
      <trkpt lat="45.744000000" lon="6.516350000">
        <ele>1623.000</ele>
      </trkpt>
      <trkpt lat="45.744140000" lon="6.516580000">
        <ele>1626.000</ele>
      </trkpt>
      <trkpt lat="45.744250000" lon="6.516770000">
        <ele>1629.000</ele>
      </trkpt>
      <trkpt lat="45.744320000" lon="6.516940000">
        <ele>1631.000</ele>
      </trkpt>
      <trkpt lat="45.744510000" lon="6.517580000">
        <ele>1632.000</ele>
      </trkpt>
      <trkpt lat="45.744560000" lon="6.517740000">
        <ele>1633.000</ele>
      </trkpt>
      <trkpt lat="45.744620000" lon="6.517850000">
        <ele>1634.000</ele>
      </trkpt>
      <trkpt lat="45.744840000" lon="6.518210000">
        <ele>1635.000</ele>
      </trkpt>
      <trkpt lat="45.744990000" lon="6.518550000">
        <ele>1636.000</ele>
      </trkpt>
      <trkpt lat="45.745050000" lon="6.518650000">
        <ele>1636.000</ele>
      </trkpt>
      <trkpt lat="45.745120000" lon="6.518740000">
        <ele>1636.000</ele>
      </trkpt>
      <trkpt lat="45.745250000" lon="6.518880000">
        <ele>1637.000</ele>
      </trkpt>
      <trkpt lat="45.745410000" lon="6.519040000">
        <ele>1638.000</ele>
      </trkpt>
      <trkpt lat="45.745620000" lon="6.519200000">
        <ele>1641.000</ele>
      </trkpt>
      <trkpt lat="45.745630000" lon="6.519210000">
        <ele>1642.000</ele>
      </trkpt>
      <trkpt lat="45.745630000" lon="6.519210000">
        <ele>1644.000</ele>
      </trkpt>
      <trkpt lat="45.745730000" lon="6.519310000">
        <ele>1645.000</ele>
      </trkpt>
      <trkpt lat="45.745800000" lon="6.519420000">
        <ele>1647.000</ele>
      </trkpt>
      <trkpt lat="45.745840000" lon="6.519490000">
        <ele>1648.000</ele>
      </trkpt>
      <trkpt lat="45.745890000" lon="6.519610000">
        <ele>1650.000</ele>
      </trkpt>
      <trkpt lat="45.745930000" lon="6.519780000">
        <ele>1652.000</ele>
      </trkpt>
      <trkpt lat="45.745980000" lon="6.519950000">
        <ele>1654.000</ele>
      </trkpt>
      <trkpt lat="45.746060000" lon="6.520130000">
        <ele>1656.000</ele>
      </trkpt>
      <trkpt lat="45.746200000" lon="6.520370000">
        <ele>1659.000</ele>
      </trkpt>
      <trkpt lat="45.746250000" lon="6.520480000">
        <ele>1662.000</ele>
      </trkpt>
      <trkpt lat="45.746270000" lon="6.520610000">
        <ele>1664.000</ele>
      </trkpt>
      <trkpt lat="45.746270000" lon="6.520860000">
        <ele>1666.000</ele>
      </trkpt>
      <trkpt lat="45.746290000" lon="6.521010000">
        <ele>1669.000</ele>
      </trkpt>
      <trkpt lat="45.746330000" lon="6.521160000">
        <ele>1670.000</ele>
      </trkpt>
      <trkpt lat="45.746390000" lon="6.521310000">
        <ele>1672.000</ele>
      </trkpt>
      <trkpt lat="45.746480000" lon="6.521490000">
        <ele>1674.000</ele>
      </trkpt>
      <trkpt lat="45.746520000" lon="6.521640000">
        <ele>1676.000</ele>
      </trkpt>
      <trkpt lat="45.746530000" lon="6.521750000">
        <ele>1677.000</ele>
      </trkpt>
      <trkpt lat="45.746540000" lon="6.521820000">
        <ele>1679.000</ele>
      </trkpt>
      <trkpt lat="45.746520000" lon="6.522220000">
        <ele>1681.000</ele>
      </trkpt>
      <trkpt lat="45.746520000" lon="6.522370000">
        <ele>1682.000</ele>
      </trkpt>
      <trkpt lat="45.746550000" lon="6.522800000">
        <ele>1685.000</ele>
      </trkpt>
      <trkpt lat="45.746550000" lon="6.522950000">
        <ele>1687.000</ele>
      </trkpt>
      <trkpt lat="45.746530000" lon="6.523090000">
        <ele>1689.000</ele>
      </trkpt>
      <trkpt lat="45.746460000" lon="6.523390000">
        <ele>1691.000</ele>
      </trkpt>
      <trkpt lat="45.746420000" lon="6.523590000">
        <ele>1693.000</ele>
      </trkpt>
      <trkpt lat="45.746370000" lon="6.523820000">
        <ele>1695.000</ele>
      </trkpt>
      <trkpt lat="45.746350000" lon="6.524020000">
        <ele>1696.000</ele>
      </trkpt>
      <trkpt lat="45.746340000" lon="6.524140000">
        <ele>1697.000</ele>
      </trkpt>
      <trkpt lat="45.746360000" lon="6.524280000">
        <ele>1698.000</ele>
      </trkpt>
      <trkpt lat="45.746390000" lon="6.524470000">
        <ele>1699.000</ele>
      </trkpt>
      <trkpt lat="45.746400000" lon="6.524590000">
        <ele>1700.000</ele>
      </trkpt>
      <trkpt lat="45.746390000" lon="6.524730000">
        <ele>1701.000</ele>
      </trkpt>
      <trkpt lat="45.746380000" lon="6.524850000">
        <ele>1702.000</ele>
      </trkpt>
      <trkpt lat="45.746340000" lon="6.524970000">
        <ele>1703.000</ele>
      </trkpt>
      <trkpt lat="45.746310000" lon="6.525030000">
        <ele>1703.000</ele>
      </trkpt>
      <trkpt lat="45.746180000" lon="6.525170000">
        <ele>1704.000</ele>
      </trkpt>
      <trkpt lat="45.746130000" lon="6.525240000">
        <ele>1705.000</ele>
      </trkpt>
      <trkpt lat="45.746110000" lon="6.525310000">
        <ele>1706.000</ele>
      </trkpt>
      <trkpt lat="45.745990000" lon="6.525950000">
        <ele>1707.000</ele>
      </trkpt>
      <trkpt lat="45.745900000" lon="6.526410000">
        <ele>1710.000</ele>
      </trkpt>
      <trkpt lat="45.745890000" lon="6.526530000">
        <ele>1711.000</ele>
      </trkpt>
      <trkpt lat="45.745880000" lon="6.526650000">
        <ele>1713.000</ele>
      </trkpt>
      <trkpt lat="45.745890000" lon="6.526760000">
        <ele>1714.000</ele>
      </trkpt>
      <trkpt lat="45.745980000" lon="6.527170000">
        <ele>1716.000</ele>
      </trkpt>
      <trkpt lat="45.746010000" lon="6.527360000">
        <ele>1718.000</ele>
      </trkpt>
      <trkpt lat="45.746040000" lon="6.527500000">
        <ele>1719.000</ele>
      </trkpt>
      <trkpt lat="45.746100000" lon="6.527610000">
        <ele>1721.000</ele>
      </trkpt>
      <trkpt lat="45.746140000" lon="6.527670000">
        <ele>1722.000</ele>
      </trkpt>
      <trkpt lat="45.746240000" lon="6.527780000">
        <ele>1723.000</ele>
      </trkpt>
      <trkpt lat="45.746290000" lon="6.527870000">
        <ele>1724.000</ele>
      </trkpt>
      <trkpt lat="45.746340000" lon="6.527960000">
        <ele>1725.000</ele>
      </trkpt>
      <trkpt lat="45.746410000" lon="6.528150000">
        <ele>1727.000</ele>
      </trkpt>
      <trkpt lat="45.746450000" lon="6.528340000">
        <ele>1728.000</ele>
      </trkpt>
      <trkpt lat="45.746490000" lon="6.528610000">
        <ele>1728.000</ele>
      </trkpt>
      <trkpt lat="45.746520000" lon="6.528900000">
        <ele>1727.000</ele>
      </trkpt>
      <trkpt lat="45.746560000" lon="6.529130000">
        <ele>1725.000</ele>
      </trkpt>
      <trkpt lat="45.746630000" lon="6.529490000">
        <ele>1723.000</ele>
      </trkpt>
      <trkpt lat="45.746630000" lon="6.529710000">
        <ele>1721.000</ele>
      </trkpt>
      <trkpt lat="45.746630000" lon="6.529900000">
        <ele>1718.000</ele>
      </trkpt>
      <trkpt lat="45.746580000" lon="6.530100000">
        <ele>1716.000</ele>
      </trkpt>
      <trkpt lat="45.746540000" lon="6.530270000">
        <ele>1714.000</ele>
      </trkpt>
      <trkpt lat="45.746450000" lon="6.530770000">
        <ele>1711.000</ele>
      </trkpt>
      <trkpt lat="45.746380000" lon="6.531320000">
        <ele>1707.000</ele>
      </trkpt>
      <trkpt lat="45.746360000" lon="6.531520000">
        <ele>1704.000</ele>
      </trkpt>
      <trkpt lat="45.746340000" lon="6.531650000">
        <ele>1701.000</ele>
      </trkpt>
      <trkpt lat="45.746300000" lon="6.531760000">
        <ele>1699.000</ele>
      </trkpt>
      <trkpt lat="45.746200000" lon="6.531970000">
        <ele>1698.000</ele>
      </trkpt>
      <trkpt lat="45.746140000" lon="6.532100000">
        <ele>1696.000</ele>
      </trkpt>
      <trkpt lat="45.746110000" lon="6.532240000">
        <ele>1695.000</ele>
      </trkpt>
      <trkpt lat="45.746110000" lon="6.532380000">
        <ele>1694.000</ele>
      </trkpt>
      <trkpt lat="45.746110000" lon="6.532500000">
        <ele>1693.000</ele>
      </trkpt>
      <trkpt lat="45.746140000" lon="6.532750000">
        <ele>1692.000</ele>
      </trkpt>
      <trkpt lat="45.746160000" lon="6.532990000">
        <ele>1690.000</ele>
      </trkpt>
      <trkpt lat="45.746180000" lon="6.533300000">
        <ele>1689.000</ele>
      </trkpt>
      <trkpt lat="45.746200000" lon="6.533510000">
        <ele>1688.000</ele>
      </trkpt>
      <trkpt lat="45.746230000" lon="6.533700000">
        <ele>1686.000</ele>
      </trkpt>
      <trkpt lat="45.746260000" lon="6.533870000">
        <ele>1685.000</ele>
      </trkpt>
      <trkpt lat="45.746280000" lon="6.534060000">
        <ele>1684.000</ele>
      </trkpt>
      <trkpt lat="45.746270000" lon="6.534210000">
        <ele>1683.000</ele>
      </trkpt>
      <trkpt lat="45.746260000" lon="6.534300000">
        <ele>1683.000</ele>
      </trkpt>
      <trkpt lat="45.746260000" lon="6.534460000">
        <ele>1682.000</ele>
      </trkpt>
      <trkpt lat="45.746270000" lon="6.534560000">
        <ele>1682.000</ele>
      </trkpt>
      <trkpt lat="45.746310000" lon="6.534690000">
        <ele>1681.000</ele>
      </trkpt>
      <trkpt lat="45.746380000" lon="6.534790000">
        <ele>1681.000</ele>
      </trkpt>
      <trkpt lat="45.746450000" lon="6.534870000">
        <ele>1680.000</ele>
      </trkpt>
      <trkpt lat="45.746530000" lon="6.534940000">
        <ele>1680.000</ele>
      </trkpt>
      <trkpt lat="45.746630000" lon="6.534980000">
        <ele>1680.000</ele>
      </trkpt>
      <trkpt lat="45.746770000" lon="6.534980000">
        <ele>1679.000</ele>
      </trkpt>
      <trkpt lat="45.746890000" lon="6.534940000">
        <ele>1679.000</ele>
      </trkpt>
      <trkpt lat="45.746980000" lon="6.534900000">
        <ele>1678.000</ele>
      </trkpt>
      <trkpt lat="45.747110000" lon="6.534900000">
        <ele>1678.000</ele>
      </trkpt>
      <trkpt lat="45.747170000" lon="6.534920000">
        <ele>1677.000</ele>
      </trkpt>
      <trkpt lat="45.747210000" lon="6.534970000">
        <ele>1677.000</ele>
      </trkpt>
      <trkpt lat="45.747240000" lon="6.535050000">
        <ele>1677.000</ele>
      </trkpt>
      <trkpt lat="45.747240000" lon="6.535130000">
        <ele>1677.000</ele>
      </trkpt>
      <trkpt lat="45.747240000" lon="6.535220000">
        <ele>1676.000</ele>
      </trkpt>
      <trkpt lat="45.747200000" lon="6.535320000">
        <ele>1676.000</ele>
      </trkpt>
      <trkpt lat="45.747060000" lon="6.535420000">
        <ele>1676.000</ele>
      </trkpt>
      <trkpt lat="45.747010000" lon="6.535470000">
        <ele>1675.000</ele>
      </trkpt>
      <trkpt lat="45.746970000" lon="6.535500000">
        <ele>1675.000</ele>
      </trkpt>
      <trkpt lat="45.746790000" lon="6.535590000">
        <ele>1675.000</ele>
      </trkpt>
      <trkpt lat="45.746650000" lon="6.535750000">
        <ele>1674.000</ele>
      </trkpt>
      <trkpt lat="45.746490000" lon="6.535980000">
        <ele>1674.000</ele>
      </trkpt>
      <trkpt lat="45.746340000" lon="6.536280000">
        <ele>1673.000</ele>
      </trkpt>
      <trkpt lat="45.746290000" lon="6.536460000">
        <ele>1673.000</ele>
      </trkpt>
      <trkpt lat="45.746260000" lon="6.536550000">
        <ele>1672.000</ele>
      </trkpt>
      <trkpt lat="45.746190000" lon="6.536810000">
        <ele>1672.000</ele>
      </trkpt>
      <trkpt lat="45.746070000" lon="6.537110000">
        <ele>1671.000</ele>
      </trkpt>
      <trkpt lat="45.745910000" lon="6.537340000">
        <ele>1671.000</ele>
      </trkpt>
      <trkpt lat="45.745600000" lon="6.537760000">
        <ele>1669.000</ele>
      </trkpt>
      <trkpt lat="45.745480000" lon="6.537990000">
        <ele>1667.000</ele>
      </trkpt>
      <trkpt lat="45.745430000" lon="6.538170000">
        <ele>1665.000</ele>
      </trkpt>
      <trkpt lat="45.745390000" lon="6.538410000">
        <ele>1663.000</ele>
      </trkpt>
      <trkpt lat="45.745280000" lon="6.538980000">
        <ele>1660.000</ele>
      </trkpt>
      <trkpt lat="45.745210000" lon="6.539380000">
        <ele>1657.000</ele>
      </trkpt>
      <trkpt lat="45.745190000" lon="6.539600000">
        <ele>1655.000</ele>
      </trkpt>
      <trkpt lat="45.745190000" lon="6.539770000">
        <ele>1653.000</ele>
      </trkpt>
      <trkpt lat="45.745200000" lon="6.539930000">
        <ele>1651.000</ele>
      </trkpt>
      <trkpt lat="45.745240000" lon="6.540140000">
        <ele>1649.000</ele>
      </trkpt>
      <trkpt lat="45.745320000" lon="6.540260000">
        <ele>1648.000</ele>
      </trkpt>
      <trkpt lat="45.745390000" lon="6.540400000">
        <ele>1647.000</ele>
      </trkpt>
      <trkpt lat="45.745470000" lon="6.540550000">
        <ele>1645.000</ele>
      </trkpt>
      <trkpt lat="45.745590000" lon="6.540710000">
        <ele>1644.000</ele>
      </trkpt>
      <trkpt lat="45.745700000" lon="6.540810000">
        <ele>1643.000</ele>
      </trkpt>
      <trkpt lat="45.745880000" lon="6.540990000">
        <ele>1641.000</ele>
      </trkpt>
      <trkpt lat="45.746170000" lon="6.541280000">
        <ele>1639.000</ele>
      </trkpt>
      <trkpt lat="45.746330000" lon="6.541450000">
        <ele>1637.000</ele>
      </trkpt>
      <trkpt lat="45.746430000" lon="6.541550000">
        <ele>1636.000</ele>
      </trkpt>
      <trkpt lat="45.746510000" lon="6.541640000">
        <ele>1634.000</ele>
      </trkpt>
      <trkpt lat="45.746560000" lon="6.541690000">
        <ele>1633.000</ele>
      </trkpt>
      <trkpt lat="45.746660000" lon="6.541880000">
        <ele>1632.000</ele>
      </trkpt>
      <trkpt lat="45.746700000" lon="6.541970000">
        <ele>1631.000</ele>
      </trkpt>
      <trkpt lat="45.746800000" lon="6.542190000">
        <ele>1630.000</ele>
      </trkpt>
      <trkpt lat="45.746870000" lon="6.542340000">
        <ele>1628.000</ele>
      </trkpt>
      <trkpt lat="45.746940000" lon="6.542440000">
        <ele>1627.000</ele>
      </trkpt>
      <trkpt lat="45.747010000" lon="6.542510000">
        <ele>1626.000</ele>
      </trkpt>
      <trkpt lat="45.747080000" lon="6.542550000">
        <ele>1625.000</ele>
      </trkpt>
      <trkpt lat="45.747140000" lon="6.542570000">
        <ele>1624.000</ele>
      </trkpt>
      <trkpt lat="45.747220000" lon="6.542590000">
        <ele>1624.000</ele>
      </trkpt>
      <trkpt lat="45.747310000" lon="6.542570000">
        <ele>1623.000</ele>
      </trkpt>
      <trkpt lat="45.747450000" lon="6.542520000">
        <ele>1622.000</ele>
      </trkpt>
      <trkpt lat="45.747750000" lon="6.542360000">
        <ele>1620.000</ele>
      </trkpt>
      <trkpt lat="45.747880000" lon="6.542290000">
        <ele>1619.000</ele>
      </trkpt>
      <trkpt lat="45.748370000" lon="6.542040000">
        <ele>1616.000</ele>
      </trkpt>
      <trkpt lat="45.748580000" lon="6.541930000">
        <ele>1613.000</ele>
      </trkpt>
      <trkpt lat="45.748650000" lon="6.541890000">
        <ele>1611.000</ele>
      </trkpt>
      <trkpt lat="45.748720000" lon="6.541830000">
        <ele>1609.000</ele>
      </trkpt>
      <trkpt lat="45.748900000" lon="6.541620000">
        <ele>1607.000</ele>
      </trkpt>
      <trkpt lat="45.749020000" lon="6.541480000">
        <ele>1605.000</ele>
      </trkpt>
      <trkpt lat="45.749110000" lon="6.541390000">
        <ele>1603.000</ele>
      </trkpt>
      <trkpt lat="45.749220000" lon="6.541300000">
        <ele>1602.000</ele>
      </trkpt>
      <trkpt lat="45.749430000" lon="6.541170000">
        <ele>1600.000</ele>
      </trkpt>
      <trkpt lat="45.749580000" lon="6.541120000">
        <ele>1598.000</ele>
      </trkpt>
      <trkpt lat="45.749700000" lon="6.541100000">
        <ele>1597.000</ele>
      </trkpt>
      <trkpt lat="45.749810000" lon="6.541110000">
        <ele>1595.000</ele>
      </trkpt>
      <trkpt lat="45.749910000" lon="6.541150000">
        <ele>1594.000</ele>
      </trkpt>
      <trkpt lat="45.750000000" lon="6.541210000">
        <ele>1593.000</ele>
      </trkpt>
      <trkpt lat="45.750120000" lon="6.541310000">
        <ele>1592.000</ele>
      </trkpt>
      <trkpt lat="45.750190000" lon="6.541380000">
        <ele>1591.000</ele>
      </trkpt>
      <trkpt lat="45.750270000" lon="6.541480000">
        <ele>1590.000</ele>
      </trkpt>
      <trkpt lat="45.750410000" lon="6.541620000">
        <ele>1589.000</ele>
      </trkpt>
      <trkpt lat="45.750910000" lon="6.542210000">
        <ele>1586.000</ele>
      </trkpt>
      <trkpt lat="45.751370000" lon="6.542770000">
        <ele>1583.000</ele>
      </trkpt>
      <trkpt lat="45.751780000" lon="6.543100000">
        <ele>1580.000</ele>
      </trkpt>
      <trkpt lat="45.751900000" lon="6.543210000">
        <ele>1578.000</ele>
      </trkpt>
      <trkpt lat="45.752180000" lon="6.543390000">
        <ele>1577.000</ele>
      </trkpt>
      <trkpt lat="45.752410000" lon="6.543500000">
        <ele>1576.000</ele>
      </trkpt>
      <trkpt lat="45.752490000" lon="6.543540000">
        <ele>1575.000</ele>
      </trkpt>
      <trkpt lat="45.752510000" lon="6.543550000">
        <ele>1575.000</ele>
      </trkpt>
      <trkpt lat="45.752610000" lon="6.543680000">
        <ele>1575.000</ele>
      </trkpt>
      <trkpt lat="45.752670000" lon="6.543870000">
        <ele>1574.000</ele>
      </trkpt>
      <trkpt lat="45.752700000" lon="6.543940000">
        <ele>1574.000</ele>
      </trkpt>
      <trkpt lat="45.752720000" lon="6.543990000">
        <ele>1574.000</ele>
      </trkpt>
      <trkpt lat="45.752810000" lon="6.544150000">
        <ele>1574.000</ele>
      </trkpt>
      <trkpt lat="45.752910000" lon="6.544310000">
        <ele>1574.000</ele>
      </trkpt>
      <trkpt lat="45.753100000" lon="6.544510000">
        <ele>1574.000</ele>
      </trkpt>
      <trkpt lat="45.753180000" lon="6.544620000">
        <ele>1575.000</ele>
      </trkpt>
      <trkpt lat="45.753210000" lon="6.544710000">
        <ele>1575.000</ele>
      </trkpt>
      <trkpt lat="45.753220000" lon="6.544910000">
        <ele>1576.000</ele>
      </trkpt>
      <trkpt lat="45.753220000" lon="6.545030000">
        <ele>1576.000</ele>
      </trkpt>
      <trkpt lat="45.753230000" lon="6.545090000">
        <ele>1577.000</ele>
      </trkpt>
      <trkpt lat="45.753230000" lon="6.545380000">
        <ele>1578.000</ele>
      </trkpt>
      <trkpt lat="45.753210000" lon="6.545520000">
        <ele>1578.000</ele>
      </trkpt>
      <trkpt lat="45.753150000" lon="6.545700000">
        <ele>1579.000</ele>
      </trkpt>
      <trkpt lat="45.752940000" lon="6.546100000">
        <ele>1580.000</ele>
      </trkpt>
      <trkpt lat="45.752900000" lon="6.546190000">
        <ele>1581.000</ele>
      </trkpt>
      <trkpt lat="45.752900000" lon="6.546360000">
        <ele>1582.000</ele>
      </trkpt>
      <trkpt lat="45.752980000" lon="6.546380000">
        <ele>1583.000</ele>
      </trkpt>
      <trkpt lat="45.753140000" lon="6.546340000">
        <ele>1584.000</ele>
      </trkpt>
      <trkpt lat="45.753210000" lon="6.546290000">
        <ele>1585.000</ele>
      </trkpt>
      <trkpt lat="45.753460000" lon="6.546120000">
        <ele>1586.000</ele>
      </trkpt>
      <trkpt lat="45.753620000" lon="6.546000000">
        <ele>1587.000</ele>
      </trkpt>
      <trkpt lat="45.753790000" lon="6.545910000">
        <ele>1589.000</ele>
      </trkpt>
      <trkpt lat="45.753890000" lon="6.545880000">
        <ele>1590.000</ele>
      </trkpt>
      <trkpt lat="45.753970000" lon="6.545890000">
        <ele>1591.000</ele>
      </trkpt>
      <trkpt lat="45.754060000" lon="6.545900000">
        <ele>1592.000</ele>
      </trkpt>
      <trkpt lat="45.754170000" lon="6.545930000">
        <ele>1593.000</ele>
      </trkpt>
      <trkpt lat="45.754260000" lon="6.545930000">
        <ele>1594.000</ele>
      </trkpt>
      <trkpt lat="45.754340000" lon="6.545900000">
        <ele>1595.000</ele>
      </trkpt>
      <trkpt lat="45.754440000" lon="6.545860000">
        <ele>1595.000</ele>
      </trkpt>
      <trkpt lat="45.754580000" lon="6.545770000">
        <ele>1596.000</ele>
      </trkpt>
      <trkpt lat="45.754710000" lon="6.545670000">
        <ele>1598.000</ele>
      </trkpt>
      <trkpt lat="45.754800000" lon="6.545580000">
        <ele>1599.000</ele>
      </trkpt>
      <trkpt lat="45.754980000" lon="6.545380000">
        <ele>1600.000</ele>
      </trkpt>
      <trkpt lat="45.755100000" lon="6.545190000">
        <ele>1601.000</ele>
      </trkpt>
      <trkpt lat="45.755200000" lon="6.544990000">
        <ele>1602.000</ele>
      </trkpt>
      <trkpt lat="45.755280000" lon="6.544760000">
        <ele>1603.000</ele>
      </trkpt>
      <trkpt lat="45.755400000" lon="6.544360000">
        <ele>1605.000</ele>
      </trkpt>
      <trkpt lat="45.755450000" lon="6.544240000">
        <ele>1606.000</ele>
      </trkpt>
      <trkpt lat="45.755510000" lon="6.544050000">
        <ele>1607.000</ele>
      </trkpt>
      <trkpt lat="45.755560000" lon="6.543910000">
        <ele>1608.000</ele>
      </trkpt>
      <trkpt lat="45.755750000" lon="6.543360000">
        <ele>1610.000</ele>
      </trkpt>
      <trkpt lat="45.755970000" lon="6.542810000">
        <ele>1612.000</ele>
      </trkpt>
      <trkpt lat="45.756080000" lon="6.542490000">
        <ele>1613.000</ele>
      </trkpt>
      <trkpt lat="45.756120000" lon="6.542360000">
        <ele>1615.000</ele>
      </trkpt>
      <trkpt lat="45.756140000" lon="6.542270000">
        <ele>1616.000</ele>
      </trkpt>
      <trkpt lat="45.756210000" lon="6.541900000">
        <ele>1617.000</ele>
      </trkpt>
      <trkpt lat="45.756220000" lon="6.541830000">
        <ele>1618.000</ele>
      </trkpt>
      <trkpt lat="45.756290000" lon="6.541430000">
        <ele>1619.000</ele>
      </trkpt>
      <trkpt lat="45.756330000" lon="6.541270000">
        <ele>1620.000</ele>
      </trkpt>
      <trkpt lat="45.756360000" lon="6.541180000">
        <ele>1621.000</ele>
      </trkpt>
      <trkpt lat="45.756430000" lon="6.540970000">
        <ele>1622.000</ele>
      </trkpt>
      <trkpt lat="45.756450000" lon="6.540940000">
        <ele>1622.000</ele>
      </trkpt>
      <trkpt lat="45.756470000" lon="6.540940000">
        <ele>1623.000</ele>
      </trkpt>
      <trkpt lat="45.756490000" lon="6.540940000">
        <ele>1623.000</ele>
      </trkpt>
      <trkpt lat="45.756510000" lon="6.540930000">
        <ele>1623.000</ele>
      </trkpt>
      <trkpt lat="45.756530000" lon="6.540910000">
        <ele>1623.000</ele>
      </trkpt>
      <trkpt lat="45.756540000" lon="6.540880000">
        <ele>1624.000</ele>
      </trkpt>
      <trkpt lat="45.756540000" lon="6.540850000">
        <ele>1624.000</ele>
      </trkpt>
      <trkpt lat="45.756540000" lon="6.540820000">
        <ele>1624.000</ele>
      </trkpt>
      <trkpt lat="45.756520000" lon="6.540790000">
        <ele>1624.000</ele>
      </trkpt>
      <trkpt lat="45.756510000" lon="6.540770000">
        <ele>1624.000</ele>
      </trkpt>
      <trkpt lat="45.756530000" lon="6.540730000">
        <ele>1624.000</ele>
      </trkpt>
      <trkpt lat="45.756570000" lon="6.540660000">
        <ele>1625.000</ele>
      </trkpt>
      <trkpt lat="45.756930000" lon="6.539930000">
        <ele>1626.000</ele>
      </trkpt>
      <trkpt lat="45.757050000" lon="6.539690000">
        <ele>1627.000</ele>
      </trkpt>
      <trkpt lat="45.757110000" lon="6.539550000">
        <ele>1629.000</ele>
      </trkpt>
      <trkpt lat="45.757130000" lon="6.539490000">
        <ele>1630.000</ele>
      </trkpt>
      <trkpt lat="45.757150000" lon="6.539440000">
        <ele>1631.000</ele>
      </trkpt>
      <trkpt lat="45.757170000" lon="6.539450000">
        <ele>1632.000</ele>
      </trkpt>
      <trkpt lat="45.757190000" lon="6.539450000">
        <ele>1632.000</ele>
      </trkpt>
      <trkpt lat="45.757210000" lon="6.539440000">
        <ele>1633.000</ele>
      </trkpt>
      <trkpt lat="45.757230000" lon="6.539420000">
        <ele>1633.000</ele>
      </trkpt>
      <trkpt lat="45.757240000" lon="6.539400000">
        <ele>1633.000</ele>
      </trkpt>
      <trkpt lat="45.757250000" lon="6.539370000">
        <ele>1634.000</ele>
      </trkpt>
      <trkpt lat="45.757250000" lon="6.539340000">
        <ele>1634.000</ele>
      </trkpt>
      <trkpt lat="45.757240000" lon="6.539310000">
        <ele>1634.000</ele>
      </trkpt>
      <trkpt lat="45.757230000" lon="6.539280000">
        <ele>1634.000</ele>
      </trkpt>
      <trkpt lat="45.757260000" lon="6.539240000">
        <ele>1635.000</ele>
      </trkpt>
      <trkpt lat="45.757300000" lon="6.539190000">
        <ele>1635.000</ele>
      </trkpt>
      <trkpt lat="45.757360000" lon="6.539080000">
        <ele>1636.000</ele>
      </trkpt>
      <trkpt lat="45.757400000" lon="6.538950000">
        <ele>1637.000</ele>
      </trkpt>
      <trkpt lat="45.757450000" lon="6.538770000">
        <ele>1638.000</ele>
      </trkpt>
      <trkpt lat="45.757490000" lon="6.538580000">
        <ele>1639.000</ele>
      </trkpt>
      <trkpt lat="45.757510000" lon="6.538490000">
        <ele>1640.000</ele>
      </trkpt>
      <trkpt lat="45.757530000" lon="6.538450000">
        <ele>1640.000</ele>
      </trkpt>
      <trkpt lat="45.757580000" lon="6.538290000">
        <ele>1641.000</ele>
      </trkpt>
      <trkpt lat="45.757740000" lon="6.537890000">
        <ele>1643.000</ele>
      </trkpt>
      <trkpt lat="45.757830000" lon="6.537680000">
        <ele>1645.000</ele>
      </trkpt>
      <trkpt lat="45.757900000" lon="6.537490000">
        <ele>1646.000</ele>
      </trkpt>
      <trkpt lat="45.757950000" lon="6.537320000">
        <ele>1647.000</ele>
      </trkpt>
      <trkpt lat="45.757990000" lon="6.537060000">
        <ele>1648.000</ele>
      </trkpt>
      <trkpt lat="45.758030000" lon="6.536930000">
        <ele>1649.000</ele>
      </trkpt>
      <trkpt lat="45.758090000" lon="6.536790000">
        <ele>1650.000</ele>
      </trkpt>
      <trkpt lat="45.758160000" lon="6.536620000">
        <ele>1650.000</ele>
      </trkpt>
      <trkpt lat="45.758190000" lon="6.536560000">
        <ele>1651.000</ele>
      </trkpt>
      <trkpt lat="45.758320000" lon="6.536200000">
        <ele>1651.000</ele>
      </trkpt>
      <trkpt lat="45.758410000" lon="6.536010000">
        <ele>1652.000</ele>
      </trkpt>
      <trkpt lat="45.758520000" lon="6.535860000">
        <ele>1653.000</ele>
      </trkpt>
      <trkpt lat="45.758760000" lon="6.535550000">
        <ele>1654.000</ele>
      </trkpt>
      <trkpt lat="45.758830000" lon="6.535460000">
        <ele>1654.000</ele>
      </trkpt>
      <trkpt lat="45.758950000" lon="6.535300000">
        <ele>1655.000</ele>
      </trkpt>
      <trkpt lat="45.759040000" lon="6.535130000">
        <ele>1655.000</ele>
      </trkpt>
      <trkpt lat="45.759100000" lon="6.535010000">
        <ele>1656.000</ele>
      </trkpt>
      <trkpt lat="45.759140000" lon="6.534910000">
        <ele>1656.000</ele>
      </trkpt>
      <trkpt lat="45.759210000" lon="6.534750000">
        <ele>1656.000</ele>
      </trkpt>
      <trkpt lat="45.759380000" lon="6.534420000">
        <ele>1657.000</ele>
      </trkpt>
      <trkpt lat="45.759410000" lon="6.534350000">
        <ele>1657.000</ele>
      </trkpt>
      <trkpt lat="45.759430000" lon="6.534370000">
        <ele>1657.000</ele>
      </trkpt>
      <trkpt lat="45.759460000" lon="6.534390000">
        <ele>1658.000</ele>
      </trkpt>
      <trkpt lat="45.759480000" lon="6.534390000">
        <ele>1658.000</ele>
      </trkpt>
      <trkpt lat="45.759510000" lon="6.534380000">
        <ele>1658.000</ele>
      </trkpt>
      <trkpt lat="45.759530000" lon="6.534360000">
        <ele>1658.000</ele>
      </trkpt>
      <trkpt lat="45.759550000" lon="6.534330000">
        <ele>1658.000</ele>
      </trkpt>
      <trkpt lat="45.759560000" lon="6.534300000">
        <ele>1658.000</ele>
      </trkpt>
      <trkpt lat="45.759560000" lon="6.534260000">
        <ele>1658.000</ele>
      </trkpt>
      <trkpt lat="45.759560000" lon="6.534220000">
        <ele>1658.000</ele>
      </trkpt>
      <trkpt lat="45.759550000" lon="6.534190000">
        <ele>1658.000</ele>
      </trkpt>
      <trkpt lat="45.759590000" lon="6.534150000">
        <ele>1658.000</ele>
      </trkpt>
      <trkpt lat="45.759820000" lon="6.533900000">
        <ele>1659.000</ele>
      </trkpt>
      <trkpt lat="45.759990000" lon="6.533760000">
        <ele>1659.000</ele>
      </trkpt>
      <trkpt lat="45.760220000" lon="6.533630000">
        <ele>1660.000</ele>
      </trkpt>
      <trkpt lat="45.760320000" lon="6.533590000">
        <ele>1660.000</ele>
      </trkpt>
      <trkpt lat="45.760350000" lon="6.533570000">
        <ele>1660.000</ele>
      </trkpt>
      <trkpt lat="45.760470000" lon="6.533540000">
        <ele>1660.000</ele>
      </trkpt>
      <trkpt lat="45.760570000" lon="6.533510000">
        <ele>1660.000</ele>
      </trkpt>
      <trkpt lat="45.760850000" lon="6.533440000">
        <ele>1660.000</ele>
      </trkpt>
      <trkpt lat="45.760960000" lon="6.533420000">
        <ele>1659.000</ele>
      </trkpt>
      <trkpt lat="45.760960000" lon="6.533420000">
        <ele>1659.000</ele>
      </trkpt>
      <trkpt lat="45.761140000" lon="6.533390000">
        <ele>1659.000</ele>
      </trkpt>
      <trkpt lat="45.761380000" lon="6.533370000">
        <ele>1659.000</ele>
      </trkpt>
      <trkpt lat="45.761560000" lon="6.533360000">
        <ele>1658.000</ele>
      </trkpt>
      <trkpt lat="45.761700000" lon="6.533350000">
        <ele>1658.000</ele>
      </trkpt>
      <trkpt lat="45.761840000" lon="6.533350000">
        <ele>1658.000</ele>
      </trkpt>
      <trkpt lat="45.762190000" lon="6.533360000">
        <ele>1657.000</ele>
      </trkpt>
      <trkpt lat="45.762400000" lon="6.533380000">
        <ele>1657.000</ele>
      </trkpt>
      <trkpt lat="45.762590000" lon="6.533420000">
        <ele>1657.000</ele>
      </trkpt>
      <trkpt lat="45.762660000" lon="6.533440000">
        <ele>1657.000</ele>
      </trkpt>
      <trkpt lat="45.762780000" lon="6.533480000">
        <ele>1657.000</ele>
      </trkpt>
      <trkpt lat="45.762860000" lon="6.533530000">
        <ele>1657.000</ele>
      </trkpt>
      <trkpt lat="45.763010000" lon="6.533620000">
        <ele>1657.000</ele>
      </trkpt>
      <trkpt lat="45.763110000" lon="6.533700000">
        <ele>1657.000</ele>
      </trkpt>
      <trkpt lat="45.763150000" lon="6.533720000">
        <ele>1657.000</ele>
      </trkpt>
      <trkpt lat="45.763150000" lon="6.533770000">
        <ele>1657.000</ele>
      </trkpt>
      <trkpt lat="45.763150000" lon="6.533810000">
        <ele>1657.000</ele>
      </trkpt>
      <trkpt lat="45.763160000" lon="6.533850000">
        <ele>1657.000</ele>
      </trkpt>
      <trkpt lat="45.763170000" lon="6.533880000">
        <ele>1657.000</ele>
      </trkpt>
      <trkpt lat="45.763200000" lon="6.533910000">
        <ele>1657.000</ele>
      </trkpt>
      <trkpt lat="45.763220000" lon="6.533920000">
        <ele>1657.000</ele>
      </trkpt>
      <trkpt lat="45.763250000" lon="6.533930000">
        <ele>1657.000</ele>
      </trkpt>
      <trkpt lat="45.763280000" lon="6.533920000">
        <ele>1657.000</ele>
      </trkpt>
      <trkpt lat="45.763310000" lon="6.533900000">
        <ele>1657.000</ele>
      </trkpt>
      <trkpt lat="45.763330000" lon="6.533870000">
        <ele>1657.000</ele>
      </trkpt>
      <trkpt lat="45.763350000" lon="6.533830000">
        <ele>1657.000</ele>
      </trkpt>
      <trkpt lat="45.763380000" lon="6.533870000">
        <ele>1657.000</ele>
      </trkpt>
      <trkpt lat="45.763540000" lon="6.533920000">
        <ele>1657.000</ele>
      </trkpt>
      <trkpt lat="45.763620000" lon="6.533920000">
        <ele>1657.000</ele>
      </trkpt>
      <trkpt lat="45.763700000" lon="6.533900000">
        <ele>1657.000</ele>
      </trkpt>
      <trkpt lat="45.763850000" lon="6.533850000">
        <ele>1657.000</ele>
      </trkpt>
      <trkpt lat="45.763870000" lon="6.533850000">
        <ele>1656.000</ele>
      </trkpt>
      <trkpt lat="45.764770000" lon="6.533530000">
        <ele>1654.000</ele>
      </trkpt>
      <trkpt lat="45.765070000" lon="6.533420000">
        <ele>1652.000</ele>
      </trkpt>
      <trkpt lat="45.765190000" lon="6.533350000">
        <ele>1650.000</ele>
      </trkpt>
      <trkpt lat="45.765350000" lon="6.533220000">
        <ele>1648.000</ele>
      </trkpt>
      <trkpt lat="45.765560000" lon="6.533070000">
        <ele>1647.000</ele>
      </trkpt>
      <trkpt lat="45.765680000" lon="6.532970000">
        <ele>1645.000</ele>
      </trkpt>
      <trkpt lat="45.765880000" lon="6.532790000">
        <ele>1644.000</ele>
      </trkpt>
      <trkpt lat="45.766020000" lon="6.532680000">
        <ele>1643.000</ele>
      </trkpt>
      <trkpt lat="45.766080000" lon="6.532640000">
        <ele>1642.000</ele>
      </trkpt>
      <trkpt lat="45.766170000" lon="6.532590000">
        <ele>1641.000</ele>
      </trkpt>
      <trkpt lat="45.766450000" lon="6.532470000">
        <ele>1640.000</ele>
      </trkpt>
      <trkpt lat="45.766640000" lon="6.532380000">
        <ele>1639.000</ele>
      </trkpt>
      <trkpt lat="45.766960000" lon="6.532240000">
        <ele>1637.000</ele>
      </trkpt>
      <trkpt lat="45.768250000" lon="6.531830000">
        <ele>1634.000</ele>
      </trkpt>
      <trkpt lat="45.768320000" lon="6.531830000">
        <ele>1631.000</ele>
      </trkpt>
      <trkpt lat="45.768450000" lon="6.531810000">
        <ele>1629.000</ele>
      </trkpt>
      <trkpt lat="45.768570000" lon="6.531830000">
        <ele>1628.000</ele>
      </trkpt>
      <trkpt lat="45.768730000" lon="6.531890000">
        <ele>1627.000</ele>
      </trkpt>
      <trkpt lat="45.768840000" lon="6.531950000">
        <ele>1626.000</ele>
      </trkpt>
      <trkpt lat="45.769140000" lon="6.532090000">
        <ele>1625.000</ele>
      </trkpt>
      <trkpt lat="45.769260000" lon="6.532160000">
        <ele>1624.000</ele>
      </trkpt>
      <trkpt lat="45.769320000" lon="6.532210000">
        <ele>1623.000</ele>
      </trkpt>
      <trkpt lat="45.769390000" lon="6.532280000">
        <ele>1623.000</ele>
      </trkpt>
      <trkpt lat="45.769440000" lon="6.532350000">
        <ele>1622.000</ele>
      </trkpt>
      <trkpt lat="45.769600000" lon="6.532520000">
        <ele>1622.000</ele>
      </trkpt>
      <trkpt lat="45.769710000" lon="6.532640000">
        <ele>1621.000</ele>
      </trkpt>
      <trkpt lat="45.769840000" lon="6.532750000">
        <ele>1621.000</ele>
      </trkpt>
      <trkpt lat="45.770080000" lon="6.532930000">
        <ele>1620.000</ele>
      </trkpt>
      <trkpt lat="45.770280000" lon="6.533120000">
        <ele>1619.000</ele>
      </trkpt>
      <trkpt lat="45.770370000" lon="6.533250000">
        <ele>1617.000</ele>
      </trkpt>
      <trkpt lat="45.770490000" lon="6.533460000">
        <ele>1616.000</ele>
      </trkpt>
      <trkpt lat="45.770690000" lon="6.533900000">
        <ele>1614.000</ele>
      </trkpt>
      <trkpt lat="45.770870000" lon="6.534320000">
        <ele>1611.000</ele>
      </trkpt>
      <trkpt lat="45.770970000" lon="6.534520000">
        <ele>1609.000</ele>
      </trkpt>
      <trkpt lat="45.771050000" lon="6.534640000">
        <ele>1607.000</ele>
      </trkpt>
      <trkpt lat="45.771190000" lon="6.534810000">
        <ele>1606.000</ele>
      </trkpt>
      <trkpt lat="45.771480000" lon="6.535140000">
        <ele>1603.000</ele>
      </trkpt>
      <trkpt lat="45.771580000" lon="6.535290000">
        <ele>1602.000</ele>
      </trkpt>
      <trkpt lat="45.771840000" lon="6.535750000">
        <ele>1601.000</ele>
      </trkpt>
      <trkpt lat="45.771910000" lon="6.535890000">
        <ele>1601.000</ele>
      </trkpt>
      <trkpt lat="45.772020000" lon="6.536110000">
        <ele>1601.000</ele>
      </trkpt>
      <trkpt lat="45.772110000" lon="6.536240000">
        <ele>1602.000</ele>
      </trkpt>
      <trkpt lat="45.772170000" lon="6.536310000">
        <ele>1602.000</ele>
      </trkpt>
      <trkpt lat="45.772240000" lon="6.536370000">
        <ele>1602.000</ele>
      </trkpt>
      <trkpt lat="45.772310000" lon="6.536420000">
        <ele>1603.000</ele>
      </trkpt>
      <trkpt lat="45.772380000" lon="6.536450000">
        <ele>1603.000</ele>
      </trkpt>
      <trkpt lat="45.772440000" lon="6.536450000">
        <ele>1603.000</ele>
      </trkpt>
      <trkpt lat="45.772670000" lon="6.536380000">
        <ele>1604.000</ele>
      </trkpt>
      <trkpt lat="45.772730000" lon="6.536360000">
        <ele>1604.000</ele>
      </trkpt>
      <trkpt lat="45.772810000" lon="6.536340000">
        <ele>1604.000</ele>
      </trkpt>
      <trkpt lat="45.772910000" lon="6.536340000">
        <ele>1605.000</ele>
      </trkpt>
      <trkpt lat="45.772980000" lon="6.536340000">
        <ele>1605.000</ele>
      </trkpt>
      <trkpt lat="45.773070000" lon="6.536330000">
        <ele>1605.000</ele>
      </trkpt>
      <trkpt lat="45.773140000" lon="6.536310000">
        <ele>1606.000</ele>
      </trkpt>
      <trkpt lat="45.773240000" lon="6.536270000">
        <ele>1606.000</ele>
      </trkpt>
      <trkpt lat="45.773360000" lon="6.536200000">
        <ele>1606.000</ele>
      </trkpt>
      <trkpt lat="45.773500000" lon="6.536090000">
        <ele>1606.000</ele>
      </trkpt>
      <trkpt lat="45.773620000" lon="6.535960000">
        <ele>1607.000</ele>
      </trkpt>
      <trkpt lat="45.773770000" lon="6.535770000">
        <ele>1607.000</ele>
      </trkpt>
      <trkpt lat="45.773870000" lon="6.535650000">
        <ele>1607.000</ele>
      </trkpt>
      <trkpt lat="45.773950000" lon="6.535570000">
        <ele>1607.000</ele>
      </trkpt>
      <trkpt lat="45.774020000" lon="6.535530000">
        <ele>1608.000</ele>
      </trkpt>
      <trkpt lat="45.774110000" lon="6.535510000">
        <ele>1608.000</ele>
      </trkpt>
      <trkpt lat="45.774240000" lon="6.535500000">
        <ele>1608.000</ele>
      </trkpt>
      <trkpt lat="45.774320000" lon="6.535510000">
        <ele>1608.000</ele>
      </trkpt>
      <trkpt lat="45.774720000" lon="6.535530000">
        <ele>1609.000</ele>
      </trkpt>
      <trkpt lat="45.774970000" lon="6.535540000">
        <ele>1609.000</ele>
      </trkpt>
      <trkpt lat="45.775130000" lon="6.535570000">
        <ele>1608.000</ele>
      </trkpt>
      <trkpt lat="45.775280000" lon="6.535630000">
        <ele>1608.000</ele>
      </trkpt>
      <trkpt lat="45.775480000" lon="6.535730000">
        <ele>1607.000</ele>
      </trkpt>
      <trkpt lat="45.775740000" lon="6.535870000">
        <ele>1606.000</ele>
      </trkpt>
      <trkpt lat="45.775940000" lon="6.536020000">
        <ele>1605.000</ele>
      </trkpt>
      <trkpt lat="45.776100000" lon="6.536180000">
        <ele>1604.000</ele>
      </trkpt>
      <trkpt lat="45.776240000" lon="6.536330000">
        <ele>1604.000</ele>
      </trkpt>
      <trkpt lat="45.776350000" lon="6.536430000">
        <ele>1603.000</ele>
      </trkpt>
      <trkpt lat="45.776480000" lon="6.536490000">
        <ele>1602.000</ele>
      </trkpt>
      <trkpt lat="45.776640000" lon="6.536550000">
        <ele>1601.000</ele>
      </trkpt>
      <trkpt lat="45.776910000" lon="6.536620000">
        <ele>1599.000</ele>
      </trkpt>
      <trkpt lat="45.777240000" lon="6.536720000">
        <ele>1596.000</ele>
      </trkpt>
      <trkpt lat="45.777610000" lon="6.536860000">
        <ele>1593.000</ele>
      </trkpt>
      <trkpt lat="45.777960000" lon="6.536990000">
        <ele>1590.000</ele>
      </trkpt>
      <trkpt lat="45.778220000" lon="6.537170000">
        <ele>1586.000</ele>
      </trkpt>
      <trkpt lat="45.778480000" lon="6.537370000">
        <ele>1583.000</ele>
      </trkpt>
      <trkpt lat="45.778800000" lon="6.537610000">
        <ele>1578.000</ele>
      </trkpt>
      <trkpt lat="45.778990000" lon="6.537760000">
        <ele>1575.000</ele>
      </trkpt>
      <trkpt lat="45.779100000" lon="6.537870000">
        <ele>1571.000</ele>
      </trkpt>
      <trkpt lat="45.779200000" lon="6.538020000">
        <ele>1568.000</ele>
      </trkpt>
      <trkpt lat="45.779440000" lon="6.538450000">
        <ele>1565.000</ele>
      </trkpt>
      <trkpt lat="45.779620000" lon="6.538830000">
        <ele>1561.000</ele>
      </trkpt>
      <trkpt lat="45.779660000" lon="6.538940000">
        <ele>1558.000</ele>
      </trkpt>
      <trkpt lat="45.779830000" lon="6.539360000">
        <ele>1555.000</ele>
      </trkpt>
      <trkpt lat="45.780250000" lon="6.540530000">
        <ele>1551.000</ele>
      </trkpt>
      <trkpt lat="45.780280000" lon="6.540640000">
        <ele>1548.000</ele>
      </trkpt>
      <trkpt lat="45.780490000" lon="6.541380000">
        <ele>1545.000</ele>
      </trkpt>
      <trkpt lat="45.780570000" lon="6.541690000">
        <ele>1542.000</ele>
      </trkpt>
      <trkpt lat="45.780600000" lon="6.541890000">
        <ele>1540.000</ele>
      </trkpt>
      <trkpt lat="45.780630000" lon="6.542060000">
        <ele>1539.000</ele>
      </trkpt>
      <trkpt lat="45.780630000" lon="6.542170000">
        <ele>1537.000</ele>
      </trkpt>
      <trkpt lat="45.780630000" lon="6.542270000">
        <ele>1536.000</ele>
      </trkpt>
      <trkpt lat="45.780630000" lon="6.542350000">
        <ele>1536.000</ele>
      </trkpt>
      <trkpt lat="45.780610000" lon="6.542450000">
        <ele>1535.000</ele>
      </trkpt>
      <trkpt lat="45.780580000" lon="6.542550000">
        <ele>1534.000</ele>
      </trkpt>
      <trkpt lat="45.780540000" lon="6.542660000">
        <ele>1534.000</ele>
      </trkpt>
      <trkpt lat="45.780510000" lon="6.542740000">
        <ele>1533.000</ele>
      </trkpt>
      <trkpt lat="45.780490000" lon="6.542810000">
        <ele>1533.000</ele>
      </trkpt>
      <trkpt lat="45.780470000" lon="6.542970000">
        <ele>1532.000</ele>
      </trkpt>
      <trkpt lat="45.780470000" lon="6.543110000">
        <ele>1531.000</ele>
      </trkpt>
      <trkpt lat="45.780480000" lon="6.543210000">
        <ele>1531.000</ele>
      </trkpt>
      <trkpt lat="45.780500000" lon="6.543300000">
        <ele>1530.000</ele>
      </trkpt>
      <trkpt lat="45.780520000" lon="6.543340000">
        <ele>1530.000</ele>
      </trkpt>
      <trkpt lat="45.780540000" lon="6.543370000">
        <ele>1530.000</ele>
      </trkpt>
      <trkpt lat="45.780630000" lon="6.543440000">
        <ele>1529.000</ele>
      </trkpt>
      <trkpt lat="45.780710000" lon="6.543490000">
        <ele>1529.000</ele>
      </trkpt>
      <trkpt lat="45.780790000" lon="6.543520000">
        <ele>1528.000</ele>
      </trkpt>
      <trkpt lat="45.780890000" lon="6.543570000">
        <ele>1528.000</ele>
      </trkpt>
      <trkpt lat="45.781060000" lon="6.543660000">
        <ele>1527.000</ele>
      </trkpt>
      <trkpt lat="45.781210000" lon="6.543750000">
        <ele>1526.000</ele>
      </trkpt>
      <trkpt lat="45.781300000" lon="6.543810000">
        <ele>1525.000</ele>
      </trkpt>
      <trkpt lat="45.781420000" lon="6.543940000">
        <ele>1525.000</ele>
      </trkpt>
      <trkpt lat="45.781500000" lon="6.544070000">
        <ele>1524.000</ele>
      </trkpt>
      <trkpt lat="45.781580000" lon="6.544210000">
        <ele>1523.000</ele>
      </trkpt>
      <trkpt lat="45.781640000" lon="6.544360000">
        <ele>1523.000</ele>
      </trkpt>
      <trkpt lat="45.781680000" lon="6.544500000">
        <ele>1522.000</ele>
      </trkpt>
      <trkpt lat="45.781710000" lon="6.544730000">
        <ele>1521.000</ele>
      </trkpt>
      <trkpt lat="45.781730000" lon="6.545170000">
        <ele>1520.000</ele>
      </trkpt>
      <trkpt lat="45.781780000" lon="6.546080000">
        <ele>1518.000</ele>
      </trkpt>
      <trkpt lat="45.781790000" lon="6.546410000">
        <ele>1517.000</ele>
      </trkpt>
      <trkpt lat="45.781780000" lon="6.546700000">
        <ele>1515.000</ele>
      </trkpt>
      <trkpt lat="45.781740000" lon="6.547010000">
        <ele>1514.000</ele>
      </trkpt>
      <trkpt lat="45.781660000" lon="6.547340000">
        <ele>1513.000</ele>
      </trkpt>
      <trkpt lat="45.781560000" lon="6.547660000">
        <ele>1512.000</ele>
      </trkpt>
      <trkpt lat="45.781490000" lon="6.547840000">
        <ele>1511.000</ele>
      </trkpt>
      <trkpt lat="45.781370000" lon="6.548090000">
        <ele>1510.000</ele>
      </trkpt>
      <trkpt lat="45.781260000" lon="6.548280000">
        <ele>1509.000</ele>
      </trkpt>
      <trkpt lat="45.781090000" lon="6.548480000">
        <ele>1508.000</ele>
      </trkpt>
      <trkpt lat="45.781010000" lon="6.548590000">
        <ele>1507.000</ele>
      </trkpt>
      <trkpt lat="45.780550000" lon="6.549260000">
        <ele>1505.000</ele>
      </trkpt>
      <trkpt lat="45.780450000" lon="6.549390000">
        <ele>1503.000</ele>
      </trkpt>
      <trkpt lat="45.780320000" lon="6.549510000">
        <ele>1501.000</ele>
      </trkpt>
      <trkpt lat="45.780260000" lon="6.549570000">
        <ele>1500.000</ele>
      </trkpt>
      <trkpt lat="45.780220000" lon="6.549630000">
        <ele>1499.000</ele>
      </trkpt>
      <trkpt lat="45.780170000" lon="6.549720000">
        <ele>1498.000</ele>
      </trkpt>
      <trkpt lat="45.780110000" lon="6.549920000">
        <ele>1497.000</ele>
      </trkpt>
      <trkpt lat="45.780050000" lon="6.550110000">
        <ele>1496.000</ele>
      </trkpt>
      <trkpt lat="45.780040000" lon="6.550260000">
        <ele>1495.000</ele>
      </trkpt>
      <trkpt lat="45.780050000" lon="6.550310000">
        <ele>1494.000</ele>
      </trkpt>
      <trkpt lat="45.780060000" lon="6.550380000">
        <ele>1493.000</ele>
      </trkpt>
      <trkpt lat="45.780080000" lon="6.550470000">
        <ele>1493.000</ele>
      </trkpt>
      <trkpt lat="45.780160000" lon="6.550680000">
        <ele>1492.000</ele>
      </trkpt>
      <trkpt lat="45.780210000" lon="6.550810000">
        <ele>1492.000</ele>
      </trkpt>
      <trkpt lat="45.780230000" lon="6.550920000">
        <ele>1491.000</ele>
      </trkpt>
      <trkpt lat="45.780240000" lon="6.550980000">
        <ele>1491.000</ele>
      </trkpt>
      <trkpt lat="45.780240000" lon="6.551050000">
        <ele>1491.000</ele>
      </trkpt>
      <trkpt lat="45.780240000" lon="6.551120000">
        <ele>1491.000</ele>
      </trkpt>
      <trkpt lat="45.780230000" lon="6.551220000">
        <ele>1490.000</ele>
      </trkpt>
      <trkpt lat="45.780210000" lon="6.551370000">
        <ele>1490.000</ele>
      </trkpt>
      <trkpt lat="45.780150000" lon="6.551610000">
        <ele>1490.000</ele>
      </trkpt>
      <trkpt lat="45.780050000" lon="6.552050000">
        <ele>1489.000</ele>
      </trkpt>
      <trkpt lat="45.779910000" lon="6.552600000">
        <ele>1489.000</ele>
      </trkpt>
      <trkpt lat="45.779850000" lon="6.552870000">
        <ele>1488.000</ele>
      </trkpt>
      <trkpt lat="45.779830000" lon="6.552950000">
        <ele>1487.000</ele>
      </trkpt>
      <trkpt lat="45.779830000" lon="6.553030000">
        <ele>1487.000</ele>
      </trkpt>
      <trkpt lat="45.779850000" lon="6.553200000">
        <ele>1486.000</ele>
      </trkpt>
      <trkpt lat="45.779900000" lon="6.553750000">
        <ele>1483.000</ele>
      </trkpt>
      <trkpt lat="45.779900000" lon="6.553840000">
        <ele>1481.000</ele>
      </trkpt>
      <trkpt lat="45.779890000" lon="6.553940000">
        <ele>1480.000</ele>
      </trkpt>
      <trkpt lat="45.779860000" lon="6.554110000">
        <ele>1478.000</ele>
      </trkpt>
      <trkpt lat="45.779810000" lon="6.554400000">
        <ele>1476.000</ele>
      </trkpt>
      <trkpt lat="45.779780000" lon="6.554630000">
        <ele>1474.000</ele>
      </trkpt>
      <trkpt lat="45.779720000" lon="6.555110000">
        <ele>1471.000</ele>
      </trkpt>
      <trkpt lat="45.779700000" lon="6.555310000">
        <ele>1468.000</ele>
      </trkpt>
      <trkpt lat="45.779670000" lon="6.555450000">
        <ele>1466.000</ele>
      </trkpt>
      <trkpt lat="45.779630000" lon="6.555590000">
        <ele>1464.000</ele>
      </trkpt>
      <trkpt lat="45.779570000" lon="6.555720000">
        <ele>1462.000</ele>
      </trkpt>
      <trkpt lat="45.779440000" lon="6.555980000">
        <ele>1461.000</ele>
      </trkpt>
      <trkpt lat="45.779100000" lon="6.556660000">
        <ele>1459.000</ele>
      </trkpt>
      <trkpt lat="45.778730000" lon="6.557370000">
        <ele>1457.000</ele>
      </trkpt>
      <trkpt lat="45.778670000" lon="6.557510000">
        <ele>1455.000</ele>
      </trkpt>
      <trkpt lat="45.778610000" lon="6.557670000">
        <ele>1454.000</ele>
      </trkpt>
      <trkpt lat="45.778570000" lon="6.557820000">
        <ele>1453.000</ele>
      </trkpt>
      <trkpt lat="45.778510000" lon="6.558040000">
        <ele>1451.000</ele>
      </trkpt>
      <trkpt lat="45.778430000" lon="6.558440000">
        <ele>1450.000</ele>
      </trkpt>
      <trkpt lat="45.778390000" lon="6.558650000">
        <ele>1449.000</ele>
      </trkpt>
      <trkpt lat="45.778340000" lon="6.558790000">
        <ele>1447.000</ele>
      </trkpt>
      <trkpt lat="45.778290000" lon="6.558910000">
        <ele>1446.000</ele>
      </trkpt>
      <trkpt lat="45.778240000" lon="6.559000000">
        <ele>1445.000</ele>
      </trkpt>
      <trkpt lat="45.778170000" lon="6.559150000">
        <ele>1445.000</ele>
      </trkpt>
      <trkpt lat="45.778150000" lon="6.559210000">
        <ele>1444.000</ele>
      </trkpt>
      <trkpt lat="45.778130000" lon="6.559280000">
        <ele>1443.000</ele>
      </trkpt>
      <trkpt lat="45.778130000" lon="6.559370000">
        <ele>1443.000</ele>
      </trkpt>
      <trkpt lat="45.778150000" lon="6.559470000">
        <ele>1442.000</ele>
      </trkpt>
      <trkpt lat="45.778200000" lon="6.559560000">
        <ele>1442.000</ele>
      </trkpt>
      <trkpt lat="45.778250000" lon="6.559630000">
        <ele>1441.000</ele>
      </trkpt>
      <trkpt lat="45.778350000" lon="6.559750000">
        <ele>1440.000</ele>
      </trkpt>
      <trkpt lat="45.778400000" lon="6.559800000">
        <ele>1440.000</ele>
      </trkpt>
      <trkpt lat="45.778430000" lon="6.559830000">
        <ele>1439.000</ele>
      </trkpt>
      <trkpt lat="45.778500000" lon="6.559870000">
        <ele>1439.000</ele>
      </trkpt>
      <trkpt lat="45.778570000" lon="6.559900000">
        <ele>1438.000</ele>
      </trkpt>
      <trkpt lat="45.778630000" lon="6.559920000">
        <ele>1438.000</ele>
      </trkpt>
      <trkpt lat="45.778730000" lon="6.559940000">
        <ele>1437.000</ele>
      </trkpt>
      <trkpt lat="45.778800000" lon="6.559930000">
        <ele>1437.000</ele>
      </trkpt>
      <trkpt lat="45.778900000" lon="6.559900000">
        <ele>1437.000</ele>
      </trkpt>
      <trkpt lat="45.778980000" lon="6.559860000">
        <ele>1437.000</ele>
      </trkpt>
      <trkpt lat="45.779350000" lon="6.559670000">
        <ele>1437.000</ele>
      </trkpt>
      <trkpt lat="45.779490000" lon="6.559580000">
        <ele>1437.000</ele>
      </trkpt>
      <trkpt lat="45.779610000" lon="6.559470000">
        <ele>1437.000</ele>
      </trkpt>
      <trkpt lat="45.779690000" lon="6.559360000">
        <ele>1437.000</ele>
      </trkpt>
      <trkpt lat="45.779840000" lon="6.559180000">
        <ele>1438.000</ele>
      </trkpt>
      <trkpt lat="45.779940000" lon="6.559050000">
        <ele>1438.000</ele>
      </trkpt>
      <trkpt lat="45.780050000" lon="6.558900000">
        <ele>1438.000</ele>
      </trkpt>
      <trkpt lat="45.780190000" lon="6.558670000">
        <ele>1438.000</ele>
      </trkpt>
      <trkpt lat="45.780240000" lon="6.558560000">
        <ele>1438.000</ele>
      </trkpt>
      <trkpt lat="45.780350000" lon="6.558350000">
        <ele>1438.000</ele>
      </trkpt>
      <trkpt lat="45.780410000" lon="6.558250000">
        <ele>1438.000</ele>
      </trkpt>
      <trkpt lat="45.780480000" lon="6.558170000">
        <ele>1439.000</ele>
      </trkpt>
      <trkpt lat="45.780590000" lon="6.558060000">
        <ele>1439.000</ele>
      </trkpt>
      <trkpt lat="45.780710000" lon="6.557970000">
        <ele>1439.000</ele>
      </trkpt>
      <trkpt lat="45.780890000" lon="6.557850000">
        <ele>1439.000</ele>
      </trkpt>
      <trkpt lat="45.781060000" lon="6.557770000">
        <ele>1439.000</ele>
      </trkpt>
      <trkpt lat="45.781130000" lon="6.557710000">
        <ele>1439.000</ele>
      </trkpt>
      <trkpt lat="45.781180000" lon="6.557660000">
        <ele>1439.000</ele>
      </trkpt>
      <trkpt lat="45.781230000" lon="6.557590000">
        <ele>1439.000</ele>
      </trkpt>
      <trkpt lat="45.781280000" lon="6.557490000">
        <ele>1439.000</ele>
      </trkpt>
      <trkpt lat="45.781340000" lon="6.557350000">
        <ele>1439.000</ele>
      </trkpt>
      <trkpt lat="45.781420000" lon="6.557100000">
        <ele>1439.000</ele>
      </trkpt>
      <trkpt lat="45.781500000" lon="6.556890000">
        <ele>1439.000</ele>
      </trkpt>
      <trkpt lat="45.781600000" lon="6.556660000">
        <ele>1440.000</ele>
      </trkpt>
      <trkpt lat="45.781920000" lon="6.556110000">
        <ele>1441.000</ele>
      </trkpt>
      <trkpt lat="45.781960000" lon="6.556020000">
        <ele>1441.000</ele>
      </trkpt>
      <trkpt lat="45.782290000" lon="6.555090000">
        <ele>1443.000</ele>
      </trkpt>
      <trkpt lat="45.782360000" lon="6.554900000">
        <ele>1444.000</ele>
      </trkpt>
      <trkpt lat="45.782580000" lon="6.554390000">
        <ele>1446.000</ele>
      </trkpt>
      <trkpt lat="45.782680000" lon="6.554200000">
        <ele>1447.000</ele>
      </trkpt>
      <trkpt lat="45.782800000" lon="6.554010000">
        <ele>1448.000</ele>
      </trkpt>
      <trkpt lat="45.783100000" lon="6.553590000">
        <ele>1448.000</ele>
      </trkpt>
      <trkpt lat="45.783250000" lon="6.553340000">
        <ele>1449.000</ele>
      </trkpt>
      <trkpt lat="45.783370000" lon="6.553100000">
        <ele>1450.000</ele>
      </trkpt>
      <trkpt lat="45.783530000" lon="6.552790000">
        <ele>1450.000</ele>
      </trkpt>
      <trkpt lat="45.783790000" lon="6.552360000">
        <ele>1451.000</ele>
      </trkpt>
      <trkpt lat="45.784070000" lon="6.551950000">
        <ele>1452.000</ele>
      </trkpt>
      <trkpt lat="45.784190000" lon="6.551790000">
        <ele>1454.000</ele>
      </trkpt>
      <trkpt lat="45.784370000" lon="6.551600000">
        <ele>1455.000</ele>
      </trkpt>
      <trkpt lat="45.784520000" lon="6.551410000">
        <ele>1456.000</ele>
      </trkpt>
      <trkpt lat="45.784640000" lon="6.551230000">
        <ele>1457.000</ele>
      </trkpt>
      <trkpt lat="45.784640000" lon="6.551230000">
        <ele>1458.000</ele>
      </trkpt>
      <trkpt lat="45.784640000" lon="6.551230000">
        <ele>1459.000</ele>
      </trkpt>
      <trkpt lat="45.784840000" lon="6.551010000">
        <ele>1460.000</ele>
      </trkpt>
      <trkpt lat="45.785000000" lon="6.550840000">
        <ele>1461.000</ele>
      </trkpt>
      <trkpt lat="45.785110000" lon="6.550690000">
        <ele>1462.000</ele>
      </trkpt>
      <trkpt lat="45.785200000" lon="6.550540000">
        <ele>1463.000</ele>
      </trkpt>
      <trkpt lat="45.785270000" lon="6.550370000">
        <ele>1463.000</ele>
      </trkpt>
      <trkpt lat="45.785470000" lon="6.549880000">
        <ele>1463.000</ele>
      </trkpt>
      <trkpt lat="45.785600000" lon="6.549550000">
        <ele>1463.000</ele>
      </trkpt>
      <trkpt lat="45.785770000" lon="6.548980000">
        <ele>1463.000</ele>
      </trkpt>
      <trkpt lat="45.785840000" lon="6.548780000">
        <ele>1463.000</ele>
      </trkpt>
      <trkpt lat="45.786020000" lon="6.548470000">
        <ele>1463.000</ele>
      </trkpt>
      <trkpt lat="45.786320000" lon="6.547890000">
        <ele>1462.000</ele>
      </trkpt>
      <trkpt lat="45.786440000" lon="6.547670000">
        <ele>1462.000</ele>
      </trkpt>
      <trkpt lat="45.786560000" lon="6.547440000">
        <ele>1462.000</ele>
      </trkpt>
      <trkpt lat="45.786620000" lon="6.547350000">
        <ele>1462.000</ele>
      </trkpt>
      <trkpt lat="45.786680000" lon="6.547280000">
        <ele>1462.000</ele>
      </trkpt>
      <trkpt lat="45.786750000" lon="6.547220000">
        <ele>1462.000</ele>
      </trkpt>
      <trkpt lat="45.786880000" lon="6.547150000">
        <ele>1462.000</ele>
      </trkpt>
      <trkpt lat="45.787010000" lon="6.547090000">
        <ele>1462.000</ele>
      </trkpt>
      <trkpt lat="45.787150000" lon="6.547030000">
        <ele>1462.000</ele>
      </trkpt>
      <trkpt lat="45.787250000" lon="6.547000000">
        <ele>1463.000</ele>
      </trkpt>
      <trkpt lat="45.787290000" lon="6.546990000">
        <ele>1463.000</ele>
      </trkpt>
      <trkpt lat="45.787400000" lon="6.546980000">
        <ele>1463.000</ele>
      </trkpt>
      <trkpt lat="45.787890000" lon="6.546960000">
        <ele>1463.000</ele>
      </trkpt>
      <trkpt lat="45.788440000" lon="6.546940000">
        <ele>1462.000</ele>
      </trkpt>
      <trkpt lat="45.788700000" lon="6.546930000">
        <ele>1462.000</ele>
      </trkpt>
      <trkpt lat="45.788850000" lon="6.546870000">
        <ele>1461.000</ele>
      </trkpt>
      <trkpt lat="45.789050000" lon="6.546750000">
        <ele>1460.000</ele>
      </trkpt>
      <trkpt lat="45.789150000" lon="6.546660000">
        <ele>1459.000</ele>
      </trkpt>
      <trkpt lat="45.789190000" lon="6.546630000">
        <ele>1459.000</ele>
      </trkpt>
      <trkpt lat="45.789260000" lon="6.546550000">
        <ele>1458.000</ele>
      </trkpt>
      <trkpt lat="45.789350000" lon="6.546430000">
        <ele>1458.000</ele>
      </trkpt>
      <trkpt lat="45.789400000" lon="6.546310000">
        <ele>1457.000</ele>
      </trkpt>
      <trkpt lat="45.789730000" lon="6.545650000">
        <ele>1456.000</ele>
      </trkpt>
      <trkpt lat="45.789870000" lon="6.545430000">
        <ele>1455.000</ele>
      </trkpt>
      <trkpt lat="45.790080000" lon="6.545190000">
        <ele>1454.000</ele>
      </trkpt>
      <trkpt lat="45.790270000" lon="6.545000000">
        <ele>1452.000</ele>
      </trkpt>
      <trkpt lat="45.790390000" lon="6.544900000">
        <ele>1451.000</ele>
      </trkpt>
      <trkpt lat="45.790530000" lon="6.544820000">
        <ele>1450.000</ele>
      </trkpt>
      <trkpt lat="45.790860000" lon="6.544710000">
        <ele>1449.000</ele>
      </trkpt>
      <trkpt lat="45.791340000" lon="6.544540000">
        <ele>1448.000</ele>
      </trkpt>
      <trkpt lat="45.791520000" lon="6.544460000">
        <ele>1446.000</ele>
      </trkpt>
      <trkpt lat="45.791640000" lon="6.544400000">
        <ele>1445.000</ele>
      </trkpt>
      <trkpt lat="45.791750000" lon="6.544320000">
        <ele>1443.000</ele>
      </trkpt>
      <trkpt lat="45.792020000" lon="6.544120000">
        <ele>1441.000</ele>
      </trkpt>
      <trkpt lat="45.792190000" lon="6.543990000">
        <ele>1439.000</ele>
      </trkpt>
      <trkpt lat="45.792280000" lon="6.543900000">
        <ele>1438.000</ele>
      </trkpt>
      <trkpt lat="45.792460000" lon="6.543700000">
        <ele>1436.000</ele>
      </trkpt>
      <trkpt lat="45.792590000" lon="6.543550000">
        <ele>1434.000</ele>
      </trkpt>
      <trkpt lat="45.792760000" lon="6.543360000">
        <ele>1433.000</ele>
      </trkpt>
      <trkpt lat="45.792900000" lon="6.543240000">
        <ele>1431.000</ele>
      </trkpt>
      <trkpt lat="45.793000000" lon="6.543190000">
        <ele>1429.000</ele>
      </trkpt>
      <trkpt lat="45.793320000" lon="6.543080000">
        <ele>1428.000</ele>
      </trkpt>
      <trkpt lat="45.793380000" lon="6.543040000">
        <ele>1426.000</ele>
      </trkpt>
      <trkpt lat="45.793490000" lon="6.542950000">
        <ele>1425.000</ele>
      </trkpt>
      <trkpt lat="45.793710000" lon="6.542680000">
        <ele>1423.000</ele>
      </trkpt>
      <trkpt lat="45.793820000" lon="6.542620000">
        <ele>1422.000</ele>
      </trkpt>
      <trkpt lat="45.794000000" lon="6.542550000">
        <ele>1420.000</ele>
      </trkpt>
      <trkpt lat="45.794120000" lon="6.542480000">
        <ele>1419.000</ele>
      </trkpt>
      <trkpt lat="45.794220000" lon="6.542410000">
        <ele>1418.000</ele>
      </trkpt>
      <trkpt lat="45.794340000" lon="6.542280000">
        <ele>1417.000</ele>
      </trkpt>
      <trkpt lat="45.794500000" lon="6.542120000">
        <ele>1415.000</ele>
      </trkpt>
      <trkpt lat="45.794620000" lon="6.542030000">
        <ele>1414.000</ele>
      </trkpt>
      <trkpt lat="45.795120000" lon="6.541730000">
        <ele>1412.000</ele>
      </trkpt>
      <trkpt lat="45.795320000" lon="6.541590000">
        <ele>1410.000</ele>
      </trkpt>
      <trkpt lat="45.795400000" lon="6.541510000">
        <ele>1408.000</ele>
      </trkpt>
      <trkpt lat="45.795560000" lon="6.541270000">
        <ele>1407.000</ele>
      </trkpt>
      <trkpt lat="45.795740000" lon="6.541060000">
        <ele>1405.000</ele>
      </trkpt>
      <trkpt lat="45.795840000" lon="6.540970000">
        <ele>1404.000</ele>
      </trkpt>
      <trkpt lat="45.795940000" lon="6.540920000">
        <ele>1403.000</ele>
      </trkpt>
      <trkpt lat="45.796050000" lon="6.540890000">
        <ele>1402.000</ele>
      </trkpt>
      <trkpt lat="45.796220000" lon="6.540880000">
        <ele>1400.000</ele>
      </trkpt>
      <trkpt lat="45.796490000" lon="6.540880000">
        <ele>1399.000</ele>
      </trkpt>
      <trkpt lat="45.796590000" lon="6.540910000">
        <ele>1398.000</ele>
      </trkpt>
      <trkpt lat="45.796670000" lon="6.540950000">
        <ele>1396.000</ele>
      </trkpt>
      <trkpt lat="45.796780000" lon="6.541010000">
        <ele>1395.000</ele>
      </trkpt>
      <trkpt lat="45.797260000" lon="6.541370000">
        <ele>1393.000</ele>
      </trkpt>
      <trkpt lat="45.797400000" lon="6.541510000">
        <ele>1391.000</ele>
      </trkpt>
      <trkpt lat="45.797490000" lon="6.541650000">
        <ele>1390.000</ele>
      </trkpt>
      <trkpt lat="45.797550000" lon="6.541790000">
        <ele>1388.000</ele>
      </trkpt>
      <trkpt lat="45.797620000" lon="6.542060000">
        <ele>1387.000</ele>
      </trkpt>
      <trkpt lat="45.797660000" lon="6.542190000">
        <ele>1385.000</ele>
      </trkpt>
      <trkpt lat="45.797720000" lon="6.542280000">
        <ele>1384.000</ele>
      </trkpt>
      <trkpt lat="45.797790000" lon="6.542370000">
        <ele>1383.000</ele>
      </trkpt>
      <trkpt lat="45.798430000" lon="6.543020000">
        <ele>1380.000</ele>
      </trkpt>
      <trkpt lat="45.798730000" lon="6.543340000">
        <ele>1376.000</ele>
      </trkpt>
      <trkpt lat="45.798970000" lon="6.543620000">
        <ele>1373.000</ele>
      </trkpt>
      <trkpt lat="45.799690000" lon="6.544450000">
        <ele>1368.000</ele>
      </trkpt>
      <trkpt lat="45.800030000" lon="6.544880000">
        <ele>1363.000</ele>
      </trkpt>
      <trkpt lat="45.800230000" lon="6.545150000">
        <ele>1359.000</ele>
      </trkpt>
      <trkpt lat="45.800650000" lon="6.545770000">
        <ele>1355.000</ele>
      </trkpt>
      <trkpt lat="45.800760000" lon="6.545980000">
        <ele>1352.000</ele>
      </trkpt>
      <trkpt lat="45.800890000" lon="6.546260000">
        <ele>1349.000</ele>
      </trkpt>
      <trkpt lat="45.801000000" lon="6.546460000">
        <ele>1346.000</ele>
      </trkpt>
      <trkpt lat="45.801120000" lon="6.546630000">
        <ele>1344.000</ele>
      </trkpt>
      <trkpt lat="45.801240000" lon="6.546770000">
        <ele>1342.000</ele>
      </trkpt>
      <trkpt lat="45.801500000" lon="6.547030000">
        <ele>1340.000</ele>
      </trkpt>
      <trkpt lat="45.801770000" lon="6.547280000">
        <ele>1338.000</ele>
      </trkpt>
      <trkpt lat="45.801860000" lon="6.547390000">
        <ele>1336.000</ele>
      </trkpt>
      <trkpt lat="45.801950000" lon="6.547490000">
        <ele>1334.000</ele>
      </trkpt>
      <trkpt lat="45.802160000" lon="6.547770000">
        <ele>1332.000</ele>
      </trkpt>
      <trkpt lat="45.802360000" lon="6.548010000">
        <ele>1330.000</ele>
      </trkpt>
      <trkpt lat="45.802640000" lon="6.548280000">
        <ele>1327.000</ele>
      </trkpt>
      <trkpt lat="45.802920000" lon="6.548540000">
        <ele>1325.000</ele>
      </trkpt>
      <trkpt lat="45.803090000" lon="6.548730000">
        <ele>1324.000</ele>
      </trkpt>
      <trkpt lat="45.803240000" lon="6.548920000">
        <ele>1322.000</ele>
      </trkpt>
      <trkpt lat="45.803400000" lon="6.549130000">
        <ele>1321.000</ele>
      </trkpt>
      <trkpt lat="45.803500000" lon="6.549260000">
        <ele>1320.000</ele>
      </trkpt>
      <trkpt lat="45.803530000" lon="6.549310000">
        <ele>1320.000</ele>
      </trkpt>
      <trkpt lat="45.803560000" lon="6.549360000">
        <ele>1319.000</ele>
      </trkpt>
      <trkpt lat="45.803610000" lon="6.549450000">
        <ele>1319.000</ele>
      </trkpt>
      <trkpt lat="45.803660000" lon="6.549550000">
        <ele>1318.000</ele>
      </trkpt>
      <trkpt lat="45.803690000" lon="6.549640000">
        <ele>1318.000</ele>
      </trkpt>
      <trkpt lat="45.803730000" lon="6.549750000">
        <ele>1317.000</ele>
      </trkpt>
      <trkpt lat="45.803750000" lon="6.549850000">
        <ele>1317.000</ele>
      </trkpt>
      <trkpt lat="45.803770000" lon="6.549990000">
        <ele>1317.000</ele>
      </trkpt>
      <trkpt lat="45.803780000" lon="6.550110000">
        <ele>1316.000</ele>
      </trkpt>
      <trkpt lat="45.803800000" lon="6.550190000">
        <ele>1316.000</ele>
      </trkpt>
      <trkpt lat="45.803830000" lon="6.550300000">
        <ele>1316.000</ele>
      </trkpt>
      <trkpt lat="45.803860000" lon="6.550350000">
        <ele>1315.000</ele>
      </trkpt>
      <trkpt lat="45.803890000" lon="6.550390000">
        <ele>1315.000</ele>
      </trkpt>
      <trkpt lat="45.803940000" lon="6.550430000">
        <ele>1315.000</ele>
      </trkpt>
      <trkpt lat="45.803970000" lon="6.550450000">
        <ele>1314.000</ele>
      </trkpt>
      <trkpt lat="45.804020000" lon="6.550470000">
        <ele>1314.000</ele>
      </trkpt>
      <trkpt lat="45.804070000" lon="6.550480000">
        <ele>1314.000</ele>
      </trkpt>
      <trkpt lat="45.804110000" lon="6.550470000">
        <ele>1313.000</ele>
      </trkpt>
      <trkpt lat="45.804150000" lon="6.550460000">
        <ele>1313.000</ele>
      </trkpt>
      <trkpt lat="45.804200000" lon="6.550430000">
        <ele>1313.000</ele>
      </trkpt>
      <trkpt lat="45.804250000" lon="6.550400000">
        <ele>1313.000</ele>
      </trkpt>
      <trkpt lat="45.804290000" lon="6.550360000">
        <ele>1312.000</ele>
      </trkpt>
      <trkpt lat="45.804320000" lon="6.550300000">
        <ele>1312.000</ele>
      </trkpt>
      <trkpt lat="45.804350000" lon="6.550220000">
        <ele>1312.000</ele>
      </trkpt>
      <trkpt lat="45.804370000" lon="6.550150000">
        <ele>1311.000</ele>
      </trkpt>
      <trkpt lat="45.804380000" lon="6.550080000">
        <ele>1311.000</ele>
      </trkpt>
      <trkpt lat="45.804390000" lon="6.550000000">
        <ele>1310.000</ele>
      </trkpt>
      <trkpt lat="45.804380000" lon="6.549880000">
        <ele>1310.000</ele>
      </trkpt>
      <trkpt lat="45.804360000" lon="6.549680000">
        <ele>1309.000</ele>
      </trkpt>
      <trkpt lat="45.804350000" lon="6.549600000">
        <ele>1309.000</ele>
      </trkpt>
      <trkpt lat="45.804340000" lon="6.549500000">
        <ele>1308.000</ele>
      </trkpt>
      <trkpt lat="45.804330000" lon="6.549380000">
        <ele>1308.000</ele>
      </trkpt>
      <trkpt lat="45.804340000" lon="6.549280000">
        <ele>1307.000</ele>
      </trkpt>
      <trkpt lat="45.804350000" lon="6.549200000">
        <ele>1307.000</ele>
      </trkpt>
      <trkpt lat="45.804350000" lon="6.549170000">
        <ele>1307.000</ele>
      </trkpt>
      <trkpt lat="45.804390000" lon="6.549060000">
        <ele>1306.000</ele>
      </trkpt>
      <trkpt lat="45.804430000" lon="6.548980000">
        <ele>1306.000</ele>
      </trkpt>
      <trkpt lat="45.804500000" lon="6.548840000">
        <ele>1305.000</ele>
      </trkpt>
      <trkpt lat="45.804570000" lon="6.548750000">
        <ele>1305.000</ele>
      </trkpt>
      <trkpt lat="45.804610000" lon="6.548670000">
        <ele>1304.000</ele>
      </trkpt>
      <trkpt lat="45.804640000" lon="6.548600000">
        <ele>1304.000</ele>
      </trkpt>
      <trkpt lat="45.804670000" lon="6.548530000">
        <ele>1304.000</ele>
      </trkpt>
      <trkpt lat="45.804690000" lon="6.548440000">
        <ele>1303.000</ele>
      </trkpt>
      <trkpt lat="45.804700000" lon="6.548360000">
        <ele>1303.000</ele>
      </trkpt>
      <trkpt lat="45.804710000" lon="6.548230000">
        <ele>1303.000</ele>
      </trkpt>
      <trkpt lat="45.804710000" lon="6.548080000">
        <ele>1303.000</ele>
      </trkpt>
      <trkpt lat="45.804720000" lon="6.547980000">
        <ele>1302.000</ele>
      </trkpt>
      <trkpt lat="45.804730000" lon="6.547900000">
        <ele>1302.000</ele>
      </trkpt>
      <trkpt lat="45.804740000" lon="6.547830000">
        <ele>1302.000</ele>
      </trkpt>
      <trkpt lat="45.804770000" lon="6.547760000">
        <ele>1302.000</ele>
      </trkpt>
      <trkpt lat="45.804810000" lon="6.547680000">
        <ele>1302.000</ele>
      </trkpt>
      <trkpt lat="45.804850000" lon="6.547620000">
        <ele>1302.000</ele>
      </trkpt>
      <trkpt lat="45.804890000" lon="6.547580000">
        <ele>1301.000</ele>
      </trkpt>
      <trkpt lat="45.804940000" lon="6.547540000">
        <ele>1301.000</ele>
      </trkpt>
      <trkpt lat="45.805010000" lon="6.547500000">
        <ele>1301.000</ele>
      </trkpt>
      <trkpt lat="45.805070000" lon="6.547460000">
        <ele>1301.000</ele>
      </trkpt>
      <trkpt lat="45.805140000" lon="6.547410000">
        <ele>1301.000</ele>
      </trkpt>
      <trkpt lat="45.805170000" lon="6.547390000">
        <ele>1301.000</ele>
      </trkpt>
      <trkpt lat="45.805200000" lon="6.547350000">
        <ele>1300.000</ele>
      </trkpt>
      <trkpt lat="45.805240000" lon="6.547310000">
        <ele>1300.000</ele>
      </trkpt>
      <trkpt lat="45.805270000" lon="6.547260000">
        <ele>1300.000</ele>
      </trkpt>
      <trkpt lat="45.805300000" lon="6.547190000">
        <ele>1300.000</ele>
      </trkpt>
      <trkpt lat="45.805330000" lon="6.547110000">
        <ele>1300.000</ele>
      </trkpt>
      <trkpt lat="45.805350000" lon="6.547020000">
        <ele>1300.000</ele>
      </trkpt>
      <trkpt lat="45.805350000" lon="6.546910000">
        <ele>1300.000</ele>
      </trkpt>
      <trkpt lat="45.805360000" lon="6.546790000">
        <ele>1299.000</ele>
      </trkpt>
      <trkpt lat="45.805360000" lon="6.546510000">
        <ele>1299.000</ele>
      </trkpt>
      <trkpt lat="45.805350000" lon="6.546360000">
        <ele>1299.000</ele>
      </trkpt>
      <trkpt lat="45.805340000" lon="6.546230000">
        <ele>1299.000</ele>
      </trkpt>
      <trkpt lat="45.805330000" lon="6.546120000">
        <ele>1299.000</ele>
      </trkpt>
      <trkpt lat="45.805310000" lon="6.546010000">
        <ele>1299.000</ele>
      </trkpt>
      <trkpt lat="45.805270000" lon="6.545910000">
        <ele>1299.000</ele>
      </trkpt>
      <trkpt lat="45.805210000" lon="6.545770000">
        <ele>1299.000</ele>
      </trkpt>
      <trkpt lat="45.805160000" lon="6.545660000">
        <ele>1299.000</ele>
      </trkpt>
      <trkpt lat="45.805110000" lon="6.545550000">
        <ele>1299.000</ele>
      </trkpt>
      <trkpt lat="45.805080000" lon="6.545460000">
        <ele>1299.000</ele>
      </trkpt>
      <trkpt lat="45.805060000" lon="6.545380000">
        <ele>1299.000</ele>
      </trkpt>
      <trkpt lat="45.805050000" lon="6.545270000">
        <ele>1299.000</ele>
      </trkpt>
      <trkpt lat="45.805000000" lon="6.544750000">
        <ele>1300.000</ele>
      </trkpt>
      <trkpt lat="45.804920000" lon="6.543940000">
        <ele>1300.000</ele>
      </trkpt>
      <trkpt lat="45.804880000" lon="6.543590000">
        <ele>1300.000</ele>
      </trkpt>
      <trkpt lat="45.804860000" lon="6.543370000">
        <ele>1300.000</ele>
      </trkpt>
      <trkpt lat="45.804830000" lon="6.543180000">
        <ele>1300.000</ele>
      </trkpt>
      <trkpt lat="45.804800000" lon="6.543000000">
        <ele>1300.000</ele>
      </trkpt>
      <trkpt lat="45.804760000" lon="6.542820000">
        <ele>1300.000</ele>
      </trkpt>
      <trkpt lat="45.804640000" lon="6.542300000">
        <ele>1300.000</ele>
      </trkpt>
      <trkpt lat="45.804520000" lon="6.541770000">
        <ele>1300.000</ele>
      </trkpt>
      <trkpt lat="45.804410000" lon="6.541240000">
        <ele>1300.000</ele>
      </trkpt>
      <trkpt lat="45.804380000" lon="6.541060000">
        <ele>1300.000</ele>
      </trkpt>
      <trkpt lat="45.804360000" lon="6.540940000">
        <ele>1300.000</ele>
      </trkpt>
      <trkpt lat="45.804350000" lon="6.540820000">
        <ele>1299.000</ele>
      </trkpt>
      <trkpt lat="45.804340000" lon="6.540720000">
        <ele>1299.000</ele>
      </trkpt>
      <trkpt lat="45.804340000" lon="6.540600000">
        <ele>1298.000</ele>
      </trkpt>
      <trkpt lat="45.804350000" lon="6.540470000">
        <ele>1297.000</ele>
      </trkpt>
      <trkpt lat="45.804370000" lon="6.540300000">
        <ele>1297.000</ele>
      </trkpt>
      <trkpt lat="45.804400000" lon="6.540090000">
        <ele>1296.000</ele>
      </trkpt>
      <trkpt lat="45.804520000" lon="6.539520000">
        <ele>1294.000</ele>
      </trkpt>
      <trkpt lat="45.804560000" lon="6.539300000">
        <ele>1292.000</ele>
      </trkpt>
      <trkpt lat="45.804600000" lon="6.539160000">
        <ele>1291.000</ele>
      </trkpt>
      <trkpt lat="45.804640000" lon="6.539030000">
        <ele>1290.000</ele>
      </trkpt>
      <trkpt lat="45.804690000" lon="6.538920000">
        <ele>1289.000</ele>
      </trkpt>
      <trkpt lat="45.804790000" lon="6.538740000">
        <ele>1288.000</ele>
      </trkpt>
      <trkpt lat="45.804930000" lon="6.538510000">
        <ele>1286.000</ele>
      </trkpt>
      <trkpt lat="45.804970000" lon="6.538440000">
        <ele>1285.000</ele>
      </trkpt>
      <trkpt lat="45.805010000" lon="6.538360000">
        <ele>1285.000</ele>
      </trkpt>
      <trkpt lat="45.805030000" lon="6.538300000">
        <ele>1284.000</ele>
      </trkpt>
      <trkpt lat="45.805040000" lon="6.538250000">
        <ele>1283.000</ele>
      </trkpt>
      <trkpt lat="45.805050000" lon="6.538190000">
        <ele>1283.000</ele>
      </trkpt>
      <trkpt lat="45.805050000" lon="6.538130000">
        <ele>1282.000</ele>
      </trkpt>
      <trkpt lat="45.805040000" lon="6.538030000">
        <ele>1282.000</ele>
      </trkpt>
      <trkpt lat="45.805010000" lon="6.537870000">
        <ele>1281.000</ele>
      </trkpt>
      <trkpt lat="45.804990000" lon="6.537790000">
        <ele>1281.000</ele>
      </trkpt>
      <trkpt lat="45.804980000" lon="6.537730000">
        <ele>1280.000</ele>
      </trkpt>
      <trkpt lat="45.804980000" lon="6.537650000">
        <ele>1280.000</ele>
      </trkpt>
      <trkpt lat="45.804990000" lon="6.537580000">
        <ele>1279.000</ele>
      </trkpt>
      <trkpt lat="45.805000000" lon="6.537490000">
        <ele>1279.000</ele>
      </trkpt>
      <trkpt lat="45.805020000" lon="6.537400000">
        <ele>1279.000</ele>
      </trkpt>
      <trkpt lat="45.805030000" lon="6.537310000">
        <ele>1278.000</ele>
      </trkpt>
      <trkpt lat="45.805040000" lon="6.537230000">
        <ele>1278.000</ele>
      </trkpt>
      <trkpt lat="45.805040000" lon="6.537150000">
        <ele>1277.000</ele>
      </trkpt>
      <trkpt lat="45.805030000" lon="6.537090000">
        <ele>1277.000</ele>
      </trkpt>
      <trkpt lat="45.805020000" lon="6.537030000">
        <ele>1276.000</ele>
      </trkpt>
      <trkpt lat="45.804970000" lon="6.536920000">
        <ele>1276.000</ele>
      </trkpt>
      <trkpt lat="45.804920000" lon="6.536820000">
        <ele>1275.000</ele>
      </trkpt>
      <trkpt lat="45.804870000" lon="6.536730000">
        <ele>1275.000</ele>
      </trkpt>
      <trkpt lat="45.804820000" lon="6.536640000">
        <ele>1274.000</ele>
      </trkpt>
      <trkpt lat="45.804790000" lon="6.536580000">
        <ele>1274.000</ele>
      </trkpt>
      <trkpt lat="45.804770000" lon="6.536480000">
        <ele>1273.000</ele>
      </trkpt>
      <trkpt lat="45.804750000" lon="6.536380000">
        <ele>1273.000</ele>
      </trkpt>
      <trkpt lat="45.804740000" lon="6.536220000">
        <ele>1272.000</ele>
      </trkpt>
      <trkpt lat="45.804730000" lon="6.536110000">
        <ele>1272.000</ele>
      </trkpt>
      <trkpt lat="45.804720000" lon="6.536020000">
        <ele>1271.000</ele>
      </trkpt>
      <trkpt lat="45.804700000" lon="6.535950000">
        <ele>1271.000</ele>
      </trkpt>
      <trkpt lat="45.804690000" lon="6.535890000">
        <ele>1271.000</ele>
      </trkpt>
      <trkpt lat="45.804650000" lon="6.535790000">
        <ele>1270.000</ele>
      </trkpt>
      <trkpt lat="45.804600000" lon="6.535680000">
        <ele>1270.000</ele>
      </trkpt>
      <trkpt lat="45.804560000" lon="6.535590000">
        <ele>1270.000</ele>
      </trkpt>
      <trkpt lat="45.804510000" lon="6.535500000">
        <ele>1269.000</ele>
      </trkpt>
      <trkpt lat="45.804460000" lon="6.535420000">
        <ele>1269.000</ele>
      </trkpt>
      <trkpt lat="45.804420000" lon="6.535350000">
        <ele>1269.000</ele>
      </trkpt>
      <trkpt lat="45.804400000" lon="6.535290000">
        <ele>1268.000</ele>
      </trkpt>
      <trkpt lat="45.804380000" lon="6.535210000">
        <ele>1268.000</ele>
      </trkpt>
      <trkpt lat="45.804370000" lon="6.535130000">
        <ele>1268.000</ele>
      </trkpt>
      <trkpt lat="45.804370000" lon="6.535020000">
        <ele>1268.000</ele>
      </trkpt>
      <trkpt lat="45.804370000" lon="6.534890000">
        <ele>1267.000</ele>
      </trkpt>
      <trkpt lat="45.804380000" lon="6.534740000">
        <ele>1267.000</ele>
      </trkpt>
      <trkpt lat="45.804390000" lon="6.534610000">
        <ele>1267.000</ele>
      </trkpt>
      <trkpt lat="45.804390000" lon="6.534420000">
        <ele>1266.000</ele>
      </trkpt>
      <trkpt lat="45.804390000" lon="6.534100000">
        <ele>1265.000</ele>
      </trkpt>
      <trkpt lat="45.804400000" lon="6.533970000">
        <ele>1265.000</ele>
      </trkpt>
      <trkpt lat="45.804420000" lon="6.533840000">
        <ele>1264.000</ele>
      </trkpt>
      <trkpt lat="45.804440000" lon="6.533670000">
        <ele>1264.000</ele>
      </trkpt>
      <trkpt lat="45.804560000" lon="6.532900000">
        <ele>1262.000</ele>
      </trkpt>
      <trkpt lat="45.804610000" lon="6.532500000">
        <ele>1260.000</ele>
      </trkpt>
      <trkpt lat="45.804630000" lon="6.532340000">
        <ele>1259.000</ele>
      </trkpt>
      <trkpt lat="45.804630000" lon="6.532160000">
        <ele>1258.000</ele>
      </trkpt>
      <trkpt lat="45.804630000" lon="6.531950000">
        <ele>1256.000</ele>
      </trkpt>
      <trkpt lat="45.804620000" lon="6.531720000">
        <ele>1255.000</ele>
      </trkpt>
      <trkpt lat="45.804600000" lon="6.531530000">
        <ele>1254.000</ele>
      </trkpt>
      <trkpt lat="45.804580000" lon="6.531310000">
        <ele>1253.000</ele>
      </trkpt>
      <trkpt lat="45.804550000" lon="6.531060000">
        <ele>1252.000</ele>
      </trkpt>
      <trkpt lat="45.804540000" lon="6.530990000">
        <ele>1251.000</ele>
      </trkpt>
      <trkpt lat="45.804540000" lon="6.530910000">
        <ele>1250.000</ele>
      </trkpt>
      <trkpt lat="45.804550000" lon="6.530840000">
        <ele>1250.000</ele>
      </trkpt>
      <trkpt lat="45.804560000" lon="6.530780000">
        <ele>1249.000</ele>
      </trkpt>
      <trkpt lat="45.804590000" lon="6.530730000">
        <ele>1249.000</ele>
      </trkpt>
      <trkpt lat="45.804630000" lon="6.530650000">
        <ele>1248.000</ele>
      </trkpt>
      <trkpt lat="45.804680000" lon="6.530580000">
        <ele>1248.000</ele>
      </trkpt>
      <trkpt lat="45.804740000" lon="6.530530000">
        <ele>1247.000</ele>
      </trkpt>
      <trkpt lat="45.804810000" lon="6.530460000">
        <ele>1247.000</ele>
      </trkpt>
      <trkpt lat="45.804900000" lon="6.530390000">
        <ele>1246.000</ele>
      </trkpt>
      <trkpt lat="45.804960000" lon="6.530340000">
        <ele>1245.000</ele>
      </trkpt>
      <trkpt lat="45.805070000" lon="6.530200000">
        <ele>1245.000</ele>
      </trkpt>
      <trkpt lat="45.805090000" lon="6.530180000">
        <ele>1244.000</ele>
      </trkpt>
      <trkpt lat="45.805120000" lon="6.530140000">
        <ele>1244.000</ele>
      </trkpt>
      <trkpt lat="45.805210000" lon="6.529980000">
        <ele>1243.000</ele>
      </trkpt>
      <trkpt lat="45.805330000" lon="6.529790000">
        <ele>1242.000</ele>
      </trkpt>
      <trkpt lat="45.805540000" lon="6.529420000">
        <ele>1241.000</ele>
      </trkpt>
      <trkpt lat="45.805600000" lon="6.529310000">
        <ele>1239.000</ele>
      </trkpt>
      <trkpt lat="45.805650000" lon="6.529200000">
        <ele>1238.000</ele>
      </trkpt>
      <trkpt lat="45.805700000" lon="6.529080000">
        <ele>1237.000</ele>
      </trkpt>
      <trkpt lat="45.805750000" lon="6.528900000">
        <ele>1236.000</ele>
      </trkpt>
      <trkpt lat="45.805780000" lon="6.528740000">
        <ele>1235.000</ele>
      </trkpt>
      <trkpt lat="45.805810000" lon="6.528650000">
        <ele>1234.000</ele>
      </trkpt>
      <trkpt lat="45.805840000" lon="6.528550000">
        <ele>1234.000</ele>
      </trkpt>
      <trkpt lat="45.805900000" lon="6.528450000">
        <ele>1233.000</ele>
      </trkpt>
      <trkpt lat="45.806110000" lon="6.528140000">
        <ele>1232.000</ele>
      </trkpt>
      <trkpt lat="45.806200000" lon="6.527980000">
        <ele>1230.000</ele>
      </trkpt>
      <trkpt lat="45.806330000" lon="6.527700000">
        <ele>1229.000</ele>
      </trkpt>
      <trkpt lat="45.806490000" lon="6.527350000">
        <ele>1227.000</ele>
      </trkpt>
      <trkpt lat="45.806530000" lon="6.527250000">
        <ele>1225.000</ele>
      </trkpt>
      <trkpt lat="45.806570000" lon="6.527160000">
        <ele>1224.000</ele>
      </trkpt>
      <trkpt lat="45.806600000" lon="6.527060000">
        <ele>1223.000</ele>
      </trkpt>
      <trkpt lat="45.806620000" lon="6.526960000">
        <ele>1222.000</ele>
      </trkpt>
      <trkpt lat="45.806640000" lon="6.526820000">
        <ele>1221.000</ele>
      </trkpt>
      <trkpt lat="45.806660000" lon="6.526710000">
        <ele>1220.000</ele>
      </trkpt>
      <trkpt lat="45.806670000" lon="6.526640000">
        <ele>1220.000</ele>
      </trkpt>
      <trkpt lat="45.806710000" lon="6.526540000">
        <ele>1219.000</ele>
      </trkpt>
      <trkpt lat="45.806800000" lon="6.526330000">
        <ele>1218.000</ele>
      </trkpt>
      <trkpt lat="45.806850000" lon="6.526210000">
        <ele>1217.000</ele>
      </trkpt>
      <trkpt lat="45.806910000" lon="6.525990000">
        <ele>1215.000</ele>
      </trkpt>
      <trkpt lat="45.806970000" lon="6.525750000">
        <ele>1214.000</ele>
      </trkpt>
      <trkpt lat="45.806990000" lon="6.525660000">
        <ele>1213.000</ele>
      </trkpt>
      <trkpt lat="45.807010000" lon="6.525600000">
        <ele>1212.000</ele>
      </trkpt>
      <trkpt lat="45.807030000" lon="6.525550000">
        <ele>1211.000</ele>
      </trkpt>
      <trkpt lat="45.807050000" lon="6.525500000">
        <ele>1210.000</ele>
      </trkpt>
      <trkpt lat="45.807100000" lon="6.525440000">
        <ele>1209.000</ele>
      </trkpt>
      <trkpt lat="45.807210000" lon="6.525280000">
        <ele>1208.000</ele>
      </trkpt>
      <trkpt lat="45.807340000" lon="6.525090000">
        <ele>1207.000</ele>
      </trkpt>
      <trkpt lat="45.807410000" lon="6.524970000">
        <ele>1206.000</ele>
      </trkpt>
      <trkpt lat="45.807470000" lon="6.524880000">
        <ele>1205.000</ele>
      </trkpt>
      <trkpt lat="45.807500000" lon="6.524850000">
        <ele>1204.000</ele>
      </trkpt>
      <trkpt lat="45.807530000" lon="6.524820000">
        <ele>1203.000</ele>
      </trkpt>
      <trkpt lat="45.807560000" lon="6.524800000">
        <ele>1202.000</ele>
      </trkpt>
      <trkpt lat="45.807610000" lon="6.524760000">
        <ele>1202.000</ele>
      </trkpt>
      <trkpt lat="45.807700000" lon="6.524710000">
        <ele>1201.000</ele>
      </trkpt>
      <trkpt lat="45.807830000" lon="6.524620000">
        <ele>1200.000</ele>
      </trkpt>
      <trkpt lat="45.808030000" lon="6.524440000">
        <ele>1199.000</ele>
      </trkpt>
      <trkpt lat="45.808140000" lon="6.524330000">
        <ele>1197.000</ele>
      </trkpt>
      <trkpt lat="45.808250000" lon="6.524210000">
        <ele>1196.000</ele>
      </trkpt>
      <trkpt lat="45.808300000" lon="6.524150000">
        <ele>1195.000</ele>
      </trkpt>
      <trkpt lat="45.808370000" lon="6.524050000">
        <ele>1194.000</ele>
      </trkpt>
      <trkpt lat="45.808430000" lon="6.523960000">
        <ele>1193.000</ele>
      </trkpt>
      <trkpt lat="45.808510000" lon="6.523810000">
        <ele>1192.000</ele>
      </trkpt>
      <trkpt lat="45.808610000" lon="6.523620000">
        <ele>1191.000</ele>
      </trkpt>
      <trkpt lat="45.808690000" lon="6.523480000">
        <ele>1190.000</ele>
      </trkpt>
      <trkpt lat="45.808710000" lon="6.523440000">
        <ele>1189.000</ele>
      </trkpt>
      <trkpt lat="45.808780000" lon="6.523290000">
        <ele>1188.000</ele>
      </trkpt>
      <trkpt lat="45.808840000" lon="6.523150000">
        <ele>1187.000</ele>
      </trkpt>
      <trkpt lat="45.808880000" lon="6.523020000">
        <ele>1186.000</ele>
      </trkpt>
      <trkpt lat="45.808900000" lon="6.522900000">
        <ele>1185.000</ele>
      </trkpt>
      <trkpt lat="45.808940000" lon="6.522700000">
        <ele>1184.000</ele>
      </trkpt>
      <trkpt lat="45.808970000" lon="6.522500000">
        <ele>1182.000</ele>
      </trkpt>
      <trkpt lat="45.809040000" lon="6.522090000">
        <ele>1181.000</ele>
      </trkpt>
      <trkpt lat="45.809060000" lon="6.521970000">
        <ele>1179.000</ele>
      </trkpt>
      <trkpt lat="45.809090000" lon="6.521870000">
        <ele>1178.000</ele>
      </trkpt>
      <trkpt lat="45.809110000" lon="6.521830000">
        <ele>1177.000</ele>
      </trkpt>
      <trkpt lat="45.809130000" lon="6.521800000">
        <ele>1176.000</ele>
      </trkpt>
      <trkpt lat="45.809150000" lon="6.521760000">
        <ele>1176.000</ele>
      </trkpt>
      <trkpt lat="45.809190000" lon="6.521730000">
        <ele>1175.000</ele>
      </trkpt>
      <trkpt lat="45.809240000" lon="6.521700000">
        <ele>1174.000</ele>
      </trkpt>
      <trkpt lat="45.809290000" lon="6.521680000">
        <ele>1174.000</ele>
      </trkpt>
      <trkpt lat="45.809340000" lon="6.521670000">
        <ele>1173.000</ele>
      </trkpt>
      <trkpt lat="45.809400000" lon="6.521650000">
        <ele>1173.000</ele>
      </trkpt>
      <trkpt lat="45.809440000" lon="6.521640000">
        <ele>1172.000</ele>
      </trkpt>
      <trkpt lat="45.809470000" lon="6.521620000">
        <ele>1172.000</ele>
      </trkpt>
      <trkpt lat="45.809500000" lon="6.521590000">
        <ele>1171.000</ele>
      </trkpt>
      <trkpt lat="45.809520000" lon="6.521560000">
        <ele>1171.000</ele>
      </trkpt>
      <trkpt lat="45.809520000" lon="6.521520000">
        <ele>1171.000</ele>
      </trkpt>
      <trkpt lat="45.809530000" lon="6.521490000">
        <ele>1170.000</ele>
      </trkpt>
      <trkpt lat="45.809530000" lon="6.521450000">
        <ele>1170.000</ele>
      </trkpt>
      <trkpt lat="45.809510000" lon="6.521420000">
        <ele>1170.000</ele>
      </trkpt>
      <trkpt lat="45.809500000" lon="6.521370000">
        <ele>1169.000</ele>
      </trkpt>
      <trkpt lat="45.809480000" lon="6.521330000">
        <ele>1169.000</ele>
      </trkpt>
      <trkpt lat="45.809440000" lon="6.521280000">
        <ele>1169.000</ele>
      </trkpt>
      <trkpt lat="45.809380000" lon="6.521220000">
        <ele>1168.000</ele>
      </trkpt>
      <trkpt lat="45.809260000" lon="6.521110000">
        <ele>1167.000</ele>
      </trkpt>
      <trkpt lat="45.809000000" lon="6.520860000">
        <ele>1166.000</ele>
      </trkpt>
      <trkpt lat="45.808970000" lon="6.520830000">
        <ele>1165.000</ele>
      </trkpt>
      <trkpt lat="45.808890000" lon="6.520760000">
        <ele>1164.000</ele>
      </trkpt>
      <trkpt lat="45.808830000" lon="6.520710000">
        <ele>1163.000</ele>
      </trkpt>
      <trkpt lat="45.808790000" lon="6.520680000">
        <ele>1162.000</ele>
      </trkpt>
      <trkpt lat="45.808720000" lon="6.520640000">
        <ele>1161.000</ele>
      </trkpt>
      <trkpt lat="45.808670000" lon="6.520630000">
        <ele>1161.000</ele>
      </trkpt>
      <trkpt lat="45.808610000" lon="6.520620000">
        <ele>1160.000</ele>
      </trkpt>
      <trkpt lat="45.808560000" lon="6.520620000">
        <ele>1160.000</ele>
      </trkpt>
      <trkpt lat="45.808500000" lon="6.520640000">
        <ele>1159.000</ele>
      </trkpt>
      <trkpt lat="45.808430000" lon="6.520660000">
        <ele>1159.000</ele>
      </trkpt>
      <trkpt lat="45.808350000" lon="6.520690000">
        <ele>1158.000</ele>
      </trkpt>
      <trkpt lat="45.808300000" lon="6.520700000">
        <ele>1157.000</ele>
      </trkpt>
      <trkpt lat="45.808260000" lon="6.520700000">
        <ele>1157.000</ele>
      </trkpt>
      <trkpt lat="45.808240000" lon="6.520690000">
        <ele>1157.000</ele>
      </trkpt>
      <trkpt lat="45.808210000" lon="6.520660000">
        <ele>1156.000</ele>
      </trkpt>
      <trkpt lat="45.808190000" lon="6.520630000">
        <ele>1156.000</ele>
      </trkpt>
      <trkpt lat="45.808180000" lon="6.520580000">
        <ele>1156.000</ele>
      </trkpt>
      <trkpt lat="45.808180000" lon="6.520540000">
        <ele>1155.000</ele>
      </trkpt>
      <trkpt lat="45.808190000" lon="6.520490000">
        <ele>1155.000</ele>
      </trkpt>
      <trkpt lat="45.808200000" lon="6.520460000">
        <ele>1155.000</ele>
      </trkpt>
      <trkpt lat="45.808230000" lon="6.520430000">
        <ele>1155.000</ele>
      </trkpt>
      <trkpt lat="45.808270000" lon="6.520400000">
        <ele>1154.000</ele>
      </trkpt>
      <trkpt lat="45.808320000" lon="6.520360000">
        <ele>1154.000</ele>
      </trkpt>
      <trkpt lat="45.808390000" lon="6.520320000">
        <ele>1153.000</ele>
      </trkpt>
      <trkpt lat="45.808510000" lon="6.520200000">
        <ele>1153.000</ele>
      </trkpt>
      <trkpt lat="45.808580000" lon="6.520130000">
        <ele>1152.000</ele>
      </trkpt>
      <trkpt lat="45.808600000" lon="6.520110000">
        <ele>1152.000</ele>
      </trkpt>
      <trkpt lat="45.808650000" lon="6.520070000">
        <ele>1151.000</ele>
      </trkpt>
      <trkpt lat="45.808730000" lon="6.520010000">
        <ele>1150.000</ele>
      </trkpt>
      <trkpt lat="45.808790000" lon="6.519980000">
        <ele>1150.000</ele>
      </trkpt>
      <trkpt lat="45.808860000" lon="6.519950000">
        <ele>1149.000</ele>
      </trkpt>
      <trkpt lat="45.808940000" lon="6.519930000">
        <ele>1149.000</ele>
      </trkpt>
      <trkpt lat="45.809010000" lon="6.519930000">
        <ele>1148.000</ele>
      </trkpt>
      <trkpt lat="45.809060000" lon="6.519930000">
        <ele>1148.000</ele>
      </trkpt>
      <trkpt lat="45.809150000" lon="6.519960000">
        <ele>1147.000</ele>
      </trkpt>
      <trkpt lat="45.809360000" lon="6.520040000">
        <ele>1146.000</ele>
      </trkpt>
      <trkpt lat="45.809470000" lon="6.520080000">
        <ele>1145.000</ele>
      </trkpt>
      <trkpt lat="45.809530000" lon="6.520100000">
        <ele>1145.000</ele>
      </trkpt>
      <trkpt lat="45.809590000" lon="6.520100000">
        <ele>1144.000</ele>
      </trkpt>
      <trkpt lat="45.809640000" lon="6.520090000">
        <ele>1144.000</ele>
      </trkpt>
      <trkpt lat="45.809680000" lon="6.520060000">
        <ele>1143.000</ele>
      </trkpt>
      <trkpt lat="45.809700000" lon="6.520020000">
        <ele>1143.000</ele>
      </trkpt>
      <trkpt lat="45.809720000" lon="6.519980000">
        <ele>1143.000</ele>
      </trkpt>
      <trkpt lat="45.809740000" lon="6.519850000">
        <ele>1142.000</ele>
      </trkpt>
      <trkpt lat="45.809710000" lon="6.519750000">
        <ele>1142.000</ele>
      </trkpt>
      <trkpt lat="45.809670000" lon="6.519660000">
        <ele>1141.000</ele>
      </trkpt>
      <trkpt lat="45.809470000" lon="6.519390000">
        <ele>1140.000</ele>
      </trkpt>
      <trkpt lat="45.809340000" lon="6.519210000">
        <ele>1139.000</ele>
      </trkpt>
      <trkpt lat="45.809230000" lon="6.519060000">
        <ele>1138.000</ele>
      </trkpt>
      <trkpt lat="45.808960000" lon="6.518680000">
        <ele>1137.000</ele>
      </trkpt>
      <trkpt lat="45.808770000" lon="6.518420000">
        <ele>1135.000</ele>
      </trkpt>
      <trkpt lat="45.808750000" lon="6.518390000">
        <ele>1134.000</ele>
      </trkpt>
      <trkpt lat="45.808700000" lon="6.518330000">
        <ele>1133.000</ele>
      </trkpt>
      <trkpt lat="45.808520000" lon="6.518060000">
        <ele>1132.000</ele>
      </trkpt>
      <trkpt lat="45.808400000" lon="6.517890000">
        <ele>1131.000</ele>
      </trkpt>
      <trkpt lat="45.808370000" lon="6.517850000">
        <ele>1130.000</ele>
      </trkpt>
      <trkpt lat="45.808320000" lon="6.517780000">
        <ele>1130.000</ele>
      </trkpt>
      <trkpt lat="45.808250000" lon="6.517700000">
        <ele>1129.000</ele>
      </trkpt>
      <trkpt lat="45.808020000" lon="6.517410000">
        <ele>1128.000</ele>
      </trkpt>
      <trkpt lat="45.807980000" lon="6.517340000">
        <ele>1128.000</ele>
      </trkpt>
      <trkpt lat="45.807940000" lon="6.517260000">
        <ele>1127.000</ele>
      </trkpt>
      <trkpt lat="45.807920000" lon="6.517210000">
        <ele>1127.000</ele>
      </trkpt>
      <trkpt lat="45.807900000" lon="6.517100000">
        <ele>1126.000</ele>
      </trkpt>
      <trkpt lat="45.807900000" lon="6.517040000">
        <ele>1126.000</ele>
      </trkpt>
      <trkpt lat="45.807900000" lon="6.516990000">
        <ele>1125.000</ele>
      </trkpt>
      <trkpt lat="45.807920000" lon="6.516930000">
        <ele>1125.000</ele>
      </trkpt>
      <trkpt lat="45.807940000" lon="6.516880000">
        <ele>1125.000</ele>
      </trkpt>
      <trkpt lat="45.808000000" lon="6.516820000">
        <ele>1124.000</ele>
      </trkpt>
      <trkpt lat="45.808210000" lon="6.516630000">
        <ele>1124.000</ele>
      </trkpt>
      <trkpt lat="45.808360000" lon="6.516510000">
        <ele>1123.000</ele>
      </trkpt>
      <trkpt lat="45.808460000" lon="6.516440000">
        <ele>1122.000</ele>
      </trkpt>
      <trkpt lat="45.808530000" lon="6.516380000">
        <ele>1122.000</ele>
      </trkpt>
      <trkpt lat="45.808780000" lon="6.516170000">
        <ele>1121.000</ele>
      </trkpt>
      <trkpt lat="45.808810000" lon="6.516150000">
        <ele>1120.000</ele>
      </trkpt>
      <trkpt lat="45.808960000" lon="6.516030000">
        <ele>1119.000</ele>
      </trkpt>
      <trkpt lat="45.809090000" lon="6.515920000">
        <ele>1118.000</ele>
      </trkpt>
      <trkpt lat="45.809200000" lon="6.515860000">
        <ele>1117.000</ele>
      </trkpt>
      <trkpt lat="45.809280000" lon="6.515840000">
        <ele>1117.000</ele>
      </trkpt>
      <trkpt lat="45.809340000" lon="6.515840000">
        <ele>1116.000</ele>
      </trkpt>
      <trkpt lat="45.809400000" lon="6.515870000">
        <ele>1116.000</ele>
      </trkpt>
      <trkpt lat="45.809630000" lon="6.515970000">
        <ele>1115.000</ele>
      </trkpt>
      <trkpt lat="45.809670000" lon="6.515980000">
        <ele>1114.000</ele>
      </trkpt>
      <trkpt lat="45.809710000" lon="6.515990000">
        <ele>1114.000</ele>
      </trkpt>
      <trkpt lat="45.809800000" lon="6.516000000">
        <ele>1113.000</ele>
      </trkpt>
      <trkpt lat="45.809900000" lon="6.515990000">
        <ele>1113.000</ele>
      </trkpt>
      <trkpt lat="45.809970000" lon="6.515960000">
        <ele>1112.000</ele>
      </trkpt>
      <trkpt lat="45.810050000" lon="6.515920000">
        <ele>1112.000</ele>
      </trkpt>
      <trkpt lat="45.810140000" lon="6.515820000">
        <ele>1111.000</ele>
      </trkpt>
      <trkpt lat="45.810290000" lon="6.515640000">
        <ele>1111.000</ele>
      </trkpt>
      <trkpt lat="45.810360000" lon="6.515560000">
        <ele>1110.000</ele>
      </trkpt>
      <trkpt lat="45.810420000" lon="6.515500000">
        <ele>1110.000</ele>
      </trkpt>
      <trkpt lat="45.810490000" lon="6.515460000">
        <ele>1110.000</ele>
      </trkpt>
      <trkpt lat="45.810580000" lon="6.515430000">
        <ele>1109.000</ele>
      </trkpt>
      <trkpt lat="45.810660000" lon="6.515420000">
        <ele>1109.000</ele>
      </trkpt>
      <trkpt lat="45.810740000" lon="6.515430000">
        <ele>1109.000</ele>
      </trkpt>
      <trkpt lat="45.810850000" lon="6.515470000">
        <ele>1108.000</ele>
      </trkpt>
      <trkpt lat="45.811160000" lon="6.515580000">
        <ele>1108.000</ele>
      </trkpt>
      <trkpt lat="45.811370000" lon="6.515690000">
        <ele>1107.000</ele>
      </trkpt>
      <trkpt lat="45.812550000" lon="6.516550000">
        <ele>1105.000</ele>
      </trkpt>
      <trkpt lat="45.812800000" lon="6.516750000">
        <ele>1103.000</ele>
      </trkpt>
      <trkpt lat="45.813030000" lon="6.517030000">
        <ele>1100.000</ele>
      </trkpt>
      <trkpt lat="45.813230000" lon="6.517320000">
        <ele>1098.000</ele>
      </trkpt>
      <trkpt lat="45.813460000" lon="6.517600000">
        <ele>1096.000</ele>
      </trkpt>
      <trkpt lat="45.813910000" lon="6.518070000">
        <ele>1093.000</ele>
      </trkpt>
      <trkpt lat="45.814030000" lon="6.518250000">
        <ele>1091.000</ele>
      </trkpt>
      <trkpt lat="45.814170000" lon="6.518530000">
        <ele>1089.000</ele>
      </trkpt>
      <trkpt lat="45.814390000" lon="6.518920000">
        <ele>1088.000</ele>
      </trkpt>
      <trkpt lat="45.814620000" lon="6.519360000">
        <ele>1087.000</ele>
      </trkpt>
      <trkpt lat="45.814860000" lon="6.519800000">
        <ele>1086.000</ele>
      </trkpt>
      <trkpt lat="45.815010000" lon="6.520050000">
        <ele>1085.000</ele>
      </trkpt>
      <trkpt lat="45.815270000" lon="6.520450000">
        <ele>1084.000</ele>
      </trkpt>
      <trkpt lat="45.815370000" lon="6.520630000">
        <ele>1083.000</ele>
      </trkpt>
      <trkpt lat="45.815480000" lon="6.520840000">
        <ele>1082.000</ele>
      </trkpt>
      <trkpt lat="45.815660000" lon="6.521160000">
        <ele>1080.000</ele>
      </trkpt>
      <trkpt lat="45.815870000" lon="6.521520000">
        <ele>1078.000</ele>
      </trkpt>
      <trkpt lat="45.816010000" lon="6.521830000">
        <ele>1075.000</ele>
      </trkpt>
      <trkpt lat="45.816240000" lon="6.522410000">
        <ele>1072.000</ele>
      </trkpt>
      <trkpt lat="45.816350000" lon="6.522750000">
        <ele>1069.000</ele>
      </trkpt>
      <trkpt lat="45.816520000" lon="6.523510000">
        <ele>1066.000</ele>
      </trkpt>
      <trkpt lat="45.816540000" lon="6.523500000">
        <ele>1064.000</ele>
      </trkpt>
      <trkpt lat="45.816650000" lon="6.523440000">
        <ele>1063.000</ele>
      </trkpt>
      <trkpt lat="45.816700000" lon="6.523370000">
        <ele>1061.000</ele>
      </trkpt>
      <trkpt lat="45.816720000" lon="6.523280000">
        <ele>1060.000</ele>
      </trkpt>
      <trkpt lat="45.816730000" lon="6.523200000">
        <ele>1060.000</ele>
      </trkpt>
      <trkpt lat="45.816720000" lon="6.523080000">
        <ele>1059.000</ele>
      </trkpt>
      <trkpt lat="45.816690000" lon="6.522880000">
        <ele>1058.000</ele>
      </trkpt>
      <trkpt lat="45.816640000" lon="6.522610000">
        <ele>1058.000</ele>
      </trkpt>
      <trkpt lat="45.816560000" lon="6.522400000">
        <ele>1057.000</ele>
      </trkpt>
      <trkpt lat="45.816430000" lon="6.522100000">
        <ele>1056.000</ele>
      </trkpt>
      <trkpt lat="45.816360000" lon="6.521900000">
        <ele>1055.000</ele>
      </trkpt>
      <trkpt lat="45.816290000" lon="6.521630000">
        <ele>1054.000</ele>
      </trkpt>
      <trkpt lat="45.816240000" lon="6.521340000">
        <ele>1053.000</ele>
      </trkpt>
      <trkpt lat="45.816170000" lon="6.521100000">
        <ele>1053.000</ele>
      </trkpt>
      <trkpt lat="45.816100000" lon="6.520970000">
        <ele>1053.000</ele>
      </trkpt>
      <trkpt lat="45.815980000" lon="6.520730000">
        <ele>1052.000</ele>
      </trkpt>
      <trkpt lat="45.815940000" lon="6.520600000">
        <ele>1052.000</ele>
      </trkpt>
      <trkpt lat="45.815810000" lon="6.519950000">
        <ele>1052.000</ele>
      </trkpt>
      <trkpt lat="45.815770000" lon="6.519800000">
        <ele>1052.000</ele>
      </trkpt>
      <trkpt lat="45.815720000" lon="6.519700000">
        <ele>1052.000</ele>
      </trkpt>
      <trkpt lat="45.815570000" lon="6.519410000">
        <ele>1052.000</ele>
      </trkpt>
      <trkpt lat="45.815390000" lon="6.519030000">
        <ele>1050.000</ele>
      </trkpt>
      <trkpt lat="45.814940000" lon="6.518130000">
        <ele>1046.000</ele>
      </trkpt>
      <trkpt lat="45.814920000" lon="6.518060000">
        <ele>1043.000</ele>
      </trkpt>
      <trkpt lat="45.814870000" lon="6.517850000">
        <ele>1040.000</ele>
      </trkpt>
      <trkpt lat="45.814780000" lon="6.517350000">
        <ele>1037.000</ele>
      </trkpt>
      <trkpt lat="45.814730000" lon="6.517190000">
        <ele>1034.000</ele>
      </trkpt>
      <trkpt lat="45.814660000" lon="6.517010000">
        <ele>1031.000</ele>
      </trkpt>
      <trkpt lat="45.814260000" lon="6.516140000">
        <ele>1028.000</ele>
      </trkpt>
      <trkpt lat="45.814150000" lon="6.515850000">
        <ele>1024.000</ele>
      </trkpt>
      <trkpt lat="45.814060000" lon="6.515600000">
        <ele>1021.000</ele>
      </trkpt>
      <trkpt lat="45.813990000" lon="6.515390000">
        <ele>1019.000</ele>
      </trkpt>
      <trkpt lat="45.813910000" lon="6.515130000">
        <ele>1017.000</ele>
      </trkpt>
      <trkpt lat="45.813830000" lon="6.514940000">
        <ele>1015.000</ele>
      </trkpt>
      <trkpt lat="45.813750000" lon="6.514760000">
        <ele>1013.000</ele>
      </trkpt>
      <trkpt lat="45.813630000" lon="6.514520000">
        <ele>1011.000</ele>
      </trkpt>
      <trkpt lat="45.813440000" lon="6.514090000">
        <ele>1010.000</ele>
      </trkpt>
      <trkpt lat="45.813370000" lon="6.513990000">
        <ele>1008.000</ele>
      </trkpt>
      <trkpt lat="45.813300000" lon="6.513890000">
        <ele>1007.000</ele>
      </trkpt>
      <trkpt lat="45.812970000" lon="6.513670000">
        <ele>1006.000</ele>
      </trkpt>
      <trkpt lat="45.812910000" lon="6.513630000">
        <ele>1005.000</ele>
      </trkpt>
      <trkpt lat="45.812860000" lon="6.513560000">
        <ele>1004.000</ele>
      </trkpt>
      <trkpt lat="45.812850000" lon="6.513490000">
        <ele>1003.000</ele>
      </trkpt>
      <trkpt lat="45.812860000" lon="6.513410000">
        <ele>1002.000</ele>
      </trkpt>
      <trkpt lat="45.812890000" lon="6.513330000">
        <ele>1002.000</ele>
      </trkpt>
      <trkpt lat="45.812960000" lon="6.513310000">
        <ele>1001.000</ele>
      </trkpt>
      <trkpt lat="45.813020000" lon="6.513330000">
        <ele>1001.000</ele>
      </trkpt>
      <trkpt lat="45.813070000" lon="6.513370000">
        <ele>1001.000</ele>
      </trkpt>
      <trkpt lat="45.813500000" lon="6.513820000">
        <ele>999.000</ele>
      </trkpt>
      <trkpt lat="45.813830000" lon="6.514090000">
        <ele>998.000</ele>
      </trkpt>
      <trkpt lat="45.814570000" lon="6.514890000">
        <ele>995.000</ele>
      </trkpt>
      <trkpt lat="45.814900000" lon="6.515370000">
        <ele>993.000</ele>
      </trkpt>
      <trkpt lat="45.814990000" lon="6.515480000">
        <ele>991.000</ele>
      </trkpt>
      <trkpt lat="45.815100000" lon="6.515600000">
        <ele>989.000</ele>
      </trkpt>
      <trkpt lat="45.815190000" lon="6.515680000">
        <ele>987.000</ele>
      </trkpt>
      <trkpt lat="45.815280000" lon="6.515730000">
        <ele>985.000</ele>
      </trkpt>
      <trkpt lat="45.815280000" lon="6.515730000">
        <ele>984.000</ele>
      </trkpt>
      <trkpt lat="45.815320000" lon="6.515740000">
        <ele>983.000</ele>
      </trkpt>
      <trkpt lat="45.815420000" lon="6.515800000">
        <ele>981.000</ele>
      </trkpt>
      <trkpt lat="45.815730000" lon="6.516000000">
        <ele>978.000</ele>
      </trkpt>
      <trkpt lat="45.816010000" lon="6.516340000">
        <ele>974.000</ele>
      </trkpt>
      <trkpt lat="45.816100000" lon="6.516390000">
        <ele>971.000</ele>
      </trkpt>
      <trkpt lat="45.816210000" lon="6.516420000">
        <ele>968.000</ele>
      </trkpt>
      <trkpt lat="45.816290000" lon="6.516480000">
        <ele>965.000</ele>
      </trkpt>
      <trkpt lat="45.816370000" lon="6.516550000">
        <ele>963.000</ele>
      </trkpt>
      <trkpt lat="45.816590000" lon="6.516970000">
        <ele>959.000</ele>
      </trkpt>
      <trkpt lat="45.816910000" lon="6.517290000">
        <ele>956.000</ele>
      </trkpt>
      <trkpt lat="45.816970000" lon="6.517330000">
        <ele>954.000</ele>
      </trkpt>
      <trkpt lat="45.817010000" lon="6.517350000">
        <ele>952.000</ele>
      </trkpt>
      <trkpt lat="45.817070000" lon="6.517350000">
        <ele>951.000</ele>
      </trkpt>
      <trkpt lat="45.817120000" lon="6.517340000">
        <ele>951.000</ele>
      </trkpt>
      <trkpt lat="45.817180000" lon="6.517300000">
        <ele>950.000</ele>
      </trkpt>
      <trkpt lat="45.817230000" lon="6.517230000">
        <ele>950.000</ele>
      </trkpt>
      <trkpt lat="45.817260000" lon="6.517150000">
        <ele>949.000</ele>
      </trkpt>
      <trkpt lat="45.817270000" lon="6.517040000">
        <ele>949.000</ele>
      </trkpt>
      <trkpt lat="45.817270000" lon="6.516940000">
        <ele>948.000</ele>
      </trkpt>
      <trkpt lat="45.817250000" lon="6.516770000">
        <ele>948.000</ele>
      </trkpt>
      <trkpt lat="45.817190000" lon="6.516570000">
        <ele>948.000</ele>
      </trkpt>
      <trkpt lat="45.817140000" lon="6.516440000">
        <ele>947.000</ele>
      </trkpt>
      <trkpt lat="45.817070000" lon="6.516340000">
        <ele>947.000</ele>
      </trkpt>
      <trkpt lat="45.817010000" lon="6.516300000">
        <ele>946.000</ele>
      </trkpt>
      <trkpt lat="45.816950000" lon="6.516280000">
        <ele>946.000</ele>
      </trkpt>
      <trkpt lat="45.816890000" lon="6.516290000">
        <ele>946.000</ele>
      </trkpt>
      <trkpt lat="45.816740000" lon="6.516370000">
        <ele>945.000</ele>
      </trkpt>
      <trkpt lat="45.816700000" lon="6.516360000">
        <ele>945.000</ele>
      </trkpt>
      <trkpt lat="45.816670000" lon="6.516340000">
        <ele>945.000</ele>
      </trkpt>
      <trkpt lat="45.816630000" lon="6.516320000">
        <ele>944.000</ele>
      </trkpt>
      <trkpt lat="45.816610000" lon="6.516280000">
        <ele>944.000</ele>
      </trkpt>
      <trkpt lat="45.816600000" lon="6.516230000">
        <ele>944.000</ele>
      </trkpt>
      <trkpt lat="45.816610000" lon="6.516190000">
        <ele>943.000</ele>
      </trkpt>
      <trkpt lat="45.816630000" lon="6.516150000">
        <ele>943.000</ele>
      </trkpt>
      <trkpt lat="45.816680000" lon="6.516130000">
        <ele>942.000</ele>
      </trkpt>
      <trkpt lat="45.816780000" lon="6.516140000">
        <ele>942.000</ele>
      </trkpt>
      <trkpt lat="45.816880000" lon="6.516120000">
        <ele>941.000</ele>
      </trkpt>
      <trkpt lat="45.817010000" lon="6.516070000">
        <ele>940.000</ele>
      </trkpt>
      <trkpt lat="45.817090000" lon="6.516060000">
        <ele>939.000</ele>
      </trkpt>
      <trkpt lat="45.817170000" lon="6.516080000">
        <ele>938.000</ele>
      </trkpt>
      <trkpt lat="45.817250000" lon="6.516120000">
        <ele>937.000</ele>
      </trkpt>
      <trkpt lat="45.817390000" lon="6.516250000">
        <ele>936.000</ele>
      </trkpt>
      <trkpt lat="45.817450000" lon="6.516350000">
        <ele>935.000</ele>
      </trkpt>
      <trkpt lat="45.817490000" lon="6.516430000">
        <ele>934.000</ele>
      </trkpt>
      <trkpt lat="45.817530000" lon="6.516580000">
        <ele>933.000</ele>
      </trkpt>
      <trkpt lat="45.817550000" lon="6.516630000">
        <ele>932.000</ele>
      </trkpt>
      <trkpt lat="45.817580000" lon="6.516670000">
        <ele>931.000</ele>
      </trkpt>
      <trkpt lat="45.817600000" lon="6.516680000">
        <ele>930.000</ele>
      </trkpt>
      <trkpt lat="45.817660000" lon="6.516700000">
        <ele>930.000</ele>
      </trkpt>
      <trkpt lat="45.817710000" lon="6.516660000">
        <ele>929.000</ele>
      </trkpt>
      <trkpt lat="45.817730000" lon="6.516630000">
        <ele>929.000</ele>
      </trkpt>
      <trkpt lat="45.817730000" lon="6.516590000">
        <ele>928.000</ele>
      </trkpt>
      <trkpt lat="45.817730000" lon="6.516540000">
        <ele>928.000</ele>
      </trkpt>
      <trkpt lat="45.817700000" lon="6.516500000">
        <ele>927.000</ele>
      </trkpt>
      <trkpt lat="45.817570000" lon="6.516310000">
        <ele>926.000</ele>
      </trkpt>
      <trkpt lat="45.817550000" lon="6.516250000">
        <ele>926.000</ele>
      </trkpt>
      <trkpt lat="45.817540000" lon="6.516190000">
        <ele>925.000</ele>
      </trkpt>
      <trkpt lat="45.817550000" lon="6.516120000">
        <ele>924.000</ele>
      </trkpt>
      <trkpt lat="45.817570000" lon="6.516090000">
        <ele>924.000</ele>
      </trkpt>
      <trkpt lat="45.817610000" lon="6.516080000">
        <ele>924.000</ele>
      </trkpt>
      <trkpt lat="45.817630000" lon="6.516080000">
        <ele>923.000</ele>
      </trkpt>
      <trkpt lat="45.817670000" lon="6.516100000">
        <ele>923.000</ele>
      </trkpt>
      <trkpt lat="45.817700000" lon="6.516140000">
        <ele>923.000</ele>
      </trkpt>
      <trkpt lat="45.817730000" lon="6.516220000">
        <ele>922.000</ele>
      </trkpt>
      <trkpt lat="45.817750000" lon="6.516370000">
        <ele>922.000</ele>
      </trkpt>
      <trkpt lat="45.817770000" lon="6.516410000">
        <ele>921.000</ele>
      </trkpt>
      <trkpt lat="45.817790000" lon="6.516450000">
        <ele>921.000</ele>
      </trkpt>
      <trkpt lat="45.817810000" lon="6.516470000">
        <ele>920.000</ele>
      </trkpt>
      <trkpt lat="45.817840000" lon="6.516480000">
        <ele>920.000</ele>
      </trkpt>
      <trkpt lat="45.817860000" lon="6.516480000">
        <ele>920.000</ele>
      </trkpt>
      <trkpt lat="45.817890000" lon="6.516450000">
        <ele>920.000</ele>
      </trkpt>
      <trkpt lat="45.817900000" lon="6.516410000">
        <ele>919.000</ele>
      </trkpt>
      <trkpt lat="45.817910000" lon="6.516340000">
        <ele>919.000</ele>
      </trkpt>
      <trkpt lat="45.817880000" lon="6.516260000">
        <ele>919.000</ele>
      </trkpt>
      <trkpt lat="45.817750000" lon="6.516060000">
        <ele>918.000</ele>
      </trkpt>
      <trkpt lat="45.817740000" lon="6.516010000">
        <ele>917.000</ele>
      </trkpt>
      <trkpt lat="45.817740000" lon="6.515940000">
        <ele>917.000</ele>
      </trkpt>
      <trkpt lat="45.817780000" lon="6.515900000">
        <ele>916.000</ele>
      </trkpt>
      <trkpt lat="45.817810000" lon="6.515890000">
        <ele>916.000</ele>
      </trkpt>
      <trkpt lat="45.817850000" lon="6.515910000">
        <ele>916.000</ele>
      </trkpt>
      <trkpt lat="45.817890000" lon="6.515950000">
        <ele>915.000</ele>
      </trkpt>
      <trkpt lat="45.817910000" lon="6.516020000">
        <ele>915.000</ele>
      </trkpt>
      <trkpt lat="45.817960000" lon="6.516200000">
        <ele>914.000</ele>
      </trkpt>
      <trkpt lat="45.817970000" lon="6.516310000">
        <ele>913.000</ele>
      </trkpt>
      <trkpt lat="45.818000000" lon="6.516420000">
        <ele>913.000</ele>
      </trkpt>
      <trkpt lat="45.818020000" lon="6.516440000">
        <ele>912.000</ele>
      </trkpt>
      <trkpt lat="45.818060000" lon="6.516460000">
        <ele>912.000</ele>
      </trkpt>
      <trkpt lat="45.818100000" lon="6.516460000">
        <ele>911.000</ele>
      </trkpt>
      <trkpt lat="45.818480000" lon="6.516340000">
        <ele>910.000</ele>
      </trkpt>
      <trkpt lat="45.818500000" lon="6.516340000">
        <ele>909.000</ele>
      </trkpt>
      <trkpt lat="45.818520000" lon="6.516330000">
        <ele>909.000</ele>
      </trkpt>
      <trkpt lat="45.818570000" lon="6.516280000">
        <ele>909.000</ele>
      </trkpt>
      <trkpt lat="45.818630000" lon="6.516280000">
        <ele>909.000</ele>
      </trkpt>
      <trkpt lat="45.818950000" lon="6.516180000">
        <ele>910.000</ele>
      </trkpt>
      <trkpt lat="45.818960000" lon="6.516170000">
        <ele>910.000</ele>
      </trkpt>
      <trkpt lat="45.818980000" lon="6.516160000">
        <ele>911.000</ele>
      </trkpt>
      <trkpt lat="45.818990000" lon="6.516140000">
        <ele>911.000</ele>
      </trkpt>
      <trkpt lat="45.819000000" lon="6.516110000">
        <ele>912.000</ele>
      </trkpt>
      <trkpt lat="45.819060000" lon="6.516130000">
        <ele>912.000</ele>
      </trkpt>
      <trkpt lat="45.819230000" lon="6.516200000">
        <ele>913.000</ele>
      </trkpt>
      <trkpt lat="45.819310000" lon="6.516230000">
        <ele>914.000</ele>
      </trkpt>
      <trkpt lat="45.819450000" lon="6.516280000">
        <ele>915.000</ele>
      </trkpt>
      <trkpt lat="45.819560000" lon="6.516320000">
        <ele>915.000</ele>
      </trkpt>
      <trkpt lat="45.819630000" lon="6.516330000">
        <ele>916.000</ele>
      </trkpt>
      <trkpt lat="45.819710000" lon="6.516300000">
        <ele>917.000</ele>
      </trkpt>
      <trkpt lat="45.819840000" lon="6.516230000">
        <ele>918.000</ele>
      </trkpt>
      <trkpt lat="45.819970000" lon="6.516130000">
        <ele>919.000</ele>
      </trkpt>
      <trkpt lat="45.820010000" lon="6.516070000">
        <ele>920.000</ele>
      </trkpt>
      <trkpt lat="45.820080000" lon="6.515970000">
        <ele>921.000</ele>
      </trkpt>
      <trkpt lat="45.820150000" lon="6.515830000">
        <ele>922.000</ele>
      </trkpt>
      <trkpt lat="45.820190000" lon="6.515740000">
        <ele>923.000</ele>
      </trkpt>
      <trkpt lat="45.820230000" lon="6.515550000">
        <ele>924.000</ele>
      </trkpt>
      <trkpt lat="45.820280000" lon="6.515420000">
        <ele>925.000</ele>
      </trkpt>
      <trkpt lat="45.820380000" lon="6.515250000">
        <ele>926.000</ele>
      </trkpt>
      <trkpt lat="45.820540000" lon="6.515060000">
        <ele>927.000</ele>
      </trkpt>
      <trkpt lat="45.820610000" lon="6.514970000">
        <ele>929.000</ele>
      </trkpt>
      <trkpt lat="45.820700000" lon="6.514890000">
        <ele>930.000</ele>
      </trkpt>
      <trkpt lat="45.820860000" lon="6.514770000">
        <ele>931.000</ele>
      </trkpt>
      <trkpt lat="45.820940000" lon="6.514710000">
        <ele>933.000</ele>
      </trkpt>
      <trkpt lat="45.821060000" lon="6.514630000">
        <ele>934.000</ele>
      </trkpt>
      <trkpt lat="45.821370000" lon="6.514490000">
        <ele>936.000</ele>
      </trkpt>
      <trkpt lat="45.821490000" lon="6.514410000">
        <ele>938.000</ele>
      </trkpt>
      <trkpt lat="45.821600000" lon="6.514290000">
        <ele>939.000</ele>
      </trkpt>
      <trkpt lat="45.821840000" lon="6.513960000">
        <ele>941.000</ele>
      </trkpt>
      <trkpt lat="45.821910000" lon="6.513850000">
        <ele>942.000</ele>
      </trkpt>
      <trkpt lat="45.821990000" lon="6.513730000">
        <ele>943.000</ele>
      </trkpt>
      <trkpt lat="45.822180000" lon="6.513400000">
        <ele>943.000</ele>
      </trkpt>
      <trkpt lat="45.822270000" lon="6.513230000">
        <ele>944.000</ele>
      </trkpt>
      <trkpt lat="45.822320000" lon="6.513100000">
        <ele>945.000</ele>
      </trkpt>
      <trkpt lat="45.822350000" lon="6.512980000">
        <ele>945.000</ele>
      </trkpt>
      <trkpt lat="45.822380000" lon="6.512840000">
        <ele>945.000</ele>
      </trkpt>
      <trkpt lat="45.822390000" lon="6.512660000">
        <ele>946.000</ele>
      </trkpt>
      <trkpt lat="45.822430000" lon="6.512520000">
        <ele>946.000</ele>
      </trkpt>
      <trkpt lat="45.822490000" lon="6.512390000">
        <ele>947.000</ele>
      </trkpt>
      <trkpt lat="45.822750000" lon="6.511950000">
        <ele>947.000</ele>
      </trkpt>
      <trkpt lat="45.822820000" lon="6.511850000">
        <ele>948.000</ele>
      </trkpt>
      <trkpt lat="45.822870000" lon="6.511820000">
        <ele>949.000</ele>
      </trkpt>
      <trkpt lat="45.822910000" lon="6.511800000">
        <ele>950.000</ele>
      </trkpt>
      <trkpt lat="45.822970000" lon="6.511790000">
        <ele>951.000</ele>
      </trkpt>
      <trkpt lat="45.823000000" lon="6.511800000">
        <ele>951.000</ele>
      </trkpt>
      <trkpt lat="45.823060000" lon="6.511820000">
        <ele>952.000</ele>
      </trkpt>
      <trkpt lat="45.823110000" lon="6.511860000">
        <ele>953.000</ele>
      </trkpt>
      <trkpt lat="45.823190000" lon="6.511960000">
        <ele>954.000</ele>
      </trkpt>
      <trkpt lat="45.823270000" lon="6.512100000">
        <ele>955.000</ele>
      </trkpt>
      <trkpt lat="45.823400000" lon="6.512360000">
        <ele>957.000</ele>
      </trkpt>
      <trkpt lat="45.823630000" lon="6.512730000">
        <ele>960.000</ele>
      </trkpt>
      <trkpt lat="45.823700000" lon="6.512830000">
        <ele>963.000</ele>
      </trkpt>
      <trkpt lat="45.823750000" lon="6.512850000">
        <ele>965.000</ele>
      </trkpt>
      <trkpt lat="45.823780000" lon="6.512850000">
        <ele>966.000</ele>
      </trkpt>
      <trkpt lat="45.823810000" lon="6.512830000">
        <ele>968.000</ele>
      </trkpt>
      <trkpt lat="45.823850000" lon="6.512790000">
        <ele>969.000</ele>
      </trkpt>
      <trkpt lat="45.823890000" lon="6.512720000">
        <ele>970.000</ele>
      </trkpt>
      <trkpt lat="45.823920000" lon="6.512640000">
        <ele>970.000</ele>
      </trkpt>
      <trkpt lat="45.823960000" lon="6.512490000">
        <ele>972.000</ele>
      </trkpt>
      <trkpt lat="45.824000000" lon="6.512370000">
        <ele>973.000</ele>
      </trkpt>
      <trkpt lat="45.824110000" lon="6.512200000">
        <ele>974.680</ele>
      </trkpt>
      <trkpt lat="45.824250000" lon="6.512040000">
        <ele>976.050</ele>
      </trkpt>
      <trkpt lat="45.824330000" lon="6.511980000">
        <ele>976.740</ele>
      </trkpt>
      <trkpt lat="45.824510000" lon="6.511870000">
        <ele>978.230</ele>
      </trkpt>
      <trkpt lat="45.824670000" lon="6.511790000">
        <ele>979.530</ele>
      </trkpt>
      <trkpt lat="45.824770000" lon="6.511750000">
        <ele>980.320</ele>
      </trkpt>
      <trkpt lat="45.824850000" lon="6.511680000">
        <ele>981.040</ele>
      </trkpt>
      <trkpt lat="45.824940000" lon="6.511530000">
        <ele>982.090</ele>
      </trkpt>
      <trkpt lat="45.825160000" lon="6.511070000">
        <ele>985.060</ele>
      </trkpt>
      <trkpt lat="45.825180000" lon="6.511030000">
        <ele>985.320</ele>
      </trkpt>
      <trkpt lat="45.825220000" lon="6.510970000">
        <ele>985.760</ele>
      </trkpt>
      <trkpt lat="45.825230000" lon="6.510960000">
        <ele>985.860</ele>
      </trkpt>
      <trkpt lat="45.825290000" lon="6.510900000">
        <ele>986.410</ele>
      </trkpt>
      <trkpt lat="45.825300000" lon="6.510880000">
        <ele>986.540</ele>
      </trkpt>
      <trkpt lat="45.825370000" lon="6.510830000">
        <ele>987.140</ele>
      </trkpt>
      <trkpt lat="45.825430000" lon="6.510790000">
        <ele>987.650</ele>
      </trkpt>
      <trkpt lat="45.825580000" lon="6.510710000">
        <ele>988.870</ele>
      </trkpt>
      <trkpt lat="45.825860000" lon="6.510520000">
        <ele>991.230</ele>
      </trkpt>
      <trkpt lat="45.825980000" lon="6.510410000">
        <ele>992.320</ele>
      </trkpt>
      <trkpt lat="45.826090000" lon="6.510320000">
        <ele>993.290</ele>
      </trkpt>
      <trkpt lat="45.826190000" lon="6.510250000">
        <ele>994.140</ele>
      </trkpt>
      <trkpt lat="45.826260000" lon="6.510180000">
        <ele>994.790</ele>
      </trkpt>
      <trkpt lat="45.826380000" lon="6.510040000">
        <ele>995.970</ele>
      </trkpt>
      <trkpt lat="45.826460000" lon="6.509980000">
        <ele>996.660</ele>
      </trkpt>
      <trkpt lat="45.826540000" lon="6.509950000">
        <ele>997.290</ele>
      </trkpt>
      <trkpt lat="45.826590000" lon="6.509950000">
        <ele>997.670</ele>
      </trkpt>
      <trkpt lat="45.826640000" lon="6.509970000">
        <ele>998.070</ele>
      </trkpt>
      <trkpt lat="45.826950000" lon="6.510220000">
        <ele>1000.790</ele>
      </trkpt>
      <trkpt lat="45.827000000" lon="6.510260000">
        <ele>1001.220</ele>
      </trkpt>
      <trkpt lat="45.827040000" lon="6.510260000">
        <ele>1001.530</ele>
      </trkpt>
      <trkpt lat="45.827150000" lon="6.510270000">
        <ele>1002.370</ele>
      </trkpt>
      <trkpt lat="45.827270000" lon="6.510250000">
        <ele>1003.290</ele>
      </trkpt>
      <trkpt lat="45.827510000" lon="6.510240000">
        <ele>1005.130</ele>
      </trkpt>
      <trkpt lat="45.827770000" lon="6.510200000">
        <ele>1007.120</ele>
      </trkpt>
      <trkpt lat="45.827910000" lon="6.510210000">
        <ele>1008.190</ele>
      </trkpt>
      <trkpt lat="45.827970000" lon="6.510190000">
        <ele>1008.660</ele>
      </trkpt>
      <trkpt lat="45.828060000" lon="6.510160000">
        <ele>1009.370</ele>
      </trkpt>
      <trkpt lat="45.828180000" lon="6.510080000">
        <ele>1010.380</ele>
      </trkpt>
      <trkpt lat="45.828260000" lon="6.510060000">
        <ele>1011.000</ele>
      </trkpt>
      <trkpt lat="45.828320000" lon="6.510060000">
        <ele>1011.460</ele>
      </trkpt>
      <trkpt lat="45.828410000" lon="6.510120000">
        <ele>1012.220</ele>
      </trkpt>
      <trkpt lat="45.828560000" lon="6.510170000">
        <ele>1013.390</ele>
      </trkpt>
      <trkpt lat="45.828650000" lon="6.510170000">
        <ele>1014.080</ele>
      </trkpt>
      <trkpt lat="45.828770000" lon="6.510150000">
        <ele>1015.000</ele>
      </trkpt>
      <trkpt lat="45.828830000" lon="6.510140000">
        <ele>1015.460</ele>
      </trkpt>
      <trkpt lat="45.828970000" lon="6.510110000">
        <ele>1016.550</ele>
      </trkpt>
      <trkpt lat="45.829040000" lon="6.510070000">
        <ele>1017.120</ele>
      </trkpt>
      <trkpt lat="45.829170000" lon="6.509990000">
        <ele>1018.200</ele>
      </trkpt>
      <trkpt lat="45.829220000" lon="6.509980000">
        <ele>1018.590</ele>
      </trkpt>
      <trkpt lat="45.829270000" lon="6.509980000">
        <ele>1018.970</ele>
      </trkpt>
      <trkpt lat="45.829360000" lon="6.509990000">
        <ele>1019.660</ele>
      </trkpt>
      <trkpt lat="45.829420000" lon="6.510000000">
        <ele>1020.120</ele>
      </trkpt>
      <trkpt lat="45.829480000" lon="6.510000000">
        <ele>1020.580</ele>
      </trkpt>
      <trkpt lat="45.829540000" lon="6.509980000">
        <ele>1021.050</ele>
      </trkpt>
      <trkpt lat="45.829610000" lon="6.509930000">
        <ele>1021.640</ele>
      </trkpt>
      <trkpt lat="45.829760000" lon="6.509770000">
        <ele>1023.070</ele>
      </trkpt>
      <trkpt lat="45.830010000" lon="6.509490000">
        <ele>1025.490</ele>
      </trkpt>
      <trkpt lat="45.830070000" lon="6.509440000">
        <ele>1026.020</ele>
      </trkpt>
      <trkpt lat="45.830130000" lon="6.509400000">
        <ele>1026.530</ele>
      </trkpt>
      <trkpt lat="45.830240000" lon="6.509360000">
        <ele>1027.400</ele>
      </trkpt>
      <trkpt lat="45.830290000" lon="6.509330000">
        <ele>1027.810</ele>
      </trkpt>
      <trkpt lat="45.830310000" lon="6.509310000">
        <ele>1028.000</ele>
      </trkpt>
      <trkpt lat="45.830310000" lon="6.509310000">
        <ele>1028.000</ele>
      </trkpt>
      <trkpt lat="45.830340000" lon="6.509280000">
        <ele>1028.280</ele>
      </trkpt>
      <trkpt lat="45.830380000" lon="6.509210000">
        <ele>1028.760</ele>
      </trkpt>
      <trkpt lat="45.830420000" lon="6.509170000">
        <ele>1029.130</ele>
      </trkpt>
      <trkpt lat="45.830480000" lon="6.509140000">
        <ele>1029.610</ele>
      </trkpt>
      <trkpt lat="45.830540000" lon="6.509120000">
        <ele>1030.080</ele>
      </trkpt>
      <trkpt lat="45.830660000" lon="6.509090000">
        <ele>1031.020</ele>
      </trkpt>
      <trkpt lat="45.830740000" lon="6.509060000">
        <ele>1031.650</ele>
      </trkpt>
      <trkpt lat="45.830820000" lon="6.509000000">
        <ele>1032.340</ele>
      </trkpt>
      <trkpt lat="45.830880000" lon="6.508950000">
        <ele>1032.870</ele>
      </trkpt>
      <trkpt lat="45.830980000" lon="6.508820000">
        <ele>1024.000</ele>
      </trkpt>
      <trkpt lat="45.831200000" lon="6.508500000">
        <ele>1024.000</ele>
      </trkpt>
      <trkpt lat="45.831230000" lon="6.508470000">
        <ele>1024.000</ele>
      </trkpt>
      <trkpt lat="45.831270000" lon="6.508430000">
        <ele>1024.000</ele>
      </trkpt>
      <trkpt lat="45.831320000" lon="6.508410000">
        <ele>1024.000</ele>
      </trkpt>
      <trkpt lat="45.831360000" lon="6.508410000">
        <ele>1024.000</ele>
      </trkpt>
      <trkpt lat="45.831390000" lon="6.508430000">
        <ele>1025.000</ele>
      </trkpt>
      <trkpt lat="45.831450000" lon="6.508480000">
        <ele>1025.000</ele>
      </trkpt>
      <trkpt lat="45.831510000" lon="6.508560000">
        <ele>1025.000</ele>
      </trkpt>
      <trkpt lat="45.831610000" lon="6.508700000">
        <ele>1025.000</ele>
      </trkpt>
      <trkpt lat="45.831660000" lon="6.508750000">
        <ele>1025.000</ele>
      </trkpt>
      <trkpt lat="45.831710000" lon="6.508780000">
        <ele>1025.000</ele>
      </trkpt>
      <trkpt lat="45.831760000" lon="6.508790000">
        <ele>1025.000</ele>
      </trkpt>
      <trkpt lat="45.831800000" lon="6.508780000">
        <ele>1025.000</ele>
      </trkpt>
      <trkpt lat="45.831870000" lon="6.508710000">
        <ele>1025.000</ele>
      </trkpt>
      <trkpt lat="45.831950000" lon="6.508630000">
        <ele>1025.000</ele>
      </trkpt>
      <trkpt lat="45.832060000" lon="6.508540000">
        <ele>1025.000</ele>
      </trkpt>
      <trkpt lat="45.832210000" lon="6.508480000">
        <ele>1025.000</ele>
      </trkpt>
      <trkpt lat="45.832330000" lon="6.508440000">
        <ele>1024.000</ele>
      </trkpt>
      <trkpt lat="45.832410000" lon="6.508440000">
        <ele>1023.000</ele>
      </trkpt>
      <trkpt lat="45.832460000" lon="6.508450000">
        <ele>1022.000</ele>
      </trkpt>
      <trkpt lat="45.832510000" lon="6.508480000">
        <ele>1021.000</ele>
      </trkpt>
      <trkpt lat="45.832560000" lon="6.508530000">
        <ele>1020.000</ele>
      </trkpt>
      <trkpt lat="45.832630000" lon="6.508630000">
        <ele>1019.000</ele>
      </trkpt>
      <trkpt lat="45.832740000" lon="6.508860000">
        <ele>1018.000</ele>
      </trkpt>
      <trkpt lat="45.832790000" lon="6.508920000">
        <ele>1016.000</ele>
      </trkpt>
      <trkpt lat="45.832840000" lon="6.508940000">
        <ele>1015.000</ele>
      </trkpt>
      <trkpt lat="45.832880000" lon="6.508950000">
        <ele>1014.000</ele>
      </trkpt>
      <trkpt lat="45.832910000" lon="6.508940000">
        <ele>1014.000</ele>
      </trkpt>
      <trkpt lat="45.832940000" lon="6.508920000">
        <ele>1013.000</ele>
      </trkpt>
      <trkpt lat="45.833130000" lon="6.508740000">
        <ele>1012.000</ele>
      </trkpt>
      <trkpt lat="45.833330000" lon="6.508570000">
        <ele>1010.000</ele>
      </trkpt>
      <trkpt lat="45.833370000" lon="6.508550000">
        <ele>1008.000</ele>
      </trkpt>
      <trkpt lat="45.833410000" lon="6.508540000">
        <ele>1007.000</ele>
      </trkpt>
      <trkpt lat="45.833450000" lon="6.508540000">
        <ele>1006.000</ele>
      </trkpt>
      <trkpt lat="45.833600000" lon="6.508580000">
        <ele>1005.000</ele>
      </trkpt>
      <trkpt lat="45.833720000" lon="6.508600000">
        <ele>1003.000</ele>
      </trkpt>
      <trkpt lat="45.833900000" lon="6.508620000">
        <ele>1002.000</ele>
      </trkpt>
      <trkpt lat="45.833960000" lon="6.508630000">
        <ele>1002.000</ele>
      </trkpt>
      <trkpt lat="45.834010000" lon="6.508660000">
        <ele>1002.000</ele>
      </trkpt>
      <trkpt lat="45.834070000" lon="6.508700000">
        <ele>1001.000</ele>
      </trkpt>
      <trkpt lat="45.834110000" lon="6.508740000">
        <ele>1001.000</ele>
      </trkpt>
      <trkpt lat="45.834190000" lon="6.508880000">
        <ele>1001.000</ele>
      </trkpt>
      <trkpt lat="45.834230000" lon="6.508920000">
        <ele>1001.000</ele>
      </trkpt>
      <trkpt lat="45.834270000" lon="6.508940000">
        <ele>1001.000</ele>
      </trkpt>
      <trkpt lat="45.834310000" lon="6.508940000">
        <ele>1001.000</ele>
      </trkpt>
      <trkpt lat="45.834340000" lon="6.508920000">
        <ele>1001.000</ele>
      </trkpt>
      <trkpt lat="45.834370000" lon="6.508880000">
        <ele>1001.000</ele>
      </trkpt>
      <trkpt lat="45.834400000" lon="6.508820000">
        <ele>1001.000</ele>
      </trkpt>
      <trkpt lat="45.834500000" lon="6.508600000">
        <ele>1001.000</ele>
      </trkpt>
      <trkpt lat="45.834540000" lon="6.508520000">
        <ele>1001.000</ele>
      </trkpt>
      <trkpt lat="45.834580000" lon="6.508480000">
        <ele>1002.000</ele>
      </trkpt>
      <trkpt lat="45.834620000" lon="6.508450000">
        <ele>1002.000</ele>
      </trkpt>
      <trkpt lat="45.834680000" lon="6.508430000">
        <ele>1002.000</ele>
      </trkpt>
      <trkpt lat="45.834790000" lon="6.508410000">
        <ele>1002.000</ele>
      </trkpt>
      <trkpt lat="45.834870000" lon="6.508410000">
        <ele>1002.000</ele>
      </trkpt>
      <trkpt lat="45.835100000" lon="6.508450000">
        <ele>1002.000</ele>
      </trkpt>
      <trkpt lat="45.835260000" lon="6.508490000">
        <ele>1002.000</ele>
      </trkpt>
      <trkpt lat="45.835310000" lon="6.508510000">
        <ele>1002.000</ele>
      </trkpt>
      <trkpt lat="45.835360000" lon="6.508540000">
        <ele>1002.000</ele>
      </trkpt>
      <trkpt lat="45.835540000" lon="6.508670000">
        <ele>1002.000</ele>
      </trkpt>
      <trkpt lat="45.835580000" lon="6.508690000">
        <ele>1001.000</ele>
      </trkpt>
      <trkpt lat="45.835630000" lon="6.508700000">
        <ele>1001.000</ele>
      </trkpt>
      <trkpt lat="45.835680000" lon="6.508700000">
        <ele>1001.000</ele>
      </trkpt>
      <trkpt lat="45.835730000" lon="6.508680000">
        <ele>1000.000</ele>
      </trkpt>
      <trkpt lat="45.835860000" lon="6.508620000">
        <ele>1000.000</ele>
      </trkpt>
      <trkpt lat="45.835940000" lon="6.508590000">
        <ele>999.000</ele>
      </trkpt>
      <trkpt lat="45.835990000" lon="6.508580000">
        <ele>999.000</ele>
      </trkpt>
      <trkpt lat="45.836070000" lon="6.508590000">
        <ele>999.000</ele>
      </trkpt>
      <trkpt lat="45.836190000" lon="6.508610000">
        <ele>998.000</ele>
      </trkpt>
      <trkpt lat="45.836260000" lon="6.508620000">
        <ele>998.000</ele>
      </trkpt>
      <trkpt lat="45.836310000" lon="6.508650000">
        <ele>997.000</ele>
      </trkpt>
      <trkpt lat="45.836370000" lon="6.508700000">
        <ele>997.000</ele>
      </trkpt>
      <trkpt lat="45.836440000" lon="6.508780000">
        <ele>996.000</ele>
      </trkpt>
      <trkpt lat="45.836490000" lon="6.508830000">
        <ele>996.000</ele>
      </trkpt>
      <trkpt lat="45.836520000" lon="6.508850000">
        <ele>995.000</ele>
      </trkpt>
      <trkpt lat="45.836550000" lon="6.508850000">
        <ele>995.000</ele>
      </trkpt>
      <trkpt lat="45.836570000" lon="6.508850000">
        <ele>995.000</ele>
      </trkpt>
      <trkpt lat="45.836600000" lon="6.508830000">
        <ele>995.000</ele>
      </trkpt>
      <trkpt lat="45.836630000" lon="6.508780000">
        <ele>994.000</ele>
      </trkpt>
      <trkpt lat="45.836660000" lon="6.508690000">
        <ele>994.000</ele>
      </trkpt>
      <trkpt lat="45.836690000" lon="6.508600000">
        <ele>994.000</ele>
      </trkpt>
      <trkpt lat="45.836700000" lon="6.508510000">
        <ele>993.000</ele>
      </trkpt>
      <trkpt lat="45.836720000" lon="6.508390000">
        <ele>993.000</ele>
      </trkpt>
      <trkpt lat="45.836740000" lon="6.508310000">
        <ele>993.000</ele>
      </trkpt>
      <trkpt lat="45.836770000" lon="6.508260000">
        <ele>992.000</ele>
      </trkpt>
      <trkpt lat="45.836790000" lon="6.508220000">
        <ele>992.000</ele>
      </trkpt>
      <trkpt lat="45.836840000" lon="6.508200000">
        <ele>992.000</ele>
      </trkpt>
      <trkpt lat="45.836920000" lon="6.508180000">
        <ele>992.000</ele>
      </trkpt>
      <trkpt lat="45.837040000" lon="6.508170000">
        <ele>992.000</ele>
      </trkpt>
      <trkpt lat="45.837210000" lon="6.508170000">
        <ele>992.000</ele>
      </trkpt>
      <trkpt lat="45.837420000" lon="6.508170000">
        <ele>992.000</ele>
      </trkpt>
      <trkpt lat="45.837590000" lon="6.508140000">
        <ele>992.000</ele>
      </trkpt>
      <trkpt lat="45.837750000" lon="6.508110000">
        <ele>993.000</ele>
      </trkpt>
      <trkpt lat="45.837830000" lon="6.508100000">
        <ele>993.000</ele>
      </trkpt>
      <trkpt lat="45.838040000" lon="6.508090000">
        <ele>993.000</ele>
      </trkpt>
      <trkpt lat="45.838140000" lon="6.508090000">
        <ele>993.000</ele>
      </trkpt>
      <trkpt lat="45.838200000" lon="6.508080000">
        <ele>994.000</ele>
      </trkpt>
      <trkpt lat="45.838560000" lon="6.507880000">
        <ele>994.000</ele>
      </trkpt>
      <trkpt lat="45.838630000" lon="6.507850000">
        <ele>994.000</ele>
      </trkpt>
      <trkpt lat="45.838700000" lon="6.507840000">
        <ele>994.000</ele>
      </trkpt>
      <trkpt lat="45.838770000" lon="6.507840000">
        <ele>994.000</ele>
      </trkpt>
      <trkpt lat="45.838860000" lon="6.507840000">
        <ele>994.000</ele>
      </trkpt>
      <trkpt lat="45.838950000" lon="6.507870000">
        <ele>993.000</ele>
      </trkpt>
      <trkpt lat="45.839010000" lon="6.507900000">
        <ele>993.000</ele>
      </trkpt>
      <trkpt lat="45.839070000" lon="6.507980000">
        <ele>993.000</ele>
      </trkpt>
      <trkpt lat="45.839130000" lon="6.508070000">
        <ele>992.000</ele>
      </trkpt>
      <trkpt lat="45.839150000" lon="6.508110000">
        <ele>992.000</ele>
      </trkpt>
      <trkpt lat="45.839220000" lon="6.508190000">
        <ele>992.000</ele>
      </trkpt>
      <trkpt lat="45.839250000" lon="6.508210000">
        <ele>991.000</ele>
      </trkpt>
      <trkpt lat="45.839280000" lon="6.508220000">
        <ele>991.000</ele>
      </trkpt>
      <trkpt lat="45.839300000" lon="6.508210000">
        <ele>991.000</ele>
      </trkpt>
      <trkpt lat="45.839340000" lon="6.508190000">
        <ele>991.000</ele>
      </trkpt>
      <trkpt lat="45.839430000" lon="6.508110000">
        <ele>990.000</ele>
      </trkpt>
      <trkpt lat="45.839580000" lon="6.507920000">
        <ele>990.000</ele>
      </trkpt>
      <trkpt lat="45.839710000" lon="6.507730000">
        <ele>989.000</ele>
      </trkpt>
      <trkpt lat="45.839740000" lon="6.507690000">
        <ele>989.000</ele>
      </trkpt>
      <trkpt lat="45.839760000" lon="6.507630000">
        <ele>988.000</ele>
      </trkpt>
      <trkpt lat="45.839780000" lon="6.507590000">
        <ele>988.000</ele>
      </trkpt>
      <trkpt lat="45.839820000" lon="6.507480000">
        <ele>988.000</ele>
      </trkpt>
      <trkpt lat="45.839890000" lon="6.507050000">
        <ele>987.000</ele>
      </trkpt>
      <trkpt lat="45.839930000" lon="6.506940000">
        <ele>987.000</ele>
      </trkpt>
      <trkpt lat="45.839960000" lon="6.506860000">
        <ele>987.000</ele>
      </trkpt>
      <trkpt lat="45.840040000" lon="6.506780000">
        <ele>987.000</ele>
      </trkpt>
      <trkpt lat="45.840110000" lon="6.506740000">
        <ele>988.000</ele>
      </trkpt>
      <trkpt lat="45.840290000" lon="6.506640000">
        <ele>989.000</ele>
      </trkpt>
      <trkpt lat="45.840480000" lon="6.506550000">
        <ele>990.000</ele>
      </trkpt>
      <trkpt lat="45.840790000" lon="6.506470000">
        <ele>992.000</ele>
      </trkpt>
      <trkpt lat="45.841090000" lon="6.506400000">
        <ele>995.000</ele>
      </trkpt>
      <trkpt lat="45.841180000" lon="6.506400000">
        <ele>997.000</ele>
      </trkpt>
      <trkpt lat="45.841270000" lon="6.506410000">
        <ele>998.000</ele>
      </trkpt>
      <trkpt lat="45.841380000" lon="6.506450000">
        <ele>1000.000</ele>
      </trkpt>
      <trkpt lat="45.841720000" lon="6.506510000">
        <ele>1002.000</ele>
      </trkpt>
      <trkpt lat="45.841790000" lon="6.506490000">
        <ele>1003.000</ele>
      </trkpt>
      <trkpt lat="45.841880000" lon="6.506460000">
        <ele>1004.000</ele>
      </trkpt>
      <trkpt lat="45.842000000" lon="6.506430000">
        <ele>1004.000</ele>
      </trkpt>
      <trkpt lat="45.842110000" lon="6.506430000">
        <ele>1004.000</ele>
      </trkpt>
      <trkpt lat="45.842220000" lon="6.506440000">
        <ele>1003.000</ele>
      </trkpt>
      <trkpt lat="45.842290000" lon="6.506430000">
        <ele>1002.000</ele>
      </trkpt>
      <trkpt lat="45.842520000" lon="6.506340000">
        <ele>1001.000</ele>
      </trkpt>
      <trkpt lat="45.842650000" lon="6.506310000">
        <ele>1000.000</ele>
      </trkpt>
      <trkpt lat="45.842700000" lon="6.506280000">
        <ele>999.000</ele>
      </trkpt>
      <trkpt lat="45.842930000" lon="6.506040000">
        <ele>998.000</ele>
      </trkpt>
      <trkpt lat="45.843030000" lon="6.505970000">
        <ele>996.000</ele>
      </trkpt>
      <trkpt lat="45.843170000" lon="6.505900000">
        <ele>995.000</ele>
      </trkpt>
      <trkpt lat="45.843450000" lon="6.505780000">
        <ele>993.000</ele>
      </trkpt>
      <trkpt lat="45.843580000" lon="6.505740000">
        <ele>992.000</ele>
      </trkpt>
      <trkpt lat="45.843680000" lon="6.505720000">
        <ele>991.000</ele>
      </trkpt>
      <trkpt lat="45.843750000" lon="6.505730000">
        <ele>991.000</ele>
      </trkpt>
      <trkpt lat="45.843950000" lon="6.505760000">
        <ele>990.000</ele>
      </trkpt>
      <trkpt lat="45.844060000" lon="6.505760000">
        <ele>990.000</ele>
      </trkpt>
      <trkpt lat="45.844210000" lon="6.505720000">
        <ele>990.000</ele>
      </trkpt>
      <trkpt lat="45.844300000" lon="6.505680000">
        <ele>990.000</ele>
      </trkpt>
      <trkpt lat="45.844500000" lon="6.505610000">
        <ele>990.000</ele>
      </trkpt>
      <trkpt lat="45.844580000" lon="6.505570000">
        <ele>990.000</ele>
      </trkpt>
      <trkpt lat="45.844720000" lon="6.505500000">
        <ele>990.000</ele>
      </trkpt>
      <trkpt lat="45.844860000" lon="6.505420000">
        <ele>990.000</ele>
      </trkpt>
      <trkpt lat="45.844880000" lon="6.505400000">
        <ele>990.000</ele>
      </trkpt>
      <trkpt lat="45.845640000" lon="6.504920000">
        <ele>990.000</ele>
      </trkpt>
      <trkpt lat="45.845840000" lon="6.504820000">
        <ele>990.000</ele>
      </trkpt>
      <trkpt lat="45.845910000" lon="6.504790000">
        <ele>990.000</ele>
      </trkpt>
      <trkpt lat="45.846010000" lon="6.504770000">
        <ele>990.000</ele>
      </trkpt>
      <trkpt lat="45.846090000" lon="6.504760000">
        <ele>990.000</ele>
      </trkpt>
      <trkpt lat="45.846340000" lon="6.504750000">
        <ele>989.000</ele>
      </trkpt>
      <trkpt lat="45.846490000" lon="6.504720000">
        <ele>989.000</ele>
      </trkpt>
      <trkpt lat="45.846700000" lon="6.504640000">
        <ele>988.000</ele>
      </trkpt>
      <trkpt lat="45.847020000" lon="6.504490000">
        <ele>988.000</ele>
      </trkpt>
      <trkpt lat="45.847130000" lon="6.504420000">
        <ele>987.000</ele>
      </trkpt>
      <trkpt lat="45.847180000" lon="6.504370000">
        <ele>987.000</ele>
      </trkpt>
      <trkpt lat="45.847220000" lon="6.504310000">
        <ele>987.000</ele>
      </trkpt>
      <trkpt lat="45.847260000" lon="6.504220000">
        <ele>986.000</ele>
      </trkpt>
      <trkpt lat="45.847320000" lon="6.504110000">
        <ele>986.000</ele>
      </trkpt>
      <trkpt lat="45.847470000" lon="6.503650000">
        <ele>987.000</ele>
      </trkpt>
      <trkpt lat="45.847520000" lon="6.503550000">
        <ele>988.000</ele>
      </trkpt>
      <trkpt lat="45.847570000" lon="6.503480000">
        <ele>989.000</ele>
      </trkpt>
      <trkpt lat="45.847610000" lon="6.503450000">
        <ele>990.000</ele>
      </trkpt>
      <trkpt lat="45.847770000" lon="6.503360000">
        <ele>991.000</ele>
      </trkpt>
      <trkpt lat="45.848080000" lon="6.503270000">
        <ele>993.000</ele>
      </trkpt>
      <trkpt lat="45.848180000" lon="6.503250000">
        <ele>995.000</ele>
      </trkpt>
      <trkpt lat="45.848250000" lon="6.503240000">
        <ele>997.000</ele>
      </trkpt>
      <trkpt lat="45.848380000" lon="6.503240000">
        <ele>998.000</ele>
      </trkpt>
      <trkpt lat="45.848590000" lon="6.503260000">
        <ele>1000.000</ele>
      </trkpt>
      <trkpt lat="45.848680000" lon="6.503260000">
        <ele>1001.000</ele>
      </trkpt>
      <trkpt lat="45.848780000" lon="6.503260000">
        <ele>1003.000</ele>
      </trkpt>
      <trkpt lat="45.848870000" lon="6.503230000">
        <ele>1004.000</ele>
      </trkpt>
      <trkpt lat="45.848950000" lon="6.503200000">
        <ele>1005.000</ele>
      </trkpt>
      <trkpt lat="45.849040000" lon="6.503150000">
        <ele>1005.000</ele>
      </trkpt>
      <trkpt lat="45.849150000" lon="6.503070000">
        <ele>1005.000</ele>
      </trkpt>
      <trkpt lat="45.849260000" lon="6.502980000">
        <ele>1005.000</ele>
      </trkpt>
      <trkpt lat="45.850180000" lon="6.502180000">
        <ele>1002.000</ele>
      </trkpt>
      <trkpt lat="45.850440000" lon="6.501960000">
        <ele>1000.000</ele>
      </trkpt>
      <trkpt lat="45.851320000" lon="6.501220000">
        <ele>1000.000</ele>
      </trkpt>
      <trkpt lat="45.851650000" lon="6.500970000">
        <ele>1000.000</ele>
      </trkpt>
      <trkpt lat="45.852240000" lon="6.500560000">
        <ele>1001.000</ele>
      </trkpt>
      <trkpt lat="45.852450000" lon="6.500450000">
        <ele>1002.000</ele>
      </trkpt>
      <trkpt lat="45.852630000" lon="6.500370000">
        <ele>1004.000</ele>
      </trkpt>
      <trkpt lat="45.853350000" lon="6.500120000">
        <ele>1006.000</ele>
      </trkpt>
      <trkpt lat="45.853540000" lon="6.500060000">
        <ele>1007.000</ele>
      </trkpt>
      <trkpt lat="45.853690000" lon="6.500040000">
        <ele>1009.000</ele>
      </trkpt>
      <trkpt lat="45.853810000" lon="6.500030000">
        <ele>1010.000</ele>
      </trkpt>
      <trkpt lat="45.853900000" lon="6.500040000">
        <ele>1011.000</ele>
      </trkpt>
      <trkpt lat="45.853990000" lon="6.500080000">
        <ele>1012.000</ele>
      </trkpt>
      <trkpt lat="45.854040000" lon="6.500120000">
        <ele>1012.000</ele>
      </trkpt>
      <trkpt lat="45.854150000" lon="6.500230000">
        <ele>1013.000</ele>
      </trkpt>
      <trkpt lat="45.854250000" lon="6.500380000">
        <ele>1014.010</ele>
      </trkpt>
      <trkpt lat="45.854320000" lon="6.500460000">
        <ele>1014.730</ele>
      </trkpt>
      <trkpt lat="45.854370000" lon="6.500500000">
        <ele>1015.190</ele>
      </trkpt>
      <trkpt lat="45.854420000" lon="6.500520000">
        <ele>1015.610</ele>
      </trkpt>
      <trkpt lat="45.854500000" lon="6.500530000">
        <ele>1016.260</ele>
      </trkpt>
      <trkpt lat="45.854560000" lon="6.500520000">
        <ele>1016.750</ele>
      </trkpt>
      <trkpt lat="45.854660000" lon="6.500490000">
        <ele>1017.580</ele>
      </trkpt>
      <trkpt lat="45.854710000" lon="6.500450000">
        <ele>1018.040</ele>
      </trkpt>
      <trkpt lat="45.854750000" lon="6.500410000">
        <ele>1018.430</ele>
      </trkpt>
      <trkpt lat="45.854780000" lon="6.500360000">
        <ele>1018.800</ele>
      </trkpt>
      <trkpt lat="45.854820000" lon="6.500280000">
        <ele>1019.360</ele>
      </trkpt>
      <trkpt lat="45.854910000" lon="6.500070000">
        <ele>1020.750</ele>
      </trkpt>
      <trkpt lat="45.854950000" lon="6.500010000">
        <ele>1021.210</ele>
      </trkpt>
      <trkpt lat="45.855010000" lon="6.499940000">
        <ele>1021.840</ele>
      </trkpt>
      <trkpt lat="45.855160000" lon="6.499830000">
        <ele>1023.200</ele>
      </trkpt>
      <trkpt lat="45.855240000" lon="6.499780000">
        <ele>1023.910</ele>
      </trkpt>
      <trkpt lat="45.855300000" lon="6.499730000">
        <ele>1024.470</ele>
      </trkpt>
      <trkpt lat="45.855470000" lon="6.499510000">
        <ele>1026.320</ele>
      </trkpt>
      <trkpt lat="45.855580000" lon="6.499410000">
        <ele>1027.370</ele>
      </trkpt>
      <trkpt lat="45.855980000" lon="6.499100000">
        <ele>1031.050</ele>
      </trkpt>
      <trkpt lat="45.856170000" lon="6.498970000">
        <ele>1032.750</ele>
      </trkpt>
      <trkpt lat="45.857060000" lon="6.498400000">
        <ele>1040.630</ele>
      </trkpt>
      <trkpt lat="45.857280000" lon="6.498320000">
        <ele>1042.460</ele>
      </trkpt>
      <trkpt lat="45.857460000" lon="6.498240000">
        <ele>1043.990</ele>
      </trkpt>
      <trkpt lat="45.857670000" lon="6.498130000">
        <ele>1045.790</ele>
      </trkpt>
      <trkpt lat="45.857850000" lon="6.498020000">
        <ele>1047.370</ele>
      </trkpt>
      <trkpt lat="45.858080000" lon="6.497880000">
        <ele>1049.390</ele>
      </trkpt>
      <trkpt lat="45.858310000" lon="6.497710000">
        <ele>1051.490</ele>
      </trkpt>
      <trkpt lat="45.858530000" lon="6.497580000">
        <ele>1053.410</ele>
      </trkpt>
      <trkpt lat="45.858720000" lon="6.497470000">
        <ele>1055.070</ele>
      </trkpt>
      <trkpt lat="45.858800000" lon="6.497420000">
        <ele>1055.770</ele>
      </trkpt>
      <trkpt lat="45.858890000" lon="6.497340000">
        <ele>1056.630</ele>
      </trkpt>
      <trkpt lat="45.858930000" lon="6.497270000">
        <ele>1057.140</ele>
      </trkpt>
      <trkpt lat="45.859080000" lon="6.496930000">
        <ele>1059.400</ele>
      </trkpt>
      <trkpt lat="45.859130000" lon="6.496850000">
        <ele>1060.010</ele>
      </trkpt>
      <trkpt lat="45.859210000" lon="6.496760000">
        <ele>1060.830</ele>
      </trkpt>
      <trkpt lat="45.859440000" lon="6.496570000">
        <ele>1062.980</ele>
      </trkpt>
      <trkpt lat="45.859540000" lon="6.496510000">
        <ele>1063.850</ele>
      </trkpt>
      <trkpt lat="45.859660000" lon="6.496470000">
        <ele>1064.850</ele>
      </trkpt>
      <trkpt lat="45.859810000" lon="6.496450000">
        <ele>1066.070</ele>
      </trkpt>
      <trkpt lat="45.860150000" lon="6.496430000">
        <ele>1068.820</ele>
      </trkpt>
      <trkpt lat="45.860280000" lon="6.496440000">
        <ele>1069.870</ele>
      </trkpt>
      <trkpt lat="45.860460000" lon="6.496490000">
        <ele>1071.350</ele>
      </trkpt>
      <trkpt lat="45.860570000" lon="6.496500000">
        <ele>1072.240</ele>
      </trkpt>
      <trkpt lat="45.860700000" lon="6.496500000">
        <ele>1073.290</ele>
      </trkpt>
      <trkpt lat="45.860780000" lon="6.496510000">
        <ele>1073.940</ele>
      </trkpt>
      <trkpt lat="45.860840000" lon="6.496530000">
        <ele>1074.440</ele>
      </trkpt>
      <trkpt lat="45.860910000" lon="6.496550000">
        <ele>1075.020</ele>
      </trkpt>
      <trkpt lat="45.860970000" lon="6.496590000">
        <ele>1075.550</ele>
      </trkpt>
      <trkpt lat="45.861090000" lon="6.496720000">
        <ele>1076.770</ele>
      </trkpt>
      <trkpt lat="45.861140000" lon="6.496760000">
        <ele>1077.230</ele>
      </trkpt>
      <trkpt lat="45.861190000" lon="6.496770000">
        <ele>1077.640</ele>
      </trkpt>
      <trkpt lat="45.861230000" lon="6.496760000">
        <ele>1077.970</ele>
      </trkpt>
      <trkpt lat="45.861270000" lon="6.496730000">
        <ele>1078.330</ele>
      </trkpt>
      <trkpt lat="45.861310000" lon="6.496680000">
        <ele>1078.760</ele>
      </trkpt>
      <trkpt lat="45.861320000" lon="6.496660000">
        <ele>1078.900</ele>
      </trkpt>
      <trkpt lat="45.861330000" lon="6.496570000">
        <ele>1079.410</ele>
      </trkpt>
      <trkpt lat="45.861350000" lon="6.496440000">
        <ele>1080.160</ele>
      </trkpt>
      <trkpt lat="45.861350000" lon="6.496360000">
        <ele>1080.610</ele>
      </trkpt>
      <trkpt lat="45.861330000" lon="6.496300000">
        <ele>1080.990</ele>
      </trkpt>
      <trkpt lat="45.861310000" lon="6.496260000">
        <ele>1081.270</ele>
      </trkpt>
      <trkpt lat="45.861260000" lon="6.496210000">
        <ele>1081.760</ele>
      </trkpt>
      <trkpt lat="45.861200000" lon="6.496170000">
        <ele>1082.290</ele>
      </trkpt>
      <trkpt lat="45.861130000" lon="6.496110000">
        <ele>1082.950</ele>
      </trkpt>
      <trkpt lat="45.861020000" lon="6.495970000">
        <ele>1081.000</ele>
      </trkpt>
      <trkpt lat="45.860960000" lon="6.495920000">
        <ele>1079.000</ele>
      </trkpt>
      <trkpt lat="45.860770000" lon="6.495830000">
        <ele>1077.000</ele>
      </trkpt>
      <trkpt lat="45.860710000" lon="6.495800000">
        <ele>1075.000</ele>
      </trkpt>
      <trkpt lat="45.860680000" lon="6.495750000">
        <ele>1073.000</ele>
      </trkpt>
      <trkpt lat="45.860670000" lon="6.495700000">
        <ele>1073.000</ele>
      </trkpt>
      <trkpt lat="45.860670000" lon="6.495660000">
        <ele>1072.000</ele>
      </trkpt>
      <trkpt lat="45.860690000" lon="6.495620000">
        <ele>1072.000</ele>
      </trkpt>
      <trkpt lat="45.860710000" lon="6.495580000">
        <ele>1072.000</ele>
      </trkpt>
      <trkpt lat="45.860750000" lon="6.495560000">
        <ele>1072.000</ele>
      </trkpt>
      <trkpt lat="45.860810000" lon="6.495540000">
        <ele>1072.000</ele>
      </trkpt>
      <trkpt lat="45.861100000" lon="6.495540000">
        <ele>1073.000</ele>
      </trkpt>
      <trkpt lat="45.861130000" lon="6.495540000">
        <ele>1074.000</ele>
      </trkpt>
      <trkpt lat="45.861430000" lon="6.495520000">
        <ele>1076.000</ele>
      </trkpt>
      <trkpt lat="45.861530000" lon="6.495490000">
        <ele>1077.000</ele>
      </trkpt>
      <trkpt lat="45.861580000" lon="6.495470000">
        <ele>1078.000</ele>
      </trkpt>
      <trkpt lat="45.861630000" lon="6.495440000">
        <ele>1078.000</ele>
      </trkpt>
      <trkpt lat="45.861660000" lon="6.495400000">
        <ele>1079.000</ele>
      </trkpt>
      <trkpt lat="45.861710000" lon="6.495350000">
        <ele>1080.000</ele>
      </trkpt>
      <trkpt lat="45.861770000" lon="6.495230000">
        <ele>1080.000</ele>
      </trkpt>
      <trkpt lat="45.861820000" lon="6.495140000">
        <ele>1081.000</ele>
      </trkpt>
      <trkpt lat="45.861860000" lon="6.495030000">
        <ele>1082.000</ele>
      </trkpt>
      <trkpt lat="45.861880000" lon="6.495000000">
        <ele>1082.000</ele>
      </trkpt>
      <trkpt lat="45.861900000" lon="6.494950000">
        <ele>1083.000</ele>
      </trkpt>
      <trkpt lat="45.861930000" lon="6.494870000">
        <ele>1083.000</ele>
      </trkpt>
      <trkpt lat="45.862050000" lon="6.494550000">
        <ele>1084.000</ele>
      </trkpt>
      <trkpt lat="45.862120000" lon="6.494440000">
        <ele>1085.000</ele>
      </trkpt>
      <trkpt lat="45.862200000" lon="6.494380000">
        <ele>1086.000</ele>
      </trkpt>
      <trkpt lat="45.862250000" lon="6.494370000">
        <ele>1087.000</ele>
      </trkpt>
      <trkpt lat="45.862300000" lon="6.494380000">
        <ele>1087.000</ele>
      </trkpt>
      <trkpt lat="45.862360000" lon="6.494410000">
        <ele>1088.000</ele>
      </trkpt>
      <trkpt lat="45.862360000" lon="6.494410000">
        <ele>1088.000</ele>
      </trkpt>
      <trkpt lat="45.862380000" lon="6.494420000">
        <ele>1088.000</ele>
      </trkpt>
      <trkpt lat="45.862420000" lon="6.494460000">
        <ele>1088.000</ele>
      </trkpt>
      <trkpt lat="45.862490000" lon="6.494550000">
        <ele>1089.000</ele>
      </trkpt>
      <trkpt lat="45.862560000" lon="6.494670000">
        <ele>1089.000</ele>
      </trkpt>
      <trkpt lat="45.862600000" lon="6.494800000">
        <ele>1090.000</ele>
      </trkpt>
      <trkpt lat="45.862610000" lon="6.494980000">
        <ele>1090.000</ele>
      </trkpt>
      <trkpt lat="45.862620000" lon="6.495330000">
        <ele>1091.000</ele>
      </trkpt>
      <trkpt lat="45.862640000" lon="6.496030000">
        <ele>1092.000</ele>
      </trkpt>
      <trkpt lat="45.862650000" lon="6.496150000">
        <ele>1094.000</ele>
      </trkpt>
      <trkpt lat="45.862670000" lon="6.496220000">
        <ele>1094.000</ele>
      </trkpt>
      <trkpt lat="45.862680000" lon="6.496230000">
        <ele>1095.000</ele>
      </trkpt>
      <trkpt lat="45.862680000" lon="6.496230000">
        <ele>1095.000</ele>
      </trkpt>
      <trkpt lat="45.862700000" lon="6.496270000">
        <ele>1096.000</ele>
      </trkpt>
      <trkpt lat="45.862730000" lon="6.496310000">
        <ele>1096.000</ele>
      </trkpt>
      <trkpt lat="45.862770000" lon="6.496340000">
        <ele>1096.000</ele>
      </trkpt>
      <trkpt lat="45.862810000" lon="6.496340000">
        <ele>1097.000</ele>
      </trkpt>
      <trkpt lat="45.862850000" lon="6.496330000">
        <ele>1097.000</ele>
      </trkpt>
      <trkpt lat="45.862890000" lon="6.496300000">
        <ele>1097.000</ele>
      </trkpt>
      <trkpt lat="45.862930000" lon="6.496250000">
        <ele>1098.000</ele>
      </trkpt>
      <trkpt lat="45.862980000" lon="6.496140000">
        <ele>1099.000</ele>
      </trkpt>
      <trkpt lat="45.863000000" lon="6.496100000">
        <ele>1099.000</ele>
      </trkpt>
      <trkpt lat="45.863000000" lon="6.496100000">
        <ele>1100.000</ele>
      </trkpt>
      <trkpt lat="45.863140000" lon="6.495750000">
        <ele>1101.000</ele>
      </trkpt>
      <trkpt lat="45.863170000" lon="6.495680000">
        <ele>1102.000</ele>
      </trkpt>
      <trkpt lat="45.863210000" lon="6.495550000">
        <ele>1103.000</ele>
      </trkpt>
      <trkpt lat="45.863220000" lon="6.495470000">
        <ele>1104.000</ele>
      </trkpt>
      <trkpt lat="45.863210000" lon="6.495380000">
        <ele>1105.000</ele>
      </trkpt>
      <trkpt lat="45.863130000" lon="6.495010000">
        <ele>1106.000</ele>
      </trkpt>
      <trkpt lat="45.863120000" lon="6.494890000">
        <ele>1107.000</ele>
      </trkpt>
      <trkpt lat="45.863080000" lon="6.494490000">
        <ele>1109.000</ele>
      </trkpt>
      <trkpt lat="45.863070000" lon="6.494370000">
        <ele>1111.000</ele>
      </trkpt>
      <trkpt lat="45.863050000" lon="6.494250000">
        <ele>1112.000</ele>
      </trkpt>
      <trkpt lat="45.862990000" lon="6.494060000">
        <ele>1114.000</ele>
      </trkpt>
      <trkpt lat="45.862980000" lon="6.494020000">
        <ele>1115.000</ele>
      </trkpt>
      <trkpt lat="45.862880000" lon="6.493820000">
        <ele>1116.000</ele>
      </trkpt>
      <trkpt lat="45.862840000" lon="6.493700000">
        <ele>1117.000</ele>
      </trkpt>
      <trkpt lat="45.862840000" lon="6.493620000">
        <ele>1118.000</ele>
      </trkpt>
      <trkpt lat="45.862850000" lon="6.493510000">
        <ele>1119.000</ele>
      </trkpt>
      <trkpt lat="45.862890000" lon="6.493380000">
        <ele>1120.000</ele>
      </trkpt>
      <trkpt lat="45.862910000" lon="6.493330000">
        <ele>1120.000</ele>
      </trkpt>
      <trkpt lat="45.862970000" lon="6.493220000">
        <ele>1121.000</ele>
      </trkpt>
      <trkpt lat="45.863030000" lon="6.493150000">
        <ele>1122.000</ele>
      </trkpt>
      <trkpt lat="45.863080000" lon="6.493100000">
        <ele>1123.000</ele>
      </trkpt>
      <trkpt lat="45.863140000" lon="6.493070000">
        <ele>1123.000</ele>
      </trkpt>
      <trkpt lat="45.863270000" lon="6.493040000">
        <ele>1124.000</ele>
      </trkpt>
      <trkpt lat="45.863360000" lon="6.493000000">
        <ele>1125.000</ele>
      </trkpt>
      <trkpt lat="45.863470000" lon="6.492910000">
        <ele>1126.000</ele>
      </trkpt>
      <trkpt lat="45.863660000" lon="6.492710000">
        <ele>1127.000</ele>
      </trkpt>
      <trkpt lat="45.863700000" lon="6.492680000">
        <ele>1128.000</ele>
      </trkpt>
      <trkpt lat="45.863820000" lon="6.492630000">
        <ele>1129.000</ele>
      </trkpt>
      <trkpt lat="45.863930000" lon="6.492590000">
        <ele>1131.000</ele>
      </trkpt>
      <trkpt lat="45.864120000" lon="6.492570000">
        <ele>1132.000</ele>
      </trkpt>
      <trkpt lat="45.864180000" lon="6.492580000">
        <ele>1133.000</ele>
      </trkpt>
      <trkpt lat="45.864240000" lon="6.492620000">
        <ele>1134.000</ele>
      </trkpt>
      <trkpt lat="45.864280000" lon="6.492670000">
        <ele>1135.000</ele>
      </trkpt>
      <trkpt lat="45.864310000" lon="6.492740000">
        <ele>1136.000</ele>
      </trkpt>
      <trkpt lat="45.864320000" lon="6.492810000">
        <ele>1136.000</ele>
      </trkpt>
      <trkpt lat="45.864330000" lon="6.492880000">
        <ele>1137.000</ele>
      </trkpt>
      <trkpt lat="45.864330000" lon="6.492950000">
        <ele>1138.000</ele>
      </trkpt>
      <trkpt lat="45.864320000" lon="6.493010000">
        <ele>1138.000</ele>
      </trkpt>
      <trkpt lat="45.864290000" lon="6.493150000">
        <ele>1139.000</ele>
      </trkpt>
      <trkpt lat="45.864250000" lon="6.493280000">
        <ele>1140.000</ele>
      </trkpt>
      <trkpt lat="45.864220000" lon="6.493350000">
        <ele>1141.000</ele>
      </trkpt>
      <trkpt lat="45.864020000" lon="6.493710000">
        <ele>1143.000</ele>
      </trkpt>
      <trkpt lat="45.864000000" lon="6.493780000">
        <ele>1144.000</ele>
      </trkpt>
      <trkpt lat="45.863990000" lon="6.493850000">
        <ele>1145.000</ele>
      </trkpt>
      <trkpt lat="45.863980000" lon="6.493930000">
        <ele>1146.000</ele>
      </trkpt>
      <trkpt lat="45.863990000" lon="6.494010000">
        <ele>1147.000</ele>
      </trkpt>
      <trkpt lat="45.864020000" lon="6.494120000">
        <ele>1148.000</ele>
      </trkpt>
      <trkpt lat="45.864070000" lon="6.494280000">
        <ele>1149.000</ele>
      </trkpt>
      <trkpt lat="45.864250000" lon="6.494690000">
        <ele>1151.000</ele>
      </trkpt>
      <trkpt lat="45.864270000" lon="6.494740000">
        <ele>1152.000</ele>
      </trkpt>
      <trkpt lat="45.864280000" lon="6.494840000">
        <ele>1154.000</ele>
      </trkpt>
      <trkpt lat="45.864280000" lon="6.494910000">
        <ele>1155.000</ele>
      </trkpt>
      <trkpt lat="45.864250000" lon="6.495180000">
        <ele>1155.000</ele>
      </trkpt>
      <trkpt lat="45.864240000" lon="6.495240000">
        <ele>1156.000</ele>
      </trkpt>
      <trkpt lat="45.864270000" lon="6.495340000">
        <ele>1157.000</ele>
      </trkpt>
      <trkpt lat="45.864290000" lon="6.495380000">
        <ele>1157.000</ele>
      </trkpt>
      <trkpt lat="45.864340000" lon="6.495430000">
        <ele>1158.000</ele>
      </trkpt>
      <trkpt lat="45.864380000" lon="6.495450000">
        <ele>1158.000</ele>
      </trkpt>
      <trkpt lat="45.864420000" lon="6.495460000">
        <ele>1159.000</ele>
      </trkpt>
      <trkpt lat="45.864470000" lon="6.495450000">
        <ele>1159.000</ele>
      </trkpt>
      <trkpt lat="45.864520000" lon="6.495430000">
        <ele>1159.000</ele>
      </trkpt>
      <trkpt lat="45.864590000" lon="6.495380000">
        <ele>1160.000</ele>
      </trkpt>
      <trkpt lat="45.864660000" lon="6.495290000">
        <ele>1160.000</ele>
      </trkpt>
      <trkpt lat="45.864800000" lon="6.495070000">
        <ele>1161.000</ele>
      </trkpt>
      <trkpt lat="45.864860000" lon="6.494910000">
        <ele>1162.000</ele>
      </trkpt>
      <trkpt lat="45.864930000" lon="6.494760000">
        <ele>1162.000</ele>
      </trkpt>
      <trkpt lat="45.864970000" lon="6.494690000">
        <ele>1163.000</ele>
      </trkpt>
      <trkpt lat="45.864950000" lon="6.494650000">
        <ele>1163.000</ele>
      </trkpt>
      <trkpt lat="45.864930000" lon="6.494590000">
        <ele>1164.000</ele>
      </trkpt>
      <trkpt lat="45.864920000" lon="6.494540000">
        <ele>1164.000</ele>
      </trkpt>
      <trkpt lat="45.864940000" lon="6.494470000">
        <ele>1165.000</ele>
      </trkpt>
      <trkpt lat="45.864970000" lon="6.494420000">
        <ele>1165.000</ele>
      </trkpt>
      <trkpt lat="45.865020000" lon="6.494340000">
        <ele>1165.000</ele>
      </trkpt>
      <trkpt lat="45.865320000" lon="6.493940000">
        <ele>1166.000</ele>
      </trkpt>
      <trkpt lat="45.865380000" lon="6.493880000">
        <ele>1167.000</ele>
      </trkpt>
      <trkpt lat="45.865490000" lon="6.493800000">
        <ele>1168.000</ele>
      </trkpt>
      <trkpt lat="45.865810000" lon="6.493590000">
        <ele>1170.000</ele>
      </trkpt>
      <trkpt lat="45.865960000" lon="6.493470000">
        <ele>1172.000</ele>
      </trkpt>
      <trkpt lat="45.866430000" lon="6.493160000">
        <ele>1174.000</ele>
      </trkpt>
      <trkpt lat="45.866580000" lon="6.493040000">
        <ele>1177.000</ele>
      </trkpt>
      <trkpt lat="45.866650000" lon="6.492970000">
        <ele>1178.000</ele>
      </trkpt>
      <trkpt lat="45.866680000" lon="6.492940000">
        <ele>1180.000</ele>
      </trkpt>
      <trkpt lat="45.866710000" lon="6.492880000">
        <ele>1181.000</ele>
      </trkpt>
      <trkpt lat="45.866730000" lon="6.492810000">
        <ele>1182.000</ele>
      </trkpt>
      <trkpt lat="45.866750000" lon="6.492740000">
        <ele>1182.000</ele>
      </trkpt>
      <trkpt lat="45.866770000" lon="6.492620000">
        <ele>1183.000</ele>
      </trkpt>
      <trkpt lat="45.866770000" lon="6.492470000">
        <ele>1184.000</ele>
      </trkpt>
      <trkpt lat="45.866770000" lon="6.492370000">
        <ele>1185.000</ele>
      </trkpt>
      <trkpt lat="45.866750000" lon="6.492190000">
        <ele>1185.000</ele>
      </trkpt>
      <trkpt lat="45.866730000" lon="6.492040000">
        <ele>1186.000</ele>
      </trkpt>
      <trkpt lat="45.866720000" lon="6.491910000">
        <ele>1186.000</ele>
      </trkpt>
      <trkpt lat="45.866730000" lon="6.491830000">
        <ele>1186.000</ele>
      </trkpt>
      <trkpt lat="45.866750000" lon="6.491780000">
        <ele>1187.000</ele>
      </trkpt>
      <trkpt lat="45.866780000" lon="6.491740000">
        <ele>1187.000</ele>
      </trkpt>
      <trkpt lat="45.867010000" lon="6.491530000">
        <ele>1188.000</ele>
      </trkpt>
      <trkpt lat="45.867080000" lon="6.491450000">
        <ele>1188.000</ele>
      </trkpt>
      <trkpt lat="45.867150000" lon="6.491360000">
        <ele>1188.000</ele>
      </trkpt>
      <trkpt lat="45.867290000" lon="6.491180000">
        <ele>1189.000</ele>
      </trkpt>
      <trkpt lat="45.867320000" lon="6.491130000">
        <ele>1189.000</ele>
      </trkpt>
      <trkpt lat="45.867340000" lon="6.491080000">
        <ele>1190.000</ele>
      </trkpt>
      <trkpt lat="45.867350000" lon="6.491030000">
        <ele>1190.000</ele>
      </trkpt>
      <trkpt lat="45.867360000" lon="6.490980000">
        <ele>1190.000</ele>
      </trkpt>
      <trkpt lat="45.867360000" lon="6.490930000">
        <ele>1190.000</ele>
      </trkpt>
      <trkpt lat="45.867350000" lon="6.490890000">
        <ele>1190.000</ele>
      </trkpt>
      <trkpt lat="45.867340000" lon="6.490840000">
        <ele>1191.000</ele>
      </trkpt>
      <trkpt lat="45.867320000" lon="6.490800000">
        <ele>1191.000</ele>
      </trkpt>
      <trkpt lat="45.867300000" lon="6.490760000">
        <ele>1191.000</ele>
      </trkpt>
      <trkpt lat="45.867250000" lon="6.490710000">
        <ele>1191.000</ele>
      </trkpt>
      <trkpt lat="45.867170000" lon="6.490670000">
        <ele>1191.000</ele>
      </trkpt>
      <trkpt lat="45.867090000" lon="6.490630000">
        <ele>1192.000</ele>
      </trkpt>
      <trkpt lat="45.867050000" lon="6.490610000">
        <ele>1192.000</ele>
      </trkpt>
      <trkpt lat="45.867000000" lon="6.490550000">
        <ele>1192.000</ele>
      </trkpt>
      <trkpt lat="45.866960000" lon="6.490500000">
        <ele>1192.000</ele>
      </trkpt>
      <trkpt lat="45.866760000" lon="6.490230000">
        <ele>1193.000</ele>
      </trkpt>
      <trkpt lat="45.866710000" lon="6.490170000">
        <ele>1194.000</ele>
      </trkpt>
      <trkpt lat="45.866610000" lon="6.490090000">
        <ele>1195.000</ele>
      </trkpt>
      <trkpt lat="45.866570000" lon="6.490060000">
        <ele>1195.000</ele>
      </trkpt>
      <trkpt lat="45.866520000" lon="6.490010000">
        <ele>1196.000</ele>
      </trkpt>
      <trkpt lat="45.866490000" lon="6.489970000">
        <ele>1196.000</ele>
      </trkpt>
      <trkpt lat="45.866460000" lon="6.489910000">
        <ele>1197.000</ele>
      </trkpt>
      <trkpt lat="45.866440000" lon="6.489860000">
        <ele>1197.000</ele>
      </trkpt>
      <trkpt lat="45.866390000" lon="6.489730000">
        <ele>1198.000</ele>
      </trkpt>
      <trkpt lat="45.866310000" lon="6.489480000">
        <ele>1198.000</ele>
      </trkpt>
      <trkpt lat="45.866270000" lon="6.489320000">
        <ele>1199.000</ele>
      </trkpt>
      <trkpt lat="45.866250000" lon="6.489220000">
        <ele>1200.000</ele>
      </trkpt>
      <trkpt lat="45.866240000" lon="6.489170000">
        <ele>1200.000</ele>
      </trkpt>
      <trkpt lat="45.866240000" lon="6.489100000">
        <ele>1201.000</ele>
      </trkpt>
      <trkpt lat="45.866240000" lon="6.489040000">
        <ele>1201.000</ele>
      </trkpt>
      <trkpt lat="45.866260000" lon="6.488850000">
        <ele>1202.000</ele>
      </trkpt>
      <trkpt lat="45.866280000" lon="6.488730000">
        <ele>1202.000</ele>
      </trkpt>
      <trkpt lat="45.866300000" lon="6.488630000">
        <ele>1203.000</ele>
      </trkpt>
      <trkpt lat="45.866330000" lon="6.488540000">
        <ele>1204.000</ele>
      </trkpt>
      <trkpt lat="45.866380000" lon="6.488460000">
        <ele>1204.000</ele>
      </trkpt>
      <trkpt lat="45.866510000" lon="6.488270000">
        <ele>1205.000</ele>
      </trkpt>
      <trkpt lat="45.866540000" lon="6.488220000">
        <ele>1206.000</ele>
      </trkpt>
      <trkpt lat="45.866560000" lon="6.488170000">
        <ele>1206.000</ele>
      </trkpt>
      <trkpt lat="45.866580000" lon="6.488120000">
        <ele>1207.000</ele>
      </trkpt>
      <trkpt lat="45.866620000" lon="6.487950000">
        <ele>1207.000</ele>
      </trkpt>
      <trkpt lat="45.866630000" lon="6.487910000">
        <ele>1208.000</ele>
      </trkpt>
      <trkpt lat="45.866650000" lon="6.487870000">
        <ele>1208.000</ele>
      </trkpt>
      <trkpt lat="45.866680000" lon="6.487820000">
        <ele>1208.000</ele>
      </trkpt>
      <trkpt lat="45.866700000" lon="6.487790000">
        <ele>1209.000</ele>
      </trkpt>
      <trkpt lat="45.866730000" lon="6.487760000">
        <ele>1209.000</ele>
      </trkpt>
      <trkpt lat="45.866820000" lon="6.487670000">
        <ele>1210.000</ele>
      </trkpt>
      <trkpt lat="45.866860000" lon="6.487630000">
        <ele>1210.000</ele>
      </trkpt>
      <trkpt lat="45.866880000" lon="6.487590000">
        <ele>1210.000</ele>
      </trkpt>
      <trkpt lat="45.866890000" lon="6.487540000">
        <ele>1211.000</ele>
      </trkpt>
      <trkpt lat="45.866900000" lon="6.487500000">
        <ele>1211.000</ele>
      </trkpt>
      <trkpt lat="45.866900000" lon="6.487450000">
        <ele>1211.000</ele>
      </trkpt>
      <trkpt lat="45.866890000" lon="6.487390000">
        <ele>1212.000</ele>
      </trkpt>
      <trkpt lat="45.866860000" lon="6.487180000">
        <ele>1212.000</ele>
      </trkpt>
      <trkpt lat="45.866850000" lon="6.487120000">
        <ele>1213.000</ele>
      </trkpt>
      <trkpt lat="45.866840000" lon="6.487010000">
        <ele>1213.000</ele>
      </trkpt>
      <trkpt lat="45.866840000" lon="6.486980000">
        <ele>1214.000</ele>
      </trkpt>
      <trkpt lat="45.866830000" lon="6.486880000">
        <ele>1214.000</ele>
      </trkpt>
      <trkpt lat="45.866820000" lon="6.486770000">
        <ele>1215.000</ele>
      </trkpt>
      <trkpt lat="45.866840000" lon="6.486700000">
        <ele>1215.000</ele>
      </trkpt>
      <trkpt lat="45.866860000" lon="6.486650000">
        <ele>1215.000</ele>
      </trkpt>
      <trkpt lat="45.866900000" lon="6.486620000">
        <ele>1216.000</ele>
      </trkpt>
      <trkpt lat="45.866940000" lon="6.486620000">
        <ele>1216.000</ele>
      </trkpt>
      <trkpt lat="45.866970000" lon="6.486630000">
        <ele>1216.000</ele>
      </trkpt>
      <trkpt lat="45.867000000" lon="6.486660000">
        <ele>1217.000</ele>
      </trkpt>
      <trkpt lat="45.867020000" lon="6.486710000">
        <ele>1217.000</ele>
      </trkpt>
      <trkpt lat="45.867050000" lon="6.486820000">
        <ele>1217.000</ele>
      </trkpt>
      <trkpt lat="45.867070000" lon="6.486990000">
        <ele>1218.000</ele>
      </trkpt>
      <trkpt lat="45.867090000" lon="6.487110000">
        <ele>1219.000</ele>
      </trkpt>
      <trkpt lat="45.867140000" lon="6.487220000">
        <ele>1219.000</ele>
      </trkpt>
      <trkpt lat="45.867220000" lon="6.487330000">
        <ele>1220.000</ele>
      </trkpt>
      <trkpt lat="45.867260000" lon="6.487420000">
        <ele>1221.000</ele>
      </trkpt>
      <trkpt lat="45.867290000" lon="6.487490000">
        <ele>1221.000</ele>
      </trkpt>
      <trkpt lat="45.867310000" lon="6.487570000">
        <ele>1222.000</ele>
      </trkpt>
      <trkpt lat="45.867310000" lon="6.487640000">
        <ele>1223.000</ele>
      </trkpt>
      <trkpt lat="45.867320000" lon="6.487910000">
        <ele>1224.000</ele>
      </trkpt>
      <trkpt lat="45.867330000" lon="6.488050000">
        <ele>1225.000</ele>
      </trkpt>
      <trkpt lat="45.867350000" lon="6.488120000">
        <ele>1226.000</ele>
      </trkpt>
      <trkpt lat="45.867450000" lon="6.488350000">
        <ele>1227.000</ele>
      </trkpt>
      <trkpt lat="45.867630000" lon="6.488640000">
        <ele>1229.000</ele>
      </trkpt>
      <trkpt lat="45.867690000" lon="6.488770000">
        <ele>1230.000</ele>
      </trkpt>
      <trkpt lat="45.867760000" lon="6.488960000">
        <ele>1231.000</ele>
      </trkpt>
      <trkpt lat="45.867810000" lon="6.489020000">
        <ele>1233.000</ele>
      </trkpt>
      <trkpt lat="45.867870000" lon="6.489080000">
        <ele>1234.000</ele>
      </trkpt>
      <trkpt lat="45.868060000" lon="6.489210000">
        <ele>1235.000</ele>
      </trkpt>
      <trkpt lat="45.868110000" lon="6.489260000">
        <ele>1236.000</ele>
      </trkpt>
      <trkpt lat="45.868280000" lon="6.489510000">
        <ele>1238.000</ele>
      </trkpt>
      <trkpt lat="45.868320000" lon="6.489550000">
        <ele>1239.000</ele>
      </trkpt>
      <trkpt lat="45.868360000" lon="6.489570000">
        <ele>1239.000</ele>
      </trkpt>
      <trkpt lat="45.868390000" lon="6.489580000">
        <ele>1240.000</ele>
      </trkpt>
      <trkpt lat="45.868430000" lon="6.489580000">
        <ele>1240.000</ele>
      </trkpt>
      <trkpt lat="45.868460000" lon="6.489560000">
        <ele>1241.000</ele>
      </trkpt>
      <trkpt lat="45.868490000" lon="6.489530000">
        <ele>1241.000</ele>
      </trkpt>
      <trkpt lat="45.868500000" lon="6.489490000">
        <ele>1241.000</ele>
      </trkpt>
      <trkpt lat="45.868510000" lon="6.489450000">
        <ele>1242.000</ele>
      </trkpt>
      <trkpt lat="45.868500000" lon="6.489390000">
        <ele>1242.000</ele>
      </trkpt>
      <trkpt lat="45.868480000" lon="6.489340000">
        <ele>1242.000</ele>
      </trkpt>
      <trkpt lat="45.868450000" lon="6.489300000">
        <ele>1242.000</ele>
      </trkpt>
      <trkpt lat="45.868330000" lon="6.489180000">
        <ele>1243.000</ele>
      </trkpt>
      <trkpt lat="45.868240000" lon="6.489080000">
        <ele>1243.000</ele>
      </trkpt>
      <trkpt lat="45.868210000" lon="6.489020000">
        <ele>1244.000</ele>
      </trkpt>
      <trkpt lat="45.868190000" lon="6.488930000">
        <ele>1244.000</ele>
      </trkpt>
      <trkpt lat="45.868150000" lon="6.488710000">
        <ele>1245.000</ele>
      </trkpt>
      <trkpt lat="45.868070000" lon="6.488190000">
        <ele>1246.000</ele>
      </trkpt>
      <trkpt lat="45.868050000" lon="6.488050000">
        <ele>1247.000</ele>
      </trkpt>
      <trkpt lat="45.868060000" lon="6.487920000">
        <ele>1248.000</ele>
      </trkpt>
      <trkpt lat="45.868070000" lon="6.487850000">
        <ele>1249.000</ele>
      </trkpt>
      <trkpt lat="45.868090000" lon="6.487800000">
        <ele>1250.000</ele>
      </trkpt>
      <trkpt lat="45.868120000" lon="6.487750000">
        <ele>1250.000</ele>
      </trkpt>
      <trkpt lat="45.868320000" lon="6.487540000">
        <ele>1251.000</ele>
      </trkpt>
      <trkpt lat="45.868380000" lon="6.487470000">
        <ele>1253.000</ele>
      </trkpt>
      <trkpt lat="45.868430000" lon="6.487370000">
        <ele>1254.000</ele>
      </trkpt>
      <trkpt lat="45.868470000" lon="6.487280000">
        <ele>1255.000</ele>
      </trkpt>
      <trkpt lat="45.868510000" lon="6.487170000">
        <ele>1255.000</ele>
      </trkpt>
      <trkpt lat="45.868760000" lon="6.486560000">
        <ele>1258.000</ele>
      </trkpt>
      <trkpt lat="45.868830000" lon="6.486340000">
        <ele>1260.000</ele>
      </trkpt>
      <trkpt lat="45.868870000" lon="6.486160000">
        <ele>1262.000</ele>
      </trkpt>
      <trkpt lat="45.868880000" lon="6.485920000">
        <ele>1264.000</ele>
      </trkpt>
      <trkpt lat="45.868880000" lon="6.485750000">
        <ele>1265.000</ele>
      </trkpt>
      <trkpt lat="45.868890000" lon="6.485450000">
        <ele>1267.000</ele>
      </trkpt>
      <trkpt lat="45.868910000" lon="6.485050000">
        <ele>1269.000</ele>
      </trkpt>
      <trkpt lat="45.868900000" lon="6.484950000">
        <ele>1270.000</ele>
      </trkpt>
      <trkpt lat="45.868880000" lon="6.484850000">
        <ele>1271.000</ele>
      </trkpt>
      <trkpt lat="45.868840000" lon="6.484740000">
        <ele>1272.000</ele>
      </trkpt>
      <trkpt lat="45.868790000" lon="6.484640000">
        <ele>1272.000</ele>
      </trkpt>
      <trkpt lat="45.868700000" lon="6.484490000">
        <ele>1273.000</ele>
      </trkpt>
      <trkpt lat="45.868510000" lon="6.484230000">
        <ele>1274.000</ele>
      </trkpt>
      <trkpt lat="45.868460000" lon="6.484150000">
        <ele>1275.000</ele>
      </trkpt>
      <trkpt lat="45.868440000" lon="6.484080000">
        <ele>1275.000</ele>
      </trkpt>
      <trkpt lat="45.868410000" lon="6.483990000">
        <ele>1276.000</ele>
      </trkpt>
      <trkpt lat="45.868410000" lon="6.483880000">
        <ele>1276.000</ele>
      </trkpt>
      <trkpt lat="45.868410000" lon="6.483770000">
        <ele>1277.000</ele>
      </trkpt>
      <trkpt lat="45.868450000" lon="6.483610000">
        <ele>1277.000</ele>
      </trkpt>
      <trkpt lat="45.868480000" lon="6.483540000">
        <ele>1278.000</ele>
      </trkpt>
      <trkpt lat="45.868530000" lon="6.483480000">
        <ele>1278.000</ele>
      </trkpt>
      <trkpt lat="45.868600000" lon="6.483450000">
        <ele>1279.000</ele>
      </trkpt>
      <trkpt lat="45.868670000" lon="6.483420000">
        <ele>1279.000</ele>
      </trkpt>
      <trkpt lat="45.868770000" lon="6.483410000">
        <ele>1280.000</ele>
      </trkpt>
      <trkpt lat="45.868830000" lon="6.483400000">
        <ele>1280.000</ele>
      </trkpt>
      <trkpt lat="45.868880000" lon="6.483370000">
        <ele>1281.000</ele>
      </trkpt>
      <trkpt lat="45.868940000" lon="6.483320000">
        <ele>1281.000</ele>
      </trkpt>
      <trkpt lat="45.868990000" lon="6.483210000">
        <ele>1282.000</ele>
      </trkpt>
      <trkpt lat="45.869040000" lon="6.483080000">
        <ele>1282.000</ele>
      </trkpt>
      <trkpt lat="45.869080000" lon="6.482920000">
        <ele>1283.000</ele>
      </trkpt>
      <trkpt lat="45.869090000" lon="6.482820000">
        <ele>1284.000</ele>
      </trkpt>
      <trkpt lat="45.869100000" lon="6.482540000">
        <ele>1285.000</ele>
      </trkpt>
      <trkpt lat="45.869120000" lon="6.482260000">
        <ele>1286.000</ele>
      </trkpt>
      <trkpt lat="45.869120000" lon="6.482150000">
        <ele>1287.000</ele>
      </trkpt>
      <trkpt lat="45.869100000" lon="6.482050000">
        <ele>1288.000</ele>
      </trkpt>
      <trkpt lat="45.869070000" lon="6.481960000">
        <ele>1288.000</ele>
      </trkpt>
      <trkpt lat="45.869070000" lon="6.481910000">
        <ele>1289.000</ele>
      </trkpt>
      <trkpt lat="45.869080000" lon="6.481850000">
        <ele>1290.000</ele>
      </trkpt>
      <trkpt lat="45.869100000" lon="6.481810000">
        <ele>1290.000</ele>
      </trkpt>
      <trkpt lat="45.869130000" lon="6.481790000">
        <ele>1290.000</ele>
      </trkpt>
      <trkpt lat="45.869150000" lon="6.481770000">
        <ele>1291.000</ele>
      </trkpt>
      <trkpt lat="45.869190000" lon="6.481780000">
        <ele>1291.000</ele>
      </trkpt>
      <trkpt lat="45.869220000" lon="6.481800000">
        <ele>1291.000</ele>
      </trkpt>
      <trkpt lat="45.869250000" lon="6.481830000">
        <ele>1292.000</ele>
      </trkpt>
      <trkpt lat="45.869270000" lon="6.481890000">
        <ele>1292.000</ele>
      </trkpt>
      <trkpt lat="45.869280000" lon="6.481940000">
        <ele>1292.000</ele>
      </trkpt>
      <trkpt lat="45.869280000" lon="6.481990000">
        <ele>1293.000</ele>
      </trkpt>
      <trkpt lat="45.869270000" lon="6.482260000">
        <ele>1293.000</ele>
      </trkpt>
      <trkpt lat="45.869280000" lon="6.482400000">
        <ele>1294.000</ele>
      </trkpt>
      <trkpt lat="45.869290000" lon="6.482460000">
        <ele>1295.000</ele>
      </trkpt>
      <trkpt lat="45.869320000" lon="6.482570000">
        <ele>1295.000</ele>
      </trkpt>
      <trkpt lat="45.869420000" lon="6.482800000">
        <ele>1296.000</ele>
      </trkpt>
      <trkpt lat="45.869450000" lon="6.482930000">
        <ele>1297.000</ele>
      </trkpt>
      <trkpt lat="45.869480000" lon="6.483150000">
        <ele>1298.000</ele>
      </trkpt>
      <trkpt lat="45.869510000" lon="6.483250000">
        <ele>1298.000</ele>
      </trkpt>
      <trkpt lat="45.869550000" lon="6.483310000">
        <ele>1299.000</ele>
      </trkpt>
      <trkpt lat="45.869610000" lon="6.483370000">
        <ele>1300.000</ele>
      </trkpt>
      <trkpt lat="45.869740000" lon="6.483460000">
        <ele>1300.000</ele>
      </trkpt>
      <trkpt lat="45.869900000" lon="6.483550000">
        <ele>1301.000</ele>
      </trkpt>
      <trkpt lat="45.870030000" lon="6.483640000">
        <ele>1302.000</ele>
      </trkpt>
      <trkpt lat="45.870080000" lon="6.483700000">
        <ele>1303.000</ele>
      </trkpt>
      <trkpt lat="45.870120000" lon="6.483750000">
        <ele>1304.000</ele>
      </trkpt>
      <trkpt lat="45.870140000" lon="6.483800000">
        <ele>1304.000</ele>
      </trkpt>
      <trkpt lat="45.870170000" lon="6.483890000">
        <ele>1305.000</ele>
      </trkpt>
      <trkpt lat="45.870240000" lon="6.484220000">
        <ele>1306.000</ele>
      </trkpt>
      <trkpt lat="45.870300000" lon="6.484410000">
        <ele>1307.000</ele>
      </trkpt>
      <trkpt lat="45.870330000" lon="6.484540000">
        <ele>1307.000</ele>
      </trkpt>
      <trkpt lat="45.870370000" lon="6.484850000">
        <ele>1308.000</ele>
      </trkpt>
      <trkpt lat="45.870470000" lon="6.485400000">
        <ele>1310.000</ele>
      </trkpt>
      <trkpt lat="45.870500000" lon="6.485550000">
        <ele>1311.000</ele>
      </trkpt>
      <trkpt lat="45.870530000" lon="6.485640000">
        <ele>1311.000</ele>
      </trkpt>
      <trkpt lat="45.870560000" lon="6.485700000">
        <ele>1312.000</ele>
      </trkpt>
      <trkpt lat="45.870630000" lon="6.485780000">
        <ele>1312.000</ele>
      </trkpt>
      <trkpt lat="45.871030000" lon="6.486130000">
        <ele>1314.000</ele>
      </trkpt>
      <trkpt lat="45.871070000" lon="6.486180000">
        <ele>1314.000</ele>
      </trkpt>
      <trkpt lat="45.871100000" lon="6.486240000">
        <ele>1315.000</ele>
      </trkpt>
      <trkpt lat="45.871120000" lon="6.486320000">
        <ele>1316.000</ele>
      </trkpt>
      <trkpt lat="45.871120000" lon="6.486400000">
        <ele>1316.000</ele>
      </trkpt>
      <trkpt lat="45.871090000" lon="6.486470000">
        <ele>1316.000</ele>
      </trkpt>
      <trkpt lat="45.871060000" lon="6.486520000">
        <ele>1317.000</ele>
      </trkpt>
      <trkpt lat="45.871020000" lon="6.486560000">
        <ele>1317.000</ele>
      </trkpt>
      <trkpt lat="45.870960000" lon="6.486580000">
        <ele>1317.000</ele>
      </trkpt>
      <trkpt lat="45.870830000" lon="6.486610000">
        <ele>1317.000</ele>
      </trkpt>
      <trkpt lat="45.870730000" lon="6.486660000">
        <ele>1317.000</ele>
      </trkpt>
      <trkpt lat="45.870650000" lon="6.486740000">
        <ele>1317.000</ele>
      </trkpt>
      <trkpt lat="45.870610000" lon="6.486800000">
        <ele>1317.000</ele>
      </trkpt>
      <trkpt lat="45.870560000" lon="6.486910000">
        <ele>1317.000</ele>
      </trkpt>
      <trkpt lat="45.870530000" lon="6.487020000">
        <ele>1317.000</ele>
      </trkpt>
      <trkpt lat="45.870510000" lon="6.487140000">
        <ele>1317.000</ele>
      </trkpt>
      <trkpt lat="45.870500000" lon="6.487270000">
        <ele>1317.000</ele>
      </trkpt>
      <trkpt lat="45.870510000" lon="6.487380000">
        <ele>1317.000</ele>
      </trkpt>
      <trkpt lat="45.870520000" lon="6.487460000">
        <ele>1317.000</ele>
      </trkpt>
      <trkpt lat="45.870540000" lon="6.487500000">
        <ele>1317.000</ele>
      </trkpt>
      <trkpt lat="45.870580000" lon="6.487550000">
        <ele>1317.000</ele>
      </trkpt>
      <trkpt lat="45.870620000" lon="6.487560000">
        <ele>1317.000</ele>
      </trkpt>
      <trkpt lat="45.870670000" lon="6.487560000">
        <ele>1317.000</ele>
      </trkpt>
      <trkpt lat="45.870700000" lon="6.487530000">
        <ele>1317.000</ele>
      </trkpt>
      <trkpt lat="45.870750000" lon="6.487470000">
        <ele>1317.000</ele>
      </trkpt>
      <trkpt lat="45.870880000" lon="6.487220000">
        <ele>1317.000</ele>
      </trkpt>
      <trkpt lat="45.870940000" lon="6.487120000">
        <ele>1317.000</ele>
      </trkpt>
      <trkpt lat="45.870980000" lon="6.486990000">
        <ele>1317.000</ele>
      </trkpt>
      <trkpt lat="45.871030000" lon="6.486900000">
        <ele>1317.000</ele>
      </trkpt>
      <trkpt lat="45.871070000" lon="6.486860000">
        <ele>1317.000</ele>
      </trkpt>
      <trkpt lat="45.871140000" lon="6.486810000">
        <ele>1318.000</ele>
      </trkpt>
      <trkpt lat="45.871400000" lon="6.486740000">
        <ele>1320.000</ele>
      </trkpt>
      <trkpt lat="45.871540000" lon="6.486680000">
        <ele>1322.000</ele>
      </trkpt>
      <trkpt lat="45.871570000" lon="6.486660000">
        <ele>1324.000</ele>
      </trkpt>
      <trkpt lat="45.871630000" lon="6.486610000">
        <ele>1326.000</ele>
      </trkpt>
      <trkpt lat="45.871670000" lon="6.486560000">
        <ele>1327.000</ele>
      </trkpt>
      <trkpt lat="45.871690000" lon="6.486510000">
        <ele>1328.000</ele>
      </trkpt>
      <trkpt lat="45.871710000" lon="6.486450000">
        <ele>1329.000</ele>
      </trkpt>
      <trkpt lat="45.871720000" lon="6.486390000">
        <ele>1330.000</ele>
      </trkpt>
      <trkpt lat="45.871720000" lon="6.486340000">
        <ele>1331.000</ele>
      </trkpt>
      <trkpt lat="45.871720000" lon="6.486280000">
        <ele>1332.000</ele>
      </trkpt>
      <trkpt lat="45.871710000" lon="6.486240000">
        <ele>1333.000</ele>
      </trkpt>
      <trkpt lat="45.871680000" lon="6.486140000">
        <ele>1334.000</ele>
      </trkpt>
      <trkpt lat="45.871670000" lon="6.486100000">
        <ele>1335.000</ele>
      </trkpt>
      <trkpt lat="45.871670000" lon="6.486050000">
        <ele>1336.000</ele>
      </trkpt>
      <trkpt lat="45.871680000" lon="6.485990000">
        <ele>1336.000</ele>
      </trkpt>
      <trkpt lat="45.871760000" lon="6.485810000">
        <ele>1338.000</ele>
      </trkpt>
      <trkpt lat="45.871790000" lon="6.485720000">
        <ele>1339.000</ele>
      </trkpt>
      <trkpt lat="45.871810000" lon="6.485640000">
        <ele>1341.000</ele>
      </trkpt>
      <trkpt lat="45.871820000" lon="6.485570000">
        <ele>1342.000</ele>
      </trkpt>
      <trkpt lat="45.871830000" lon="6.485500000">
        <ele>1343.000</ele>
      </trkpt>
      <trkpt lat="45.871830000" lon="6.485390000">
        <ele>1344.000</ele>
      </trkpt>
      <trkpt lat="45.871820000" lon="6.485290000">
        <ele>1346.000</ele>
      </trkpt>
      <trkpt lat="45.871810000" lon="6.485210000">
        <ele>1347.000</ele>
      </trkpt>
      <trkpt lat="45.871790000" lon="6.485150000">
        <ele>1348.000</ele>
      </trkpt>
      <trkpt lat="45.871770000" lon="6.485100000">
        <ele>1349.000</ele>
      </trkpt>
      <trkpt lat="45.871740000" lon="6.485030000">
        <ele>1350.000</ele>
      </trkpt>
      <trkpt lat="45.871690000" lon="6.484960000">
        <ele>1351.000</ele>
      </trkpt>
      <trkpt lat="45.871590000" lon="6.484870000">
        <ele>1352.000</ele>
      </trkpt>
      <trkpt lat="45.871520000" lon="6.484800000">
        <ele>1353.000</ele>
      </trkpt>
      <trkpt lat="45.871480000" lon="6.484740000">
        <ele>1353.000</ele>
      </trkpt>
      <trkpt lat="45.871460000" lon="6.484670000">
        <ele>1353.000</ele>
      </trkpt>
      <trkpt lat="45.871380000" lon="6.484400000">
        <ele>1353.000</ele>
      </trkpt>
      <trkpt lat="45.871350000" lon="6.484250000">
        <ele>1354.000</ele>
      </trkpt>
      <trkpt lat="45.871300000" lon="6.483840000">
        <ele>1354.000</ele>
      </trkpt>
      <trkpt lat="45.871260000" lon="6.483670000">
        <ele>1354.000</ele>
      </trkpt>
      <trkpt lat="45.871140000" lon="6.483260000">
        <ele>1354.000</ele>
      </trkpt>
      <trkpt lat="45.871110000" lon="6.483090000">
        <ele>1354.000</ele>
      </trkpt>
      <trkpt lat="45.871070000" lon="6.482930000">
        <ele>1354.000</ele>
      </trkpt>
      <trkpt lat="45.871000000" lon="6.482730000">
        <ele>1354.000</ele>
      </trkpt>
      <trkpt lat="45.870940000" lon="6.482600000">
        <ele>1354.000</ele>
      </trkpt>
      <trkpt lat="45.870830000" lon="6.482400000">
        <ele>1355.000</ele>
      </trkpt>
      <trkpt lat="45.870790000" lon="6.482330000">
        <ele>1356.000</ele>
      </trkpt>
      <trkpt lat="45.870780000" lon="6.482250000">
        <ele>1357.000</ele>
      </trkpt>
      <trkpt lat="45.870770000" lon="6.482190000">
        <ele>1358.000</ele>
      </trkpt>
      <trkpt lat="45.870800000" lon="6.482060000">
        <ele>1359.000</ele>
      </trkpt>
      <trkpt lat="45.870860000" lon="6.481820000">
        <ele>1361.000</ele>
      </trkpt>
      <trkpt lat="45.870960000" lon="6.481540000">
        <ele>1363.000</ele>
      </trkpt>
      <trkpt lat="45.871080000" lon="6.481220000">
        <ele>1366.000</ele>
      </trkpt>
      <trkpt lat="45.871100000" lon="6.481120000">
        <ele>1368.000</ele>
      </trkpt>
      <trkpt lat="45.871120000" lon="6.480730000">
        <ele>1371.000</ele>
      </trkpt>
      <trkpt lat="45.871140000" lon="6.480620000">
        <ele>1373.000</ele>
      </trkpt>
      <trkpt lat="45.871170000" lon="6.480540000">
        <ele>1375.000</ele>
      </trkpt>
      <trkpt lat="45.871210000" lon="6.480480000">
        <ele>1376.000</ele>
      </trkpt>
      <trkpt lat="45.871270000" lon="6.480450000">
        <ele>1378.000</ele>
      </trkpt>
      <trkpt lat="45.871320000" lon="6.480450000">
        <ele>1379.000</ele>
      </trkpt>
      <trkpt lat="45.871360000" lon="6.480470000">
        <ele>1380.000</ele>
      </trkpt>
      <trkpt lat="45.871400000" lon="6.480510000">
        <ele>1381.000</ele>
      </trkpt>
      <trkpt lat="45.871420000" lon="6.480570000">
        <ele>1381.000</ele>
      </trkpt>
      <trkpt lat="45.871430000" lon="6.480640000">
        <ele>1382.000</ele>
      </trkpt>
      <trkpt lat="45.871430000" lon="6.480720000">
        <ele>1383.000</ele>
      </trkpt>
      <trkpt lat="45.871380000" lon="6.480960000">
        <ele>1383.000</ele>
      </trkpt>
      <trkpt lat="45.871370000" lon="6.481070000">
        <ele>1384.000</ele>
      </trkpt>
      <trkpt lat="45.871380000" lon="6.481120000">
        <ele>1385.000</ele>
      </trkpt>
      <trkpt lat="45.871420000" lon="6.481210000">
        <ele>1385.000</ele>
      </trkpt>
      <trkpt lat="45.871440000" lon="6.481230000">
        <ele>1386.000</ele>
      </trkpt>
      <trkpt lat="45.871500000" lon="6.481240000">
        <ele>1386.000</ele>
      </trkpt>
      <trkpt lat="45.871520000" lon="6.481230000">
        <ele>1387.000</ele>
      </trkpt>
      <trkpt lat="45.871550000" lon="6.481210000">
        <ele>1387.000</ele>
      </trkpt>
      <trkpt lat="45.871580000" lon="6.481160000">
        <ele>1387.000</ele>
      </trkpt>
      <trkpt lat="45.871590000" lon="6.481110000">
        <ele>1388.000</ele>
      </trkpt>
      <trkpt lat="45.871600000" lon="6.480840000">
        <ele>1388.000</ele>
      </trkpt>
      <trkpt lat="45.871610000" lon="6.480730000">
        <ele>1389.000</ele>
      </trkpt>
      <trkpt lat="45.871630000" lon="6.480650000">
        <ele>1390.000</ele>
      </trkpt>
      <trkpt lat="45.871670000" lon="6.480600000">
        <ele>1390.000</ele>
      </trkpt>
      <trkpt lat="45.871750000" lon="6.480520000">
        <ele>1391.000</ele>
      </trkpt>
      <trkpt lat="45.871800000" lon="6.480460000">
        <ele>1391.000</ele>
      </trkpt>
      <trkpt lat="45.871820000" lon="6.480390000">
        <ele>1392.000</ele>
      </trkpt>
      <trkpt lat="45.871860000" lon="6.480240000">
        <ele>1393.000</ele>
      </trkpt>
      <trkpt lat="45.871870000" lon="6.480080000">
        <ele>1393.000</ele>
      </trkpt>
      <trkpt lat="45.871870000" lon="6.479960000">
        <ele>1394.000</ele>
      </trkpt>
      <trkpt lat="45.871820000" lon="6.479590000">
        <ele>1395.000</ele>
      </trkpt>
      <trkpt lat="45.871670000" lon="6.478640000">
        <ele>1396.000</ele>
      </trkpt>
      <trkpt lat="45.871660000" lon="6.478500000">
        <ele>1396.000</ele>
      </trkpt>
      <trkpt lat="45.871660000" lon="6.477970000">
        <ele>1396.000</ele>
      </trkpt>
      <trkpt lat="45.871670000" lon="6.477620000">
        <ele>1397.000</ele>
      </trkpt>
      <trkpt lat="45.871680000" lon="6.477500000">
        <ele>1397.000</ele>
      </trkpt>
      <trkpt lat="45.871720000" lon="6.477220000">
        <ele>1397.000</ele>
      </trkpt>
      <trkpt lat="45.871770000" lon="6.476890000">
        <ele>1397.000</ele>
      </trkpt>
      <trkpt lat="45.871820000" lon="6.476690000">
        <ele>1397.000</ele>
      </trkpt>
      <trkpt lat="45.871840000" lon="6.476620000">
        <ele>1398.000</ele>
      </trkpt>
      <trkpt lat="45.871910000" lon="6.476500000">
        <ele>1398.000</ele>
      </trkpt>
      <trkpt lat="45.871960000" lon="6.476440000">
        <ele>1399.000</ele>
      </trkpt>
      <trkpt lat="45.872110000" lon="6.476310000">
        <ele>1400.000</ele>
      </trkpt>
      <trkpt lat="45.872140000" lon="6.476260000">
        <ele>1401.000</ele>
      </trkpt>
      <trkpt lat="45.872150000" lon="6.476190000">
        <ele>1401.000</ele>
      </trkpt>
      <trkpt lat="45.872160000" lon="6.476100000">
        <ele>1402.000</ele>
      </trkpt>
      <trkpt lat="45.872140000" lon="6.475990000">
        <ele>1403.000</ele>
      </trkpt>
      <trkpt lat="45.872090000" lon="6.475870000">
        <ele>1404.000</ele>
      </trkpt>
      <trkpt lat="45.872040000" lon="6.475800000">
        <ele>1404.000</ele>
      </trkpt>
      <trkpt lat="45.871970000" lon="6.475670000">
        <ele>1405.000</ele>
      </trkpt>
      <trkpt lat="45.871950000" lon="6.475590000">
        <ele>1406.000</ele>
      </trkpt>
      <trkpt lat="45.871940000" lon="6.475500000">
        <ele>1407.000</ele>
      </trkpt>
      <trkpt lat="45.871940000" lon="6.475230000">
        <ele>1408.000</ele>
      </trkpt>
      <trkpt lat="45.871930000" lon="6.475130000">
        <ele>1409.000</ele>
      </trkpt>
      <trkpt lat="45.871920000" lon="6.475070000">
        <ele>1409.000</ele>
      </trkpt>
      <trkpt lat="45.871890000" lon="6.475020000">
        <ele>1410.000</ele>
      </trkpt>
      <trkpt lat="45.871870000" lon="6.474990000">
        <ele>1411.000</ele>
      </trkpt>
      <trkpt lat="45.871840000" lon="6.474970000">
        <ele>1411.000</ele>
      </trkpt>
      <trkpt lat="45.871800000" lon="6.474950000">
        <ele>1412.000</ele>
      </trkpt>
      <trkpt lat="45.871590000" lon="6.474950000">
        <ele>1413.000</ele>
      </trkpt>
      <trkpt lat="45.871540000" lon="6.474940000">
        <ele>1413.000</ele>
      </trkpt>
      <trkpt lat="45.871480000" lon="6.474900000">
        <ele>1414.000</ele>
      </trkpt>
      <trkpt lat="45.871460000" lon="6.474850000">
        <ele>1415.000</ele>
      </trkpt>
      <trkpt lat="45.871450000" lon="6.474790000">
        <ele>1415.000</ele>
      </trkpt>
      <trkpt lat="45.871470000" lon="6.474730000">
        <ele>1416.000</ele>
      </trkpt>
      <trkpt lat="45.871480000" lon="6.474700000">
        <ele>1416.000</ele>
      </trkpt>
      <trkpt lat="45.871510000" lon="6.474670000">
        <ele>1416.000</ele>
      </trkpt>
      <trkpt lat="45.871570000" lon="6.474660000">
        <ele>1417.000</ele>
      </trkpt>
      <trkpt lat="45.871800000" lon="6.474680000">
        <ele>1417.000</ele>
      </trkpt>
      <trkpt lat="45.871890000" lon="6.474670000">
        <ele>1418.000</ele>
      </trkpt>
      <trkpt lat="45.871940000" lon="6.474660000">
        <ele>1419.000</ele>
      </trkpt>
      <trkpt lat="45.871980000" lon="6.474640000">
        <ele>1419.000</ele>
      </trkpt>
      <trkpt lat="45.872000000" lon="6.474590000">
        <ele>1420.000</ele>
      </trkpt>
      <trkpt lat="45.872010000" lon="6.474540000">
        <ele>1420.000</ele>
      </trkpt>
      <trkpt lat="45.872010000" lon="6.474490000">
        <ele>1421.000</ele>
      </trkpt>
      <trkpt lat="45.871990000" lon="6.474450000">
        <ele>1421.000</ele>
      </trkpt>
      <trkpt lat="45.871970000" lon="6.474410000">
        <ele>1421.000</ele>
      </trkpt>
      <trkpt lat="45.871920000" lon="6.474370000">
        <ele>1422.000</ele>
      </trkpt>
      <trkpt lat="45.871830000" lon="6.474340000">
        <ele>1422.000</ele>
      </trkpt>
      <trkpt lat="45.871650000" lon="6.474290000">
        <ele>1423.000</ele>
      </trkpt>
      <trkpt lat="45.871600000" lon="6.474260000">
        <ele>1424.000</ele>
      </trkpt>
      <trkpt lat="45.871560000" lon="6.474210000">
        <ele>1424.000</ele>
      </trkpt>
      <trkpt lat="45.871540000" lon="6.474150000">
        <ele>1425.000</ele>
      </trkpt>
      <trkpt lat="45.871540000" lon="6.474080000">
        <ele>1425.000</ele>
      </trkpt>
      <trkpt lat="45.871560000" lon="6.474030000">
        <ele>1426.000</ele>
      </trkpt>
      <trkpt lat="45.871590000" lon="6.473980000">
        <ele>1426.000</ele>
      </trkpt>
      <trkpt lat="45.871640000" lon="6.473960000">
        <ele>1426.000</ele>
      </trkpt>
      <trkpt lat="45.871700000" lon="6.473960000">
        <ele>1427.000</ele>
      </trkpt>
      <trkpt lat="45.871920000" lon="6.474070000">
        <ele>1428.000</ele>
      </trkpt>
      <trkpt lat="45.872090000" lon="6.474160000">
        <ele>1429.000</ele>
      </trkpt>
      <trkpt lat="45.872200000" lon="6.474240000">
        <ele>1430.000</ele>
      </trkpt>
      <trkpt lat="45.872230000" lon="6.474250000">
        <ele>1431.000</ele>
      </trkpt>
      <trkpt lat="45.872270000" lon="6.474240000">
        <ele>1432.000</ele>
      </trkpt>
      <trkpt lat="45.872290000" lon="6.474220000">
        <ele>1432.000</ele>
      </trkpt>
      <trkpt lat="45.872310000" lon="6.474180000">
        <ele>1433.000</ele>
      </trkpt>
      <trkpt lat="45.872320000" lon="6.474140000">
        <ele>1433.000</ele>
      </trkpt>
      <trkpt lat="45.872320000" lon="6.474080000">
        <ele>1433.000</ele>
      </trkpt>
      <trkpt lat="45.872300000" lon="6.474010000">
        <ele>1434.000</ele>
      </trkpt>
      <trkpt lat="45.872270000" lon="6.473950000">
        <ele>1434.000</ele>
      </trkpt>
      <trkpt lat="45.872140000" lon="6.473760000">
        <ele>1435.000</ele>
      </trkpt>
      <trkpt lat="45.872080000" lon="6.473660000">
        <ele>1436.000</ele>
      </trkpt>
      <trkpt lat="45.871970000" lon="6.473390000">
        <ele>1437.000</ele>
      </trkpt>
      <trkpt lat="45.871930000" lon="6.473330000">
        <ele>1438.000</ele>
      </trkpt>
      <trkpt lat="45.871740000" lon="6.473050000">
        <ele>1440.000</ele>
      </trkpt>
      <trkpt lat="45.871680000" lon="6.472940000">
        <ele>1441.000</ele>
      </trkpt>
      <trkpt lat="45.871620000" lon="6.472730000">
        <ele>1443.000</ele>
      </trkpt>
      <trkpt lat="45.871530000" lon="6.472420000">
        <ele>1444.000</ele>
      </trkpt>
      <trkpt lat="45.871480000" lon="6.472220000">
        <ele>1446.000</ele>
      </trkpt>
      <trkpt lat="45.871410000" lon="6.471980000">
        <ele>1447.000</ele>
      </trkpt>
      <trkpt lat="45.871370000" lon="6.471870000">
        <ele>1449.000</ele>
      </trkpt>
      <trkpt lat="45.871270000" lon="6.471680000">
        <ele>1450.000</ele>
      </trkpt>
      <trkpt lat="45.871200000" lon="6.471530000">
        <ele>1451.000</ele>
      </trkpt>
      <trkpt lat="45.871130000" lon="6.471310000">
        <ele>1453.000</ele>
      </trkpt>
      <trkpt lat="45.871050000" lon="6.471010000">
        <ele>1454.000</ele>
      </trkpt>
      <trkpt lat="45.871010000" lon="6.470800000">
        <ele>1456.000</ele>
      </trkpt>
      <trkpt lat="45.870970000" lon="6.470290000">
        <ele>1458.000</ele>
      </trkpt>
      <trkpt lat="45.870900000" lon="6.469740000">
        <ele>1460.000</ele>
      </trkpt>
      <trkpt lat="45.870900000" lon="6.469590000">
        <ele>1462.000</ele>
      </trkpt>
      <trkpt lat="45.870910000" lon="6.469510000">
        <ele>1464.000</ele>
      </trkpt>
      <trkpt lat="45.870940000" lon="6.469370000">
        <ele>1465.000</ele>
      </trkpt>
      <trkpt lat="45.871010000" lon="6.469220000">
        <ele>1466.000</ele>
      </trkpt>
      <trkpt lat="45.871120000" lon="6.469010000">
        <ele>1468.000</ele>
      </trkpt>
      <trkpt lat="45.871200000" lon="6.468890000">
        <ele>1469.000</ele>
      </trkpt>
      <trkpt lat="45.871300000" lon="6.468780000">
        <ele>1470.000</ele>
      </trkpt>
      <trkpt lat="45.871400000" lon="6.468680000">
        <ele>1471.000</ele>
      </trkpt>
      <trkpt lat="45.871460000" lon="6.468600000">
        <ele>1472.000</ele>
      </trkpt>
      <trkpt lat="45.871500000" lon="6.468520000">
        <ele>1473.000</ele>
      </trkpt>
      <trkpt lat="45.871520000" lon="6.468460000">
        <ele>1473.000</ele>
      </trkpt>
      <trkpt lat="45.871600000" lon="6.467810000">
        <ele>1475.000</ele>
      </trkpt>
      <trkpt lat="45.871600000" lon="6.467670000">
        <ele>1476.000</ele>
      </trkpt>
      <trkpt lat="45.871600000" lon="6.467530000">
        <ele>1477.000</ele>
      </trkpt>
      <trkpt lat="45.871590000" lon="6.467380000">
        <ele>1478.000</ele>
      </trkpt>
      <trkpt lat="45.871590000" lon="6.467210000">
        <ele>1479.000</ele>
      </trkpt>
      <trkpt lat="45.871610000" lon="6.466950000">
        <ele>1480.000</ele>
      </trkpt>
      <trkpt lat="45.871630000" lon="6.466790000">
        <ele>1480.000</ele>
      </trkpt>
      <trkpt lat="45.871650000" lon="6.466710000">
        <ele>1481.000</ele>
      </trkpt>
      <trkpt lat="45.871680000" lon="6.466630000">
        <ele>1481.000</ele>
      </trkpt>
      <trkpt lat="45.871740000" lon="6.466480000">
        <ele>1482.000</ele>
      </trkpt>
      <trkpt lat="45.871810000" lon="6.466320000">
        <ele>1482.000</ele>
      </trkpt>
      <trkpt lat="45.871860000" lon="6.466110000">
        <ele>1482.000</ele>
      </trkpt>
      <trkpt lat="45.871880000" lon="6.465980000">
        <ele>1483.000</ele>
      </trkpt>
      <trkpt lat="45.871880000" lon="6.465890000">
        <ele>1483.000</ele>
      </trkpt>
      <trkpt lat="45.871910000" lon="6.465730000">
        <ele>1483.000</ele>
      </trkpt>
      <trkpt lat="45.871970000" lon="6.465530000">
        <ele>1484.000</ele>
      </trkpt>
      <trkpt lat="45.871990000" lon="6.465490000">
        <ele>1484.000</ele>
      </trkpt>
      <trkpt lat="45.872080000" lon="6.465280000">
        <ele>1484.000</ele>
      </trkpt>
      <trkpt lat="45.872100000" lon="6.465220000">
        <ele>1484.000</ele>
      </trkpt>
      <trkpt lat="45.872240000" lon="6.464950000">
        <ele>1485.000</ele>
      </trkpt>
      <trkpt lat="45.872270000" lon="6.464890000">
        <ele>1485.000</ele>
      </trkpt>
      <trkpt lat="45.872280000" lon="6.464870000">
        <ele>1485.000</ele>
      </trkpt>
      <trkpt lat="45.872300000" lon="6.464830000">
        <ele>1485.000</ele>
      </trkpt>
      <trkpt lat="45.872380000" lon="6.464650000">
        <ele>1485.000</ele>
      </trkpt>
      <trkpt lat="45.872720000" lon="6.463920000">
        <ele>1484.000</ele>
      </trkpt>
      <trkpt lat="45.873220000" lon="6.462800000">
        <ele>1483.000</ele>
      </trkpt>
      <trkpt lat="45.873840000" lon="6.461460000">
        <ele>1480.000</ele>
      </trkpt>
      <trkpt lat="45.873930000" lon="6.461210000">
        <ele>1478.000</ele>
      </trkpt>
      <trkpt lat="45.873990000" lon="6.461000000">
        <ele>1477.000</ele>
      </trkpt>
      <trkpt lat="45.874030000" lon="6.460790000">
        <ele>1476.000</ele>
      </trkpt>
      <trkpt lat="45.874050000" lon="6.460660000">
        <ele>1475.000</ele>
      </trkpt>
      <trkpt lat="45.874060000" lon="6.460440000">
        <ele>1474.000</ele>
      </trkpt>
      <trkpt lat="45.874090000" lon="6.459290000">
        <ele>1472.000</ele>
      </trkpt>
      <trkpt lat="45.874150000" lon="6.457790000">
        <ele>1470.000</ele>
      </trkpt>
      <trkpt lat="45.874170000" lon="6.457570000">
        <ele>1467.000</ele>
      </trkpt>
      <trkpt lat="45.874220000" lon="6.457350000">
        <ele>1465.000</ele>
      </trkpt>
      <trkpt lat="45.874280000" lon="6.457130000">
        <ele>1463.000</ele>
      </trkpt>
      <trkpt lat="45.874340000" lon="6.456970000">
        <ele>1462.000</ele>
      </trkpt>
      <trkpt lat="45.874430000" lon="6.456780000">
        <ele>1460.000</ele>
      </trkpt>
      <trkpt lat="45.874530000" lon="6.456590000">
        <ele>1458.000</ele>
      </trkpt>
      <trkpt lat="45.874720000" lon="6.456310000">
        <ele>1456.000</ele>
      </trkpt>
      <trkpt lat="45.874960000" lon="6.456030000">
        <ele>1454.000</ele>
      </trkpt>
      <trkpt lat="45.875140000" lon="6.455820000">
        <ele>1451.000</ele>
      </trkpt>
      <trkpt lat="45.875300000" lon="6.455660000">
        <ele>1449.000</ele>
      </trkpt>
      <trkpt lat="45.875490000" lon="6.455500000">
        <ele>1447.000</ele>
      </trkpt>
      <trkpt lat="45.876000000" lon="6.455190000">
        <ele>1446.000</ele>
      </trkpt>
      <trkpt lat="45.876070000" lon="6.455130000">
        <ele>1444.000</ele>
      </trkpt>
      <trkpt lat="45.876100000" lon="6.455080000">
        <ele>1443.000</ele>
      </trkpt>
      <trkpt lat="45.876120000" lon="6.455020000">
        <ele>1443.000</ele>
      </trkpt>
      <trkpt lat="45.876130000" lon="6.454950000">
        <ele>1442.000</ele>
      </trkpt>
      <trkpt lat="45.876120000" lon="6.454880000">
        <ele>1442.000</ele>
      </trkpt>
      <trkpt lat="45.876100000" lon="6.454830000">
        <ele>1441.000</ele>
      </trkpt>
      <trkpt lat="45.876070000" lon="6.454780000">
        <ele>1441.000</ele>
      </trkpt>
      <trkpt lat="45.876030000" lon="6.454740000">
        <ele>1441.000</ele>
      </trkpt>
      <trkpt lat="45.875980000" lon="6.454720000">
        <ele>1441.000</ele>
      </trkpt>
      <trkpt lat="45.875930000" lon="6.454720000">
        <ele>1441.000</ele>
      </trkpt>
      <trkpt lat="45.875870000" lon="6.454730000">
        <ele>1440.000</ele>
      </trkpt>
      <trkpt lat="45.875730000" lon="6.454780000">
        <ele>1440.000</ele>
      </trkpt>
      <trkpt lat="45.875430000" lon="6.454900000">
        <ele>1440.000</ele>
      </trkpt>
      <trkpt lat="45.874770000" lon="6.455100000">
        <ele>1439.000</ele>
      </trkpt>
      <trkpt lat="45.874150000" lon="6.455290000">
        <ele>1438.000</ele>
      </trkpt>
      <trkpt lat="45.873890000" lon="6.455360000">
        <ele>1437.000</ele>
      </trkpt>
      <trkpt lat="45.873800000" lon="6.455360000">
        <ele>1436.000</ele>
      </trkpt>
      <trkpt lat="45.873750000" lon="6.455330000">
        <ele>1436.000</ele>
      </trkpt>
      <trkpt lat="45.873710000" lon="6.455290000">
        <ele>1435.000</ele>
      </trkpt>
      <trkpt lat="45.873670000" lon="6.455250000">
        <ele>1435.000</ele>
      </trkpt>
      <trkpt lat="45.873650000" lon="6.455170000">
        <ele>1435.000</ele>
      </trkpt>
      <trkpt lat="45.873640000" lon="6.455100000">
        <ele>1434.000</ele>
      </trkpt>
      <trkpt lat="45.873650000" lon="6.455010000">
        <ele>1434.000</ele>
      </trkpt>
      <trkpt lat="45.873700000" lon="6.454910000">
        <ele>1434.000</ele>
      </trkpt>
      <trkpt lat="45.873760000" lon="6.454840000">
        <ele>1433.000</ele>
      </trkpt>
      <trkpt lat="45.873860000" lon="6.454780000">
        <ele>1433.000</ele>
      </trkpt>
      <trkpt lat="45.874620000" lon="6.454450000">
        <ele>1430.000</ele>
      </trkpt>
      <trkpt lat="45.875220000" lon="6.454160000">
        <ele>1427.000</ele>
      </trkpt>
      <trkpt lat="45.875410000" lon="6.454050000">
        <ele>1425.000</ele>
      </trkpt>
      <trkpt lat="45.875530000" lon="6.453950000">
        <ele>1423.000</ele>
      </trkpt>
      <trkpt lat="45.875700000" lon="6.453780000">
        <ele>1421.000</ele>
      </trkpt>
      <trkpt lat="45.876190000" lon="6.453250000">
        <ele>1417.000</ele>
      </trkpt>
      <trkpt lat="45.876440000" lon="6.453030000">
        <ele>1414.000</ele>
      </trkpt>
      <trkpt lat="45.876580000" lon="6.452920000">
        <ele>1412.000</ele>
      </trkpt>
      <trkpt lat="45.876730000" lon="6.452830000">
        <ele>1410.000</ele>
      </trkpt>
      <trkpt lat="45.877440000" lon="6.452400000">
        <ele>1406.000</ele>
      </trkpt>
      <trkpt lat="45.877670000" lon="6.452250000">
        <ele>1403.000</ele>
      </trkpt>
      <trkpt lat="45.878240000" lon="6.451920000">
        <ele>1400.000</ele>
      </trkpt>
      <trkpt lat="45.878410000" lon="6.451820000">
        <ele>1397.000</ele>
      </trkpt>
      <trkpt lat="45.878520000" lon="6.451740000">
        <ele>1395.000</ele>
      </trkpt>
      <trkpt lat="45.878610000" lon="6.451650000">
        <ele>1394.000</ele>
      </trkpt>
      <trkpt lat="45.878830000" lon="6.451370000">
        <ele>1392.000</ele>
      </trkpt>
      <trkpt lat="45.878900000" lon="6.451280000">
        <ele>1391.000</ele>
      </trkpt>
      <trkpt lat="45.878940000" lon="6.451210000">
        <ele>1390.000</ele>
      </trkpt>
      <trkpt lat="45.878980000" lon="6.451130000">
        <ele>1389.000</ele>
      </trkpt>
      <trkpt lat="45.879000000" lon="6.451070000">
        <ele>1388.000</ele>
      </trkpt>
      <trkpt lat="45.879010000" lon="6.450990000">
        <ele>1388.000</ele>
      </trkpt>
      <trkpt lat="45.879000000" lon="6.450920000">
        <ele>1387.000</ele>
      </trkpt>
      <trkpt lat="45.878980000" lon="6.450850000">
        <ele>1387.000</ele>
      </trkpt>
      <trkpt lat="45.878950000" lon="6.450810000">
        <ele>1386.000</ele>
      </trkpt>
      <trkpt lat="45.878910000" lon="6.450780000">
        <ele>1386.000</ele>
      </trkpt>
      <trkpt lat="45.878860000" lon="6.450750000">
        <ele>1386.000</ele>
      </trkpt>
      <trkpt lat="45.878790000" lon="6.450740000">
        <ele>1385.000</ele>
      </trkpt>
      <trkpt lat="45.878490000" lon="6.450910000">
        <ele>1384.000</ele>
      </trkpt>
      <trkpt lat="45.878380000" lon="6.450950000">
        <ele>1383.000</ele>
      </trkpt>
      <trkpt lat="45.878330000" lon="6.450960000">
        <ele>1382.000</ele>
      </trkpt>
      <trkpt lat="45.878240000" lon="6.450970000">
        <ele>1382.000</ele>
      </trkpt>
      <trkpt lat="45.878140000" lon="6.450960000">
        <ele>1381.000</ele>
      </trkpt>
      <trkpt lat="45.878020000" lon="6.450940000">
        <ele>1380.000</ele>
      </trkpt>
      <trkpt lat="45.877810000" lon="6.450880000">
        <ele>1379.000</ele>
      </trkpt>
      <trkpt lat="45.877660000" lon="6.450870000">
        <ele>1378.000</ele>
      </trkpt>
      <trkpt lat="45.877520000" lon="6.450900000">
        <ele>1377.000</ele>
      </trkpt>
      <trkpt lat="45.877380000" lon="6.450950000">
        <ele>1376.000</ele>
      </trkpt>
      <trkpt lat="45.877270000" lon="6.451030000">
        <ele>1374.000</ele>
      </trkpt>
      <trkpt lat="45.877150000" lon="6.451140000">
        <ele>1373.000</ele>
      </trkpt>
      <trkpt lat="45.877080000" lon="6.451180000">
        <ele>1372.000</ele>
      </trkpt>
      <trkpt lat="45.876990000" lon="6.451200000">
        <ele>1371.000</ele>
      </trkpt>
      <trkpt lat="45.876930000" lon="6.451180000">
        <ele>1370.000</ele>
      </trkpt>
      <trkpt lat="45.876870000" lon="6.451130000">
        <ele>1369.000</ele>
      </trkpt>
      <trkpt lat="45.876850000" lon="6.451040000">
        <ele>1368.000</ele>
      </trkpt>
      <trkpt lat="45.876840000" lon="6.450980000">
        <ele>1368.000</ele>
      </trkpt>
      <trkpt lat="45.876850000" lon="6.450860000">
        <ele>1367.000</ele>
      </trkpt>
      <trkpt lat="45.876900000" lon="6.450750000">
        <ele>1366.000</ele>
      </trkpt>
      <trkpt lat="45.877410000" lon="6.450070000">
        <ele>1363.000</ele>
      </trkpt>
      <trkpt lat="45.877740000" lon="6.449620000">
        <ele>1359.000</ele>
      </trkpt>
      <trkpt lat="45.877870000" lon="6.449460000">
        <ele>1356.000</ele>
      </trkpt>
      <trkpt lat="45.878040000" lon="6.449300000">
        <ele>1354.000</ele>
      </trkpt>
      <trkpt lat="45.878150000" lon="6.449200000">
        <ele>1352.000</ele>
      </trkpt>
      <trkpt lat="45.878770000" lon="6.448790000">
        <ele>1349.000</ele>
      </trkpt>
      <trkpt lat="45.879270000" lon="6.448440000">
        <ele>1346.000</ele>
      </trkpt>
      <trkpt lat="45.879570000" lon="6.448200000">
        <ele>1343.000</ele>
      </trkpt>
      <trkpt lat="45.879670000" lon="6.448090000">
        <ele>1341.000</ele>
      </trkpt>
      <trkpt lat="45.879740000" lon="6.447970000">
        <ele>1340.000</ele>
      </trkpt>
      <trkpt lat="45.879790000" lon="6.447870000">
        <ele>1338.000</ele>
      </trkpt>
      <trkpt lat="45.879840000" lon="6.447710000">
        <ele>1338.000</ele>
      </trkpt>
      <trkpt lat="45.879940000" lon="6.447230000">
        <ele>1336.000</ele>
      </trkpt>
      <trkpt lat="45.879990000" lon="6.447070000">
        <ele>1336.000</ele>
      </trkpt>
      <trkpt lat="45.880040000" lon="6.446960000">
        <ele>1335.000</ele>
      </trkpt>
      <trkpt lat="45.880210000" lon="6.446720000">
        <ele>1334.000</ele>
      </trkpt>
      <trkpt lat="45.880360000" lon="6.446560000">
        <ele>1333.000</ele>
      </trkpt>
      <trkpt lat="45.880360000" lon="6.446560000">
        <ele>1333.000</ele>
      </trkpt>
      <trkpt lat="45.880460000" lon="6.446460000">
        <ele>1332.000</ele>
      </trkpt>
      <trkpt lat="45.880590000" lon="6.446320000">
        <ele>1332.000</ele>
      </trkpt>
      <trkpt lat="45.880820000" lon="6.446070000">
        <ele>1331.000</ele>
      </trkpt>
      <trkpt lat="45.880900000" lon="6.445970000">
        <ele>1330.000</ele>
      </trkpt>
      <trkpt lat="45.880980000" lon="6.445860000">
        <ele>1330.000</ele>
      </trkpt>
      <trkpt lat="45.881040000" lon="6.445740000">
        <ele>1329.000</ele>
      </trkpt>
      <trkpt lat="45.881100000" lon="6.445620000">
        <ele>1329.000</ele>
      </trkpt>
      <trkpt lat="45.881170000" lon="6.445420000">
        <ele>1328.000</ele>
      </trkpt>
      <trkpt lat="45.881290000" lon="6.445020000">
        <ele>1327.000</ele>
      </trkpt>
      <trkpt lat="45.881410000" lon="6.444720000">
        <ele>1326.000</ele>
      </trkpt>
      <trkpt lat="45.881500000" lon="6.444540000">
        <ele>1325.000</ele>
      </trkpt>
      <trkpt lat="45.881600000" lon="6.444380000">
        <ele>1324.000</ele>
      </trkpt>
      <trkpt lat="45.881780000" lon="6.444100000">
        <ele>1323.000</ele>
      </trkpt>
      <trkpt lat="45.881800000" lon="6.444040000">
        <ele>1322.000</ele>
      </trkpt>
      <trkpt lat="45.881810000" lon="6.443960000">
        <ele>1322.000</ele>
      </trkpt>
      <trkpt lat="45.881810000" lon="6.443900000">
        <ele>1321.000</ele>
      </trkpt>
      <trkpt lat="45.881790000" lon="6.443830000">
        <ele>1321.000</ele>
      </trkpt>
      <trkpt lat="45.881750000" lon="6.443770000">
        <ele>1320.000</ele>
      </trkpt>
      <trkpt lat="45.881710000" lon="6.443730000">
        <ele>1319.000</ele>
      </trkpt>
      <trkpt lat="45.881660000" lon="6.443710000">
        <ele>1319.000</ele>
      </trkpt>
      <trkpt lat="45.881600000" lon="6.443720000">
        <ele>1318.000</ele>
      </trkpt>
      <trkpt lat="45.881540000" lon="6.443740000">
        <ele>1317.000</ele>
      </trkpt>
      <trkpt lat="45.881370000" lon="6.443890000">
        <ele>1316.000</ele>
      </trkpt>
      <trkpt lat="45.881010000" lon="6.444190000">
        <ele>1314.000</ele>
      </trkpt>
      <trkpt lat="45.880580000" lon="6.444540000">
        <ele>1310.000</ele>
      </trkpt>
      <trkpt lat="45.880490000" lon="6.444600000">
        <ele>1307.000</ele>
      </trkpt>
      <trkpt lat="45.880400000" lon="6.444610000">
        <ele>1305.000</ele>
      </trkpt>
      <trkpt lat="45.880350000" lon="6.444600000">
        <ele>1303.000</ele>
      </trkpt>
      <trkpt lat="45.880300000" lon="6.444550000">
        <ele>1302.000</ele>
      </trkpt>
      <trkpt lat="45.880280000" lon="6.444510000">
        <ele>1301.000</ele>
      </trkpt>
      <trkpt lat="45.880260000" lon="6.444480000">
        <ele>1300.000</ele>
      </trkpt>
      <trkpt lat="45.880230000" lon="6.444360000">
        <ele>1299.000</ele>
      </trkpt>
      <trkpt lat="45.880230000" lon="6.444270000">
        <ele>1298.000</ele>
      </trkpt>
      <trkpt lat="45.880240000" lon="6.444180000">
        <ele>1298.000</ele>
      </trkpt>
      <trkpt lat="45.880270000" lon="6.444080000">
        <ele>1297.000</ele>
      </trkpt>
      <trkpt lat="45.880330000" lon="6.443960000">
        <ele>1296.000</ele>
      </trkpt>
      <trkpt lat="45.880550000" lon="6.443630000">
        <ele>1295.000</ele>
      </trkpt>
      <trkpt lat="45.880700000" lon="6.443410000">
        <ele>1294.000</ele>
      </trkpt>
      <trkpt lat="45.880790000" lon="6.443320000">
        <ele>1293.000</ele>
      </trkpt>
      <trkpt lat="45.880980000" lon="6.443220000">
        <ele>1291.000</ele>
      </trkpt>
      <trkpt lat="45.881070000" lon="6.443180000">
        <ele>1290.000</ele>
      </trkpt>
      <trkpt lat="45.881160000" lon="6.443130000">
        <ele>1289.000</ele>
      </trkpt>
      <trkpt lat="45.881240000" lon="6.443060000">
        <ele>1288.000</ele>
      </trkpt>
      <trkpt lat="45.881310000" lon="6.442980000">
        <ele>1287.000</ele>
      </trkpt>
      <trkpt lat="45.881370000" lon="6.442880000">
        <ele>1286.000</ele>
      </trkpt>
      <trkpt lat="45.881550000" lon="6.442560000">
        <ele>1285.000</ele>
      </trkpt>
      <trkpt lat="45.881620000" lon="6.442480000">
        <ele>1284.000</ele>
      </trkpt>
      <trkpt lat="45.881690000" lon="6.442420000">
        <ele>1283.000</ele>
      </trkpt>
      <trkpt lat="45.881880000" lon="6.442340000">
        <ele>1282.000</ele>
      </trkpt>
      <trkpt lat="45.881990000" lon="6.442270000">
        <ele>1281.000</ele>
      </trkpt>
      <trkpt lat="45.882060000" lon="6.442190000">
        <ele>1280.000</ele>
      </trkpt>
      <trkpt lat="45.882150000" lon="6.442040000">
        <ele>1280.000</ele>
      </trkpt>
      <trkpt lat="45.882370000" lon="6.441550000">
        <ele>1278.000</ele>
      </trkpt>
      <trkpt lat="45.882410000" lon="6.441450000">
        <ele>1277.000</ele>
      </trkpt>
      <trkpt lat="45.882460000" lon="6.441340000">
        <ele>1276.000</ele>
      </trkpt>
      <trkpt lat="45.882570000" lon="6.441040000">
        <ele>1275.000</ele>
      </trkpt>
      <trkpt lat="45.882640000" lon="6.440790000">
        <ele>1274.000</ele>
      </trkpt>
      <trkpt lat="45.882690000" lon="6.440590000">
        <ele>1273.000</ele>
      </trkpt>
      <trkpt lat="45.882730000" lon="6.440430000">
        <ele>1272.000</ele>
      </trkpt>
      <trkpt lat="45.882780000" lon="6.440060000">
        <ele>1271.000</ele>
      </trkpt>
      <trkpt lat="45.882790000" lon="6.440040000">
        <ele>1271.000</ele>
      </trkpt>
      <trkpt lat="45.882820000" lon="6.439760000">
        <ele>1270.000</ele>
      </trkpt>
      <trkpt lat="45.882820000" lon="6.439730000">
        <ele>1270.000</ele>
      </trkpt>
      <trkpt lat="45.882880000" lon="6.439450000">
        <ele>1270.000</ele>
      </trkpt>
      <trkpt lat="45.882920000" lon="6.439340000">
        <ele>1270.000</ele>
      </trkpt>
      <trkpt lat="45.882970000" lon="6.439220000">
        <ele>1269.000</ele>
      </trkpt>
      <trkpt lat="45.883160000" lon="6.438830000">
        <ele>1269.000</ele>
      </trkpt>
      <trkpt lat="45.883330000" lon="6.438540000">
        <ele>1269.000</ele>
      </trkpt>
      <trkpt lat="45.883400000" lon="6.438390000">
        <ele>1268.000</ele>
      </trkpt>
      <trkpt lat="45.883450000" lon="6.438240000">
        <ele>1268.000</ele>
      </trkpt>
      <trkpt lat="45.883500000" lon="6.438060000">
        <ele>1267.000</ele>
      </trkpt>
      <trkpt lat="45.883590000" lon="6.437540000">
        <ele>1265.000</ele>
      </trkpt>
      <trkpt lat="45.883630000" lon="6.437370000">
        <ele>1263.000</ele>
      </trkpt>
      <trkpt lat="45.883780000" lon="6.436880000">
        <ele>1260.000</ele>
      </trkpt>
      <trkpt lat="45.883920000" lon="6.436310000">
        <ele>1256.000</ele>
      </trkpt>
      <trkpt lat="45.883980000" lon="6.436150000">
        <ele>1252.000</ele>
      </trkpt>
      <trkpt lat="45.884000000" lon="6.436090000">
        <ele>1250.000</ele>
      </trkpt>
      <trkpt lat="45.884130000" lon="6.435790000">
        <ele>1247.000</ele>
      </trkpt>
      <trkpt lat="45.884160000" lon="6.435730000">
        <ele>1245.000</ele>
      </trkpt>
      <trkpt lat="45.884210000" lon="6.435690000">
        <ele>1244.000</ele>
      </trkpt>
      <trkpt lat="45.884460000" lon="6.435450000">
        <ele>1243.000</ele>
      </trkpt>
      <trkpt lat="45.884510000" lon="6.435380000">
        <ele>1242.000</ele>
      </trkpt>
      <trkpt lat="45.884720000" lon="6.435000000">
        <ele>1241.000</ele>
      </trkpt>
      <trkpt lat="45.885030000" lon="6.434460000">
        <ele>1240.000</ele>
      </trkpt>
      <trkpt lat="45.885120000" lon="6.434330000">
        <ele>1240.000</ele>
      </trkpt>
      <trkpt lat="45.885170000" lon="6.434270000">
        <ele>1239.000</ele>
      </trkpt>
      <trkpt lat="45.885270000" lon="6.434180000">
        <ele>1239.000</ele>
      </trkpt>
      <trkpt lat="45.885550000" lon="6.433940000">
        <ele>1238.000</ele>
      </trkpt>
      <trkpt lat="45.885880000" lon="6.433650000">
        <ele>1237.000</ele>
      </trkpt>
      <trkpt lat="45.885960000" lon="6.433580000">
        <ele>1235.000</ele>
      </trkpt>
      <trkpt lat="45.886020000" lon="6.433520000">
        <ele>1234.000</ele>
      </trkpt>
      <trkpt lat="45.886090000" lon="6.433460000">
        <ele>1233.000</ele>
      </trkpt>
      <trkpt lat="45.886190000" lon="6.433390000">
        <ele>1232.000</ele>
      </trkpt>
      <trkpt lat="45.886270000" lon="6.433360000">
        <ele>1231.000</ele>
      </trkpt>
      <trkpt lat="45.886340000" lon="6.433340000">
        <ele>1230.000</ele>
      </trkpt>
      <trkpt lat="45.886410000" lon="6.433330000">
        <ele>1229.000</ele>
      </trkpt>
      <trkpt lat="45.886550000" lon="6.433330000">
        <ele>1228.000</ele>
      </trkpt>
      <trkpt lat="45.886690000" lon="6.433340000">
        <ele>1227.000</ele>
      </trkpt>
      <trkpt lat="45.886800000" lon="6.433360000">
        <ele>1226.000</ele>
      </trkpt>
      <trkpt lat="45.886920000" lon="6.433350000">
        <ele>1225.000</ele>
      </trkpt>
      <trkpt lat="45.886990000" lon="6.433340000">
        <ele>1224.000</ele>
      </trkpt>
      <trkpt lat="45.887030000" lon="6.433330000">
        <ele>1223.000</ele>
      </trkpt>
      <trkpt lat="45.887120000" lon="6.433300000">
        <ele>1222.000</ele>
      </trkpt>
      <trkpt lat="45.887200000" lon="6.433280000">
        <ele>1221.000</ele>
      </trkpt>
      <trkpt lat="45.887300000" lon="6.433230000">
        <ele>1220.000</ele>
      </trkpt>
      <trkpt lat="45.888300000" lon="6.432680000">
        <ele>1218.000</ele>
      </trkpt>
      <trkpt lat="45.888840000" lon="6.432380000">
        <ele>1216.000</ele>
      </trkpt>
      <trkpt lat="45.889010000" lon="6.432280000">
        <ele>1214.000</ele>
      </trkpt>
      <trkpt lat="45.889090000" lon="6.432210000">
        <ele>1213.000</ele>
      </trkpt>
      <trkpt lat="45.889810000" lon="6.431460000">
        <ele>1210.000</ele>
      </trkpt>
      <trkpt lat="45.890070000" lon="6.431190000">
        <ele>1207.000</ele>
      </trkpt>
      <trkpt lat="45.890200000" lon="6.431070000">
        <ele>1205.000</ele>
      </trkpt>
      <trkpt lat="45.890710000" lon="6.430750000">
        <ele>1203.000</ele>
      </trkpt>
      <trkpt lat="45.891080000" lon="6.430500000">
        <ele>1200.000</ele>
      </trkpt>
      <trkpt lat="45.891240000" lon="6.430420000">
        <ele>1198.000</ele>
      </trkpt>
      <trkpt lat="45.891370000" lon="6.430370000">
        <ele>1196.000</ele>
      </trkpt>
      <trkpt lat="45.891670000" lon="6.430310000">
        <ele>1194.000</ele>
      </trkpt>
      <trkpt lat="45.891850000" lon="6.430270000">
        <ele>1192.000</ele>
      </trkpt>
      <trkpt lat="45.892020000" lon="6.430210000">
        <ele>1190.000</ele>
      </trkpt>
      <trkpt lat="45.892330000" lon="6.430010000">
        <ele>1188.000</ele>
      </trkpt>
      <trkpt lat="45.892460000" lon="6.429960000">
        <ele>1187.000</ele>
      </trkpt>
      <trkpt lat="45.892720000" lon="6.429880000">
        <ele>1185.000</ele>
      </trkpt>
      <trkpt lat="45.893200000" lon="6.429710000">
        <ele>1184.000</ele>
      </trkpt>
      <trkpt lat="45.893370000" lon="6.429660000">
        <ele>1182.000</ele>
      </trkpt>
      <trkpt lat="45.893570000" lon="6.429640000">
        <ele>1181.000</ele>
      </trkpt>
      <trkpt lat="45.893750000" lon="6.429620000">
        <ele>1180.000</ele>
      </trkpt>
      <trkpt lat="45.894660000" lon="6.429630000">
        <ele>1178.000</ele>
      </trkpt>
      <trkpt lat="45.894800000" lon="6.429640000">
        <ele>1176.000</ele>
      </trkpt>
      <trkpt lat="45.895090000" lon="6.429710000">
        <ele>1174.000</ele>
      </trkpt>
      <trkpt lat="45.895160000" lon="6.429720000">
        <ele>1172.000</ele>
      </trkpt>
      <trkpt lat="45.895210000" lon="6.429700000">
        <ele>1171.000</ele>
      </trkpt>
      <trkpt lat="45.895260000" lon="6.429660000">
        <ele>1170.000</ele>
      </trkpt>
      <trkpt lat="45.895300000" lon="6.429600000">
        <ele>1169.000</ele>
      </trkpt>
      <trkpt lat="45.895400000" lon="6.429450000">
        <ele>1168.000</ele>
      </trkpt>
      <trkpt lat="45.895460000" lon="6.429390000">
        <ele>1167.000</ele>
      </trkpt>
      <trkpt lat="45.895540000" lon="6.429330000">
        <ele>1166.000</ele>
      </trkpt>
      <trkpt lat="45.895690000" lon="6.429260000">
        <ele>1165.000</ele>
      </trkpt>
      <trkpt lat="45.895850000" lon="6.429230000">
        <ele>1164.000</ele>
      </trkpt>
      <trkpt lat="45.895960000" lon="6.429230000">
        <ele>1163.000</ele>
      </trkpt>
      <trkpt lat="45.896090000" lon="6.429260000">
        <ele>1161.000</ele>
      </trkpt>
      <trkpt lat="45.896230000" lon="6.429310000">
        <ele>1160.000</ele>
      </trkpt>
      <trkpt lat="45.896350000" lon="6.429310000">
        <ele>1159.000</ele>
      </trkpt>
      <trkpt lat="45.896500000" lon="6.429300000">
        <ele>1158.000</ele>
      </trkpt>
      <trkpt lat="45.896630000" lon="6.429270000">
        <ele>1157.000</ele>
      </trkpt>
      <trkpt lat="45.896820000" lon="6.429210000">
        <ele>1155.000</ele>
      </trkpt>
      <trkpt lat="45.897120000" lon="6.429030000">
        <ele>1154.000</ele>
      </trkpt>
      <trkpt lat="45.897430000" lon="6.428810000">
        <ele>1152.000</ele>
      </trkpt>
      <trkpt lat="45.897820000" lon="6.428570000">
        <ele>1150.000</ele>
      </trkpt>
      <trkpt lat="45.897900000" lon="6.428510000">
        <ele>1148.000</ele>
      </trkpt>
      <trkpt lat="45.898330000" lon="6.428150000">
        <ele>1145.000</ele>
      </trkpt>
      <trkpt lat="45.898350000" lon="6.428130000">
        <ele>1144.000</ele>
      </trkpt>
      <trkpt lat="45.898700000" lon="6.427820000">
        <ele>1142.000</ele>
      </trkpt>
      <trkpt lat="45.898860000" lon="6.427700000">
        <ele>1141.000</ele>
      </trkpt>
      <trkpt lat="45.898980000" lon="6.427630000">
        <ele>1140.000</ele>
      </trkpt>
      <trkpt lat="45.899100000" lon="6.427580000">
        <ele>1139.000</ele>
      </trkpt>
      <trkpt lat="45.899270000" lon="6.427550000">
        <ele>1138.000</ele>
      </trkpt>
      <trkpt lat="45.899430000" lon="6.427500000">
        <ele>1137.000</ele>
      </trkpt>
      <trkpt lat="45.899520000" lon="6.427460000">
        <ele>1137.000</ele>
      </trkpt>
      <trkpt lat="45.899590000" lon="6.427410000">
        <ele>1136.000</ele>
      </trkpt>
      <trkpt lat="45.899660000" lon="6.427330000">
        <ele>1136.000</ele>
      </trkpt>
      <trkpt lat="45.899750000" lon="6.427210000">
        <ele>1135.000</ele>
      </trkpt>
      <trkpt lat="45.899810000" lon="6.427110000">
        <ele>1135.000</ele>
      </trkpt>
      <trkpt lat="45.899830000" lon="6.427050000">
        <ele>1134.000</ele>
      </trkpt>
      <trkpt lat="45.899870000" lon="6.426950000">
        <ele>1134.000</ele>
      </trkpt>
      <trkpt lat="45.899890000" lon="6.426850000">
        <ele>1134.000</ele>
      </trkpt>
      <trkpt lat="45.899900000" lon="6.426740000">
        <ele>1133.000</ele>
      </trkpt>
      <trkpt lat="45.899890000" lon="6.426610000">
        <ele>1133.000</ele>
      </trkpt>
      <trkpt lat="45.899870000" lon="6.426380000">
        <ele>1132.000</ele>
      </trkpt>
      <trkpt lat="45.899850000" lon="6.426180000">
        <ele>1132.000</ele>
      </trkpt>
      <trkpt lat="45.899850000" lon="6.426070000">
        <ele>1131.000</ele>
      </trkpt>
      <trkpt lat="45.899850000" lon="6.425930000">
        <ele>1131.000</ele>
      </trkpt>
      <trkpt lat="45.899850000" lon="6.425580000">
        <ele>1130.000</ele>
      </trkpt>
      <trkpt lat="45.899860000" lon="6.425470000">
        <ele>1129.000</ele>
      </trkpt>
      <trkpt lat="45.899890000" lon="6.425380000">
        <ele>1128.000</ele>
      </trkpt>
      <trkpt lat="45.899930000" lon="6.425280000">
        <ele>1128.000</ele>
      </trkpt>
      <trkpt lat="45.899980000" lon="6.425220000">
        <ele>1127.000</ele>
      </trkpt>
      <trkpt lat="45.900030000" lon="6.425180000">
        <ele>1127.000</ele>
      </trkpt>
      <trkpt lat="45.900080000" lon="6.425160000">
        <ele>1127.000</ele>
      </trkpt>
      <trkpt lat="45.900150000" lon="6.425160000">
        <ele>1126.000</ele>
      </trkpt>
      <trkpt lat="45.900200000" lon="6.425170000">
        <ele>1126.000</ele>
      </trkpt>
      <trkpt lat="45.900270000" lon="6.425210000">
        <ele>1126.000</ele>
      </trkpt>
      <trkpt lat="45.900340000" lon="6.425260000">
        <ele>1125.000</ele>
      </trkpt>
      <trkpt lat="45.900620000" lon="6.425480000">
        <ele>1124.000</ele>
      </trkpt>
      <trkpt lat="45.900700000" lon="6.425510000">
        <ele>1123.000</ele>
      </trkpt>
      <trkpt lat="45.900800000" lon="6.425520000">
        <ele>1122.000</ele>
      </trkpt>
      <trkpt lat="45.900870000" lon="6.425510000">
        <ele>1121.000</ele>
      </trkpt>
      <trkpt lat="45.901150000" lon="6.425380000">
        <ele>1119.000</ele>
      </trkpt>
      <trkpt lat="45.901260000" lon="6.425360000">
        <ele>1117.000</ele>
      </trkpt>
      <trkpt lat="45.901570000" lon="6.425340000">
        <ele>1115.000</ele>
      </trkpt>
      <trkpt lat="45.901620000" lon="6.425340000">
        <ele>1113.000</ele>
      </trkpt>
      <trkpt lat="45.901860000" lon="6.425380000">
        <ele>1111.000</ele>
      </trkpt>
      <trkpt lat="45.902190000" lon="6.425440000">
        <ele>1108.000</ele>
      </trkpt>
      <trkpt lat="45.902310000" lon="6.425490000">
        <ele>1105.000</ele>
      </trkpt>
      <trkpt lat="45.902410000" lon="6.425520000">
        <ele>1103.000</ele>
      </trkpt>
      <trkpt lat="45.902490000" lon="6.425570000">
        <ele>1101.000</ele>
      </trkpt>
      <trkpt lat="45.902610000" lon="6.425670000">
        <ele>1100.000</ele>
      </trkpt>
      <trkpt lat="45.902950000" lon="6.425970000">
        <ele>1098.000</ele>
      </trkpt>
      <trkpt lat="45.902970000" lon="6.425990000">
        <ele>1097.000</ele>
      </trkpt>
      <trkpt lat="45.903200000" lon="6.426180000">
        <ele>1096.000</ele>
      </trkpt>
      <trkpt lat="45.903430000" lon="6.426380000">
        <ele>1095.000</ele>
      </trkpt>
      <trkpt lat="45.903580000" lon="6.426520000">
        <ele>1094.000</ele>
      </trkpt>
      <trkpt lat="45.903720000" lon="6.426670000">
        <ele>1093.000</ele>
      </trkpt>
      <trkpt lat="45.903830000" lon="6.426820000">
        <ele>1092.000</ele>
      </trkpt>
      <trkpt lat="45.903920000" lon="6.426950000">
        <ele>1091.000</ele>
      </trkpt>
      <trkpt lat="45.904040000" lon="6.427170000">
        <ele>1090.000</ele>
      </trkpt>
      <trkpt lat="45.904140000" lon="6.427360000">
        <ele>1089.000</ele>
      </trkpt>
      <trkpt lat="45.904230000" lon="6.427580000">
        <ele>1088.000</ele>
      </trkpt>
      <trkpt lat="45.904470000" lon="6.428160000">
        <ele>1087.000</ele>
      </trkpt>
      <trkpt lat="45.904560000" lon="6.428430000">
        <ele>1085.000</ele>
      </trkpt>
      <trkpt lat="45.904690000" lon="6.428840000">
        <ele>1084.000</ele>
      </trkpt>
      <trkpt lat="45.904780000" lon="6.429080000">
        <ele>1083.000</ele>
      </trkpt>
      <trkpt lat="45.904980000" lon="6.429570000">
        <ele>1081.000</ele>
      </trkpt>
      <trkpt lat="45.905170000" lon="6.429940000">
        <ele>1079.000</ele>
      </trkpt>
      <trkpt lat="45.905260000" lon="6.430100000">
        <ele>1078.000</ele>
      </trkpt>
      <trkpt lat="45.905390000" lon="6.430270000">
        <ele>1077.000</ele>
      </trkpt>
      <trkpt lat="45.905500000" lon="6.430350000">
        <ele>1076.000</ele>
      </trkpt>
      <trkpt lat="45.905570000" lon="6.430400000">
        <ele>1076.000</ele>
      </trkpt>
      <trkpt lat="45.905620000" lon="6.430420000">
        <ele>1075.000</ele>
      </trkpt>
      <trkpt lat="45.905700000" lon="6.430440000">
        <ele>1075.000</ele>
      </trkpt>
      <trkpt lat="45.905820000" lon="6.430510000">
        <ele>1074.000</ele>
      </trkpt>
      <trkpt lat="45.905870000" lon="6.430530000">
        <ele>1074.000</ele>
      </trkpt>
      <trkpt lat="45.905920000" lon="6.430570000">
        <ele>1074.000</ele>
      </trkpt>
      <trkpt lat="45.905930000" lon="6.430610000">
        <ele>1073.000</ele>
      </trkpt>
      <trkpt lat="45.905960000" lon="6.430640000">
        <ele>1073.000</ele>
      </trkpt>
      <trkpt lat="45.905990000" lon="6.430660000">
        <ele>1073.000</ele>
      </trkpt>
      <trkpt lat="45.906020000" lon="6.430670000">
        <ele>1073.000</ele>
      </trkpt>
      <trkpt lat="45.906050000" lon="6.430670000">
        <ele>1073.000</ele>
      </trkpt>
      <trkpt lat="45.906080000" lon="6.430650000">
        <ele>1072.000</ele>
      </trkpt>
      <trkpt lat="45.906110000" lon="6.430620000">
        <ele>1072.000</ele>
      </trkpt>
      <trkpt lat="45.906130000" lon="6.430600000">
        <ele>1072.000</ele>
      </trkpt>
      <trkpt lat="45.906140000" lon="6.430570000">
        <ele>1072.000</ele>
      </trkpt>
      <trkpt lat="45.906150000" lon="6.430530000">
        <ele>1072.000</ele>
      </trkpt>
      <trkpt lat="45.906150000" lon="6.430500000">
        <ele>1072.000</ele>
      </trkpt>
      <trkpt lat="45.906180000" lon="6.430400000">
        <ele>1072.000</ele>
      </trkpt>
      <trkpt lat="45.906220000" lon="6.430330000">
        <ele>1072.000</ele>
      </trkpt>
      <trkpt lat="45.906290000" lon="6.430260000">
        <ele>1071.000</ele>
      </trkpt>
      <trkpt lat="45.906370000" lon="6.430170000">
        <ele>1071.000</ele>
      </trkpt>
      <trkpt lat="45.906440000" lon="6.430050000">
        <ele>1071.000</ele>
      </trkpt>
      <trkpt lat="45.906520000" lon="6.429800000">
        <ele>1070.000</ele>
      </trkpt>
      <trkpt lat="45.906550000" lon="6.429680000">
        <ele>1069.000</ele>
      </trkpt>
      <trkpt lat="45.906570000" lon="6.429460000">
        <ele>1069.000</ele>
      </trkpt>
      <trkpt lat="45.906570000" lon="6.429280000">
        <ele>1068.000</ele>
      </trkpt>
      <trkpt lat="45.906560000" lon="6.429190000">
        <ele>1067.000</ele>
      </trkpt>
      <trkpt lat="45.906540000" lon="6.429050000">
        <ele>1067.000</ele>
      </trkpt>
      <trkpt lat="45.906440000" lon="6.428580000">
        <ele>1065.000</ele>
      </trkpt>
      <trkpt lat="45.906350000" lon="6.428140000">
        <ele>1064.000</ele>
      </trkpt>
      <trkpt lat="45.906210000" lon="6.427520000">
        <ele>1062.000</ele>
      </trkpt>
      <trkpt lat="45.906190000" lon="6.427430000">
        <ele>1061.000</ele>
      </trkpt>
      <trkpt lat="45.906180000" lon="6.427340000">
        <ele>1060.000</ele>
      </trkpt>
      <trkpt lat="45.906180000" lon="6.427250000">
        <ele>1059.000</ele>
      </trkpt>
      <trkpt lat="45.906200000" lon="6.427220000">
        <ele>1058.000</ele>
      </trkpt>
      <trkpt lat="45.906200000" lon="6.427180000">
        <ele>1058.000</ele>
      </trkpt>
      <trkpt lat="45.906200000" lon="6.427130000">
        <ele>1057.000</ele>
      </trkpt>
      <trkpt lat="45.906200000" lon="6.427100000">
        <ele>1057.000</ele>
      </trkpt>
      <trkpt lat="45.906190000" lon="6.427080000">
        <ele>1057.000</ele>
      </trkpt>
      <trkpt lat="45.906180000" lon="6.427060000">
        <ele>1056.000</ele>
      </trkpt>
      <trkpt lat="45.906170000" lon="6.427040000">
        <ele>1056.000</ele>
      </trkpt>
      <trkpt lat="45.906120000" lon="6.426940000">
        <ele>1056.000</ele>
      </trkpt>
      <trkpt lat="45.906090000" lon="6.426890000">
        <ele>1056.000</ele>
      </trkpt>
      <trkpt lat="45.906030000" lon="6.426780000">
        <ele>1055.000</ele>
      </trkpt>
      <trkpt lat="45.906000000" lon="6.426700000">
        <ele>1055.000</ele>
      </trkpt>
      <trkpt lat="45.905990000" lon="6.426640000">
        <ele>1054.000</ele>
      </trkpt>
      <trkpt lat="45.905950000" lon="6.426470000">
        <ele>1054.000</ele>
      </trkpt>
      <trkpt lat="45.905940000" lon="6.426400000">
        <ele>1053.000</ele>
      </trkpt>
      <trkpt lat="45.905930000" lon="6.426260000">
        <ele>1052.000</ele>
      </trkpt>
      <trkpt lat="45.905900000" lon="6.426000000">
        <ele>1052.000</ele>
      </trkpt>
      <trkpt lat="45.905880000" lon="6.425610000">
        <ele>1050.000</ele>
      </trkpt>
      <trkpt lat="45.905880000" lon="6.425490000">
        <ele>1049.000</ele>
      </trkpt>
      <trkpt lat="45.905880000" lon="6.425430000">
        <ele>1048.000</ele>
      </trkpt>
      <trkpt lat="45.905880000" lon="6.424980000">
        <ele>1047.000</ele>
      </trkpt>
      <trkpt lat="45.905880000" lon="6.424460000">
        <ele>1046.000</ele>
      </trkpt>
      <trkpt lat="45.905900000" lon="6.424270000">
        <ele>1045.000</ele>
      </trkpt>
      <trkpt lat="45.905920000" lon="6.423990000">
        <ele>1045.000</ele>
      </trkpt>
      <trkpt lat="45.905930000" lon="6.423760000">
        <ele>1044.000</ele>
      </trkpt>
      <trkpt lat="45.905950000" lon="6.423400000">
        <ele>1044.000</ele>
      </trkpt>
      <trkpt lat="45.905990000" lon="6.422830000">
        <ele>1044.000</ele>
      </trkpt>
      <trkpt lat="45.906010000" lon="6.422510000">
        <ele>1043.000</ele>
      </trkpt>
      <trkpt lat="45.906030000" lon="6.422200000">
        <ele>1043.000</ele>
      </trkpt>
      <trkpt lat="45.906050000" lon="6.422060000">
        <ele>1043.000</ele>
      </trkpt>
      <trkpt lat="45.906060000" lon="6.421990000">
        <ele>1043.000</ele>
      </trkpt>
      <trkpt lat="45.906080000" lon="6.421930000">
        <ele>1043.000</ele>
      </trkpt>
      <trkpt lat="45.906090000" lon="6.421920000">
        <ele>1043.000</ele>
      </trkpt>
      <trkpt lat="45.906090000" lon="6.421900000">
        <ele>1042.000</ele>
      </trkpt>
      <trkpt lat="45.906090000" lon="6.421880000">
        <ele>1042.000</ele>
      </trkpt>
      <trkpt lat="45.906110000" lon="6.421800000">
        <ele>1042.000</ele>
      </trkpt>
      <trkpt lat="45.906140000" lon="6.421730000">
        <ele>1042.000</ele>
      </trkpt>
      <trkpt lat="45.906180000" lon="6.421620000">
        <ele>1042.000</ele>
      </trkpt>
      <trkpt lat="45.906240000" lon="6.421430000">
        <ele>1042.000</ele>
      </trkpt>
      <trkpt lat="45.906300000" lon="6.421290000">
        <ele>1042.000</ele>
      </trkpt>
      <trkpt lat="45.906360000" lon="6.421140000">
        <ele>1042.000</ele>
      </trkpt>
      <trkpt lat="45.906440000" lon="6.420980000">
        <ele>1042.000</ele>
      </trkpt>
      <trkpt lat="45.906490000" lon="6.420920000">
        <ele>1042.000</ele>
      </trkpt>
      <trkpt lat="45.906730000" lon="6.420710000">
        <ele>1042.000</ele>
      </trkpt>
      <trkpt lat="45.906790000" lon="6.420620000">
        <ele>1042.000</ele>
      </trkpt>
      <trkpt lat="45.906840000" lon="6.420530000">
        <ele>1042.000</ele>
      </trkpt>
      <trkpt lat="45.906900000" lon="6.420360000">
        <ele>1042.000</ele>
      </trkpt>
      <trkpt lat="45.906970000" lon="6.420200000">
        <ele>1042.000</ele>
      </trkpt>
      <trkpt lat="45.907030000" lon="6.420100000">
        <ele>1042.000</ele>
      </trkpt>
      <trkpt lat="45.907110000" lon="6.419980000">
        <ele>1042.000</ele>
      </trkpt>
      <trkpt lat="45.907250000" lon="6.419810000">
        <ele>1042.000</ele>
      </trkpt>
      <trkpt lat="45.907420000" lon="6.419600000">
        <ele>1043.000</ele>
      </trkpt>
      <trkpt lat="45.907580000" lon="6.419370000">
        <ele>1044.000</ele>
      </trkpt>
      <trkpt lat="45.907650000" lon="6.419290000">
        <ele>1044.000</ele>
      </trkpt>
      <trkpt lat="45.907720000" lon="6.419230000">
        <ele>1045.000</ele>
      </trkpt>
      <trkpt lat="45.907780000" lon="6.419180000">
        <ele>1046.000</ele>
      </trkpt>
      <trkpt lat="45.907850000" lon="6.419140000">
        <ele>1046.000</ele>
      </trkpt>
      <trkpt lat="45.907930000" lon="6.419110000">
        <ele>1046.000</ele>
      </trkpt>
      <trkpt lat="45.908030000" lon="6.419080000">
        <ele>1047.000</ele>
      </trkpt>
      <trkpt lat="45.908160000" lon="6.419060000">
        <ele>1047.000</ele>
      </trkpt>
      <trkpt lat="45.908280000" lon="6.419050000">
        <ele>1048.000</ele>
      </trkpt>
      <trkpt lat="45.908530000" lon="6.419030000">
        <ele>1049.000</ele>
      </trkpt>
      <trkpt lat="45.908740000" lon="6.419010000">
        <ele>1050.000</ele>
      </trkpt>
      <trkpt lat="45.909120000" lon="6.418930000">
        <ele>1048.000</ele>
      </trkpt>
      <trkpt lat="45.909330000" lon="6.418910000">
        <ele>1047.000</ele>
      </trkpt>
      <trkpt lat="45.909420000" lon="6.418930000">
        <ele>1045.000</ele>
      </trkpt>
      <trkpt lat="45.909480000" lon="6.418950000">
        <ele>1043.000</ele>
      </trkpt>
      <trkpt lat="45.909570000" lon="6.418990000">
        <ele>1042.000</ele>
      </trkpt>
      <trkpt lat="45.910050000" lon="6.419320000">
        <ele>1038.000</ele>
      </trkpt>
      <trkpt lat="45.910270000" lon="6.419450000">
        <ele>1035.000</ele>
      </trkpt>
      <trkpt lat="45.910490000" lon="6.419540000">
        <ele>1031.000</ele>
      </trkpt>
      <trkpt lat="45.910760000" lon="6.419630000">
        <ele>1029.000</ele>
      </trkpt>
      <trkpt lat="45.910930000" lon="6.419650000">
        <ele>1028.000</ele>
      </trkpt>
      <trkpt lat="45.910930000" lon="6.419650000">
        <ele>1027.000</ele>
      </trkpt>
      <trkpt lat="45.910970000" lon="6.419660000">
        <ele>1026.000</ele>
      </trkpt>
      <trkpt lat="45.911110000" lon="6.419650000">
        <ele>1026.000</ele>
      </trkpt>
      <trkpt lat="45.911200000" lon="6.419630000">
        <ele>1026.000</ele>
      </trkpt>
      <trkpt lat="45.911270000" lon="6.419600000">
        <ele>1026.000</ele>
      </trkpt>
      <trkpt lat="45.911370000" lon="6.419540000">
        <ele>1026.000</ele>
      </trkpt>
      <trkpt lat="45.911580000" lon="6.419360000">
        <ele>1026.000</ele>
      </trkpt>
      <trkpt lat="45.911680000" lon="6.419290000">
        <ele>1026.000</ele>
      </trkpt>
      <trkpt lat="45.911740000" lon="6.419260000">
        <ele>1026.000</ele>
      </trkpt>
      <trkpt lat="45.911810000" lon="6.419230000">
        <ele>1027.000</ele>
      </trkpt>
      <trkpt lat="45.912050000" lon="6.419180000">
        <ele>1027.000</ele>
      </trkpt>
      <trkpt lat="45.912120000" lon="6.419160000">
        <ele>1027.000</ele>
      </trkpt>
      <trkpt lat="45.912170000" lon="6.419130000">
        <ele>1027.000</ele>
      </trkpt>
      <trkpt lat="45.912240000" lon="6.419090000">
        <ele>1027.000</ele>
      </trkpt>
      <trkpt lat="45.912300000" lon="6.419020000">
        <ele>1027.000</ele>
      </trkpt>
      <trkpt lat="45.912360000" lon="6.418940000">
        <ele>1027.000</ele>
      </trkpt>
      <trkpt lat="45.912490000" lon="6.418700000">
        <ele>1026.000</ele>
      </trkpt>
      <trkpt lat="45.912560000" lon="6.418590000">
        <ele>1026.000</ele>
      </trkpt>
      <trkpt lat="45.912620000" lon="6.418510000">
        <ele>1025.000</ele>
      </trkpt>
      <trkpt lat="45.912670000" lon="6.418460000">
        <ele>1025.000</ele>
      </trkpt>
      <trkpt lat="45.912740000" lon="6.418410000">
        <ele>1025.000</ele>
      </trkpt>
      <trkpt lat="45.912840000" lon="6.418360000">
        <ele>1024.000</ele>
      </trkpt>
      <trkpt lat="45.913110000" lon="6.418260000">
        <ele>1023.000</ele>
      </trkpt>
      <trkpt lat="45.913310000" lon="6.418190000">
        <ele>1022.000</ele>
      </trkpt>
      <trkpt lat="45.913420000" lon="6.418170000">
        <ele>1022.000</ele>
      </trkpt>
      <trkpt lat="45.913500000" lon="6.418160000">
        <ele>1021.000</ele>
      </trkpt>
      <trkpt lat="45.913580000" lon="6.418170000">
        <ele>1020.000</ele>
      </trkpt>
      <trkpt lat="45.913660000" lon="6.418180000">
        <ele>1020.000</ele>
      </trkpt>
      <trkpt lat="45.913890000" lon="6.418250000">
        <ele>1019.000</ele>
      </trkpt>
      <trkpt lat="45.914070000" lon="6.418290000">
        <ele>1018.000</ele>
      </trkpt>
      <trkpt lat="45.914190000" lon="6.418310000">
        <ele>1018.000</ele>
      </trkpt>
      <trkpt lat="45.914320000" lon="6.418320000">
        <ele>1017.000</ele>
      </trkpt>
      <trkpt lat="45.914640000" lon="6.418310000">
        <ele>1016.000</ele>
      </trkpt>
      <trkpt lat="45.914750000" lon="6.418320000">
        <ele>1016.000</ele>
      </trkpt>
      <trkpt lat="45.914850000" lon="6.418330000">
        <ele>1015.000</ele>
      </trkpt>
      <trkpt lat="45.914960000" lon="6.418370000">
        <ele>1015.000</ele>
      </trkpt>
      <trkpt lat="45.915030000" lon="6.418410000">
        <ele>1014.000</ele>
      </trkpt>
      <trkpt lat="45.915120000" lon="6.418490000">
        <ele>1014.000</ele>
      </trkpt>
      <trkpt lat="45.915200000" lon="6.418570000">
        <ele>1014.000</ele>
      </trkpt>
      <trkpt lat="45.915920000" lon="6.419500000">
        <ele>1012.000</ele>
      </trkpt>
      <trkpt lat="45.916070000" lon="6.419660000">
        <ele>1011.000</ele>
      </trkpt>
      <trkpt lat="45.916140000" lon="6.419710000">
        <ele>1010.000</ele>
      </trkpt>
      <trkpt lat="45.916210000" lon="6.419740000">
        <ele>1009.000</ele>
      </trkpt>
      <trkpt lat="45.916290000" lon="6.419770000">
        <ele>1008.000</ele>
      </trkpt>
      <trkpt lat="45.916370000" lon="6.419780000">
        <ele>1007.000</ele>
      </trkpt>
      <trkpt lat="45.916460000" lon="6.419770000">
        <ele>1007.000</ele>
      </trkpt>
      <trkpt lat="45.916560000" lon="6.419740000">
        <ele>1006.000</ele>
      </trkpt>
      <trkpt lat="45.916660000" lon="6.419690000">
        <ele>1005.000</ele>
      </trkpt>
      <trkpt lat="45.916740000" lon="6.419630000">
        <ele>1005.000</ele>
      </trkpt>
      <trkpt lat="45.916820000" lon="6.419560000">
        <ele>1004.000</ele>
      </trkpt>
      <trkpt lat="45.916930000" lon="6.419440000">
        <ele>1003.000</ele>
      </trkpt>
      <trkpt lat="45.917090000" lon="6.419240000">
        <ele>1002.000</ele>
      </trkpt>
      <trkpt lat="45.917260000" lon="6.419010000">
        <ele>1001.000</ele>
      </trkpt>
      <trkpt lat="45.917390000" lon="6.418810000">
        <ele>1000.000</ele>
      </trkpt>
      <trkpt lat="45.917500000" lon="6.418640000">
        <ele>999.000</ele>
      </trkpt>
      <trkpt lat="45.918100000" lon="6.417490000">
        <ele>999.000</ele>
      </trkpt>
      <trkpt lat="45.918200000" lon="6.417310000">
        <ele>1000.000</ele>
      </trkpt>
      <trkpt lat="45.918310000" lon="6.417160000">
        <ele>1000.000</ele>
      </trkpt>
      <trkpt lat="45.918600000" lon="6.416820000">
        <ele>1001.000</ele>
      </trkpt>
      <trkpt lat="45.918690000" lon="6.416710000">
        <ele>1002.000</ele>
      </trkpt>
      <trkpt lat="45.918750000" lon="6.416620000">
        <ele>1002.000</ele>
      </trkpt>
      <trkpt lat="45.918810000" lon="6.416510000">
        <ele>1002.000</ele>
      </trkpt>
      <trkpt lat="45.918890000" lon="6.416350000">
        <ele>1002.000</ele>
      </trkpt>
      <trkpt lat="45.919190000" lon="6.415750000">
        <ele>1000.000</ele>
      </trkpt>
      <trkpt lat="45.919220000" lon="6.415690000">
        <ele>999.000</ele>
      </trkpt>
      <trkpt lat="45.919330000" lon="6.415550000">
        <ele>997.000</ele>
      </trkpt>
      <trkpt lat="45.919430000" lon="6.415480000">
        <ele>996.000</ele>
      </trkpt>
      <trkpt lat="45.919670000" lon="6.415350000">
        <ele>994.000</ele>
      </trkpt>
      <trkpt lat="45.919900000" lon="6.415230000">
        <ele>993.000</ele>
      </trkpt>
      <trkpt lat="45.920010000" lon="6.415130000">
        <ele>991.000</ele>
      </trkpt>
      <trkpt lat="45.920360000" lon="6.414810000">
        <ele>989.000</ele>
      </trkpt>
      <trkpt lat="45.920430000" lon="6.414770000">
        <ele>987.000</ele>
      </trkpt>
      <trkpt lat="45.920500000" lon="6.414740000">
        <ele>986.000</ele>
      </trkpt>
      <trkpt lat="45.920560000" lon="6.414740000">
        <ele>986.000</ele>
      </trkpt>
      <trkpt lat="45.920660000" lon="6.414770000">
        <ele>985.000</ele>
      </trkpt>
      <trkpt lat="45.920750000" lon="6.414810000">
        <ele>984.000</ele>
      </trkpt>
      <trkpt lat="45.920840000" lon="6.414890000">
        <ele>984.000</ele>
      </trkpt>
      <trkpt lat="45.921230000" lon="6.415340000">
        <ele>983.000</ele>
      </trkpt>
      <trkpt lat="45.921310000" lon="6.415410000">
        <ele>983.000</ele>
      </trkpt>
      <trkpt lat="45.921400000" lon="6.415450000">
        <ele>982.000</ele>
      </trkpt>
      <trkpt lat="45.921490000" lon="6.415460000">
        <ele>982.000</ele>
      </trkpt>
      <trkpt lat="45.921550000" lon="6.415450000">
        <ele>982.000</ele>
      </trkpt>
      <trkpt lat="45.921600000" lon="6.415420000">
        <ele>982.000</ele>
      </trkpt>
      <trkpt lat="45.921660000" lon="6.415390000">
        <ele>981.000</ele>
      </trkpt>
      <trkpt lat="45.921710000" lon="6.415340000">
        <ele>981.000</ele>
      </trkpt>
      <trkpt lat="45.922150000" lon="6.414750000">
        <ele>981.000</ele>
      </trkpt>
      <trkpt lat="45.922220000" lon="6.414650000">
        <ele>980.000</ele>
      </trkpt>
      <trkpt lat="45.922300000" lon="6.414570000">
        <ele>980.000</ele>
      </trkpt>
      <trkpt lat="45.922420000" lon="6.414470000">
        <ele>979.000</ele>
      </trkpt>
      <trkpt lat="45.922600000" lon="6.414350000">
        <ele>978.000</ele>
      </trkpt>
      <trkpt lat="45.922740000" lon="6.414240000">
        <ele>978.000</ele>
      </trkpt>
      <trkpt lat="45.922850000" lon="6.414070000">
        <ele>977.000</ele>
      </trkpt>
      <trkpt lat="45.922920000" lon="6.413950000">
        <ele>977.000</ele>
      </trkpt>
      <trkpt lat="45.923010000" lon="6.413780000">
        <ele>976.000</ele>
      </trkpt>
      <trkpt lat="45.923110000" lon="6.413570000">
        <ele>975.000</ele>
      </trkpt>
      <trkpt lat="45.923150000" lon="6.413490000">
        <ele>975.000</ele>
      </trkpt>
      <trkpt lat="45.923210000" lon="6.413360000">
        <ele>974.000</ele>
      </trkpt>
      <trkpt lat="45.923300000" lon="6.413140000">
        <ele>974.000</ele>
      </trkpt>
      <trkpt lat="45.923340000" lon="6.413040000">
        <ele>973.000</ele>
      </trkpt>
      <trkpt lat="45.923360000" lon="6.412950000">
        <ele>973.000</ele>
      </trkpt>
      <trkpt lat="45.923370000" lon="6.412840000">
        <ele>972.000</ele>
      </trkpt>
      <trkpt lat="45.923370000" lon="6.412730000">
        <ele>972.000</ele>
      </trkpt>
      <trkpt lat="45.923370000" lon="6.412610000">
        <ele>972.000</ele>
      </trkpt>
      <trkpt lat="45.923350000" lon="6.412490000">
        <ele>971.000</ele>
      </trkpt>
      <trkpt lat="45.923330000" lon="6.412380000">
        <ele>971.000</ele>
      </trkpt>
      <trkpt lat="45.923280000" lon="6.412240000">
        <ele>970.000</ele>
      </trkpt>
      <trkpt lat="45.923250000" lon="6.412160000">
        <ele>970.000</ele>
      </trkpt>
      <trkpt lat="45.923220000" lon="6.412090000">
        <ele>970.000</ele>
      </trkpt>
      <trkpt lat="45.923170000" lon="6.412020000">
        <ele>969.000</ele>
      </trkpt>
      <trkpt lat="45.923160000" lon="6.412000000">
        <ele>969.000</ele>
      </trkpt>
      <trkpt lat="45.923090000" lon="6.411890000">
        <ele>969.000</ele>
      </trkpt>
      <trkpt lat="45.922980000" lon="6.411740000">
        <ele>968.000</ele>
      </trkpt>
      <trkpt lat="45.922930000" lon="6.411680000">
        <ele>968.000</ele>
      </trkpt>
      <trkpt lat="45.922850000" lon="6.411580000">
        <ele>968.000</ele>
      </trkpt>
      <trkpt lat="45.922780000" lon="6.411450000">
        <ele>967.000</ele>
      </trkpt>
      <trkpt lat="45.922730000" lon="6.411340000">
        <ele>967.000</ele>
      </trkpt>
      <trkpt lat="45.922700000" lon="6.411220000">
        <ele>966.000</ele>
      </trkpt>
      <trkpt lat="45.922670000" lon="6.411070000">
        <ele>966.000</ele>
      </trkpt>
      <trkpt lat="45.922650000" lon="6.410970000">
        <ele>966.000</ele>
      </trkpt>
      <trkpt lat="45.922640000" lon="6.410650000">
        <ele>965.000</ele>
      </trkpt>
      <trkpt lat="45.922640000" lon="6.410570000">
        <ele>964.000</ele>
      </trkpt>
      <trkpt lat="45.922650000" lon="6.410560000">
        <ele>964.000</ele>
      </trkpt>
      <trkpt lat="45.922650000" lon="6.410550000">
        <ele>964.000</ele>
      </trkpt>
      <trkpt lat="45.922840000" lon="6.410400000">
        <ele>964.000</ele>
      </trkpt>
      <trkpt lat="45.922910000" lon="6.410340000">
        <ele>963.000</ele>
      </trkpt>
      <trkpt lat="45.922960000" lon="6.410320000">
        <ele>963.000</ele>
      </trkpt>
      <trkpt lat="45.923130000" lon="6.410240000">
        <ele>962.000</ele>
      </trkpt>
      <trkpt lat="45.923230000" lon="6.410190000">
        <ele>962.000</ele>
      </trkpt>
      <trkpt lat="45.923550000" lon="6.410050000">
        <ele>961.000</ele>
      </trkpt>
      <trkpt lat="45.923600000" lon="6.410030000">
        <ele>961.000</ele>
      </trkpt>
      <trkpt lat="45.923690000" lon="6.409980000">
        <ele>961.000</ele>
      </trkpt>
      <trkpt lat="45.923770000" lon="6.409940000">
        <ele>960.000</ele>
      </trkpt>
      <trkpt lat="45.923870000" lon="6.409860000">
        <ele>960.000</ele>
      </trkpt>
      <trkpt lat="45.924020000" lon="6.409740000">
        <ele>959.000</ele>
      </trkpt>
      <trkpt lat="45.924300000" lon="6.409510000">
        <ele>959.000</ele>
      </trkpt>
      <trkpt lat="45.924410000" lon="6.409430000">
        <ele>958.000</ele>
      </trkpt>
      <trkpt lat="45.924470000" lon="6.409400000">
        <ele>958.000</ele>
      </trkpt>
      <trkpt lat="45.924580000" lon="6.409370000">
        <ele>957.000</ele>
      </trkpt>
      <trkpt lat="45.924660000" lon="6.409370000">
        <ele>956.000</ele>
      </trkpt>
      <trkpt lat="45.924750000" lon="6.409370000">
        <ele>956.000</ele>
      </trkpt>
      <trkpt lat="45.924850000" lon="6.409410000">
        <ele>955.000</ele>
      </trkpt>
      <trkpt lat="45.924950000" lon="6.409450000">
        <ele>955.000</ele>
      </trkpt>
      <trkpt lat="45.925040000" lon="6.409520000">
        <ele>954.000</ele>
      </trkpt>
      <trkpt lat="45.925130000" lon="6.409600000">
        <ele>953.000</ele>
      </trkpt>
      <trkpt lat="45.925210000" lon="6.409710000">
        <ele>953.000</ele>
      </trkpt>
      <trkpt lat="45.925250000" lon="6.409780000">
        <ele>952.000</ele>
      </trkpt>
      <trkpt lat="45.925610000" lon="6.410380000">
        <ele>951.000</ele>
      </trkpt>
      <trkpt lat="45.925830000" lon="6.410830000">
        <ele>949.000</ele>
      </trkpt>
      <trkpt lat="45.926080000" lon="6.411390000">
        <ele>948.000</ele>
      </trkpt>
      <trkpt lat="45.926250000" lon="6.411570000">
        <ele>947.000</ele>
      </trkpt>
      <trkpt lat="45.926440000" lon="6.411670000">
        <ele>946.000</ele>
      </trkpt>
      <trkpt lat="45.927320000" lon="6.412040000">
        <ele>945.000</ele>
      </trkpt>
      <trkpt lat="45.927520000" lon="6.412100000">
        <ele>944.000</ele>
      </trkpt>
      <trkpt lat="45.927730000" lon="6.412130000">
        <ele>943.000</ele>
      </trkpt>
      <trkpt lat="45.928320000" lon="6.412160000">
        <ele>941.000</ele>
      </trkpt>
      <trkpt lat="45.929100000" lon="6.412190000">
        <ele>937.000</ele>
      </trkpt>
      <trkpt lat="45.929400000" lon="6.412100000">
        <ele>933.000</ele>
      </trkpt>
      <trkpt lat="45.929550000" lon="6.412060000">
        <ele>931.000</ele>
      </trkpt>
      <trkpt lat="45.929550000" lon="6.411960000">
        <ele>929.000</ele>
      </trkpt>
      <trkpt lat="45.929510000" lon="6.411780000">
        <ele>927.000</ele>
      </trkpt>
      <trkpt lat="45.929460000" lon="6.411660000">
        <ele>926.000</ele>
      </trkpt>
      <trkpt lat="45.929380000" lon="6.411580000">
        <ele>925.000</ele>
      </trkpt>
      <trkpt lat="45.929320000" lon="6.411520000">
        <ele>924.000</ele>
      </trkpt>
      <trkpt lat="45.929230000" lon="6.411480000">
        <ele>923.000</ele>
      </trkpt>
      <trkpt lat="45.929150000" lon="6.411470000">
        <ele>922.000</ele>
      </trkpt>
      <trkpt lat="45.928940000" lon="6.411530000">
        <ele>921.000</ele>
      </trkpt>
      <trkpt lat="45.928730000" lon="6.411600000">
        <ele>920.000</ele>
      </trkpt>
      <trkpt lat="45.928600000" lon="6.411620000">
        <ele>919.000</ele>
      </trkpt>
      <trkpt lat="45.928470000" lon="6.411610000">
        <ele>918.000</ele>
      </trkpt>
      <trkpt lat="45.928330000" lon="6.411570000">
        <ele>917.000</ele>
      </trkpt>
      <trkpt lat="45.928200000" lon="6.411500000">
        <ele>916.000</ele>
      </trkpt>
      <trkpt lat="45.928100000" lon="6.411430000">
        <ele>915.000</ele>
      </trkpt>
      <trkpt lat="45.928000000" lon="6.411320000">
        <ele>915.000</ele>
      </trkpt>
      <trkpt lat="45.927910000" lon="6.411190000">
        <ele>914.000</ele>
      </trkpt>
      <trkpt lat="45.927790000" lon="6.411000000">
        <ele>913.000</ele>
      </trkpt>
      <trkpt lat="45.927420000" lon="6.410350000">
        <ele>911.000</ele>
      </trkpt>
      <trkpt lat="45.927320000" lon="6.410150000">
        <ele>910.000</ele>
      </trkpt>
      <trkpt lat="45.927290000" lon="6.410060000">
        <ele>909.000</ele>
      </trkpt>
      <trkpt lat="45.927260000" lon="6.409950000">
        <ele>908.000</ele>
      </trkpt>
      <trkpt lat="45.927250000" lon="6.409840000">
        <ele>908.000</ele>
      </trkpt>
      <trkpt lat="45.927240000" lon="6.409700000">
        <ele>907.000</ele>
      </trkpt>
      <trkpt lat="45.927250000" lon="6.409580000">
        <ele>907.000</ele>
      </trkpt>
      <trkpt lat="45.927280000" lon="6.409440000">
        <ele>906.000</ele>
      </trkpt>
      <trkpt lat="45.927320000" lon="6.409290000">
        <ele>906.000</ele>
      </trkpt>
      <trkpt lat="45.927360000" lon="6.409140000">
        <ele>905.000</ele>
      </trkpt>
      <trkpt lat="45.927530000" lon="6.408580000">
        <ele>904.000</ele>
      </trkpt>
      <trkpt lat="45.927650000" lon="6.408170000">
        <ele>902.000</ele>
      </trkpt>
      <trkpt lat="45.927750000" lon="6.407890000">
        <ele>900.000</ele>
      </trkpt>
      <trkpt lat="45.927820000" lon="6.407690000">
        <ele>899.000</ele>
      </trkpt>
      <trkpt lat="45.927880000" lon="6.407550000">
        <ele>898.000</ele>
      </trkpt>
      <trkpt lat="45.928120000" lon="6.406990000">
        <ele>896.000</ele>
      </trkpt>
      <trkpt lat="45.928480000" lon="6.406130000">
        <ele>893.000</ele>
      </trkpt>
      <trkpt lat="45.928590000" lon="6.405900000">
        <ele>891.000</ele>
      </trkpt>
      <trkpt lat="45.928710000" lon="6.405710000">
        <ele>889.000</ele>
      </trkpt>
      <trkpt lat="45.928810000" lon="6.405580000">
        <ele>887.000</ele>
      </trkpt>
      <trkpt lat="45.928910000" lon="6.405460000">
        <ele>885.000</ele>
      </trkpt>
      <trkpt lat="45.929060000" lon="6.405360000">
        <ele>884.000</ele>
      </trkpt>
      <trkpt lat="45.929160000" lon="6.405290000">
        <ele>883.000</ele>
      </trkpt>
      <trkpt lat="45.929270000" lon="6.405250000">
        <ele>882.000</ele>
      </trkpt>
      <trkpt lat="45.929370000" lon="6.405220000">
        <ele>880.000</ele>
      </trkpt>
      <trkpt lat="45.929500000" lon="6.405190000">
        <ele>879.000</ele>
      </trkpt>
      <trkpt lat="45.929930000" lon="6.405150000">
        <ele>878.000</ele>
      </trkpt>
      <trkpt lat="45.930220000" lon="6.405120000">
        <ele>876.000</ele>
      </trkpt>
      <trkpt lat="45.930300000" lon="6.405120000">
        <ele>874.000</ele>
      </trkpt>
      <trkpt lat="45.930560000" lon="6.405120000">
        <ele>874.000</ele>
      </trkpt>
      <trkpt lat="45.931040000" lon="6.405070000">
        <ele>874.000</ele>
      </trkpt>
      <trkpt lat="45.931100000" lon="6.405060000">
        <ele>874.000</ele>
      </trkpt>
      <trkpt lat="45.931250000" lon="6.404970000">
        <ele>874.000</ele>
      </trkpt>
      <trkpt lat="45.931300000" lon="6.404930000">
        <ele>874.000</ele>
      </trkpt>
      <trkpt lat="45.931360000" lon="6.404850000">
        <ele>874.000</ele>
      </trkpt>
      <trkpt lat="45.931610000" lon="6.404190000">
        <ele>874.000</ele>
      </trkpt>
      <trkpt lat="45.931840000" lon="6.403550000">
        <ele>875.000</ele>
      </trkpt>
      <trkpt lat="45.931930000" lon="6.403330000">
        <ele>875.000</ele>
      </trkpt>
      <trkpt lat="45.932010000" lon="6.403150000">
        <ele>875.000</ele>
      </trkpt>
      <trkpt lat="45.932090000" lon="6.403020000">
        <ele>875.000</ele>
      </trkpt>
      <trkpt lat="45.932220000" lon="6.402840000">
        <ele>875.000</ele>
      </trkpt>
      <trkpt lat="45.932460000" lon="6.402550000">
        <ele>874.000</ele>
      </trkpt>
      <trkpt lat="45.932680000" lon="6.402220000">
        <ele>874.000</ele>
      </trkpt>
      <trkpt lat="45.932910000" lon="6.401810000">
        <ele>873.000</ele>
      </trkpt>
      <trkpt lat="45.933140000" lon="6.401460000">
        <ele>872.000</ele>
      </trkpt>
      <trkpt lat="45.933280000" lon="6.401310000">
        <ele>871.000</ele>
      </trkpt>
      <trkpt lat="45.933410000" lon="6.401180000">
        <ele>870.000</ele>
      </trkpt>
      <trkpt lat="45.933560000" lon="6.401060000">
        <ele>869.000</ele>
      </trkpt>
      <trkpt lat="45.933710000" lon="6.400960000">
        <ele>868.000</ele>
      </trkpt>
      <trkpt lat="45.934040000" lon="6.400770000">
        <ele>868.000</ele>
      </trkpt>
      <trkpt lat="45.934500000" lon="6.400400000">
        <ele>866.000</ele>
      </trkpt>
      <trkpt lat="45.934690000" lon="6.400310000">
        <ele>865.000</ele>
      </trkpt>
      <trkpt lat="45.934910000" lon="6.400310000">
        <ele>864.000</ele>
      </trkpt>
      <trkpt lat="45.935130000" lon="6.400320000">
        <ele>864.000</ele>
      </trkpt>
      <trkpt lat="45.935380000" lon="6.400370000">
        <ele>863.000</ele>
      </trkpt>
      <trkpt lat="45.935540000" lon="6.400430000">
        <ele>862.000</ele>
      </trkpt>
      <trkpt lat="45.935740000" lon="6.400460000">
        <ele>862.000</ele>
      </trkpt>
      <trkpt lat="45.936060000" lon="6.400450000">
        <ele>861.000</ele>
      </trkpt>
      <trkpt lat="45.936260000" lon="6.400430000">
        <ele>861.000</ele>
      </trkpt>
      <trkpt lat="45.936430000" lon="6.400420000">
        <ele>860.000</ele>
      </trkpt>
      <trkpt lat="45.936540000" lon="6.400420000">
        <ele>860.000</ele>
      </trkpt>
      <trkpt lat="45.936660000" lon="6.400450000">
        <ele>859.000</ele>
      </trkpt>
      <trkpt lat="45.936760000" lon="6.400510000">
        <ele>859.000</ele>
      </trkpt>
      <trkpt lat="45.937080000" lon="6.400720000">
        <ele>860.000</ele>
      </trkpt>
      <trkpt lat="45.937170000" lon="6.400760000">
        <ele>861.000</ele>
      </trkpt>
      <trkpt lat="45.937280000" lon="6.400800000">
        <ele>862.000</ele>
      </trkpt>
      <trkpt lat="45.937440000" lon="6.400820000">
        <ele>864.000</ele>
      </trkpt>
      <trkpt lat="45.937470000" lon="6.400820000">
        <ele>865.000</ele>
      </trkpt>
      <trkpt lat="45.937510000" lon="6.400830000">
        <ele>866.000</ele>
      </trkpt>
      <trkpt lat="45.937560000" lon="6.400840000">
        <ele>866.000</ele>
      </trkpt>
      <trkpt lat="45.937600000" lon="6.400860000">
        <ele>867.000</ele>
      </trkpt>
      <trkpt lat="45.937700000" lon="6.400930000">
        <ele>868.000</ele>
      </trkpt>
      <trkpt lat="45.937760000" lon="6.400990000">
        <ele>869.000</ele>
      </trkpt>
      <trkpt lat="45.937800000" lon="6.401020000">
        <ele>869.000</ele>
      </trkpt>
      <trkpt lat="45.937830000" lon="6.401050000">
        <ele>870.000</ele>
      </trkpt>
      <trkpt lat="45.937860000" lon="6.401090000">
        <ele>871.000</ele>
      </trkpt>
      <trkpt lat="45.937880000" lon="6.401130000">
        <ele>871.000</ele>
      </trkpt>
      <trkpt lat="45.937910000" lon="6.401170000">
        <ele>872.000</ele>
      </trkpt>
      <trkpt lat="45.937930000" lon="6.401210000">
        <ele>872.000</ele>
      </trkpt>
      <trkpt lat="45.937950000" lon="6.401250000">
        <ele>872.000</ele>
      </trkpt>
      <trkpt lat="45.937980000" lon="6.401300000">
        <ele>873.000</ele>
      </trkpt>
      <trkpt lat="45.938040000" lon="6.401440000">
        <ele>874.000</ele>
      </trkpt>
      <trkpt lat="45.938110000" lon="6.401580000">
        <ele>874.000</ele>
      </trkpt>
      <trkpt lat="45.938130000" lon="6.401620000">
        <ele>875.000</ele>
      </trkpt>
      <trkpt lat="45.938160000" lon="6.401660000">
        <ele>876.000</ele>
      </trkpt>
      <trkpt lat="45.938180000" lon="6.401700000">
        <ele>876.000</ele>
      </trkpt>
      <trkpt lat="45.938210000" lon="6.401750000">
        <ele>877.000</ele>
      </trkpt>
      <trkpt lat="45.938250000" lon="6.401780000">
        <ele>877.000</ele>
      </trkpt>
      <trkpt lat="45.938270000" lon="6.401810000">
        <ele>878.000</ele>
      </trkpt>
      <trkpt lat="45.938290000" lon="6.401820000">
        <ele>878.000</ele>
      </trkpt>
      <trkpt lat="45.938340000" lon="6.401860000">
        <ele>877.000</ele>
      </trkpt>
      <trkpt lat="45.938390000" lon="6.401900000">
        <ele>877.000</ele>
      </trkpt>
      <trkpt lat="45.938430000" lon="6.401920000">
        <ele>876.000</ele>
      </trkpt>
      <trkpt lat="45.938470000" lon="6.401930000">
        <ele>876.000</ele>
      </trkpt>
      <trkpt lat="45.938520000" lon="6.401950000">
        <ele>875.000</ele>
      </trkpt>
      <trkpt lat="45.939410000" lon="6.402130000">
        <ele>871.000</ele>
      </trkpt>
      <trkpt lat="45.939440000" lon="6.402130000">
        <ele>867.000</ele>
      </trkpt>
      <trkpt lat="45.939480000" lon="6.402130000">
        <ele>865.000</ele>
      </trkpt>
      <trkpt lat="45.939520000" lon="6.402120000">
        <ele>863.000</ele>
      </trkpt>
      <trkpt lat="45.939550000" lon="6.402110000">
        <ele>862.000</ele>
      </trkpt>
      <trkpt lat="45.939730000" lon="6.402040000">
        <ele>860.000</ele>
      </trkpt>
      <trkpt lat="45.939780000" lon="6.402030000">
        <ele>859.000</ele>
      </trkpt>
      <trkpt lat="45.939810000" lon="6.402020000">
        <ele>857.000</ele>
      </trkpt>
      <trkpt lat="45.939850000" lon="6.402010000">
        <ele>857.000</ele>
      </trkpt>
      <trkpt lat="45.939890000" lon="6.402000000">
        <ele>856.000</ele>
      </trkpt>
      <trkpt lat="45.939920000" lon="6.402000000">
        <ele>855.000</ele>
      </trkpt>
      <trkpt lat="45.939960000" lon="6.402000000">
        <ele>854.000</ele>
      </trkpt>
      <trkpt lat="45.940000000" lon="6.402000000">
        <ele>854.000</ele>
      </trkpt>
      <trkpt lat="45.940040000" lon="6.402000000">
        <ele>853.000</ele>
      </trkpt>
      <trkpt lat="45.940110000" lon="6.402020000">
        <ele>853.000</ele>
      </trkpt>
      <trkpt lat="45.940150000" lon="6.402030000">
        <ele>853.000</ele>
      </trkpt>
      <trkpt lat="45.940180000" lon="6.402030000">
        <ele>853.000</ele>
      </trkpt>
      <trkpt lat="45.940560000" lon="6.402140000">
        <ele>853.000</ele>
      </trkpt>
      <trkpt lat="45.940600000" lon="6.402160000">
        <ele>852.000</ele>
      </trkpt>
      <trkpt lat="45.940640000" lon="6.402170000">
        <ele>852.000</ele>
      </trkpt>
      <trkpt lat="45.940670000" lon="6.402200000">
        <ele>852.000</ele>
      </trkpt>
      <trkpt lat="45.940710000" lon="6.402220000">
        <ele>852.000</ele>
      </trkpt>
      <trkpt lat="45.940730000" lon="6.402250000">
        <ele>852.000</ele>
      </trkpt>
      <trkpt lat="45.940760000" lon="6.402290000">
        <ele>852.000</ele>
      </trkpt>
      <trkpt lat="45.940940000" lon="6.402510000">
        <ele>852.000</ele>
      </trkpt>
      <trkpt lat="45.941000000" lon="6.402580000">
        <ele>852.000</ele>
      </trkpt>
      <trkpt lat="45.941060000" lon="6.402650000">
        <ele>852.000</ele>
      </trkpt>
      <trkpt lat="45.941090000" lon="6.402670000">
        <ele>852.000</ele>
      </trkpt>
      <trkpt lat="45.941130000" lon="6.402700000">
        <ele>852.000</ele>
      </trkpt>
      <trkpt lat="45.941160000" lon="6.402720000">
        <ele>852.000</ele>
      </trkpt>
      <trkpt lat="45.941200000" lon="6.402740000">
        <ele>852.000</ele>
      </trkpt>
      <trkpt lat="45.941240000" lon="6.402760000">
        <ele>852.000</ele>
      </trkpt>
      <trkpt lat="45.941300000" lon="6.402780000">
        <ele>852.000</ele>
      </trkpt>
      <trkpt lat="45.941550000" lon="6.402830000">
        <ele>852.000</ele>
      </trkpt>
      <trkpt lat="45.941710000" lon="6.402860000">
        <ele>852.000</ele>
      </trkpt>
      <trkpt lat="45.941870000" lon="6.402900000">
        <ele>851.000</ele>
      </trkpt>
      <trkpt lat="45.942120000" lon="6.402960000">
        <ele>851.000</ele>
      </trkpt>
      <trkpt lat="45.942310000" lon="6.402990000">
        <ele>851.000</ele>
      </trkpt>
      <trkpt lat="45.942620000" lon="6.403050000">
        <ele>850.000</ele>
      </trkpt>
      <trkpt lat="45.942700000" lon="6.403060000">
        <ele>850.000</ele>
      </trkpt>
      <trkpt lat="45.942700000" lon="6.403060000">
        <ele>849.000</ele>
      </trkpt>
      <trkpt lat="45.942700000" lon="6.403060000">
        <ele>849.000</ele>
      </trkpt>
      <trkpt lat="45.942770000" lon="6.403070000">
        <ele>849.000</ele>
      </trkpt>
      <trkpt lat="45.942850000" lon="6.403080000">
        <ele>849.000</ele>
      </trkpt>
      <trkpt lat="45.942920000" lon="6.403080000">
        <ele>849.000</ele>
      </trkpt>
      <trkpt lat="45.943000000" lon="6.403080000">
        <ele>848.000</ele>
      </trkpt>
      <trkpt lat="45.943080000" lon="6.403080000">
        <ele>848.000</ele>
      </trkpt>
      <trkpt lat="45.943190000" lon="6.403060000">
        <ele>848.000</ele>
      </trkpt>
      <trkpt lat="45.943500000" lon="6.402990000">
        <ele>847.000</ele>
      </trkpt>
      <trkpt lat="45.943780000" lon="6.402880000">
        <ele>846.000</ele>
      </trkpt>
      <trkpt lat="45.943980000" lon="6.402790000">
        <ele>844.000</ele>
      </trkpt>
      <trkpt lat="45.944180000" lon="6.402650000">
        <ele>842.000</ele>
      </trkpt>
      <trkpt lat="45.944510000" lon="6.402400000">
        <ele>839.000</ele>
      </trkpt>
      <trkpt lat="45.945060000" lon="6.401960000">
        <ele>835.000</ele>
      </trkpt>
      <trkpt lat="45.945700000" lon="6.401410000">
        <ele>829.000</ele>
      </trkpt>
      <trkpt lat="45.946360000" lon="6.400820000">
        <ele>823.000</ele>
      </trkpt>
      <trkpt lat="45.946510000" lon="6.400680000">
        <ele>820.000</ele>
      </trkpt>
      <trkpt lat="45.946600000" lon="6.400580000">
        <ele>817.000</ele>
      </trkpt>
      <trkpt lat="45.946700000" lon="6.400460000">
        <ele>815.000</ele>
      </trkpt>
      <trkpt lat="45.948390000" lon="6.398150000">
        <ele>811.000</ele>
      </trkpt>
      <trkpt lat="45.948790000" lon="6.397690000">
        <ele>810.000</ele>
      </trkpt>
      <trkpt lat="45.949440000" lon="6.397130000">
        <ele>811.000</ele>
      </trkpt>
      <trkpt lat="45.949740000" lon="6.396880000">
        <ele>813.000</ele>
      </trkpt>
      <trkpt lat="45.949840000" lon="6.396790000">
        <ele>815.000</ele>
      </trkpt>
      <trkpt lat="45.949910000" lon="6.396700000">
        <ele>817.000</ele>
      </trkpt>
      <trkpt lat="45.949980000" lon="6.396590000">
        <ele>817.000</ele>
      </trkpt>
      <trkpt lat="45.950030000" lon="6.396510000">
        <ele>818.000</ele>
      </trkpt>
      <trkpt lat="45.950070000" lon="6.396420000">
        <ele>817.000</ele>
      </trkpt>
      <trkpt lat="45.950120000" lon="6.396290000">
        <ele>817.000</ele>
      </trkpt>
      <trkpt lat="45.950170000" lon="6.396130000">
        <ele>817.000</ele>
      </trkpt>
      <trkpt lat="45.950230000" lon="6.395910000">
        <ele>816.000</ele>
      </trkpt>
      <trkpt lat="45.950280000" lon="6.395720000">
        <ele>815.000</ele>
      </trkpt>
      <trkpt lat="45.950470000" lon="6.395200000">
        <ele>813.000</ele>
      </trkpt>
      <trkpt lat="45.950750000" lon="6.394580000">
        <ele>810.000</ele>
      </trkpt>
      <trkpt lat="45.951200000" lon="6.393730000">
        <ele>806.000</ele>
      </trkpt>
      <trkpt lat="45.952610000" lon="6.391050000">
        <ele>801.000</ele>
      </trkpt>
      <trkpt lat="45.952810000" lon="6.390700000">
        <ele>797.000</ele>
      </trkpt>
      <trkpt lat="45.952840000" lon="6.390660000">
        <ele>794.000</ele>
      </trkpt>
      <trkpt lat="45.953030000" lon="6.390410000">
        <ele>792.000</ele>
      </trkpt>
      <trkpt lat="45.953200000" lon="6.390270000">
        <ele>791.000</ele>
      </trkpt>
      <trkpt lat="45.953400000" lon="6.390190000">
        <ele>789.000</ele>
      </trkpt>
      <trkpt lat="45.953440000" lon="6.390170000">
        <ele>788.000</ele>
      </trkpt>
      <trkpt lat="45.954250000" lon="6.390150000">
        <ele>787.000</ele>
      </trkpt>
      <trkpt lat="45.954440000" lon="6.390110000">
        <ele>786.000</ele>
      </trkpt>
      <trkpt lat="45.954580000" lon="6.390050000">
        <ele>785.000</ele>
      </trkpt>
      <trkpt lat="45.954780000" lon="6.389910000">
        <ele>784.000</ele>
      </trkpt>
      <trkpt lat="45.954950000" lon="6.389730000">
        <ele>784.000</ele>
      </trkpt>
      <trkpt lat="45.955530000" lon="6.388970000">
        <ele>784.000</ele>
      </trkpt>
      <trkpt lat="45.955910000" lon="6.388670000">
        <ele>783.000</ele>
      </trkpt>
      <trkpt lat="45.956540000" lon="6.388340000">
        <ele>782.000</ele>
      </trkpt>
      <trkpt lat="45.957110000" lon="6.388110000">
        <ele>782.000</ele>
      </trkpt>
      <trkpt lat="45.957600000" lon="6.388020000">
        <ele>781.000</ele>
      </trkpt>
      <trkpt lat="45.957650000" lon="6.388020000">
        <ele>780.000</ele>
      </trkpt>
      <trkpt lat="45.957950000" lon="6.387950000">
        <ele>779.000</ele>
      </trkpt>
      <trkpt lat="45.958250000" lon="6.387880000">
        <ele>779.000</ele>
      </trkpt>
      <trkpt lat="45.958780000" lon="6.387720000">
        <ele>778.000</ele>
      </trkpt>
      <trkpt lat="45.959300000" lon="6.387580000">
        <ele>777.000</ele>
      </trkpt>
      <trkpt lat="45.959520000" lon="6.387520000">
        <ele>776.000</ele>
      </trkpt>
      <trkpt lat="45.959590000" lon="6.387500000">
        <ele>775.000</ele>
      </trkpt>
      <trkpt lat="45.959720000" lon="6.387450000">
        <ele>775.000</ele>
      </trkpt>
      <trkpt lat="45.959740000" lon="6.387480000">
        <ele>775.000</ele>
      </trkpt>
      <trkpt lat="45.959760000" lon="6.387490000">
        <ele>774.000</ele>
      </trkpt>
      <trkpt lat="45.959770000" lon="6.387500000">
        <ele>774.000</ele>
      </trkpt>
      <trkpt lat="45.959800000" lon="6.387490000">
        <ele>774.000</ele>
      </trkpt>
      <trkpt lat="45.959830000" lon="6.387480000">
        <ele>774.000</ele>
      </trkpt>
      <trkpt lat="45.959850000" lon="6.387450000">
        <ele>774.000</ele>
      </trkpt>
      <trkpt lat="45.959860000" lon="6.387410000">
        <ele>774.000</ele>
      </trkpt>
      <trkpt lat="45.959860000" lon="6.387370000">
        <ele>774.000</ele>
      </trkpt>
      <trkpt lat="45.959850000" lon="6.387340000">
        <ele>774.000</ele>
      </trkpt>
      <trkpt lat="45.960270000" lon="6.387080000">
        <ele>773.000</ele>
      </trkpt>
      <trkpt lat="45.960310000" lon="6.387060000">
        <ele>773.000</ele>
      </trkpt>
      <trkpt lat="45.960860000" lon="6.386750000">
        <ele>772.000</ele>
      </trkpt>
      <trkpt lat="45.961420000" lon="6.386390000">
        <ele>771.000</ele>
      </trkpt>
      <trkpt lat="45.961740000" lon="6.386180000">
        <ele>771.000</ele>
      </trkpt>
      <trkpt lat="45.962090000" lon="6.386000000">
        <ele>770.000</ele>
      </trkpt>
      <trkpt lat="45.962330000" lon="6.385870000">
        <ele>770.000</ele>
      </trkpt>
      <trkpt lat="45.962470000" lon="6.385860000">
        <ele>769.000</ele>
      </trkpt>
      <trkpt lat="45.962630000" lon="6.385860000">
        <ele>769.000</ele>
      </trkpt>
      <trkpt lat="45.962940000" lon="6.385890000">
        <ele>769.000</ele>
      </trkpt>
      <trkpt lat="45.963100000" lon="6.385910000">
        <ele>769.000</ele>
      </trkpt>
      <trkpt lat="45.963250000" lon="6.385940000">
        <ele>769.000</ele>
      </trkpt>
      <trkpt lat="45.963440000" lon="6.385990000">
        <ele>769.000</ele>
      </trkpt>
      <trkpt lat="45.963580000" lon="6.386060000">
        <ele>768.000</ele>
      </trkpt>
      <trkpt lat="45.963870000" lon="6.386190000">
        <ele>768.000</ele>
      </trkpt>
      <trkpt lat="45.964040000" lon="6.386220000">
        <ele>767.000</ele>
      </trkpt>
      <trkpt lat="45.964190000" lon="6.386210000">
        <ele>767.000</ele>
      </trkpt>
      <trkpt lat="45.964340000" lon="6.386160000">
        <ele>766.000</ele>
      </trkpt>
      <trkpt lat="45.964590000" lon="6.386030000">
        <ele>766.000</ele>
      </trkpt>
      <trkpt lat="45.964860000" lon="6.385880000">
        <ele>765.000</ele>
      </trkpt>
      <trkpt lat="45.965100000" lon="6.385750000">
        <ele>765.000</ele>
      </trkpt>
      <trkpt lat="45.965380000" lon="6.385600000">
        <ele>764.000</ele>
      </trkpt>
      <trkpt lat="45.965640000" lon="6.385460000">
        <ele>764.000</ele>
      </trkpt>
      <trkpt lat="45.965800000" lon="6.385410000">
        <ele>764.000</ele>
      </trkpt>
      <trkpt lat="45.965950000" lon="6.385370000">
        <ele>763.000</ele>
      </trkpt>
      <trkpt lat="45.966070000" lon="6.385340000">
        <ele>763.000</ele>
      </trkpt>
      <trkpt lat="45.966140000" lon="6.385330000">
        <ele>763.000</ele>
      </trkpt>
      <trkpt lat="45.966210000" lon="6.385320000">
        <ele>763.000</ele>
      </trkpt>
      <trkpt lat="45.966270000" lon="6.385310000">
        <ele>763.000</ele>
      </trkpt>
      <trkpt lat="45.966320000" lon="6.385310000">
        <ele>763.000</ele>
      </trkpt>
      <trkpt lat="45.966390000" lon="6.385310000">
        <ele>763.000</ele>
      </trkpt>
      <trkpt lat="45.966470000" lon="6.385310000">
        <ele>763.000</ele>
      </trkpt>
      <trkpt lat="45.967090000" lon="6.385370000">
        <ele>763.000</ele>
      </trkpt>
      <trkpt lat="45.967160000" lon="6.385370000">
        <ele>763.000</ele>
      </trkpt>
      <trkpt lat="45.967240000" lon="6.385370000">
        <ele>762.000</ele>
      </trkpt>
      <trkpt lat="45.967360000" lon="6.385370000">
        <ele>762.000</ele>
      </trkpt>
      <trkpt lat="45.967480000" lon="6.385350000">
        <ele>762.000</ele>
      </trkpt>
      <trkpt lat="45.967620000" lon="6.385300000">
        <ele>761.000</ele>
      </trkpt>
      <trkpt lat="45.967760000" lon="6.385240000">
        <ele>760.000</ele>
      </trkpt>
      <trkpt lat="45.968500000" lon="6.384880000">
        <ele>759.000</ele>
      </trkpt>
      <trkpt lat="45.969190000" lon="6.384540000">
        <ele>757.000</ele>
      </trkpt>
      <trkpt lat="45.969390000" lon="6.384450000">
        <ele>756.000</ele>
      </trkpt>
      <trkpt lat="45.969480000" lon="6.384420000">
        <ele>755.000</ele>
      </trkpt>
      <trkpt lat="45.969570000" lon="6.384410000">
        <ele>754.000</ele>
      </trkpt>
      <trkpt lat="45.969640000" lon="6.384410000">
        <ele>754.000</ele>
      </trkpt>
      <trkpt lat="45.969740000" lon="6.384430000">
        <ele>754.000</ele>
      </trkpt>
      <trkpt lat="45.969830000" lon="6.384460000">
        <ele>754.000</ele>
      </trkpt>
      <trkpt lat="45.969930000" lon="6.384520000">
        <ele>755.000</ele>
      </trkpt>
      <trkpt lat="45.970400000" lon="6.384800000">
        <ele>755.000</ele>
      </trkpt>
      <trkpt lat="45.970550000" lon="6.384880000">
        <ele>756.000</ele>
      </trkpt>
      <trkpt lat="45.970690000" lon="6.384920000">
        <ele>756.000</ele>
      </trkpt>
      <trkpt lat="45.970840000" lon="6.384930000">
        <ele>757.000</ele>
      </trkpt>
      <trkpt lat="45.971050000" lon="6.384890000">
        <ele>757.000</ele>
      </trkpt>
      <trkpt lat="45.971360000" lon="6.384810000">
        <ele>757.000</ele>
      </trkpt>
      <trkpt lat="45.972030000" lon="6.384620000">
        <ele>757.000</ele>
      </trkpt>
      <trkpt lat="45.972950000" lon="6.384290000">
        <ele>756.000</ele>
      </trkpt>
      <trkpt lat="45.973050000" lon="6.384290000">
        <ele>755.000</ele>
      </trkpt>
      <trkpt lat="45.973160000" lon="6.384330000">
        <ele>754.000</ele>
      </trkpt>
      <trkpt lat="45.973260000" lon="6.384380000">
        <ele>754.000</ele>
      </trkpt>
      <trkpt lat="45.973890000" lon="6.385250000">
        <ele>753.000</ele>
      </trkpt>
      <trkpt lat="45.974290000" lon="6.385840000">
        <ele>752.000</ele>
      </trkpt>
      <trkpt lat="45.974580000" lon="6.386380000">
        <ele>751.000</ele>
      </trkpt>
      <trkpt lat="45.974650000" lon="6.386440000">
        <ele>750.000</ele>
      </trkpt>
      <trkpt lat="45.974670000" lon="6.386460000">
        <ele>749.000</ele>
      </trkpt>
      <trkpt lat="45.974760000" lon="6.386540000">
        <ele>749.000</ele>
      </trkpt>
      <trkpt lat="45.974800000" lon="6.386550000">
        <ele>749.000</ele>
      </trkpt>
      <trkpt lat="45.975010000" lon="6.386640000">
        <ele>748.000</ele>
      </trkpt>
      <trkpt lat="45.975610000" lon="6.386750000">
        <ele>748.000</ele>
      </trkpt>
      <trkpt lat="45.976550000" lon="6.386940000">
        <ele>747.000</ele>
      </trkpt>
      <trkpt lat="45.977010000" lon="6.387030000">
        <ele>746.000</ele>
      </trkpt>
      <trkpt lat="45.977510000" lon="6.387290000">
        <ele>745.000</ele>
      </trkpt>
      <trkpt lat="45.978280000" lon="6.387070000">
        <ele>744.000</ele>
      </trkpt>
      <trkpt lat="45.978820000" lon="6.387140000">
        <ele>743.000</ele>
      </trkpt>
      <trkpt lat="45.979170000" lon="6.387190000">
        <ele>742.000</ele>
      </trkpt>
      <trkpt lat="45.980120000" lon="6.387360000">
        <ele>741.000</ele>
      </trkpt>
      <trkpt lat="45.980760000" lon="6.387420000">
        <ele>740.000</ele>
      </trkpt>
      <trkpt lat="45.980870000" lon="6.387420000">
        <ele>739.000</ele>
      </trkpt>
      <trkpt lat="45.981210000" lon="6.387430000">
        <ele>738.000</ele>
      </trkpt>
      <trkpt lat="45.981580000" lon="6.387400000">
        <ele>737.000</ele>
      </trkpt>
      <trkpt lat="45.981720000" lon="6.387380000">
        <ele>737.000</ele>
      </trkpt>
      <trkpt lat="45.981870000" lon="6.387360000">
        <ele>737.000</ele>
      </trkpt>
      <trkpt lat="45.982260000" lon="6.387280000">
        <ele>736.000</ele>
      </trkpt>
      <trkpt lat="45.982420000" lon="6.387270000">
        <ele>736.000</ele>
      </trkpt>
      <trkpt lat="45.982620000" lon="6.387300000">
        <ele>735.000</ele>
      </trkpt>
      <trkpt lat="45.982820000" lon="6.387370000">
        <ele>735.000</ele>
      </trkpt>
      <trkpt lat="45.983380000" lon="6.387570000">
        <ele>735.000</ele>
      </trkpt>
      <trkpt lat="45.983650000" lon="6.387610000">
        <ele>734.000</ele>
      </trkpt>
      <trkpt lat="45.984020000" lon="6.387660000">
        <ele>734.000</ele>
      </trkpt>
      <trkpt lat="45.984160000" lon="6.387710000">
        <ele>734.000</ele>
      </trkpt>
      <trkpt lat="45.984400000" lon="6.387880000">
        <ele>734.000</ele>
      </trkpt>
      <trkpt lat="45.984630000" lon="6.388190000">
        <ele>734.000</ele>
      </trkpt>
      <trkpt lat="45.984790000" lon="6.388490000">
        <ele>734.000</ele>
      </trkpt>
      <trkpt lat="45.984880000" lon="6.388640000">
        <ele>734.000</ele>
      </trkpt>
      <trkpt lat="45.984980000" lon="6.388790000">
        <ele>734.000</ele>
      </trkpt>
      <trkpt lat="45.985130000" lon="6.389000000">
        <ele>734.000</ele>
      </trkpt>
      <trkpt lat="45.985740000" lon="6.389800000">
        <ele>734.000</ele>
      </trkpt>
      <trkpt lat="45.986140000" lon="6.390320000">
        <ele>733.000</ele>
      </trkpt>
      <trkpt lat="45.986320000" lon="6.390520000">
        <ele>733.000</ele>
      </trkpt>
      <trkpt lat="45.986420000" lon="6.390620000">
        <ele>733.000</ele>
      </trkpt>
      <trkpt lat="45.986500000" lon="6.390690000">
        <ele>733.000</ele>
      </trkpt>
      <trkpt lat="45.986590000" lon="6.390770000">
        <ele>733.000</ele>
      </trkpt>
      <trkpt lat="45.986760000" lon="6.390910000">
        <ele>733.000</ele>
      </trkpt>
      <trkpt lat="45.987000000" lon="6.391110000">
        <ele>733.000</ele>
      </trkpt>
      <trkpt lat="45.987300000" lon="6.391340000">
        <ele>733.000</ele>
      </trkpt>
      <trkpt lat="45.987440000" lon="6.391450000">
        <ele>733.000</ele>
      </trkpt>
      <trkpt lat="45.987530000" lon="6.391540000">
        <ele>733.000</ele>
      </trkpt>
      <trkpt lat="45.987600000" lon="6.391630000">
        <ele>733.000</ele>
      </trkpt>
      <trkpt lat="45.987670000" lon="6.391720000">
        <ele>733.000</ele>
      </trkpt>
      <trkpt lat="45.987750000" lon="6.391870000">
        <ele>734.000</ele>
      </trkpt>
      <trkpt lat="45.987870000" lon="6.392100000">
        <ele>734.000</ele>
      </trkpt>
      <trkpt lat="45.987950000" lon="6.392250000">
        <ele>734.000</ele>
      </trkpt>
      <trkpt lat="45.988030000" lon="6.392350000">
        <ele>735.000</ele>
      </trkpt>
      <trkpt lat="45.988500000" lon="6.392870000">
        <ele>735.000</ele>
      </trkpt>
      <trkpt lat="45.988750000" lon="6.393160000">
        <ele>736.000</ele>
      </trkpt>
      <trkpt lat="45.988850000" lon="6.393260000">
        <ele>737.000</ele>
      </trkpt>
      <trkpt lat="45.988910000" lon="6.393310000">
        <ele>737.000</ele>
      </trkpt>
      <trkpt lat="45.989040000" lon="6.393390000">
        <ele>738.000</ele>
      </trkpt>
      <trkpt lat="45.989150000" lon="6.393440000">
        <ele>738.000</ele>
      </trkpt>
      <trkpt lat="45.989250000" lon="6.393480000">
        <ele>739.000</ele>
      </trkpt>
      <trkpt lat="45.989290000" lon="6.393490000">
        <ele>739.000</ele>
      </trkpt>
      <trkpt lat="45.989340000" lon="6.393490000">
        <ele>740.000</ele>
      </trkpt>
      <trkpt lat="45.989400000" lon="6.393480000">
        <ele>740.000</ele>
      </trkpt>
      <trkpt lat="45.989470000" lon="6.393460000">
        <ele>740.000</ele>
      </trkpt>
      <trkpt lat="45.989620000" lon="6.393370000">
        <ele>741.000</ele>
      </trkpt>
      <trkpt lat="45.989680000" lon="6.393360000">
        <ele>741.000</ele>
      </trkpt>
      <trkpt lat="45.989720000" lon="6.393350000">
        <ele>741.000</ele>
      </trkpt>
      <trkpt lat="45.989760000" lon="6.393350000">
        <ele>742.000</ele>
      </trkpt>
      <trkpt lat="45.989800000" lon="6.393360000">
        <ele>742.000</ele>
      </trkpt>
      <trkpt lat="45.989830000" lon="6.393380000">
        <ele>742.000</ele>
      </trkpt>
      <trkpt lat="45.989890000" lon="6.393430000">
        <ele>742.000</ele>
      </trkpt>
      <trkpt lat="45.990130000" lon="6.393700000">
        <ele>743.000</ele>
      </trkpt>
      <trkpt lat="45.990190000" lon="6.393750000">
        <ele>743.000</ele>
      </trkpt>
      <trkpt lat="45.990220000" lon="6.393780000">
        <ele>744.000</ele>
      </trkpt>
      <trkpt lat="45.990270000" lon="6.393800000">
        <ele>744.000</ele>
      </trkpt>
      <trkpt lat="45.990320000" lon="6.393820000">
        <ele>744.000</ele>
      </trkpt>
      <trkpt lat="45.990380000" lon="6.393820000">
        <ele>745.000</ele>
      </trkpt>
      <trkpt lat="45.990430000" lon="6.393810000">
        <ele>745.000</ele>
      </trkpt>
      <trkpt lat="45.990480000" lon="6.393790000">
        <ele>745.000</ele>
      </trkpt>
      <trkpt lat="45.990610000" lon="6.393730000">
        <ele>745.000</ele>
      </trkpt>
      <trkpt lat="45.990680000" lon="6.393710000">
        <ele>745.000</ele>
      </trkpt>
      <trkpt lat="45.990730000" lon="6.393700000">
        <ele>746.000</ele>
      </trkpt>
      <trkpt lat="45.990780000" lon="6.393690000">
        <ele>746.000</ele>
      </trkpt>
      <trkpt lat="45.990830000" lon="6.393700000">
        <ele>746.000</ele>
      </trkpt>
      <trkpt lat="45.991010000" lon="6.393750000">
        <ele>746.000</ele>
      </trkpt>
      <trkpt lat="45.991210000" lon="6.393810000">
        <ele>746.000</ele>
      </trkpt>
      <trkpt lat="45.991280000" lon="6.393830000">
        <ele>746.000</ele>
      </trkpt>
      <trkpt lat="45.991330000" lon="6.393830000">
        <ele>746.000</ele>
      </trkpt>
      <trkpt lat="45.991370000" lon="6.393820000">
        <ele>746.000</ele>
      </trkpt>
      <trkpt lat="45.991420000" lon="6.393800000">
        <ele>746.000</ele>
      </trkpt>
      <trkpt lat="45.991460000" lon="6.393780000">
        <ele>747.000</ele>
      </trkpt>
      <trkpt lat="45.991510000" lon="6.393720000">
        <ele>747.000</ele>
      </trkpt>
      <trkpt lat="45.991550000" lon="6.393660000">
        <ele>747.000</ele>
      </trkpt>
      <trkpt lat="45.991590000" lon="6.393560000">
        <ele>747.000</ele>
      </trkpt>
      <trkpt lat="45.991670000" lon="6.393370000">
        <ele>747.000</ele>
      </trkpt>
      <trkpt lat="45.991700000" lon="6.393320000">
        <ele>747.000</ele>
      </trkpt>
      <trkpt lat="45.991740000" lon="6.393280000">
        <ele>747.000</ele>
      </trkpt>
      <trkpt lat="45.991780000" lon="6.393240000">
        <ele>747.000</ele>
      </trkpt>
      <trkpt lat="45.991830000" lon="6.393210000">
        <ele>747.000</ele>
      </trkpt>
      <trkpt lat="45.991890000" lon="6.393190000">
        <ele>747.000</ele>
      </trkpt>
      <trkpt lat="45.991920000" lon="6.393190000">
        <ele>747.000</ele>
      </trkpt>
      <trkpt lat="45.991960000" lon="6.393190000">
        <ele>747.000</ele>
      </trkpt>
      <trkpt lat="45.992000000" lon="6.393210000">
        <ele>747.000</ele>
      </trkpt>
      <trkpt lat="45.992070000" lon="6.393240000">
        <ele>747.000</ele>
      </trkpt>
      <trkpt lat="45.992270000" lon="6.393340000">
        <ele>748.000</ele>
      </trkpt>
      <trkpt lat="45.992420000" lon="6.393410000">
        <ele>748.000</ele>
      </trkpt>
      <trkpt lat="45.992690000" lon="6.393530000">
        <ele>749.000</ele>
      </trkpt>
      <trkpt lat="45.992860000" lon="6.393610000">
        <ele>749.000</ele>
      </trkpt>
      <trkpt lat="45.993150000" lon="6.393780000">
        <ele>750.000</ele>
      </trkpt>
      <trkpt lat="45.993920000" lon="6.394250000">
        <ele>752.000</ele>
      </trkpt>
      <trkpt lat="45.994080000" lon="6.394320000">
        <ele>753.000</ele>
      </trkpt>
      <trkpt lat="45.994220000" lon="6.394370000">
        <ele>753.000</ele>
      </trkpt>
      <trkpt lat="45.994390000" lon="6.394420000">
        <ele>753.000</ele>
      </trkpt>
      <trkpt lat="45.994520000" lon="6.394450000">
        <ele>753.000</ele>
      </trkpt>
      <trkpt lat="45.994640000" lon="6.394470000">
        <ele>752.000</ele>
      </trkpt>
      <trkpt lat="45.994820000" lon="6.394500000">
        <ele>751.000</ele>
      </trkpt>
      <trkpt lat="45.994970000" lon="6.394490000">
        <ele>751.000</ele>
      </trkpt>
      <trkpt lat="45.995090000" lon="6.394480000">
        <ele>750.000</ele>
      </trkpt>
      <trkpt lat="45.995480000" lon="6.394390000">
        <ele>749.000</ele>
      </trkpt>
      <trkpt lat="45.995670000" lon="6.394360000">
        <ele>748.000</ele>
      </trkpt>
      <trkpt lat="45.995940000" lon="6.394320000">
        <ele>746.000</ele>
      </trkpt>
      <trkpt lat="45.996040000" lon="6.394310000">
        <ele>745.000</ele>
      </trkpt>
      <trkpt lat="45.996170000" lon="6.394320000">
        <ele>744.000</ele>
      </trkpt>
      <trkpt lat="45.996450000" lon="6.394340000">
        <ele>744.000</ele>
      </trkpt>
      <trkpt lat="45.996600000" lon="6.394360000">
        <ele>743.000</ele>
      </trkpt>
      <trkpt lat="45.996940000" lon="6.394420000">
        <ele>742.000</ele>
      </trkpt>
      <trkpt lat="45.997310000" lon="6.394480000">
        <ele>741.000</ele>
      </trkpt>
      <trkpt lat="45.997540000" lon="6.394500000">
        <ele>741.000</ele>
      </trkpt>
      <trkpt lat="45.997810000" lon="6.394520000">
        <ele>740.000</ele>
      </trkpt>
      <trkpt lat="45.998250000" lon="6.394510000">
        <ele>739.000</ele>
      </trkpt>
      <trkpt lat="45.998910000" lon="6.394480000">
        <ele>738.000</ele>
      </trkpt>
      <trkpt lat="45.999140000" lon="6.394480000">
        <ele>738.000</ele>
      </trkpt>
      <trkpt lat="45.999220000" lon="6.394490000">
        <ele>737.000</ele>
      </trkpt>
      <trkpt lat="45.999280000" lon="6.394510000">
        <ele>737.000</ele>
      </trkpt>
      <trkpt lat="45.999340000" lon="6.394530000">
        <ele>737.000</ele>
      </trkpt>
      <trkpt lat="45.999400000" lon="6.394560000">
        <ele>736.000</ele>
      </trkpt>
      <trkpt lat="45.999440000" lon="6.394580000">
        <ele>736.000</ele>
      </trkpt>
      <trkpt lat="45.999490000" lon="6.394620000">
        <ele>736.000</ele>
      </trkpt>
      <trkpt lat="45.999520000" lon="6.394640000">
        <ele>736.000</ele>
      </trkpt>
      <trkpt lat="45.999560000" lon="6.394680000">
        <ele>736.000</ele>
      </trkpt>
      <trkpt lat="45.999700000" lon="6.394800000">
        <ele>736.000</ele>
      </trkpt>
      <trkpt lat="45.999750000" lon="6.394860000">
        <ele>736.000</ele>
      </trkpt>
      <trkpt lat="45.999800000" lon="6.394930000">
        <ele>736.000</ele>
      </trkpt>
      <trkpt lat="45.999990000" lon="6.395250000">
        <ele>735.000</ele>
      </trkpt>
      <trkpt lat="46.000010000" lon="6.395270000">
        <ele>735.000</ele>
      </trkpt>
      <trkpt lat="46.000150000" lon="6.395480000">
        <ele>735.000</ele>
      </trkpt>
      <trkpt lat="46.000260000" lon="6.395640000">
        <ele>735.000</ele>
      </trkpt>
      <trkpt lat="46.000360000" lon="6.395760000">
        <ele>734.000</ele>
      </trkpt>
      <trkpt lat="46.000390000" lon="6.395790000">
        <ele>734.000</ele>
      </trkpt>
      <trkpt lat="46.000420000" lon="6.395840000">
        <ele>734.000</ele>
      </trkpt>
      <trkpt lat="46.000500000" lon="6.395920000">
        <ele>734.000</ele>
      </trkpt>
      <trkpt lat="46.000600000" lon="6.396000000">
        <ele>734.000</ele>
      </trkpt>
      <trkpt lat="46.000650000" lon="6.396040000">
        <ele>734.000</ele>
      </trkpt>
      <trkpt lat="46.000810000" lon="6.396110000">
        <ele>733.000</ele>
      </trkpt>
      <trkpt lat="46.000930000" lon="6.396170000">
        <ele>733.000</ele>
      </trkpt>
      <trkpt lat="46.000970000" lon="6.396190000">
        <ele>733.000</ele>
      </trkpt>
      <trkpt lat="46.001060000" lon="6.396200000">
        <ele>733.000</ele>
      </trkpt>
      <trkpt lat="46.001190000" lon="6.396200000">
        <ele>733.000</ele>
      </trkpt>
      <trkpt lat="46.001460000" lon="6.396180000">
        <ele>732.000</ele>
      </trkpt>
      <trkpt lat="46.001760000" lon="6.396190000">
        <ele>731.000</ele>
      </trkpt>
      <trkpt lat="46.001910000" lon="6.396200000">
        <ele>731.000</ele>
      </trkpt>
      <trkpt lat="46.002010000" lon="6.396220000">
        <ele>730.000</ele>
      </trkpt>
      <trkpt lat="46.002160000" lon="6.396270000">
        <ele>729.000</ele>
      </trkpt>
      <trkpt lat="46.002320000" lon="6.396330000">
        <ele>729.000</ele>
      </trkpt>
      <trkpt lat="46.002470000" lon="6.396400000">
        <ele>728.000</ele>
      </trkpt>
      <trkpt lat="46.002770000" lon="6.396550000">
        <ele>727.000</ele>
      </trkpt>
      <trkpt lat="46.002880000" lon="6.396600000">
        <ele>726.000</ele>
      </trkpt>
      <trkpt lat="46.003010000" lon="6.396690000">
        <ele>725.000</ele>
      </trkpt>
      <trkpt lat="46.003090000" lon="6.396750000">
        <ele>725.000</ele>
      </trkpt>
      <trkpt lat="46.003170000" lon="6.396810000">
        <ele>724.000</ele>
      </trkpt>
      <trkpt lat="46.003240000" lon="6.396860000">
        <ele>724.000</ele>
      </trkpt>
      <trkpt lat="46.003320000" lon="6.396920000">
        <ele>723.000</ele>
      </trkpt>
      <trkpt lat="46.003460000" lon="6.396980000">
        <ele>723.000</ele>
      </trkpt>
      <trkpt lat="46.003590000" lon="6.397040000">
        <ele>723.000</ele>
      </trkpt>
      <trkpt lat="46.003620000" lon="6.397050000">
        <ele>723.000</ele>
      </trkpt>
      <trkpt lat="46.003690000" lon="6.397080000">
        <ele>723.000</ele>
      </trkpt>
      <trkpt lat="46.003860000" lon="6.397180000">
        <ele>722.000</ele>
      </trkpt>
      <trkpt lat="46.004130000" lon="6.397330000">
        <ele>722.000</ele>
      </trkpt>
      <trkpt lat="46.004300000" lon="6.397420000">
        <ele>722.000</ele>
      </trkpt>
      <trkpt lat="46.004360000" lon="6.397450000">
        <ele>722.000</ele>
      </trkpt>
      <trkpt lat="46.004470000" lon="6.397500000">
        <ele>721.000</ele>
      </trkpt>
      <trkpt lat="46.004610000" lon="6.397540000">
        <ele>721.000</ele>
      </trkpt>
      <trkpt lat="46.004640000" lon="6.397550000">
        <ele>721.000</ele>
      </trkpt>
      <trkpt lat="46.004790000" lon="6.397560000">
        <ele>721.000</ele>
      </trkpt>
      <trkpt lat="46.004840000" lon="6.397560000">
        <ele>721.000</ele>
      </trkpt>
      <trkpt lat="46.004870000" lon="6.397550000">
        <ele>721.000</ele>
      </trkpt>
      <trkpt lat="46.004920000" lon="6.397530000">
        <ele>721.000</ele>
      </trkpt>
      <trkpt lat="46.004980000" lon="6.397500000">
        <ele>721.000</ele>
      </trkpt>
      <trkpt lat="46.005040000" lon="6.397450000">
        <ele>721.000</ele>
      </trkpt>
      <trkpt lat="46.005110000" lon="6.397370000">
        <ele>721.000</ele>
      </trkpt>
      <trkpt lat="46.005140000" lon="6.397340000">
        <ele>721.000</ele>
      </trkpt>
      <trkpt lat="46.005220000" lon="6.397240000">
        <ele>721.000</ele>
      </trkpt>
      <trkpt lat="46.005290000" lon="6.397170000">
        <ele>721.000</ele>
      </trkpt>
      <trkpt lat="46.005350000" lon="6.397120000">
        <ele>721.000</ele>
      </trkpt>
      <trkpt lat="46.005430000" lon="6.397060000">
        <ele>721.000</ele>
      </trkpt>
      <trkpt lat="46.005500000" lon="6.397030000">
        <ele>721.000</ele>
      </trkpt>
      <trkpt lat="46.005550000" lon="6.397010000">
        <ele>721.000</ele>
      </trkpt>
      <trkpt lat="46.005610000" lon="6.397000000">
        <ele>721.000</ele>
      </trkpt>
      <trkpt lat="46.005740000" lon="6.396970000">
        <ele>721.000</ele>
      </trkpt>
      <trkpt lat="46.006060000" lon="6.396930000">
        <ele>721.000</ele>
      </trkpt>
      <trkpt lat="46.007750000" lon="6.396730000">
        <ele>721.000</ele>
      </trkpt>
      <trkpt lat="46.007960000" lon="6.396730000">
        <ele>721.000</ele>
      </trkpt>
      <trkpt lat="46.008580000" lon="6.396770000">
        <ele>721.000</ele>
      </trkpt>
      <trkpt lat="46.009700000" lon="6.396860000">
        <ele>721.000</ele>
      </trkpt>
      <trkpt lat="46.009870000" lon="6.396880000">
        <ele>721.000</ele>
      </trkpt>
      <trkpt lat="46.010040000" lon="6.396880000">
        <ele>721.000</ele>
      </trkpt>
      <trkpt lat="46.010170000" lon="6.396870000">
        <ele>720.000</ele>
      </trkpt>
      <trkpt lat="46.010280000" lon="6.396840000">
        <ele>720.000</ele>
      </trkpt>
      <trkpt lat="46.010400000" lon="6.396800000">
        <ele>720.000</ele>
      </trkpt>
      <trkpt lat="46.010490000" lon="6.396760000">
        <ele>720.000</ele>
      </trkpt>
      <trkpt lat="46.010580000" lon="6.396700000">
        <ele>720.000</ele>
      </trkpt>
      <trkpt lat="46.010680000" lon="6.396620000">
        <ele>720.000</ele>
      </trkpt>
      <trkpt lat="46.010800000" lon="6.396510000">
        <ele>720.000</ele>
      </trkpt>
      <trkpt lat="46.011140000" lon="6.396160000">
        <ele>720.000</ele>
      </trkpt>
      <trkpt lat="46.011200000" lon="6.396100000">
        <ele>720.000</ele>
      </trkpt>
      <trkpt lat="46.011240000" lon="6.396050000">
        <ele>720.000</ele>
      </trkpt>
      <trkpt lat="46.011300000" lon="6.395990000">
        <ele>720.000</ele>
      </trkpt>
      <trkpt lat="46.011340000" lon="6.395950000">
        <ele>720.000</ele>
      </trkpt>
      <trkpt lat="46.011390000" lon="6.395910000">
        <ele>720.000</ele>
      </trkpt>
      <trkpt lat="46.011460000" lon="6.395870000">
        <ele>719.000</ele>
      </trkpt>
      <trkpt lat="46.011520000" lon="6.395840000">
        <ele>719.000</ele>
      </trkpt>
      <trkpt lat="46.011620000" lon="6.395820000">
        <ele>719.000</ele>
      </trkpt>
      <trkpt lat="46.011720000" lon="6.395820000">
        <ele>719.000</ele>
      </trkpt>
      <trkpt lat="46.011830000" lon="6.395830000">
        <ele>719.000</ele>
      </trkpt>
      <trkpt lat="46.011960000" lon="6.395870000">
        <ele>718.000</ele>
      </trkpt>
      <trkpt lat="46.012050000" lon="6.395920000">
        <ele>718.000</ele>
      </trkpt>
      <trkpt lat="46.012540000" lon="6.396130000">
        <ele>718.000</ele>
      </trkpt>
      <trkpt lat="46.013220000" lon="6.396430000">
        <ele>717.000</ele>
      </trkpt>
      <trkpt lat="46.013310000" lon="6.396480000">
        <ele>716.000</ele>
      </trkpt>
      <trkpt lat="46.013370000" lon="6.396500000">
        <ele>715.000</ele>
      </trkpt>
      <trkpt lat="46.013420000" lon="6.396510000">
        <ele>715.000</ele>
      </trkpt>
      <trkpt lat="46.013470000" lon="6.396510000">
        <ele>715.000</ele>
      </trkpt>
      <trkpt lat="46.013520000" lon="6.396510000">
        <ele>715.000</ele>
      </trkpt>
      <trkpt lat="46.013600000" lon="6.396500000">
        <ele>715.000</ele>
      </trkpt>
      <trkpt lat="46.013930000" lon="6.396440000">
        <ele>715.000</ele>
      </trkpt>
      <trkpt lat="46.014620000" lon="6.396280000">
        <ele>715.000</ele>
      </trkpt>
      <trkpt lat="46.014880000" lon="6.396220000">
        <ele>716.000</ele>
      </trkpt>
      <trkpt lat="46.015190000" lon="6.396130000">
        <ele>716.000</ele>
      </trkpt>
      <trkpt lat="46.015450000" lon="6.396040000">
        <ele>716.000</ele>
      </trkpt>
      <trkpt lat="46.015680000" lon="6.395980000">
        <ele>716.000</ele>
      </trkpt>
      <trkpt lat="46.015780000" lon="6.395950000">
        <ele>716.000</ele>
      </trkpt>
      <trkpt lat="46.015860000" lon="6.395950000">
        <ele>716.000</ele>
      </trkpt>
      <trkpt lat="46.015960000" lon="6.395940000">
        <ele>716.000</ele>
      </trkpt>
      <trkpt lat="46.016070000" lon="6.395950000">
        <ele>715.000</ele>
      </trkpt>
      <trkpt lat="46.016180000" lon="6.395970000">
        <ele>715.000</ele>
      </trkpt>
      <trkpt lat="46.016330000" lon="6.396020000">
        <ele>715.000</ele>
      </trkpt>
      <trkpt lat="46.016880000" lon="6.396280000">
        <ele>715.000</ele>
      </trkpt>
      <trkpt lat="46.017000000" lon="6.396330000">
        <ele>714.000</ele>
      </trkpt>
      <trkpt lat="46.017100000" lon="6.396360000">
        <ele>714.000</ele>
      </trkpt>
      <trkpt lat="46.017290000" lon="6.396420000">
        <ele>714.000</ele>
      </trkpt>
      <trkpt lat="46.017430000" lon="6.396440000">
        <ele>714.000</ele>
      </trkpt>
      <trkpt lat="46.017660000" lon="6.396480000">
        <ele>714.000</ele>
      </trkpt>
      <trkpt lat="46.017830000" lon="6.396510000">
        <ele>714.000</ele>
      </trkpt>
      <trkpt lat="46.017960000" lon="6.396540000">
        <ele>714.000</ele>
      </trkpt>
      <trkpt lat="46.018040000" lon="6.396570000">
        <ele>714.000</ele>
      </trkpt>
      <trkpt lat="46.018130000" lon="6.396600000">
        <ele>714.000</ele>
      </trkpt>
      <trkpt lat="46.018300000" lon="6.396690000">
        <ele>714.000</ele>
      </trkpt>
      <trkpt lat="46.018480000" lon="6.396790000">
        <ele>714.000</ele>
      </trkpt>
      <trkpt lat="46.018700000" lon="6.396940000">
        <ele>714.000</ele>
      </trkpt>
      <trkpt lat="46.018810000" lon="6.396990000">
        <ele>714.000</ele>
      </trkpt>
      <trkpt lat="46.018870000" lon="6.397020000">
        <ele>714.000</ele>
      </trkpt>
      <trkpt lat="46.018920000" lon="6.397030000">
        <ele>714.000</ele>
      </trkpt>
      <trkpt lat="46.018960000" lon="6.397030000">
        <ele>714.000</ele>
      </trkpt>
      <trkpt lat="46.019000000" lon="6.397020000">
        <ele>714.000</ele>
      </trkpt>
      <trkpt lat="46.019040000" lon="6.397010000">
        <ele>714.000</ele>
      </trkpt>
      <trkpt lat="46.019070000" lon="6.396990000">
        <ele>714.000</ele>
      </trkpt>
      <trkpt lat="46.019100000" lon="6.396970000">
        <ele>714.000</ele>
      </trkpt>
      <trkpt lat="46.019130000" lon="6.396950000">
        <ele>714.000</ele>
      </trkpt>
      <trkpt lat="46.019150000" lon="6.396920000">
        <ele>714.000</ele>
      </trkpt>
      <trkpt lat="46.019190000" lon="6.396860000">
        <ele>714.000</ele>
      </trkpt>
      <trkpt lat="46.019220000" lon="6.396820000">
        <ele>714.000</ele>
      </trkpt>
      <trkpt lat="46.019250000" lon="6.396740000">
        <ele>714.000</ele>
      </trkpt>
      <trkpt lat="46.019300000" lon="6.396570000">
        <ele>714.000</ele>
      </trkpt>
      <trkpt lat="46.019330000" lon="6.396490000">
        <ele>713.000</ele>
      </trkpt>
      <trkpt lat="46.019350000" lon="6.396450000">
        <ele>713.000</ele>
      </trkpt>
      <trkpt lat="46.019370000" lon="6.396400000">
        <ele>713.000</ele>
      </trkpt>
      <trkpt lat="46.019400000" lon="6.396370000">
        <ele>713.000</ele>
      </trkpt>
      <trkpt lat="46.019450000" lon="6.396330000">
        <ele>713.000</ele>
      </trkpt>
      <trkpt lat="46.019520000" lon="6.396280000">
        <ele>713.000</ele>
      </trkpt>
      <trkpt lat="46.019580000" lon="6.396240000">
        <ele>713.000</ele>
      </trkpt>
      <trkpt lat="46.019660000" lon="6.396210000">
        <ele>713.000</ele>
      </trkpt>
      <trkpt lat="46.019700000" lon="6.396200000">
        <ele>713.000</ele>
      </trkpt>
      <trkpt lat="46.019750000" lon="6.396190000">
        <ele>712.000</ele>
      </trkpt>
      <trkpt lat="46.019800000" lon="6.396190000">
        <ele>712.000</ele>
      </trkpt>
      <trkpt lat="46.019890000" lon="6.396200000">
        <ele>712.000</ele>
      </trkpt>
      <trkpt lat="46.019960000" lon="6.396220000">
        <ele>712.000</ele>
      </trkpt>
      <trkpt lat="46.020060000" lon="6.396250000">
        <ele>712.000</ele>
      </trkpt>
      <trkpt lat="46.020080000" lon="6.396250000">
        <ele>712.000</ele>
      </trkpt>
      <trkpt lat="46.020130000" lon="6.396270000">
        <ele>712.000</ele>
      </trkpt>
      <trkpt lat="46.020190000" lon="6.396300000">
        <ele>712.000</ele>
      </trkpt>
      <trkpt lat="46.020260000" lon="6.396360000">
        <ele>711.000</ele>
      </trkpt>
      <trkpt lat="46.020600000" lon="6.396610000">
        <ele>711.000</ele>
      </trkpt>
      <trkpt lat="46.020710000" lon="6.396700000">
        <ele>711.000</ele>
      </trkpt>
      <trkpt lat="46.020900000" lon="6.396870000">
        <ele>710.000</ele>
      </trkpt>
      <trkpt lat="46.021050000" lon="6.397000000">
        <ele>709.000</ele>
      </trkpt>
      <trkpt lat="46.021100000" lon="6.397030000">
        <ele>709.000</ele>
      </trkpt>
      <trkpt lat="46.021160000" lon="6.397070000">
        <ele>709.000</ele>
      </trkpt>
      <trkpt lat="46.021220000" lon="6.397090000">
        <ele>708.000</ele>
      </trkpt>
      <trkpt lat="46.021250000" lon="6.397110000">
        <ele>708.000</ele>
      </trkpt>
      <trkpt lat="46.021290000" lon="6.397110000">
        <ele>708.000</ele>
      </trkpt>
      <trkpt lat="46.021340000" lon="6.397110000">
        <ele>707.000</ele>
      </trkpt>
      <trkpt lat="46.021370000" lon="6.397110000">
        <ele>707.000</ele>
      </trkpt>
      <trkpt lat="46.021410000" lon="6.397100000">
        <ele>707.000</ele>
      </trkpt>
      <trkpt lat="46.021460000" lon="6.397080000">
        <ele>707.000</ele>
      </trkpt>
      <trkpt lat="46.021510000" lon="6.397050000">
        <ele>707.000</ele>
      </trkpt>
      <trkpt lat="46.021580000" lon="6.397000000">
        <ele>706.000</ele>
      </trkpt>
      <trkpt lat="46.021630000" lon="6.396960000">
        <ele>706.000</ele>
      </trkpt>
      <trkpt lat="46.021690000" lon="6.396890000">
        <ele>706.000</ele>
      </trkpt>
      <trkpt lat="46.021760000" lon="6.396820000">
        <ele>705.000</ele>
      </trkpt>
      <trkpt lat="46.022040000" lon="6.396480000">
        <ele>705.000</ele>
      </trkpt>
      <trkpt lat="46.022150000" lon="6.396330000">
        <ele>704.000</ele>
      </trkpt>
      <trkpt lat="46.022240000" lon="6.396210000">
        <ele>703.000</ele>
      </trkpt>
      <trkpt lat="46.022290000" lon="6.396110000">
        <ele>702.000</ele>
      </trkpt>
      <trkpt lat="46.022350000" lon="6.396010000">
        <ele>702.000</ele>
      </trkpt>
      <trkpt lat="46.022500000" lon="6.395660000">
        <ele>701.000</ele>
      </trkpt>
      <trkpt lat="46.022540000" lon="6.395590000">
        <ele>700.000</ele>
      </trkpt>
      <trkpt lat="46.022590000" lon="6.395510000">
        <ele>699.000</ele>
      </trkpt>
      <trkpt lat="46.022630000" lon="6.395470000">
        <ele>698.000</ele>
      </trkpt>
      <trkpt lat="46.022690000" lon="6.395410000">
        <ele>698.000</ele>
      </trkpt>
      <trkpt lat="46.022780000" lon="6.395350000">
        <ele>697.000</ele>
      </trkpt>
      <trkpt lat="46.022870000" lon="6.395290000">
        <ele>696.000</ele>
      </trkpt>
      <trkpt lat="46.022930000" lon="6.395280000">
        <ele>696.000</ele>
      </trkpt>
      <trkpt lat="46.022970000" lon="6.395270000">
        <ele>695.000</ele>
      </trkpt>
      <trkpt lat="46.023020000" lon="6.395280000">
        <ele>695.000</ele>
      </trkpt>
      <trkpt lat="46.023060000" lon="6.395290000">
        <ele>695.000</ele>
      </trkpt>
      <trkpt lat="46.023140000" lon="6.395310000">
        <ele>694.000</ele>
      </trkpt>
      <trkpt lat="46.023210000" lon="6.395330000">
        <ele>694.000</ele>
      </trkpt>
      <trkpt lat="46.023270000" lon="6.395340000">
        <ele>693.000</ele>
      </trkpt>
      <trkpt lat="46.023310000" lon="6.395350000">
        <ele>693.000</ele>
      </trkpt>
      <trkpt lat="46.023340000" lon="6.395340000">
        <ele>692.000</ele>
      </trkpt>
      <trkpt lat="46.023370000" lon="6.395330000">
        <ele>692.000</ele>
      </trkpt>
      <trkpt lat="46.023410000" lon="6.395300000">
        <ele>692.000</ele>
      </trkpt>
      <trkpt lat="46.023440000" lon="6.395270000">
        <ele>692.000</ele>
      </trkpt>
      <trkpt lat="46.023480000" lon="6.395230000">
        <ele>691.000</ele>
      </trkpt>
      <trkpt lat="46.023550000" lon="6.395110000">
        <ele>691.000</ele>
      </trkpt>
      <trkpt lat="46.023590000" lon="6.395060000">
        <ele>690.000</ele>
      </trkpt>
      <trkpt lat="46.023640000" lon="6.395010000">
        <ele>690.000</ele>
      </trkpt>
      <trkpt lat="46.023700000" lon="6.394970000">
        <ele>689.000</ele>
      </trkpt>
      <trkpt lat="46.023780000" lon="6.394930000">
        <ele>689.000</ele>
      </trkpt>
      <trkpt lat="46.023880000" lon="6.394900000">
        <ele>688.000</ele>
      </trkpt>
      <trkpt lat="46.023950000" lon="6.394890000">
        <ele>687.000</ele>
      </trkpt>
      <trkpt lat="46.024000000" lon="6.394890000">
        <ele>686.000</ele>
      </trkpt>
      <trkpt lat="46.024070000" lon="6.394890000">
        <ele>685.000</ele>
      </trkpt>
      <trkpt lat="46.024210000" lon="6.394920000">
        <ele>684.000</ele>
      </trkpt>
      <trkpt lat="46.024260000" lon="6.394920000">
        <ele>683.000</ele>
      </trkpt>
      <trkpt lat="46.024300000" lon="6.394920000">
        <ele>683.000</ele>
      </trkpt>
      <trkpt lat="46.024340000" lon="6.394920000">
        <ele>682.000</ele>
      </trkpt>
      <trkpt lat="46.024380000" lon="6.394900000">
        <ele>681.000</ele>
      </trkpt>
      <trkpt lat="46.024420000" lon="6.394880000">
        <ele>681.000</ele>
      </trkpt>
      <trkpt lat="46.024460000" lon="6.394840000">
        <ele>680.000</ele>
      </trkpt>
      <trkpt lat="46.024490000" lon="6.394790000">
        <ele>680.000</ele>
      </trkpt>
      <trkpt lat="46.024530000" lon="6.394730000">
        <ele>679.000</ele>
      </trkpt>
      <trkpt lat="46.024550000" lon="6.394670000">
        <ele>679.000</ele>
      </trkpt>
      <trkpt lat="46.024570000" lon="6.394610000">
        <ele>678.000</ele>
      </trkpt>
      <trkpt lat="46.024580000" lon="6.394530000">
        <ele>678.000</ele>
      </trkpt>
      <trkpt lat="46.024610000" lon="6.394320000">
        <ele>677.000</ele>
      </trkpt>
      <trkpt lat="46.024630000" lon="6.394210000">
        <ele>676.000</ele>
      </trkpt>
      <trkpt lat="46.024640000" lon="6.394150000">
        <ele>675.000</ele>
      </trkpt>
      <trkpt lat="46.024670000" lon="6.394090000">
        <ele>674.000</ele>
      </trkpt>
      <trkpt lat="46.024710000" lon="6.394020000">
        <ele>673.000</ele>
      </trkpt>
      <trkpt lat="46.024770000" lon="6.393940000">
        <ele>673.000</ele>
      </trkpt>
      <trkpt lat="46.025100000" lon="6.393600000">
        <ele>671.000</ele>
      </trkpt>
      <trkpt lat="46.025150000" lon="6.393540000">
        <ele>669.000</ele>
      </trkpt>
      <trkpt lat="46.025200000" lon="6.393480000">
        <ele>668.000</ele>
      </trkpt>
      <trkpt lat="46.025240000" lon="6.393400000">
        <ele>668.000</ele>
      </trkpt>
      <trkpt lat="46.025320000" lon="6.393250000">
        <ele>667.000</ele>
      </trkpt>
      <trkpt lat="46.025350000" lon="6.393200000">
        <ele>667.000</ele>
      </trkpt>
      <trkpt lat="46.025420000" lon="6.393100000">
        <ele>667.000</ele>
      </trkpt>
      <trkpt lat="46.025500000" lon="6.393020000">
        <ele>666.000</ele>
      </trkpt>
      <trkpt lat="46.025830000" lon="6.392710000">
        <ele>666.000</ele>
      </trkpt>
      <trkpt lat="46.026270000" lon="6.392280000">
        <ele>666.000</ele>
      </trkpt>
      <trkpt lat="46.026430000" lon="6.392130000">
        <ele>665.000</ele>
      </trkpt>
      <trkpt lat="46.026540000" lon="6.392030000">
        <ele>665.000</ele>
      </trkpt>
      <trkpt lat="46.026600000" lon="6.391980000">
        <ele>665.000</ele>
      </trkpt>
      <trkpt lat="46.026710000" lon="6.391920000">
        <ele>665.000</ele>
      </trkpt>
      <trkpt lat="46.027110000" lon="6.391740000">
        <ele>666.000</ele>
      </trkpt>
      <trkpt lat="46.027180000" lon="6.391710000">
        <ele>666.000</ele>
      </trkpt>
      <trkpt lat="46.027230000" lon="6.391700000">
        <ele>667.000</ele>
      </trkpt>
      <trkpt lat="46.027270000" lon="6.391690000">
        <ele>667.000</ele>
      </trkpt>
      <trkpt lat="46.027310000" lon="6.391700000">
        <ele>667.000</ele>
      </trkpt>
      <trkpt lat="46.027350000" lon="6.391710000">
        <ele>668.000</ele>
      </trkpt>
      <trkpt lat="46.027380000" lon="6.391720000">
        <ele>668.000</ele>
      </trkpt>
      <trkpt lat="46.027420000" lon="6.391750000">
        <ele>668.000</ele>
      </trkpt>
      <trkpt lat="46.027470000" lon="6.391810000">
        <ele>668.000</ele>
      </trkpt>
      <trkpt lat="46.027530000" lon="6.391920000">
        <ele>669.000</ele>
      </trkpt>
      <trkpt lat="46.027630000" lon="6.392100000">
        <ele>669.000</ele>
      </trkpt>
      <trkpt lat="46.027700000" lon="6.392260000">
        <ele>670.000</ele>
      </trkpt>
      <trkpt lat="46.027760000" lon="6.392390000">
        <ele>670.000</ele>
      </trkpt>
      <trkpt lat="46.027850000" lon="6.392650000">
        <ele>671.000</ele>
      </trkpt>
      <trkpt lat="46.027890000" lon="6.392760000">
        <ele>671.000</ele>
      </trkpt>
      <trkpt lat="46.027930000" lon="6.392830000">
        <ele>672.000</ele>
      </trkpt>
      <trkpt lat="46.027960000" lon="6.392890000">
        <ele>672.000</ele>
      </trkpt>
      <trkpt lat="46.028070000" lon="6.393010000">
        <ele>672.000</ele>
      </trkpt>
      <trkpt lat="46.028140000" lon="6.393080000">
        <ele>671.000</ele>
      </trkpt>
      <trkpt lat="46.028200000" lon="6.393130000">
        <ele>671.000</ele>
      </trkpt>
      <trkpt lat="46.028260000" lon="6.393160000">
        <ele>671.000</ele>
      </trkpt>
      <trkpt lat="46.028310000" lon="6.393180000">
        <ele>671.000</ele>
      </trkpt>
      <trkpt lat="46.028370000" lon="6.393190000">
        <ele>670.000</ele>
      </trkpt>
      <trkpt lat="46.028420000" lon="6.393190000">
        <ele>670.000</ele>
      </trkpt>
      <trkpt lat="46.028480000" lon="6.393180000">
        <ele>670.000</ele>
      </trkpt>
      <trkpt lat="46.028520000" lon="6.393150000">
        <ele>669.000</ele>
      </trkpt>
      <trkpt lat="46.028580000" lon="6.393110000">
        <ele>669.000</ele>
      </trkpt>
      <trkpt lat="46.028610000" lon="6.393060000">
        <ele>669.000</ele>
      </trkpt>
      <trkpt lat="46.028660000" lon="6.393000000">
        <ele>668.000</ele>
      </trkpt>
      <trkpt lat="46.028690000" lon="6.392930000">
        <ele>668.000</ele>
      </trkpt>
      <trkpt lat="46.028710000" lon="6.392860000">
        <ele>668.000</ele>
      </trkpt>
      <trkpt lat="46.028730000" lon="6.392760000">
        <ele>667.000</ele>
      </trkpt>
      <trkpt lat="46.028740000" lon="6.392650000">
        <ele>667.000</ele>
      </trkpt>
      <trkpt lat="46.028750000" lon="6.392490000">
        <ele>667.000</ele>
      </trkpt>
      <trkpt lat="46.028750000" lon="6.391640000">
        <ele>665.000</ele>
      </trkpt>
      <trkpt lat="46.028750000" lon="6.391450000">
        <ele>664.000</ele>
      </trkpt>
      <trkpt lat="46.028750000" lon="6.391340000">
        <ele>663.000</ele>
      </trkpt>
      <trkpt lat="46.028760000" lon="6.391250000">
        <ele>662.000</ele>
      </trkpt>
      <trkpt lat="46.028770000" lon="6.391200000">
        <ele>662.000</ele>
      </trkpt>
      <trkpt lat="46.028780000" lon="6.391150000">
        <ele>661.000</ele>
      </trkpt>
      <trkpt lat="46.028810000" lon="6.391100000">
        <ele>661.000</ele>
      </trkpt>
      <trkpt lat="46.028840000" lon="6.391050000">
        <ele>660.000</ele>
      </trkpt>
      <trkpt lat="46.028870000" lon="6.391010000">
        <ele>660.000</ele>
      </trkpt>
      <trkpt lat="46.028920000" lon="6.390980000">
        <ele>660.000</ele>
      </trkpt>
      <trkpt lat="46.028960000" lon="6.390960000">
        <ele>659.000</ele>
      </trkpt>
      <trkpt lat="46.028990000" lon="6.390950000">
        <ele>659.000</ele>
      </trkpt>
      <trkpt lat="46.029020000" lon="6.390950000">
        <ele>659.000</ele>
      </trkpt>
      <trkpt lat="46.029080000" lon="6.390960000">
        <ele>659.000</ele>
      </trkpt>
      <trkpt lat="46.029230000" lon="6.391030000">
        <ele>658.000</ele>
      </trkpt>
      <trkpt lat="46.029320000" lon="6.391060000">
        <ele>658.000</ele>
      </trkpt>
      <trkpt lat="46.029430000" lon="6.391080000">
        <ele>657.000</ele>
      </trkpt>
      <trkpt lat="46.029510000" lon="6.391080000">
        <ele>656.000</ele>
      </trkpt>
      <trkpt lat="46.029760000" lon="6.391060000">
        <ele>655.000</ele>
      </trkpt>
      <trkpt lat="46.029970000" lon="6.391030000">
        <ele>654.000</ele>
      </trkpt>
      <trkpt lat="46.030050000" lon="6.391010000">
        <ele>653.000</ele>
      </trkpt>
      <trkpt lat="46.030100000" lon="6.390990000">
        <ele>653.000</ele>
      </trkpt>
      <trkpt lat="46.030160000" lon="6.390960000">
        <ele>652.000</ele>
      </trkpt>
      <trkpt lat="46.030500000" lon="6.390710000">
        <ele>651.000</ele>
      </trkpt>
      <trkpt lat="46.030630000" lon="6.390620000">
        <ele>650.000</ele>
      </trkpt>
      <trkpt lat="46.030730000" lon="6.390540000">
        <ele>650.000</ele>
      </trkpt>
      <trkpt lat="46.030870000" lon="6.390390000">
        <ele>649.000</ele>
      </trkpt>
      <trkpt lat="46.031080000" lon="6.390150000">
        <ele>649.000</ele>
      </trkpt>
      <trkpt lat="46.031160000" lon="6.390050000">
        <ele>649.000</ele>
      </trkpt>
      <trkpt lat="46.031220000" lon="6.389980000">
        <ele>648.000</ele>
      </trkpt>
      <trkpt lat="46.031320000" lon="6.389890000">
        <ele>648.000</ele>
      </trkpt>
      <trkpt lat="46.031590000" lon="6.389680000">
        <ele>648.000</ele>
      </trkpt>
      <trkpt lat="46.032380000" lon="6.389080000">
        <ele>648.000</ele>
      </trkpt>
      <trkpt lat="46.032490000" lon="6.388990000">
        <ele>647.000</ele>
      </trkpt>
      <trkpt lat="46.032590000" lon="6.388880000">
        <ele>646.000</ele>
      </trkpt>
      <trkpt lat="46.032680000" lon="6.388770000">
        <ele>645.000</ele>
      </trkpt>
      <trkpt lat="46.032680000" lon="6.388770000">
        <ele>644.000</ele>
      </trkpt>
      <trkpt lat="46.032710000" lon="6.388740000">
        <ele>644.000</ele>
      </trkpt>
      <trkpt lat="46.032840000" lon="6.388550000">
        <ele>642.000</ele>
      </trkpt>
      <trkpt lat="46.033280000" lon="6.387840000">
        <ele>639.000</ele>
      </trkpt>
      <trkpt lat="46.033460000" lon="6.387550000">
        <ele>635.000</ele>
      </trkpt>
      <trkpt lat="46.033560000" lon="6.387400000">
        <ele>632.000</ele>
      </trkpt>
      <trkpt lat="46.033620000" lon="6.387300000">
        <ele>629.000</ele>
      </trkpt>
      <trkpt lat="46.033660000" lon="6.387220000">
        <ele>627.000</ele>
      </trkpt>
      <trkpt lat="46.033720000" lon="6.387070000">
        <ele>626.000</ele>
      </trkpt>
      <trkpt lat="46.033790000" lon="6.386900000">
        <ele>625.000</ele>
      </trkpt>
      <trkpt lat="46.033850000" lon="6.386780000">
        <ele>624.000</ele>
      </trkpt>
      <trkpt lat="46.033910000" lon="6.386670000">
        <ele>623.000</ele>
      </trkpt>
      <trkpt lat="46.033980000" lon="6.386560000">
        <ele>623.000</ele>
      </trkpt>
      <trkpt lat="46.034060000" lon="6.386450000">
        <ele>623.000</ele>
      </trkpt>
      <trkpt lat="46.034110000" lon="6.386380000">
        <ele>622.000</ele>
      </trkpt>
      <trkpt lat="46.034140000" lon="6.386310000">
        <ele>622.000</ele>
      </trkpt>
      <trkpt lat="46.034170000" lon="6.386240000">
        <ele>622.000</ele>
      </trkpt>
      <trkpt lat="46.034190000" lon="6.386150000">
        <ele>621.000</ele>
      </trkpt>
      <trkpt lat="46.034190000" lon="6.386090000">
        <ele>621.000</ele>
      </trkpt>
      <trkpt lat="46.034200000" lon="6.386020000">
        <ele>621.000</ele>
      </trkpt>
      <trkpt lat="46.034190000" lon="6.385940000">
        <ele>621.000</ele>
      </trkpt>
      <trkpt lat="46.034170000" lon="6.385790000">
        <ele>621.000</ele>
      </trkpt>
      <trkpt lat="46.034160000" lon="6.385720000">
        <ele>621.000</ele>
      </trkpt>
      <trkpt lat="46.034160000" lon="6.385640000">
        <ele>620.000</ele>
      </trkpt>
      <trkpt lat="46.034170000" lon="6.385570000">
        <ele>620.000</ele>
      </trkpt>
      <trkpt lat="46.034250000" lon="6.385270000">
        <ele>620.000</ele>
      </trkpt>
      <trkpt lat="46.034280000" lon="6.385140000">
        <ele>620.000</ele>
      </trkpt>
      <trkpt lat="46.034310000" lon="6.385070000">
        <ele>619.000</ele>
      </trkpt>
      <trkpt lat="46.034640000" lon="6.384560000">
        <ele>619.000</ele>
      </trkpt>
      <trkpt lat="46.034800000" lon="6.384310000">
        <ele>618.000</ele>
      </trkpt>
      <trkpt lat="46.035110000" lon="6.383940000">
        <ele>618.000</ele>
      </trkpt>
      <trkpt lat="46.035190000" lon="6.383860000">
        <ele>617.000</ele>
      </trkpt>
      <trkpt lat="46.035260000" lon="6.383810000">
        <ele>617.000</ele>
      </trkpt>
      <trkpt lat="46.035300000" lon="6.383790000">
        <ele>617.000</ele>
      </trkpt>
      <trkpt lat="46.035360000" lon="6.383780000">
        <ele>616.000</ele>
      </trkpt>
      <trkpt lat="46.035420000" lon="6.383780000">
        <ele>616.000</ele>
      </trkpt>
      <trkpt lat="46.035620000" lon="6.383840000">
        <ele>616.000</ele>
      </trkpt>
      <trkpt lat="46.035670000" lon="6.383840000">
        <ele>616.000</ele>
      </trkpt>
      <trkpt lat="46.035710000" lon="6.383850000">
        <ele>616.000</ele>
      </trkpt>
      <trkpt lat="46.035760000" lon="6.383850000">
        <ele>616.000</ele>
      </trkpt>
      <trkpt lat="46.035800000" lon="6.383840000">
        <ele>615.000</ele>
      </trkpt>
      <trkpt lat="46.035860000" lon="6.383820000">
        <ele>615.000</ele>
      </trkpt>
      <trkpt lat="46.035980000" lon="6.383760000">
        <ele>615.000</ele>
      </trkpt>
      <trkpt lat="46.036050000" lon="6.383730000">
        <ele>615.000</ele>
      </trkpt>
      <trkpt lat="46.036210000" lon="6.383690000">
        <ele>615.000</ele>
      </trkpt>
      <trkpt lat="46.036240000" lon="6.383670000">
        <ele>615.000</ele>
      </trkpt>
      <trkpt lat="46.036290000" lon="6.383630000">
        <ele>615.000</ele>
      </trkpt>
      <trkpt lat="46.036350000" lon="6.383570000">
        <ele>615.000</ele>
      </trkpt>
      <trkpt lat="46.036400000" lon="6.383540000">
        <ele>614.000</ele>
      </trkpt>
      <trkpt lat="46.036470000" lon="6.383510000">
        <ele>614.000</ele>
      </trkpt>
      <trkpt lat="46.036540000" lon="6.383490000">
        <ele>614.000</ele>
      </trkpt>
      <trkpt lat="46.036590000" lon="6.383460000">
        <ele>614.000</ele>
      </trkpt>
      <trkpt lat="46.036650000" lon="6.383420000">
        <ele>614.000</ele>
      </trkpt>
      <trkpt lat="46.036730000" lon="6.383340000">
        <ele>614.000</ele>
      </trkpt>
      <trkpt lat="46.036860000" lon="6.383210000">
        <ele>613.000</ele>
      </trkpt>
      <trkpt lat="46.036950000" lon="6.383140000">
        <ele>613.000</ele>
      </trkpt>
      <trkpt lat="46.037130000" lon="6.383030000">
        <ele>613.000</ele>
      </trkpt>
      <trkpt lat="46.037220000" lon="6.382990000">
        <ele>613.000</ele>
      </trkpt>
      <trkpt lat="46.037270000" lon="6.382980000">
        <ele>613.000</ele>
      </trkpt>
      <trkpt lat="46.037330000" lon="6.382970000">
        <ele>612.000</ele>
      </trkpt>
      <trkpt lat="46.037380000" lon="6.382970000">
        <ele>612.000</ele>
      </trkpt>
      <trkpt lat="46.037510000" lon="6.383000000">
        <ele>612.000</ele>
      </trkpt>
      <trkpt lat="46.037820000" lon="6.382930000">
        <ele>612.000</ele>
      </trkpt>
      <trkpt lat="46.038050000" lon="6.382800000">
        <ele>611.000</ele>
      </trkpt>
      <trkpt lat="46.038260000" lon="6.382660000">
        <ele>610.000</ele>
      </trkpt>
      <trkpt lat="46.038440000" lon="6.382500000">
        <ele>607.000</ele>
      </trkpt>
      <trkpt lat="46.038580000" lon="6.382380000">
        <ele>605.000</ele>
      </trkpt>
      <trkpt lat="46.038760000" lon="6.382290000">
        <ele>602.000</ele>
      </trkpt>
      <trkpt lat="46.038850000" lon="6.382220000">
        <ele>600.000</ele>
      </trkpt>
      <trkpt lat="46.038920000" lon="6.382170000">
        <ele>598.000</ele>
      </trkpt>
      <trkpt lat="46.038980000" lon="6.382120000">
        <ele>596.000</ele>
      </trkpt>
      <trkpt lat="46.039020000" lon="6.382070000">
        <ele>594.000</ele>
      </trkpt>
      <trkpt lat="46.039080000" lon="6.382000000">
        <ele>593.000</ele>
      </trkpt>
      <trkpt lat="46.039130000" lon="6.381930000">
        <ele>592.000</ele>
      </trkpt>
      <trkpt lat="46.039190000" lon="6.381830000">
        <ele>590.000</ele>
      </trkpt>
      <trkpt lat="46.039250000" lon="6.381690000">
        <ele>588.000</ele>
      </trkpt>
      <trkpt lat="46.039310000" lon="6.381540000">
        <ele>587.000</ele>
      </trkpt>
      <trkpt lat="46.039370000" lon="6.381340000">
        <ele>585.000</ele>
      </trkpt>
      <trkpt lat="46.039430000" lon="6.381200000">
        <ele>583.000</ele>
      </trkpt>
      <trkpt lat="46.039470000" lon="6.381130000">
        <ele>581.000</ele>
      </trkpt>
      <trkpt lat="46.039510000" lon="6.381070000">
        <ele>580.000</ele>
      </trkpt>
      <trkpt lat="46.039550000" lon="6.381020000">
        <ele>580.000</ele>
      </trkpt>
      <trkpt lat="46.039600000" lon="6.380970000">
        <ele>580.000</ele>
      </trkpt>
      <trkpt lat="46.039660000" lon="6.380920000">
        <ele>579.000</ele>
      </trkpt>
      <trkpt lat="46.040100000" lon="6.380630000">
        <ele>579.000</ele>
      </trkpt>
      <trkpt lat="46.040280000" lon="6.380520000">
        <ele>580.000</ele>
      </trkpt>
      <trkpt lat="46.040450000" lon="6.380440000">
        <ele>580.000</ele>
      </trkpt>
      <trkpt lat="46.040500000" lon="6.380410000">
        <ele>580.000</ele>
      </trkpt>
      <trkpt lat="46.040640000" lon="6.380280000">
        <ele>580.000</ele>
      </trkpt>
      <trkpt lat="46.040690000" lon="6.380230000">
        <ele>580.000</ele>
      </trkpt>
      <trkpt lat="46.040750000" lon="6.380200000">
        <ele>581.000</ele>
      </trkpt>
      <trkpt lat="46.040820000" lon="6.380180000">
        <ele>581.000</ele>
      </trkpt>
      <trkpt lat="46.040880000" lon="6.380180000">
        <ele>581.000</ele>
      </trkpt>
      <trkpt lat="46.041110000" lon="6.380200000">
        <ele>581.000</ele>
      </trkpt>
      <trkpt lat="46.041320000" lon="6.380190000">
        <ele>581.000</ele>
      </trkpt>
      <trkpt lat="46.041410000" lon="6.380170000">
        <ele>581.000</ele>
      </trkpt>
      <trkpt lat="46.041480000" lon="6.380140000">
        <ele>581.000</ele>
      </trkpt>
      <trkpt lat="46.041730000" lon="6.380000000">
        <ele>580.000</ele>
      </trkpt>
      <trkpt lat="46.041850000" lon="6.379960000">
        <ele>580.000</ele>
      </trkpt>
      <trkpt lat="46.041950000" lon="6.379920000">
        <ele>580.000</ele>
      </trkpt>
      <trkpt lat="46.042000000" lon="6.379890000">
        <ele>579.000</ele>
      </trkpt>
      <trkpt lat="46.042050000" lon="6.379860000">
        <ele>579.000</ele>
      </trkpt>
      <trkpt lat="46.042090000" lon="6.379820000">
        <ele>579.000</ele>
      </trkpt>
      <trkpt lat="46.042160000" lon="6.379750000">
        <ele>579.000</ele>
      </trkpt>
      <trkpt lat="46.042210000" lon="6.379680000">
        <ele>579.000</ele>
      </trkpt>
      <trkpt lat="46.042250000" lon="6.379590000">
        <ele>578.000</ele>
      </trkpt>
      <trkpt lat="46.042300000" lon="6.379530000">
        <ele>578.000</ele>
      </trkpt>
      <trkpt lat="46.042330000" lon="6.379480000">
        <ele>578.000</ele>
      </trkpt>
      <trkpt lat="46.042370000" lon="6.379450000">
        <ele>578.000</ele>
      </trkpt>
      <trkpt lat="46.042400000" lon="6.379430000">
        <ele>578.000</ele>
      </trkpt>
      <trkpt lat="46.042460000" lon="6.379400000">
        <ele>577.000</ele>
      </trkpt>
      <trkpt lat="46.042540000" lon="6.379380000">
        <ele>577.000</ele>
      </trkpt>
      <trkpt lat="46.042690000" lon="6.379400000">
        <ele>577.000</ele>
      </trkpt>
      <trkpt lat="46.043020000" lon="6.379460000">
        <ele>576.000</ele>
      </trkpt>
      <trkpt lat="46.043180000" lon="6.379490000">
        <ele>576.000</ele>
      </trkpt>
      <trkpt lat="46.043230000" lon="6.379490000">
        <ele>576.000</ele>
      </trkpt>
      <trkpt lat="46.043320000" lon="6.379480000">
        <ele>575.000</ele>
      </trkpt>
      <trkpt lat="46.043380000" lon="6.379460000">
        <ele>575.000</ele>
      </trkpt>
      <trkpt lat="46.043470000" lon="6.379420000">
        <ele>575.000</ele>
      </trkpt>
      <trkpt lat="46.043530000" lon="6.379380000">
        <ele>574.000</ele>
      </trkpt>
      <trkpt lat="46.043580000" lon="6.379340000">
        <ele>574.000</ele>
      </trkpt>
      <trkpt lat="46.043620000" lon="6.379290000">
        <ele>574.000</ele>
      </trkpt>
      <trkpt lat="46.043680000" lon="6.379220000">
        <ele>574.000</ele>
      </trkpt>
      <trkpt lat="46.043710000" lon="6.379160000">
        <ele>573.000</ele>
      </trkpt>
      <trkpt lat="46.043770000" lon="6.379050000">
        <ele>573.000</ele>
      </trkpt>
      <trkpt lat="46.043880000" lon="6.378940000">
        <ele>573.000</ele>
      </trkpt>
      <trkpt lat="46.043930000" lon="6.378890000">
        <ele>573.000</ele>
      </trkpt>
      <trkpt lat="46.043970000" lon="6.378830000">
        <ele>572.000</ele>
      </trkpt>
      <trkpt lat="46.044020000" lon="6.378740000">
        <ele>572.000</ele>
      </trkpt>
      <trkpt lat="46.044110000" lon="6.378590000">
        <ele>572.000</ele>
      </trkpt>
      <trkpt lat="46.044180000" lon="6.378510000">
        <ele>571.000</ele>
      </trkpt>
      <trkpt lat="46.044250000" lon="6.378430000">
        <ele>571.000</ele>
      </trkpt>
      <trkpt lat="46.044290000" lon="6.378400000">
        <ele>571.000</ele>
      </trkpt>
      <trkpt lat="46.044320000" lon="6.378380000">
        <ele>571.000</ele>
      </trkpt>
      <trkpt lat="46.044370000" lon="6.378360000">
        <ele>570.000</ele>
      </trkpt>
      <trkpt lat="46.044470000" lon="6.378330000">
        <ele>570.000</ele>
      </trkpt>
      <trkpt lat="46.044530000" lon="6.378310000">
        <ele>570.000</ele>
      </trkpt>
      <trkpt lat="46.044640000" lon="6.378260000">
        <ele>570.000</ele>
      </trkpt>
      <trkpt lat="46.044700000" lon="6.378240000">
        <ele>569.000</ele>
      </trkpt>
      <trkpt lat="46.044770000" lon="6.378230000">
        <ele>569.000</ele>
      </trkpt>
      <trkpt lat="46.044830000" lon="6.378230000">
        <ele>568.000</ele>
      </trkpt>
      <trkpt lat="46.044880000" lon="6.378240000">
        <ele>568.000</ele>
      </trkpt>
      <trkpt lat="46.044920000" lon="6.378240000">
        <ele>567.000</ele>
      </trkpt>
      <trkpt lat="46.044960000" lon="6.378240000">
        <ele>567.000</ele>
      </trkpt>
      <trkpt lat="46.045000000" lon="6.378220000">
        <ele>567.000</ele>
      </trkpt>
      <trkpt lat="46.045070000" lon="6.378200000">
        <ele>566.000</ele>
      </trkpt>
      <trkpt lat="46.045100000" lon="6.378190000">
        <ele>566.000</ele>
      </trkpt>
      <trkpt lat="46.045140000" lon="6.378190000">
        <ele>565.000</ele>
      </trkpt>
      <trkpt lat="46.045200000" lon="6.378190000">
        <ele>565.000</ele>
      </trkpt>
      <trkpt lat="46.045240000" lon="6.378190000">
        <ele>565.000</ele>
      </trkpt>
      <trkpt lat="46.045280000" lon="6.378170000">
        <ele>564.000</ele>
      </trkpt>
      <trkpt lat="46.045320000" lon="6.378150000">
        <ele>564.000</ele>
      </trkpt>
      <trkpt lat="46.045360000" lon="6.378120000">
        <ele>564.000</ele>
      </trkpt>
      <trkpt lat="46.045410000" lon="6.378080000">
        <ele>563.000</ele>
      </trkpt>
      <trkpt lat="46.045440000" lon="6.378030000">
        <ele>563.000</ele>
      </trkpt>
      <trkpt lat="46.045480000" lon="6.377960000">
        <ele>563.000</ele>
      </trkpt>
      <trkpt lat="46.045500000" lon="6.377900000">
        <ele>562.000</ele>
      </trkpt>
      <trkpt lat="46.045510000" lon="6.377830000">
        <ele>562.000</ele>
      </trkpt>
      <trkpt lat="46.045510000" lon="6.377780000">
        <ele>561.000</ele>
      </trkpt>
      <trkpt lat="46.045510000" lon="6.377700000">
        <ele>561.000</ele>
      </trkpt>
      <trkpt lat="46.045490000" lon="6.377490000">
        <ele>560.000</ele>
      </trkpt>
      <trkpt lat="46.045480000" lon="6.377410000">
        <ele>560.000</ele>
      </trkpt>
      <trkpt lat="46.045480000" lon="6.377340000">
        <ele>559.000</ele>
      </trkpt>
      <trkpt lat="46.045490000" lon="6.377250000">
        <ele>559.000</ele>
      </trkpt>
      <trkpt lat="46.045520000" lon="6.377090000">
        <ele>558.000</ele>
      </trkpt>
      <trkpt lat="46.045560000" lon="6.376920000">
        <ele>558.000</ele>
      </trkpt>
      <trkpt lat="46.045570000" lon="6.376870000">
        <ele>557.000</ele>
      </trkpt>
      <trkpt lat="46.045590000" lon="6.376820000">
        <ele>556.000</ele>
      </trkpt>
      <trkpt lat="46.045620000" lon="6.376780000">
        <ele>556.000</ele>
      </trkpt>
      <trkpt lat="46.045650000" lon="6.376750000">
        <ele>556.000</ele>
      </trkpt>
      <trkpt lat="46.045690000" lon="6.376710000">
        <ele>556.000</ele>
      </trkpt>
      <trkpt lat="46.045830000" lon="6.376670000">
        <ele>555.000</ele>
      </trkpt>
      <trkpt lat="46.045890000" lon="6.376650000">
        <ele>555.000</ele>
      </trkpt>
      <trkpt lat="46.045960000" lon="6.376600000">
        <ele>555.000</ele>
      </trkpt>
      <trkpt lat="46.046000000" lon="6.376580000">
        <ele>555.000</ele>
      </trkpt>
      <trkpt lat="46.046040000" lon="6.376560000">
        <ele>555.000</ele>
      </trkpt>
      <trkpt lat="46.046090000" lon="6.376550000">
        <ele>555.000</ele>
      </trkpt>
      <trkpt lat="46.046190000" lon="6.376560000">
        <ele>555.000</ele>
      </trkpt>
      <trkpt lat="46.046230000" lon="6.376560000">
        <ele>555.000</ele>
      </trkpt>
      <trkpt lat="46.046260000" lon="6.376550000">
        <ele>555.000</ele>
      </trkpt>
      <trkpt lat="46.046300000" lon="6.376530000">
        <ele>554.000</ele>
      </trkpt>
      <trkpt lat="46.046350000" lon="6.376500000">
        <ele>554.000</ele>
      </trkpt>
      <trkpt lat="46.046390000" lon="6.376450000">
        <ele>554.000</ele>
      </trkpt>
      <trkpt lat="46.046420000" lon="6.376410000">
        <ele>554.000</ele>
      </trkpt>
      <trkpt lat="46.046440000" lon="6.376360000">
        <ele>554.000</ele>
      </trkpt>
      <trkpt lat="46.046460000" lon="6.376300000">
        <ele>554.000</ele>
      </trkpt>
      <trkpt lat="46.046470000" lon="6.376240000">
        <ele>554.000</ele>
      </trkpt>
      <trkpt lat="46.046480000" lon="6.376170000">
        <ele>554.000</ele>
      </trkpt>
      <trkpt lat="46.046490000" lon="6.375980000">
        <ele>554.000</ele>
      </trkpt>
      <trkpt lat="46.046500000" lon="6.375910000">
        <ele>554.000</ele>
      </trkpt>
      <trkpt lat="46.046520000" lon="6.375850000">
        <ele>554.000</ele>
      </trkpt>
      <trkpt lat="46.046550000" lon="6.375800000">
        <ele>554.000</ele>
      </trkpt>
      <trkpt lat="46.046580000" lon="6.375770000">
        <ele>553.000</ele>
      </trkpt>
      <trkpt lat="46.046610000" lon="6.375740000">
        <ele>553.000</ele>
      </trkpt>
      <trkpt lat="46.046660000" lon="6.375720000">
        <ele>553.000</ele>
      </trkpt>
      <trkpt lat="46.046690000" lon="6.375710000">
        <ele>553.000</ele>
      </trkpt>
      <trkpt lat="46.046730000" lon="6.375720000">
        <ele>553.000</ele>
      </trkpt>
      <trkpt lat="46.046780000" lon="6.375730000">
        <ele>553.000</ele>
      </trkpt>
      <trkpt lat="46.046820000" lon="6.375750000">
        <ele>553.000</ele>
      </trkpt>
      <trkpt lat="46.046870000" lon="6.375770000">
        <ele>553.000</ele>
      </trkpt>
      <trkpt lat="46.046900000" lon="6.375790000">
        <ele>553.000</ele>
      </trkpt>
      <trkpt lat="46.046930000" lon="6.375800000">
        <ele>553.000</ele>
      </trkpt>
      <trkpt lat="46.047060000" lon="6.375780000">
        <ele>553.000</ele>
      </trkpt>
      <trkpt lat="46.047180000" lon="6.375750000">
        <ele>552.000</ele>
      </trkpt>
      <trkpt lat="46.047370000" lon="6.375660000">
        <ele>552.000</ele>
      </trkpt>
      <trkpt lat="46.047410000" lon="6.375650000">
        <ele>552.000</ele>
      </trkpt>
      <trkpt lat="46.047440000" lon="6.375660000">
        <ele>551.000</ele>
      </trkpt>
      <trkpt lat="46.047480000" lon="6.375670000">
        <ele>551.000</ele>
      </trkpt>
      <trkpt lat="46.047550000" lon="6.375710000">
        <ele>551.000</ele>
      </trkpt>
      <trkpt lat="46.047620000" lon="6.375780000">
        <ele>551.000</ele>
      </trkpt>
      <trkpt lat="46.047670000" lon="6.375810000">
        <ele>550.000</ele>
      </trkpt>
      <trkpt lat="46.047810000" lon="6.375870000">
        <ele>550.000</ele>
      </trkpt>
      <trkpt lat="46.047860000" lon="6.375900000">
        <ele>550.000</ele>
      </trkpt>
      <trkpt lat="46.047890000" lon="6.375940000">
        <ele>549.000</ele>
      </trkpt>
      <trkpt lat="46.047950000" lon="6.376020000">
        <ele>549.000</ele>
      </trkpt>
      <trkpt lat="46.047990000" lon="6.376100000">
        <ele>549.000</ele>
      </trkpt>
      <trkpt lat="46.048030000" lon="6.376130000">
        <ele>548.000</ele>
      </trkpt>
      <trkpt lat="46.048060000" lon="6.376150000">
        <ele>548.000</ele>
      </trkpt>
      <trkpt lat="46.048100000" lon="6.376160000">
        <ele>548.000</ele>
      </trkpt>
      <trkpt lat="46.048150000" lon="6.376170000">
        <ele>548.000</ele>
      </trkpt>
      <trkpt lat="46.048190000" lon="6.376150000">
        <ele>547.000</ele>
      </trkpt>
      <trkpt lat="46.048230000" lon="6.376130000">
        <ele>547.000</ele>
      </trkpt>
      <trkpt lat="46.048260000" lon="6.376110000">
        <ele>547.000</ele>
      </trkpt>
      <trkpt lat="46.048300000" lon="6.376070000">
        <ele>547.000</ele>
      </trkpt>
      <trkpt lat="46.048340000" lon="6.375990000">
        <ele>547.000</ele>
      </trkpt>
      <trkpt lat="46.048370000" lon="6.375890000">
        <ele>546.000</ele>
      </trkpt>
      <trkpt lat="46.048390000" lon="6.375840000">
        <ele>546.000</ele>
      </trkpt>
      <trkpt lat="46.048420000" lon="6.375800000">
        <ele>546.000</ele>
      </trkpt>
      <trkpt lat="46.048450000" lon="6.375780000">
        <ele>546.000</ele>
      </trkpt>
      <trkpt lat="46.048480000" lon="6.375760000">
        <ele>546.000</ele>
      </trkpt>
      <trkpt lat="46.048520000" lon="6.375750000">
        <ele>545.000</ele>
      </trkpt>
      <trkpt lat="46.048540000" lon="6.375750000">
        <ele>545.000</ele>
      </trkpt>
      <trkpt lat="46.048570000" lon="6.375750000">
        <ele>545.000</ele>
      </trkpt>
      <trkpt lat="46.048660000" lon="6.375780000">
        <ele>545.000</ele>
      </trkpt>
      <trkpt lat="46.049040000" lon="6.376010000">
        <ele>545.000</ele>
      </trkpt>
      <trkpt lat="46.049280000" lon="6.376150000">
        <ele>544.000</ele>
      </trkpt>
      <trkpt lat="46.049350000" lon="6.376170000">
        <ele>544.000</ele>
      </trkpt>
      <trkpt lat="46.049420000" lon="6.376180000">
        <ele>544.000</ele>
      </trkpt>
      <trkpt lat="46.049470000" lon="6.376190000">
        <ele>543.000</ele>
      </trkpt>
      <trkpt lat="46.049520000" lon="6.376210000">
        <ele>543.000</ele>
      </trkpt>
      <trkpt lat="46.049560000" lon="6.376240000">
        <ele>543.000</ele>
      </trkpt>
      <trkpt lat="46.049640000" lon="6.376330000">
        <ele>543.000</ele>
      </trkpt>
      <trkpt lat="46.049670000" lon="6.376360000">
        <ele>543.000</ele>
      </trkpt>
      <trkpt lat="46.049710000" lon="6.376380000">
        <ele>543.000</ele>
      </trkpt>
      <trkpt lat="46.049750000" lon="6.376390000">
        <ele>543.000</ele>
      </trkpt>
      <trkpt lat="46.049780000" lon="6.376390000">
        <ele>543.000</ele>
      </trkpt>
      <trkpt lat="46.049820000" lon="6.376380000">
        <ele>543.000</ele>
      </trkpt>
      <trkpt lat="46.049860000" lon="6.376370000">
        <ele>543.000</ele>
      </trkpt>
      <trkpt lat="46.049960000" lon="6.376300000">
        <ele>542.000</ele>
      </trkpt>
      <trkpt lat="46.050030000" lon="6.376240000">
        <ele>542.000</ele>
      </trkpt>
      <trkpt lat="46.050090000" lon="6.376200000">
        <ele>542.000</ele>
      </trkpt>
      <trkpt lat="46.050120000" lon="6.376200000">
        <ele>542.000</ele>
      </trkpt>
      <trkpt lat="46.050140000" lon="6.376190000">
        <ele>542.000</ele>
      </trkpt>
      <trkpt lat="46.050170000" lon="6.376200000">
        <ele>542.000</ele>
      </trkpt>
      <trkpt lat="46.050200000" lon="6.376210000">
        <ele>542.000</ele>
      </trkpt>
      <trkpt lat="46.050240000" lon="6.376240000">
        <ele>542.000</ele>
      </trkpt>
      <trkpt lat="46.050280000" lon="6.376280000">
        <ele>542.000</ele>
      </trkpt>
      <trkpt lat="46.050380000" lon="6.376380000">
        <ele>542.000</ele>
      </trkpt>
      <trkpt lat="46.050460000" lon="6.376460000">
        <ele>542.000</ele>
      </trkpt>
      <trkpt lat="46.050520000" lon="6.376540000">
        <ele>541.000</ele>
      </trkpt>
      <trkpt lat="46.050580000" lon="6.376620000">
        <ele>541.000</ele>
      </trkpt>
      <trkpt lat="46.050620000" lon="6.376660000">
        <ele>541.000</ele>
      </trkpt>
      <trkpt lat="46.050690000" lon="6.376700000">
        <ele>541.000</ele>
      </trkpt>
      <trkpt lat="46.050770000" lon="6.376730000">
        <ele>540.000</ele>
      </trkpt>
      <trkpt lat="46.050820000" lon="6.376750000">
        <ele>540.000</ele>
      </trkpt>
      <trkpt lat="46.050870000" lon="6.376760000">
        <ele>540.000</ele>
      </trkpt>
      <trkpt lat="46.050910000" lon="6.376750000">
        <ele>540.000</ele>
      </trkpt>
      <trkpt lat="46.050950000" lon="6.376740000">
        <ele>540.000</ele>
      </trkpt>
      <trkpt lat="46.050990000" lon="6.376720000">
        <ele>540.000</ele>
      </trkpt>
      <trkpt lat="46.051040000" lon="6.376680000">
        <ele>539.000</ele>
      </trkpt>
      <trkpt lat="46.051100000" lon="6.376620000">
        <ele>539.000</ele>
      </trkpt>
      <trkpt lat="46.051170000" lon="6.376550000">
        <ele>539.000</ele>
      </trkpt>
      <trkpt lat="46.051210000" lon="6.376500000">
        <ele>539.000</ele>
      </trkpt>
      <trkpt lat="46.051240000" lon="6.376430000">
        <ele>539.000</ele>
      </trkpt>
      <trkpt lat="46.051340000" lon="6.376250000">
        <ele>538.000</ele>
      </trkpt>
      <trkpt lat="46.051380000" lon="6.376180000">
        <ele>538.000</ele>
      </trkpt>
      <trkpt lat="46.051450000" lon="6.376100000">
        <ele>538.000</ele>
      </trkpt>
      <trkpt lat="46.051530000" lon="6.376030000">
        <ele>537.000</ele>
      </trkpt>
      <trkpt lat="46.051600000" lon="6.375970000">
        <ele>537.000</ele>
      </trkpt>
      <trkpt lat="46.051670000" lon="6.375920000">
        <ele>537.000</ele>
      </trkpt>
      <trkpt lat="46.051720000" lon="6.375880000">
        <ele>537.000</ele>
      </trkpt>
      <trkpt lat="46.051760000" lon="6.375840000">
        <ele>536.000</ele>
      </trkpt>
      <trkpt lat="46.051790000" lon="6.375790000">
        <ele>536.000</ele>
      </trkpt>
      <trkpt lat="46.051830000" lon="6.375720000">
        <ele>536.000</ele>
      </trkpt>
      <trkpt lat="46.051850000" lon="6.375630000">
        <ele>536.000</ele>
      </trkpt>
      <trkpt lat="46.051880000" lon="6.375530000">
        <ele>535.000</ele>
      </trkpt>
      <trkpt lat="46.051920000" lon="6.375400000">
        <ele>535.000</ele>
      </trkpt>
      <trkpt lat="46.052000000" lon="6.375210000">
        <ele>535.000</ele>
      </trkpt>
      <trkpt lat="46.052020000" lon="6.375150000">
        <ele>534.000</ele>
      </trkpt>
      <trkpt lat="46.052060000" lon="6.374990000">
        <ele>534.000</ele>
      </trkpt>
      <trkpt lat="46.052090000" lon="6.374900000">
        <ele>534.000</ele>
      </trkpt>
      <trkpt lat="46.052120000" lon="6.374850000">
        <ele>533.000</ele>
      </trkpt>
      <trkpt lat="46.052150000" lon="6.374800000">
        <ele>533.000</ele>
      </trkpt>
      <trkpt lat="46.052230000" lon="6.374710000">
        <ele>533.000</ele>
      </trkpt>
      <trkpt lat="46.052270000" lon="6.374650000">
        <ele>532.000</ele>
      </trkpt>
      <trkpt lat="46.052500000" lon="6.374200000">
        <ele>532.000</ele>
      </trkpt>
      <trkpt lat="46.052530000" lon="6.374160000">
        <ele>531.000</ele>
      </trkpt>
      <trkpt lat="46.052550000" lon="6.374120000">
        <ele>531.000</ele>
      </trkpt>
      <trkpt lat="46.052590000" lon="6.374100000">
        <ele>530.000</ele>
      </trkpt>
      <trkpt lat="46.052620000" lon="6.374080000">
        <ele>530.000</ele>
      </trkpt>
      <trkpt lat="46.052660000" lon="6.374070000">
        <ele>530.000</ele>
      </trkpt>
      <trkpt lat="46.052720000" lon="6.374070000">
        <ele>530.000</ele>
      </trkpt>
      <trkpt lat="46.053140000" lon="6.374130000">
        <ele>529.000</ele>
      </trkpt>
      <trkpt lat="46.053440000" lon="6.374170000">
        <ele>527.000</ele>
      </trkpt>
      <trkpt lat="46.053510000" lon="6.374160000">
        <ele>526.000</ele>
      </trkpt>
      <trkpt lat="46.053570000" lon="6.374150000">
        <ele>525.000</ele>
      </trkpt>
      <trkpt lat="46.053640000" lon="6.374130000">
        <ele>524.000</ele>
      </trkpt>
      <trkpt lat="46.053700000" lon="6.374100000">
        <ele>523.000</ele>
      </trkpt>
      <trkpt lat="46.053750000" lon="6.374060000">
        <ele>522.000</ele>
      </trkpt>
      <trkpt lat="46.053800000" lon="6.374020000">
        <ele>521.000</ele>
      </trkpt>
      <trkpt lat="46.053830000" lon="6.373970000">
        <ele>521.000</ele>
      </trkpt>
      <trkpt lat="46.053850000" lon="6.373940000">
        <ele>520.000</ele>
      </trkpt>
      <trkpt lat="46.053870000" lon="6.373890000">
        <ele>519.000</ele>
      </trkpt>
      <trkpt lat="46.053880000" lon="6.373830000">
        <ele>519.000</ele>
      </trkpt>
      <trkpt lat="46.053900000" lon="6.373760000">
        <ele>518.000</ele>
      </trkpt>
      <trkpt lat="46.053900000" lon="6.373690000">
        <ele>518.000</ele>
      </trkpt>
      <trkpt lat="46.053890000" lon="6.373640000">
        <ele>517.000</ele>
      </trkpt>
      <trkpt lat="46.053880000" lon="6.373580000">
        <ele>517.000</ele>
      </trkpt>
      <trkpt lat="46.053870000" lon="6.373550000">
        <ele>516.000</ele>
      </trkpt>
      <trkpt lat="46.053850000" lon="6.373520000">
        <ele>516.000</ele>
      </trkpt>
      <trkpt lat="46.053820000" lon="6.373490000">
        <ele>516.000</ele>
      </trkpt>
      <trkpt lat="46.053620000" lon="6.373300000">
        <ele>514.000</ele>
      </trkpt>
      <trkpt lat="46.053590000" lon="6.373270000">
        <ele>513.000</ele>
      </trkpt>
      <trkpt lat="46.053580000" lon="6.373240000">
        <ele>513.000</ele>
      </trkpt>
      <trkpt lat="46.053560000" lon="6.373190000">
        <ele>512.000</ele>
      </trkpt>
      <trkpt lat="46.053550000" lon="6.373150000">
        <ele>512.000</ele>
      </trkpt>
      <trkpt lat="46.053540000" lon="6.373080000">
        <ele>511.000</ele>
      </trkpt>
      <trkpt lat="46.053540000" lon="6.373010000">
        <ele>510.000</ele>
      </trkpt>
      <trkpt lat="46.053560000" lon="6.372960000">
        <ele>510.000</ele>
      </trkpt>
      <trkpt lat="46.053580000" lon="6.372900000">
        <ele>509.000</ele>
      </trkpt>
      <trkpt lat="46.053610000" lon="6.372850000">
        <ele>509.000</ele>
      </trkpt>
      <trkpt lat="46.053840000" lon="6.372590000">
        <ele>507.000</ele>
      </trkpt>
      <trkpt lat="46.054060000" lon="6.372390000">
        <ele>506.000</ele>
      </trkpt>
      <trkpt lat="46.054350000" lon="6.372150000">
        <ele>504.000</ele>
      </trkpt>
      <trkpt lat="46.054570000" lon="6.371980000">
        <ele>501.000</ele>
      </trkpt>
      <trkpt lat="46.054730000" lon="6.371900000">
        <ele>499.000</ele>
      </trkpt>
      <trkpt lat="46.054920000" lon="6.371860000">
        <ele>498.000</ele>
      </trkpt>
      <trkpt lat="46.055060000" lon="6.371890000">
        <ele>496.000</ele>
      </trkpt>
      <trkpt lat="46.055110000" lon="6.371920000">
        <ele>495.000</ele>
      </trkpt>
      <trkpt lat="46.055160000" lon="6.371950000">
        <ele>494.000</ele>
      </trkpt>
      <trkpt lat="46.055230000" lon="6.372020000">
        <ele>493.000</ele>
      </trkpt>
      <trkpt lat="46.055360000" lon="6.372150000">
        <ele>492.000</ele>
      </trkpt>
      <trkpt lat="46.055890000" lon="6.372750000">
        <ele>489.000</ele>
      </trkpt>
      <trkpt lat="46.056020000" lon="6.372890000">
        <ele>487.000</ele>
      </trkpt>
      <trkpt lat="46.056490000" lon="6.373430000">
        <ele>486.000</ele>
      </trkpt>
      <trkpt lat="46.056520000" lon="6.373470000">
        <ele>486.000</ele>
      </trkpt>
      <trkpt lat="46.056590000" lon="6.373540000">
        <ele>485.000</ele>
      </trkpt>
      <trkpt lat="46.056630000" lon="6.373590000">
        <ele>485.000</ele>
      </trkpt>
      <trkpt lat="46.056670000" lon="6.373640000">
        <ele>485.000</ele>
      </trkpt>
      <trkpt lat="46.056700000" lon="6.373690000">
        <ele>485.000</ele>
      </trkpt>
      <trkpt lat="46.056720000" lon="6.373720000">
        <ele>485.000</ele>
      </trkpt>
      <trkpt lat="46.056730000" lon="6.373760000">
        <ele>485.000</ele>
      </trkpt>
      <trkpt lat="46.056760000" lon="6.373830000">
        <ele>485.000</ele>
      </trkpt>
      <trkpt lat="46.056790000" lon="6.373910000">
        <ele>485.000</ele>
      </trkpt>
      <trkpt lat="46.056840000" lon="6.374060000">
        <ele>485.000</ele>
      </trkpt>
      <trkpt lat="46.056900000" lon="6.374210000">
        <ele>485.000</ele>
      </trkpt>
      <trkpt lat="46.056960000" lon="6.374360000">
        <ele>485.000</ele>
      </trkpt>
      <trkpt lat="46.057020000" lon="6.374500000">
        <ele>485.000</ele>
      </trkpt>
      <trkpt lat="46.057100000" lon="6.374740000">
        <ele>485.000</ele>
      </trkpt>
      <trkpt lat="46.057170000" lon="6.374930000">
        <ele>485.000</ele>
      </trkpt>
      <trkpt lat="46.057180000" lon="6.375040000">
        <ele>485.000</ele>
      </trkpt>
      <trkpt lat="46.057170000" lon="6.375130000">
        <ele>485.000</ele>
      </trkpt>
      <trkpt lat="46.057170000" lon="6.375150000">
        <ele>485.000</ele>
      </trkpt>
      <trkpt lat="46.057180000" lon="6.375180000">
        <ele>485.000</ele>
      </trkpt>
      <trkpt lat="46.057180000" lon="6.375210000">
        <ele>485.000</ele>
      </trkpt>
      <trkpt lat="46.057200000" lon="6.375240000">
        <ele>485.000</ele>
      </trkpt>
      <trkpt lat="46.057220000" lon="6.375260000">
        <ele>485.000</ele>
      </trkpt>
      <trkpt lat="46.057240000" lon="6.375300000">
        <ele>485.000</ele>
      </trkpt>
      <trkpt lat="46.057250000" lon="6.375340000">
        <ele>485.000</ele>
      </trkpt>
      <trkpt lat="46.057310000" lon="6.375540000">
        <ele>484.000</ele>
      </trkpt>
      <trkpt lat="46.057330000" lon="6.375660000">
        <ele>484.000</ele>
      </trkpt>
      <trkpt lat="46.057350000" lon="6.375780000">
        <ele>484.000</ele>
      </trkpt>
      <trkpt lat="46.057380000" lon="6.375890000">
        <ele>484.000</ele>
      </trkpt>
      <trkpt lat="46.057410000" lon="6.376010000">
        <ele>484.000</ele>
      </trkpt>
      <trkpt lat="46.057450000" lon="6.376120000">
        <ele>484.000</ele>
      </trkpt>
      <trkpt lat="46.057560000" lon="6.376400000">
        <ele>483.000</ele>
      </trkpt>
      <trkpt lat="46.057690000" lon="6.376740000">
        <ele>483.000</ele>
      </trkpt>
      <trkpt lat="46.057750000" lon="6.376870000">
        <ele>483.000</ele>
      </trkpt>
      <trkpt lat="46.057810000" lon="6.377010000">
        <ele>482.000</ele>
      </trkpt>
      <trkpt lat="46.057850000" lon="6.377080000">
        <ele>482.000</ele>
      </trkpt>
      <trkpt lat="46.057880000" lon="6.377160000">
        <ele>482.000</ele>
      </trkpt>
      <trkpt lat="46.057900000" lon="6.377250000">
        <ele>482.000</ele>
      </trkpt>
      <trkpt lat="46.057920000" lon="6.377340000">
        <ele>481.000</ele>
      </trkpt>
      <trkpt lat="46.057920000" lon="6.377430000">
        <ele>481.000</ele>
      </trkpt>
      <trkpt lat="46.057940000" lon="6.377610000">
        <ele>481.000</ele>
      </trkpt>
      <trkpt lat="46.057960000" lon="6.378120000">
        <ele>480.000</ele>
      </trkpt>
      <trkpt lat="46.057970000" lon="6.378240000">
        <ele>480.000</ele>
      </trkpt>
      <trkpt lat="46.057980000" lon="6.378350000">
        <ele>479.000</ele>
      </trkpt>
      <trkpt lat="46.058000000" lon="6.378460000">
        <ele>479.000</ele>
      </trkpt>
      <trkpt lat="46.058020000" lon="6.378570000">
        <ele>479.000</ele>
      </trkpt>
      <trkpt lat="46.058050000" lon="6.378680000">
        <ele>478.000</ele>
      </trkpt>
      <trkpt lat="46.058080000" lon="6.378780000">
        <ele>478.000</ele>
      </trkpt>
      <trkpt lat="46.058120000" lon="6.378890000">
        <ele>478.000</ele>
      </trkpt>
      <trkpt lat="46.058160000" lon="6.378990000">
        <ele>478.000</ele>
      </trkpt>
      <trkpt lat="46.058200000" lon="6.379080000">
        <ele>477.000</ele>
      </trkpt>
      <trkpt lat="46.058280000" lon="6.379240000">
        <ele>477.000</ele>
      </trkpt>
      <trkpt lat="46.058360000" lon="6.379390000">
        <ele>477.000</ele>
      </trkpt>
      <trkpt lat="46.058470000" lon="6.379580000">
        <ele>476.000</ele>
      </trkpt>
      <trkpt lat="46.058700000" lon="6.379980000">
        <ele>476.000</ele>
      </trkpt>
      <trkpt lat="46.059080000" lon="6.380670000">
        <ele>475.000</ele>
      </trkpt>
      <trkpt lat="46.059410000" lon="6.381250000">
        <ele>475.000</ele>
      </trkpt>
      <trkpt lat="46.059440000" lon="6.381300000">
        <ele>475.000</ele>
      </trkpt>
      <trkpt lat="46.059410000" lon="6.381330000">
        <ele>474.000</ele>
      </trkpt>
      <trkpt lat="46.059360000" lon="6.381400000">
        <ele>474.000</ele>
      </trkpt>
      <trkpt lat="46.059310000" lon="6.381480000">
        <ele>474.000</ele>
      </trkpt>
      <trkpt lat="46.059240000" lon="6.381620000">
        <ele>474.000</ele>
      </trkpt>
      <trkpt lat="46.059110000" lon="6.381860000">
        <ele>474.000</ele>
      </trkpt>
      <trkpt lat="46.058810000" lon="6.382450000">
        <ele>473.000</ele>
      </trkpt>
      <trkpt lat="46.058720000" lon="6.382620000">
        <ele>473.000</ele>
      </trkpt>
      <trkpt lat="46.058650000" lon="6.382770000">
        <ele>473.000</ele>
      </trkpt>
      <trkpt lat="46.058620000" lon="6.382820000">
        <ele>473.000</ele>
      </trkpt>
      <trkpt lat="46.058520000" lon="6.383040000">
        <ele>473.000</ele>
      </trkpt>
      <trkpt lat="46.058450000" lon="6.383200000">
        <ele>472.000</ele>
      </trkpt>
      <trkpt lat="46.058440000" lon="6.383220000">
        <ele>472.000</ele>
      </trkpt>
      <trkpt lat="46.058420000" lon="6.383260000">
        <ele>472.000</ele>
      </trkpt>
      <trkpt lat="46.058390000" lon="6.383360000">
        <ele>472.000</ele>
      </trkpt>
      <trkpt lat="46.058350000" lon="6.383470000">
        <ele>472.000</ele>
      </trkpt>
      <trkpt lat="46.058300000" lon="6.383680000">
        <ele>472.000</ele>
      </trkpt>
      <trkpt lat="46.058250000" lon="6.383850000">
        <ele>472.000</ele>
      </trkpt>
      <trkpt lat="46.058220000" lon="6.384130000">
        <ele>472.000</ele>
      </trkpt>
      <trkpt lat="46.058220000" lon="6.384550000">
        <ele>471.000</ele>
      </trkpt>
      <trkpt lat="46.058230000" lon="6.385150000">
        <ele>471.000</ele>
      </trkpt>
      <trkpt lat="46.058250000" lon="6.385420000">
        <ele>471.000</ele>
      </trkpt>
      <trkpt lat="46.058290000" lon="6.385670000">
        <ele>471.000</ele>
      </trkpt>
      <trkpt lat="46.058290000" lon="6.385700000">
        <ele>470.000</ele>
      </trkpt>
      <trkpt lat="46.058300000" lon="6.385740000">
        <ele>470.000</ele>
      </trkpt>
      <trkpt lat="46.058390000" lon="6.386120000">
        <ele>470.000</ele>
      </trkpt>
      <trkpt lat="46.058520000" lon="6.386580000">
        <ele>470.000</ele>
      </trkpt>
      <trkpt lat="46.058540000" lon="6.386660000">
        <ele>470.000</ele>
      </trkpt>
      <trkpt lat="46.058560000" lon="6.386750000">
        <ele>470.000</ele>
      </trkpt>
      <trkpt lat="46.058660000" lon="6.387100000">
        <ele>470.000</ele>
      </trkpt>
      <trkpt lat="46.058690000" lon="6.387190000">
        <ele>469.000</ele>
      </trkpt>
      <trkpt lat="46.058770000" lon="6.387470000">
        <ele>469.000</ele>
      </trkpt>
      <trkpt lat="46.058880000" lon="6.387850000">
        <ele>469.000</ele>
      </trkpt>
      <trkpt lat="46.058920000" lon="6.387940000">
        <ele>469.000</ele>
      </trkpt>
      <trkpt lat="46.058990000" lon="6.388110000">
        <ele>469.000</ele>
      </trkpt>
      <trkpt lat="46.059180000" lon="6.388420000">
        <ele>469.000</ele>
      </trkpt>
      <trkpt lat="46.059230000" lon="6.388500000">
        <ele>469.000</ele>
      </trkpt>
      <trkpt lat="46.059330000" lon="6.388670000">
        <ele>469.000</ele>
      </trkpt>
      <trkpt lat="46.059410000" lon="6.388800000">
        <ele>469.000</ele>
      </trkpt>
      <trkpt lat="46.059670000" lon="6.389200000">
        <ele>468.000</ele>
      </trkpt>
      <trkpt lat="46.059770000" lon="6.389370000">
        <ele>468.000</ele>
      </trkpt>
      <trkpt lat="46.059930000" lon="6.389630000">
        <ele>468.000</ele>
      </trkpt>
      <trkpt lat="46.059990000" lon="6.389730000">
        <ele>467.000</ele>
      </trkpt>
      <trkpt lat="46.060060000" lon="6.389860000">
        <ele>467.000</ele>
      </trkpt>
      <trkpt lat="46.060130000" lon="6.390010000">
        <ele>467.000</ele>
      </trkpt>
      <trkpt lat="46.060210000" lon="6.390170000">
        <ele>466.000</ele>
      </trkpt>
      <trkpt lat="46.060400000" lon="6.390460000">
        <ele>466.000</ele>
      </trkpt>
      <trkpt lat="46.060540000" lon="6.390630000">
        <ele>466.000</ele>
      </trkpt>
      <trkpt lat="46.060560000" lon="6.390650000">
        <ele>465.000</ele>
      </trkpt>
      <trkpt lat="46.060680000" lon="6.390760000">
        <ele>465.000</ele>
      </trkpt>
      <trkpt lat="46.060830000" lon="6.390890000">
        <ele>465.000</ele>
      </trkpt>
      <trkpt lat="46.061050000" lon="6.391070000">
        <ele>465.000</ele>
      </trkpt>
      <trkpt lat="46.061090000" lon="6.391100000">
        <ele>464.000</ele>
      </trkpt>
      <trkpt lat="46.061130000" lon="6.391160000">
        <ele>464.000</ele>
      </trkpt>
      <trkpt lat="46.061260000" lon="6.391310000">
        <ele>464.000</ele>
      </trkpt>
      <trkpt lat="46.061280000" lon="6.391340000">
        <ele>464.000</ele>
      </trkpt>
      <trkpt lat="46.061450000" lon="6.391600000">
        <ele>464.000</ele>
      </trkpt>
      <trkpt lat="46.061620000" lon="6.391970000">
        <ele>464.000</ele>
      </trkpt>
      <trkpt lat="46.061650000" lon="6.392040000">
        <ele>464.000</ele>
      </trkpt>
      <trkpt lat="46.061840000" lon="6.392470000">
        <ele>463.000</ele>
      </trkpt>
      <trkpt lat="46.062030000" lon="6.392940000">
        <ele>463.000</ele>
      </trkpt>
      <trkpt lat="46.062050000" lon="6.392980000">
        <ele>463.000</ele>
      </trkpt>
      <trkpt lat="46.062120000" lon="6.393160000">
        <ele>463.000</ele>
      </trkpt>
      <trkpt lat="46.062170000" lon="6.393270000">
        <ele>463.000</ele>
      </trkpt>
      <trkpt lat="46.062230000" lon="6.393420000">
        <ele>463.000</ele>
      </trkpt>
      <trkpt lat="46.062300000" lon="6.393590000">
        <ele>462.000</ele>
      </trkpt>
      <trkpt lat="46.062350000" lon="6.393710000">
        <ele>462.000</ele>
      </trkpt>
      <trkpt lat="46.062470000" lon="6.393980000">
        <ele>462.000</ele>
      </trkpt>
      <trkpt lat="46.062540000" lon="6.394160000">
        <ele>462.000</ele>
      </trkpt>
      <trkpt lat="46.062730000" lon="6.394590000">
        <ele>462.000</ele>
      </trkpt>
      <trkpt lat="46.062790000" lon="6.394730000">
        <ele>462.000</ele>
      </trkpt>
      <trkpt lat="46.062880000" lon="6.394940000">
        <ele>462.000</ele>
      </trkpt>
      <trkpt lat="46.063260000" lon="6.395840000">
        <ele>462.000</ele>
      </trkpt>
      <trkpt lat="46.063460000" lon="6.396310000">
        <ele>461.000</ele>
      </trkpt>
      <trkpt lat="46.063580000" lon="6.396590000">
        <ele>461.000</ele>
      </trkpt>
      <trkpt lat="46.063620000" lon="6.396690000">
        <ele>461.000</ele>
      </trkpt>
      <trkpt lat="46.063710000" lon="6.396860000">
        <ele>461.000</ele>
      </trkpt>
      <trkpt lat="46.064140000" lon="6.397510000">
        <ele>460.000</ele>
      </trkpt>
      <trkpt lat="46.064210000" lon="6.397630000">
        <ele>459.000</ele>
      </trkpt>
      <trkpt lat="46.064260000" lon="6.397710000">
        <ele>459.000</ele>
      </trkpt>
      <trkpt lat="46.064330000" lon="6.397810000">
        <ele>459.000</ele>
      </trkpt>
      <trkpt lat="46.064580000" lon="6.398220000">
        <ele>458.000</ele>
      </trkpt>
      <trkpt lat="46.064580000" lon="6.398220000">
        <ele>458.000</ele>
      </trkpt>
      <trkpt lat="46.064590000" lon="6.398230000">
        <ele>458.000</ele>
      </trkpt>
      <trkpt lat="46.064640000" lon="6.398350000">
        <ele>458.000</ele>
      </trkpt>
      <trkpt lat="46.064670000" lon="6.398400000">
        <ele>458.000</ele>
      </trkpt>
      <trkpt lat="46.064690000" lon="6.398470000">
        <ele>457.000</ele>
      </trkpt>
      <trkpt lat="46.064720000" lon="6.398580000">
        <ele>457.000</ele>
      </trkpt>
      <trkpt lat="46.064750000" lon="6.398700000">
        <ele>457.000</ele>
      </trkpt>
      <trkpt lat="46.064760000" lon="6.398830000">
        <ele>457.000</ele>
      </trkpt>
      <trkpt lat="46.064760000" lon="6.398940000">
        <ele>457.000</ele>
      </trkpt>
      <trkpt lat="46.064760000" lon="6.399070000">
        <ele>457.000</ele>
      </trkpt>
      <trkpt lat="46.064730000" lon="6.399460000">
        <ele>457.000</ele>
      </trkpt>
      <trkpt lat="46.064730000" lon="6.399610000">
        <ele>457.000</ele>
      </trkpt>
      <trkpt lat="46.064740000" lon="6.399730000">
        <ele>457.000</ele>
      </trkpt>
      <trkpt lat="46.064750000" lon="6.399830000">
        <ele>456.000</ele>
      </trkpt>
      <trkpt lat="46.064770000" lon="6.399930000">
        <ele>456.000</ele>
      </trkpt>
      <trkpt lat="46.064800000" lon="6.400030000">
        <ele>456.000</ele>
      </trkpt>
      <trkpt lat="46.064840000" lon="6.400120000">
        <ele>456.000</ele>
      </trkpt>
      <trkpt lat="46.064870000" lon="6.400190000">
        <ele>456.000</ele>
      </trkpt>
      <trkpt lat="46.064920000" lon="6.400270000">
        <ele>456.000</ele>
      </trkpt>
      <trkpt lat="46.064970000" lon="6.400340000">
        <ele>456.000</ele>
      </trkpt>
      <trkpt lat="46.065040000" lon="6.400420000">
        <ele>456.000</ele>
      </trkpt>
      <trkpt lat="46.065120000" lon="6.400490000">
        <ele>456.000</ele>
      </trkpt>
      <trkpt lat="46.065240000" lon="6.400590000">
        <ele>456.000</ele>
      </trkpt>
      <trkpt lat="46.065450000" lon="6.400760000">
        <ele>455.000</ele>
      </trkpt>
      <trkpt lat="46.065590000" lon="6.400880000">
        <ele>455.000</ele>
      </trkpt>
      <trkpt lat="46.065690000" lon="6.400990000">
        <ele>455.000</ele>
      </trkpt>
      <trkpt lat="46.065740000" lon="6.401070000">
        <ele>455.000</ele>
      </trkpt>
      <trkpt lat="46.065800000" lon="6.401160000">
        <ele>454.000</ele>
      </trkpt>
      <trkpt lat="46.065870000" lon="6.401300000">
        <ele>454.000</ele>
      </trkpt>
      <trkpt lat="46.065950000" lon="6.401510000">
        <ele>454.000</ele>
      </trkpt>
      <trkpt lat="46.066050000" lon="6.401750000">
        <ele>454.000</ele>
      </trkpt>
      <trkpt lat="46.066120000" lon="6.401920000">
        <ele>453.000</ele>
      </trkpt>
      <trkpt lat="46.066150000" lon="6.402010000">
        <ele>453.000</ele>
      </trkpt>
      <trkpt lat="46.066180000" lon="6.402090000">
        <ele>453.000</ele>
      </trkpt>
      <trkpt lat="46.066560000" lon="6.403060000">
        <ele>452.000</ele>
      </trkpt>
      <trkpt lat="46.066920000" lon="6.403990000">
        <ele>452.000</ele>
      </trkpt>
      <trkpt lat="46.067200000" lon="6.404730000">
        <ele>452.000</ele>
      </trkpt>
      <trkpt lat="46.067320000" lon="6.405020000">
        <ele>452.000</ele>
      </trkpt>
      <trkpt lat="46.067390000" lon="6.405140000">
        <ele>452.000</ele>
      </trkpt>
      <trkpt lat="46.067460000" lon="6.405230000">
        <ele>452.000</ele>
      </trkpt>
      <trkpt lat="46.067570000" lon="6.405370000">
        <ele>452.000</ele>
      </trkpt>
      <trkpt lat="46.067580000" lon="6.405390000">
        <ele>452.000</ele>
      </trkpt>
      <trkpt lat="46.067660000" lon="6.405530000">
        <ele>452.000</ele>
      </trkpt>
      <trkpt lat="46.067730000" lon="6.405660000">
        <ele>452.000</ele>
      </trkpt>
      <trkpt lat="46.067900000" lon="6.405970000">
        <ele>452.000</ele>
      </trkpt>
      <trkpt lat="46.067930000" lon="6.406000000">
        <ele>452.000</ele>
      </trkpt>
      <trkpt lat="46.067960000" lon="6.406050000">
        <ele>452.000</ele>
      </trkpt>
      <trkpt lat="46.068090000" lon="6.406180000">
        <ele>452.000</ele>
      </trkpt>
      <trkpt lat="46.068200000" lon="6.406250000">
        <ele>452.000</ele>
      </trkpt>
      <trkpt lat="46.068290000" lon="6.406300000">
        <ele>452.000</ele>
      </trkpt>
      <trkpt lat="46.068290000" lon="6.406350000">
        <ele>452.000</ele>
      </trkpt>
      <trkpt lat="46.068300000" lon="6.406460000">
        <ele>452.000</ele>
      </trkpt>
      <trkpt lat="46.068300000" lon="6.406600000">
        <ele>452.000</ele>
      </trkpt>
      <trkpt lat="46.068300000" lon="6.406900000">
        <ele>452.000</ele>
      </trkpt>
      <trkpt lat="46.068280000" lon="6.407330000">
        <ele>452.000</ele>
      </trkpt>
      <trkpt lat="46.068280000" lon="6.407350000">
        <ele>452.000</ele>
      </trkpt>
      <trkpt lat="46.068220000" lon="6.408150000">
        <ele>452.000</ele>
      </trkpt>
      <trkpt lat="46.068170000" lon="6.408250000">
        <ele>452.000</ele>
      </trkpt>
      <trkpt lat="46.068110000" lon="6.408340000">
        <ele>451.000</ele>
      </trkpt>
      <trkpt lat="46.068070000" lon="6.408340000">
        <ele>451.000</ele>
      </trkpt>
      <trkpt lat="46.068030000" lon="6.408370000">
        <ele>451.000</ele>
      </trkpt>
      <trkpt lat="46.067990000" lon="6.408410000">
        <ele>451.000</ele>
      </trkpt>
      <trkpt lat="46.067980000" lon="6.408460000">
        <ele>451.000</ele>
      </trkpt>
      <trkpt lat="46.067970000" lon="6.408520000">
        <ele>451.000</ele>
      </trkpt>
      <trkpt lat="46.067970000" lon="6.408570000">
        <ele>451.000</ele>
      </trkpt>
      <trkpt lat="46.067990000" lon="6.408620000">
        <ele>451.000</ele>
      </trkpt>
      <trkpt lat="46.068020000" lon="6.408660000">
        <ele>451.000</ele>
      </trkpt>
      <trkpt lat="46.068050000" lon="6.408690000">
        <ele>451.000</ele>
      </trkpt>
      <trkpt lat="46.068090000" lon="6.408710000">
        <ele>451.000</ele>
      </trkpt>
      <trkpt lat="46.068130000" lon="6.408780000">
        <ele>451.000</ele>
      </trkpt>
      <trkpt lat="46.068180000" lon="6.408920000">
        <ele>450.000</ele>
      </trkpt>
      <trkpt lat="46.068140000" lon="6.409670000">
        <ele>450.000</ele>
      </trkpt>
      <trkpt lat="46.068120000" lon="6.409960000">
        <ele>450.000</ele>
      </trkpt>
      <trkpt lat="46.068050000" lon="6.411070000">
        <ele>449.000</ele>
      </trkpt>
      <trkpt lat="46.068060000" lon="6.411260000">
        <ele>448.000</ele>
      </trkpt>
      <trkpt lat="46.068090000" lon="6.411730000">
        <ele>448.000</ele>
      </trkpt>
      <trkpt lat="46.068060000" lon="6.411930000">
        <ele>448.000</ele>
      </trkpt>
      <trkpt lat="46.068040000" lon="6.412000000">
        <ele>448.000</ele>
      </trkpt>
      <trkpt lat="46.068010000" lon="6.412030000">
        <ele>448.000</ele>
      </trkpt>
      <trkpt lat="46.067990000" lon="6.412070000">
        <ele>448.000</ele>
      </trkpt>
      <trkpt lat="46.067980000" lon="6.412120000">
        <ele>448.000</ele>
      </trkpt>
      <trkpt lat="46.067980000" lon="6.412170000">
        <ele>448.000</ele>
      </trkpt>
      <trkpt lat="46.067990000" lon="6.412210000">
        <ele>448.000</ele>
      </trkpt>
      <trkpt lat="46.067980000" lon="6.412300000">
        <ele>448.000</ele>
      </trkpt>
      <trkpt lat="46.067970000" lon="6.412530000">
        <ele>448.000</ele>
      </trkpt>
      <trkpt lat="46.067960000" lon="6.412710000">
        <ele>448.000</ele>
      </trkpt>
      <trkpt lat="46.067930000" lon="6.413260000">
        <ele>448.000</ele>
      </trkpt>
      <trkpt lat="46.067890000" lon="6.414000000">
        <ele>448.000</ele>
      </trkpt>
      <trkpt lat="46.067880000" lon="6.414180000">
        <ele>448.000</ele>
      </trkpt>
      <trkpt lat="46.067860000" lon="6.414420000">
        <ele>448.000</ele>
      </trkpt>
      <trkpt lat="46.067850000" lon="6.414580000">
        <ele>448.000</ele>
      </trkpt>
      <trkpt lat="46.067830000" lon="6.414980000">
        <ele>448.000</ele>
      </trkpt>
      <trkpt lat="46.067820000" lon="6.415050000">
        <ele>448.000</ele>
      </trkpt>
      <trkpt lat="46.067820000" lon="6.415170000">
        <ele>448.000</ele>
      </trkpt>
      <trkpt lat="46.067790000" lon="6.415640000">
        <ele>448.000</ele>
      </trkpt>
      <trkpt lat="46.067750000" lon="6.416240000">
        <ele>448.000</ele>
      </trkpt>
      <trkpt lat="46.067780000" lon="6.416240000">
        <ele>448.000</ele>
      </trkpt>
      <trkpt lat="46.067910000" lon="6.416240000">
        <ele>448.000</ele>
      </trkpt>
      <trkpt lat="46.068030000" lon="6.416240000">
        <ele>448.000</ele>
      </trkpt>
      <trkpt lat="46.068220000" lon="6.416280000">
        <ele>448.000</ele>
      </trkpt>
      <trkpt lat="46.068320000" lon="6.416300000">
        <ele>448.000</ele>
      </trkpt>
      <trkpt lat="46.068430000" lon="6.416320000">
        <ele>448.000</ele>
      </trkpt>
      <trkpt lat="46.068660000" lon="6.416360000">
        <ele>448.000</ele>
      </trkpt>
      <trkpt lat="46.069420000" lon="6.416500000">
        <ele>448.000</ele>
      </trkpt>
      <trkpt lat="46.069570000" lon="6.416530000">
        <ele>448.000</ele>
      </trkpt>
      <trkpt lat="46.069570000" lon="6.416530000">
        <ele>448.000</ele>
      </trkpt>
      <trkpt lat="46.069630000" lon="6.416540000">
        <ele>448.000</ele>
      </trkpt>
      <trkpt lat="46.069700000" lon="6.416560000">
        <ele>448.000</ele>
      </trkpt>
      <trkpt lat="46.069670000" lon="6.416910000">
        <ele>448.000</ele>
      </trkpt>
      <trkpt lat="46.069650000" lon="6.417220000">
        <ele>448.000</ele>
      </trkpt>
      <trkpt lat="46.069640000" lon="6.417400000">
        <ele>448.000</ele>
      </trkpt>
      <trkpt lat="46.069570000" lon="6.418240000">
        <ele>448.000</ele>
      </trkpt>
      <trkpt lat="46.069530000" lon="6.418740000">
        <ele>448.000</ele>
      </trkpt>
      <trkpt lat="46.069490000" lon="6.418970000">
        <ele>448.000</ele>
      </trkpt>
      <trkpt lat="46.069460000" lon="6.419300000">
        <ele>448.000</ele>
      </trkpt>
      <trkpt lat="46.069460000" lon="6.419490000">
        <ele>448.000</ele>
      </trkpt>
      <trkpt lat="46.069490000" lon="6.419640000">
        <ele>448.000</ele>
      </trkpt>
      <trkpt lat="46.069540000" lon="6.419770000">
        <ele>448.000</ele>
      </trkpt>
      <trkpt lat="46.069600000" lon="6.419850000">
        <ele>448.000</ele>
      </trkpt>
      <trkpt lat="46.069530000" lon="6.419900000">
        <ele>448.000</ele>
      </trkpt>
      <trkpt lat="46.069440000" lon="6.420060000">
        <ele>448.000</ele>
      </trkpt>
      <trkpt lat="46.069390000" lon="6.420200000">
        <ele>448.000</ele>
      </trkpt>
      <trkpt lat="46.069370000" lon="6.420350000">
        <ele>448.000</ele>
      </trkpt>
      <trkpt lat="46.069390000" lon="6.420480000">
        <ele>448.000</ele>
      </trkpt>
      <trkpt lat="46.069310000" lon="6.421050000">
        <ele>448.000</ele>
      </trkpt>
      <trkpt lat="46.069270000" lon="6.421350000">
        <ele>448.000</ele>
      </trkpt>
      <trkpt lat="46.069240000" lon="6.421520000">
        <ele>448.000</ele>
      </trkpt>
      <trkpt lat="46.069220000" lon="6.421590000">
        <ele>448.000</ele>
      </trkpt>
      <trkpt lat="46.069180000" lon="6.421690000">
        <ele>448.000</ele>
      </trkpt>
      <trkpt lat="46.069100000" lon="6.421830000">
        <ele>448.000</ele>
      </trkpt>
      <trkpt lat="46.069010000" lon="6.421980000">
        <ele>448.000</ele>
      </trkpt>
      <trkpt lat="46.068910000" lon="6.422090000">
        <ele>448.000</ele>
      </trkpt>
      <trkpt lat="46.068830000" lon="6.422160000">
        <ele>448.000</ele>
      </trkpt>
      <trkpt lat="46.068750000" lon="6.422220000">
        <ele>448.000</ele>
      </trkpt>
      <trkpt lat="46.068650000" lon="6.422280000">
        <ele>448.000</ele>
      </trkpt>
      <trkpt lat="46.067810000" lon="6.422780000">
        <ele>448.000</ele>
      </trkpt>
      <trkpt lat="46.067480000" lon="6.422980000">
        <ele>449.000</ele>
      </trkpt>
      <trkpt lat="46.066650000" lon="6.423520000">
        <ele>449.000</ele>
      </trkpt>
      <trkpt lat="46.066610000" lon="6.423570000">
        <ele>449.000</ele>
      </trkpt>
      <trkpt lat="46.066490000" lon="6.423700000">
        <ele>449.000</ele>
      </trkpt>
      <trkpt lat="46.066350000" lon="6.423940000">
        <ele>449.000</ele>
      </trkpt>
      <trkpt lat="46.066250000" lon="6.424230000">
        <ele>449.000</ele>
      </trkpt>
      <trkpt lat="46.066210000" lon="6.424450000">
        <ele>449.000</ele>
      </trkpt>
      <trkpt lat="46.066210000" lon="6.424610000">
        <ele>449.000</ele>
      </trkpt>
      <trkpt lat="46.066210000" lon="6.424780000">
        <ele>449.000</ele>
      </trkpt>
      <trkpt lat="46.066240000" lon="6.424940000">
        <ele>449.000</ele>
      </trkpt>
      <trkpt lat="46.066370000" lon="6.425440000">
        <ele>449.000</ele>
      </trkpt>
      <trkpt lat="46.066430000" lon="6.425720000">
        <ele>449.000</ele>
      </trkpt>
      <trkpt lat="46.066460000" lon="6.425880000">
        <ele>449.000</ele>
      </trkpt>
      <trkpt lat="46.066500000" lon="6.426310000">
        <ele>449.000</ele>
      </trkpt>
      <trkpt lat="46.066520000" lon="6.426720000">
        <ele>449.000</ele>
      </trkpt>
      <trkpt lat="46.066530000" lon="6.427650000">
        <ele>449.000</ele>
      </trkpt>
      <trkpt lat="46.066460000" lon="6.428400000">
        <ele>449.000</ele>
      </trkpt>
      <trkpt lat="46.066450000" lon="6.428650000">
        <ele>449.000</ele>
      </trkpt>
      <trkpt lat="46.066470000" lon="6.428940000">
        <ele>449.000</ele>
      </trkpt>
      <trkpt lat="46.066490000" lon="6.429240000">
        <ele>449.000</ele>
      </trkpt>
      <trkpt lat="46.066530000" lon="6.429490000">
        <ele>449.000</ele>
      </trkpt>
      <trkpt lat="46.066580000" lon="6.430060000">
        <ele>449.000</ele>
      </trkpt>
      <trkpt lat="46.066590000" lon="6.430310000">
        <ele>449.000</ele>
      </trkpt>
      <trkpt lat="46.066560000" lon="6.430620000">
        <ele>449.000</ele>
      </trkpt>
      <trkpt lat="46.066390000" lon="6.431700000">
        <ele>449.000</ele>
      </trkpt>
      <trkpt lat="46.066290000" lon="6.432350000">
        <ele>449.000</ele>
      </trkpt>
      <trkpt lat="46.066250000" lon="6.432560000">
        <ele>449.000</ele>
      </trkpt>
      <trkpt lat="46.065900000" lon="6.433740000">
        <ele>449.000</ele>
      </trkpt>
      <trkpt lat="46.065870000" lon="6.433820000">
        <ele>450.000</ele>
      </trkpt>
      <trkpt lat="46.065870000" lon="6.433820000">
        <ele>450.000</ele>
      </trkpt>
      <trkpt lat="46.065530000" lon="6.434750000">
        <ele>450.000</ele>
      </trkpt>
      <trkpt lat="46.065490000" lon="6.434930000">
        <ele>450.000</ele>
      </trkpt>
      <trkpt lat="46.065440000" lon="6.435130000">
        <ele>450.000</ele>
      </trkpt>
      <trkpt lat="46.065430000" lon="6.435290000">
        <ele>450.000</ele>
      </trkpt>
      <trkpt lat="46.065410000" lon="6.435490000">
        <ele>451.000</ele>
      </trkpt>
      <trkpt lat="46.065410000" lon="6.435850000">
        <ele>451.000</ele>
      </trkpt>
      <trkpt lat="46.065410000" lon="6.436260000">
        <ele>451.000</ele>
      </trkpt>
      <trkpt lat="46.065400000" lon="6.436460000">
        <ele>451.000</ele>
      </trkpt>
      <trkpt lat="46.065390000" lon="6.436580000">
        <ele>452.000</ele>
      </trkpt>
      <trkpt lat="46.065370000" lon="6.436690000">
        <ele>452.000</ele>
      </trkpt>
      <trkpt lat="46.065330000" lon="6.436780000">
        <ele>452.000</ele>
      </trkpt>
      <trkpt lat="46.065290000" lon="6.436850000">
        <ele>452.000</ele>
      </trkpt>
      <trkpt lat="46.065230000" lon="6.436900000">
        <ele>452.000</ele>
      </trkpt>
      <trkpt lat="46.064870000" lon="6.437010000">
        <ele>453.000</ele>
      </trkpt>
      <trkpt lat="46.064790000" lon="6.437060000">
        <ele>453.000</ele>
      </trkpt>
      <trkpt lat="46.064720000" lon="6.437110000">
        <ele>453.000</ele>
      </trkpt>
      <trkpt lat="46.064660000" lon="6.437170000">
        <ele>453.000</ele>
      </trkpt>
      <trkpt lat="46.064610000" lon="6.437240000">
        <ele>454.000</ele>
      </trkpt>
      <trkpt lat="46.064550000" lon="6.437380000">
        <ele>454.000</ele>
      </trkpt>
      <trkpt lat="46.064420000" lon="6.437820000">
        <ele>454.000</ele>
      </trkpt>
      <trkpt lat="46.064350000" lon="6.438070000">
        <ele>455.000</ele>
      </trkpt>
      <trkpt lat="46.064300000" lon="6.438250000">
        <ele>455.000</ele>
      </trkpt>
      <trkpt lat="46.064220000" lon="6.438480000">
        <ele>456.000</ele>
      </trkpt>
      <trkpt lat="46.064050000" lon="6.438930000">
        <ele>456.000</ele>
      </trkpt>
      <trkpt lat="46.064000000" lon="6.439110000">
        <ele>457.000</ele>
      </trkpt>
      <trkpt lat="46.063960000" lon="6.439280000">
        <ele>458.000</ele>
      </trkpt>
      <trkpt lat="46.063930000" lon="6.439490000">
        <ele>458.000</ele>
      </trkpt>
      <trkpt lat="46.063920000" lon="6.439590000">
        <ele>459.000</ele>
      </trkpt>
      <trkpt lat="46.063910000" lon="6.439800000">
        <ele>459.000</ele>
      </trkpt>
      <trkpt lat="46.063910000" lon="6.439910000">
        <ele>460.000</ele>
      </trkpt>
      <trkpt lat="46.063900000" lon="6.440630000">
        <ele>461.000</ele>
      </trkpt>
      <trkpt lat="46.063890000" lon="6.440890000">
        <ele>461.000</ele>
      </trkpt>
      <trkpt lat="46.063880000" lon="6.441450000">
        <ele>462.000</ele>
      </trkpt>
      <trkpt lat="46.063870000" lon="6.441540000">
        <ele>463.000</ele>
      </trkpt>
      <trkpt lat="46.063870000" lon="6.441810000">
        <ele>463.000</ele>
      </trkpt>
      <trkpt lat="46.063870000" lon="6.442010000">
        <ele>464.000</ele>
      </trkpt>
      <trkpt lat="46.063860000" lon="6.442110000">
        <ele>464.000</ele>
      </trkpt>
      <trkpt lat="46.063810000" lon="6.442100000">
        <ele>464.000</ele>
      </trkpt>
      <trkpt lat="46.063740000" lon="6.442080000">
        <ele>464.000</ele>
      </trkpt>
      <trkpt lat="46.063450000" lon="6.441960000">
        <ele>465.000</ele>
      </trkpt>
      <trkpt lat="46.063270000" lon="6.441860000">
        <ele>465.000</ele>
      </trkpt>
      <trkpt lat="46.063190000" lon="6.441810000">
        <ele>465.000</ele>
      </trkpt>
      <trkpt lat="46.063170000" lon="6.441790000">
        <ele>466.000</ele>
      </trkpt>
      <trkpt lat="46.063000000" lon="6.441680000">
        <ele>466.000</ele>
      </trkpt>
      <trkpt lat="46.062910000" lon="6.441650000">
        <ele>466.000</ele>
      </trkpt>
      <trkpt lat="46.062820000" lon="6.441640000">
        <ele>467.000</ele>
      </trkpt>
      <trkpt lat="46.062750000" lon="6.441670000">
        <ele>467.000</ele>
      </trkpt>
      <trkpt lat="46.062690000" lon="6.441770000">
        <ele>467.000</ele>
      </trkpt>
      <trkpt lat="46.062670000" lon="6.441810000">
        <ele>468.000</ele>
      </trkpt>
      <trkpt lat="46.062580000" lon="6.441990000">
        <ele>468.000</ele>
      </trkpt>
      <trkpt lat="46.062510000" lon="6.442100000">
        <ele>469.000</ele>
      </trkpt>
      <trkpt lat="46.062480000" lon="6.442120000">
        <ele>469.000</ele>
      </trkpt>
      <trkpt lat="46.062440000" lon="6.442140000">
        <ele>469.000</ele>
      </trkpt>
      <trkpt lat="46.062250000" lon="6.442190000">
        <ele>470.000</ele>
      </trkpt>
      <trkpt lat="46.061990000" lon="6.442310000">
        <ele>471.000</ele>
      </trkpt>
      <trkpt lat="46.061910000" lon="6.442320000">
        <ele>471.000</ele>
      </trkpt>
      <trkpt lat="46.061810000" lon="6.442310000">
        <ele>472.000</ele>
      </trkpt>
      <trkpt lat="46.061710000" lon="6.442280000">
        <ele>473.000</ele>
      </trkpt>
      <trkpt lat="46.061650000" lon="6.442260000">
        <ele>473.000</ele>
      </trkpt>
      <trkpt lat="46.061610000" lon="6.442250000">
        <ele>473.000</ele>
      </trkpt>
      <trkpt lat="46.061580000" lon="6.442240000">
        <ele>474.000</ele>
      </trkpt>
      <trkpt lat="46.061400000" lon="6.442130000">
        <ele>474.000</ele>
      </trkpt>
      <trkpt lat="46.061370000" lon="6.442120000">
        <ele>475.000</ele>
      </trkpt>
      <trkpt lat="46.060660000" lon="6.441750000">
        <ele>479.000</ele>
      </trkpt>
      <trkpt lat="46.060540000" lon="6.441680000">
        <ele>482.000</ele>
      </trkpt>
      <trkpt lat="46.060450000" lon="6.441560000">
        <ele>485.000</ele>
      </trkpt>
      <trkpt lat="46.060420000" lon="6.441480000">
        <ele>487.000</ele>
      </trkpt>
      <trkpt lat="46.060410000" lon="6.441320000">
        <ele>489.000</ele>
      </trkpt>
      <trkpt lat="46.060420000" lon="6.441070000">
        <ele>491.000</ele>
      </trkpt>
      <trkpt lat="46.060470000" lon="6.440660000">
        <ele>494.000</ele>
      </trkpt>
      <trkpt lat="46.060500000" lon="6.440160000">
        <ele>498.000</ele>
      </trkpt>
      <trkpt lat="46.060520000" lon="6.439960000">
        <ele>501.000</ele>
      </trkpt>
      <trkpt lat="46.060540000" lon="6.439730000">
        <ele>504.000</ele>
      </trkpt>
      <trkpt lat="46.060550000" lon="6.439550000">
        <ele>506.000</ele>
      </trkpt>
      <trkpt lat="46.060540000" lon="6.439400000">
        <ele>508.000</ele>
      </trkpt>
      <trkpt lat="46.060500000" lon="6.439200000">
        <ele>510.000</ele>
      </trkpt>
      <trkpt lat="46.060480000" lon="6.439050000">
        <ele>512.000</ele>
      </trkpt>
      <trkpt lat="46.060440000" lon="6.438900000">
        <ele>514.000</ele>
      </trkpt>
      <trkpt lat="46.060400000" lon="6.438760000">
        <ele>515.000</ele>
      </trkpt>
      <trkpt lat="46.060300000" lon="6.438460000">
        <ele>518.000</ele>
      </trkpt>
      <trkpt lat="46.060170000" lon="6.438010000">
        <ele>520.000</ele>
      </trkpt>
      <trkpt lat="46.060110000" lon="6.437800000">
        <ele>523.000</ele>
      </trkpt>
      <trkpt lat="46.060100000" lon="6.437730000">
        <ele>525.000</ele>
      </trkpt>
      <trkpt lat="46.060090000" lon="6.437660000">
        <ele>526.000</ele>
      </trkpt>
      <trkpt lat="46.060100000" lon="6.437560000">
        <ele>528.000</ele>
      </trkpt>
      <trkpt lat="46.060110000" lon="6.437290000">
        <ele>529.000</ele>
      </trkpt>
      <trkpt lat="46.060100000" lon="6.437000000">
        <ele>531.000</ele>
      </trkpt>
      <trkpt lat="46.060100000" lon="6.436880000">
        <ele>532.000</ele>
      </trkpt>
      <trkpt lat="46.060110000" lon="6.436780000">
        <ele>533.000</ele>
      </trkpt>
      <trkpt lat="46.060130000" lon="6.436700000">
        <ele>534.000</ele>
      </trkpt>
      <trkpt lat="46.060150000" lon="6.436620000">
        <ele>534.000</ele>
      </trkpt>
      <trkpt lat="46.060180000" lon="6.436550000">
        <ele>535.000</ele>
      </trkpt>
      <trkpt lat="46.060210000" lon="6.436500000">
        <ele>536.000</ele>
      </trkpt>
      <trkpt lat="46.060250000" lon="6.436460000">
        <ele>536.000</ele>
      </trkpt>
      <trkpt lat="46.060300000" lon="6.436420000">
        <ele>537.000</ele>
      </trkpt>
      <trkpt lat="46.060390000" lon="6.436330000">
        <ele>537.000</ele>
      </trkpt>
      <trkpt lat="46.060410000" lon="6.436300000">
        <ele>538.000</ele>
      </trkpt>
      <trkpt lat="46.060430000" lon="6.436260000">
        <ele>538.000</ele>
      </trkpt>
      <trkpt lat="46.060430000" lon="6.436230000">
        <ele>539.000</ele>
      </trkpt>
      <trkpt lat="46.060430000" lon="6.436180000">
        <ele>539.000</ele>
      </trkpt>
      <trkpt lat="46.060430000" lon="6.436140000">
        <ele>539.000</ele>
      </trkpt>
      <trkpt lat="46.060410000" lon="6.436110000">
        <ele>540.000</ele>
      </trkpt>
      <trkpt lat="46.060380000" lon="6.436080000">
        <ele>540.000</ele>
      </trkpt>
      <trkpt lat="46.060350000" lon="6.436070000">
        <ele>540.000</ele>
      </trkpt>
      <trkpt lat="46.060320000" lon="6.436060000">
        <ele>541.000</ele>
      </trkpt>
      <trkpt lat="46.060270000" lon="6.436060000">
        <ele>541.000</ele>
      </trkpt>
      <trkpt lat="46.060210000" lon="6.436070000">
        <ele>541.000</ele>
      </trkpt>
      <trkpt lat="46.060170000" lon="6.436090000">
        <ele>542.000</ele>
      </trkpt>
      <trkpt lat="46.060100000" lon="6.436140000">
        <ele>542.000</ele>
      </trkpt>
      <trkpt lat="46.060040000" lon="6.436220000">
        <ele>543.000</ele>
      </trkpt>
      <trkpt lat="46.059980000" lon="6.436300000">
        <ele>543.000</ele>
      </trkpt>
      <trkpt lat="46.059930000" lon="6.436410000">
        <ele>544.000</ele>
      </trkpt>
      <trkpt lat="46.059840000" lon="6.436660000">
        <ele>545.000</ele>
      </trkpt>
      <trkpt lat="46.059740000" lon="6.436950000">
        <ele>547.000</ele>
      </trkpt>
      <trkpt lat="46.059630000" lon="6.437180000">
        <ele>548.000</ele>
      </trkpt>
      <trkpt lat="46.059520000" lon="6.437470000">
        <ele>550.000</ele>
      </trkpt>
      <trkpt lat="46.059450000" lon="6.437620000">
        <ele>551.000</ele>
      </trkpt>
      <trkpt lat="46.059370000" lon="6.437730000">
        <ele>552.000</ele>
      </trkpt>
      <trkpt lat="46.059310000" lon="6.437820000">
        <ele>554.000</ele>
      </trkpt>
      <trkpt lat="46.059270000" lon="6.437880000">
        <ele>554.000</ele>
      </trkpt>
      <trkpt lat="46.059240000" lon="6.437970000">
        <ele>555.000</ele>
      </trkpt>
      <trkpt lat="46.059080000" lon="6.438520000">
        <ele>557.000</ele>
      </trkpt>
      <trkpt lat="46.059030000" lon="6.438660000">
        <ele>559.000</ele>
      </trkpt>
      <trkpt lat="46.058980000" lon="6.438760000">
        <ele>560.000</ele>
      </trkpt>
      <trkpt lat="46.058860000" lon="6.438980000">
        <ele>562.000</ele>
      </trkpt>
      <trkpt lat="46.058730000" lon="6.439200000">
        <ele>565.000</ele>
      </trkpt>
      <trkpt lat="46.058640000" lon="6.439360000">
        <ele>568.000</ele>
      </trkpt>
      <trkpt lat="46.058590000" lon="6.439430000">
        <ele>570.000</ele>
      </trkpt>
      <trkpt lat="46.058530000" lon="6.439500000">
        <ele>572.000</ele>
      </trkpt>
      <trkpt lat="46.058490000" lon="6.439540000">
        <ele>574.000</ele>
      </trkpt>
      <trkpt lat="46.058430000" lon="6.439590000">
        <ele>575.000</ele>
      </trkpt>
      <trkpt lat="46.058310000" lon="6.439660000">
        <ele>577.000</ele>
      </trkpt>
      <trkpt lat="46.058250000" lon="6.439710000">
        <ele>579.000</ele>
      </trkpt>
      <trkpt lat="46.058200000" lon="6.439760000">
        <ele>580.000</ele>
      </trkpt>
      <trkpt lat="46.058140000" lon="6.439850000">
        <ele>582.000</ele>
      </trkpt>
      <trkpt lat="46.058080000" lon="6.439970000">
        <ele>583.000</ele>
      </trkpt>
      <trkpt lat="46.058080000" lon="6.439970000">
        <ele>584.000</ele>
      </trkpt>
      <trkpt lat="46.058060000" lon="6.440020000">
        <ele>585.000</ele>
      </trkpt>
      <trkpt lat="46.058020000" lon="6.440150000">
        <ele>587.000</ele>
      </trkpt>
      <trkpt lat="46.057990000" lon="6.440300000">
        <ele>588.000</ele>
      </trkpt>
      <trkpt lat="46.057970000" lon="6.440400000">
        <ele>590.000</ele>
      </trkpt>
      <trkpt lat="46.057960000" lon="6.440500000">
        <ele>591.000</ele>
      </trkpt>
      <trkpt lat="46.057960000" lon="6.440700000">
        <ele>593.000</ele>
      </trkpt>
      <trkpt lat="46.057930000" lon="6.441160000">
        <ele>595.000</ele>
      </trkpt>
      <trkpt lat="46.057930000" lon="6.441300000">
        <ele>597.000</ele>
      </trkpt>
      <trkpt lat="46.057950000" lon="6.441780000">
        <ele>600.000</ele>
      </trkpt>
      <trkpt lat="46.057950000" lon="6.442050000">
        <ele>602.000</ele>
      </trkpt>
      <trkpt lat="46.057960000" lon="6.442190000">
        <ele>604.000</ele>
      </trkpt>
      <trkpt lat="46.057970000" lon="6.442300000">
        <ele>605.000</ele>
      </trkpt>
      <trkpt lat="46.057990000" lon="6.442400000">
        <ele>607.000</ele>
      </trkpt>
      <trkpt lat="46.058030000" lon="6.442560000">
        <ele>608.000</ele>
      </trkpt>
      <trkpt lat="46.058110000" lon="6.442750000">
        <ele>609.000</ele>
      </trkpt>
      <trkpt lat="46.058190000" lon="6.443000000">
        <ele>611.000</ele>
      </trkpt>
      <trkpt lat="46.058240000" lon="6.443150000">
        <ele>612.000</ele>
      </trkpt>
      <trkpt lat="46.058300000" lon="6.443420000">
        <ele>614.000</ele>
      </trkpt>
      <trkpt lat="46.058380000" lon="6.443750000">
        <ele>616.000</ele>
      </trkpt>
      <trkpt lat="46.058420000" lon="6.444000000">
        <ele>618.000</ele>
      </trkpt>
      <trkpt lat="46.058470000" lon="6.444510000">
        <ele>621.000</ele>
      </trkpt>
      <trkpt lat="46.058480000" lon="6.444600000">
        <ele>623.000</ele>
      </trkpt>
      <trkpt lat="46.058490000" lon="6.444690000">
        <ele>624.000</ele>
      </trkpt>
      <trkpt lat="46.058490000" lon="6.444800000">
        <ele>626.000</ele>
      </trkpt>
      <trkpt lat="46.058480000" lon="6.444990000">
        <ele>627.000</ele>
      </trkpt>
      <trkpt lat="46.058470000" lon="6.445190000">
        <ele>628.000</ele>
      </trkpt>
      <trkpt lat="46.058460000" lon="6.445430000">
        <ele>630.000</ele>
      </trkpt>
      <trkpt lat="46.058440000" lon="6.445550000">
        <ele>631.000</ele>
      </trkpt>
      <trkpt lat="46.058380000" lon="6.445790000">
        <ele>633.000</ele>
      </trkpt>
      <trkpt lat="46.058370000" lon="6.445850000">
        <ele>634.000</ele>
      </trkpt>
      <trkpt lat="46.058370000" lon="6.445900000">
        <ele>635.000</ele>
      </trkpt>
      <trkpt lat="46.058390000" lon="6.445980000">
        <ele>636.000</ele>
      </trkpt>
      <trkpt lat="46.058460000" lon="6.446210000">
        <ele>637.000</ele>
      </trkpt>
      <trkpt lat="46.058590000" lon="6.446640000">
        <ele>639.000</ele>
      </trkpt>
      <trkpt lat="46.058640000" lon="6.446780000">
        <ele>640.000</ele>
      </trkpt>
      <trkpt lat="46.058830000" lon="6.447150000">
        <ele>642.000</ele>
      </trkpt>
      <trkpt lat="46.058750000" lon="6.447170000">
        <ele>643.000</ele>
      </trkpt>
      <trkpt lat="46.058730000" lon="6.447180000">
        <ele>644.000</ele>
      </trkpt>
      <trkpt lat="46.058690000" lon="6.447180000">
        <ele>645.000</ele>
      </trkpt>
      <trkpt lat="46.058670000" lon="6.447170000">
        <ele>646.000</ele>
      </trkpt>
      <trkpt lat="46.058650000" lon="6.447160000">
        <ele>646.000</ele>
      </trkpt>
      <trkpt lat="46.058630000" lon="6.447140000">
        <ele>647.000</ele>
      </trkpt>
      <trkpt lat="46.058590000" lon="6.447070000">
        <ele>647.000</ele>
      </trkpt>
      <trkpt lat="46.058290000" lon="6.446440000">
        <ele>649.000</ele>
      </trkpt>
      <trkpt lat="46.058220000" lon="6.446290000">
        <ele>650.000</ele>
      </trkpt>
      <trkpt lat="46.058100000" lon="6.446090000">
        <ele>652.000</ele>
      </trkpt>
      <trkpt lat="46.058080000" lon="6.446050000">
        <ele>654.000</ele>
      </trkpt>
      <trkpt lat="46.058080000" lon="6.446020000">
        <ele>655.000</ele>
      </trkpt>
      <trkpt lat="46.058080000" lon="6.445980000">
        <ele>655.000</ele>
      </trkpt>
      <trkpt lat="46.058060000" lon="6.445620000">
        <ele>657.000</ele>
      </trkpt>
      <trkpt lat="46.058050000" lon="6.445420000">
        <ele>659.000</ele>
      </trkpt>
      <trkpt lat="46.058050000" lon="6.445200000">
        <ele>660.000</ele>
      </trkpt>
      <trkpt lat="46.058040000" lon="6.445120000">
        <ele>662.000</ele>
      </trkpt>
      <trkpt lat="46.058030000" lon="6.445020000">
        <ele>663.000</ele>
      </trkpt>
      <trkpt lat="46.058010000" lon="6.444910000">
        <ele>664.000</ele>
      </trkpt>
      <trkpt lat="46.057960000" lon="6.444750000">
        <ele>665.000</ele>
      </trkpt>
      <trkpt lat="46.057910000" lon="6.444600000">
        <ele>667.000</ele>
      </trkpt>
      <trkpt lat="46.057870000" lon="6.444490000">
        <ele>668.000</ele>
      </trkpt>
      <trkpt lat="46.057810000" lon="6.444370000">
        <ele>669.000</ele>
      </trkpt>
      <trkpt lat="46.057750000" lon="6.444280000">
        <ele>670.000</ele>
      </trkpt>
      <trkpt lat="46.057670000" lon="6.444150000">
        <ele>672.000</ele>
      </trkpt>
      <trkpt lat="46.057500000" lon="6.443910000">
        <ele>674.000</ele>
      </trkpt>
      <trkpt lat="46.057430000" lon="6.443810000">
        <ele>675.000</ele>
      </trkpt>
      <trkpt lat="46.057370000" lon="6.443720000">
        <ele>676.000</ele>
      </trkpt>
      <trkpt lat="46.057240000" lon="6.443600000">
        <ele>678.000</ele>
      </trkpt>
      <trkpt lat="46.057170000" lon="6.443500000">
        <ele>679.000</ele>
      </trkpt>
      <trkpt lat="46.057100000" lon="6.443410000">
        <ele>680.000</ele>
      </trkpt>
      <trkpt lat="46.057050000" lon="6.443340000">
        <ele>680.000</ele>
      </trkpt>
      <trkpt lat="46.057010000" lon="6.443260000">
        <ele>681.000</ele>
      </trkpt>
      <trkpt lat="46.056960000" lon="6.443170000">
        <ele>682.000</ele>
      </trkpt>
      <trkpt lat="46.056930000" lon="6.443090000">
        <ele>682.000</ele>
      </trkpt>
      <trkpt lat="46.056850000" lon="6.442880000">
        <ele>683.000</ele>
      </trkpt>
      <trkpt lat="46.056680000" lon="6.442310000">
        <ele>685.000</ele>
      </trkpt>
      <trkpt lat="46.056610000" lon="6.442070000">
        <ele>686.000</ele>
      </trkpt>
      <trkpt lat="46.056580000" lon="6.441950000">
        <ele>687.000</ele>
      </trkpt>
      <trkpt lat="46.056560000" lon="6.441850000">
        <ele>688.000</ele>
      </trkpt>
      <trkpt lat="46.056540000" lon="6.441770000">
        <ele>689.000</ele>
      </trkpt>
      <trkpt lat="46.056530000" lon="6.441700000">
        <ele>690.000</ele>
      </trkpt>
      <trkpt lat="46.056520000" lon="6.441620000">
        <ele>690.000</ele>
      </trkpt>
      <trkpt lat="46.056520000" lon="6.441500000">
        <ele>691.000</ele>
      </trkpt>
      <trkpt lat="46.056510000" lon="6.441060000">
        <ele>693.000</ele>
      </trkpt>
      <trkpt lat="46.056510000" lon="6.440820000">
        <ele>695.000</ele>
      </trkpt>
      <trkpt lat="46.056510000" lon="6.440740000">
        <ele>696.000</ele>
      </trkpt>
      <trkpt lat="46.056490000" lon="6.440570000">
        <ele>697.000</ele>
      </trkpt>
      <trkpt lat="46.056490000" lon="6.440490000">
        <ele>699.000</ele>
      </trkpt>
      <trkpt lat="46.056490000" lon="6.440400000">
        <ele>700.000</ele>
      </trkpt>
      <trkpt lat="46.056520000" lon="6.440230000">
        <ele>701.000</ele>
      </trkpt>
      <trkpt lat="46.056530000" lon="6.440100000">
        <ele>702.000</ele>
      </trkpt>
      <trkpt lat="46.056530000" lon="6.440040000">
        <ele>703.000</ele>
      </trkpt>
      <trkpt lat="46.056520000" lon="6.439950000">
        <ele>704.000</ele>
      </trkpt>
      <trkpt lat="46.056510000" lon="6.439870000">
        <ele>704.000</ele>
      </trkpt>
      <trkpt lat="46.056510000" lon="6.439770000">
        <ele>705.000</ele>
      </trkpt>
      <trkpt lat="46.056510000" lon="6.439660000">
        <ele>706.000</ele>
      </trkpt>
      <trkpt lat="46.056560000" lon="6.439430000">
        <ele>707.000</ele>
      </trkpt>
      <trkpt lat="46.056570000" lon="6.439360000">
        <ele>708.000</ele>
      </trkpt>
      <trkpt lat="46.056570000" lon="6.439280000">
        <ele>709.000</ele>
      </trkpt>
      <trkpt lat="46.056580000" lon="6.439190000">
        <ele>710.000</ele>
      </trkpt>
      <trkpt lat="46.056570000" lon="6.439070000">
        <ele>711.000</ele>
      </trkpt>
      <trkpt lat="46.056560000" lon="6.438950000">
        <ele>712.000</ele>
      </trkpt>
      <trkpt lat="46.056540000" lon="6.438860000">
        <ele>713.000</ele>
      </trkpt>
      <trkpt lat="46.056530000" lon="6.438780000">
        <ele>714.000</ele>
      </trkpt>
      <trkpt lat="46.056470000" lon="6.438620000">
        <ele>715.000</ele>
      </trkpt>
      <trkpt lat="46.056410000" lon="6.438480000">
        <ele>716.000</ele>
      </trkpt>
      <trkpt lat="46.056300000" lon="6.438230000">
        <ele>718.000</ele>
      </trkpt>
      <trkpt lat="46.056300000" lon="6.438170000">
        <ele>719.000</ele>
      </trkpt>
      <trkpt lat="46.056300000" lon="6.438130000">
        <ele>720.000</ele>
      </trkpt>
      <trkpt lat="46.056310000" lon="6.438090000">
        <ele>721.000</ele>
      </trkpt>
      <trkpt lat="46.056400000" lon="6.437860000">
        <ele>722.000</ele>
      </trkpt>
      <trkpt lat="46.056420000" lon="6.437800000">
        <ele>723.000</ele>
      </trkpt>
      <trkpt lat="46.056430000" lon="6.437750000">
        <ele>724.000</ele>
      </trkpt>
      <trkpt lat="46.056450000" lon="6.437630000">
        <ele>725.000</ele>
      </trkpt>
      <trkpt lat="46.056450000" lon="6.437590000">
        <ele>726.000</ele>
      </trkpt>
      <trkpt lat="46.056440000" lon="6.437460000">
        <ele>727.000</ele>
      </trkpt>
      <trkpt lat="46.056440000" lon="6.437330000">
        <ele>728.000</ele>
      </trkpt>
      <trkpt lat="46.056440000" lon="6.437110000">
        <ele>729.000</ele>
      </trkpt>
      <trkpt lat="46.056440000" lon="6.437020000">
        <ele>730.000</ele>
      </trkpt>
      <trkpt lat="46.056440000" lon="6.436910000">
        <ele>732.000</ele>
      </trkpt>
      <trkpt lat="46.056460000" lon="6.436730000">
        <ele>733.000</ele>
      </trkpt>
      <trkpt lat="46.056460000" lon="6.436680000">
        <ele>734.000</ele>
      </trkpt>
      <trkpt lat="46.056460000" lon="6.436630000">
        <ele>735.000</ele>
      </trkpt>
      <trkpt lat="46.056450000" lon="6.436430000">
        <ele>735.000</ele>
      </trkpt>
      <trkpt lat="46.056440000" lon="6.436240000">
        <ele>736.000</ele>
      </trkpt>
      <trkpt lat="46.056430000" lon="6.436110000">
        <ele>737.000</ele>
      </trkpt>
      <trkpt lat="46.056410000" lon="6.435930000">
        <ele>737.000</ele>
      </trkpt>
      <trkpt lat="46.056400000" lon="6.435870000">
        <ele>738.000</ele>
      </trkpt>
      <trkpt lat="46.056400000" lon="6.435830000">
        <ele>738.000</ele>
      </trkpt>
      <trkpt lat="46.056400000" lon="6.435780000">
        <ele>738.000</ele>
      </trkpt>
      <trkpt lat="46.056400000" lon="6.435740000">
        <ele>739.000</ele>
      </trkpt>
      <trkpt lat="46.056420000" lon="6.435690000">
        <ele>739.000</ele>
      </trkpt>
      <trkpt lat="46.056430000" lon="6.435650000">
        <ele>739.000</ele>
      </trkpt>
      <trkpt lat="46.056450000" lon="6.435620000">
        <ele>739.000</ele>
      </trkpt>
      <trkpt lat="46.056500000" lon="6.435570000">
        <ele>740.000</ele>
      </trkpt>
      <trkpt lat="46.056540000" lon="6.435540000">
        <ele>740.000</ele>
      </trkpt>
      <trkpt lat="46.056570000" lon="6.435500000">
        <ele>740.000</ele>
      </trkpt>
      <trkpt lat="46.056600000" lon="6.435460000">
        <ele>740.000</ele>
      </trkpt>
      <trkpt lat="46.056630000" lon="6.435390000">
        <ele>741.000</ele>
      </trkpt>
      <trkpt lat="46.056650000" lon="6.435310000">
        <ele>741.000</ele>
      </trkpt>
      <trkpt lat="46.056660000" lon="6.435250000">
        <ele>741.000</ele>
      </trkpt>
      <trkpt lat="46.056680000" lon="6.435210000">
        <ele>741.000</ele>
      </trkpt>
      <trkpt lat="46.056710000" lon="6.435160000">
        <ele>742.000</ele>
      </trkpt>
      <trkpt lat="46.056770000" lon="6.435080000">
        <ele>742.000</ele>
      </trkpt>
      <trkpt lat="46.056810000" lon="6.435010000">
        <ele>742.000</ele>
      </trkpt>
      <trkpt lat="46.056830000" lon="6.434960000">
        <ele>743.000</ele>
      </trkpt>
      <trkpt lat="46.056850000" lon="6.434900000">
        <ele>743.000</ele>
      </trkpt>
      <trkpt lat="46.056850000" lon="6.434840000">
        <ele>743.000</ele>
      </trkpt>
      <trkpt lat="46.056850000" lon="6.434780000">
        <ele>743.000</ele>
      </trkpt>
      <trkpt lat="46.056840000" lon="6.434690000">
        <ele>744.000</ele>
      </trkpt>
      <trkpt lat="46.056820000" lon="6.434600000">
        <ele>744.000</ele>
      </trkpt>
      <trkpt lat="46.056800000" lon="6.434520000">
        <ele>744.000</ele>
      </trkpt>
      <trkpt lat="46.056790000" lon="6.434460000">
        <ele>745.000</ele>
      </trkpt>
      <trkpt lat="46.056790000" lon="6.434410000">
        <ele>745.000</ele>
      </trkpt>
      <trkpt lat="46.056800000" lon="6.434360000">
        <ele>745.000</ele>
      </trkpt>
      <trkpt lat="46.056810000" lon="6.434320000">
        <ele>745.000</ele>
      </trkpt>
      <trkpt lat="46.056840000" lon="6.434200000">
        <ele>746.000</ele>
      </trkpt>
      <trkpt lat="46.056900000" lon="6.433940000">
        <ele>748.000</ele>
      </trkpt>
      <trkpt lat="46.056910000" lon="6.433890000">
        <ele>749.000</ele>
      </trkpt>
      <trkpt lat="46.056920000" lon="6.433850000">
        <ele>751.000</ele>
      </trkpt>
      <trkpt lat="46.056920000" lon="6.433810000">
        <ele>752.000</ele>
      </trkpt>
      <trkpt lat="46.056920000" lon="6.433770000">
        <ele>752.000</ele>
      </trkpt>
      <trkpt lat="46.056910000" lon="6.433740000">
        <ele>753.000</ele>
      </trkpt>
      <trkpt lat="46.056900000" lon="6.433710000">
        <ele>754.000</ele>
      </trkpt>
      <trkpt lat="46.056890000" lon="6.433690000">
        <ele>754.000</ele>
      </trkpt>
      <trkpt lat="46.056870000" lon="6.433680000">
        <ele>755.000</ele>
      </trkpt>
      <trkpt lat="46.056850000" lon="6.433670000">
        <ele>755.000</ele>
      </trkpt>
      <trkpt lat="46.056840000" lon="6.433660000">
        <ele>756.000</ele>
      </trkpt>
      <trkpt lat="46.056830000" lon="6.433670000">
        <ele>756.000</ele>
      </trkpt>
      <trkpt lat="46.056800000" lon="6.433670000">
        <ele>756.000</ele>
      </trkpt>
      <trkpt lat="46.056780000" lon="6.433680000">
        <ele>757.000</ele>
      </trkpt>
      <trkpt lat="46.056760000" lon="6.433700000">
        <ele>757.000</ele>
      </trkpt>
      <trkpt lat="46.056750000" lon="6.433730000">
        <ele>758.000</ele>
      </trkpt>
      <trkpt lat="46.056740000" lon="6.433750000">
        <ele>758.000</ele>
      </trkpt>
      <trkpt lat="46.056730000" lon="6.433800000">
        <ele>759.000</ele>
      </trkpt>
      <trkpt lat="46.056730000" lon="6.433860000">
        <ele>759.000</ele>
      </trkpt>
      <trkpt lat="46.056730000" lon="6.433990000">
        <ele>760.000</ele>
      </trkpt>
      <trkpt lat="46.056730000" lon="6.434030000">
        <ele>761.000</ele>
      </trkpt>
      <trkpt lat="46.056720000" lon="6.434070000">
        <ele>762.000</ele>
      </trkpt>
      <trkpt lat="46.056710000" lon="6.434130000">
        <ele>763.000</ele>
      </trkpt>
      <trkpt lat="46.056680000" lon="6.434200000">
        <ele>764.000</ele>
      </trkpt>
      <trkpt lat="46.056600000" lon="6.434360000">
        <ele>765.000</ele>
      </trkpt>
      <trkpt lat="46.056570000" lon="6.434430000">
        <ele>767.000</ele>
      </trkpt>
      <trkpt lat="46.056550000" lon="6.434470000">
        <ele>768.000</ele>
      </trkpt>
      <trkpt lat="46.056550000" lon="6.434520000">
        <ele>769.000</ele>
      </trkpt>
      <trkpt lat="46.056540000" lon="6.434630000">
        <ele>770.000</ele>
      </trkpt>
      <trkpt lat="46.056530000" lon="6.434710000">
        <ele>771.000</ele>
      </trkpt>
      <trkpt lat="46.056510000" lon="6.434770000">
        <ele>772.000</ele>
      </trkpt>
      <trkpt lat="46.056490000" lon="6.434810000">
        <ele>773.000</ele>
      </trkpt>
      <trkpt lat="46.056460000" lon="6.434860000">
        <ele>774.000</ele>
      </trkpt>
      <trkpt lat="46.056420000" lon="6.434910000">
        <ele>775.000</ele>
      </trkpt>
      <trkpt lat="46.056360000" lon="6.434970000">
        <ele>776.000</ele>
      </trkpt>
      <trkpt lat="46.056340000" lon="6.434990000">
        <ele>777.000</ele>
      </trkpt>
      <trkpt lat="46.056270000" lon="6.435010000">
        <ele>778.000</ele>
      </trkpt>
      <trkpt lat="46.056170000" lon="6.435030000">
        <ele>780.000</ele>
      </trkpt>
      <trkpt lat="46.056120000" lon="6.435040000">
        <ele>781.000</ele>
      </trkpt>
      <trkpt lat="46.056080000" lon="6.435050000">
        <ele>782.000</ele>
      </trkpt>
      <trkpt lat="46.056040000" lon="6.435080000">
        <ele>782.000</ele>
      </trkpt>
      <trkpt lat="46.056020000" lon="6.435120000">
        <ele>783.000</ele>
      </trkpt>
      <trkpt lat="46.055990000" lon="6.435170000">
        <ele>783.000</ele>
      </trkpt>
      <trkpt lat="46.055980000" lon="6.435220000">
        <ele>784.000</ele>
      </trkpt>
      <trkpt lat="46.055970000" lon="6.435270000">
        <ele>784.000</ele>
      </trkpt>
      <trkpt lat="46.055970000" lon="6.435410000">
        <ele>785.000</ele>
      </trkpt>
      <trkpt lat="46.055980000" lon="6.435510000">
        <ele>785.000</ele>
      </trkpt>
      <trkpt lat="46.056040000" lon="6.435930000">
        <ele>787.000</ele>
      </trkpt>
      <trkpt lat="46.056050000" lon="6.436000000">
        <ele>788.000</ele>
      </trkpt>
      <trkpt lat="46.056050000" lon="6.436080000">
        <ele>789.000</ele>
      </trkpt>
      <trkpt lat="46.056040000" lon="6.436140000">
        <ele>789.000</ele>
      </trkpt>
      <trkpt lat="46.056040000" lon="6.436190000">
        <ele>790.000</ele>
      </trkpt>
      <trkpt lat="46.056030000" lon="6.436210000">
        <ele>790.000</ele>
      </trkpt>
      <trkpt lat="46.056020000" lon="6.436250000">
        <ele>791.000</ele>
      </trkpt>
      <trkpt lat="46.055850000" lon="6.436510000">
        <ele>792.000</ele>
      </trkpt>
      <trkpt lat="46.055820000" lon="6.436570000">
        <ele>792.000</ele>
      </trkpt>
      <trkpt lat="46.055790000" lon="6.436690000">
        <ele>793.000</ele>
      </trkpt>
      <trkpt lat="46.055700000" lon="6.436900000">
        <ele>794.000</ele>
      </trkpt>
      <trkpt lat="46.055560000" lon="6.437340000">
        <ele>796.000</ele>
      </trkpt>
      <trkpt lat="46.055530000" lon="6.437440000">
        <ele>797.000</ele>
      </trkpt>
      <trkpt lat="46.055510000" lon="6.437480000">
        <ele>798.000</ele>
      </trkpt>
      <trkpt lat="46.055490000" lon="6.437510000">
        <ele>798.000</ele>
      </trkpt>
      <trkpt lat="46.055470000" lon="6.437540000">
        <ele>799.000</ele>
      </trkpt>
      <trkpt lat="46.055360000" lon="6.437610000">
        <ele>799.000</ele>
      </trkpt>
      <trkpt lat="46.055310000" lon="6.437650000">
        <ele>799.000</ele>
      </trkpt>
      <trkpt lat="46.055280000" lon="6.437690000">
        <ele>799.000</ele>
      </trkpt>
      <trkpt lat="46.055240000" lon="6.437780000">
        <ele>799.000</ele>
      </trkpt>
      <trkpt lat="46.055130000" lon="6.438010000">
        <ele>799.000</ele>
      </trkpt>
      <trkpt lat="46.055110000" lon="6.438080000">
        <ele>799.000</ele>
      </trkpt>
      <trkpt lat="46.055090000" lon="6.438140000">
        <ele>799.000</ele>
      </trkpt>
      <trkpt lat="46.055090000" lon="6.438200000">
        <ele>799.000</ele>
      </trkpt>
      <trkpt lat="46.055090000" lon="6.438250000">
        <ele>799.000</ele>
      </trkpt>
      <trkpt lat="46.055090000" lon="6.438310000">
        <ele>799.000</ele>
      </trkpt>
      <trkpt lat="46.055100000" lon="6.438400000">
        <ele>799.000</ele>
      </trkpt>
      <trkpt lat="46.055140000" lon="6.438540000">
        <ele>799.000</ele>
      </trkpt>
      <trkpt lat="46.055270000" lon="6.438860000">
        <ele>798.000</ele>
      </trkpt>
      <trkpt lat="46.055310000" lon="6.438970000">
        <ele>798.000</ele>
      </trkpt>
      <trkpt lat="46.055350000" lon="6.439040000">
        <ele>798.000</ele>
      </trkpt>
      <trkpt lat="46.055410000" lon="6.439120000">
        <ele>798.000</ele>
      </trkpt>
      <trkpt lat="46.055430000" lon="6.439160000">
        <ele>798.000</ele>
      </trkpt>
      <trkpt lat="46.055550000" lon="6.439650000">
        <ele>798.000</ele>
      </trkpt>
      <trkpt lat="46.055570000" lon="6.439720000">
        <ele>798.000</ele>
      </trkpt>
      <trkpt lat="46.055570000" lon="6.439800000">
        <ele>799.000</ele>
      </trkpt>
      <trkpt lat="46.055580000" lon="6.439940000">
        <ele>800.000</ele>
      </trkpt>
      <trkpt lat="46.055550000" lon="6.440780000">
        <ele>805.000</ele>
      </trkpt>
      <trkpt lat="46.055590000" lon="6.441070000">
        <ele>811.000</ele>
      </trkpt>
      <trkpt lat="46.055600000" lon="6.441350000">
        <ele>816.000</ele>
      </trkpt>
      <trkpt lat="46.055610000" lon="6.441480000">
        <ele>820.000</ele>
      </trkpt>
      <trkpt lat="46.055620000" lon="6.441560000">
        <ele>823.000</ele>
      </trkpt>
      <trkpt lat="46.055610000" lon="6.441820000">
        <ele>827.000</ele>
      </trkpt>
      <trkpt lat="46.055610000" lon="6.441950000">
        <ele>830.000</ele>
      </trkpt>
      <trkpt lat="46.055640000" lon="6.442200000">
        <ele>833.000</ele>
      </trkpt>
      <trkpt lat="46.055660000" lon="6.442450000">
        <ele>837.000</ele>
      </trkpt>
      <trkpt lat="46.055680000" lon="6.442520000">
        <ele>840.000</ele>
      </trkpt>
      <trkpt lat="46.055700000" lon="6.442570000">
        <ele>842.000</ele>
      </trkpt>
      <trkpt lat="46.055730000" lon="6.442640000">
        <ele>843.000</ele>
      </trkpt>
      <trkpt lat="46.055750000" lon="6.442690000">
        <ele>844.000</ele>
      </trkpt>
      <trkpt lat="46.055770000" lon="6.442800000">
        <ele>845.000</ele>
      </trkpt>
      <trkpt lat="46.055790000" lon="6.442900000">
        <ele>846.000</ele>
      </trkpt>
      <trkpt lat="46.055790000" lon="6.442990000">
        <ele>846.000</ele>
      </trkpt>
      <trkpt lat="46.055790000" lon="6.443220000">
        <ele>847.000</ele>
      </trkpt>
      <trkpt lat="46.055800000" lon="6.443400000">
        <ele>848.000</ele>
      </trkpt>
      <trkpt lat="46.055820000" lon="6.443590000">
        <ele>849.000</ele>
      </trkpt>
      <trkpt lat="46.055820000" lon="6.443720000">
        <ele>850.000</ele>
      </trkpt>
      <trkpt lat="46.055830000" lon="6.444090000">
        <ele>851.000</ele>
      </trkpt>
      <trkpt lat="46.055840000" lon="6.444180000">
        <ele>852.000</ele>
      </trkpt>
      <trkpt lat="46.055860000" lon="6.444300000">
        <ele>853.000</ele>
      </trkpt>
      <trkpt lat="46.055870000" lon="6.444360000">
        <ele>854.000</ele>
      </trkpt>
      <trkpt lat="46.055900000" lon="6.444430000">
        <ele>854.000</ele>
      </trkpt>
      <trkpt lat="46.055910000" lon="6.444480000">
        <ele>855.000</ele>
      </trkpt>
      <trkpt lat="46.055920000" lon="6.444530000">
        <ele>855.000</ele>
      </trkpt>
      <trkpt lat="46.055920000" lon="6.444590000">
        <ele>856.000</ele>
      </trkpt>
      <trkpt lat="46.055930000" lon="6.444740000">
        <ele>856.000</ele>
      </trkpt>
      <trkpt lat="46.055960000" lon="6.444960000">
        <ele>857.000</ele>
      </trkpt>
      <trkpt lat="46.055980000" lon="6.445310000">
        <ele>858.000</ele>
      </trkpt>
      <trkpt lat="46.056000000" lon="6.445760000">
        <ele>859.000</ele>
      </trkpt>
      <trkpt lat="46.056010000" lon="6.446970000">
        <ele>858.000</ele>
      </trkpt>
      <trkpt lat="46.056000000" lon="6.447030000">
        <ele>858.000</ele>
      </trkpt>
      <trkpt lat="46.055980000" lon="6.447110000">
        <ele>858.000</ele>
      </trkpt>
      <trkpt lat="46.055920000" lon="6.447360000">
        <ele>858.000</ele>
      </trkpt>
      <trkpt lat="46.055860000" lon="6.447600000">
        <ele>858.000</ele>
      </trkpt>
      <trkpt lat="46.055820000" lon="6.447740000">
        <ele>857.000</ele>
      </trkpt>
      <trkpt lat="46.055770000" lon="6.447870000">
        <ele>857.000</ele>
      </trkpt>
      <trkpt lat="46.055740000" lon="6.447920000">
        <ele>857.000</ele>
      </trkpt>
      <trkpt lat="46.055720000" lon="6.447960000">
        <ele>857.000</ele>
      </trkpt>
      <trkpt lat="46.055690000" lon="6.447990000">
        <ele>856.000</ele>
      </trkpt>
      <trkpt lat="46.055650000" lon="6.448020000">
        <ele>856.000</ele>
      </trkpt>
      <trkpt lat="46.055620000" lon="6.448050000">
        <ele>856.000</ele>
      </trkpt>
      <trkpt lat="46.055590000" lon="6.448090000">
        <ele>856.000</ele>
      </trkpt>
      <trkpt lat="46.055520000" lon="6.448280000">
        <ele>855.000</ele>
      </trkpt>
      <trkpt lat="46.055510000" lon="6.448350000">
        <ele>855.000</ele>
      </trkpt>
      <trkpt lat="46.055500000" lon="6.448550000">
        <ele>854.000</ele>
      </trkpt>
      <trkpt lat="46.055500000" lon="6.448790000">
        <ele>854.000</ele>
      </trkpt>
      <trkpt lat="46.055500000" lon="6.448860000">
        <ele>853.000</ele>
      </trkpt>
      <trkpt lat="46.055520000" lon="6.448970000">
        <ele>852.000</ele>
      </trkpt>
      <trkpt lat="46.055530000" lon="6.449020000">
        <ele>852.000</ele>
      </trkpt>
      <trkpt lat="46.055530000" lon="6.449090000">
        <ele>852.000</ele>
      </trkpt>
      <trkpt lat="46.055530000" lon="6.449180000">
        <ele>851.000</ele>
      </trkpt>
      <trkpt lat="46.055520000" lon="6.449310000">
        <ele>851.000</ele>
      </trkpt>
      <trkpt lat="46.055500000" lon="6.449450000">
        <ele>850.000</ele>
      </trkpt>
      <trkpt lat="46.055460000" lon="6.449700000">
        <ele>850.000</ele>
      </trkpt>
      <trkpt lat="46.055400000" lon="6.450090000">
        <ele>849.000</ele>
      </trkpt>
      <trkpt lat="46.055330000" lon="6.450380000">
        <ele>848.000</ele>
      </trkpt>
      <trkpt lat="46.055310000" lon="6.450430000">
        <ele>848.000</ele>
      </trkpt>
      <trkpt lat="46.055210000" lon="6.450670000">
        <ele>850.000</ele>
      </trkpt>
      <trkpt lat="46.055180000" lon="6.450740000">
        <ele>853.000</ele>
      </trkpt>
      <trkpt lat="46.055090000" lon="6.450880000">
        <ele>857.000</ele>
      </trkpt>
      <trkpt lat="46.055060000" lon="6.450940000">
        <ele>861.000</ele>
      </trkpt>
      <trkpt lat="46.055050000" lon="6.450990000">
        <ele>863.000</ele>
      </trkpt>
      <trkpt lat="46.054990000" lon="6.451220000">
        <ele>868.000</ele>
      </trkpt>
      <trkpt lat="46.054960000" lon="6.451320000">
        <ele>872.000</ele>
      </trkpt>
      <trkpt lat="46.054930000" lon="6.451390000">
        <ele>876.000</ele>
      </trkpt>
      <trkpt lat="46.054890000" lon="6.451460000">
        <ele>879.000</ele>
      </trkpt>
      <trkpt lat="46.054850000" lon="6.451520000">
        <ele>882.000</ele>
      </trkpt>
      <trkpt lat="46.054800000" lon="6.451580000">
        <ele>885.000</ele>
      </trkpt>
      <trkpt lat="46.054770000" lon="6.451600000">
        <ele>888.000</ele>
      </trkpt>
      <trkpt lat="46.054740000" lon="6.451620000">
        <ele>890.000</ele>
      </trkpt>
      <trkpt lat="46.054710000" lon="6.451620000">
        <ele>892.000</ele>
      </trkpt>
      <trkpt lat="46.054680000" lon="6.451620000">
        <ele>894.000</ele>
      </trkpt>
      <trkpt lat="46.054650000" lon="6.451600000">
        <ele>896.000</ele>
      </trkpt>
      <trkpt lat="46.054600000" lon="6.451560000">
        <ele>898.000</ele>
      </trkpt>
      <trkpt lat="46.054580000" lon="6.451550000">
        <ele>899.000</ele>
      </trkpt>
      <trkpt lat="46.054560000" lon="6.451530000">
        <ele>901.000</ele>
      </trkpt>
      <trkpt lat="46.054530000" lon="6.451520000">
        <ele>902.000</ele>
      </trkpt>
      <trkpt lat="46.054510000" lon="6.451520000">
        <ele>903.000</ele>
      </trkpt>
      <trkpt lat="46.054470000" lon="6.451520000">
        <ele>905.000</ele>
      </trkpt>
      <trkpt lat="46.054440000" lon="6.451530000">
        <ele>906.000</ele>
      </trkpt>
      <trkpt lat="46.054370000" lon="6.451560000">
        <ele>908.000</ele>
      </trkpt>
      <trkpt lat="46.054280000" lon="6.451620000">
        <ele>911.000</ele>
      </trkpt>
      <trkpt lat="46.054130000" lon="6.451700000">
        <ele>916.000</ele>
      </trkpt>
      <trkpt lat="46.054030000" lon="6.451760000">
        <ele>920.000</ele>
      </trkpt>
      <trkpt lat="46.053930000" lon="6.451810000">
        <ele>924.000</ele>
      </trkpt>
      <trkpt lat="46.053830000" lon="6.451830000">
        <ele>926.000</ele>
      </trkpt>
      <trkpt lat="46.053770000" lon="6.451840000">
        <ele>928.000</ele>
      </trkpt>
      <trkpt lat="46.053710000" lon="6.451830000">
        <ele>930.000</ele>
      </trkpt>
      <trkpt lat="46.053680000" lon="6.451830000">
        <ele>931.000</ele>
      </trkpt>
      <trkpt lat="46.053630000" lon="6.451810000">
        <ele>932.000</ele>
      </trkpt>
      <trkpt lat="46.053580000" lon="6.451780000">
        <ele>933.000</ele>
      </trkpt>
      <trkpt lat="46.053540000" lon="6.451750000">
        <ele>934.000</ele>
      </trkpt>
      <trkpt lat="46.053500000" lon="6.451710000">
        <ele>934.000</ele>
      </trkpt>
      <trkpt lat="46.053470000" lon="6.451660000">
        <ele>935.000</ele>
      </trkpt>
      <trkpt lat="46.053440000" lon="6.451600000">
        <ele>935.000</ele>
      </trkpt>
      <trkpt lat="46.053420000" lon="6.451530000">
        <ele>936.000</ele>
      </trkpt>
      <trkpt lat="46.053400000" lon="6.451390000">
        <ele>937.000</ele>
      </trkpt>
      <trkpt lat="46.053310000" lon="6.451050000">
        <ele>938.000</ele>
      </trkpt>
      <trkpt lat="46.053290000" lon="6.451000000">
        <ele>939.000</ele>
      </trkpt>
      <trkpt lat="46.053210000" lon="6.450850000">
        <ele>941.000</ele>
      </trkpt>
      <trkpt lat="46.052890000" lon="6.450400000">
        <ele>943.000</ele>
      </trkpt>
      <trkpt lat="46.052710000" lon="6.450180000">
        <ele>946.000</ele>
      </trkpt>
      <trkpt lat="46.052620000" lon="6.450070000">
        <ele>947.000</ele>
      </trkpt>
      <trkpt lat="46.052550000" lon="6.450010000">
        <ele>949.000</ele>
      </trkpt>
      <trkpt lat="46.052390000" lon="6.449900000">
        <ele>950.000</ele>
      </trkpt>
      <trkpt lat="46.052350000" lon="6.449860000">
        <ele>950.000</ele>
      </trkpt>
      <trkpt lat="46.052300000" lon="6.449800000">
        <ele>951.000</ele>
      </trkpt>
      <trkpt lat="46.052230000" lon="6.449720000">
        <ele>952.000</ele>
      </trkpt>
      <trkpt lat="46.052170000" lon="6.449630000">
        <ele>952.000</ele>
      </trkpt>
      <trkpt lat="46.052130000" lon="6.449560000">
        <ele>952.000</ele>
      </trkpt>
      <trkpt lat="46.052100000" lon="6.449520000">
        <ele>953.000</ele>
      </trkpt>
      <trkpt lat="46.052090000" lon="6.449470000">
        <ele>953.000</ele>
      </trkpt>
      <trkpt lat="46.052080000" lon="6.449420000">
        <ele>953.000</ele>
      </trkpt>
      <trkpt lat="46.052060000" lon="6.449250000">
        <ele>953.000</ele>
      </trkpt>
      <trkpt lat="46.052030000" lon="6.449090000">
        <ele>954.000</ele>
      </trkpt>
      <trkpt lat="46.052000000" lon="6.448980000">
        <ele>954.000</ele>
      </trkpt>
      <trkpt lat="46.051960000" lon="6.448880000">
        <ele>954.000</ele>
      </trkpt>
      <trkpt lat="46.051920000" lon="6.448790000">
        <ele>954.000</ele>
      </trkpt>
      <trkpt lat="46.051870000" lon="6.448710000">
        <ele>955.000</ele>
      </trkpt>
      <trkpt lat="46.051750000" lon="6.448570000">
        <ele>955.000</ele>
      </trkpt>
      <trkpt lat="46.051640000" lon="6.448470000">
        <ele>956.000</ele>
      </trkpt>
      <trkpt lat="46.051360000" lon="6.448180000">
        <ele>956.000</ele>
      </trkpt>
      <trkpt lat="46.051180000" lon="6.447900000">
        <ele>958.000</ele>
      </trkpt>
      <trkpt lat="46.051050000" lon="6.447680000">
        <ele>959.000</ele>
      </trkpt>
      <trkpt lat="46.050920000" lon="6.447400000">
        <ele>961.000</ele>
      </trkpt>
      <trkpt lat="46.050730000" lon="6.447100000">
        <ele>964.000</ele>
      </trkpt>
      <trkpt lat="46.050460000" lon="6.446890000">
        <ele>966.000</ele>
      </trkpt>
      <trkpt lat="46.050380000" lon="6.446740000">
        <ele>969.000</ele>
      </trkpt>
      <trkpt lat="46.050290000" lon="6.446410000">
        <ele>971.000</ele>
      </trkpt>
      <trkpt lat="46.050220000" lon="6.446230000">
        <ele>973.000</ele>
      </trkpt>
      <trkpt lat="46.050080000" lon="6.446110000">
        <ele>975.000</ele>
      </trkpt>
      <trkpt lat="46.049930000" lon="6.446040000">
        <ele>977.000</ele>
      </trkpt>
      <trkpt lat="46.049640000" lon="6.445840000">
        <ele>979.000</ele>
      </trkpt>
      <trkpt lat="46.049580000" lon="6.445810000">
        <ele>981.000</ele>
      </trkpt>
      <trkpt lat="46.049310000" lon="6.445670000">
        <ele>983.000</ele>
      </trkpt>
      <trkpt lat="46.049170000" lon="6.445660000">
        <ele>985.000</ele>
      </trkpt>
      <trkpt lat="46.048950000" lon="6.445730000">
        <ele>987.000</ele>
      </trkpt>
      <trkpt lat="46.048850000" lon="6.445710000">
        <ele>988.000</ele>
      </trkpt>
      <trkpt lat="46.048720000" lon="6.445570000">
        <ele>990.000</ele>
      </trkpt>
      <trkpt lat="46.048710000" lon="6.445480000">
        <ele>991.000</ele>
      </trkpt>
      <trkpt lat="46.048830000" lon="6.445290000">
        <ele>993.000</ele>
      </trkpt>
      <trkpt lat="46.048890000" lon="6.445180000">
        <ele>994.000</ele>
      </trkpt>
      <trkpt lat="46.049010000" lon="6.444970000">
        <ele>995.000</ele>
      </trkpt>
      <trkpt lat="46.049090000" lon="6.444870000">
        <ele>996.000</ele>
      </trkpt>
      <trkpt lat="46.049210000" lon="6.444770000">
        <ele>998.000</ele>
      </trkpt>
      <trkpt lat="46.049240000" lon="6.444690000">
        <ele>998.000</ele>
      </trkpt>
      <trkpt lat="46.049230000" lon="6.444610000">
        <ele>999.000</ele>
      </trkpt>
      <trkpt lat="46.049180000" lon="6.444560000">
        <ele>1000.000</ele>
      </trkpt>
      <trkpt lat="46.048690000" lon="6.444420000">
        <ele>1002.000</ele>
      </trkpt>
      <trkpt lat="46.048530000" lon="6.444430000">
        <ele>1003.000</ele>
      </trkpt>
      <trkpt lat="46.048280000" lon="6.444580000">
        <ele>1005.000</ele>
      </trkpt>
      <trkpt lat="46.047990000" lon="6.444770000">
        <ele>1007.000</ele>
      </trkpt>
      <trkpt lat="46.047670000" lon="6.444990000">
        <ele>1010.000</ele>
      </trkpt>
      <trkpt lat="46.047590000" lon="6.444990000">
        <ele>1012.000</ele>
      </trkpt>
      <trkpt lat="46.047520000" lon="6.444930000">
        <ele>1013.000</ele>
      </trkpt>
      <trkpt lat="46.047470000" lon="6.444810000">
        <ele>1014.000</ele>
      </trkpt>
      <trkpt lat="46.047370000" lon="6.444790000">
        <ele>1015.000</ele>
      </trkpt>
      <trkpt lat="46.047180000" lon="6.444820000">
        <ele>1017.000</ele>
      </trkpt>
      <trkpt lat="46.046820000" lon="6.444580000">
        <ele>1019.000</ele>
      </trkpt>
      <trkpt lat="46.046770000" lon="6.444480000">
        <ele>1020.000</ele>
      </trkpt>
      <trkpt lat="46.046800000" lon="6.444380000">
        <ele>1022.000</ele>
      </trkpt>
      <trkpt lat="46.047150000" lon="6.444180000">
        <ele>1024.000</ele>
      </trkpt>
      <trkpt lat="46.047470000" lon="6.444000000">
        <ele>1026.000</ele>
      </trkpt>
      <trkpt lat="46.047650000" lon="6.443830000">
        <ele>1027.000</ele>
      </trkpt>
      <trkpt lat="46.047880000" lon="6.443750000">
        <ele>1029.000</ele>
      </trkpt>
      <trkpt lat="46.047960000" lon="6.443710000">
        <ele>1030.000</ele>
      </trkpt>
      <trkpt lat="46.048250000" lon="6.443490000">
        <ele>1031.000</ele>
      </trkpt>
      <trkpt lat="46.048490000" lon="6.443310000">
        <ele>1033.000</ele>
      </trkpt>
      <trkpt lat="46.048660000" lon="6.443090000">
        <ele>1034.000</ele>
      </trkpt>
      <trkpt lat="46.048790000" lon="6.443040000">
        <ele>1035.000</ele>
      </trkpt>
      <trkpt lat="46.048870000" lon="6.443000000">
        <ele>1036.000</ele>
      </trkpt>
      <trkpt lat="46.048990000" lon="6.442930000">
        <ele>1038.000</ele>
      </trkpt>
      <trkpt lat="46.049220000" lon="6.442640000">
        <ele>1040.000</ele>
      </trkpt>
      <trkpt lat="46.049720000" lon="6.442530000">
        <ele>1043.000</ele>
      </trkpt>
      <trkpt lat="46.049840000" lon="6.442470000">
        <ele>1046.000</ele>
      </trkpt>
      <trkpt lat="46.049990000" lon="6.442360000">
        <ele>1049.000</ele>
      </trkpt>
      <trkpt lat="46.050230000" lon="6.442110000">
        <ele>1052.000</ele>
      </trkpt>
      <trkpt lat="46.050310000" lon="6.442060000">
        <ele>1054.000</ele>
      </trkpt>
      <trkpt lat="46.050490000" lon="6.442050000">
        <ele>1057.000</ele>
      </trkpt>
      <trkpt lat="46.050580000" lon="6.442100000">
        <ele>1059.000</ele>
      </trkpt>
      <trkpt lat="46.050900000" lon="6.442510000">
        <ele>1061.000</ele>
      </trkpt>
      <trkpt lat="46.051010000" lon="6.442620000">
        <ele>1063.000</ele>
      </trkpt>
      <trkpt lat="46.051130000" lon="6.442690000">
        <ele>1064.000</ele>
      </trkpt>
      <trkpt lat="46.051250000" lon="6.442730000">
        <ele>1066.000</ele>
      </trkpt>
      <trkpt lat="46.051340000" lon="6.442730000">
        <ele>1067.000</ele>
      </trkpt>
      <trkpt lat="46.051430000" lon="6.442710000">
        <ele>1068.000</ele>
      </trkpt>
      <trkpt lat="46.051640000" lon="6.442610000">
        <ele>1069.000</ele>
      </trkpt>
      <trkpt lat="46.051750000" lon="6.442610000">
        <ele>1070.000</ele>
      </trkpt>
      <trkpt lat="46.051830000" lon="6.442660000">
        <ele>1071.000</ele>
      </trkpt>
      <trkpt lat="46.051960000" lon="6.442810000">
        <ele>1072.000</ele>
      </trkpt>
      <trkpt lat="46.052050000" lon="6.442980000">
        <ele>1073.000</ele>
      </trkpt>
      <trkpt lat="46.052180000" lon="6.443280000">
        <ele>1075.000</ele>
      </trkpt>
      <trkpt lat="46.052270000" lon="6.443620000">
        <ele>1076.000</ele>
      </trkpt>
      <trkpt lat="46.052350000" lon="6.443820000">
        <ele>1078.000</ele>
      </trkpt>
      <trkpt lat="46.052410000" lon="6.443910000">
        <ele>1079.000</ele>
      </trkpt>
      <trkpt lat="46.052460000" lon="6.443950000">
        <ele>1080.000</ele>
      </trkpt>
      <trkpt lat="46.052550000" lon="6.443980000">
        <ele>1081.000</ele>
      </trkpt>
      <trkpt lat="46.052590000" lon="6.443970000">
        <ele>1082.000</ele>
      </trkpt>
      <trkpt lat="46.052660000" lon="6.443900000">
        <ele>1082.000</ele>
      </trkpt>
      <trkpt lat="46.052690000" lon="6.443800000">
        <ele>1083.000</ele>
      </trkpt>
      <trkpt lat="46.052700000" lon="6.443700000">
        <ele>1084.000</ele>
      </trkpt>
      <trkpt lat="46.052690000" lon="6.443280000">
        <ele>1085.000</ele>
      </trkpt>
      <trkpt lat="46.052690000" lon="6.443130000">
        <ele>1086.000</ele>
      </trkpt>
      <trkpt lat="46.052680000" lon="6.443000000">
        <ele>1087.000</ele>
      </trkpt>
      <trkpt lat="46.052660000" lon="6.442910000">
        <ele>1088.000</ele>
      </trkpt>
      <trkpt lat="46.052620000" lon="6.442760000">
        <ele>1089.000</ele>
      </trkpt>
      <trkpt lat="46.052460000" lon="6.442360000">
        <ele>1090.000</ele>
      </trkpt>
      <trkpt lat="46.052420000" lon="6.442240000">
        <ele>1092.000</ele>
      </trkpt>
      <trkpt lat="46.052380000" lon="6.442040000">
        <ele>1093.000</ele>
      </trkpt>
      <trkpt lat="46.052350000" lon="6.441810000">
        <ele>1094.000</ele>
      </trkpt>
      <trkpt lat="46.052280000" lon="6.441570000">
        <ele>1096.000</ele>
      </trkpt>
      <trkpt lat="46.052150000" lon="6.441390000">
        <ele>1097.000</ele>
      </trkpt>
      <trkpt lat="46.052010000" lon="6.441250000">
        <ele>1099.000</ele>
      </trkpt>
      <trkpt lat="46.051830000" lon="6.441110000">
        <ele>1100.000</ele>
      </trkpt>
      <trkpt lat="46.051690000" lon="6.441040000">
        <ele>1102.000</ele>
      </trkpt>
      <trkpt lat="46.051340000" lon="6.440870000">
        <ele>1104.000</ele>
      </trkpt>
      <trkpt lat="46.050910000" lon="6.440620000">
        <ele>1108.000</ele>
      </trkpt>
      <trkpt lat="46.050210000" lon="6.440040000">
        <ele>1114.000</ele>
      </trkpt>
      <trkpt lat="46.049790000" lon="6.439700000">
        <ele>1121.000</ele>
      </trkpt>
      <trkpt lat="46.049610000" lon="6.439620000">
        <ele>1126.000</ele>
      </trkpt>
      <trkpt lat="46.049370000" lon="6.439610000">
        <ele>1130.000</ele>
      </trkpt>
      <trkpt lat="46.049240000" lon="6.439670000">
        <ele>1133.000</ele>
      </trkpt>
      <trkpt lat="46.049170000" lon="6.439720000">
        <ele>1135.000</ele>
      </trkpt>
      <trkpt lat="46.049110000" lon="6.439770000">
        <ele>1137.000</ele>
      </trkpt>
      <trkpt lat="46.049060000" lon="6.439790000">
        <ele>1138.000</ele>
      </trkpt>
      <trkpt lat="46.049010000" lon="6.439800000">
        <ele>1139.000</ele>
      </trkpt>
      <trkpt lat="46.048980000" lon="6.439810000">
        <ele>1140.000</ele>
      </trkpt>
      <trkpt lat="46.048950000" lon="6.439800000">
        <ele>1140.000</ele>
      </trkpt>
      <trkpt lat="46.048920000" lon="6.439780000">
        <ele>1141.000</ele>
      </trkpt>
      <trkpt lat="46.048550000" lon="6.439480000">
        <ele>1142.000</ele>
      </trkpt>
      <trkpt lat="46.048340000" lon="6.439340000">
        <ele>1143.000</ele>
      </trkpt>
      <trkpt lat="46.048210000" lon="6.439250000">
        <ele>1145.000</ele>
      </trkpt>
      <trkpt lat="46.048090000" lon="6.439200000">
        <ele>1146.000</ele>
      </trkpt>
      <trkpt lat="46.047720000" lon="6.439210000">
        <ele>1147.000</ele>
      </trkpt>
      <trkpt lat="46.047550000" lon="6.439200000">
        <ele>1149.000</ele>
      </trkpt>
      <trkpt lat="46.047480000" lon="6.439210000">
        <ele>1150.000</ele>
      </trkpt>
      <trkpt lat="46.047420000" lon="6.439260000">
        <ele>1152.000</ele>
      </trkpt>
      <trkpt lat="46.047290000" lon="6.439400000">
        <ele>1153.000</ele>
      </trkpt>
      <trkpt lat="46.047030000" lon="6.439560000">
        <ele>1155.000</ele>
      </trkpt>
      <trkpt lat="46.046950000" lon="6.439570000">
        <ele>1157.000</ele>
      </trkpt>
      <trkpt lat="46.046210000" lon="6.439340000">
        <ele>1161.000</ele>
      </trkpt>
      <trkpt lat="46.045800000" lon="6.439170000">
        <ele>1166.000</ele>
      </trkpt>
      <trkpt lat="46.045590000" lon="6.439070000">
        <ele>1169.000</ele>
      </trkpt>
      <trkpt lat="46.045390000" lon="6.439000000">
        <ele>1172.000</ele>
      </trkpt>
      <trkpt lat="46.045370000" lon="6.438990000">
        <ele>1174.000</ele>
      </trkpt>
      <trkpt lat="46.045370000" lon="6.438990000">
        <ele>1175.000</ele>
      </trkpt>
      <trkpt lat="46.045100000" lon="6.438930000">
        <ele>1176.000</ele>
      </trkpt>
      <trkpt lat="46.044970000" lon="6.438930000">
        <ele>1178.000</ele>
      </trkpt>
      <trkpt lat="46.044850000" lon="6.438920000">
        <ele>1179.000</ele>
      </trkpt>
      <trkpt lat="46.044790000" lon="6.438910000">
        <ele>1180.000</ele>
      </trkpt>
      <trkpt lat="46.044720000" lon="6.438890000">
        <ele>1180.000</ele>
      </trkpt>
      <trkpt lat="46.044670000" lon="6.438870000">
        <ele>1181.000</ele>
      </trkpt>
      <trkpt lat="46.044610000" lon="6.438840000">
        <ele>1181.000</ele>
      </trkpt>
      <trkpt lat="46.044540000" lon="6.438790000">
        <ele>1182.000</ele>
      </trkpt>
      <trkpt lat="46.044480000" lon="6.438710000">
        <ele>1183.000</ele>
      </trkpt>
      <trkpt lat="46.044340000" lon="6.438560000">
        <ele>1183.000</ele>
      </trkpt>
      <trkpt lat="46.044200000" lon="6.438380000">
        <ele>1184.000</ele>
      </trkpt>
      <trkpt lat="46.044130000" lon="6.438320000">
        <ele>1185.000</ele>
      </trkpt>
      <trkpt lat="46.044070000" lon="6.438260000">
        <ele>1186.000</ele>
      </trkpt>
      <trkpt lat="46.043950000" lon="6.438160000">
        <ele>1187.000</ele>
      </trkpt>
      <trkpt lat="46.043820000" lon="6.438080000">
        <ele>1188.000</ele>
      </trkpt>
      <trkpt lat="46.043660000" lon="6.438000000">
        <ele>1190.000</ele>
      </trkpt>
      <trkpt lat="46.043580000" lon="6.437960000">
        <ele>1191.000</ele>
      </trkpt>
      <trkpt lat="46.043510000" lon="6.437900000">
        <ele>1193.000</ele>
      </trkpt>
      <trkpt lat="46.043350000" lon="6.437690000">
        <ele>1194.000</ele>
      </trkpt>
      <trkpt lat="46.042880000" lon="6.437430000">
        <ele>1198.000</ele>
      </trkpt>
      <trkpt lat="46.042140000" lon="6.436950000">
        <ele>1203.000</ele>
      </trkpt>
      <trkpt lat="46.041930000" lon="6.436840000">
        <ele>1208.000</ele>
      </trkpt>
      <trkpt lat="46.041720000" lon="6.436750000">
        <ele>1212.000</ele>
      </trkpt>
      <trkpt lat="46.041620000" lon="6.436730000">
        <ele>1215.000</ele>
      </trkpt>
      <trkpt lat="46.041540000" lon="6.436750000">
        <ele>1217.000</ele>
      </trkpt>
      <trkpt lat="46.041510000" lon="6.436760000">
        <ele>1219.000</ele>
      </trkpt>
      <trkpt lat="46.041500000" lon="6.436760000">
        <ele>1220.000</ele>
      </trkpt>
      <trkpt lat="46.041490000" lon="6.436770000">
        <ele>1221.000</ele>
      </trkpt>
      <trkpt lat="46.041460000" lon="6.436800000">
        <ele>1221.000</ele>
      </trkpt>
      <trkpt lat="46.041420000" lon="6.436870000">
        <ele>1222.000</ele>
      </trkpt>
      <trkpt lat="46.041360000" lon="6.437000000">
        <ele>1223.000</ele>
      </trkpt>
      <trkpt lat="46.041290000" lon="6.437170000">
        <ele>1224.000</ele>
      </trkpt>
      <trkpt lat="46.041190000" lon="6.437330000">
        <ele>1225.000</ele>
      </trkpt>
      <trkpt lat="46.041120000" lon="6.437480000">
        <ele>1227.000</ele>
      </trkpt>
      <trkpt lat="46.041070000" lon="6.437600000">
        <ele>1228.000</ele>
      </trkpt>
      <trkpt lat="46.041040000" lon="6.437680000">
        <ele>1229.000</ele>
      </trkpt>
      <trkpt lat="46.041000000" lon="6.437700000">
        <ele>1230.000</ele>
      </trkpt>
      <trkpt lat="46.040960000" lon="6.437670000">
        <ele>1231.000</ele>
      </trkpt>
      <trkpt lat="46.040950000" lon="6.437590000">
        <ele>1231.000</ele>
      </trkpt>
      <trkpt lat="46.040950000" lon="6.437530000">
        <ele>1232.000</ele>
      </trkpt>
      <trkpt lat="46.041190000" lon="6.436970000">
        <ele>1234.000</ele>
      </trkpt>
      <trkpt lat="46.041240000" lon="6.436820000">
        <ele>1236.000</ele>
      </trkpt>
      <trkpt lat="46.041270000" lon="6.436650000">
        <ele>1237.000</ele>
      </trkpt>
      <trkpt lat="46.041270000" lon="6.436470000">
        <ele>1239.000</ele>
      </trkpt>
      <trkpt lat="46.041290000" lon="6.436320000">
        <ele>1240.000</ele>
      </trkpt>
      <trkpt lat="46.041330000" lon="6.436250000">
        <ele>1241.000</ele>
      </trkpt>
      <trkpt lat="46.041360000" lon="6.436180000">
        <ele>1242.000</ele>
      </trkpt>
      <trkpt lat="46.041420000" lon="6.436120000">
        <ele>1243.000</ele>
      </trkpt>
      <trkpt lat="46.041510000" lon="6.436080000">
        <ele>1243.000</ele>
      </trkpt>
      <trkpt lat="46.041710000" lon="6.436060000">
        <ele>1244.000</ele>
      </trkpt>
      <trkpt lat="46.041740000" lon="6.436010000">
        <ele>1245.000</ele>
      </trkpt>
      <trkpt lat="46.041720000" lon="6.435890000">
        <ele>1246.000</ele>
      </trkpt>
      <trkpt lat="46.041660000" lon="6.435830000">
        <ele>1247.000</ele>
      </trkpt>
      <trkpt lat="46.041440000" lon="6.435800000">
        <ele>1248.000</ele>
      </trkpt>
      <trkpt lat="46.041130000" lon="6.435810000">
        <ele>1250.000</ele>
      </trkpt>
      <trkpt lat="46.041090000" lon="6.435840000">
        <ele>1251.000</ele>
      </trkpt>
      <trkpt lat="46.041040000" lon="6.435880000">
        <ele>1252.000</ele>
      </trkpt>
      <trkpt lat="46.041000000" lon="6.435990000">
        <ele>1253.000</ele>
      </trkpt>
      <trkpt lat="46.040990000" lon="6.436070000">
        <ele>1254.000</ele>
      </trkpt>
      <trkpt lat="46.040940000" lon="6.436250000">
        <ele>1255.000</ele>
      </trkpt>
      <trkpt lat="46.040890000" lon="6.436440000">
        <ele>1257.000</ele>
      </trkpt>
      <trkpt lat="46.040810000" lon="6.436680000">
        <ele>1259.000</ele>
      </trkpt>
      <trkpt lat="46.040720000" lon="6.436910000">
        <ele>1262.000</ele>
      </trkpt>
      <trkpt lat="46.040620000" lon="6.437200000">
        <ele>1265.000</ele>
      </trkpt>
      <trkpt lat="46.040580000" lon="6.437350000">
        <ele>1268.000</ele>
      </trkpt>
      <trkpt lat="46.040530000" lon="6.437500000">
        <ele>1271.000</ele>
      </trkpt>
      <trkpt lat="46.040480000" lon="6.437780000">
        <ele>1274.000</ele>
      </trkpt>
      <trkpt lat="46.040440000" lon="6.438010000">
        <ele>1277.000</ele>
      </trkpt>
      <trkpt lat="46.040410000" lon="6.438170000">
        <ele>1280.000</ele>
      </trkpt>
      <trkpt lat="46.040360000" lon="6.438320000">
        <ele>1282.000</ele>
      </trkpt>
      <trkpt lat="46.040330000" lon="6.438460000">
        <ele>1285.000</ele>
      </trkpt>
      <trkpt lat="46.040320000" lon="6.438600000">
        <ele>1286.000</ele>
      </trkpt>
      <trkpt lat="46.040310000" lon="6.438810000">
        <ele>1288.000</ele>
      </trkpt>
      <trkpt lat="46.040310000" lon="6.439020000">
        <ele>1289.000</ele>
      </trkpt>
      <trkpt lat="46.040360000" lon="6.439230000">
        <ele>1290.000</ele>
      </trkpt>
      <trkpt lat="46.040360000" lon="6.439460000">
        <ele>1290.000</ele>
      </trkpt>
      <trkpt lat="46.040360000" lon="6.439730000">
        <ele>1291.000</ele>
      </trkpt>
      <trkpt lat="46.040380000" lon="6.440020000">
        <ele>1292.000</ele>
      </trkpt>
      <trkpt lat="46.040290000" lon="6.440780000">
        <ele>1293.000</ele>
      </trkpt>
      <trkpt lat="46.040260000" lon="6.441540000">
        <ele>1294.000</ele>
      </trkpt>
      <trkpt lat="46.040200000" lon="6.442020000">
        <ele>1296.000</ele>
      </trkpt>
      <trkpt lat="46.040180000" lon="6.442370000">
        <ele>1297.000</ele>
      </trkpt>
      <trkpt lat="46.040180000" lon="6.442430000">
        <ele>1299.000</ele>
      </trkpt>
      <trkpt lat="46.040160000" lon="6.442510000">
        <ele>1300.000</ele>
      </trkpt>
      <trkpt lat="46.040130000" lon="6.442580000">
        <ele>1300.000</ele>
      </trkpt>
      <trkpt lat="46.040060000" lon="6.442680000">
        <ele>1301.000</ele>
      </trkpt>
      <trkpt lat="46.039860000" lon="6.442930000">
        <ele>1302.000</ele>
      </trkpt>
      <trkpt lat="46.039700000" lon="6.443190000">
        <ele>1304.000</ele>
      </trkpt>
      <trkpt lat="46.039630000" lon="6.443340000">
        <ele>1305.000</ele>
      </trkpt>
      <trkpt lat="46.039580000" lon="6.443390000">
        <ele>1306.000</ele>
      </trkpt>
      <trkpt lat="46.039540000" lon="6.443410000">
        <ele>1307.000</ele>
      </trkpt>
      <trkpt lat="46.039510000" lon="6.443410000">
        <ele>1307.000</ele>
      </trkpt>
      <trkpt lat="46.039470000" lon="6.443410000">
        <ele>1308.000</ele>
      </trkpt>
      <trkpt lat="46.039410000" lon="6.443370000">
        <ele>1308.000</ele>
      </trkpt>
      <trkpt lat="46.039360000" lon="6.443300000">
        <ele>1309.000</ele>
      </trkpt>
      <trkpt lat="46.039290000" lon="6.443190000">
        <ele>1309.000</ele>
      </trkpt>
      <trkpt lat="46.039120000" lon="6.442960000">
        <ele>1310.000</ele>
      </trkpt>
      <trkpt lat="46.039030000" lon="6.442820000">
        <ele>1311.000</ele>
      </trkpt>
      <trkpt lat="46.038760000" lon="6.442580000">
        <ele>1312.000</ele>
      </trkpt>
      <trkpt lat="46.038680000" lon="6.442500000">
        <ele>1313.000</ele>
      </trkpt>
      <trkpt lat="46.038610000" lon="6.442460000">
        <ele>1314.000</ele>
      </trkpt>
      <trkpt lat="46.038340000" lon="6.442310000">
        <ele>1315.000</ele>
      </trkpt>
      <trkpt lat="46.038190000" lon="6.442230000">
        <ele>1316.000</ele>
      </trkpt>
      <trkpt lat="46.038140000" lon="6.442200000">
        <ele>1317.000</ele>
      </trkpt>
      <trkpt lat="46.038110000" lon="6.442170000">
        <ele>1317.000</ele>
      </trkpt>
      <trkpt lat="46.038040000" lon="6.442080000">
        <ele>1318.000</ele>
      </trkpt>
      <trkpt lat="46.037960000" lon="6.441950000">
        <ele>1318.000</ele>
      </trkpt>
      <trkpt lat="46.037890000" lon="6.441860000">
        <ele>1319.000</ele>
      </trkpt>
      <trkpt lat="46.037850000" lon="6.441810000">
        <ele>1319.000</ele>
      </trkpt>
      <trkpt lat="46.037810000" lon="6.441770000">
        <ele>1320.000</ele>
      </trkpt>
      <trkpt lat="46.037770000" lon="6.441740000">
        <ele>1320.000</ele>
      </trkpt>
      <trkpt lat="46.037700000" lon="6.441680000">
        <ele>1321.000</ele>
      </trkpt>
      <trkpt lat="46.037660000" lon="6.441630000">
        <ele>1321.000</ele>
      </trkpt>
      <trkpt lat="46.037620000" lon="6.441580000">
        <ele>1322.000</ele>
      </trkpt>
      <trkpt lat="46.037560000" lon="6.441480000">
        <ele>1322.000</ele>
      </trkpt>
      <trkpt lat="46.037460000" lon="6.441310000">
        <ele>1323.000</ele>
      </trkpt>
      <trkpt lat="46.037370000" lon="6.441190000">
        <ele>1324.000</ele>
      </trkpt>
      <trkpt lat="46.037270000" lon="6.441060000">
        <ele>1325.000</ele>
      </trkpt>
      <trkpt lat="46.037160000" lon="6.440930000">
        <ele>1326.000</ele>
      </trkpt>
      <trkpt lat="46.037030000" lon="6.440790000">
        <ele>1327.000</ele>
      </trkpt>
      <trkpt lat="46.036900000" lon="6.440620000">
        <ele>1328.000</ele>
      </trkpt>
      <trkpt lat="46.036680000" lon="6.440340000">
        <ele>1330.000</ele>
      </trkpt>
      <trkpt lat="46.036640000" lon="6.440260000">
        <ele>1331.000</ele>
      </trkpt>
      <trkpt lat="46.036590000" lon="6.440160000">
        <ele>1332.000</ele>
      </trkpt>
      <trkpt lat="46.036540000" lon="6.440030000">
        <ele>1333.000</ele>
      </trkpt>
      <trkpt lat="46.036510000" lon="6.439980000">
        <ele>1334.000</ele>
      </trkpt>
      <trkpt lat="46.036460000" lon="6.439920000">
        <ele>1335.000</ele>
      </trkpt>
      <trkpt lat="46.036410000" lon="6.439860000">
        <ele>1336.000</ele>
      </trkpt>
      <trkpt lat="46.036230000" lon="6.439590000">
        <ele>1337.000</ele>
      </trkpt>
      <trkpt lat="46.036080000" lon="6.439400000">
        <ele>1339.000</ele>
      </trkpt>
      <trkpt lat="46.036010000" lon="6.439290000">
        <ele>1341.000</ele>
      </trkpt>
      <trkpt lat="46.035930000" lon="6.439160000">
        <ele>1343.000</ele>
      </trkpt>
      <trkpt lat="46.035880000" lon="6.439080000">
        <ele>1344.000</ele>
      </trkpt>
      <trkpt lat="46.035830000" lon="6.439030000">
        <ele>1345.000</ele>
      </trkpt>
      <trkpt lat="46.035780000" lon="6.438980000">
        <ele>1346.000</ele>
      </trkpt>
      <trkpt lat="46.035700000" lon="6.438900000">
        <ele>1347.000</ele>
      </trkpt>
      <trkpt lat="46.035620000" lon="6.438820000">
        <ele>1349.000</ele>
      </trkpt>
      <trkpt lat="46.035590000" lon="6.438780000">
        <ele>1349.000</ele>
      </trkpt>
      <trkpt lat="46.035560000" lon="6.438720000">
        <ele>1350.000</ele>
      </trkpt>
      <trkpt lat="46.035540000" lon="6.438670000">
        <ele>1351.000</ele>
      </trkpt>
      <trkpt lat="46.035530000" lon="6.438620000">
        <ele>1352.000</ele>
      </trkpt>
      <trkpt lat="46.035510000" lon="6.438550000">
        <ele>1352.000</ele>
      </trkpt>
      <trkpt lat="46.035500000" lon="6.438420000">
        <ele>1353.000</ele>
      </trkpt>
      <trkpt lat="46.035490000" lon="6.438340000">
        <ele>1354.000</ele>
      </trkpt>
      <trkpt lat="46.035470000" lon="6.438220000">
        <ele>1355.000</ele>
      </trkpt>
      <trkpt lat="46.035450000" lon="6.438090000">
        <ele>1356.000</ele>
      </trkpt>
      <trkpt lat="46.035430000" lon="6.438020000">
        <ele>1357.000</ele>
      </trkpt>
      <trkpt lat="46.035410000" lon="6.437970000">
        <ele>1357.000</ele>
      </trkpt>
      <trkpt lat="46.035380000" lon="6.437910000">
        <ele>1358.000</ele>
      </trkpt>
      <trkpt lat="46.035350000" lon="6.437870000">
        <ele>1358.000</ele>
      </trkpt>
      <trkpt lat="46.035320000" lon="6.437830000">
        <ele>1359.000</ele>
      </trkpt>
      <trkpt lat="46.035280000" lon="6.437800000">
        <ele>1359.000</ele>
      </trkpt>
      <trkpt lat="46.035180000" lon="6.437740000">
        <ele>1360.000</ele>
      </trkpt>
      <trkpt lat="46.035090000" lon="6.437680000">
        <ele>1360.000</ele>
      </trkpt>
      <trkpt lat="46.035030000" lon="6.437640000">
        <ele>1361.000</ele>
      </trkpt>
      <trkpt lat="46.034970000" lon="6.437560000">
        <ele>1361.000</ele>
      </trkpt>
      <trkpt lat="46.034840000" lon="6.437430000">
        <ele>1362.000</ele>
      </trkpt>
      <trkpt lat="46.034750000" lon="6.437300000">
        <ele>1362.000</ele>
      </trkpt>
      <trkpt lat="46.034640000" lon="6.437130000">
        <ele>1363.000</ele>
      </trkpt>
      <trkpt lat="46.034590000" lon="6.437070000">
        <ele>1364.000</ele>
      </trkpt>
      <trkpt lat="46.034540000" lon="6.437020000">
        <ele>1364.000</ele>
      </trkpt>
      <trkpt lat="46.034450000" lon="6.436950000">
        <ele>1365.000</ele>
      </trkpt>
      <trkpt lat="46.034330000" lon="6.436860000">
        <ele>1366.000</ele>
      </trkpt>
      <trkpt lat="46.034160000" lon="6.436760000">
        <ele>1367.000</ele>
      </trkpt>
      <trkpt lat="46.034060000" lon="6.436700000">
        <ele>1367.000</ele>
      </trkpt>
      <trkpt lat="46.033960000" lon="6.436660000">
        <ele>1368.000</ele>
      </trkpt>
      <trkpt lat="46.033810000" lon="6.436600000">
        <ele>1369.000</ele>
      </trkpt>
      <trkpt lat="46.033760000" lon="6.436570000">
        <ele>1370.000</ele>
      </trkpt>
      <trkpt lat="46.033730000" lon="6.436540000">
        <ele>1370.000</ele>
      </trkpt>
      <trkpt lat="46.033720000" lon="6.436510000">
        <ele>1371.000</ele>
      </trkpt>
      <trkpt lat="46.033710000" lon="6.436480000">
        <ele>1371.000</ele>
      </trkpt>
      <trkpt lat="46.033710000" lon="6.436440000">
        <ele>1371.000</ele>
      </trkpt>
      <trkpt lat="46.033720000" lon="6.436400000">
        <ele>1372.000</ele>
      </trkpt>
      <trkpt lat="46.033730000" lon="6.436350000">
        <ele>1372.000</ele>
      </trkpt>
      <trkpt lat="46.033750000" lon="6.436320000">
        <ele>1372.000</ele>
      </trkpt>
      <trkpt lat="46.033780000" lon="6.436290000">
        <ele>1373.000</ele>
      </trkpt>
      <trkpt lat="46.033810000" lon="6.436280000">
        <ele>1373.000</ele>
      </trkpt>
      <trkpt lat="46.033860000" lon="6.436260000">
        <ele>1373.000</ele>
      </trkpt>
      <trkpt lat="46.034050000" lon="6.436240000">
        <ele>1374.000</ele>
      </trkpt>
      <trkpt lat="46.034160000" lon="6.436220000">
        <ele>1375.000</ele>
      </trkpt>
      <trkpt lat="46.034240000" lon="6.436200000">
        <ele>1376.000</ele>
      </trkpt>
      <trkpt lat="46.034370000" lon="6.436150000">
        <ele>1377.000</ele>
      </trkpt>
      <trkpt lat="46.034410000" lon="6.436140000">
        <ele>1377.000</ele>
      </trkpt>
      <trkpt lat="46.034450000" lon="6.436140000">
        <ele>1378.000</ele>
      </trkpt>
      <trkpt lat="46.034490000" lon="6.436140000">
        <ele>1379.000</ele>
      </trkpt>
      <trkpt lat="46.034530000" lon="6.436160000">
        <ele>1379.000</ele>
      </trkpt>
      <trkpt lat="46.034850000" lon="6.436340000">
        <ele>1381.000</ele>
      </trkpt>
      <trkpt lat="46.034910000" lon="6.436380000">
        <ele>1382.000</ele>
      </trkpt>
      <trkpt lat="46.034970000" lon="6.436440000">
        <ele>1383.000</ele>
      </trkpt>
      <trkpt lat="46.035020000" lon="6.436490000">
        <ele>1383.000</ele>
      </trkpt>
      <trkpt lat="46.035060000" lon="6.436520000">
        <ele>1384.000</ele>
      </trkpt>
      <trkpt lat="46.035150000" lon="6.436560000">
        <ele>1385.000</ele>
      </trkpt>
      <trkpt lat="46.035380000" lon="6.436660000">
        <ele>1386.000</ele>
      </trkpt>
      <trkpt lat="46.035680000" lon="6.436790000">
        <ele>1388.000</ele>
      </trkpt>
      <trkpt lat="46.035730000" lon="6.436810000">
        <ele>1389.000</ele>
      </trkpt>
      <trkpt lat="46.035750000" lon="6.436810000">
        <ele>1390.000</ele>
      </trkpt>
      <trkpt lat="46.035770000" lon="6.436810000">
        <ele>1391.000</ele>
      </trkpt>
      <trkpt lat="46.035800000" lon="6.436790000">
        <ele>1391.000</ele>
      </trkpt>
      <trkpt lat="46.035810000" lon="6.436780000">
        <ele>1392.000</ele>
      </trkpt>
      <trkpt lat="46.035830000" lon="6.436740000">
        <ele>1392.000</ele>
      </trkpt>
      <trkpt lat="46.035840000" lon="6.436710000">
        <ele>1392.000</ele>
      </trkpt>
      <trkpt lat="46.035840000" lon="6.436670000">
        <ele>1393.000</ele>
      </trkpt>
      <trkpt lat="46.035830000" lon="6.436610000">
        <ele>1393.000</ele>
      </trkpt>
      <trkpt lat="46.035820000" lon="6.436580000">
        <ele>1393.000</ele>
      </trkpt>
      <trkpt lat="46.035800000" lon="6.436540000">
        <ele>1393.000</ele>
      </trkpt>
      <trkpt lat="46.035780000" lon="6.436520000">
        <ele>1394.000</ele>
      </trkpt>
      <trkpt lat="46.035690000" lon="6.436460000">
        <ele>1394.000</ele>
      </trkpt>
      <trkpt lat="46.035630000" lon="6.436430000">
        <ele>1395.000</ele>
      </trkpt>
      <trkpt lat="46.035590000" lon="6.436400000">
        <ele>1395.000</ele>
      </trkpt>
      <trkpt lat="46.035550000" lon="6.436360000">
        <ele>1396.000</ele>
      </trkpt>
      <trkpt lat="46.035500000" lon="6.436290000">
        <ele>1396.000</ele>
      </trkpt>
      <trkpt lat="46.035450000" lon="6.436230000">
        <ele>1397.000</ele>
      </trkpt>
      <trkpt lat="46.035370000" lon="6.436120000">
        <ele>1397.000</ele>
      </trkpt>
      <trkpt lat="46.035300000" lon="6.436030000">
        <ele>1398.000</ele>
      </trkpt>
      <trkpt lat="46.035240000" lon="6.435980000">
        <ele>1399.000</ele>
      </trkpt>
      <trkpt lat="46.035140000" lon="6.435830000">
        <ele>1400.000</ele>
      </trkpt>
      <trkpt lat="46.034960000" lon="6.435520000">
        <ele>1401.000</ele>
      </trkpt>
      <trkpt lat="46.034940000" lon="6.435470000">
        <ele>1402.000</ele>
      </trkpt>
      <trkpt lat="46.034930000" lon="6.435420000">
        <ele>1403.000</ele>
      </trkpt>
      <trkpt lat="46.034930000" lon="6.435370000">
        <ele>1404.000</ele>
      </trkpt>
      <trkpt lat="46.034930000" lon="6.435320000">
        <ele>1404.000</ele>
      </trkpt>
      <trkpt lat="46.034940000" lon="6.435250000">
        <ele>1405.000</ele>
      </trkpt>
      <trkpt lat="46.034940000" lon="6.435190000">
        <ele>1405.000</ele>
      </trkpt>
      <trkpt lat="46.034940000" lon="6.435140000">
        <ele>1406.000</ele>
      </trkpt>
      <trkpt lat="46.034930000" lon="6.435070000">
        <ele>1406.000</ele>
      </trkpt>
      <trkpt lat="46.034910000" lon="6.435030000">
        <ele>1407.000</ele>
      </trkpt>
      <trkpt lat="46.034870000" lon="6.434970000">
        <ele>1407.000</ele>
      </trkpt>
      <trkpt lat="46.034750000" lon="6.434840000">
        <ele>1408.000</ele>
      </trkpt>
      <trkpt lat="46.034700000" lon="6.434790000">
        <ele>1409.000</ele>
      </trkpt>
      <trkpt lat="46.034670000" lon="6.434770000">
        <ele>1409.000</ele>
      </trkpt>
      <trkpt lat="46.034640000" lon="6.434760000">
        <ele>1410.000</ele>
      </trkpt>
      <trkpt lat="46.034490000" lon="6.434710000">
        <ele>1411.000</ele>
      </trkpt>
      <trkpt lat="46.034460000" lon="6.434690000">
        <ele>1411.000</ele>
      </trkpt>
      <trkpt lat="46.034420000" lon="6.434670000">
        <ele>1412.000</ele>
      </trkpt>
      <trkpt lat="46.034250000" lon="6.434470000">
        <ele>1413.000</ele>
      </trkpt>
      <trkpt lat="46.034080000" lon="6.434250000">
        <ele>1415.000</ele>
      </trkpt>
      <trkpt lat="46.033950000" lon="6.434100000">
        <ele>1417.000</ele>
      </trkpt>
      <trkpt lat="46.033870000" lon="6.434030000">
        <ele>1418.000</ele>
      </trkpt>
      <trkpt lat="46.033740000" lon="6.433910000">
        <ele>1419.000</ele>
      </trkpt>
      <trkpt lat="46.033660000" lon="6.433820000">
        <ele>1421.000</ele>
      </trkpt>
      <trkpt lat="46.033560000" lon="6.433630000">
        <ele>1422.000</ele>
      </trkpt>
      <trkpt lat="46.033500000" lon="6.433510000">
        <ele>1424.000</ele>
      </trkpt>
      <trkpt lat="46.033420000" lon="6.433390000">
        <ele>1425.000</ele>
      </trkpt>
      <trkpt lat="46.033280000" lon="6.433230000">
        <ele>1427.000</ele>
      </trkpt>
      <trkpt lat="46.033230000" lon="6.433140000">
        <ele>1428.000</ele>
      </trkpt>
      <trkpt lat="46.033180000" lon="6.433020000">
        <ele>1429.000</ele>
      </trkpt>
      <trkpt lat="46.033120000" lon="6.432910000">
        <ele>1430.000</ele>
      </trkpt>
      <trkpt lat="46.032960000" lon="6.432660000">
        <ele>1432.000</ele>
      </trkpt>
      <trkpt lat="46.032870000" lon="6.432510000">
        <ele>1434.000</ele>
      </trkpt>
      <trkpt lat="46.032800000" lon="6.432390000">
        <ele>1435.000</ele>
      </trkpt>
      <trkpt lat="46.032730000" lon="6.432310000">
        <ele>1437.000</ele>
      </trkpt>
      <trkpt lat="46.032590000" lon="6.432110000">
        <ele>1438.000</ele>
      </trkpt>
      <trkpt lat="46.032540000" lon="6.432030000">
        <ele>1440.000</ele>
      </trkpt>
      <trkpt lat="46.032470000" lon="6.431900000">
        <ele>1441.000</ele>
      </trkpt>
      <trkpt lat="46.032370000" lon="6.431710000">
        <ele>1442.000</ele>
      </trkpt>
      <trkpt lat="46.032180000" lon="6.431470000">
        <ele>1444.000</ele>
      </trkpt>
      <trkpt lat="46.032130000" lon="6.431380000">
        <ele>1446.000</ele>
      </trkpt>
      <trkpt lat="46.032070000" lon="6.431280000">
        <ele>1447.000</ele>
      </trkpt>
      <trkpt lat="46.032010000" lon="6.431110000">
        <ele>1448.000</ele>
      </trkpt>
      <trkpt lat="46.031930000" lon="6.430890000">
        <ele>1450.000</ele>
      </trkpt>
      <trkpt lat="46.031890000" lon="6.430800000">
        <ele>1451.000</ele>
      </trkpt>
      <trkpt lat="46.031830000" lon="6.430690000">
        <ele>1452.000</ele>
      </trkpt>
      <trkpt lat="46.031650000" lon="6.430440000">
        <ele>1454.000</ele>
      </trkpt>
      <trkpt lat="46.031620000" lon="6.430360000">
        <ele>1455.000</ele>
      </trkpt>
      <trkpt lat="46.031580000" lon="6.430280000">
        <ele>1456.000</ele>
      </trkpt>
      <trkpt lat="46.031570000" lon="6.430220000">
        <ele>1457.000</ele>
      </trkpt>
      <trkpt lat="46.031550000" lon="6.430120000">
        <ele>1458.000</ele>
      </trkpt>
      <trkpt lat="46.031550000" lon="6.430000000">
        <ele>1459.000</ele>
      </trkpt>
      <trkpt lat="46.031530000" lon="6.429670000">
        <ele>1460.000</ele>
      </trkpt>
      <trkpt lat="46.031520000" lon="6.429530000">
        <ele>1461.000</ele>
      </trkpt>
      <trkpt lat="46.031500000" lon="6.429400000">
        <ele>1462.000</ele>
      </trkpt>
      <trkpt lat="46.031460000" lon="6.429220000">
        <ele>1463.000</ele>
      </trkpt>
      <trkpt lat="46.031370000" lon="6.428890000">
        <ele>1465.000</ele>
      </trkpt>
      <trkpt lat="46.031310000" lon="6.428700000">
        <ele>1466.000</ele>
      </trkpt>
      <trkpt lat="46.031280000" lon="6.428610000">
        <ele>1467.000</ele>
      </trkpt>
      <trkpt lat="46.031250000" lon="6.428560000">
        <ele>1468.000</ele>
      </trkpt>
      <trkpt lat="46.031210000" lon="6.428520000">
        <ele>1469.000</ele>
      </trkpt>
      <trkpt lat="46.031160000" lon="6.428490000">
        <ele>1469.000</ele>
      </trkpt>
      <trkpt lat="46.031120000" lon="6.428450000">
        <ele>1470.000</ele>
      </trkpt>
      <trkpt lat="46.031090000" lon="6.428420000">
        <ele>1470.000</ele>
      </trkpt>
      <trkpt lat="46.031060000" lon="6.428390000">
        <ele>1471.000</ele>
      </trkpt>
      <trkpt lat="46.031030000" lon="6.428330000">
        <ele>1471.000</ele>
      </trkpt>
      <trkpt lat="46.031000000" lon="6.428260000">
        <ele>1472.000</ele>
      </trkpt>
      <trkpt lat="46.030920000" lon="6.428030000">
        <ele>1473.000</ele>
      </trkpt>
      <trkpt lat="46.030870000" lon="6.427850000">
        <ele>1473.000</ele>
      </trkpt>
      <trkpt lat="46.030840000" lon="6.427710000">
        <ele>1474.000</ele>
      </trkpt>
      <trkpt lat="46.030820000" lon="6.427600000">
        <ele>1475.000</ele>
      </trkpt>
      <trkpt lat="46.030790000" lon="6.427490000">
        <ele>1476.000</ele>
      </trkpt>
      <trkpt lat="46.030760000" lon="6.427410000">
        <ele>1477.000</ele>
      </trkpt>
      <trkpt lat="46.030710000" lon="6.427320000">
        <ele>1477.000</ele>
      </trkpt>
      <trkpt lat="46.030660000" lon="6.427220000">
        <ele>1478.000</ele>
      </trkpt>
      <trkpt lat="46.030590000" lon="6.427120000">
        <ele>1479.000</ele>
      </trkpt>
      <trkpt lat="46.030490000" lon="6.427000000">
        <ele>1479.000</ele>
      </trkpt>
      <trkpt lat="46.030430000" lon="6.426930000">
        <ele>1480.000</ele>
      </trkpt>
      <trkpt lat="46.030370000" lon="6.426890000">
        <ele>1480.000</ele>
      </trkpt>
      <trkpt lat="46.030190000" lon="6.426800000">
        <ele>1480.000</ele>
      </trkpt>
      <trkpt lat="46.030150000" lon="6.426780000">
        <ele>1481.000</ele>
      </trkpt>
      <trkpt lat="46.030130000" lon="6.426750000">
        <ele>1481.000</ele>
      </trkpt>
      <trkpt lat="46.030080000" lon="6.426680000">
        <ele>1481.000</ele>
      </trkpt>
      <trkpt lat="46.030040000" lon="6.426630000">
        <ele>1481.000</ele>
      </trkpt>
      <trkpt lat="46.030020000" lon="6.426590000">
        <ele>1481.000</ele>
      </trkpt>
      <trkpt lat="46.030010000" lon="6.426560000">
        <ele>1481.000</ele>
      </trkpt>
      <trkpt lat="46.029990000" lon="6.426510000">
        <ele>1482.000</ele>
      </trkpt>
      <trkpt lat="46.029980000" lon="6.426460000">
        <ele>1482.000</ele>
      </trkpt>
      <trkpt lat="46.029970000" lon="6.426400000">
        <ele>1482.000</ele>
      </trkpt>
      <trkpt lat="46.029970000" lon="6.426370000">
        <ele>1482.000</ele>
      </trkpt>
      <trkpt lat="46.029970000" lon="6.426350000">
        <ele>1482.000</ele>
      </trkpt>
      <trkpt lat="46.029990000" lon="6.426290000">
        <ele>1482.000</ele>
      </trkpt>
      <trkpt lat="46.030010000" lon="6.426260000">
        <ele>1482.000</ele>
      </trkpt>
      <trkpt lat="46.030020000" lon="6.426240000">
        <ele>1482.000</ele>
      </trkpt>
      <trkpt lat="46.030040000" lon="6.426220000">
        <ele>1482.000</ele>
      </trkpt>
      <trkpt lat="46.030060000" lon="6.426200000">
        <ele>1482.000</ele>
      </trkpt>
      <trkpt lat="46.030090000" lon="6.426200000">
        <ele>1482.000</ele>
      </trkpt>
      <trkpt lat="46.030120000" lon="6.426200000">
        <ele>1482.000</ele>
      </trkpt>
      <trkpt lat="46.030160000" lon="6.426220000">
        <ele>1483.000</ele>
      </trkpt>
      <trkpt lat="46.030300000" lon="6.426360000">
        <ele>1483.000</ele>
      </trkpt>
      <trkpt lat="46.030360000" lon="6.426410000">
        <ele>1483.000</ele>
      </trkpt>
      <trkpt lat="46.030430000" lon="6.426470000">
        <ele>1483.000</ele>
      </trkpt>
      <trkpt lat="46.030500000" lon="6.426500000">
        <ele>1483.000</ele>
      </trkpt>
      <trkpt lat="46.030560000" lon="6.426520000">
        <ele>1484.000</ele>
      </trkpt>
      <trkpt lat="46.030650000" lon="6.426540000">
        <ele>1484.000</ele>
      </trkpt>
      <trkpt lat="46.030770000" lon="6.426560000">
        <ele>1484.000</ele>
      </trkpt>
      <trkpt lat="46.030930000" lon="6.426600000">
        <ele>1485.000</ele>
      </trkpt>
      <trkpt lat="46.031010000" lon="6.426600000">
        <ele>1485.000</ele>
      </trkpt>
      <trkpt lat="46.031010000" lon="6.426600000">
        <ele>1486.000</ele>
      </trkpt>
      <trkpt lat="46.031020000" lon="6.426600000">
        <ele>1486.000</ele>
      </trkpt>
      <trkpt lat="46.031070000" lon="6.426590000">
        <ele>1486.000</ele>
      </trkpt>
      <trkpt lat="46.031130000" lon="6.426570000">
        <ele>1487.000</ele>
      </trkpt>
      <trkpt lat="46.031240000" lon="6.426540000">
        <ele>1487.000</ele>
      </trkpt>
      <trkpt lat="46.031300000" lon="6.426530000">
        <ele>1488.000</ele>
      </trkpt>
      <trkpt lat="46.031390000" lon="6.426540000">
        <ele>1489.000</ele>
      </trkpt>
      <trkpt lat="46.031470000" lon="6.426550000">
        <ele>1489.000</ele>
      </trkpt>
      <trkpt lat="46.031580000" lon="6.426590000">
        <ele>1490.000</ele>
      </trkpt>
      <trkpt lat="46.031660000" lon="6.426610000">
        <ele>1491.000</ele>
      </trkpt>
      <trkpt lat="46.031780000" lon="6.426620000">
        <ele>1492.000</ele>
      </trkpt>
      <trkpt lat="46.031840000" lon="6.426640000">
        <ele>1492.000</ele>
      </trkpt>
      <trkpt lat="46.031970000" lon="6.426680000">
        <ele>1493.000</ele>
      </trkpt>
      <trkpt lat="46.032070000" lon="6.426740000">
        <ele>1494.000</ele>
      </trkpt>
      <trkpt lat="46.032120000" lon="6.426780000">
        <ele>1495.000</ele>
      </trkpt>
      <trkpt lat="46.032310000" lon="6.426930000">
        <ele>1496.000</ele>
      </trkpt>
      <trkpt lat="46.032390000" lon="6.426980000">
        <ele>1497.000</ele>
      </trkpt>
      <trkpt lat="46.032460000" lon="6.427000000">
        <ele>1498.000</ele>
      </trkpt>
      <trkpt lat="46.032470000" lon="6.427010000">
        <ele>1499.000</ele>
      </trkpt>
      <trkpt lat="46.032540000" lon="6.426990000">
        <ele>1499.000</ele>
      </trkpt>
      <trkpt lat="46.032600000" lon="6.426990000">
        <ele>1500.000</ele>
      </trkpt>
      <trkpt lat="46.032710000" lon="6.427020000">
        <ele>1500.000</ele>
      </trkpt>
      <trkpt lat="46.032750000" lon="6.427050000">
        <ele>1500.000</ele>
      </trkpt>
      <trkpt lat="46.032750000" lon="6.427050000">
        <ele>1501.000</ele>
      </trkpt>
      <trkpt lat="46.032800000" lon="6.427080000">
        <ele>1501.000</ele>
      </trkpt>
      <trkpt lat="46.032890000" lon="6.427210000">
        <ele>1501.000</ele>
      </trkpt>
      <trkpt lat="46.033000000" lon="6.427380000">
        <ele>1502.000</ele>
      </trkpt>
      <trkpt lat="46.033060000" lon="6.427430000">
        <ele>1502.000</ele>
      </trkpt>
      <trkpt lat="46.033090000" lon="6.427450000">
        <ele>1502.000</ele>
      </trkpt>
    </trkseg>
  </trk>
</gpx>
