<?xml version="1.0" encoding="UTF-8"?>
<gpx version="1.0" creator="GPSBabel - https://www.gpsbabel.org" xmlns="http://www.topografix.com/GPX/1/0">
  <time>2026-05-27T10:13:49.456Z</time>
  <bounds minlat="45.497650000" minlon="4.350570000" maxlat="46.134240000" maxlon="5.166000000"/>
  <trk>
    <trkseg>
      <trkpt lat="45.497650000" lon="4.484470000">
        <ele>584.000</ele>
      </trkpt>
      <trkpt lat="45.497880000" lon="4.483950000">
        <ele>584.000</ele>
      </trkpt>
      <trkpt lat="45.497990000" lon="4.483550000">
        <ele>586.000</ele>
      </trkpt>
      <trkpt lat="45.498150000" lon="4.482780000">
        <ele>588.000</ele>
      </trkpt>
      <trkpt lat="45.498270000" lon="4.482480000">
        <ele>590.000</ele>
      </trkpt>
      <trkpt lat="45.498610000" lon="4.481750000">
        <ele>592.000</ele>
      </trkpt>
      <trkpt lat="45.498710000" lon="4.481570000">
        <ele>594.000</ele>
      </trkpt>
      <trkpt lat="45.498800000" lon="4.481470000">
        <ele>596.000</ele>
      </trkpt>
      <trkpt lat="45.500770000" lon="4.480150000">
        <ele>602.000</ele>
      </trkpt>
      <trkpt lat="45.500960000" lon="4.480000000">
        <ele>606.000</ele>
      </trkpt>
      <trkpt lat="45.501110000" lon="4.479780000">
        <ele>609.000</ele>
      </trkpt>
      <trkpt lat="45.501400000" lon="4.479410000">
        <ele>611.000</ele>
      </trkpt>
      <trkpt lat="45.501590000" lon="4.479220000">
        <ele>613.000</ele>
      </trkpt>
      <trkpt lat="45.501760000" lon="4.479070000">
        <ele>614.000</ele>
      </trkpt>
      <trkpt lat="45.502190000" lon="4.478820000">
        <ele>616.000</ele>
      </trkpt>
      <trkpt lat="45.502270000" lon="4.478720000">
        <ele>617.000</ele>
      </trkpt>
      <trkpt lat="45.502330000" lon="4.478580000">
        <ele>618.000</ele>
      </trkpt>
      <trkpt lat="45.502370000" lon="4.478380000">
        <ele>619.000</ele>
      </trkpt>
      <trkpt lat="45.502400000" lon="4.478180000">
        <ele>620.000</ele>
      </trkpt>
      <trkpt lat="45.502500000" lon="4.477960000">
        <ele>621.000</ele>
      </trkpt>
      <trkpt lat="45.502810000" lon="4.477460000">
        <ele>623.000</ele>
      </trkpt>
      <trkpt lat="45.503200000" lon="4.477030000">
        <ele>625.000</ele>
      </trkpt>
      <trkpt lat="45.503260000" lon="4.476980000">
        <ele>627.000</ele>
      </trkpt>
      <trkpt lat="45.503330000" lon="4.476960000">
        <ele>629.000</ele>
      </trkpt>
      <trkpt lat="45.503380000" lon="4.476990000">
        <ele>630.000</ele>
      </trkpt>
      <trkpt lat="45.503440000" lon="4.477070000">
        <ele>631.000</ele>
      </trkpt>
      <trkpt lat="45.503500000" lon="4.477200000">
        <ele>631.000</ele>
      </trkpt>
      <trkpt lat="45.503760000" lon="4.477920000">
        <ele>633.000</ele>
      </trkpt>
      <trkpt lat="45.503900000" lon="4.478210000">
        <ele>635.000</ele>
      </trkpt>
      <trkpt lat="45.503960000" lon="4.478280000">
        <ele>636.000</ele>
      </trkpt>
      <trkpt lat="45.504020000" lon="4.478330000">
        <ele>637.000</ele>
      </trkpt>
      <trkpt lat="45.504090000" lon="4.478360000">
        <ele>638.000</ele>
      </trkpt>
      <trkpt lat="45.504180000" lon="4.478340000">
        <ele>638.000</ele>
      </trkpt>
      <trkpt lat="45.504610000" lon="4.478150000">
        <ele>640.000</ele>
      </trkpt>
      <trkpt lat="45.504990000" lon="4.477980000">
        <ele>641.000</ele>
      </trkpt>
      <trkpt lat="45.505100000" lon="4.477990000">
        <ele>642.000</ele>
      </trkpt>
      <trkpt lat="45.505220000" lon="4.478040000">
        <ele>643.000</ele>
      </trkpt>
      <trkpt lat="45.505460000" lon="4.478150000">
        <ele>644.000</ele>
      </trkpt>
      <trkpt lat="45.505600000" lon="4.478170000">
        <ele>645.000</ele>
      </trkpt>
      <trkpt lat="45.506140000" lon="4.478120000">
        <ele>645.000</ele>
      </trkpt>
      <trkpt lat="45.506390000" lon="4.478110000">
        <ele>646.000</ele>
      </trkpt>
      <trkpt lat="45.506520000" lon="4.478140000">
        <ele>647.000</ele>
      </trkpt>
      <trkpt lat="45.506590000" lon="4.478250000">
        <ele>647.000</ele>
      </trkpt>
      <trkpt lat="45.506630000" lon="4.478360000">
        <ele>647.000</ele>
      </trkpt>
      <trkpt lat="45.506700000" lon="4.478710000">
        <ele>648.000</ele>
      </trkpt>
      <trkpt lat="45.506700000" lon="4.479150000">
        <ele>648.000</ele>
      </trkpt>
      <trkpt lat="45.506700000" lon="4.479180000">
        <ele>649.000</ele>
      </trkpt>
      <trkpt lat="45.506690000" lon="4.479250000">
        <ele>649.000</ele>
      </trkpt>
      <trkpt lat="45.506610000" lon="4.479690000">
        <ele>650.000</ele>
      </trkpt>
      <trkpt lat="45.506600000" lon="4.479820000">
        <ele>651.000</ele>
      </trkpt>
      <trkpt lat="45.506590000" lon="4.480320000">
        <ele>652.000</ele>
      </trkpt>
      <trkpt lat="45.506560000" lon="4.480530000">
        <ele>653.000</ele>
      </trkpt>
      <trkpt lat="45.506480000" lon="4.480970000">
        <ele>654.000</ele>
      </trkpt>
      <trkpt lat="45.506470000" lon="4.481140000">
        <ele>655.000</ele>
      </trkpt>
      <trkpt lat="45.506500000" lon="4.481350000">
        <ele>656.000</ele>
      </trkpt>
      <trkpt lat="45.506540000" lon="4.481530000">
        <ele>657.000</ele>
      </trkpt>
      <trkpt lat="45.506610000" lon="4.481700000">
        <ele>658.000</ele>
      </trkpt>
      <trkpt lat="45.506710000" lon="4.481820000">
        <ele>660.000</ele>
      </trkpt>
      <trkpt lat="45.506810000" lon="4.481850000">
        <ele>661.000</ele>
      </trkpt>
      <trkpt lat="45.506890000" lon="4.481850000">
        <ele>662.000</ele>
      </trkpt>
      <trkpt lat="45.506980000" lon="4.481830000">
        <ele>663.000</ele>
      </trkpt>
      <trkpt lat="45.507500000" lon="4.481580000">
        <ele>666.000</ele>
      </trkpt>
      <trkpt lat="45.507620000" lon="4.481540000">
        <ele>669.000</ele>
      </trkpt>
      <trkpt lat="45.507760000" lon="4.481530000">
        <ele>671.000</ele>
      </trkpt>
      <trkpt lat="45.507900000" lon="4.481560000">
        <ele>673.000</ele>
      </trkpt>
      <trkpt lat="45.508030000" lon="4.481650000">
        <ele>675.000</ele>
      </trkpt>
      <trkpt lat="45.508130000" lon="4.481790000">
        <ele>677.000</ele>
      </trkpt>
      <trkpt lat="45.508300000" lon="4.482180000">
        <ele>679.000</ele>
      </trkpt>
      <trkpt lat="45.508370000" lon="4.482430000">
        <ele>680.000</ele>
      </trkpt>
      <trkpt lat="45.508420000" lon="4.482730000">
        <ele>681.000</ele>
      </trkpt>
      <trkpt lat="45.508470000" lon="4.483060000">
        <ele>682.000</ele>
      </trkpt>
      <trkpt lat="45.508520000" lon="4.483260000">
        <ele>684.000</ele>
      </trkpt>
      <trkpt lat="45.508600000" lon="4.483430000">
        <ele>684.000</ele>
      </trkpt>
      <trkpt lat="45.508690000" lon="4.483540000">
        <ele>685.000</ele>
      </trkpt>
      <trkpt lat="45.508830000" lon="4.483620000">
        <ele>686.000</ele>
      </trkpt>
      <trkpt lat="45.509470000" lon="4.483820000">
        <ele>687.000</ele>
      </trkpt>
      <trkpt lat="45.509580000" lon="4.483880000">
        <ele>689.000</ele>
      </trkpt>
      <trkpt lat="45.509680000" lon="4.484000000">
        <ele>689.000</ele>
      </trkpt>
      <trkpt lat="45.510040000" lon="4.484480000">
        <ele>690.000</ele>
      </trkpt>
      <trkpt lat="45.510110000" lon="4.484620000">
        <ele>691.000</ele>
      </trkpt>
      <trkpt lat="45.510150000" lon="4.484790000">
        <ele>692.000</ele>
      </trkpt>
      <trkpt lat="45.510400000" lon="4.485970000">
        <ele>693.000</ele>
      </trkpt>
      <trkpt lat="45.510450000" lon="4.486130000">
        <ele>693.000</ele>
      </trkpt>
      <trkpt lat="45.510520000" lon="4.486250000">
        <ele>694.000</ele>
      </trkpt>
      <trkpt lat="45.511180000" lon="4.486990000">
        <ele>697.000</ele>
      </trkpt>
      <trkpt lat="45.511270000" lon="4.487050000">
        <ele>699.000</ele>
      </trkpt>
      <trkpt lat="45.511560000" lon="4.487190000">
        <ele>701.000</ele>
      </trkpt>
      <trkpt lat="45.511640000" lon="4.487260000">
        <ele>703.000</ele>
      </trkpt>
      <trkpt lat="45.511680000" lon="4.487350000">
        <ele>704.000</ele>
      </trkpt>
      <trkpt lat="45.511680000" lon="4.487480000">
        <ele>705.000</ele>
      </trkpt>
      <trkpt lat="45.511670000" lon="4.487750000">
        <ele>706.000</ele>
      </trkpt>
      <trkpt lat="45.511630000" lon="4.488150000">
        <ele>707.000</ele>
      </trkpt>
      <trkpt lat="45.511600000" lon="4.488260000">
        <ele>708.000</ele>
      </trkpt>
      <trkpt lat="45.511370000" lon="4.488920000">
        <ele>709.000</ele>
      </trkpt>
      <trkpt lat="45.511340000" lon="4.489020000">
        <ele>709.000</ele>
      </trkpt>
      <trkpt lat="45.511320000" lon="4.489180000">
        <ele>710.000</ele>
      </trkpt>
      <trkpt lat="45.511320000" lon="4.489340000">
        <ele>710.000</ele>
      </trkpt>
      <trkpt lat="45.511350000" lon="4.489490000">
        <ele>710.000</ele>
      </trkpt>
      <trkpt lat="45.511400000" lon="4.489640000">
        <ele>711.000</ele>
      </trkpt>
      <trkpt lat="45.511480000" lon="4.489770000">
        <ele>711.000</ele>
      </trkpt>
      <trkpt lat="45.511670000" lon="4.490000000">
        <ele>711.000</ele>
      </trkpt>
      <trkpt lat="45.511830000" lon="4.490120000">
        <ele>712.000</ele>
      </trkpt>
      <trkpt lat="45.511980000" lon="4.490200000">
        <ele>713.000</ele>
      </trkpt>
      <trkpt lat="45.512060000" lon="4.490210000">
        <ele>713.000</ele>
      </trkpt>
      <trkpt lat="45.512140000" lon="4.490180000">
        <ele>714.000</ele>
      </trkpt>
      <trkpt lat="45.512190000" lon="4.490150000">
        <ele>715.000</ele>
      </trkpt>
      <trkpt lat="45.512420000" lon="4.489950000">
        <ele>716.000</ele>
      </trkpt>
      <trkpt lat="45.512520000" lon="4.489890000">
        <ele>717.000</ele>
      </trkpt>
      <trkpt lat="45.512640000" lon="4.489870000">
        <ele>718.000</ele>
      </trkpt>
      <trkpt lat="45.512730000" lon="4.489890000">
        <ele>720.000</ele>
      </trkpt>
      <trkpt lat="45.512830000" lon="4.489930000">
        <ele>721.000</ele>
      </trkpt>
      <trkpt lat="45.512930000" lon="4.490000000">
        <ele>722.000</ele>
      </trkpt>
      <trkpt lat="45.513070000" lon="4.490080000">
        <ele>723.000</ele>
      </trkpt>
      <trkpt lat="45.513170000" lon="4.490130000">
        <ele>724.000</ele>
      </trkpt>
      <trkpt lat="45.513260000" lon="4.490140000">
        <ele>725.000</ele>
      </trkpt>
      <trkpt lat="45.513350000" lon="4.490130000">
        <ele>726.000</ele>
      </trkpt>
      <trkpt lat="45.513640000" lon="4.490080000">
        <ele>727.000</ele>
      </trkpt>
      <trkpt lat="45.513740000" lon="4.490090000">
        <ele>729.000</ele>
      </trkpt>
      <trkpt lat="45.513840000" lon="4.490120000">
        <ele>730.000</ele>
      </trkpt>
      <trkpt lat="45.513930000" lon="4.490200000">
        <ele>730.000</ele>
      </trkpt>
      <trkpt lat="45.514260000" lon="4.490530000">
        <ele>731.000</ele>
      </trkpt>
      <trkpt lat="45.514500000" lon="4.490740000">
        <ele>733.000</ele>
      </trkpt>
      <trkpt lat="45.514580000" lon="4.490850000">
        <ele>734.000</ele>
      </trkpt>
      <trkpt lat="45.514620000" lon="4.490970000">
        <ele>734.000</ele>
      </trkpt>
      <trkpt lat="45.514640000" lon="4.491100000">
        <ele>735.000</ele>
      </trkpt>
      <trkpt lat="45.514650000" lon="4.491290000">
        <ele>736.000</ele>
      </trkpt>
      <trkpt lat="45.514640000" lon="4.491410000">
        <ele>736.000</ele>
      </trkpt>
      <trkpt lat="45.514570000" lon="4.491740000">
        <ele>737.000</ele>
      </trkpt>
      <trkpt lat="45.514520000" lon="4.492070000">
        <ele>738.000</ele>
      </trkpt>
      <trkpt lat="45.514480000" lon="4.492390000">
        <ele>739.000</ele>
      </trkpt>
      <trkpt lat="45.514420000" lon="4.493470000">
        <ele>741.000</ele>
      </trkpt>
      <trkpt lat="45.514430000" lon="4.493660000">
        <ele>742.000</ele>
      </trkpt>
      <trkpt lat="45.514470000" lon="4.493820000">
        <ele>743.000</ele>
      </trkpt>
      <trkpt lat="45.514540000" lon="4.493940000">
        <ele>744.000</ele>
      </trkpt>
      <trkpt lat="45.514630000" lon="4.494030000">
        <ele>745.000</ele>
      </trkpt>
      <trkpt lat="45.514940000" lon="4.494200000">
        <ele>746.000</ele>
      </trkpt>
      <trkpt lat="45.515070000" lon="4.494320000">
        <ele>747.000</ele>
      </trkpt>
      <trkpt lat="45.515160000" lon="4.494480000">
        <ele>748.000</ele>
      </trkpt>
      <trkpt lat="45.515340000" lon="4.494990000">
        <ele>749.000</ele>
      </trkpt>
      <trkpt lat="45.515520000" lon="4.495520000">
        <ele>750.000</ele>
      </trkpt>
      <trkpt lat="45.515690000" lon="4.495990000">
        <ele>750.000</ele>
      </trkpt>
      <trkpt lat="45.515760000" lon="4.496260000">
        <ele>751.000</ele>
      </trkpt>
      <trkpt lat="45.515780000" lon="4.496450000">
        <ele>751.000</ele>
      </trkpt>
      <trkpt lat="45.515760000" lon="4.496630000">
        <ele>752.000</ele>
      </trkpt>
      <trkpt lat="45.515730000" lon="4.496800000">
        <ele>752.000</ele>
      </trkpt>
      <trkpt lat="45.515700000" lon="4.497020000">
        <ele>752.000</ele>
      </trkpt>
      <trkpt lat="45.515720000" lon="4.497210000">
        <ele>752.000</ele>
      </trkpt>
      <trkpt lat="45.515750000" lon="4.497430000">
        <ele>752.000</ele>
      </trkpt>
      <trkpt lat="45.515770000" lon="4.497560000">
        <ele>752.000</ele>
      </trkpt>
      <trkpt lat="45.515750000" lon="4.497770000">
        <ele>752.000</ele>
      </trkpt>
      <trkpt lat="45.515730000" lon="4.497990000">
        <ele>752.000</ele>
      </trkpt>
      <trkpt lat="45.515730000" lon="4.498130000">
        <ele>752.000</ele>
      </trkpt>
      <trkpt lat="45.515770000" lon="4.498300000">
        <ele>752.000</ele>
      </trkpt>
      <trkpt lat="45.515840000" lon="4.498480000">
        <ele>751.000</ele>
      </trkpt>
      <trkpt lat="45.516180000" lon="4.499350000">
        <ele>751.000</ele>
      </trkpt>
      <trkpt lat="45.516230000" lon="4.499500000">
        <ele>751.000</ele>
      </trkpt>
      <trkpt lat="45.516270000" lon="4.499670000">
        <ele>751.000</ele>
      </trkpt>
      <trkpt lat="45.516360000" lon="4.500330000">
        <ele>751.000</ele>
      </trkpt>
      <trkpt lat="45.516410000" lon="4.500570000">
        <ele>751.000</ele>
      </trkpt>
      <trkpt lat="45.516520000" lon="4.500770000">
        <ele>751.000</ele>
      </trkpt>
      <trkpt lat="45.516640000" lon="4.500940000">
        <ele>752.000</ele>
      </trkpt>
      <trkpt lat="45.516780000" lon="4.501060000">
        <ele>752.000</ele>
      </trkpt>
      <trkpt lat="45.517030000" lon="4.501220000">
        <ele>752.000</ele>
      </trkpt>
      <trkpt lat="45.517200000" lon="4.501280000">
        <ele>752.000</ele>
      </trkpt>
      <trkpt lat="45.517340000" lon="4.501310000">
        <ele>752.000</ele>
      </trkpt>
      <trkpt lat="45.517430000" lon="4.501280000">
        <ele>752.000</ele>
      </trkpt>
      <trkpt lat="45.517670000" lon="4.501200000">
        <ele>752.000</ele>
      </trkpt>
      <trkpt lat="45.517770000" lon="4.501170000">
        <ele>752.000</ele>
      </trkpt>
      <trkpt lat="45.517910000" lon="4.501170000">
        <ele>752.000</ele>
      </trkpt>
      <trkpt lat="45.518060000" lon="4.501200000">
        <ele>752.000</ele>
      </trkpt>
      <trkpt lat="45.518210000" lon="4.501280000">
        <ele>752.000</ele>
      </trkpt>
      <trkpt lat="45.518550000" lon="4.501530000">
        <ele>751.000</ele>
      </trkpt>
      <trkpt lat="45.518650000" lon="4.501650000">
        <ele>751.000</ele>
      </trkpt>
      <trkpt lat="45.518880000" lon="4.501960000">
        <ele>751.000</ele>
      </trkpt>
      <trkpt lat="45.519110000" lon="4.502190000">
        <ele>751.000</ele>
      </trkpt>
      <trkpt lat="45.519260000" lon="4.502300000">
        <ele>751.000</ele>
      </trkpt>
      <trkpt lat="45.519420000" lon="4.502330000">
        <ele>751.000</ele>
      </trkpt>
      <trkpt lat="45.519570000" lon="4.502310000">
        <ele>751.000</ele>
      </trkpt>
      <trkpt lat="45.519700000" lon="4.502270000">
        <ele>752.000</ele>
      </trkpt>
      <trkpt lat="45.519780000" lon="4.502250000">
        <ele>752.000</ele>
      </trkpt>
      <trkpt lat="45.519850000" lon="4.502210000">
        <ele>752.000</ele>
      </trkpt>
      <trkpt lat="45.519980000" lon="4.502130000">
        <ele>752.000</ele>
      </trkpt>
      <trkpt lat="45.520080000" lon="4.502060000">
        <ele>752.000</ele>
      </trkpt>
      <trkpt lat="45.520160000" lon="4.502000000">
        <ele>752.000</ele>
      </trkpt>
      <trkpt lat="45.520210000" lon="4.501970000">
        <ele>753.000</ele>
      </trkpt>
      <trkpt lat="45.520230000" lon="4.501960000">
        <ele>753.000</ele>
      </trkpt>
      <trkpt lat="45.520260000" lon="4.501950000">
        <ele>753.000</ele>
      </trkpt>
      <trkpt lat="45.520290000" lon="4.501950000">
        <ele>753.000</ele>
      </trkpt>
      <trkpt lat="45.520310000" lon="4.501960000">
        <ele>753.000</ele>
      </trkpt>
      <trkpt lat="45.520340000" lon="4.501980000">
        <ele>753.000</ele>
      </trkpt>
      <trkpt lat="45.520380000" lon="4.502020000">
        <ele>753.000</ele>
      </trkpt>
      <trkpt lat="45.520430000" lon="4.502090000">
        <ele>753.000</ele>
      </trkpt>
      <trkpt lat="45.520470000" lon="4.502170000">
        <ele>753.000</ele>
      </trkpt>
      <trkpt lat="45.520500000" lon="4.502250000">
        <ele>753.000</ele>
      </trkpt>
      <trkpt lat="45.520570000" lon="4.502430000">
        <ele>753.000</ele>
      </trkpt>
      <trkpt lat="45.520650000" lon="4.502640000">
        <ele>753.000</ele>
      </trkpt>
      <trkpt lat="45.520720000" lon="4.502790000">
        <ele>753.000</ele>
      </trkpt>
      <trkpt lat="45.520780000" lon="4.502930000">
        <ele>752.000</ele>
      </trkpt>
      <trkpt lat="45.520860000" lon="4.503050000">
        <ele>752.000</ele>
      </trkpt>
      <trkpt lat="45.520950000" lon="4.503150000">
        <ele>751.000</ele>
      </trkpt>
      <trkpt lat="45.521060000" lon="4.503300000">
        <ele>751.000</ele>
      </trkpt>
      <trkpt lat="45.521140000" lon="4.503410000">
        <ele>750.000</ele>
      </trkpt>
      <trkpt lat="45.521210000" lon="4.503470000">
        <ele>750.000</ele>
      </trkpt>
      <trkpt lat="45.521240000" lon="4.503490000">
        <ele>750.000</ele>
      </trkpt>
      <trkpt lat="45.521280000" lon="4.503500000">
        <ele>749.000</ele>
      </trkpt>
      <trkpt lat="45.521370000" lon="4.503490000">
        <ele>749.000</ele>
      </trkpt>
      <trkpt lat="45.521490000" lon="4.503440000">
        <ele>749.000</ele>
      </trkpt>
      <trkpt lat="45.521570000" lon="4.503410000">
        <ele>748.000</ele>
      </trkpt>
      <trkpt lat="45.521700000" lon="4.503360000">
        <ele>748.000</ele>
      </trkpt>
      <trkpt lat="45.521760000" lon="4.503350000">
        <ele>748.000</ele>
      </trkpt>
      <trkpt lat="45.521820000" lon="4.503340000">
        <ele>747.000</ele>
      </trkpt>
      <trkpt lat="45.521900000" lon="4.503350000">
        <ele>747.000</ele>
      </trkpt>
      <trkpt lat="45.521970000" lon="4.503370000">
        <ele>747.000</ele>
      </trkpt>
      <trkpt lat="45.522060000" lon="4.503410000">
        <ele>747.000</ele>
      </trkpt>
      <trkpt lat="45.522140000" lon="4.503460000">
        <ele>746.000</ele>
      </trkpt>
      <trkpt lat="45.522190000" lon="4.503500000">
        <ele>746.000</ele>
      </trkpt>
      <trkpt lat="45.522230000" lon="4.503520000">
        <ele>746.000</ele>
      </trkpt>
      <trkpt lat="45.522270000" lon="4.503520000">
        <ele>746.000</ele>
      </trkpt>
      <trkpt lat="45.522300000" lon="4.503500000">
        <ele>746.000</ele>
      </trkpt>
      <trkpt lat="45.522330000" lon="4.503460000">
        <ele>746.000</ele>
      </trkpt>
      <trkpt lat="45.522340000" lon="4.503410000">
        <ele>746.000</ele>
      </trkpt>
      <trkpt lat="45.522340000" lon="4.503350000">
        <ele>746.000</ele>
      </trkpt>
      <trkpt lat="45.522330000" lon="4.503300000">
        <ele>746.000</ele>
      </trkpt>
      <trkpt lat="45.522290000" lon="4.503250000">
        <ele>746.000</ele>
      </trkpt>
      <trkpt lat="45.522260000" lon="4.503230000">
        <ele>746.000</ele>
      </trkpt>
      <trkpt lat="45.522220000" lon="4.503210000">
        <ele>746.000</ele>
      </trkpt>
      <trkpt lat="45.521720000" lon="4.503110000">
        <ele>745.000</ele>
      </trkpt>
      <trkpt lat="45.521520000" lon="4.503080000">
        <ele>745.000</ele>
      </trkpt>
      <trkpt lat="45.521310000" lon="4.503080000">
        <ele>745.000</ele>
      </trkpt>
      <trkpt lat="45.521230000" lon="4.503060000">
        <ele>744.000</ele>
      </trkpt>
      <trkpt lat="45.521160000" lon="4.503010000">
        <ele>744.000</ele>
      </trkpt>
      <trkpt lat="45.521070000" lon="4.502880000">
        <ele>744.000</ele>
      </trkpt>
      <trkpt lat="45.521010000" lon="4.502780000">
        <ele>744.000</ele>
      </trkpt>
      <trkpt lat="45.520960000" lon="4.502650000">
        <ele>743.000</ele>
      </trkpt>
      <trkpt lat="45.520920000" lon="4.502500000">
        <ele>743.000</ele>
      </trkpt>
      <trkpt lat="45.520880000" lon="4.502130000">
        <ele>742.000</ele>
      </trkpt>
      <trkpt lat="45.520850000" lon="4.501900000">
        <ele>741.000</ele>
      </trkpt>
      <trkpt lat="45.520770000" lon="4.501550000">
        <ele>739.000</ele>
      </trkpt>
      <trkpt lat="45.520680000" lon="4.501230000">
        <ele>738.000</ele>
      </trkpt>
      <trkpt lat="45.520570000" lon="4.500950000">
        <ele>737.000</ele>
      </trkpt>
      <trkpt lat="45.520500000" lon="4.500770000">
        <ele>735.000</ele>
      </trkpt>
      <trkpt lat="45.520480000" lon="4.500670000">
        <ele>735.000</ele>
      </trkpt>
      <trkpt lat="45.520470000" lon="4.500560000">
        <ele>734.000</ele>
      </trkpt>
      <trkpt lat="45.520480000" lon="4.500440000">
        <ele>733.000</ele>
      </trkpt>
      <trkpt lat="45.520500000" lon="4.500210000">
        <ele>732.000</ele>
      </trkpt>
      <trkpt lat="45.520510000" lon="4.500050000">
        <ele>732.000</ele>
      </trkpt>
      <trkpt lat="45.520510000" lon="4.499900000">
        <ele>731.000</ele>
      </trkpt>
      <trkpt lat="45.520490000" lon="4.499770000">
        <ele>731.000</ele>
      </trkpt>
      <trkpt lat="45.520470000" lon="4.499660000">
        <ele>731.000</ele>
      </trkpt>
      <trkpt lat="45.520430000" lon="4.499540000">
        <ele>731.000</ele>
      </trkpt>
      <trkpt lat="45.520340000" lon="4.499300000">
        <ele>730.000</ele>
      </trkpt>
      <trkpt lat="45.520290000" lon="4.499150000">
        <ele>730.000</ele>
      </trkpt>
      <trkpt lat="45.520260000" lon="4.498990000">
        <ele>730.000</ele>
      </trkpt>
      <trkpt lat="45.520140000" lon="4.498060000">
        <ele>729.000</ele>
      </trkpt>
      <trkpt lat="45.520110000" lon="4.497770000">
        <ele>729.000</ele>
      </trkpt>
      <trkpt lat="45.520120000" lon="4.497510000">
        <ele>727.000</ele>
      </trkpt>
      <trkpt lat="45.520140000" lon="4.497370000">
        <ele>726.000</ele>
      </trkpt>
      <trkpt lat="45.520190000" lon="4.497250000">
        <ele>725.000</ele>
      </trkpt>
      <trkpt lat="45.520270000" lon="4.497110000">
        <ele>724.000</ele>
      </trkpt>
      <trkpt lat="45.520490000" lon="4.496840000">
        <ele>722.000</ele>
      </trkpt>
      <trkpt lat="45.520580000" lon="4.496710000">
        <ele>720.000</ele>
      </trkpt>
      <trkpt lat="45.520750000" lon="4.496430000">
        <ele>717.000</ele>
      </trkpt>
      <trkpt lat="45.520820000" lon="4.496310000">
        <ele>715.000</ele>
      </trkpt>
      <trkpt lat="45.520860000" lon="4.496190000">
        <ele>713.000</ele>
      </trkpt>
      <trkpt lat="45.520870000" lon="4.496070000">
        <ele>712.000</ele>
      </trkpt>
      <trkpt lat="45.520870000" lon="4.495950000">
        <ele>710.000</ele>
      </trkpt>
      <trkpt lat="45.520820000" lon="4.495810000">
        <ele>709.000</ele>
      </trkpt>
      <trkpt lat="45.520700000" lon="4.495620000">
        <ele>707.000</ele>
      </trkpt>
      <trkpt lat="45.520570000" lon="4.495440000">
        <ele>706.000</ele>
      </trkpt>
      <trkpt lat="45.520400000" lon="4.495300000">
        <ele>704.000</ele>
      </trkpt>
      <trkpt lat="45.520130000" lon="4.495160000">
        <ele>703.000</ele>
      </trkpt>
      <trkpt lat="45.519720000" lon="4.495030000">
        <ele>702.000</ele>
      </trkpt>
      <trkpt lat="45.519590000" lon="4.494960000">
        <ele>700.000</ele>
      </trkpt>
      <trkpt lat="45.519510000" lon="4.494850000">
        <ele>700.000</ele>
      </trkpt>
      <trkpt lat="45.519470000" lon="4.494730000">
        <ele>699.000</ele>
      </trkpt>
      <trkpt lat="45.519430000" lon="4.494520000">
        <ele>698.000</ele>
      </trkpt>
      <trkpt lat="45.519400000" lon="4.494420000">
        <ele>697.000</ele>
      </trkpt>
      <trkpt lat="45.519360000" lon="4.494330000">
        <ele>697.000</ele>
      </trkpt>
      <trkpt lat="45.519290000" lon="4.494250000">
        <ele>696.000</ele>
      </trkpt>
      <trkpt lat="45.519130000" lon="4.494130000">
        <ele>696.000</ele>
      </trkpt>
      <trkpt lat="45.519040000" lon="4.494020000">
        <ele>695.000</ele>
      </trkpt>
      <trkpt lat="45.518970000" lon="4.493850000">
        <ele>695.000</ele>
      </trkpt>
      <trkpt lat="45.518940000" lon="4.493710000">
        <ele>694.000</ele>
      </trkpt>
      <trkpt lat="45.518950000" lon="4.493580000">
        <ele>693.000</ele>
      </trkpt>
      <trkpt lat="45.518980000" lon="4.493460000">
        <ele>693.000</ele>
      </trkpt>
      <trkpt lat="45.519030000" lon="4.493360000">
        <ele>692.000</ele>
      </trkpt>
      <trkpt lat="45.519160000" lon="4.493220000">
        <ele>692.000</ele>
      </trkpt>
      <trkpt lat="45.519720000" lon="4.492860000">
        <ele>690.000</ele>
      </trkpt>
      <trkpt lat="45.519850000" lon="4.492770000">
        <ele>689.000</ele>
      </trkpt>
      <trkpt lat="45.519910000" lon="4.492710000">
        <ele>688.000</ele>
      </trkpt>
      <trkpt lat="45.519950000" lon="4.492640000">
        <ele>688.000</ele>
      </trkpt>
      <trkpt lat="45.519970000" lon="4.492580000">
        <ele>687.000</ele>
      </trkpt>
      <trkpt lat="45.519980000" lon="4.492540000">
        <ele>687.000</ele>
      </trkpt>
      <trkpt lat="45.520050000" lon="4.491930000">
        <ele>686.000</ele>
      </trkpt>
      <trkpt lat="45.520140000" lon="4.491620000">
        <ele>684.000</ele>
      </trkpt>
      <trkpt lat="45.520320000" lon="4.491380000">
        <ele>683.000</ele>
      </trkpt>
      <trkpt lat="45.520520000" lon="4.491270000">
        <ele>682.000</ele>
      </trkpt>
      <trkpt lat="45.520720000" lon="4.491230000">
        <ele>681.000</ele>
      </trkpt>
      <trkpt lat="45.520820000" lon="4.491190000">
        <ele>680.000</ele>
      </trkpt>
      <trkpt lat="45.520930000" lon="4.491130000">
        <ele>679.000</ele>
      </trkpt>
      <trkpt lat="45.521130000" lon="4.491080000">
        <ele>678.000</ele>
      </trkpt>
      <trkpt lat="45.521440000" lon="4.491180000">
        <ele>678.000</ele>
      </trkpt>
      <trkpt lat="45.521520000" lon="4.491210000">
        <ele>678.000</ele>
      </trkpt>
      <trkpt lat="45.521930000" lon="4.491280000">
        <ele>677.000</ele>
      </trkpt>
      <trkpt lat="45.522010000" lon="4.491350000">
        <ele>677.000</ele>
      </trkpt>
      <trkpt lat="45.522310000" lon="4.491370000">
        <ele>678.000</ele>
      </trkpt>
      <trkpt lat="45.522340000" lon="4.491370000">
        <ele>678.000</ele>
      </trkpt>
      <trkpt lat="45.522570000" lon="4.491290000">
        <ele>678.000</ele>
      </trkpt>
      <trkpt lat="45.522740000" lon="4.491310000">
        <ele>678.000</ele>
      </trkpt>
      <trkpt lat="45.522890000" lon="4.491360000">
        <ele>678.000</ele>
      </trkpt>
      <trkpt lat="45.523050000" lon="4.491370000">
        <ele>678.000</ele>
      </trkpt>
      <trkpt lat="45.523230000" lon="4.491380000">
        <ele>679.000</ele>
      </trkpt>
      <trkpt lat="45.523390000" lon="4.491380000">
        <ele>679.000</ele>
      </trkpt>
      <trkpt lat="45.524060000" lon="4.491380000">
        <ele>681.000</ele>
      </trkpt>
      <trkpt lat="45.524230000" lon="4.491380000">
        <ele>682.000</ele>
      </trkpt>
      <trkpt lat="45.524250000" lon="4.491380000">
        <ele>683.000</ele>
      </trkpt>
      <trkpt lat="45.524280000" lon="4.491390000">
        <ele>684.000</ele>
      </trkpt>
      <trkpt lat="45.524300000" lon="4.491390000">
        <ele>684.000</ele>
      </trkpt>
      <trkpt lat="45.524860000" lon="4.491520000">
        <ele>686.000</ele>
      </trkpt>
      <trkpt lat="45.525060000" lon="4.491570000">
        <ele>687.000</ele>
      </trkpt>
      <trkpt lat="45.525490000" lon="4.491800000">
        <ele>688.000</ele>
      </trkpt>
      <trkpt lat="45.525720000" lon="4.491900000">
        <ele>689.000</ele>
      </trkpt>
      <trkpt lat="45.525880000" lon="4.491910000">
        <ele>690.000</ele>
      </trkpt>
      <trkpt lat="45.526040000" lon="4.491900000">
        <ele>690.000</ele>
      </trkpt>
      <trkpt lat="45.526270000" lon="4.491870000">
        <ele>691.000</ele>
      </trkpt>
      <trkpt lat="45.526520000" lon="4.491830000">
        <ele>692.000</ele>
      </trkpt>
      <trkpt lat="45.526690000" lon="4.491780000">
        <ele>692.000</ele>
      </trkpt>
      <trkpt lat="45.526770000" lon="4.491740000">
        <ele>693.000</ele>
      </trkpt>
      <trkpt lat="45.526860000" lon="4.491690000">
        <ele>693.000</ele>
      </trkpt>
      <trkpt lat="45.526920000" lon="4.491650000">
        <ele>694.000</ele>
      </trkpt>
      <trkpt lat="45.526960000" lon="4.491600000">
        <ele>694.000</ele>
      </trkpt>
      <trkpt lat="45.527030000" lon="4.491520000">
        <ele>694.000</ele>
      </trkpt>
      <trkpt lat="45.527110000" lon="4.491430000">
        <ele>695.000</ele>
      </trkpt>
      <trkpt lat="45.527170000" lon="4.491320000">
        <ele>695.000</ele>
      </trkpt>
      <trkpt lat="45.527210000" lon="4.491220000">
        <ele>696.000</ele>
      </trkpt>
      <trkpt lat="45.527240000" lon="4.491120000">
        <ele>696.000</ele>
      </trkpt>
      <trkpt lat="45.527280000" lon="4.490940000">
        <ele>696.000</ele>
      </trkpt>
      <trkpt lat="45.527310000" lon="4.490870000">
        <ele>697.000</ele>
      </trkpt>
      <trkpt lat="45.527340000" lon="4.490810000">
        <ele>697.000</ele>
      </trkpt>
      <trkpt lat="45.527390000" lon="4.490760000">
        <ele>697.000</ele>
      </trkpt>
      <trkpt lat="45.527440000" lon="4.490740000">
        <ele>698.000</ele>
      </trkpt>
      <trkpt lat="45.527480000" lon="4.490730000">
        <ele>698.000</ele>
      </trkpt>
      <trkpt lat="45.527520000" lon="4.490730000">
        <ele>698.000</ele>
      </trkpt>
      <trkpt lat="45.527550000" lon="4.490740000">
        <ele>698.000</ele>
      </trkpt>
      <trkpt lat="45.527610000" lon="4.490780000">
        <ele>699.000</ele>
      </trkpt>
      <trkpt lat="45.527800000" lon="4.490920000">
        <ele>699.000</ele>
      </trkpt>
      <trkpt lat="45.527870000" lon="4.490970000">
        <ele>699.000</ele>
      </trkpt>
      <trkpt lat="45.527910000" lon="4.490990000">
        <ele>700.000</ele>
      </trkpt>
      <trkpt lat="45.527970000" lon="4.491020000">
        <ele>700.000</ele>
      </trkpt>
      <trkpt lat="45.528040000" lon="4.491040000">
        <ele>700.000</ele>
      </trkpt>
      <trkpt lat="45.528150000" lon="4.491060000">
        <ele>701.000</ele>
      </trkpt>
      <trkpt lat="45.528190000" lon="4.491070000">
        <ele>701.000</ele>
      </trkpt>
      <trkpt lat="45.528240000" lon="4.491090000">
        <ele>701.000</ele>
      </trkpt>
      <trkpt lat="45.528280000" lon="4.491130000">
        <ele>702.000</ele>
      </trkpt>
      <trkpt lat="45.528370000" lon="4.491200000">
        <ele>702.000</ele>
      </trkpt>
      <trkpt lat="45.528610000" lon="4.491400000">
        <ele>702.000</ele>
      </trkpt>
      <trkpt lat="45.528750000" lon="4.491520000">
        <ele>703.000</ele>
      </trkpt>
      <trkpt lat="45.528830000" lon="4.491590000">
        <ele>703.000</ele>
      </trkpt>
      <trkpt lat="45.529080000" lon="4.491780000">
        <ele>704.000</ele>
      </trkpt>
      <trkpt lat="45.529170000" lon="4.491820000">
        <ele>705.000</ele>
      </trkpt>
      <trkpt lat="45.529280000" lon="4.491840000">
        <ele>705.000</ele>
      </trkpt>
      <trkpt lat="45.529570000" lon="4.491880000">
        <ele>706.000</ele>
      </trkpt>
      <trkpt lat="45.529870000" lon="4.491890000">
        <ele>707.000</ele>
      </trkpt>
      <trkpt lat="45.530490000" lon="4.491820000">
        <ele>708.000</ele>
      </trkpt>
      <trkpt lat="45.531130000" lon="4.491570000">
        <ele>710.000</ele>
      </trkpt>
      <trkpt lat="45.531710000" lon="4.491360000">
        <ele>713.000</ele>
      </trkpt>
      <trkpt lat="45.531870000" lon="4.491290000">
        <ele>715.000</ele>
      </trkpt>
      <trkpt lat="45.532030000" lon="4.491200000">
        <ele>717.000</ele>
      </trkpt>
      <trkpt lat="45.532120000" lon="4.491140000">
        <ele>718.000</ele>
      </trkpt>
      <trkpt lat="45.532250000" lon="4.491040000">
        <ele>720.000</ele>
      </trkpt>
      <trkpt lat="45.532340000" lon="4.490980000">
        <ele>721.000</ele>
      </trkpt>
      <trkpt lat="45.532410000" lon="4.490920000">
        <ele>722.000</ele>
      </trkpt>
      <trkpt lat="45.532510000" lon="4.490790000">
        <ele>724.000</ele>
      </trkpt>
      <trkpt lat="45.532560000" lon="4.490710000">
        <ele>725.000</ele>
      </trkpt>
      <trkpt lat="45.532600000" lon="4.490630000">
        <ele>725.000</ele>
      </trkpt>
      <trkpt lat="45.532640000" lon="4.490510000">
        <ele>726.000</ele>
      </trkpt>
      <trkpt lat="45.532690000" lon="4.490370000">
        <ele>727.000</ele>
      </trkpt>
      <trkpt lat="45.532740000" lon="4.490190000">
        <ele>728.000</ele>
      </trkpt>
      <trkpt lat="45.532780000" lon="4.490080000">
        <ele>729.000</ele>
      </trkpt>
      <trkpt lat="45.532810000" lon="4.489990000">
        <ele>730.000</ele>
      </trkpt>
      <trkpt lat="45.532850000" lon="4.489910000">
        <ele>731.000</ele>
      </trkpt>
      <trkpt lat="45.532980000" lon="4.489770000">
        <ele>732.000</ele>
      </trkpt>
      <trkpt lat="45.533120000" lon="4.489610000">
        <ele>733.000</ele>
      </trkpt>
      <trkpt lat="45.533180000" lon="4.489530000">
        <ele>734.000</ele>
      </trkpt>
      <trkpt lat="45.533200000" lon="4.489480000">
        <ele>735.000</ele>
      </trkpt>
      <trkpt lat="45.533240000" lon="4.489400000">
        <ele>735.000</ele>
      </trkpt>
      <trkpt lat="45.533280000" lon="4.489320000">
        <ele>736.000</ele>
      </trkpt>
      <trkpt lat="45.533300000" lon="4.489240000">
        <ele>737.000</ele>
      </trkpt>
      <trkpt lat="45.533330000" lon="4.489130000">
        <ele>737.000</ele>
      </trkpt>
      <trkpt lat="45.533350000" lon="4.489040000">
        <ele>738.000</ele>
      </trkpt>
      <trkpt lat="45.533380000" lon="4.488920000">
        <ele>738.000</ele>
      </trkpt>
      <trkpt lat="45.533430000" lon="4.488710000">
        <ele>739.000</ele>
      </trkpt>
      <trkpt lat="45.533460000" lon="4.488620000">
        <ele>739.000</ele>
      </trkpt>
      <trkpt lat="45.533490000" lon="4.488540000">
        <ele>740.000</ele>
      </trkpt>
      <trkpt lat="45.533540000" lon="4.488450000">
        <ele>740.000</ele>
      </trkpt>
      <trkpt lat="45.533580000" lon="4.488380000">
        <ele>741.000</ele>
      </trkpt>
      <trkpt lat="45.533620000" lon="4.488320000">
        <ele>741.000</ele>
      </trkpt>
      <trkpt lat="45.533690000" lon="4.488210000">
        <ele>742.000</ele>
      </trkpt>
      <trkpt lat="45.533730000" lon="4.488120000">
        <ele>742.000</ele>
      </trkpt>
      <trkpt lat="45.533770000" lon="4.488030000">
        <ele>743.000</ele>
      </trkpt>
      <trkpt lat="45.533810000" lon="4.487890000">
        <ele>743.000</ele>
      </trkpt>
      <trkpt lat="45.533840000" lon="4.487770000">
        <ele>744.000</ele>
      </trkpt>
      <trkpt lat="45.533890000" lon="4.487480000">
        <ele>745.000</ele>
      </trkpt>
      <trkpt lat="45.533950000" lon="4.487260000">
        <ele>746.000</ele>
      </trkpt>
      <trkpt lat="45.533990000" lon="4.487120000">
        <ele>746.000</ele>
      </trkpt>
      <trkpt lat="45.534020000" lon="4.487040000">
        <ele>747.000</ele>
      </trkpt>
      <trkpt lat="45.534060000" lon="4.486990000">
        <ele>747.000</ele>
      </trkpt>
      <trkpt lat="45.534090000" lon="4.486940000">
        <ele>748.000</ele>
      </trkpt>
      <trkpt lat="45.534110000" lon="4.486910000">
        <ele>748.000</ele>
      </trkpt>
      <trkpt lat="45.534150000" lon="4.486870000">
        <ele>748.000</ele>
      </trkpt>
      <trkpt lat="45.534200000" lon="4.486850000">
        <ele>748.000</ele>
      </trkpt>
      <trkpt lat="45.534250000" lon="4.486840000">
        <ele>748.000</ele>
      </trkpt>
      <trkpt lat="45.534300000" lon="4.486850000">
        <ele>748.000</ele>
      </trkpt>
      <trkpt lat="45.534340000" lon="4.486860000">
        <ele>748.000</ele>
      </trkpt>
      <trkpt lat="45.534400000" lon="4.486880000">
        <ele>749.000</ele>
      </trkpt>
      <trkpt lat="45.534460000" lon="4.486930000">
        <ele>749.000</ele>
      </trkpt>
      <trkpt lat="45.534550000" lon="4.486980000">
        <ele>749.000</ele>
      </trkpt>
      <trkpt lat="45.534620000" lon="4.487050000">
        <ele>749.000</ele>
      </trkpt>
      <trkpt lat="45.534740000" lon="4.487160000">
        <ele>749.000</ele>
      </trkpt>
      <trkpt lat="45.534910000" lon="4.487320000">
        <ele>750.000</ele>
      </trkpt>
      <trkpt lat="45.535040000" lon="4.487430000">
        <ele>750.000</ele>
      </trkpt>
      <trkpt lat="45.535100000" lon="4.487470000">
        <ele>750.000</ele>
      </trkpt>
      <trkpt lat="45.535210000" lon="4.487510000">
        <ele>750.000</ele>
      </trkpt>
      <trkpt lat="45.535270000" lon="4.487520000">
        <ele>751.000</ele>
      </trkpt>
      <trkpt lat="45.535300000" lon="4.487450000">
        <ele>751.000</ele>
      </trkpt>
      <trkpt lat="45.535330000" lon="4.487410000">
        <ele>751.000</ele>
      </trkpt>
      <trkpt lat="45.535370000" lon="4.487360000">
        <ele>751.000</ele>
      </trkpt>
      <trkpt lat="45.535410000" lon="4.487330000">
        <ele>751.000</ele>
      </trkpt>
      <trkpt lat="45.535460000" lon="4.487300000">
        <ele>751.000</ele>
      </trkpt>
      <trkpt lat="45.535530000" lon="4.487290000">
        <ele>751.000</ele>
      </trkpt>
      <trkpt lat="45.536120000" lon="4.487360000">
        <ele>751.000</ele>
      </trkpt>
      <trkpt lat="45.536360000" lon="4.487440000">
        <ele>751.000</ele>
      </trkpt>
      <trkpt lat="45.536570000" lon="4.487620000">
        <ele>751.000</ele>
      </trkpt>
      <trkpt lat="45.537170000" lon="4.488310000">
        <ele>751.000</ele>
      </trkpt>
      <trkpt lat="45.537390000" lon="4.488500000">
        <ele>752.000</ele>
      </trkpt>
      <trkpt lat="45.537560000" lon="4.488530000">
        <ele>752.000</ele>
      </trkpt>
      <trkpt lat="45.537720000" lon="4.488510000">
        <ele>752.000</ele>
      </trkpt>
      <trkpt lat="45.537860000" lon="4.488440000">
        <ele>752.000</ele>
      </trkpt>
      <trkpt lat="45.537980000" lon="4.488340000">
        <ele>752.000</ele>
      </trkpt>
      <trkpt lat="45.538240000" lon="4.488100000">
        <ele>752.000</ele>
      </trkpt>
      <trkpt lat="45.538420000" lon="4.488000000">
        <ele>752.000</ele>
      </trkpt>
      <trkpt lat="45.538620000" lon="4.487950000">
        <ele>752.000</ele>
      </trkpt>
      <trkpt lat="45.538920000" lon="4.487960000">
        <ele>752.000</ele>
      </trkpt>
      <trkpt lat="45.539160000" lon="4.488080000">
        <ele>753.000</ele>
      </trkpt>
      <trkpt lat="45.539340000" lon="4.488250000">
        <ele>753.000</ele>
      </trkpt>
      <trkpt lat="45.539540000" lon="4.488510000">
        <ele>753.000</ele>
      </trkpt>
      <trkpt lat="45.539980000" lon="4.489100000">
        <ele>754.000</ele>
      </trkpt>
      <trkpt lat="45.540330000" lon="4.489710000">
        <ele>755.000</ele>
      </trkpt>
      <trkpt lat="45.540440000" lon="4.489980000">
        <ele>755.000</ele>
      </trkpt>
      <trkpt lat="45.540520000" lon="4.490240000">
        <ele>756.000</ele>
      </trkpt>
      <trkpt lat="45.540720000" lon="4.491240000">
        <ele>756.000</ele>
      </trkpt>
      <trkpt lat="45.540840000" lon="4.491550000">
        <ele>757.000</ele>
      </trkpt>
      <trkpt lat="45.541250000" lon="4.492210000">
        <ele>757.000</ele>
      </trkpt>
      <trkpt lat="45.541740000" lon="4.492810000">
        <ele>758.000</ele>
      </trkpt>
      <trkpt lat="45.542630000" lon="4.494050000">
        <ele>760.000</ele>
      </trkpt>
      <trkpt lat="45.542840000" lon="4.494310000">
        <ele>762.000</ele>
      </trkpt>
      <trkpt lat="45.543060000" lon="4.494530000">
        <ele>763.000</ele>
      </trkpt>
      <trkpt lat="45.543330000" lon="4.494760000">
        <ele>764.000</ele>
      </trkpt>
      <trkpt lat="45.543500000" lon="4.494970000">
        <ele>764.000</ele>
      </trkpt>
      <trkpt lat="45.544200000" lon="4.496090000">
        <ele>765.000</ele>
      </trkpt>
      <trkpt lat="45.544280000" lon="4.496170000">
        <ele>765.000</ele>
      </trkpt>
      <trkpt lat="45.544380000" lon="4.496270000">
        <ele>765.000</ele>
      </trkpt>
      <trkpt lat="45.544560000" lon="4.496400000">
        <ele>766.000</ele>
      </trkpt>
      <trkpt lat="45.544760000" lon="4.496480000">
        <ele>766.000</ele>
      </trkpt>
      <trkpt lat="45.544970000" lon="4.496530000">
        <ele>767.000</ele>
      </trkpt>
      <trkpt lat="45.545680000" lon="4.496550000">
        <ele>768.000</ele>
      </trkpt>
      <trkpt lat="45.546040000" lon="4.496570000">
        <ele>769.000</ele>
      </trkpt>
      <trkpt lat="45.546280000" lon="4.496620000">
        <ele>770.000</ele>
      </trkpt>
      <trkpt lat="45.546450000" lon="4.496730000">
        <ele>770.000</ele>
      </trkpt>
      <trkpt lat="45.546630000" lon="4.496900000">
        <ele>771.000</ele>
      </trkpt>
      <trkpt lat="45.547370000" lon="4.497560000">
        <ele>773.000</ele>
      </trkpt>
      <trkpt lat="45.547940000" lon="4.498000000">
        <ele>775.000</ele>
      </trkpt>
      <trkpt lat="45.548520000" lon="4.498300000">
        <ele>777.000</ele>
      </trkpt>
      <trkpt lat="45.548610000" lon="4.498330000">
        <ele>778.000</ele>
      </trkpt>
      <trkpt lat="45.548650000" lon="4.498330000">
        <ele>779.000</ele>
      </trkpt>
      <trkpt lat="45.548670000" lon="4.498340000">
        <ele>780.000</ele>
      </trkpt>
      <trkpt lat="45.548720000" lon="4.498330000">
        <ele>780.000</ele>
      </trkpt>
      <trkpt lat="45.548770000" lon="4.498310000">
        <ele>781.000</ele>
      </trkpt>
      <trkpt lat="45.548800000" lon="4.498290000">
        <ele>781.000</ele>
      </trkpt>
      <trkpt lat="45.548840000" lon="4.498240000">
        <ele>781.000</ele>
      </trkpt>
      <trkpt lat="45.548870000" lon="4.498180000">
        <ele>781.000</ele>
      </trkpt>
      <trkpt lat="45.548890000" lon="4.498130000">
        <ele>781.000</ele>
      </trkpt>
      <trkpt lat="45.548900000" lon="4.498050000">
        <ele>782.000</ele>
      </trkpt>
      <trkpt lat="45.548900000" lon="4.497970000">
        <ele>782.000</ele>
      </trkpt>
      <trkpt lat="45.548880000" lon="4.497900000">
        <ele>782.000</ele>
      </trkpt>
      <trkpt lat="45.548860000" lon="4.497820000">
        <ele>782.000</ele>
      </trkpt>
      <trkpt lat="45.548780000" lon="4.497670000">
        <ele>782.000</ele>
      </trkpt>
      <trkpt lat="45.548650000" lon="4.497440000">
        <ele>783.000</ele>
      </trkpt>
      <trkpt lat="45.548600000" lon="4.497360000">
        <ele>783.000</ele>
      </trkpt>
      <trkpt lat="45.548550000" lon="4.497260000">
        <ele>784.000</ele>
      </trkpt>
      <trkpt lat="45.548500000" lon="4.497140000">
        <ele>784.000</ele>
      </trkpt>
      <trkpt lat="45.548470000" lon="4.497030000">
        <ele>784.000</ele>
      </trkpt>
      <trkpt lat="45.548430000" lon="4.496930000">
        <ele>785.000</ele>
      </trkpt>
      <trkpt lat="45.548400000" lon="4.496800000">
        <ele>785.000</ele>
      </trkpt>
      <trkpt lat="45.548380000" lon="4.496680000">
        <ele>785.000</ele>
      </trkpt>
      <trkpt lat="45.548360000" lon="4.496550000">
        <ele>786.000</ele>
      </trkpt>
      <trkpt lat="45.548350000" lon="4.496270000">
        <ele>786.000</ele>
      </trkpt>
      <trkpt lat="45.548360000" lon="4.496060000">
        <ele>787.000</ele>
      </trkpt>
      <trkpt lat="45.548360000" lon="4.496060000">
        <ele>787.000</ele>
      </trkpt>
      <trkpt lat="45.548360000" lon="4.496010000">
        <ele>787.000</ele>
      </trkpt>
      <trkpt lat="45.548390000" lon="4.495620000">
        <ele>788.000</ele>
      </trkpt>
      <trkpt lat="45.548470000" lon="4.494920000">
        <ele>789.000</ele>
      </trkpt>
      <trkpt lat="45.548650000" lon="4.493920000">
        <ele>791.000</ele>
      </trkpt>
      <trkpt lat="45.548710000" lon="4.493270000">
        <ele>793.000</ele>
      </trkpt>
      <trkpt lat="45.548720000" lon="4.492930000">
        <ele>794.000</ele>
      </trkpt>
      <trkpt lat="45.548680000" lon="4.492690000">
        <ele>796.000</ele>
      </trkpt>
      <trkpt lat="45.548620000" lon="4.492560000">
        <ele>797.000</ele>
      </trkpt>
      <trkpt lat="45.548580000" lon="4.492470000">
        <ele>797.000</ele>
      </trkpt>
      <trkpt lat="45.548490000" lon="4.492340000">
        <ele>798.000</ele>
      </trkpt>
      <trkpt lat="45.548320000" lon="4.492150000">
        <ele>799.000</ele>
      </trkpt>
      <trkpt lat="45.548190000" lon="4.491970000">
        <ele>800.000</ele>
      </trkpt>
      <trkpt lat="45.548070000" lon="4.491720000">
        <ele>800.000</ele>
      </trkpt>
      <trkpt lat="45.547810000" lon="4.490990000">
        <ele>802.000</ele>
      </trkpt>
      <trkpt lat="45.547530000" lon="4.489720000">
        <ele>804.000</ele>
      </trkpt>
      <trkpt lat="45.547490000" lon="4.488790000">
        <ele>807.000</ele>
      </trkpt>
      <trkpt lat="45.547460000" lon="4.488590000">
        <ele>809.000</ele>
      </trkpt>
      <trkpt lat="45.547380000" lon="4.488450000">
        <ele>811.000</ele>
      </trkpt>
      <trkpt lat="45.547290000" lon="4.488410000">
        <ele>812.000</ele>
      </trkpt>
      <trkpt lat="45.547010000" lon="4.488470000">
        <ele>813.000</ele>
      </trkpt>
      <trkpt lat="45.546630000" lon="4.488580000">
        <ele>814.000</ele>
      </trkpt>
      <trkpt lat="45.546370000" lon="4.488520000">
        <ele>814.000</ele>
      </trkpt>
      <trkpt lat="45.546170000" lon="4.488350000">
        <ele>814.000</ele>
      </trkpt>
      <trkpt lat="45.545970000" lon="4.488120000">
        <ele>815.000</ele>
      </trkpt>
      <trkpt lat="45.545890000" lon="4.488000000">
        <ele>815.000</ele>
      </trkpt>
      <trkpt lat="45.545800000" lon="4.487900000">
        <ele>815.000</ele>
      </trkpt>
      <trkpt lat="45.545700000" lon="4.487720000">
        <ele>815.000</ele>
      </trkpt>
      <trkpt lat="45.545560000" lon="4.487510000">
        <ele>815.000</ele>
      </trkpt>
      <trkpt lat="45.545480000" lon="4.487270000">
        <ele>816.000</ele>
      </trkpt>
      <trkpt lat="45.545410000" lon="4.486600000">
        <ele>816.000</ele>
      </trkpt>
      <trkpt lat="45.545390000" lon="4.486440000">
        <ele>817.000</ele>
      </trkpt>
      <trkpt lat="45.545370000" lon="4.486120000">
        <ele>817.000</ele>
      </trkpt>
      <trkpt lat="45.545370000" lon="4.486120000">
        <ele>818.000</ele>
      </trkpt>
      <trkpt lat="45.545370000" lon="4.486100000">
        <ele>818.000</ele>
      </trkpt>
      <trkpt lat="45.545430000" lon="4.486010000">
        <ele>818.000</ele>
      </trkpt>
      <trkpt lat="45.545490000" lon="4.485940000">
        <ele>818.000</ele>
      </trkpt>
      <trkpt lat="45.545560000" lon="4.485900000">
        <ele>818.000</ele>
      </trkpt>
      <trkpt lat="45.545660000" lon="4.485860000">
        <ele>819.000</ele>
      </trkpt>
      <trkpt lat="45.545740000" lon="4.485830000">
        <ele>819.000</ele>
      </trkpt>
      <trkpt lat="45.545870000" lon="4.485810000">
        <ele>819.000</ele>
      </trkpt>
      <trkpt lat="45.545930000" lon="4.485800000">
        <ele>819.000</ele>
      </trkpt>
      <trkpt lat="45.546000000" lon="4.485770000">
        <ele>819.000</ele>
      </trkpt>
      <trkpt lat="45.546090000" lon="4.485730000">
        <ele>820.000</ele>
      </trkpt>
      <trkpt lat="45.546190000" lon="4.485660000">
        <ele>820.000</ele>
      </trkpt>
      <trkpt lat="45.546250000" lon="4.485610000">
        <ele>820.000</ele>
      </trkpt>
      <trkpt lat="45.546300000" lon="4.485560000">
        <ele>821.000</ele>
      </trkpt>
      <trkpt lat="45.546350000" lon="4.485490000">
        <ele>821.000</ele>
      </trkpt>
      <trkpt lat="45.546490000" lon="4.485260000">
        <ele>822.000</ele>
      </trkpt>
      <trkpt lat="45.546870000" lon="4.484590000">
        <ele>823.000</ele>
      </trkpt>
      <trkpt lat="45.547200000" lon="4.484050000">
        <ele>825.000</ele>
      </trkpt>
      <trkpt lat="45.547260000" lon="4.483800000">
        <ele>826.000</ele>
      </trkpt>
      <trkpt lat="45.547280000" lon="4.483570000">
        <ele>828.000</ele>
      </trkpt>
      <trkpt lat="45.547260000" lon="4.483460000">
        <ele>828.000</ele>
      </trkpt>
      <trkpt lat="45.547240000" lon="4.483320000">
        <ele>829.000</ele>
      </trkpt>
      <trkpt lat="45.547160000" lon="4.483040000">
        <ele>830.000</ele>
      </trkpt>
      <trkpt lat="45.547050000" lon="4.482670000">
        <ele>831.000</ele>
      </trkpt>
      <trkpt lat="45.547030000" lon="4.482550000">
        <ele>832.000</ele>
      </trkpt>
      <trkpt lat="45.547020000" lon="4.482420000">
        <ele>832.000</ele>
      </trkpt>
      <trkpt lat="45.547020000" lon="4.482340000">
        <ele>833.000</ele>
      </trkpt>
      <trkpt lat="45.547030000" lon="4.482210000">
        <ele>833.000</ele>
      </trkpt>
      <trkpt lat="45.547050000" lon="4.482110000">
        <ele>834.000</ele>
      </trkpt>
      <trkpt lat="45.547080000" lon="4.482020000">
        <ele>834.000</ele>
      </trkpt>
      <trkpt lat="45.547140000" lon="4.481900000">
        <ele>834.000</ele>
      </trkpt>
      <trkpt lat="45.547220000" lon="4.481780000">
        <ele>835.000</ele>
      </trkpt>
      <trkpt lat="45.547360000" lon="4.481640000">
        <ele>835.000</ele>
      </trkpt>
      <trkpt lat="45.547440000" lon="4.481560000">
        <ele>836.000</ele>
      </trkpt>
      <trkpt lat="45.547530000" lon="4.481500000">
        <ele>837.000</ele>
      </trkpt>
      <trkpt lat="45.547620000" lon="4.481460000">
        <ele>837.000</ele>
      </trkpt>
      <trkpt lat="45.547700000" lon="4.481430000">
        <ele>838.000</ele>
      </trkpt>
      <trkpt lat="45.547890000" lon="4.481390000">
        <ele>839.000</ele>
      </trkpt>
      <trkpt lat="45.548080000" lon="4.481350000">
        <ele>840.000</ele>
      </trkpt>
      <trkpt lat="45.548180000" lon="4.481310000">
        <ele>840.000</ele>
      </trkpt>
      <trkpt lat="45.548600000" lon="4.481160000">
        <ele>842.000</ele>
      </trkpt>
      <trkpt lat="45.548720000" lon="4.481120000">
        <ele>843.000</ele>
      </trkpt>
      <trkpt lat="45.548730000" lon="4.481110000">
        <ele>844.000</ele>
      </trkpt>
      <trkpt lat="45.548800000" lon="4.481080000">
        <ele>845.000</ele>
      </trkpt>
      <trkpt lat="45.548860000" lon="4.481040000">
        <ele>846.000</ele>
      </trkpt>
      <trkpt lat="45.548890000" lon="4.481020000">
        <ele>846.000</ele>
      </trkpt>
      <trkpt lat="45.548970000" lon="4.480920000">
        <ele>847.000</ele>
      </trkpt>
      <trkpt lat="45.549030000" lon="4.480810000">
        <ele>847.000</ele>
      </trkpt>
      <trkpt lat="45.549100000" lon="4.480640000">
        <ele>848.000</ele>
      </trkpt>
      <trkpt lat="45.549140000" lon="4.480530000">
        <ele>848.000</ele>
      </trkpt>
      <trkpt lat="45.549150000" lon="4.480460000">
        <ele>849.000</ele>
      </trkpt>
      <trkpt lat="45.549160000" lon="4.480350000">
        <ele>849.000</ele>
      </trkpt>
      <trkpt lat="45.549150000" lon="4.480260000">
        <ele>849.000</ele>
      </trkpt>
      <trkpt lat="45.549130000" lon="4.479990000">
        <ele>850.000</ele>
      </trkpt>
      <trkpt lat="45.549080000" lon="4.479330000">
        <ele>850.000</ele>
      </trkpt>
      <trkpt lat="45.549040000" lon="4.479040000">
        <ele>851.000</ele>
      </trkpt>
      <trkpt lat="45.549020000" lon="4.478960000">
        <ele>852.000</ele>
      </trkpt>
      <trkpt lat="45.548980000" lon="4.478820000">
        <ele>852.000</ele>
      </trkpt>
      <trkpt lat="45.548930000" lon="4.478700000">
        <ele>852.000</ele>
      </trkpt>
      <trkpt lat="45.548830000" lon="4.478500000">
        <ele>853.000</ele>
      </trkpt>
      <trkpt lat="45.548670000" lon="4.478210000">
        <ele>853.000</ele>
      </trkpt>
      <trkpt lat="45.548600000" lon="4.478090000">
        <ele>854.000</ele>
      </trkpt>
      <trkpt lat="45.548530000" lon="4.477940000">
        <ele>854.000</ele>
      </trkpt>
      <trkpt lat="45.548450000" lon="4.477740000">
        <ele>855.000</ele>
      </trkpt>
      <trkpt lat="45.548320000" lon="4.477330000">
        <ele>856.000</ele>
      </trkpt>
      <trkpt lat="45.548250000" lon="4.477060000">
        <ele>857.000</ele>
      </trkpt>
      <trkpt lat="45.548220000" lon="4.476950000">
        <ele>857.000</ele>
      </trkpt>
      <trkpt lat="45.548190000" lon="4.476790000">
        <ele>858.000</ele>
      </trkpt>
      <trkpt lat="45.548160000" lon="4.476530000">
        <ele>859.000</ele>
      </trkpt>
      <trkpt lat="45.548140000" lon="4.476290000">
        <ele>859.000</ele>
      </trkpt>
      <trkpt lat="45.548130000" lon="4.475950000">
        <ele>860.000</ele>
      </trkpt>
      <trkpt lat="45.548130000" lon="4.475590000">
        <ele>861.000</ele>
      </trkpt>
      <trkpt lat="45.548130000" lon="4.475290000">
        <ele>861.000</ele>
      </trkpt>
      <trkpt lat="45.548120000" lon="4.475080000">
        <ele>861.000</ele>
      </trkpt>
      <trkpt lat="45.548090000" lon="4.474870000">
        <ele>861.000</ele>
      </trkpt>
      <trkpt lat="45.548030000" lon="4.474580000">
        <ele>861.000</ele>
      </trkpt>
      <trkpt lat="45.547990000" lon="4.474410000">
        <ele>861.000</ele>
      </trkpt>
      <trkpt lat="45.547920000" lon="4.474220000">
        <ele>861.000</ele>
      </trkpt>
      <trkpt lat="45.547870000" lon="4.474100000">
        <ele>861.000</ele>
      </trkpt>
      <trkpt lat="45.547780000" lon="4.473950000">
        <ele>860.000</ele>
      </trkpt>
      <trkpt lat="45.547450000" lon="4.473400000">
        <ele>860.000</ele>
      </trkpt>
      <trkpt lat="45.547010000" lon="4.472660000">
        <ele>859.000</ele>
      </trkpt>
      <trkpt lat="45.546840000" lon="4.472330000">
        <ele>858.000</ele>
      </trkpt>
      <trkpt lat="45.546720000" lon="4.471890000">
        <ele>858.000</ele>
      </trkpt>
      <trkpt lat="45.546590000" lon="4.471270000">
        <ele>857.000</ele>
      </trkpt>
      <trkpt lat="45.546510000" lon="4.470580000">
        <ele>856.000</ele>
      </trkpt>
      <trkpt lat="45.546380000" lon="4.470070000">
        <ele>855.000</ele>
      </trkpt>
      <trkpt lat="45.546150000" lon="4.469590000">
        <ele>854.000</ele>
      </trkpt>
      <trkpt lat="45.545920000" lon="4.469230000">
        <ele>853.000</ele>
      </trkpt>
      <trkpt lat="45.545820000" lon="4.469080000">
        <ele>852.000</ele>
      </trkpt>
      <trkpt lat="45.545630000" lon="4.468700000">
        <ele>852.000</ele>
      </trkpt>
      <trkpt lat="45.545540000" lon="4.468500000">
        <ele>851.000</ele>
      </trkpt>
      <trkpt lat="45.545460000" lon="4.468270000">
        <ele>850.000</ele>
      </trkpt>
      <trkpt lat="45.545330000" lon="4.467750000">
        <ele>849.000</ele>
      </trkpt>
      <trkpt lat="45.545290000" lon="4.467570000">
        <ele>849.000</ele>
      </trkpt>
      <trkpt lat="45.545120000" lon="4.466920000">
        <ele>848.000</ele>
      </trkpt>
      <trkpt lat="45.544940000" lon="4.466250000">
        <ele>848.000</ele>
      </trkpt>
      <trkpt lat="45.544860000" lon="4.465890000">
        <ele>847.000</ele>
      </trkpt>
      <trkpt lat="45.544800000" lon="4.465560000">
        <ele>847.000</ele>
      </trkpt>
      <trkpt lat="45.544740000" lon="4.465130000">
        <ele>847.000</ele>
      </trkpt>
      <trkpt lat="45.544680000" lon="4.464640000">
        <ele>846.000</ele>
      </trkpt>
      <trkpt lat="45.544620000" lon="4.463720000">
        <ele>845.000</ele>
      </trkpt>
      <trkpt lat="45.544570000" lon="4.462980000">
        <ele>844.000</ele>
      </trkpt>
      <trkpt lat="45.544530000" lon="4.462390000">
        <ele>843.000</ele>
      </trkpt>
      <trkpt lat="45.544470000" lon="4.461890000">
        <ele>842.000</ele>
      </trkpt>
      <trkpt lat="45.544420000" lon="4.461590000">
        <ele>841.000</ele>
      </trkpt>
      <trkpt lat="45.544400000" lon="4.461450000">
        <ele>840.000</ele>
      </trkpt>
      <trkpt lat="45.544290000" lon="4.461010000">
        <ele>840.000</ele>
      </trkpt>
      <trkpt lat="45.544280000" lon="4.460940000">
        <ele>839.000</ele>
      </trkpt>
      <trkpt lat="45.544270000" lon="4.460860000">
        <ele>839.000</ele>
      </trkpt>
      <trkpt lat="45.544270000" lon="4.460720000">
        <ele>839.000</ele>
      </trkpt>
      <trkpt lat="45.544260000" lon="4.460550000">
        <ele>839.000</ele>
      </trkpt>
      <trkpt lat="45.544310000" lon="4.460080000">
        <ele>838.000</ele>
      </trkpt>
      <trkpt lat="45.544430000" lon="4.459450000">
        <ele>838.000</ele>
      </trkpt>
      <trkpt lat="45.544550000" lon="4.458820000">
        <ele>838.000</ele>
      </trkpt>
      <trkpt lat="45.544590000" lon="4.458520000">
        <ele>839.000</ele>
      </trkpt>
      <trkpt lat="45.544590000" lon="4.458310000">
        <ele>839.000</ele>
      </trkpt>
      <trkpt lat="45.544580000" lon="4.458040000">
        <ele>840.000</ele>
      </trkpt>
      <trkpt lat="45.544550000" lon="4.457830000">
        <ele>841.000</ele>
      </trkpt>
      <trkpt lat="45.544490000" lon="4.457610000">
        <ele>841.000</ele>
      </trkpt>
      <trkpt lat="45.544440000" lon="4.457480000">
        <ele>842.000</ele>
      </trkpt>
      <trkpt lat="45.544270000" lon="4.457180000">
        <ele>843.000</ele>
      </trkpt>
      <trkpt lat="45.544190000" lon="4.456940000">
        <ele>844.000</ele>
      </trkpt>
      <trkpt lat="45.544140000" lon="4.456700000">
        <ele>844.000</ele>
      </trkpt>
      <trkpt lat="45.544110000" lon="4.456460000">
        <ele>845.000</ele>
      </trkpt>
      <trkpt lat="45.544100000" lon="4.456200000">
        <ele>846.000</ele>
      </trkpt>
      <trkpt lat="45.544120000" lon="4.455990000">
        <ele>846.000</ele>
      </trkpt>
      <trkpt lat="45.544190000" lon="4.455760000">
        <ele>846.000</ele>
      </trkpt>
      <trkpt lat="45.544350000" lon="4.455340000">
        <ele>847.000</ele>
      </trkpt>
      <trkpt lat="45.544450000" lon="4.455030000">
        <ele>847.000</ele>
      </trkpt>
      <trkpt lat="45.544490000" lon="4.454770000">
        <ele>848.000</ele>
      </trkpt>
      <trkpt lat="45.544510000" lon="4.454380000">
        <ele>848.000</ele>
      </trkpt>
      <trkpt lat="45.544500000" lon="4.453380000">
        <ele>849.000</ele>
      </trkpt>
      <trkpt lat="45.544470000" lon="4.452650000">
        <ele>850.000</ele>
      </trkpt>
      <trkpt lat="45.544450000" lon="4.452330000">
        <ele>850.000</ele>
      </trkpt>
      <trkpt lat="45.544460000" lon="4.451800000">
        <ele>851.000</ele>
      </trkpt>
      <trkpt lat="45.544510000" lon="4.451300000">
        <ele>850.000</ele>
      </trkpt>
      <trkpt lat="45.544580000" lon="4.450870000">
        <ele>850.000</ele>
      </trkpt>
      <trkpt lat="45.544730000" lon="4.450190000">
        <ele>849.000</ele>
      </trkpt>
      <trkpt lat="45.544960000" lon="4.449210000">
        <ele>848.000</ele>
      </trkpt>
      <trkpt lat="45.545060000" lon="4.448790000">
        <ele>846.000</ele>
      </trkpt>
      <trkpt lat="45.545170000" lon="4.448400000">
        <ele>845.000</ele>
      </trkpt>
      <trkpt lat="45.545220000" lon="4.448230000">
        <ele>845.000</ele>
      </trkpt>
      <trkpt lat="45.545260000" lon="4.448020000">
        <ele>844.000</ele>
      </trkpt>
      <trkpt lat="45.545250000" lon="4.447850000">
        <ele>843.000</ele>
      </trkpt>
      <trkpt lat="45.545220000" lon="4.447670000">
        <ele>843.000</ele>
      </trkpt>
      <trkpt lat="45.545210000" lon="4.447640000">
        <ele>843.000</ele>
      </trkpt>
      <trkpt lat="45.545160000" lon="4.447530000">
        <ele>843.000</ele>
      </trkpt>
      <trkpt lat="45.545040000" lon="4.447360000">
        <ele>842.000</ele>
      </trkpt>
      <trkpt lat="45.544540000" lon="4.446840000">
        <ele>842.000</ele>
      </trkpt>
      <trkpt lat="45.544240000" lon="4.446360000">
        <ele>841.000</ele>
      </trkpt>
      <trkpt lat="45.544100000" lon="4.445990000">
        <ele>839.000</ele>
      </trkpt>
      <trkpt lat="45.543950000" lon="4.445020000">
        <ele>837.000</ele>
      </trkpt>
      <trkpt lat="45.543850000" lon="4.443790000">
        <ele>835.000</ele>
      </trkpt>
      <trkpt lat="45.543750000" lon="4.442730000">
        <ele>833.000</ele>
      </trkpt>
      <trkpt lat="45.543740000" lon="4.442170000">
        <ele>832.000</ele>
      </trkpt>
      <trkpt lat="45.543760000" lon="4.441740000">
        <ele>832.000</ele>
      </trkpt>
      <trkpt lat="45.543800000" lon="4.441550000">
        <ele>831.000</ele>
      </trkpt>
      <trkpt lat="45.543860000" lon="4.441360000">
        <ele>831.000</ele>
      </trkpt>
      <trkpt lat="45.543970000" lon="4.441200000">
        <ele>831.000</ele>
      </trkpt>
      <trkpt lat="45.544110000" lon="4.441050000">
        <ele>831.000</ele>
      </trkpt>
      <trkpt lat="45.544180000" lon="4.440950000">
        <ele>831.000</ele>
      </trkpt>
      <trkpt lat="45.544230000" lon="4.440820000">
        <ele>831.000</ele>
      </trkpt>
      <trkpt lat="45.544250000" lon="4.440670000">
        <ele>831.000</ele>
      </trkpt>
      <trkpt lat="45.544250000" lon="4.440590000">
        <ele>831.000</ele>
      </trkpt>
      <trkpt lat="45.544710000" lon="4.440620000">
        <ele>832.000</ele>
      </trkpt>
      <trkpt lat="45.545280000" lon="4.440680000">
        <ele>833.000</ele>
      </trkpt>
      <trkpt lat="45.546420000" lon="4.440900000">
        <ele>834.000</ele>
      </trkpt>
      <trkpt lat="45.546690000" lon="4.440990000">
        <ele>835.000</ele>
      </trkpt>
      <trkpt lat="45.546850000" lon="4.441070000">
        <ele>836.000</ele>
      </trkpt>
      <trkpt lat="45.547170000" lon="4.441270000">
        <ele>837.000</ele>
      </trkpt>
      <trkpt lat="45.547290000" lon="4.441350000">
        <ele>838.000</ele>
      </trkpt>
      <trkpt lat="45.547460000" lon="4.441420000">
        <ele>839.000</ele>
      </trkpt>
      <trkpt lat="45.547520000" lon="4.441450000">
        <ele>840.000</ele>
      </trkpt>
      <trkpt lat="45.547970000" lon="4.441630000">
        <ele>841.000</ele>
      </trkpt>
      <trkpt lat="45.548070000" lon="4.441660000">
        <ele>842.000</ele>
      </trkpt>
      <trkpt lat="45.548410000" lon="4.441790000">
        <ele>843.000</ele>
      </trkpt>
      <trkpt lat="45.548600000" lon="4.441760000">
        <ele>843.000</ele>
      </trkpt>
      <trkpt lat="45.548760000" lon="4.441700000">
        <ele>844.000</ele>
      </trkpt>
      <trkpt lat="45.548820000" lon="4.441600000">
        <ele>845.000</ele>
      </trkpt>
      <trkpt lat="45.548880000" lon="4.441440000">
        <ele>846.000</ele>
      </trkpt>
      <trkpt lat="45.548870000" lon="4.441250000">
        <ele>846.000</ele>
      </trkpt>
      <trkpt lat="45.548860000" lon="4.441210000">
        <ele>847.000</ele>
      </trkpt>
      <trkpt lat="45.548790000" lon="4.440990000">
        <ele>847.000</ele>
      </trkpt>
      <trkpt lat="45.548650000" lon="4.440420000">
        <ele>848.000</ele>
      </trkpt>
      <trkpt lat="45.548620000" lon="4.440310000">
        <ele>849.000</ele>
      </trkpt>
      <trkpt lat="45.548520000" lon="4.439950000">
        <ele>850.000</ele>
      </trkpt>
      <trkpt lat="45.548430000" lon="4.439730000">
        <ele>851.000</ele>
      </trkpt>
      <trkpt lat="45.548340000" lon="4.439580000">
        <ele>851.000</ele>
      </trkpt>
      <trkpt lat="45.548260000" lon="4.439470000">
        <ele>852.000</ele>
      </trkpt>
      <trkpt lat="45.548190000" lon="4.439390000">
        <ele>852.000</ele>
      </trkpt>
      <trkpt lat="45.548020000" lon="4.439170000">
        <ele>853.000</ele>
      </trkpt>
      <trkpt lat="45.547940000" lon="4.439070000">
        <ele>853.000</ele>
      </trkpt>
      <trkpt lat="45.547850000" lon="4.438950000">
        <ele>853.000</ele>
      </trkpt>
      <trkpt lat="45.547800000" lon="4.438870000">
        <ele>853.000</ele>
      </trkpt>
      <trkpt lat="45.547570000" lon="4.438530000">
        <ele>854.000</ele>
      </trkpt>
      <trkpt lat="45.547500000" lon="4.438310000">
        <ele>854.000</ele>
      </trkpt>
      <trkpt lat="45.547470000" lon="4.438120000">
        <ele>854.000</ele>
      </trkpt>
      <trkpt lat="45.547470000" lon="4.438040000">
        <ele>855.000</ele>
      </trkpt>
      <trkpt lat="45.547460000" lon="4.437930000">
        <ele>855.000</ele>
      </trkpt>
      <trkpt lat="45.547490000" lon="4.437690000">
        <ele>855.000</ele>
      </trkpt>
      <trkpt lat="45.547550000" lon="4.437590000">
        <ele>855.000</ele>
      </trkpt>
      <trkpt lat="45.547600000" lon="4.437500000">
        <ele>855.000</ele>
      </trkpt>
      <trkpt lat="45.547670000" lon="4.437410000">
        <ele>855.000</ele>
      </trkpt>
      <trkpt lat="45.547920000" lon="4.437240000">
        <ele>855.000</ele>
      </trkpt>
      <trkpt lat="45.548150000" lon="4.437160000">
        <ele>854.000</ele>
      </trkpt>
      <trkpt lat="45.548410000" lon="4.437110000">
        <ele>853.000</ele>
      </trkpt>
      <trkpt lat="45.548670000" lon="4.437070000">
        <ele>853.000</ele>
      </trkpt>
      <trkpt lat="45.548840000" lon="4.437020000">
        <ele>852.000</ele>
      </trkpt>
      <trkpt lat="45.548920000" lon="4.437000000">
        <ele>852.000</ele>
      </trkpt>
      <trkpt lat="45.549090000" lon="4.436890000">
        <ele>851.000</ele>
      </trkpt>
      <trkpt lat="45.549200000" lon="4.436800000">
        <ele>851.000</ele>
      </trkpt>
      <trkpt lat="45.549640000" lon="4.436430000">
        <ele>849.000</ele>
      </trkpt>
      <trkpt lat="45.549880000" lon="4.436280000">
        <ele>848.000</ele>
      </trkpt>
      <trkpt lat="45.550160000" lon="4.436170000">
        <ele>847.000</ele>
      </trkpt>
      <trkpt lat="45.550230000" lon="4.436160000">
        <ele>846.000</ele>
      </trkpt>
      <trkpt lat="45.550340000" lon="4.436150000">
        <ele>845.000</ele>
      </trkpt>
      <trkpt lat="45.550560000" lon="4.436140000">
        <ele>844.000</ele>
      </trkpt>
      <trkpt lat="45.550780000" lon="4.436150000">
        <ele>843.000</ele>
      </trkpt>
      <trkpt lat="45.551110000" lon="4.436180000">
        <ele>842.000</ele>
      </trkpt>
      <trkpt lat="45.551290000" lon="4.436210000">
        <ele>841.000</ele>
      </trkpt>
      <trkpt lat="45.551470000" lon="4.436230000">
        <ele>840.000</ele>
      </trkpt>
      <trkpt lat="45.552890000" lon="4.436390000">
        <ele>837.000</ele>
      </trkpt>
      <trkpt lat="45.554360000" lon="4.436480000">
        <ele>833.000</ele>
      </trkpt>
      <trkpt lat="45.555180000" lon="4.436540000">
        <ele>830.000</ele>
      </trkpt>
      <trkpt lat="45.555740000" lon="4.436550000">
        <ele>827.000</ele>
      </trkpt>
      <trkpt lat="45.555950000" lon="4.436550000">
        <ele>825.000</ele>
      </trkpt>
      <trkpt lat="45.556590000" lon="4.436500000">
        <ele>823.000</ele>
      </trkpt>
      <trkpt lat="45.556650000" lon="4.436500000">
        <ele>822.000</ele>
      </trkpt>
      <trkpt lat="45.556980000" lon="4.436540000">
        <ele>821.000</ele>
      </trkpt>
      <trkpt lat="45.557230000" lon="4.436660000">
        <ele>819.000</ele>
      </trkpt>
      <trkpt lat="45.557650000" lon="4.437030000">
        <ele>818.000</ele>
      </trkpt>
      <trkpt lat="45.558320000" lon="4.437420000">
        <ele>816.000</ele>
      </trkpt>
      <trkpt lat="45.558460000" lon="4.437550000">
        <ele>814.000</ele>
      </trkpt>
      <trkpt lat="45.558560000" lon="4.437600000">
        <ele>813.000</ele>
      </trkpt>
      <trkpt lat="45.558700000" lon="4.437740000">
        <ele>813.000</ele>
      </trkpt>
      <trkpt lat="45.558900000" lon="4.437990000">
        <ele>813.000</ele>
      </trkpt>
      <trkpt lat="45.559050000" lon="4.438220000">
        <ele>812.000</ele>
      </trkpt>
      <trkpt lat="45.559200000" lon="4.438550000">
        <ele>812.000</ele>
      </trkpt>
      <trkpt lat="45.559370000" lon="4.439010000">
        <ele>812.000</ele>
      </trkpt>
      <trkpt lat="45.559500000" lon="4.439420000">
        <ele>812.000</ele>
      </trkpt>
      <trkpt lat="45.559780000" lon="4.440310000">
        <ele>811.000</ele>
      </trkpt>
      <trkpt lat="45.559810000" lon="4.440630000">
        <ele>810.000</ele>
      </trkpt>
      <trkpt lat="45.559780000" lon="4.440920000">
        <ele>809.000</ele>
      </trkpt>
      <trkpt lat="45.559740000" lon="4.441100000">
        <ele>808.000</ele>
      </trkpt>
      <trkpt lat="45.559540000" lon="4.441670000">
        <ele>807.000</ele>
      </trkpt>
      <trkpt lat="45.559360000" lon="4.442230000">
        <ele>806.000</ele>
      </trkpt>
      <trkpt lat="45.559260000" lon="4.442700000">
        <ele>804.000</ele>
      </trkpt>
      <trkpt lat="45.559250000" lon="4.442850000">
        <ele>803.000</ele>
      </trkpt>
      <trkpt lat="45.559260000" lon="4.443000000">
        <ele>802.000</ele>
      </trkpt>
      <trkpt lat="45.559280000" lon="4.443100000">
        <ele>801.000</ele>
      </trkpt>
      <trkpt lat="45.559310000" lon="4.443180000">
        <ele>801.000</ele>
      </trkpt>
      <trkpt lat="45.559370000" lon="4.443250000">
        <ele>800.000</ele>
      </trkpt>
      <trkpt lat="45.559420000" lon="4.443290000">
        <ele>800.000</ele>
      </trkpt>
      <trkpt lat="45.559520000" lon="4.443330000">
        <ele>799.000</ele>
      </trkpt>
      <trkpt lat="45.559670000" lon="4.443360000">
        <ele>799.000</ele>
      </trkpt>
      <trkpt lat="45.559980000" lon="4.443390000">
        <ele>798.000</ele>
      </trkpt>
      <trkpt lat="45.560160000" lon="4.443400000">
        <ele>797.000</ele>
      </trkpt>
      <trkpt lat="45.560550000" lon="4.443370000">
        <ele>796.000</ele>
      </trkpt>
      <trkpt lat="45.560820000" lon="4.443330000">
        <ele>795.000</ele>
      </trkpt>
      <trkpt lat="45.561200000" lon="4.443220000">
        <ele>794.000</ele>
      </trkpt>
      <trkpt lat="45.561470000" lon="4.443090000">
        <ele>793.000</ele>
      </trkpt>
      <trkpt lat="45.561990000" lon="4.442730000">
        <ele>792.000</ele>
      </trkpt>
      <trkpt lat="45.562610000" lon="4.442270000">
        <ele>791.000</ele>
      </trkpt>
      <trkpt lat="45.562820000" lon="4.442160000">
        <ele>791.000</ele>
      </trkpt>
      <trkpt lat="45.563140000" lon="4.442030000">
        <ele>790.000</ele>
      </trkpt>
      <trkpt lat="45.563590000" lon="4.441880000">
        <ele>789.000</ele>
      </trkpt>
      <trkpt lat="45.563930000" lon="4.441830000">
        <ele>789.000</ele>
      </trkpt>
      <trkpt lat="45.564260000" lon="4.441820000">
        <ele>788.000</ele>
      </trkpt>
      <trkpt lat="45.564630000" lon="4.441830000">
        <ele>788.000</ele>
      </trkpt>
      <trkpt lat="45.564860000" lon="4.441860000">
        <ele>787.000</ele>
      </trkpt>
      <trkpt lat="45.565070000" lon="4.441930000">
        <ele>787.000</ele>
      </trkpt>
      <trkpt lat="45.565350000" lon="4.442070000">
        <ele>786.000</ele>
      </trkpt>
      <trkpt lat="45.565590000" lon="4.442250000">
        <ele>786.000</ele>
      </trkpt>
      <trkpt lat="45.565640000" lon="4.442280000">
        <ele>785.000</ele>
      </trkpt>
      <trkpt lat="45.565700000" lon="4.442330000">
        <ele>785.000</ele>
      </trkpt>
      <trkpt lat="45.565930000" lon="4.442630000">
        <ele>784.000</ele>
      </trkpt>
      <trkpt lat="45.565990000" lon="4.442760000">
        <ele>784.000</ele>
      </trkpt>
      <trkpt lat="45.566180000" lon="4.443290000">
        <ele>784.000</ele>
      </trkpt>
      <trkpt lat="45.566260000" lon="4.443470000">
        <ele>783.000</ele>
      </trkpt>
      <trkpt lat="45.566350000" lon="4.443570000">
        <ele>782.000</ele>
      </trkpt>
      <trkpt lat="45.566470000" lon="4.443650000">
        <ele>782.000</ele>
      </trkpt>
      <trkpt lat="45.566620000" lon="4.443690000">
        <ele>781.000</ele>
      </trkpt>
      <trkpt lat="45.566970000" lon="4.443750000">
        <ele>780.000</ele>
      </trkpt>
      <trkpt lat="45.567620000" lon="4.443780000">
        <ele>778.000</ele>
      </trkpt>
      <trkpt lat="45.568030000" lon="4.443810000">
        <ele>776.000</ele>
      </trkpt>
      <trkpt lat="45.568340000" lon="4.443870000">
        <ele>775.000</ele>
      </trkpt>
      <trkpt lat="45.568880000" lon="4.444040000">
        <ele>773.000</ele>
      </trkpt>
      <trkpt lat="45.569340000" lon="4.444290000">
        <ele>772.000</ele>
      </trkpt>
      <trkpt lat="45.569520000" lon="4.444460000">
        <ele>771.000</ele>
      </trkpt>
      <trkpt lat="45.569580000" lon="4.444690000">
        <ele>770.000</ele>
      </trkpt>
      <trkpt lat="45.569550000" lon="4.444940000">
        <ele>770.000</ele>
      </trkpt>
      <trkpt lat="45.569370000" lon="4.445650000">
        <ele>769.000</ele>
      </trkpt>
      <trkpt lat="45.569270000" lon="4.446100000">
        <ele>768.000</ele>
      </trkpt>
      <trkpt lat="45.569170000" lon="4.446380000">
        <ele>768.000</ele>
      </trkpt>
      <trkpt lat="45.569030000" lon="4.446560000">
        <ele>767.000</ele>
      </trkpt>
      <trkpt lat="45.568620000" lon="4.446900000">
        <ele>766.000</ele>
      </trkpt>
      <trkpt lat="45.568530000" lon="4.447010000">
        <ele>766.000</ele>
      </trkpt>
      <trkpt lat="45.568490000" lon="4.447110000">
        <ele>765.000</ele>
      </trkpt>
      <trkpt lat="45.568480000" lon="4.447200000">
        <ele>765.000</ele>
      </trkpt>
      <trkpt lat="45.568490000" lon="4.447280000">
        <ele>764.000</ele>
      </trkpt>
      <trkpt lat="45.568510000" lon="4.447340000">
        <ele>764.000</ele>
      </trkpt>
      <trkpt lat="45.568540000" lon="4.447400000">
        <ele>764.000</ele>
      </trkpt>
      <trkpt lat="45.568670000" lon="4.447480000">
        <ele>764.000</ele>
      </trkpt>
      <trkpt lat="45.568910000" lon="4.447530000">
        <ele>763.000</ele>
      </trkpt>
      <trkpt lat="45.569140000" lon="4.447540000">
        <ele>762.000</ele>
      </trkpt>
      <trkpt lat="45.569380000" lon="4.447580000">
        <ele>762.000</ele>
      </trkpt>
      <trkpt lat="45.570130000" lon="4.447690000">
        <ele>760.000</ele>
      </trkpt>
      <trkpt lat="45.570370000" lon="4.447690000">
        <ele>760.000</ele>
      </trkpt>
      <trkpt lat="45.570810000" lon="4.447560000">
        <ele>759.000</ele>
      </trkpt>
      <trkpt lat="45.571040000" lon="4.447470000">
        <ele>759.000</ele>
      </trkpt>
      <trkpt lat="45.571140000" lon="4.447470000">
        <ele>759.000</ele>
      </trkpt>
      <trkpt lat="45.571220000" lon="4.447500000">
        <ele>759.000</ele>
      </trkpt>
      <trkpt lat="45.571270000" lon="4.447540000">
        <ele>759.000</ele>
      </trkpt>
      <trkpt lat="45.571310000" lon="4.447600000">
        <ele>759.000</ele>
      </trkpt>
      <trkpt lat="45.571340000" lon="4.447710000">
        <ele>760.000</ele>
      </trkpt>
      <trkpt lat="45.571340000" lon="4.447810000">
        <ele>760.000</ele>
      </trkpt>
      <trkpt lat="45.571320000" lon="4.447910000">
        <ele>760.000</ele>
      </trkpt>
      <trkpt lat="45.571150000" lon="4.448220000">
        <ele>760.000</ele>
      </trkpt>
      <trkpt lat="45.570790000" lon="4.448790000">
        <ele>761.000</ele>
      </trkpt>
      <trkpt lat="45.570640000" lon="4.449200000">
        <ele>760.000</ele>
      </trkpt>
      <trkpt lat="45.570520000" lon="4.449600000">
        <ele>759.000</ele>
      </trkpt>
      <trkpt lat="45.570540000" lon="4.449980000">
        <ele>758.000</ele>
      </trkpt>
      <trkpt lat="45.570610000" lon="4.450160000">
        <ele>756.000</ele>
      </trkpt>
      <trkpt lat="45.570730000" lon="4.450240000">
        <ele>755.000</ele>
      </trkpt>
      <trkpt lat="45.570940000" lon="4.450280000">
        <ele>754.000</ele>
      </trkpt>
      <trkpt lat="45.571150000" lon="4.450170000">
        <ele>752.000</ele>
      </trkpt>
      <trkpt lat="45.571370000" lon="4.450000000">
        <ele>751.000</ele>
      </trkpt>
      <trkpt lat="45.571620000" lon="4.449850000">
        <ele>749.000</ele>
      </trkpt>
      <trkpt lat="45.571900000" lon="4.449670000">
        <ele>749.000</ele>
      </trkpt>
      <trkpt lat="45.572180000" lon="4.449530000">
        <ele>748.000</ele>
      </trkpt>
      <trkpt lat="45.572510000" lon="4.449540000">
        <ele>747.000</ele>
      </trkpt>
      <trkpt lat="45.572990000" lon="4.449660000">
        <ele>746.000</ele>
      </trkpt>
      <trkpt lat="45.573280000" lon="4.449810000">
        <ele>746.000</ele>
      </trkpt>
      <trkpt lat="45.573430000" lon="4.449980000">
        <ele>745.000</ele>
      </trkpt>
      <trkpt lat="45.573480000" lon="4.450100000">
        <ele>745.000</ele>
      </trkpt>
      <trkpt lat="45.573550000" lon="4.450290000">
        <ele>744.000</ele>
      </trkpt>
      <trkpt lat="45.573620000" lon="4.450530000">
        <ele>744.000</ele>
      </trkpt>
      <trkpt lat="45.573690000" lon="4.450750000">
        <ele>743.000</ele>
      </trkpt>
      <trkpt lat="45.573910000" lon="4.451040000">
        <ele>742.000</ele>
      </trkpt>
      <trkpt lat="45.573990000" lon="4.451070000">
        <ele>742.000</ele>
      </trkpt>
      <trkpt lat="45.574110000" lon="4.451060000">
        <ele>741.000</ele>
      </trkpt>
      <trkpt lat="45.574220000" lon="4.450990000">
        <ele>741.000</ele>
      </trkpt>
      <trkpt lat="45.574280000" lon="4.450910000">
        <ele>740.000</ele>
      </trkpt>
      <trkpt lat="45.574550000" lon="4.450520000">
        <ele>740.000</ele>
      </trkpt>
      <trkpt lat="45.574970000" lon="4.450050000">
        <ele>739.000</ele>
      </trkpt>
      <trkpt lat="45.575380000" lon="4.449340000">
        <ele>737.000</ele>
      </trkpt>
      <trkpt lat="45.575490000" lon="4.449190000">
        <ele>736.000</ele>
      </trkpt>
      <trkpt lat="45.575810000" lon="4.448860000">
        <ele>734.000</ele>
      </trkpt>
      <trkpt lat="45.576380000" lon="4.448310000">
        <ele>732.000</ele>
      </trkpt>
      <trkpt lat="45.576980000" lon="4.447840000">
        <ele>730.000</ele>
      </trkpt>
      <trkpt lat="45.577190000" lon="4.447740000">
        <ele>728.000</ele>
      </trkpt>
      <trkpt lat="45.577390000" lon="4.447720000">
        <ele>727.000</ele>
      </trkpt>
      <trkpt lat="45.577530000" lon="4.447760000">
        <ele>726.000</ele>
      </trkpt>
      <trkpt lat="45.577620000" lon="4.447800000">
        <ele>725.000</ele>
      </trkpt>
      <trkpt lat="45.577670000" lon="4.447860000">
        <ele>724.000</ele>
      </trkpt>
      <trkpt lat="45.577720000" lon="4.447940000">
        <ele>724.000</ele>
      </trkpt>
      <trkpt lat="45.577870000" lon="4.448190000">
        <ele>723.000</ele>
      </trkpt>
      <trkpt lat="45.578020000" lon="4.448560000">
        <ele>722.000</ele>
      </trkpt>
      <trkpt lat="45.578150000" lon="4.448990000">
        <ele>721.000</ele>
      </trkpt>
      <trkpt lat="45.578330000" lon="4.449510000">
        <ele>720.000</ele>
      </trkpt>
      <trkpt lat="45.578430000" lon="4.449640000">
        <ele>719.000</ele>
      </trkpt>
      <trkpt lat="45.578520000" lon="4.449700000">
        <ele>718.000</ele>
      </trkpt>
      <trkpt lat="45.578660000" lon="4.449760000">
        <ele>717.000</ele>
      </trkpt>
      <trkpt lat="45.578970000" lon="4.449760000">
        <ele>716.000</ele>
      </trkpt>
      <trkpt lat="45.579370000" lon="4.449620000">
        <ele>714.000</ele>
      </trkpt>
      <trkpt lat="45.579750000" lon="4.449410000">
        <ele>713.000</ele>
      </trkpt>
      <trkpt lat="45.579940000" lon="4.449290000">
        <ele>711.000</ele>
      </trkpt>
      <trkpt lat="45.580260000" lon="4.449010000">
        <ele>710.000</ele>
      </trkpt>
      <trkpt lat="45.580410000" lon="4.448840000">
        <ele>709.000</ele>
      </trkpt>
      <trkpt lat="45.581060000" lon="4.448140000">
        <ele>707.000</ele>
      </trkpt>
      <trkpt lat="45.581190000" lon="4.448020000">
        <ele>705.000</ele>
      </trkpt>
      <trkpt lat="45.581750000" lon="4.447440000">
        <ele>704.000</ele>
      </trkpt>
      <trkpt lat="45.582430000" lon="4.446640000">
        <ele>704.000</ele>
      </trkpt>
      <trkpt lat="45.582650000" lon="4.446410000">
        <ele>704.000</ele>
      </trkpt>
      <trkpt lat="45.583550000" lon="4.445830000">
        <ele>703.000</ele>
      </trkpt>
      <trkpt lat="45.583730000" lon="4.445740000">
        <ele>702.000</ele>
      </trkpt>
      <trkpt lat="45.583910000" lon="4.445700000">
        <ele>701.000</ele>
      </trkpt>
      <trkpt lat="45.583960000" lon="4.445710000">
        <ele>701.000</ele>
      </trkpt>
      <trkpt lat="45.584080000" lon="4.445720000">
        <ele>701.000</ele>
      </trkpt>
      <trkpt lat="45.584190000" lon="4.445760000">
        <ele>700.000</ele>
      </trkpt>
      <trkpt lat="45.584330000" lon="4.445800000">
        <ele>700.000</ele>
      </trkpt>
      <trkpt lat="45.584560000" lon="4.445800000">
        <ele>699.000</ele>
      </trkpt>
      <trkpt lat="45.585030000" lon="4.445700000">
        <ele>699.000</ele>
      </trkpt>
      <trkpt lat="45.585290000" lon="4.445710000">
        <ele>699.000</ele>
      </trkpt>
      <trkpt lat="45.585510000" lon="4.445780000">
        <ele>698.000</ele>
      </trkpt>
      <trkpt lat="45.585810000" lon="4.445990000">
        <ele>698.000</ele>
      </trkpt>
      <trkpt lat="45.586400000" lon="4.446210000">
        <ele>698.000</ele>
      </trkpt>
      <trkpt lat="45.586670000" lon="4.446380000">
        <ele>697.000</ele>
      </trkpt>
      <trkpt lat="45.586890000" lon="4.446550000">
        <ele>696.000</ele>
      </trkpt>
      <trkpt lat="45.587040000" lon="4.446720000">
        <ele>695.000</ele>
      </trkpt>
      <trkpt lat="45.587230000" lon="4.446990000">
        <ele>694.000</ele>
      </trkpt>
      <trkpt lat="45.587440000" lon="4.447320000">
        <ele>693.000</ele>
      </trkpt>
      <trkpt lat="45.587670000" lon="4.447540000">
        <ele>692.000</ele>
      </trkpt>
      <trkpt lat="45.587860000" lon="4.447630000">
        <ele>690.000</ele>
      </trkpt>
      <trkpt lat="45.588060000" lon="4.447650000">
        <ele>689.000</ele>
      </trkpt>
      <trkpt lat="45.588250000" lon="4.447570000">
        <ele>688.000</ele>
      </trkpt>
      <trkpt lat="45.588380000" lon="4.447450000">
        <ele>687.000</ele>
      </trkpt>
      <trkpt lat="45.588430000" lon="4.447290000">
        <ele>687.000</ele>
      </trkpt>
      <trkpt lat="45.588490000" lon="4.446910000">
        <ele>686.000</ele>
      </trkpt>
      <trkpt lat="45.588550000" lon="4.446690000">
        <ele>686.000</ele>
      </trkpt>
      <trkpt lat="45.588710000" lon="4.446480000">
        <ele>685.000</ele>
      </trkpt>
      <trkpt lat="45.588910000" lon="4.446330000">
        <ele>685.000</ele>
      </trkpt>
      <trkpt lat="45.589190000" lon="4.446270000">
        <ele>684.000</ele>
      </trkpt>
      <trkpt lat="45.589340000" lon="4.446250000">
        <ele>684.000</ele>
      </trkpt>
      <trkpt lat="45.589830000" lon="4.446370000">
        <ele>683.000</ele>
      </trkpt>
      <trkpt lat="45.590190000" lon="4.446520000">
        <ele>682.000</ele>
      </trkpt>
      <trkpt lat="45.590340000" lon="4.446650000">
        <ele>682.000</ele>
      </trkpt>
      <trkpt lat="45.590430000" lon="4.446840000">
        <ele>681.000</ele>
      </trkpt>
      <trkpt lat="45.590560000" lon="4.447380000">
        <ele>681.000</ele>
      </trkpt>
      <trkpt lat="45.590630000" lon="4.447650000">
        <ele>680.000</ele>
      </trkpt>
      <trkpt lat="45.590710000" lon="4.447890000">
        <ele>680.000</ele>
      </trkpt>
      <trkpt lat="45.590960000" lon="4.448250000">
        <ele>679.000</ele>
      </trkpt>
      <trkpt lat="45.591180000" lon="4.448560000">
        <ele>679.000</ele>
      </trkpt>
      <trkpt lat="45.591280000" lon="4.448900000">
        <ele>678.000</ele>
      </trkpt>
      <trkpt lat="45.591320000" lon="4.449400000">
        <ele>677.000</ele>
      </trkpt>
      <trkpt lat="45.591360000" lon="4.449820000">
        <ele>676.000</ele>
      </trkpt>
      <trkpt lat="45.591480000" lon="4.450310000">
        <ele>675.000</ele>
      </trkpt>
      <trkpt lat="45.591630000" lon="4.450650000">
        <ele>674.000</ele>
      </trkpt>
      <trkpt lat="45.591780000" lon="4.450980000">
        <ele>673.000</ele>
      </trkpt>
      <trkpt lat="45.592140000" lon="4.451580000">
        <ele>673.000</ele>
      </trkpt>
      <trkpt lat="45.592450000" lon="4.451990000">
        <ele>673.000</ele>
      </trkpt>
      <trkpt lat="45.592570000" lon="4.452050000">
        <ele>674.000</ele>
      </trkpt>
      <trkpt lat="45.592730000" lon="4.452060000">
        <ele>674.000</ele>
      </trkpt>
      <trkpt lat="45.592900000" lon="4.452040000">
        <ele>674.000</ele>
      </trkpt>
      <trkpt lat="45.593330000" lon="4.451860000">
        <ele>675.000</ele>
      </trkpt>
      <trkpt lat="45.593480000" lon="4.451860000">
        <ele>675.000</ele>
      </trkpt>
      <trkpt lat="45.593660000" lon="4.451970000">
        <ele>674.000</ele>
      </trkpt>
      <trkpt lat="45.593880000" lon="4.452180000">
        <ele>673.000</ele>
      </trkpt>
      <trkpt lat="45.594100000" lon="4.452410000">
        <ele>672.000</ele>
      </trkpt>
      <trkpt lat="45.594540000" lon="4.452770000">
        <ele>670.000</ele>
      </trkpt>
      <trkpt lat="45.594730000" lon="4.452980000">
        <ele>668.000</ele>
      </trkpt>
      <trkpt lat="45.594890000" lon="4.453280000">
        <ele>666.000</ele>
      </trkpt>
      <trkpt lat="45.595070000" lon="4.453760000">
        <ele>665.000</ele>
      </trkpt>
      <trkpt lat="45.595260000" lon="4.454080000">
        <ele>664.000</ele>
      </trkpt>
      <trkpt lat="45.595370000" lon="4.454200000">
        <ele>663.000</ele>
      </trkpt>
      <trkpt lat="45.595500000" lon="4.454260000">
        <ele>663.000</ele>
      </trkpt>
      <trkpt lat="45.595590000" lon="4.454240000">
        <ele>663.000</ele>
      </trkpt>
      <trkpt lat="45.595620000" lon="4.454220000">
        <ele>662.000</ele>
      </trkpt>
      <trkpt lat="45.595680000" lon="4.454170000">
        <ele>662.000</ele>
      </trkpt>
      <trkpt lat="45.595820000" lon="4.453950000">
        <ele>662.000</ele>
      </trkpt>
      <trkpt lat="45.595880000" lon="4.453790000">
        <ele>662.000</ele>
      </trkpt>
      <trkpt lat="45.596180000" lon="4.453250000">
        <ele>662.000</ele>
      </trkpt>
      <trkpt lat="45.596310000" lon="4.453010000">
        <ele>661.000</ele>
      </trkpt>
      <trkpt lat="45.596450000" lon="4.452800000">
        <ele>661.000</ele>
      </trkpt>
      <trkpt lat="45.596600000" lon="4.452760000">
        <ele>660.000</ele>
      </trkpt>
      <trkpt lat="45.596690000" lon="4.452790000">
        <ele>659.000</ele>
      </trkpt>
      <trkpt lat="45.596760000" lon="4.452850000">
        <ele>659.000</ele>
      </trkpt>
      <trkpt lat="45.596810000" lon="4.452940000">
        <ele>658.000</ele>
      </trkpt>
      <trkpt lat="45.596820000" lon="4.453010000">
        <ele>658.000</ele>
      </trkpt>
      <trkpt lat="45.596800000" lon="4.453160000">
        <ele>657.000</ele>
      </trkpt>
      <trkpt lat="45.596680000" lon="4.453470000">
        <ele>656.000</ele>
      </trkpt>
      <trkpt lat="45.596590000" lon="4.453760000">
        <ele>656.000</ele>
      </trkpt>
      <trkpt lat="45.596550000" lon="4.454060000">
        <ele>655.000</ele>
      </trkpt>
      <trkpt lat="45.596560000" lon="4.454340000">
        <ele>654.000</ele>
      </trkpt>
      <trkpt lat="45.596670000" lon="4.455090000">
        <ele>653.000</ele>
      </trkpt>
      <trkpt lat="45.596770000" lon="4.455920000">
        <ele>652.000</ele>
      </trkpt>
      <trkpt lat="45.596880000" lon="4.456590000">
        <ele>651.000</ele>
      </trkpt>
      <trkpt lat="45.597160000" lon="4.457190000">
        <ele>651.000</ele>
      </trkpt>
      <trkpt lat="45.597440000" lon="4.457520000">
        <ele>650.000</ele>
      </trkpt>
      <trkpt lat="45.597610000" lon="4.457670000">
        <ele>648.000</ele>
      </trkpt>
      <trkpt lat="45.597740000" lon="4.457750000">
        <ele>647.000</ele>
      </trkpt>
      <trkpt lat="45.598270000" lon="4.457730000">
        <ele>646.000</ele>
      </trkpt>
      <trkpt lat="45.598420000" lon="4.457770000">
        <ele>644.000</ele>
      </trkpt>
      <trkpt lat="45.598570000" lon="4.457860000">
        <ele>643.000</ele>
      </trkpt>
      <trkpt lat="45.598970000" lon="4.458010000">
        <ele>641.000</ele>
      </trkpt>
      <trkpt lat="45.599120000" lon="4.457990000">
        <ele>640.000</ele>
      </trkpt>
      <trkpt lat="45.599340000" lon="4.457940000">
        <ele>639.000</ele>
      </trkpt>
      <trkpt lat="45.599920000" lon="4.457790000">
        <ele>638.000</ele>
      </trkpt>
      <trkpt lat="45.600110000" lon="4.457630000">
        <ele>638.000</ele>
      </trkpt>
      <trkpt lat="45.600260000" lon="4.457400000">
        <ele>637.000</ele>
      </trkpt>
      <trkpt lat="45.600320000" lon="4.457140000">
        <ele>637.000</ele>
      </trkpt>
      <trkpt lat="45.600320000" lon="4.456880000">
        <ele>637.000</ele>
      </trkpt>
      <trkpt lat="45.600280000" lon="4.456670000">
        <ele>637.000</ele>
      </trkpt>
      <trkpt lat="45.600190000" lon="4.456240000">
        <ele>636.000</ele>
      </trkpt>
      <trkpt lat="45.600020000" lon="4.455460000">
        <ele>635.000</ele>
      </trkpt>
      <trkpt lat="45.599960000" lon="4.454960000">
        <ele>633.000</ele>
      </trkpt>
      <trkpt lat="45.600040000" lon="4.454560000">
        <ele>631.000</ele>
      </trkpt>
      <trkpt lat="45.600110000" lon="4.454380000">
        <ele>630.000</ele>
      </trkpt>
      <trkpt lat="45.600220000" lon="4.454210000">
        <ele>629.000</ele>
      </trkpt>
      <trkpt lat="45.600310000" lon="4.454110000">
        <ele>628.000</ele>
      </trkpt>
      <trkpt lat="45.600440000" lon="4.454050000">
        <ele>627.000</ele>
      </trkpt>
      <trkpt lat="45.600550000" lon="4.454040000">
        <ele>626.000</ele>
      </trkpt>
      <trkpt lat="45.600700000" lon="4.454090000">
        <ele>625.000</ele>
      </trkpt>
      <trkpt lat="45.600840000" lon="4.454150000">
        <ele>625.000</ele>
      </trkpt>
      <trkpt lat="45.601030000" lon="4.454230000">
        <ele>624.000</ele>
      </trkpt>
      <trkpt lat="45.601230000" lon="4.454330000">
        <ele>623.000</ele>
      </trkpt>
      <trkpt lat="45.601420000" lon="4.454470000">
        <ele>622.000</ele>
      </trkpt>
      <trkpt lat="45.601650000" lon="4.454670000">
        <ele>621.000</ele>
      </trkpt>
      <trkpt lat="45.601820000" lon="4.454790000">
        <ele>620.000</ele>
      </trkpt>
      <trkpt lat="45.601990000" lon="4.454840000">
        <ele>619.000</ele>
      </trkpt>
      <trkpt lat="45.602200000" lon="4.454860000">
        <ele>618.000</ele>
      </trkpt>
      <trkpt lat="45.602400000" lon="4.454850000">
        <ele>617.000</ele>
      </trkpt>
      <trkpt lat="45.602550000" lon="4.454790000">
        <ele>616.000</ele>
      </trkpt>
      <trkpt lat="45.602700000" lon="4.454670000">
        <ele>616.000</ele>
      </trkpt>
      <trkpt lat="45.602820000" lon="4.454500000">
        <ele>615.000</ele>
      </trkpt>
      <trkpt lat="45.602900000" lon="4.454310000">
        <ele>614.000</ele>
      </trkpt>
      <trkpt lat="45.602970000" lon="4.454080000">
        <ele>614.000</ele>
      </trkpt>
      <trkpt lat="45.603030000" lon="4.453790000">
        <ele>613.000</ele>
      </trkpt>
      <trkpt lat="45.603040000" lon="4.453740000">
        <ele>613.000</ele>
      </trkpt>
      <trkpt lat="45.603100000" lon="4.453570000">
        <ele>613.000</ele>
      </trkpt>
      <trkpt lat="45.603190000" lon="4.453460000">
        <ele>612.000</ele>
      </trkpt>
      <trkpt lat="45.603470000" lon="4.453260000">
        <ele>612.000</ele>
      </trkpt>
      <trkpt lat="45.603830000" lon="4.453060000">
        <ele>611.000</ele>
      </trkpt>
      <trkpt lat="45.604060000" lon="4.452960000">
        <ele>609.000</ele>
      </trkpt>
      <trkpt lat="45.604300000" lon="4.452910000">
        <ele>608.000</ele>
      </trkpt>
      <trkpt lat="45.604390000" lon="4.452910000">
        <ele>607.000</ele>
      </trkpt>
      <trkpt lat="45.604540000" lon="4.452980000">
        <ele>606.000</ele>
      </trkpt>
      <trkpt lat="45.604790000" lon="4.453190000">
        <ele>605.000</ele>
      </trkpt>
      <trkpt lat="45.604920000" lon="4.453330000">
        <ele>604.000</ele>
      </trkpt>
      <trkpt lat="45.605350000" lon="4.453800000">
        <ele>603.000</ele>
      </trkpt>
      <trkpt lat="45.605740000" lon="4.454220000">
        <ele>601.000</ele>
      </trkpt>
      <trkpt lat="45.605950000" lon="4.454370000">
        <ele>600.000</ele>
      </trkpt>
      <trkpt lat="45.606290000" lon="4.454450000">
        <ele>599.000</ele>
      </trkpt>
      <trkpt lat="45.606740000" lon="4.454360000">
        <ele>597.000</ele>
      </trkpt>
      <trkpt lat="45.607330000" lon="4.454270000">
        <ele>596.000</ele>
      </trkpt>
      <trkpt lat="45.607610000" lon="4.454270000">
        <ele>594.000</ele>
      </trkpt>
      <trkpt lat="45.607710000" lon="4.454320000">
        <ele>593.000</ele>
      </trkpt>
      <trkpt lat="45.607970000" lon="4.454460000">
        <ele>592.000</ele>
      </trkpt>
      <trkpt lat="45.608140000" lon="4.454480000">
        <ele>592.000</ele>
      </trkpt>
      <trkpt lat="45.608270000" lon="4.454440000">
        <ele>591.000</ele>
      </trkpt>
      <trkpt lat="45.608400000" lon="4.454360000">
        <ele>590.000</ele>
      </trkpt>
      <trkpt lat="45.608520000" lon="4.454220000">
        <ele>590.000</ele>
      </trkpt>
      <trkpt lat="45.608630000" lon="4.454030000">
        <ele>589.000</ele>
      </trkpt>
      <trkpt lat="45.608800000" lon="4.453620000">
        <ele>589.000</ele>
      </trkpt>
      <trkpt lat="45.608950000" lon="4.453330000">
        <ele>588.000</ele>
      </trkpt>
      <trkpt lat="45.609120000" lon="4.453130000">
        <ele>587.000</ele>
      </trkpt>
      <trkpt lat="45.609290000" lon="4.452960000">
        <ele>586.000</ele>
      </trkpt>
      <trkpt lat="45.609470000" lon="4.452840000">
        <ele>585.000</ele>
      </trkpt>
      <trkpt lat="45.609700000" lon="4.452730000">
        <ele>584.000</ele>
      </trkpt>
      <trkpt lat="45.609820000" lon="4.452700000">
        <ele>582.000</ele>
      </trkpt>
      <trkpt lat="45.609940000" lon="4.452690000">
        <ele>582.000</ele>
      </trkpt>
      <trkpt lat="45.610150000" lon="4.452680000">
        <ele>580.000</ele>
      </trkpt>
      <trkpt lat="45.610340000" lon="4.452650000">
        <ele>579.000</ele>
      </trkpt>
      <trkpt lat="45.610470000" lon="4.452580000">
        <ele>578.000</ele>
      </trkpt>
      <trkpt lat="45.610590000" lon="4.452480000">
        <ele>577.000</ele>
      </trkpt>
      <trkpt lat="45.610830000" lon="4.452240000">
        <ele>576.000</ele>
      </trkpt>
      <trkpt lat="45.611050000" lon="4.452090000">
        <ele>575.000</ele>
      </trkpt>
      <trkpt lat="45.611350000" lon="4.451880000">
        <ele>574.000</ele>
      </trkpt>
      <trkpt lat="45.611570000" lon="4.451670000">
        <ele>572.000</ele>
      </trkpt>
      <trkpt lat="45.611620000" lon="4.451600000">
        <ele>571.000</ele>
      </trkpt>
      <trkpt lat="45.611670000" lon="4.451520000">
        <ele>571.000</ele>
      </trkpt>
      <trkpt lat="45.611710000" lon="4.451450000">
        <ele>570.000</ele>
      </trkpt>
      <trkpt lat="45.611750000" lon="4.451360000">
        <ele>570.000</ele>
      </trkpt>
      <trkpt lat="45.611770000" lon="4.451270000">
        <ele>569.000</ele>
      </trkpt>
      <trkpt lat="45.611780000" lon="4.451210000">
        <ele>569.000</ele>
      </trkpt>
      <trkpt lat="45.611780000" lon="4.451140000">
        <ele>569.000</ele>
      </trkpt>
      <trkpt lat="45.611770000" lon="4.451060000">
        <ele>568.000</ele>
      </trkpt>
      <trkpt lat="45.611750000" lon="4.450980000">
        <ele>568.000</ele>
      </trkpt>
      <trkpt lat="45.611710000" lon="4.450900000">
        <ele>568.000</ele>
      </trkpt>
      <trkpt lat="45.611660000" lon="4.450820000">
        <ele>567.000</ele>
      </trkpt>
      <trkpt lat="45.611600000" lon="4.450760000">
        <ele>567.000</ele>
      </trkpt>
      <trkpt lat="45.611530000" lon="4.450730000">
        <ele>567.000</ele>
      </trkpt>
      <trkpt lat="45.611440000" lon="4.450700000">
        <ele>567.000</ele>
      </trkpt>
      <trkpt lat="45.611360000" lon="4.450690000">
        <ele>566.000</ele>
      </trkpt>
      <trkpt lat="45.611260000" lon="4.450700000">
        <ele>566.000</ele>
      </trkpt>
      <trkpt lat="45.611030000" lon="4.450730000">
        <ele>566.000</ele>
      </trkpt>
      <trkpt lat="45.610610000" lon="4.450760000">
        <ele>566.000</ele>
      </trkpt>
      <trkpt lat="45.610580000" lon="4.450770000">
        <ele>566.000</ele>
      </trkpt>
      <trkpt lat="45.610530000" lon="4.450780000">
        <ele>566.000</ele>
      </trkpt>
      <trkpt lat="45.610470000" lon="4.450790000">
        <ele>566.000</ele>
      </trkpt>
      <trkpt lat="45.610330000" lon="4.450840000">
        <ele>566.000</ele>
      </trkpt>
      <trkpt lat="45.610030000" lon="4.450970000">
        <ele>566.000</ele>
      </trkpt>
      <trkpt lat="45.609760000" lon="4.451080000">
        <ele>566.000</ele>
      </trkpt>
      <trkpt lat="45.609560000" lon="4.451130000">
        <ele>566.000</ele>
      </trkpt>
      <trkpt lat="45.609510000" lon="4.451100000">
        <ele>565.000</ele>
      </trkpt>
      <trkpt lat="45.609470000" lon="4.451060000">
        <ele>565.000</ele>
      </trkpt>
      <trkpt lat="45.609430000" lon="4.450980000">
        <ele>565.000</ele>
      </trkpt>
      <trkpt lat="45.609410000" lon="4.450890000">
        <ele>565.000</ele>
      </trkpt>
      <trkpt lat="45.609410000" lon="4.450800000">
        <ele>564.000</ele>
      </trkpt>
      <trkpt lat="45.609450000" lon="4.450630000">
        <ele>564.000</ele>
      </trkpt>
      <trkpt lat="45.609740000" lon="4.450290000">
        <ele>563.000</ele>
      </trkpt>
      <trkpt lat="45.610400000" lon="4.449570000">
        <ele>561.000</ele>
      </trkpt>
      <trkpt lat="45.610700000" lon="4.449110000">
        <ele>559.000</ele>
      </trkpt>
      <trkpt lat="45.610960000" lon="4.448800000">
        <ele>558.000</ele>
      </trkpt>
      <trkpt lat="45.611180000" lon="4.448570000">
        <ele>557.000</ele>
      </trkpt>
      <trkpt lat="45.611340000" lon="4.448470000">
        <ele>556.000</ele>
      </trkpt>
      <trkpt lat="45.611660000" lon="4.448410000">
        <ele>556.000</ele>
      </trkpt>
      <trkpt lat="45.611800000" lon="4.448360000">
        <ele>556.000</ele>
      </trkpt>
      <trkpt lat="45.611940000" lon="4.448220000">
        <ele>556.000</ele>
      </trkpt>
      <trkpt lat="45.612070000" lon="4.448040000">
        <ele>556.000</ele>
      </trkpt>
      <trkpt lat="45.612170000" lon="4.447820000">
        <ele>556.000</ele>
      </trkpt>
      <trkpt lat="45.612300000" lon="4.447520000">
        <ele>556.000</ele>
      </trkpt>
      <trkpt lat="45.612470000" lon="4.447260000">
        <ele>556.000</ele>
      </trkpt>
      <trkpt lat="45.612840000" lon="4.446780000">
        <ele>554.000</ele>
      </trkpt>
      <trkpt lat="45.612910000" lon="4.446560000">
        <ele>552.000</ele>
      </trkpt>
      <trkpt lat="45.612920000" lon="4.446440000">
        <ele>550.000</ele>
      </trkpt>
      <trkpt lat="45.612970000" lon="4.446250000">
        <ele>549.000</ele>
      </trkpt>
      <trkpt lat="45.613100000" lon="4.446040000">
        <ele>547.000</ele>
      </trkpt>
      <trkpt lat="45.613280000" lon="4.445990000">
        <ele>546.000</ele>
      </trkpt>
      <trkpt lat="45.613400000" lon="4.446020000">
        <ele>544.000</ele>
      </trkpt>
      <trkpt lat="45.613510000" lon="4.446100000">
        <ele>543.000</ele>
      </trkpt>
      <trkpt lat="45.613590000" lon="4.446210000">
        <ele>542.000</ele>
      </trkpt>
      <trkpt lat="45.613760000" lon="4.446400000">
        <ele>541.000</ele>
      </trkpt>
      <trkpt lat="45.613990000" lon="4.446530000">
        <ele>540.000</ele>
      </trkpt>
      <trkpt lat="45.614240000" lon="4.446560000">
        <ele>539.000</ele>
      </trkpt>
      <trkpt lat="45.614480000" lon="4.446610000">
        <ele>538.000</ele>
      </trkpt>
      <trkpt lat="45.614750000" lon="4.446660000">
        <ele>537.000</ele>
      </trkpt>
      <trkpt lat="45.615000000" lon="4.446640000">
        <ele>536.000</ele>
      </trkpt>
      <trkpt lat="45.615160000" lon="4.446660000">
        <ele>535.000</ele>
      </trkpt>
      <trkpt lat="45.615300000" lon="4.446740000">
        <ele>534.000</ele>
      </trkpt>
      <trkpt lat="45.615430000" lon="4.446850000">
        <ele>533.000</ele>
      </trkpt>
      <trkpt lat="45.615630000" lon="4.447050000">
        <ele>533.000</ele>
      </trkpt>
      <trkpt lat="45.615840000" lon="4.447160000">
        <ele>532.000</ele>
      </trkpt>
      <trkpt lat="45.616090000" lon="4.447230000">
        <ele>532.000</ele>
      </trkpt>
      <trkpt lat="45.616350000" lon="4.447230000">
        <ele>532.000</ele>
      </trkpt>
      <trkpt lat="45.616690000" lon="4.447190000">
        <ele>532.000</ele>
      </trkpt>
      <trkpt lat="45.616790000" lon="4.447130000">
        <ele>532.000</ele>
      </trkpt>
      <trkpt lat="45.616870000" lon="4.447030000">
        <ele>532.000</ele>
      </trkpt>
      <trkpt lat="45.616960000" lon="4.446840000">
        <ele>532.000</ele>
      </trkpt>
      <trkpt lat="45.617190000" lon="4.446230000">
        <ele>532.000</ele>
      </trkpt>
      <trkpt lat="45.617380000" lon="4.445830000">
        <ele>531.000</ele>
      </trkpt>
      <trkpt lat="45.617800000" lon="4.445380000">
        <ele>528.000</ele>
      </trkpt>
      <trkpt lat="45.617910000" lon="4.445280000">
        <ele>526.000</ele>
      </trkpt>
      <trkpt lat="45.618240000" lon="4.444990000">
        <ele>524.000</ele>
      </trkpt>
      <trkpt lat="45.618320000" lon="4.444840000">
        <ele>522.000</ele>
      </trkpt>
      <trkpt lat="45.618350000" lon="4.444790000">
        <ele>520.000</ele>
      </trkpt>
      <trkpt lat="45.618430000" lon="4.444570000">
        <ele>519.000</ele>
      </trkpt>
      <trkpt lat="45.618510000" lon="4.444390000">
        <ele>517.000</ele>
      </trkpt>
      <trkpt lat="45.618630000" lon="4.444260000">
        <ele>516.000</ele>
      </trkpt>
      <trkpt lat="45.618940000" lon="4.444060000">
        <ele>515.000</ele>
      </trkpt>
      <trkpt lat="45.619090000" lon="4.443870000">
        <ele>514.000</ele>
      </trkpt>
      <trkpt lat="45.619180000" lon="4.443640000">
        <ele>513.000</ele>
      </trkpt>
      <trkpt lat="45.619250000" lon="4.443390000">
        <ele>511.000</ele>
      </trkpt>
      <trkpt lat="45.619250000" lon="4.443280000">
        <ele>511.000</ele>
      </trkpt>
      <trkpt lat="45.619260000" lon="4.443130000">
        <ele>510.000</ele>
      </trkpt>
      <trkpt lat="45.619220000" lon="4.442760000">
        <ele>509.000</ele>
      </trkpt>
      <trkpt lat="45.619160000" lon="4.442250000">
        <ele>508.000</ele>
      </trkpt>
      <trkpt lat="45.619140000" lon="4.442000000">
        <ele>507.000</ele>
      </trkpt>
      <trkpt lat="45.619170000" lon="4.441820000">
        <ele>506.000</ele>
      </trkpt>
      <trkpt lat="45.619250000" lon="4.441680000">
        <ele>505.000</ele>
      </trkpt>
      <trkpt lat="45.619360000" lon="4.441650000">
        <ele>505.000</ele>
      </trkpt>
      <trkpt lat="45.619440000" lon="4.441680000">
        <ele>504.000</ele>
      </trkpt>
      <trkpt lat="45.619520000" lon="4.441760000">
        <ele>503.000</ele>
      </trkpt>
      <trkpt lat="45.619630000" lon="4.442050000">
        <ele>503.000</ele>
      </trkpt>
      <trkpt lat="45.619750000" lon="4.442330000">
        <ele>502.000</ele>
      </trkpt>
      <trkpt lat="45.619900000" lon="4.442570000">
        <ele>501.000</ele>
      </trkpt>
      <trkpt lat="45.619990000" lon="4.442650000">
        <ele>501.000</ele>
      </trkpt>
      <trkpt lat="45.620080000" lon="4.442680000">
        <ele>500.000</ele>
      </trkpt>
      <trkpt lat="45.620170000" lon="4.442680000">
        <ele>499.000</ele>
      </trkpt>
      <trkpt lat="45.620360000" lon="4.442590000">
        <ele>499.000</ele>
      </trkpt>
      <trkpt lat="45.620620000" lon="4.442350000">
        <ele>498.000</ele>
      </trkpt>
      <trkpt lat="45.620860000" lon="4.442220000">
        <ele>497.000</ele>
      </trkpt>
      <trkpt lat="45.621000000" lon="4.442180000">
        <ele>497.000</ele>
      </trkpt>
      <trkpt lat="45.621100000" lon="4.442160000">
        <ele>496.000</ele>
      </trkpt>
      <trkpt lat="45.621210000" lon="4.442170000">
        <ele>496.000</ele>
      </trkpt>
      <trkpt lat="45.621290000" lon="4.442190000">
        <ele>496.000</ele>
      </trkpt>
      <trkpt lat="45.621380000" lon="4.442220000">
        <ele>495.000</ele>
      </trkpt>
      <trkpt lat="45.621460000" lon="4.442290000">
        <ele>495.000</ele>
      </trkpt>
      <trkpt lat="45.621470000" lon="4.442120000">
        <ele>495.000</ele>
      </trkpt>
      <trkpt lat="45.621490000" lon="4.441970000">
        <ele>494.000</ele>
      </trkpt>
      <trkpt lat="45.621550000" lon="4.441770000">
        <ele>494.000</ele>
      </trkpt>
      <trkpt lat="45.621690000" lon="4.441380000">
        <ele>493.000</ele>
      </trkpt>
      <trkpt lat="45.621820000" lon="4.441050000">
        <ele>493.000</ele>
      </trkpt>
      <trkpt lat="45.621890000" lon="4.440840000">
        <ele>493.000</ele>
      </trkpt>
      <trkpt lat="45.621950000" lon="4.440620000">
        <ele>493.000</ele>
      </trkpt>
      <trkpt lat="45.621990000" lon="4.440400000">
        <ele>493.000</ele>
      </trkpt>
      <trkpt lat="45.622010000" lon="4.440180000">
        <ele>493.000</ele>
      </trkpt>
      <trkpt lat="45.622020000" lon="4.439970000">
        <ele>493.000</ele>
      </trkpt>
      <trkpt lat="45.622010000" lon="4.439090000">
        <ele>493.000</ele>
      </trkpt>
      <trkpt lat="45.622010000" lon="4.438290000">
        <ele>493.000</ele>
      </trkpt>
      <trkpt lat="45.622000000" lon="4.438020000">
        <ele>492.000</ele>
      </trkpt>
      <trkpt lat="45.622020000" lon="4.437810000">
        <ele>492.000</ele>
      </trkpt>
      <trkpt lat="45.622060000" lon="4.437590000">
        <ele>492.000</ele>
      </trkpt>
      <trkpt lat="45.622130000" lon="4.437390000">
        <ele>492.000</ele>
      </trkpt>
      <trkpt lat="45.622190000" lon="4.437240000">
        <ele>492.000</ele>
      </trkpt>
      <trkpt lat="45.622280000" lon="4.437030000">
        <ele>491.000</ele>
      </trkpt>
      <trkpt lat="45.622320000" lon="4.436810000">
        <ele>491.000</ele>
      </trkpt>
      <trkpt lat="45.622330000" lon="4.436680000">
        <ele>491.000</ele>
      </trkpt>
      <trkpt lat="45.622330000" lon="4.436560000">
        <ele>491.000</ele>
      </trkpt>
      <trkpt lat="45.622310000" lon="4.436390000">
        <ele>491.000</ele>
      </trkpt>
      <trkpt lat="45.622270000" lon="4.436240000">
        <ele>491.000</ele>
      </trkpt>
      <trkpt lat="45.622180000" lon="4.435950000">
        <ele>490.000</ele>
      </trkpt>
      <trkpt lat="45.622150000" lon="4.435670000">
        <ele>490.000</ele>
      </trkpt>
      <trkpt lat="45.622150000" lon="4.435400000">
        <ele>490.000</ele>
      </trkpt>
      <trkpt lat="45.622200000" lon="4.433560000">
        <ele>488.000</ele>
      </trkpt>
      <trkpt lat="45.622210000" lon="4.432970000">
        <ele>487.000</ele>
      </trkpt>
      <trkpt lat="45.622210000" lon="4.432740000">
        <ele>486.000</ele>
      </trkpt>
      <trkpt lat="45.622250000" lon="4.432430000">
        <ele>486.000</ele>
      </trkpt>
      <trkpt lat="45.622310000" lon="4.432130000">
        <ele>486.000</ele>
      </trkpt>
      <trkpt lat="45.622500000" lon="4.431360000">
        <ele>487.000</ele>
      </trkpt>
      <trkpt lat="45.622590000" lon="4.431040000">
        <ele>487.000</ele>
      </trkpt>
      <trkpt lat="45.622670000" lon="4.430790000">
        <ele>488.000</ele>
      </trkpt>
      <trkpt lat="45.622800000" lon="4.430570000">
        <ele>488.000</ele>
      </trkpt>
      <trkpt lat="45.623000000" lon="4.430350000">
        <ele>489.000</ele>
      </trkpt>
      <trkpt lat="45.623130000" lon="4.430230000">
        <ele>489.000</ele>
      </trkpt>
      <trkpt lat="45.623580000" lon="4.429850000">
        <ele>490.000</ele>
      </trkpt>
      <trkpt lat="45.623800000" lon="4.429640000">
        <ele>490.000</ele>
      </trkpt>
      <trkpt lat="45.623950000" lon="4.429450000">
        <ele>490.000</ele>
      </trkpt>
      <trkpt lat="45.624100000" lon="4.429190000">
        <ele>491.000</ele>
      </trkpt>
      <trkpt lat="45.624190000" lon="4.428940000">
        <ele>491.000</ele>
      </trkpt>
      <trkpt lat="45.624310000" lon="4.428490000">
        <ele>491.000</ele>
      </trkpt>
      <trkpt lat="45.624350000" lon="4.428300000">
        <ele>491.000</ele>
      </trkpt>
      <trkpt lat="45.624350000" lon="4.428110000">
        <ele>490.000</ele>
      </trkpt>
      <trkpt lat="45.624330000" lon="4.427910000">
        <ele>490.000</ele>
      </trkpt>
      <trkpt lat="45.624220000" lon="4.427350000">
        <ele>489.000</ele>
      </trkpt>
      <trkpt lat="45.624160000" lon="4.427130000">
        <ele>489.000</ele>
      </trkpt>
      <trkpt lat="45.624030000" lon="4.426910000">
        <ele>488.000</ele>
      </trkpt>
      <trkpt lat="45.623910000" lon="4.426780000">
        <ele>488.000</ele>
      </trkpt>
      <trkpt lat="45.623850000" lon="4.426730000">
        <ele>487.000</ele>
      </trkpt>
      <trkpt lat="45.623310000" lon="4.426280000">
        <ele>486.000</ele>
      </trkpt>
      <trkpt lat="45.622940000" lon="4.425970000">
        <ele>486.000</ele>
      </trkpt>
      <trkpt lat="45.622680000" lon="4.425780000">
        <ele>485.000</ele>
      </trkpt>
      <trkpt lat="45.622520000" lon="4.425690000">
        <ele>485.000</ele>
      </trkpt>
      <trkpt lat="45.622330000" lon="4.425630000">
        <ele>484.000</ele>
      </trkpt>
      <trkpt lat="45.622140000" lon="4.425610000">
        <ele>484.000</ele>
      </trkpt>
      <trkpt lat="45.622010000" lon="4.425620000">
        <ele>484.000</ele>
      </trkpt>
      <trkpt lat="45.621880000" lon="4.425640000">
        <ele>484.000</ele>
      </trkpt>
      <trkpt lat="45.621760000" lon="4.425680000">
        <ele>484.000</ele>
      </trkpt>
      <trkpt lat="45.621630000" lon="4.425750000">
        <ele>484.000</ele>
      </trkpt>
      <trkpt lat="45.621490000" lon="4.425840000">
        <ele>483.000</ele>
      </trkpt>
      <trkpt lat="45.621350000" lon="4.425940000">
        <ele>483.000</ele>
      </trkpt>
      <trkpt lat="45.621170000" lon="4.426060000">
        <ele>482.000</ele>
      </trkpt>
      <trkpt lat="45.621000000" lon="4.426160000">
        <ele>482.000</ele>
      </trkpt>
      <trkpt lat="45.620840000" lon="4.426220000">
        <ele>481.000</ele>
      </trkpt>
      <trkpt lat="45.620660000" lon="4.426260000">
        <ele>480.000</ele>
      </trkpt>
      <trkpt lat="45.620440000" lon="4.426260000">
        <ele>479.000</ele>
      </trkpt>
      <trkpt lat="45.620260000" lon="4.426220000">
        <ele>478.000</ele>
      </trkpt>
      <trkpt lat="45.620130000" lon="4.426170000">
        <ele>477.000</ele>
      </trkpt>
      <trkpt lat="45.619910000" lon="4.426070000">
        <ele>476.000</ele>
      </trkpt>
      <trkpt lat="45.619580000" lon="4.425890000">
        <ele>476.000</ele>
      </trkpt>
      <trkpt lat="45.619130000" lon="4.425650000">
        <ele>476.000</ele>
      </trkpt>
      <trkpt lat="45.618980000" lon="4.425560000">
        <ele>476.000</ele>
      </trkpt>
      <trkpt lat="45.618500000" lon="4.425310000">
        <ele>476.000</ele>
      </trkpt>
      <trkpt lat="45.618320000" lon="4.425210000">
        <ele>477.000</ele>
      </trkpt>
      <trkpt lat="45.618120000" lon="4.425080000">
        <ele>477.000</ele>
      </trkpt>
      <trkpt lat="45.617970000" lon="4.424950000">
        <ele>477.000</ele>
      </trkpt>
      <trkpt lat="45.617870000" lon="4.424820000">
        <ele>477.000</ele>
      </trkpt>
      <trkpt lat="45.617800000" lon="4.424680000">
        <ele>476.000</ele>
      </trkpt>
      <trkpt lat="45.617740000" lon="4.424480000">
        <ele>476.000</ele>
      </trkpt>
      <trkpt lat="45.617710000" lon="4.424370000">
        <ele>475.000</ele>
      </trkpt>
      <trkpt lat="45.617610000" lon="4.424050000">
        <ele>475.000</ele>
      </trkpt>
      <trkpt lat="45.617530000" lon="4.423780000">
        <ele>474.000</ele>
      </trkpt>
      <trkpt lat="45.617510000" lon="4.423730000">
        <ele>474.000</ele>
      </trkpt>
      <trkpt lat="45.617470000" lon="4.423630000">
        <ele>473.000</ele>
      </trkpt>
      <trkpt lat="45.617520000" lon="4.423440000">
        <ele>473.000</ele>
      </trkpt>
      <trkpt lat="45.617550000" lon="4.423110000">
        <ele>472.000</ele>
      </trkpt>
      <trkpt lat="45.617580000" lon="4.422780000">
        <ele>471.000</ele>
      </trkpt>
      <trkpt lat="45.617610000" lon="4.422590000">
        <ele>471.000</ele>
      </trkpt>
      <trkpt lat="45.617650000" lon="4.422480000">
        <ele>470.000</ele>
      </trkpt>
      <trkpt lat="45.617710000" lon="4.422370000">
        <ele>470.000</ele>
      </trkpt>
      <trkpt lat="45.617810000" lon="4.422200000">
        <ele>470.000</ele>
      </trkpt>
      <trkpt lat="45.617920000" lon="4.422050000">
        <ele>470.000</ele>
      </trkpt>
      <trkpt lat="45.618040000" lon="4.421930000">
        <ele>470.000</ele>
      </trkpt>
      <trkpt lat="45.618100000" lon="4.421870000">
        <ele>470.000</ele>
      </trkpt>
      <trkpt lat="45.618240000" lon="4.421770000">
        <ele>470.000</ele>
      </trkpt>
      <trkpt lat="45.618390000" lon="4.421710000">
        <ele>470.000</ele>
      </trkpt>
      <trkpt lat="45.619090000" lon="4.421490000">
        <ele>471.000</ele>
      </trkpt>
      <trkpt lat="45.619220000" lon="4.421380000">
        <ele>471.000</ele>
      </trkpt>
      <trkpt lat="45.619310000" lon="4.421200000">
        <ele>472.000</ele>
      </trkpt>
      <trkpt lat="45.619350000" lon="4.421010000">
        <ele>473.000</ele>
      </trkpt>
      <trkpt lat="45.619350000" lon="4.420840000">
        <ele>473.000</ele>
      </trkpt>
      <trkpt lat="45.619310000" lon="4.420620000">
        <ele>474.000</ele>
      </trkpt>
      <trkpt lat="45.619170000" lon="4.420430000">
        <ele>475.000</ele>
      </trkpt>
      <trkpt lat="45.618840000" lon="4.420060000">
        <ele>477.000</ele>
      </trkpt>
      <trkpt lat="45.618610000" lon="4.419840000">
        <ele>478.000</ele>
      </trkpt>
      <trkpt lat="45.618520000" lon="4.419730000">
        <ele>479.000</ele>
      </trkpt>
      <trkpt lat="45.618460000" lon="4.419580000">
        <ele>480.000</ele>
      </trkpt>
      <trkpt lat="45.618410000" lon="4.419400000">
        <ele>482.000</ele>
      </trkpt>
      <trkpt lat="45.618410000" lon="4.419210000">
        <ele>483.000</ele>
      </trkpt>
      <trkpt lat="45.618440000" lon="4.418990000">
        <ele>484.000</ele>
      </trkpt>
      <trkpt lat="45.618500000" lon="4.418800000">
        <ele>485.000</ele>
      </trkpt>
      <trkpt lat="45.618610000" lon="4.418640000">
        <ele>487.000</ele>
      </trkpt>
      <trkpt lat="45.618690000" lon="4.418540000">
        <ele>488.000</ele>
      </trkpt>
      <trkpt lat="45.618790000" lon="4.418480000">
        <ele>489.000</ele>
      </trkpt>
      <trkpt lat="45.618950000" lon="4.418470000">
        <ele>491.000</ele>
      </trkpt>
      <trkpt lat="45.619280000" lon="4.418530000">
        <ele>493.000</ele>
      </trkpt>
      <trkpt lat="45.619610000" lon="4.418570000">
        <ele>495.000</ele>
      </trkpt>
      <trkpt lat="45.619870000" lon="4.418600000">
        <ele>498.000</ele>
      </trkpt>
      <trkpt lat="45.620000000" lon="4.418590000">
        <ele>499.000</ele>
      </trkpt>
      <trkpt lat="45.620120000" lon="4.418570000">
        <ele>501.000</ele>
      </trkpt>
      <trkpt lat="45.620250000" lon="4.418500000">
        <ele>502.000</ele>
      </trkpt>
      <trkpt lat="45.620380000" lon="4.418410000">
        <ele>504.000</ele>
      </trkpt>
      <trkpt lat="45.620490000" lon="4.418260000">
        <ele>505.000</ele>
      </trkpt>
      <trkpt lat="45.620590000" lon="4.418090000">
        <ele>506.000</ele>
      </trkpt>
      <trkpt lat="45.620660000" lon="4.417890000">
        <ele>507.000</ele>
      </trkpt>
      <trkpt lat="45.620680000" lon="4.417750000">
        <ele>508.000</ele>
      </trkpt>
      <trkpt lat="45.620680000" lon="4.417600000">
        <ele>509.000</ele>
      </trkpt>
      <trkpt lat="45.620650000" lon="4.417460000">
        <ele>509.000</ele>
      </trkpt>
      <trkpt lat="45.620550000" lon="4.417270000">
        <ele>510.000</ele>
      </trkpt>
      <trkpt lat="45.620460000" lon="4.417130000">
        <ele>511.000</ele>
      </trkpt>
      <trkpt lat="45.620270000" lon="4.416890000">
        <ele>512.000</ele>
      </trkpt>
      <trkpt lat="45.619930000" lon="4.416510000">
        <ele>514.000</ele>
      </trkpt>
      <trkpt lat="45.619540000" lon="4.416060000">
        <ele>516.000</ele>
      </trkpt>
      <trkpt lat="45.619440000" lon="4.415910000">
        <ele>518.000</ele>
      </trkpt>
      <trkpt lat="45.619380000" lon="4.415730000">
        <ele>519.000</ele>
      </trkpt>
      <trkpt lat="45.619330000" lon="4.415480000">
        <ele>521.000</ele>
      </trkpt>
      <trkpt lat="45.619200000" lon="4.414650000">
        <ele>523.000</ele>
      </trkpt>
      <trkpt lat="45.619140000" lon="4.414210000">
        <ele>525.000</ele>
      </trkpt>
      <trkpt lat="45.619130000" lon="4.413950000">
        <ele>527.000</ele>
      </trkpt>
      <trkpt lat="45.619150000" lon="4.413440000">
        <ele>528.000</ele>
      </trkpt>
      <trkpt lat="45.619170000" lon="4.413130000">
        <ele>529.000</ele>
      </trkpt>
      <trkpt lat="45.619200000" lon="4.412950000">
        <ele>530.000</ele>
      </trkpt>
      <trkpt lat="45.619260000" lon="4.412790000">
        <ele>531.000</ele>
      </trkpt>
      <trkpt lat="45.619350000" lon="4.412670000">
        <ele>532.000</ele>
      </trkpt>
      <trkpt lat="45.619470000" lon="4.412590000">
        <ele>533.000</ele>
      </trkpt>
      <trkpt lat="45.619550000" lon="4.412570000">
        <ele>533.000</ele>
      </trkpt>
      <trkpt lat="45.619600000" lon="4.412560000">
        <ele>534.000</ele>
      </trkpt>
      <trkpt lat="45.619760000" lon="4.412580000">
        <ele>534.000</ele>
      </trkpt>
      <trkpt lat="45.620210000" lon="4.412680000">
        <ele>536.000</ele>
      </trkpt>
      <trkpt lat="45.620370000" lon="4.412720000">
        <ele>537.000</ele>
      </trkpt>
      <trkpt lat="45.620370000" lon="4.412720000">
        <ele>538.000</ele>
      </trkpt>
      <trkpt lat="45.620680000" lon="4.412790000">
        <ele>539.000</ele>
      </trkpt>
      <trkpt lat="45.621150000" lon="4.412890000">
        <ele>541.000</ele>
      </trkpt>
      <trkpt lat="45.621300000" lon="4.412920000">
        <ele>542.000</ele>
      </trkpt>
      <trkpt lat="45.621420000" lon="4.412900000">
        <ele>543.000</ele>
      </trkpt>
      <trkpt lat="45.621530000" lon="4.412870000">
        <ele>544.000</ele>
      </trkpt>
      <trkpt lat="45.621870000" lon="4.412790000">
        <ele>546.000</ele>
      </trkpt>
      <trkpt lat="45.622140000" lon="4.412730000">
        <ele>547.000</ele>
      </trkpt>
      <trkpt lat="45.623190000" lon="4.412470000">
        <ele>549.000</ele>
      </trkpt>
      <trkpt lat="45.623750000" lon="4.412330000">
        <ele>550.000</ele>
      </trkpt>
      <trkpt lat="45.624320000" lon="4.412190000">
        <ele>552.000</ele>
      </trkpt>
      <trkpt lat="45.624580000" lon="4.412130000">
        <ele>553.000</ele>
      </trkpt>
      <trkpt lat="45.624670000" lon="4.412130000">
        <ele>554.000</ele>
      </trkpt>
      <trkpt lat="45.624740000" lon="4.412130000">
        <ele>555.000</ele>
      </trkpt>
      <trkpt lat="45.624930000" lon="4.412180000">
        <ele>556.000</ele>
      </trkpt>
      <trkpt lat="45.625100000" lon="4.412260000">
        <ele>556.000</ele>
      </trkpt>
      <trkpt lat="45.625240000" lon="4.412390000">
        <ele>557.000</ele>
      </trkpt>
      <trkpt lat="45.625430000" lon="4.412630000">
        <ele>557.000</ele>
      </trkpt>
      <trkpt lat="45.625630000" lon="4.412900000">
        <ele>558.000</ele>
      </trkpt>
      <trkpt lat="45.625790000" lon="4.413110000">
        <ele>559.000</ele>
      </trkpt>
      <trkpt lat="45.625920000" lon="4.413240000">
        <ele>560.000</ele>
      </trkpt>
      <trkpt lat="45.626050000" lon="4.413320000">
        <ele>560.000</ele>
      </trkpt>
      <trkpt lat="45.626220000" lon="4.413370000">
        <ele>561.000</ele>
      </trkpt>
      <trkpt lat="45.626440000" lon="4.413390000">
        <ele>562.000</ele>
      </trkpt>
      <trkpt lat="45.627290000" lon="4.413470000">
        <ele>563.000</ele>
      </trkpt>
      <trkpt lat="45.627350000" lon="4.413470000">
        <ele>564.000</ele>
      </trkpt>
      <trkpt lat="45.627560000" lon="4.413490000">
        <ele>565.000</ele>
      </trkpt>
      <trkpt lat="45.627830000" lon="4.413490000">
        <ele>565.000</ele>
      </trkpt>
      <trkpt lat="45.628150000" lon="4.413460000">
        <ele>564.000</ele>
      </trkpt>
      <trkpt lat="45.628490000" lon="4.413450000">
        <ele>564.000</ele>
      </trkpt>
      <trkpt lat="45.628820000" lon="4.413460000">
        <ele>563.000</ele>
      </trkpt>
      <trkpt lat="45.629150000" lon="4.413490000">
        <ele>562.000</ele>
      </trkpt>
      <trkpt lat="45.629490000" lon="4.413530000">
        <ele>561.000</ele>
      </trkpt>
      <trkpt lat="45.629800000" lon="4.413560000">
        <ele>560.000</ele>
      </trkpt>
      <trkpt lat="45.630000000" lon="4.413580000">
        <ele>560.000</ele>
      </trkpt>
      <trkpt lat="45.630180000" lon="4.413570000">
        <ele>559.000</ele>
      </trkpt>
      <trkpt lat="45.630290000" lon="4.413590000">
        <ele>559.000</ele>
      </trkpt>
      <trkpt lat="45.630370000" lon="4.413620000">
        <ele>559.000</ele>
      </trkpt>
      <trkpt lat="45.630430000" lon="4.413650000">
        <ele>558.000</ele>
      </trkpt>
      <trkpt lat="45.630490000" lon="4.413330000">
        <ele>558.000</ele>
      </trkpt>
      <trkpt lat="45.630550000" lon="4.413090000">
        <ele>558.000</ele>
      </trkpt>
      <trkpt lat="45.630630000" lon="4.412830000">
        <ele>558.000</ele>
      </trkpt>
      <trkpt lat="45.630730000" lon="4.412590000">
        <ele>557.000</ele>
      </trkpt>
      <trkpt lat="45.630960000" lon="4.412230000">
        <ele>556.000</ele>
      </trkpt>
      <trkpt lat="45.631190000" lon="4.411900000">
        <ele>554.000</ele>
      </trkpt>
      <trkpt lat="45.631550000" lon="4.411410000">
        <ele>552.000</ele>
      </trkpt>
      <trkpt lat="45.631890000" lon="4.410890000">
        <ele>549.000</ele>
      </trkpt>
      <trkpt lat="45.632030000" lon="4.410590000">
        <ele>548.000</ele>
      </trkpt>
      <trkpt lat="45.632170000" lon="4.410220000">
        <ele>547.000</ele>
      </trkpt>
      <trkpt lat="45.632270000" lon="4.409880000">
        <ele>547.000</ele>
      </trkpt>
      <trkpt lat="45.632350000" lon="4.409510000">
        <ele>547.000</ele>
      </trkpt>
      <trkpt lat="45.632410000" lon="4.409080000">
        <ele>547.000</ele>
      </trkpt>
      <trkpt lat="45.632440000" lon="4.408700000">
        <ele>548.000</ele>
      </trkpt>
      <trkpt lat="45.632400000" lon="4.407730000">
        <ele>549.000</ele>
      </trkpt>
      <trkpt lat="45.632310000" lon="4.405930000">
        <ele>554.000</ele>
      </trkpt>
      <trkpt lat="45.632230000" lon="4.404330000">
        <ele>562.000</ele>
      </trkpt>
      <trkpt lat="45.632230000" lon="4.404000000">
        <ele>567.000</ele>
      </trkpt>
      <trkpt lat="45.632250000" lon="4.403710000">
        <ele>571.000</ele>
      </trkpt>
      <trkpt lat="45.632300000" lon="4.403480000">
        <ele>575.000</ele>
      </trkpt>
      <trkpt lat="45.632360000" lon="4.403280000">
        <ele>577.000</ele>
      </trkpt>
      <trkpt lat="45.632450000" lon="4.403050000">
        <ele>579.000</ele>
      </trkpt>
      <trkpt lat="45.632540000" lon="4.402920000">
        <ele>581.000</ele>
      </trkpt>
      <trkpt lat="45.632630000" lon="4.402800000">
        <ele>582.000</ele>
      </trkpt>
      <trkpt lat="45.632800000" lon="4.402610000">
        <ele>584.000</ele>
      </trkpt>
      <trkpt lat="45.633250000" lon="4.402230000">
        <ele>586.000</ele>
      </trkpt>
      <trkpt lat="45.633450000" lon="4.402050000">
        <ele>588.000</ele>
      </trkpt>
      <trkpt lat="45.633590000" lon="4.401890000">
        <ele>590.000</ele>
      </trkpt>
      <trkpt lat="45.633720000" lon="4.401670000">
        <ele>591.000</ele>
      </trkpt>
      <trkpt lat="45.633820000" lon="4.401430000">
        <ele>592.000</ele>
      </trkpt>
      <trkpt lat="45.634060000" lon="4.400610000">
        <ele>594.000</ele>
      </trkpt>
      <trkpt lat="45.634190000" lon="4.400080000">
        <ele>596.000</ele>
      </trkpt>
      <trkpt lat="45.634760000" lon="4.399590000">
        <ele>599.000</ele>
      </trkpt>
      <trkpt lat="45.635440000" lon="4.399310000">
        <ele>603.000</ele>
      </trkpt>
      <trkpt lat="45.636240000" lon="4.398980000">
        <ele>607.000</ele>
      </trkpt>
      <trkpt lat="45.636240000" lon="4.398950000">
        <ele>609.000</ele>
      </trkpt>
      <trkpt lat="45.636270000" lon="4.398910000">
        <ele>611.000</ele>
      </trkpt>
      <trkpt lat="45.636310000" lon="4.398880000">
        <ele>612.000</ele>
      </trkpt>
      <trkpt lat="45.636490000" lon="4.398650000">
        <ele>613.000</ele>
      </trkpt>
      <trkpt lat="45.636630000" lon="4.398270000">
        <ele>615.000</ele>
      </trkpt>
      <trkpt lat="45.636610000" lon="4.397970000">
        <ele>616.000</ele>
      </trkpt>
      <trkpt lat="45.636610000" lon="4.397950000">
        <ele>616.000</ele>
      </trkpt>
      <trkpt lat="45.636610000" lon="4.397950000">
        <ele>617.000</ele>
      </trkpt>
      <trkpt lat="45.636450000" lon="4.397260000">
        <ele>618.000</ele>
      </trkpt>
      <trkpt lat="45.636380000" lon="4.396890000">
        <ele>619.000</ele>
      </trkpt>
      <trkpt lat="45.636320000" lon="4.396510000">
        <ele>620.000</ele>
      </trkpt>
      <trkpt lat="45.636320000" lon="4.396200000">
        <ele>620.000</ele>
      </trkpt>
      <trkpt lat="45.636410000" lon="4.395710000">
        <ele>621.000</ele>
      </trkpt>
      <trkpt lat="45.636470000" lon="4.395530000">
        <ele>622.000</ele>
      </trkpt>
      <trkpt lat="45.636540000" lon="4.395280000">
        <ele>623.000</ele>
      </trkpt>
      <trkpt lat="45.637050000" lon="4.393960000">
        <ele>624.000</ele>
      </trkpt>
      <trkpt lat="45.637550000" lon="4.392550000">
        <ele>625.000</ele>
      </trkpt>
      <trkpt lat="45.637630000" lon="4.392480000">
        <ele>625.000</ele>
      </trkpt>
      <trkpt lat="45.637560000" lon="4.392360000">
        <ele>625.000</ele>
      </trkpt>
      <trkpt lat="45.637490000" lon="4.392280000">
        <ele>625.000</ele>
      </trkpt>
      <trkpt lat="45.637410000" lon="4.392200000">
        <ele>625.000</ele>
      </trkpt>
      <trkpt lat="45.637410000" lon="4.392200000">
        <ele>625.000</ele>
      </trkpt>
      <trkpt lat="45.637350000" lon="4.392150000">
        <ele>625.000</ele>
      </trkpt>
      <trkpt lat="45.637170000" lon="4.391960000">
        <ele>625.000</ele>
      </trkpt>
      <trkpt lat="45.637100000" lon="4.391910000">
        <ele>625.000</ele>
      </trkpt>
      <trkpt lat="45.637000000" lon="4.391830000">
        <ele>624.000</ele>
      </trkpt>
      <trkpt lat="45.636470000" lon="4.391650000">
        <ele>623.000</ele>
      </trkpt>
      <trkpt lat="45.635510000" lon="4.391520000">
        <ele>620.000</ele>
      </trkpt>
      <trkpt lat="45.635040000" lon="4.391400000">
        <ele>617.000</ele>
      </trkpt>
      <trkpt lat="45.635150000" lon="4.390550000">
        <ele>615.000</ele>
      </trkpt>
      <trkpt lat="45.635180000" lon="4.390320000">
        <ele>613.000</ele>
      </trkpt>
      <trkpt lat="45.635230000" lon="4.389590000">
        <ele>612.000</ele>
      </trkpt>
      <trkpt lat="45.635260000" lon="4.389350000">
        <ele>612.000</ele>
      </trkpt>
      <trkpt lat="45.635260000" lon="4.389350000">
        <ele>611.000</ele>
      </trkpt>
      <trkpt lat="45.635260000" lon="4.389310000">
        <ele>611.000</ele>
      </trkpt>
      <trkpt lat="45.635300000" lon="4.389040000">
        <ele>611.000</ele>
      </trkpt>
      <trkpt lat="45.635380000" lon="4.388760000">
        <ele>611.000</ele>
      </trkpt>
      <trkpt lat="45.635420000" lon="4.388630000">
        <ele>611.000</ele>
      </trkpt>
      <trkpt lat="45.635450000" lon="4.387980000">
        <ele>611.000</ele>
      </trkpt>
      <trkpt lat="45.635450000" lon="4.387760000">
        <ele>610.000</ele>
      </trkpt>
      <trkpt lat="45.635450000" lon="4.387460000">
        <ele>610.000</ele>
      </trkpt>
      <trkpt lat="45.635450000" lon="4.387330000">
        <ele>610.000</ele>
      </trkpt>
      <trkpt lat="45.635450000" lon="4.387020000">
        <ele>610.000</ele>
      </trkpt>
      <trkpt lat="45.635600000" lon="4.387180000">
        <ele>610.000</ele>
      </trkpt>
      <trkpt lat="45.635620000" lon="4.387210000">
        <ele>610.000</ele>
      </trkpt>
      <trkpt lat="45.636030000" lon="4.387640000">
        <ele>610.000</ele>
      </trkpt>
      <trkpt lat="45.636030000" lon="4.387640000">
        <ele>610.000</ele>
      </trkpt>
      <trkpt lat="45.636460000" lon="4.388090000">
        <ele>610.000</ele>
      </trkpt>
      <trkpt lat="45.636520000" lon="4.388110000">
        <ele>611.000</ele>
      </trkpt>
      <trkpt lat="45.636570000" lon="4.388090000">
        <ele>611.000</ele>
      </trkpt>
      <trkpt lat="45.636590000" lon="4.388130000">
        <ele>611.000</ele>
      </trkpt>
      <trkpt lat="45.636600000" lon="4.388140000">
        <ele>612.000</ele>
      </trkpt>
      <trkpt lat="45.636630000" lon="4.388170000">
        <ele>612.000</ele>
      </trkpt>
      <trkpt lat="45.636670000" lon="4.388170000">
        <ele>612.000</ele>
      </trkpt>
      <trkpt lat="45.636940000" lon="4.388710000">
        <ele>612.000</ele>
      </trkpt>
      <trkpt lat="45.636980000" lon="4.388790000">
        <ele>613.000</ele>
      </trkpt>
      <trkpt lat="45.637180000" lon="4.389180000">
        <ele>614.000</ele>
      </trkpt>
      <trkpt lat="45.637230000" lon="4.389270000">
        <ele>614.000</ele>
      </trkpt>
      <trkpt lat="45.637440000" lon="4.389590000">
        <ele>615.000</ele>
      </trkpt>
      <trkpt lat="45.637480000" lon="4.389660000">
        <ele>616.000</ele>
      </trkpt>
      <trkpt lat="45.637510000" lon="4.389710000">
        <ele>616.000</ele>
      </trkpt>
      <trkpt lat="45.637540000" lon="4.389750000">
        <ele>616.000</ele>
      </trkpt>
      <trkpt lat="45.637700000" lon="4.390110000">
        <ele>617.000</ele>
      </trkpt>
      <trkpt lat="45.637740000" lon="4.390210000">
        <ele>617.000</ele>
      </trkpt>
      <trkpt lat="45.637750000" lon="4.390230000">
        <ele>617.000</ele>
      </trkpt>
      <trkpt lat="45.637790000" lon="4.390270000">
        <ele>618.000</ele>
      </trkpt>
      <trkpt lat="45.637930000" lon="4.390410000">
        <ele>618.000</ele>
      </trkpt>
      <trkpt lat="45.638130000" lon="4.390710000">
        <ele>618.000</ele>
      </trkpt>
      <trkpt lat="45.638200000" lon="4.390830000">
        <ele>619.000</ele>
      </trkpt>
      <trkpt lat="45.638210000" lon="4.390840000">
        <ele>619.000</ele>
      </trkpt>
      <trkpt lat="45.638290000" lon="4.390980000">
        <ele>619.000</ele>
      </trkpt>
      <trkpt lat="45.638320000" lon="4.391040000">
        <ele>620.000</ele>
      </trkpt>
      <trkpt lat="45.638320000" lon="4.391040000">
        <ele>620.000</ele>
      </trkpt>
      <trkpt lat="45.638340000" lon="4.391080000">
        <ele>620.000</ele>
      </trkpt>
      <trkpt lat="45.638460000" lon="4.391380000">
        <ele>620.000</ele>
      </trkpt>
      <trkpt lat="45.638480000" lon="4.391450000">
        <ele>620.000</ele>
      </trkpt>
      <trkpt lat="45.638510000" lon="4.391580000">
        <ele>621.000</ele>
      </trkpt>
      <trkpt lat="45.638570000" lon="4.391780000">
        <ele>621.000</ele>
      </trkpt>
      <trkpt lat="45.638680000" lon="4.391730000">
        <ele>621.000</ele>
      </trkpt>
      <trkpt lat="45.638690000" lon="4.391780000">
        <ele>621.000</ele>
      </trkpt>
      <trkpt lat="45.638700000" lon="4.391830000">
        <ele>621.000</ele>
      </trkpt>
      <trkpt lat="45.638740000" lon="4.391890000">
        <ele>621.000</ele>
      </trkpt>
      <trkpt lat="45.638760000" lon="4.391900000">
        <ele>621.000</ele>
      </trkpt>
      <trkpt lat="45.638790000" lon="4.391900000">
        <ele>620.000</ele>
      </trkpt>
      <trkpt lat="45.638820000" lon="4.391880000">
        <ele>620.000</ele>
      </trkpt>
      <trkpt lat="45.638990000" lon="4.391710000">
        <ele>620.000</ele>
      </trkpt>
      <trkpt lat="45.639020000" lon="4.391660000">
        <ele>620.000</ele>
      </trkpt>
      <trkpt lat="45.639140000" lon="4.391730000">
        <ele>619.000</ele>
      </trkpt>
      <trkpt lat="45.639190000" lon="4.391740000">
        <ele>619.000</ele>
      </trkpt>
      <trkpt lat="45.640220000" lon="4.391790000">
        <ele>617.000</ele>
      </trkpt>
      <trkpt lat="45.640730000" lon="4.391820000">
        <ele>615.000</ele>
      </trkpt>
      <trkpt lat="45.640820000" lon="4.391820000">
        <ele>613.000</ele>
      </trkpt>
      <trkpt lat="45.640880000" lon="4.391820000">
        <ele>612.000</ele>
      </trkpt>
      <trkpt lat="45.640960000" lon="4.391820000">
        <ele>611.000</ele>
      </trkpt>
      <trkpt lat="45.641040000" lon="4.391800000">
        <ele>610.000</ele>
      </trkpt>
      <trkpt lat="45.641190000" lon="4.391750000">
        <ele>610.000</ele>
      </trkpt>
      <trkpt lat="45.641330000" lon="4.391690000">
        <ele>609.000</ele>
      </trkpt>
      <trkpt lat="45.641410000" lon="4.391640000">
        <ele>608.000</ele>
      </trkpt>
      <trkpt lat="45.641540000" lon="4.391550000">
        <ele>607.000</ele>
      </trkpt>
      <trkpt lat="45.641630000" lon="4.391470000">
        <ele>607.000</ele>
      </trkpt>
      <trkpt lat="45.641630000" lon="4.391470000">
        <ele>606.000</ele>
      </trkpt>
      <trkpt lat="45.641690000" lon="4.391400000">
        <ele>606.000</ele>
      </trkpt>
      <trkpt lat="45.641890000" lon="4.391140000">
        <ele>605.000</ele>
      </trkpt>
      <trkpt lat="45.642100000" lon="4.390760000">
        <ele>604.000</ele>
      </trkpt>
      <trkpt lat="45.642270000" lon="4.390350000">
        <ele>603.000</ele>
      </trkpt>
      <trkpt lat="45.642320000" lon="4.390210000">
        <ele>602.000</ele>
      </trkpt>
      <trkpt lat="45.642690000" lon="4.389130000">
        <ele>601.000</ele>
      </trkpt>
      <trkpt lat="45.642910000" lon="4.388410000">
        <ele>599.000</ele>
      </trkpt>
      <trkpt lat="45.643030000" lon="4.388180000">
        <ele>597.000</ele>
      </trkpt>
      <trkpt lat="45.643590000" lon="4.387250000">
        <ele>595.000</ele>
      </trkpt>
      <trkpt lat="45.643760000" lon="4.386940000">
        <ele>592.000</ele>
      </trkpt>
      <trkpt lat="45.643860000" lon="4.386710000">
        <ele>590.000</ele>
      </trkpt>
      <trkpt lat="45.644140000" lon="4.385970000">
        <ele>588.000</ele>
      </trkpt>
      <trkpt lat="45.644250000" lon="4.385810000">
        <ele>586.000</ele>
      </trkpt>
      <trkpt lat="45.644490000" lon="4.385390000">
        <ele>584.000</ele>
      </trkpt>
      <trkpt lat="45.644570000" lon="4.385230000">
        <ele>583.000</ele>
      </trkpt>
      <trkpt lat="45.644610000" lon="4.385150000">
        <ele>582.000</ele>
      </trkpt>
      <trkpt lat="45.644830000" lon="4.384500000">
        <ele>580.000</ele>
      </trkpt>
      <trkpt lat="45.644960000" lon="4.384150000">
        <ele>579.000</ele>
      </trkpt>
      <trkpt lat="45.645070000" lon="4.383950000">
        <ele>578.000</ele>
      </trkpt>
      <trkpt lat="45.645470000" lon="4.383370000">
        <ele>576.000</ele>
      </trkpt>
      <trkpt lat="45.645570000" lon="4.383160000">
        <ele>575.000</ele>
      </trkpt>
      <trkpt lat="45.645620000" lon="4.382950000">
        <ele>574.000</ele>
      </trkpt>
      <trkpt lat="45.645660000" lon="4.382650000">
        <ele>574.000</ele>
      </trkpt>
      <trkpt lat="45.645720000" lon="4.382360000">
        <ele>573.000</ele>
      </trkpt>
      <trkpt lat="45.645840000" lon="4.382100000">
        <ele>572.000</ele>
      </trkpt>
      <trkpt lat="45.645950000" lon="4.381920000">
        <ele>572.000</ele>
      </trkpt>
      <trkpt lat="45.646090000" lon="4.381760000">
        <ele>571.000</ele>
      </trkpt>
      <trkpt lat="45.646350000" lon="4.381500000">
        <ele>571.000</ele>
      </trkpt>
      <trkpt lat="45.646900000" lon="4.380950000">
        <ele>570.000</ele>
      </trkpt>
      <trkpt lat="45.647040000" lon="4.380760000">
        <ele>568.000</ele>
      </trkpt>
      <trkpt lat="45.647140000" lon="4.380510000">
        <ele>567.000</ele>
      </trkpt>
      <trkpt lat="45.647290000" lon="4.379940000">
        <ele>565.000</ele>
      </trkpt>
      <trkpt lat="45.647400000" lon="4.379700000">
        <ele>564.000</ele>
      </trkpt>
      <trkpt lat="45.647520000" lon="4.379560000">
        <ele>562.000</ele>
      </trkpt>
      <trkpt lat="45.647680000" lon="4.379430000">
        <ele>561.000</ele>
      </trkpt>
      <trkpt lat="45.648020000" lon="4.379250000">
        <ele>559.000</ele>
      </trkpt>
      <trkpt lat="45.648260000" lon="4.379150000">
        <ele>557.000</ele>
      </trkpt>
      <trkpt lat="45.648470000" lon="4.379120000">
        <ele>556.000</ele>
      </trkpt>
      <trkpt lat="45.648690000" lon="4.379140000">
        <ele>555.000</ele>
      </trkpt>
      <trkpt lat="45.648890000" lon="4.379200000">
        <ele>554.000</ele>
      </trkpt>
      <trkpt lat="45.649130000" lon="4.379330000">
        <ele>553.000</ele>
      </trkpt>
      <trkpt lat="45.649310000" lon="4.379500000">
        <ele>553.000</ele>
      </trkpt>
      <trkpt lat="45.649420000" lon="4.379630000">
        <ele>552.000</ele>
      </trkpt>
      <trkpt lat="45.649610000" lon="4.379940000">
        <ele>551.000</ele>
      </trkpt>
      <trkpt lat="45.649870000" lon="4.380490000">
        <ele>551.000</ele>
      </trkpt>
      <trkpt lat="45.649980000" lon="4.380780000">
        <ele>550.000</ele>
      </trkpt>
      <trkpt lat="45.650050000" lon="4.381060000">
        <ele>550.000</ele>
      </trkpt>
      <trkpt lat="45.650070000" lon="4.381240000">
        <ele>550.000</ele>
      </trkpt>
      <trkpt lat="45.650080000" lon="4.381380000">
        <ele>549.000</ele>
      </trkpt>
      <trkpt lat="45.650060000" lon="4.381590000">
        <ele>549.000</ele>
      </trkpt>
      <trkpt lat="45.650040000" lon="4.381890000">
        <ele>549.000</ele>
      </trkpt>
      <trkpt lat="45.650060000" lon="4.382040000">
        <ele>549.000</ele>
      </trkpt>
      <trkpt lat="45.650110000" lon="4.382150000">
        <ele>549.000</ele>
      </trkpt>
      <trkpt lat="45.650190000" lon="4.382250000">
        <ele>548.000</ele>
      </trkpt>
      <trkpt lat="45.650230000" lon="4.382290000">
        <ele>548.000</ele>
      </trkpt>
      <trkpt lat="45.650320000" lon="4.382330000">
        <ele>548.000</ele>
      </trkpt>
      <trkpt lat="45.650430000" lon="4.382330000">
        <ele>548.000</ele>
      </trkpt>
      <trkpt lat="45.650490000" lon="4.382320000">
        <ele>548.000</ele>
      </trkpt>
      <trkpt lat="45.650570000" lon="4.382300000">
        <ele>548.000</ele>
      </trkpt>
      <trkpt lat="45.650700000" lon="4.382240000">
        <ele>548.000</ele>
      </trkpt>
      <trkpt lat="45.650760000" lon="4.382210000">
        <ele>548.000</ele>
      </trkpt>
      <trkpt lat="45.650910000" lon="4.382100000">
        <ele>548.000</ele>
      </trkpt>
      <trkpt lat="45.650970000" lon="4.382030000">
        <ele>548.000</ele>
      </trkpt>
      <trkpt lat="45.651010000" lon="4.381940000">
        <ele>548.000</ele>
      </trkpt>
      <trkpt lat="45.651050000" lon="4.381850000">
        <ele>548.000</ele>
      </trkpt>
      <trkpt lat="45.651070000" lon="4.381720000">
        <ele>548.000</ele>
      </trkpt>
      <trkpt lat="45.651080000" lon="4.381560000">
        <ele>548.000</ele>
      </trkpt>
      <trkpt lat="45.651090000" lon="4.381430000">
        <ele>548.000</ele>
      </trkpt>
      <trkpt lat="45.651070000" lon="4.381190000">
        <ele>548.000</ele>
      </trkpt>
      <trkpt lat="45.651000000" lon="4.380350000">
        <ele>548.000</ele>
      </trkpt>
      <trkpt lat="45.650950000" lon="4.379730000">
        <ele>548.000</ele>
      </trkpt>
      <trkpt lat="45.650910000" lon="4.379230000">
        <ele>548.000</ele>
      </trkpt>
      <trkpt lat="45.650910000" lon="4.379090000">
        <ele>549.000</ele>
      </trkpt>
      <trkpt lat="45.650950000" lon="4.378980000">
        <ele>550.000</ele>
      </trkpt>
      <trkpt lat="45.650990000" lon="4.378870000">
        <ele>550.000</ele>
      </trkpt>
      <trkpt lat="45.651040000" lon="4.378790000">
        <ele>551.000</ele>
      </trkpt>
      <trkpt lat="45.651090000" lon="4.378730000">
        <ele>552.000</ele>
      </trkpt>
      <trkpt lat="45.651210000" lon="4.378670000">
        <ele>552.000</ele>
      </trkpt>
      <trkpt lat="45.651560000" lon="4.378580000">
        <ele>554.000</ele>
      </trkpt>
      <trkpt lat="45.651660000" lon="4.378560000">
        <ele>555.000</ele>
      </trkpt>
      <trkpt lat="45.651730000" lon="4.378530000">
        <ele>556.000</ele>
      </trkpt>
      <trkpt lat="45.651810000" lon="4.378470000">
        <ele>556.000</ele>
      </trkpt>
      <trkpt lat="45.651880000" lon="4.378410000">
        <ele>557.000</ele>
      </trkpt>
      <trkpt lat="45.651960000" lon="4.378320000">
        <ele>558.000</ele>
      </trkpt>
      <trkpt lat="45.652000000" lon="4.378220000">
        <ele>558.000</ele>
      </trkpt>
      <trkpt lat="45.652050000" lon="4.378070000">
        <ele>559.000</ele>
      </trkpt>
      <trkpt lat="45.652080000" lon="4.377900000">
        <ele>560.000</ele>
      </trkpt>
      <trkpt lat="45.652120000" lon="4.377550000">
        <ele>560.000</ele>
      </trkpt>
      <trkpt lat="45.652140000" lon="4.377270000">
        <ele>561.000</ele>
      </trkpt>
      <trkpt lat="45.652160000" lon="4.377110000">
        <ele>561.000</ele>
      </trkpt>
      <trkpt lat="45.652230000" lon="4.376400000">
        <ele>562.000</ele>
      </trkpt>
      <trkpt lat="45.652230000" lon="4.376370000">
        <ele>563.000</ele>
      </trkpt>
      <trkpt lat="45.652260000" lon="4.376160000">
        <ele>563.000</ele>
      </trkpt>
      <trkpt lat="45.652320000" lon="4.375970000">
        <ele>563.000</ele>
      </trkpt>
      <trkpt lat="45.652430000" lon="4.375750000">
        <ele>564.000</ele>
      </trkpt>
      <trkpt lat="45.652480000" lon="4.375670000">
        <ele>564.000</ele>
      </trkpt>
      <trkpt lat="45.652620000" lon="4.375490000">
        <ele>565.000</ele>
      </trkpt>
      <trkpt lat="45.652710000" lon="4.375380000">
        <ele>565.000</ele>
      </trkpt>
      <trkpt lat="45.652880000" lon="4.375140000">
        <ele>565.000</ele>
      </trkpt>
      <trkpt lat="45.652930000" lon="4.375040000">
        <ele>564.000</ele>
      </trkpt>
      <trkpt lat="45.653280000" lon="4.374490000">
        <ele>564.000</ele>
      </trkpt>
      <trkpt lat="45.653380000" lon="4.374270000">
        <ele>563.000</ele>
      </trkpt>
      <trkpt lat="45.653450000" lon="4.374070000">
        <ele>562.000</ele>
      </trkpt>
      <trkpt lat="45.653620000" lon="4.373430000">
        <ele>561.000</ele>
      </trkpt>
      <trkpt lat="45.653710000" lon="4.373040000">
        <ele>560.000</ele>
      </trkpt>
      <trkpt lat="45.653740000" lon="4.372810000">
        <ele>560.000</ele>
      </trkpt>
      <trkpt lat="45.653790000" lon="4.372190000">
        <ele>559.000</ele>
      </trkpt>
      <trkpt lat="45.653800000" lon="4.371710000">
        <ele>557.000</ele>
      </trkpt>
      <trkpt lat="45.653770000" lon="4.370490000">
        <ele>556.000</ele>
      </trkpt>
      <trkpt lat="45.653750000" lon="4.369810000">
        <ele>554.000</ele>
      </trkpt>
      <trkpt lat="45.653670000" lon="4.369090000">
        <ele>552.000</ele>
      </trkpt>
      <trkpt lat="45.653520000" lon="4.368800000">
        <ele>551.000</ele>
      </trkpt>
      <trkpt lat="45.653500000" lon="4.368670000">
        <ele>550.000</ele>
      </trkpt>
      <trkpt lat="45.653500000" lon="4.368600000">
        <ele>550.000</ele>
      </trkpt>
      <trkpt lat="45.653390000" lon="4.368570000">
        <ele>549.000</ele>
      </trkpt>
      <trkpt lat="45.653360000" lon="4.368350000">
        <ele>549.000</ele>
      </trkpt>
      <trkpt lat="45.653350000" lon="4.368180000">
        <ele>548.000</ele>
      </trkpt>
      <trkpt lat="45.653360000" lon="4.368010000">
        <ele>548.000</ele>
      </trkpt>
      <trkpt lat="45.653380000" lon="4.367830000">
        <ele>548.000</ele>
      </trkpt>
      <trkpt lat="45.653400000" lon="4.367690000">
        <ele>548.000</ele>
      </trkpt>
      <trkpt lat="45.653480000" lon="4.367410000">
        <ele>547.000</ele>
      </trkpt>
      <trkpt lat="45.653540000" lon="4.367210000">
        <ele>547.000</ele>
      </trkpt>
      <trkpt lat="45.653580000" lon="4.367020000">
        <ele>548.000</ele>
      </trkpt>
      <trkpt lat="45.653620000" lon="4.366770000">
        <ele>549.000</ele>
      </trkpt>
      <trkpt lat="45.653640000" lon="4.366620000">
        <ele>550.000</ele>
      </trkpt>
      <trkpt lat="45.653660000" lon="4.366460000">
        <ele>551.000</ele>
      </trkpt>
      <trkpt lat="45.653710000" lon="4.366320000">
        <ele>551.000</ele>
      </trkpt>
      <trkpt lat="45.653770000" lon="4.366200000">
        <ele>552.000</ele>
      </trkpt>
      <trkpt lat="45.653860000" lon="4.366090000">
        <ele>553.000</ele>
      </trkpt>
      <trkpt lat="45.653910000" lon="4.366050000">
        <ele>554.000</ele>
      </trkpt>
      <trkpt lat="45.653960000" lon="4.366010000">
        <ele>555.000</ele>
      </trkpt>
      <trkpt lat="45.654750000" lon="4.365550000">
        <ele>558.000</ele>
      </trkpt>
      <trkpt lat="45.655270000" lon="4.365250000">
        <ele>561.000</ele>
      </trkpt>
      <trkpt lat="45.655380000" lon="4.365200000">
        <ele>563.000</ele>
      </trkpt>
      <trkpt lat="45.655440000" lon="4.365170000">
        <ele>565.000</ele>
      </trkpt>
      <trkpt lat="45.655710000" lon="4.365100000">
        <ele>567.000</ele>
      </trkpt>
      <trkpt lat="45.655930000" lon="4.365060000">
        <ele>568.000</ele>
      </trkpt>
      <trkpt lat="45.656000000" lon="4.365040000">
        <ele>570.000</ele>
      </trkpt>
      <trkpt lat="45.656240000" lon="4.364980000">
        <ele>571.000</ele>
      </trkpt>
      <trkpt lat="45.656360000" lon="4.364940000">
        <ele>572.000</ele>
      </trkpt>
      <trkpt lat="45.656470000" lon="4.364870000">
        <ele>573.000</ele>
      </trkpt>
      <trkpt lat="45.656610000" lon="4.364750000">
        <ele>574.000</ele>
      </trkpt>
      <trkpt lat="45.656720000" lon="4.364580000">
        <ele>576.000</ele>
      </trkpt>
      <trkpt lat="45.656790000" lon="4.364410000">
        <ele>577.000</ele>
      </trkpt>
      <trkpt lat="45.656850000" lon="4.364240000">
        <ele>578.000</ele>
      </trkpt>
      <trkpt lat="45.656940000" lon="4.363920000">
        <ele>579.000</ele>
      </trkpt>
      <trkpt lat="45.657020000" lon="4.363600000">
        <ele>581.000</ele>
      </trkpt>
      <trkpt lat="45.657130000" lon="4.363290000">
        <ele>582.000</ele>
      </trkpt>
      <trkpt lat="45.657220000" lon="4.363120000">
        <ele>584.000</ele>
      </trkpt>
      <trkpt lat="45.657340000" lon="4.362970000">
        <ele>585.000</ele>
      </trkpt>
      <trkpt lat="45.657570000" lon="4.362750000">
        <ele>586.000</ele>
      </trkpt>
      <trkpt lat="45.657820000" lon="4.362550000">
        <ele>588.000</ele>
      </trkpt>
      <trkpt lat="45.658190000" lon="4.362260000">
        <ele>590.000</ele>
      </trkpt>
      <trkpt lat="45.658990000" lon="4.361620000">
        <ele>592.000</ele>
      </trkpt>
      <trkpt lat="45.659100000" lon="4.361480000">
        <ele>594.000</ele>
      </trkpt>
      <trkpt lat="45.659200000" lon="4.361290000">
        <ele>596.000</ele>
      </trkpt>
      <trkpt lat="45.659270000" lon="4.361020000">
        <ele>598.000</ele>
      </trkpt>
      <trkpt lat="45.659350000" lon="4.360590000">
        <ele>600.000</ele>
      </trkpt>
      <trkpt lat="45.659410000" lon="4.360330000">
        <ele>602.000</ele>
      </trkpt>
      <trkpt lat="45.659480000" lon="4.360080000">
        <ele>603.000</ele>
      </trkpt>
      <trkpt lat="45.659540000" lon="4.359890000">
        <ele>605.000</ele>
      </trkpt>
      <trkpt lat="45.659640000" lon="4.359720000">
        <ele>606.000</ele>
      </trkpt>
      <trkpt lat="45.659730000" lon="4.359580000">
        <ele>608.000</ele>
      </trkpt>
      <trkpt lat="45.660130000" lon="4.359120000">
        <ele>610.000</ele>
      </trkpt>
      <trkpt lat="45.660330000" lon="4.358900000">
        <ele>611.000</ele>
      </trkpt>
      <trkpt lat="45.660510000" lon="4.358740000">
        <ele>611.000</ele>
      </trkpt>
      <trkpt lat="45.660610000" lon="4.358680000">
        <ele>611.000</ele>
      </trkpt>
      <trkpt lat="45.660640000" lon="4.358670000">
        <ele>611.000</ele>
      </trkpt>
      <trkpt lat="45.660720000" lon="4.358630000">
        <ele>611.000</ele>
      </trkpt>
      <trkpt lat="45.660860000" lon="4.358600000">
        <ele>611.000</ele>
      </trkpt>
      <trkpt lat="45.661030000" lon="4.358590000">
        <ele>610.000</ele>
      </trkpt>
      <trkpt lat="45.661250000" lon="4.358620000">
        <ele>609.000</ele>
      </trkpt>
      <trkpt lat="45.661530000" lon="4.358660000">
        <ele>608.000</ele>
      </trkpt>
      <trkpt lat="45.661620000" lon="4.358680000">
        <ele>607.000</ele>
      </trkpt>
      <trkpt lat="45.661780000" lon="4.358670000">
        <ele>606.000</ele>
      </trkpt>
      <trkpt lat="45.661900000" lon="4.358620000">
        <ele>605.000</ele>
      </trkpt>
      <trkpt lat="45.662010000" lon="4.358510000">
        <ele>604.000</ele>
      </trkpt>
      <trkpt lat="45.662080000" lon="4.358400000">
        <ele>604.000</ele>
      </trkpt>
      <trkpt lat="45.662130000" lon="4.358280000">
        <ele>603.000</ele>
      </trkpt>
      <trkpt lat="45.662210000" lon="4.358090000">
        <ele>602.000</ele>
      </trkpt>
      <trkpt lat="45.662280000" lon="4.357970000">
        <ele>601.000</ele>
      </trkpt>
      <trkpt lat="45.662360000" lon="4.357880000">
        <ele>600.000</ele>
      </trkpt>
      <trkpt lat="45.662530000" lon="4.357790000">
        <ele>600.000</ele>
      </trkpt>
      <trkpt lat="45.662700000" lon="4.357740000">
        <ele>599.000</ele>
      </trkpt>
      <trkpt lat="45.662920000" lon="4.357670000">
        <ele>597.000</ele>
      </trkpt>
      <trkpt lat="45.663080000" lon="4.357550000">
        <ele>596.000</ele>
      </trkpt>
      <trkpt lat="45.663180000" lon="4.357410000">
        <ele>595.000</ele>
      </trkpt>
      <trkpt lat="45.663240000" lon="4.357260000">
        <ele>594.000</ele>
      </trkpt>
      <trkpt lat="45.663270000" lon="4.357100000">
        <ele>593.000</ele>
      </trkpt>
      <trkpt lat="45.663270000" lon="4.356910000">
        <ele>593.000</ele>
      </trkpt>
      <trkpt lat="45.663240000" lon="4.356720000">
        <ele>592.000</ele>
      </trkpt>
      <trkpt lat="45.663060000" lon="4.356140000">
        <ele>593.000</ele>
      </trkpt>
      <trkpt lat="45.663020000" lon="4.356020000">
        <ele>593.000</ele>
      </trkpt>
      <trkpt lat="45.662860000" lon="4.355530000">
        <ele>593.000</ele>
      </trkpt>
      <trkpt lat="45.662780000" lon="4.355280000">
        <ele>593.000</ele>
      </trkpt>
      <trkpt lat="45.662690000" lon="4.355130000">
        <ele>593.000</ele>
      </trkpt>
      <trkpt lat="45.662570000" lon="4.354950000">
        <ele>594.000</ele>
      </trkpt>
      <trkpt lat="45.662420000" lon="4.354820000">
        <ele>594.000</ele>
      </trkpt>
      <trkpt lat="45.662250000" lon="4.354710000">
        <ele>595.000</ele>
      </trkpt>
      <trkpt lat="45.662080000" lon="4.354660000">
        <ele>596.000</ele>
      </trkpt>
      <trkpt lat="45.661880000" lon="4.354610000">
        <ele>597.000</ele>
      </trkpt>
      <trkpt lat="45.661690000" lon="4.354540000">
        <ele>598.000</ele>
      </trkpt>
      <trkpt lat="45.661570000" lon="4.354470000">
        <ele>599.000</ele>
      </trkpt>
      <trkpt lat="45.661490000" lon="4.354390000">
        <ele>601.000</ele>
      </trkpt>
      <trkpt lat="45.661420000" lon="4.354310000">
        <ele>601.000</ele>
      </trkpt>
      <trkpt lat="45.661270000" lon="4.354090000">
        <ele>603.000</ele>
      </trkpt>
      <trkpt lat="45.661130000" lon="4.353840000">
        <ele>604.000</ele>
      </trkpt>
      <trkpt lat="45.661010000" lon="4.353640000">
        <ele>606.000</ele>
      </trkpt>
      <trkpt lat="45.660940000" lon="4.353530000">
        <ele>607.000</ele>
      </trkpt>
      <trkpt lat="45.660830000" lon="4.353340000">
        <ele>608.000</ele>
      </trkpt>
      <trkpt lat="45.660730000" lon="4.353160000">
        <ele>610.000</ele>
      </trkpt>
      <trkpt lat="45.660640000" lon="4.352960000">
        <ele>611.000</ele>
      </trkpt>
      <trkpt lat="45.660570000" lon="4.352760000">
        <ele>612.000</ele>
      </trkpt>
      <trkpt lat="45.660510000" lon="4.352520000">
        <ele>614.000</ele>
      </trkpt>
      <trkpt lat="45.660480000" lon="4.352360000">
        <ele>615.000</ele>
      </trkpt>
      <trkpt lat="45.660480000" lon="4.352300000">
        <ele>616.000</ele>
      </trkpt>
      <trkpt lat="45.660480000" lon="4.352200000">
        <ele>617.000</ele>
      </trkpt>
      <trkpt lat="45.660500000" lon="4.352060000">
        <ele>618.000</ele>
      </trkpt>
      <trkpt lat="45.660550000" lon="4.351870000">
        <ele>619.000</ele>
      </trkpt>
      <trkpt lat="45.660630000" lon="4.351740000">
        <ele>619.000</ele>
      </trkpt>
      <trkpt lat="45.660740000" lon="4.351670000">
        <ele>620.000</ele>
      </trkpt>
      <trkpt lat="45.660830000" lon="4.351660000">
        <ele>621.000</ele>
      </trkpt>
      <trkpt lat="45.660910000" lon="4.351650000">
        <ele>622.000</ele>
      </trkpt>
      <trkpt lat="45.661110000" lon="4.351640000">
        <ele>623.000</ele>
      </trkpt>
      <trkpt lat="45.661140000" lon="4.351640000">
        <ele>624.000</ele>
      </trkpt>
      <trkpt lat="45.661650000" lon="4.351630000">
        <ele>624.000</ele>
      </trkpt>
      <trkpt lat="45.661770000" lon="4.351630000">
        <ele>625.000</ele>
      </trkpt>
      <trkpt lat="45.662340000" lon="4.351620000">
        <ele>625.000</ele>
      </trkpt>
      <trkpt lat="45.662760000" lon="4.351570000">
        <ele>625.000</ele>
      </trkpt>
      <trkpt lat="45.662840000" lon="4.351560000">
        <ele>625.000</ele>
      </trkpt>
      <trkpt lat="45.663110000" lon="4.351530000">
        <ele>625.000</ele>
      </trkpt>
      <trkpt lat="45.663370000" lon="4.351530000">
        <ele>625.000</ele>
      </trkpt>
      <trkpt lat="45.663660000" lon="4.351570000">
        <ele>625.000</ele>
      </trkpt>
      <trkpt lat="45.663880000" lon="4.351610000">
        <ele>625.000</ele>
      </trkpt>
      <trkpt lat="45.664050000" lon="4.351650000">
        <ele>625.000</ele>
      </trkpt>
      <trkpt lat="45.664180000" lon="4.351640000">
        <ele>626.000</ele>
      </trkpt>
      <trkpt lat="45.664550000" lon="4.351480000">
        <ele>626.000</ele>
      </trkpt>
      <trkpt lat="45.664610000" lon="4.351450000">
        <ele>626.000</ele>
      </trkpt>
      <trkpt lat="45.664680000" lon="4.351410000">
        <ele>627.000</ele>
      </trkpt>
      <trkpt lat="45.664790000" lon="4.351300000">
        <ele>627.000</ele>
      </trkpt>
      <trkpt lat="45.664900000" lon="4.351160000">
        <ele>627.000</ele>
      </trkpt>
      <trkpt lat="45.665080000" lon="4.351020000">
        <ele>627.000</ele>
      </trkpt>
      <trkpt lat="45.665370000" lon="4.350830000">
        <ele>627.000</ele>
      </trkpt>
      <trkpt lat="45.665590000" lon="4.350730000">
        <ele>627.000</ele>
      </trkpt>
      <trkpt lat="45.665730000" lon="4.350680000">
        <ele>627.000</ele>
      </trkpt>
      <trkpt lat="45.665860000" lon="4.350650000">
        <ele>627.000</ele>
      </trkpt>
      <trkpt lat="45.666270000" lon="4.350630000">
        <ele>627.000</ele>
      </trkpt>
      <trkpt lat="45.666680000" lon="4.350630000">
        <ele>627.000</ele>
      </trkpt>
      <trkpt lat="45.667230000" lon="4.350610000">
        <ele>627.000</ele>
      </trkpt>
      <trkpt lat="45.668000000" lon="4.350570000">
        <ele>627.000</ele>
      </trkpt>
      <trkpt lat="45.668040000" lon="4.350570000">
        <ele>627.000</ele>
      </trkpt>
      <trkpt lat="45.668180000" lon="4.350590000">
        <ele>628.000</ele>
      </trkpt>
      <trkpt lat="45.668310000" lon="4.350630000">
        <ele>628.000</ele>
      </trkpt>
      <trkpt lat="45.668410000" lon="4.350700000">
        <ele>628.000</ele>
      </trkpt>
      <trkpt lat="45.668510000" lon="4.350790000">
        <ele>628.000</ele>
      </trkpt>
      <trkpt lat="45.668600000" lon="4.350920000">
        <ele>628.000</ele>
      </trkpt>
      <trkpt lat="45.668680000" lon="4.351070000">
        <ele>628.000</ele>
      </trkpt>
      <trkpt lat="45.668740000" lon="4.351240000">
        <ele>628.000</ele>
      </trkpt>
      <trkpt lat="45.668840000" lon="4.351820000">
        <ele>627.000</ele>
      </trkpt>
      <trkpt lat="45.668920000" lon="4.352100000">
        <ele>626.000</ele>
      </trkpt>
      <trkpt lat="45.669040000" lon="4.352360000">
        <ele>626.000</ele>
      </trkpt>
      <trkpt lat="45.669200000" lon="4.352660000">
        <ele>625.000</ele>
      </trkpt>
      <trkpt lat="45.669380000" lon="4.352930000">
        <ele>624.000</ele>
      </trkpt>
      <trkpt lat="45.669580000" lon="4.353090000">
        <ele>623.000</ele>
      </trkpt>
      <trkpt lat="45.669790000" lon="4.353210000">
        <ele>622.000</ele>
      </trkpt>
      <trkpt lat="45.669970000" lon="4.353250000">
        <ele>621.000</ele>
      </trkpt>
      <trkpt lat="45.670140000" lon="4.353250000">
        <ele>619.000</ele>
      </trkpt>
      <trkpt lat="45.670600000" lon="4.353180000">
        <ele>617.000</ele>
      </trkpt>
      <trkpt lat="45.670790000" lon="4.353190000">
        <ele>615.000</ele>
      </trkpt>
      <trkpt lat="45.670980000" lon="4.353240000">
        <ele>613.000</ele>
      </trkpt>
      <trkpt lat="45.671090000" lon="4.353300000">
        <ele>611.000</ele>
      </trkpt>
      <trkpt lat="45.671250000" lon="4.353420000">
        <ele>610.000</ele>
      </trkpt>
      <trkpt lat="45.671330000" lon="4.353580000">
        <ele>608.000</ele>
      </trkpt>
      <trkpt lat="45.671370000" lon="4.353760000">
        <ele>607.000</ele>
      </trkpt>
      <trkpt lat="45.671370000" lon="4.353970000">
        <ele>607.000</ele>
      </trkpt>
      <trkpt lat="45.671320000" lon="4.354170000">
        <ele>606.000</ele>
      </trkpt>
      <trkpt lat="45.671230000" lon="4.354360000">
        <ele>606.000</ele>
      </trkpt>
      <trkpt lat="45.671060000" lon="4.354560000">
        <ele>605.000</ele>
      </trkpt>
      <trkpt lat="45.670900000" lon="4.354800000">
        <ele>605.000</ele>
      </trkpt>
      <trkpt lat="45.670870000" lon="4.354970000">
        <ele>605.000</ele>
      </trkpt>
      <trkpt lat="45.670890000" lon="4.355160000">
        <ele>605.000</ele>
      </trkpt>
      <trkpt lat="45.670920000" lon="4.355340000">
        <ele>604.000</ele>
      </trkpt>
      <trkpt lat="45.670970000" lon="4.355460000">
        <ele>604.000</ele>
      </trkpt>
      <trkpt lat="45.671010000" lon="4.355520000">
        <ele>604.000</ele>
      </trkpt>
      <trkpt lat="45.671050000" lon="4.355560000">
        <ele>604.000</ele>
      </trkpt>
      <trkpt lat="45.671150000" lon="4.355620000">
        <ele>604.000</ele>
      </trkpt>
      <trkpt lat="45.671230000" lon="4.355660000">
        <ele>604.000</ele>
      </trkpt>
      <trkpt lat="45.671340000" lon="4.355670000">
        <ele>603.000</ele>
      </trkpt>
      <trkpt lat="45.671770000" lon="4.355640000">
        <ele>602.000</ele>
      </trkpt>
      <trkpt lat="45.672180000" lon="4.355590000">
        <ele>600.000</ele>
      </trkpt>
      <trkpt lat="45.672600000" lon="4.355550000">
        <ele>598.000</ele>
      </trkpt>
      <trkpt lat="45.673200000" lon="4.355500000">
        <ele>595.000</ele>
      </trkpt>
      <trkpt lat="45.673430000" lon="4.355470000">
        <ele>592.000</ele>
      </trkpt>
      <trkpt lat="45.673530000" lon="4.355490000">
        <ele>590.000</ele>
      </trkpt>
      <trkpt lat="45.673620000" lon="4.355550000">
        <ele>589.000</ele>
      </trkpt>
      <trkpt lat="45.673770000" lon="4.355740000">
        <ele>587.000</ele>
      </trkpt>
      <trkpt lat="45.673910000" lon="4.355850000">
        <ele>586.000</ele>
      </trkpt>
      <trkpt lat="45.674020000" lon="4.355850000">
        <ele>585.000</ele>
      </trkpt>
      <trkpt lat="45.674130000" lon="4.355800000">
        <ele>583.000</ele>
      </trkpt>
      <trkpt lat="45.674270000" lon="4.355700000">
        <ele>582.000</ele>
      </trkpt>
      <trkpt lat="45.674550000" lon="4.355460000">
        <ele>581.000</ele>
      </trkpt>
      <trkpt lat="45.674720000" lon="4.355350000">
        <ele>580.000</ele>
      </trkpt>
      <trkpt lat="45.674880000" lon="4.355270000">
        <ele>578.000</ele>
      </trkpt>
      <trkpt lat="45.675300000" lon="4.355150000">
        <ele>577.000</ele>
      </trkpt>
      <trkpt lat="45.675580000" lon="4.355090000">
        <ele>575.000</ele>
      </trkpt>
      <trkpt lat="45.675810000" lon="4.355100000">
        <ele>573.000</ele>
      </trkpt>
      <trkpt lat="45.675980000" lon="4.355150000">
        <ele>572.000</ele>
      </trkpt>
      <trkpt lat="45.676130000" lon="4.355250000">
        <ele>571.000</ele>
      </trkpt>
      <trkpt lat="45.676350000" lon="4.355390000">
        <ele>570.000</ele>
      </trkpt>
      <trkpt lat="45.676540000" lon="4.355520000">
        <ele>569.000</ele>
      </trkpt>
      <trkpt lat="45.676700000" lon="4.355610000">
        <ele>568.000</ele>
      </trkpt>
      <trkpt lat="45.676890000" lon="4.355700000">
        <ele>567.000</ele>
      </trkpt>
      <trkpt lat="45.677080000" lon="4.355750000">
        <ele>566.000</ele>
      </trkpt>
      <trkpt lat="45.677270000" lon="4.355800000">
        <ele>565.000</ele>
      </trkpt>
      <trkpt lat="45.677410000" lon="4.355780000">
        <ele>564.000</ele>
      </trkpt>
      <trkpt lat="45.677540000" lon="4.355750000">
        <ele>563.000</ele>
      </trkpt>
      <trkpt lat="45.677730000" lon="4.355650000">
        <ele>562.000</ele>
      </trkpt>
      <trkpt lat="45.677890000" lon="4.355480000">
        <ele>562.000</ele>
      </trkpt>
      <trkpt lat="45.677990000" lon="4.355320000">
        <ele>561.000</ele>
      </trkpt>
      <trkpt lat="45.678050000" lon="4.355210000">
        <ele>560.000</ele>
      </trkpt>
      <trkpt lat="45.678200000" lon="4.354920000">
        <ele>559.000</ele>
      </trkpt>
      <trkpt lat="45.678600000" lon="4.354030000">
        <ele>558.000</ele>
      </trkpt>
      <trkpt lat="45.678750000" lon="4.353720000">
        <ele>556.000</ele>
      </trkpt>
      <trkpt lat="45.678920000" lon="4.353460000">
        <ele>555.000</ele>
      </trkpt>
      <trkpt lat="45.679080000" lon="4.353330000">
        <ele>555.000</ele>
      </trkpt>
      <trkpt lat="45.679260000" lon="4.353220000">
        <ele>554.000</ele>
      </trkpt>
      <trkpt lat="45.679360000" lon="4.353180000">
        <ele>553.000</ele>
      </trkpt>
      <trkpt lat="45.679680000" lon="4.353040000">
        <ele>553.000</ele>
      </trkpt>
      <trkpt lat="45.680250000" lon="4.352810000">
        <ele>552.000</ele>
      </trkpt>
      <trkpt lat="45.680920000" lon="4.352560000">
        <ele>550.000</ele>
      </trkpt>
      <trkpt lat="45.681240000" lon="4.352450000">
        <ele>547.000</ele>
      </trkpt>
      <trkpt lat="45.681540000" lon="4.352350000">
        <ele>545.000</ele>
      </trkpt>
      <trkpt lat="45.681720000" lon="4.352310000">
        <ele>542.000</ele>
      </trkpt>
      <trkpt lat="45.681900000" lon="4.352350000">
        <ele>541.000</ele>
      </trkpt>
      <trkpt lat="45.682030000" lon="4.352440000">
        <ele>539.000</ele>
      </trkpt>
      <trkpt lat="45.682110000" lon="4.352550000">
        <ele>538.000</ele>
      </trkpt>
      <trkpt lat="45.682160000" lon="4.352710000">
        <ele>537.000</ele>
      </trkpt>
      <trkpt lat="45.682180000" lon="4.352880000">
        <ele>536.000</ele>
      </trkpt>
      <trkpt lat="45.682140000" lon="4.353150000">
        <ele>536.000</ele>
      </trkpt>
      <trkpt lat="45.682150000" lon="4.353420000">
        <ele>535.000</ele>
      </trkpt>
      <trkpt lat="45.682210000" lon="4.353780000">
        <ele>535.000</ele>
      </trkpt>
      <trkpt lat="45.682230000" lon="4.353960000">
        <ele>534.000</ele>
      </trkpt>
      <trkpt lat="45.682230000" lon="4.354140000">
        <ele>534.000</ele>
      </trkpt>
      <trkpt lat="45.682210000" lon="4.354320000">
        <ele>534.000</ele>
      </trkpt>
      <trkpt lat="45.682150000" lon="4.354580000">
        <ele>533.000</ele>
      </trkpt>
      <trkpt lat="45.682050000" lon="4.354890000">
        <ele>533.000</ele>
      </trkpt>
      <trkpt lat="45.681940000" lon="4.355200000">
        <ele>533.000</ele>
      </trkpt>
      <trkpt lat="45.681840000" lon="4.355360000">
        <ele>532.000</ele>
      </trkpt>
      <trkpt lat="45.681710000" lon="4.355440000">
        <ele>531.000</ele>
      </trkpt>
      <trkpt lat="45.681210000" lon="4.355500000">
        <ele>530.000</ele>
      </trkpt>
      <trkpt lat="45.681040000" lon="4.355550000">
        <ele>529.000</ele>
      </trkpt>
      <trkpt lat="45.680970000" lon="4.355580000">
        <ele>528.000</ele>
      </trkpt>
      <trkpt lat="45.680920000" lon="4.355620000">
        <ele>527.000</ele>
      </trkpt>
      <trkpt lat="45.680850000" lon="4.355680000">
        <ele>527.000</ele>
      </trkpt>
      <trkpt lat="45.680780000" lon="4.355840000">
        <ele>526.000</ele>
      </trkpt>
      <trkpt lat="45.680720000" lon="4.356050000">
        <ele>526.000</ele>
      </trkpt>
      <trkpt lat="45.680730000" lon="4.356300000">
        <ele>525.000</ele>
      </trkpt>
      <trkpt lat="45.680760000" lon="4.356440000">
        <ele>524.000</ele>
      </trkpt>
      <trkpt lat="45.680830000" lon="4.356550000">
        <ele>524.000</ele>
      </trkpt>
      <trkpt lat="45.681040000" lon="4.356750000">
        <ele>523.000</ele>
      </trkpt>
      <trkpt lat="45.681360000" lon="4.357080000">
        <ele>523.000</ele>
      </trkpt>
      <trkpt lat="45.681530000" lon="4.357210000">
        <ele>522.000</ele>
      </trkpt>
      <trkpt lat="45.681650000" lon="4.357350000">
        <ele>522.000</ele>
      </trkpt>
      <trkpt lat="45.681710000" lon="4.357450000">
        <ele>521.000</ele>
      </trkpt>
      <trkpt lat="45.681750000" lon="4.357550000">
        <ele>521.000</ele>
      </trkpt>
      <trkpt lat="45.681780000" lon="4.357660000">
        <ele>521.000</ele>
      </trkpt>
      <trkpt lat="45.681780000" lon="4.357760000">
        <ele>521.000</ele>
      </trkpt>
      <trkpt lat="45.681750000" lon="4.357970000">
        <ele>520.000</ele>
      </trkpt>
      <trkpt lat="45.681710000" lon="4.358180000">
        <ele>520.000</ele>
      </trkpt>
      <trkpt lat="45.681600000" lon="4.358630000">
        <ele>519.000</ele>
      </trkpt>
      <trkpt lat="45.681540000" lon="4.359010000">
        <ele>516.000</ele>
      </trkpt>
      <trkpt lat="45.681470000" lon="4.359400000">
        <ele>514.000</ele>
      </trkpt>
      <trkpt lat="45.681400000" lon="4.359680000">
        <ele>511.000</ele>
      </trkpt>
      <trkpt lat="45.681380000" lon="4.359810000">
        <ele>509.000</ele>
      </trkpt>
      <trkpt lat="45.681390000" lon="4.359960000">
        <ele>508.000</ele>
      </trkpt>
      <trkpt lat="45.681440000" lon="4.360110000">
        <ele>506.000</ele>
      </trkpt>
      <trkpt lat="45.681510000" lon="4.360270000">
        <ele>504.000</ele>
      </trkpt>
      <trkpt lat="45.681580000" lon="4.360510000">
        <ele>503.000</ele>
      </trkpt>
      <trkpt lat="45.681630000" lon="4.360670000">
        <ele>501.000</ele>
      </trkpt>
      <trkpt lat="45.681670000" lon="4.360930000">
        <ele>500.000</ele>
      </trkpt>
      <trkpt lat="45.681680000" lon="4.361180000">
        <ele>499.000</ele>
      </trkpt>
      <trkpt lat="45.681650000" lon="4.361470000">
        <ele>498.000</ele>
      </trkpt>
      <trkpt lat="45.681580000" lon="4.361750000">
        <ele>497.000</ele>
      </trkpt>
      <trkpt lat="45.681520000" lon="4.362070000">
        <ele>496.000</ele>
      </trkpt>
      <trkpt lat="45.681490000" lon="4.362290000">
        <ele>495.000</ele>
      </trkpt>
      <trkpt lat="45.681510000" lon="4.362520000">
        <ele>495.000</ele>
      </trkpt>
      <trkpt lat="45.681570000" lon="4.362740000">
        <ele>494.000</ele>
      </trkpt>
      <trkpt lat="45.681670000" lon="4.362900000">
        <ele>494.000</ele>
      </trkpt>
      <trkpt lat="45.681800000" lon="4.363020000">
        <ele>493.000</ele>
      </trkpt>
      <trkpt lat="45.682020000" lon="4.363140000">
        <ele>493.000</ele>
      </trkpt>
      <trkpt lat="45.682230000" lon="4.363240000">
        <ele>492.000</ele>
      </trkpt>
      <trkpt lat="45.682320000" lon="4.363240000">
        <ele>492.000</ele>
      </trkpt>
      <trkpt lat="45.682400000" lon="4.363240000">
        <ele>492.000</ele>
      </trkpt>
      <trkpt lat="45.682560000" lon="4.363190000">
        <ele>492.000</ele>
      </trkpt>
      <trkpt lat="45.682600000" lon="4.363170000">
        <ele>493.000</ele>
      </trkpt>
      <trkpt lat="45.682720000" lon="4.363070000">
        <ele>493.000</ele>
      </trkpt>
      <trkpt lat="45.682850000" lon="4.362920000">
        <ele>493.000</ele>
      </trkpt>
      <trkpt lat="45.683010000" lon="4.362670000">
        <ele>493.000</ele>
      </trkpt>
      <trkpt lat="45.683050000" lon="4.362490000">
        <ele>494.000</ele>
      </trkpt>
      <trkpt lat="45.683070000" lon="4.362300000">
        <ele>494.000</ele>
      </trkpt>
      <trkpt lat="45.683080000" lon="4.362100000">
        <ele>494.000</ele>
      </trkpt>
      <trkpt lat="45.683070000" lon="4.362020000">
        <ele>494.000</ele>
      </trkpt>
      <trkpt lat="45.683040000" lon="4.361770000">
        <ele>495.000</ele>
      </trkpt>
      <trkpt lat="45.682920000" lon="4.360980000">
        <ele>495.000</ele>
      </trkpt>
      <trkpt lat="45.682930000" lon="4.360500000">
        <ele>496.000</ele>
      </trkpt>
      <trkpt lat="45.682990000" lon="4.360170000">
        <ele>497.000</ele>
      </trkpt>
      <trkpt lat="45.683110000" lon="4.359850000">
        <ele>498.000</ele>
      </trkpt>
      <trkpt lat="45.683410000" lon="4.359290000">
        <ele>499.000</ele>
      </trkpt>
      <trkpt lat="45.683560000" lon="4.358990000">
        <ele>500.000</ele>
      </trkpt>
      <trkpt lat="45.683730000" lon="4.358740000">
        <ele>501.000</ele>
      </trkpt>
      <trkpt lat="45.683850000" lon="4.358620000">
        <ele>502.000</ele>
      </trkpt>
      <trkpt lat="45.683980000" lon="4.358570000">
        <ele>504.000</ele>
      </trkpt>
      <trkpt lat="45.684170000" lon="4.358570000">
        <ele>505.000</ele>
      </trkpt>
      <trkpt lat="45.684340000" lon="4.358560000">
        <ele>506.000</ele>
      </trkpt>
      <trkpt lat="45.684460000" lon="4.358510000">
        <ele>507.000</ele>
      </trkpt>
      <trkpt lat="45.684550000" lon="4.358390000">
        <ele>508.000</ele>
      </trkpt>
      <trkpt lat="45.684620000" lon="4.358240000">
        <ele>509.000</ele>
      </trkpt>
      <trkpt lat="45.684640000" lon="4.358110000">
        <ele>510.000</ele>
      </trkpt>
      <trkpt lat="45.684630000" lon="4.357750000">
        <ele>512.000</ele>
      </trkpt>
      <trkpt lat="45.684650000" lon="4.357520000">
        <ele>513.000</ele>
      </trkpt>
      <trkpt lat="45.684710000" lon="4.357310000">
        <ele>514.000</ele>
      </trkpt>
      <trkpt lat="45.684870000" lon="4.357100000">
        <ele>516.000</ele>
      </trkpt>
      <trkpt lat="45.685030000" lon="4.356960000">
        <ele>517.000</ele>
      </trkpt>
      <trkpt lat="45.685120000" lon="4.356820000">
        <ele>518.000</ele>
      </trkpt>
      <trkpt lat="45.685160000" lon="4.356660000">
        <ele>518.000</ele>
      </trkpt>
      <trkpt lat="45.685140000" lon="4.356460000">
        <ele>519.000</ele>
      </trkpt>
      <trkpt lat="45.685090000" lon="4.356060000">
        <ele>519.000</ele>
      </trkpt>
      <trkpt lat="45.685090000" lon="4.355810000">
        <ele>520.000</ele>
      </trkpt>
      <trkpt lat="45.685120000" lon="4.355580000">
        <ele>520.000</ele>
      </trkpt>
      <trkpt lat="45.685190000" lon="4.355380000">
        <ele>521.000</ele>
      </trkpt>
      <trkpt lat="45.685270000" lon="4.355250000">
        <ele>521.000</ele>
      </trkpt>
      <trkpt lat="45.685420000" lon="4.355030000">
        <ele>521.000</ele>
      </trkpt>
      <trkpt lat="45.685590000" lon="4.354910000">
        <ele>522.000</ele>
      </trkpt>
      <trkpt lat="45.685800000" lon="4.354820000">
        <ele>522.000</ele>
      </trkpt>
      <trkpt lat="45.685990000" lon="4.354790000">
        <ele>523.000</ele>
      </trkpt>
      <trkpt lat="45.686700000" lon="4.354830000">
        <ele>526.000</ele>
      </trkpt>
      <trkpt lat="45.687250000" lon="4.354860000">
        <ele>528.000</ele>
      </trkpt>
      <trkpt lat="45.687390000" lon="4.354860000">
        <ele>530.000</ele>
      </trkpt>
      <trkpt lat="45.688140000" lon="4.354900000">
        <ele>533.000</ele>
      </trkpt>
      <trkpt lat="45.688140000" lon="4.354900000">
        <ele>534.000</ele>
      </trkpt>
      <trkpt lat="45.688140000" lon="4.354900000">
        <ele>535.000</ele>
      </trkpt>
      <trkpt lat="45.688420000" lon="4.354930000">
        <ele>536.000</ele>
      </trkpt>
      <trkpt lat="45.688470000" lon="4.354950000">
        <ele>537.000</ele>
      </trkpt>
      <trkpt lat="45.688510000" lon="4.354950000">
        <ele>537.000</ele>
      </trkpt>
      <trkpt lat="45.688500000" lon="4.354960000">
        <ele>538.000</ele>
      </trkpt>
      <trkpt lat="45.688500000" lon="4.355020000">
        <ele>538.000</ele>
      </trkpt>
      <trkpt lat="45.688510000" lon="4.355070000">
        <ele>538.000</ele>
      </trkpt>
      <trkpt lat="45.688530000" lon="4.355100000">
        <ele>538.000</ele>
      </trkpt>
      <trkpt lat="45.688550000" lon="4.355130000">
        <ele>538.000</ele>
      </trkpt>
      <trkpt lat="45.688580000" lon="4.355150000">
        <ele>538.000</ele>
      </trkpt>
      <trkpt lat="45.688600000" lon="4.355150000">
        <ele>539.000</ele>
      </trkpt>
      <trkpt lat="45.688750000" lon="4.355160000">
        <ele>539.000</ele>
      </trkpt>
      <trkpt lat="45.688780000" lon="4.355200000">
        <ele>539.000</ele>
      </trkpt>
      <trkpt lat="45.688850000" lon="4.355300000">
        <ele>539.000</ele>
      </trkpt>
      <trkpt lat="45.688910000" lon="4.355590000">
        <ele>540.000</ele>
      </trkpt>
      <trkpt lat="45.688960000" lon="4.355890000">
        <ele>540.000</ele>
      </trkpt>
      <trkpt lat="45.689000000" lon="4.356140000">
        <ele>540.000</ele>
      </trkpt>
      <trkpt lat="45.689030000" lon="4.356290000">
        <ele>539.000</ele>
      </trkpt>
      <trkpt lat="45.689110000" lon="4.356520000">
        <ele>539.000</ele>
      </trkpt>
      <trkpt lat="45.689230000" lon="4.356700000">
        <ele>539.000</ele>
      </trkpt>
      <trkpt lat="45.689320000" lon="4.356790000">
        <ele>539.000</ele>
      </trkpt>
      <trkpt lat="45.689420000" lon="4.356840000">
        <ele>538.000</ele>
      </trkpt>
      <trkpt lat="45.689770000" lon="4.357010000">
        <ele>538.000</ele>
      </trkpt>
      <trkpt lat="45.689980000" lon="4.357170000">
        <ele>537.000</ele>
      </trkpt>
      <trkpt lat="45.690090000" lon="4.357280000">
        <ele>537.000</ele>
      </trkpt>
      <trkpt lat="45.690170000" lon="4.357430000">
        <ele>536.000</ele>
      </trkpt>
      <trkpt lat="45.690210000" lon="4.357600000">
        <ele>536.000</ele>
      </trkpt>
      <trkpt lat="45.690210000" lon="4.357810000">
        <ele>535.000</ele>
      </trkpt>
      <trkpt lat="45.690180000" lon="4.357980000">
        <ele>535.000</ele>
      </trkpt>
      <trkpt lat="45.690130000" lon="4.358150000">
        <ele>534.000</ele>
      </trkpt>
      <trkpt lat="45.690040000" lon="4.358360000">
        <ele>534.000</ele>
      </trkpt>
      <trkpt lat="45.690000000" lon="4.358510000">
        <ele>533.000</ele>
      </trkpt>
      <trkpt lat="45.689990000" lon="4.358660000">
        <ele>533.000</ele>
      </trkpt>
      <trkpt lat="45.690010000" lon="4.358810000">
        <ele>533.000</ele>
      </trkpt>
      <trkpt lat="45.690040000" lon="4.358930000">
        <ele>532.000</ele>
      </trkpt>
      <trkpt lat="45.690110000" lon="4.359060000">
        <ele>532.000</ele>
      </trkpt>
      <trkpt lat="45.690180000" lon="4.359170000">
        <ele>532.000</ele>
      </trkpt>
      <trkpt lat="45.690270000" lon="4.359230000">
        <ele>531.000</ele>
      </trkpt>
      <trkpt lat="45.690370000" lon="4.359270000">
        <ele>531.000</ele>
      </trkpt>
      <trkpt lat="45.690500000" lon="4.359280000">
        <ele>531.000</ele>
      </trkpt>
      <trkpt lat="45.690680000" lon="4.359240000">
        <ele>530.000</ele>
      </trkpt>
      <trkpt lat="45.690920000" lon="4.359160000">
        <ele>530.000</ele>
      </trkpt>
      <trkpt lat="45.691170000" lon="4.359080000">
        <ele>530.000</ele>
      </trkpt>
      <trkpt lat="45.691290000" lon="4.359060000">
        <ele>529.000</ele>
      </trkpt>
      <trkpt lat="45.691430000" lon="4.359050000">
        <ele>529.000</ele>
      </trkpt>
      <trkpt lat="45.691560000" lon="4.359070000">
        <ele>529.000</ele>
      </trkpt>
      <trkpt lat="45.691760000" lon="4.359110000">
        <ele>529.000</ele>
      </trkpt>
      <trkpt lat="45.691970000" lon="4.359200000">
        <ele>528.000</ele>
      </trkpt>
      <trkpt lat="45.692190000" lon="4.359330000">
        <ele>528.000</ele>
      </trkpt>
      <trkpt lat="45.692400000" lon="4.359530000">
        <ele>528.000</ele>
      </trkpt>
      <trkpt lat="45.692620000" lon="4.359790000">
        <ele>528.000</ele>
      </trkpt>
      <trkpt lat="45.693110000" lon="4.360500000">
        <ele>528.000</ele>
      </trkpt>
      <trkpt lat="45.693840000" lon="4.361540000">
        <ele>529.000</ele>
      </trkpt>
      <trkpt lat="45.694180000" lon="4.361970000">
        <ele>528.000</ele>
      </trkpt>
      <trkpt lat="45.694440000" lon="4.362160000">
        <ele>527.000</ele>
      </trkpt>
      <trkpt lat="45.694670000" lon="4.362290000">
        <ele>526.000</ele>
      </trkpt>
      <trkpt lat="45.695420000" lon="4.362690000">
        <ele>524.000</ele>
      </trkpt>
      <trkpt lat="45.696380000" lon="4.363240000">
        <ele>521.000</ele>
      </trkpt>
      <trkpt lat="45.696770000" lon="4.363580000">
        <ele>519.000</ele>
      </trkpt>
      <trkpt lat="45.697190000" lon="4.364160000">
        <ele>518.000</ele>
      </trkpt>
      <trkpt lat="45.697660000" lon="4.364670000">
        <ele>517.000</ele>
      </trkpt>
      <trkpt lat="45.697790000" lon="4.364770000">
        <ele>516.000</ele>
      </trkpt>
      <trkpt lat="45.697910000" lon="4.364860000">
        <ele>516.000</ele>
      </trkpt>
      <trkpt lat="45.698230000" lon="4.365080000">
        <ele>516.000</ele>
      </trkpt>
      <trkpt lat="45.698950000" lon="4.365600000">
        <ele>516.000</ele>
      </trkpt>
      <trkpt lat="45.699040000" lon="4.365700000">
        <ele>517.000</ele>
      </trkpt>
      <trkpt lat="45.699120000" lon="4.365780000">
        <ele>517.000</ele>
      </trkpt>
      <trkpt lat="45.699270000" lon="4.366070000">
        <ele>518.000</ele>
      </trkpt>
      <trkpt lat="45.699420000" lon="4.366560000">
        <ele>518.000</ele>
      </trkpt>
      <trkpt lat="45.699560000" lon="4.366930000">
        <ele>519.000</ele>
      </trkpt>
      <trkpt lat="45.699870000" lon="4.367380000">
        <ele>520.000</ele>
      </trkpt>
      <trkpt lat="45.700140000" lon="4.367760000">
        <ele>521.000</ele>
      </trkpt>
      <trkpt lat="45.700300000" lon="4.368030000">
        <ele>522.000</ele>
      </trkpt>
      <trkpt lat="45.700490000" lon="4.368420000">
        <ele>524.000</ele>
      </trkpt>
      <trkpt lat="45.700730000" lon="4.368930000">
        <ele>525.000</ele>
      </trkpt>
      <trkpt lat="45.700810000" lon="4.369230000">
        <ele>526.000</ele>
      </trkpt>
      <trkpt lat="45.700830000" lon="4.369520000">
        <ele>527.000</ele>
      </trkpt>
      <trkpt lat="45.700860000" lon="4.369700000">
        <ele>528.000</ele>
      </trkpt>
      <trkpt lat="45.700990000" lon="4.369960000">
        <ele>528.000</ele>
      </trkpt>
      <trkpt lat="45.701170000" lon="4.370120000">
        <ele>529.000</ele>
      </trkpt>
      <trkpt lat="45.701900000" lon="4.370480000">
        <ele>530.000</ele>
      </trkpt>
      <trkpt lat="45.702630000" lon="4.370850000">
        <ele>532.000</ele>
      </trkpt>
      <trkpt lat="45.702890000" lon="4.370960000">
        <ele>534.000</ele>
      </trkpt>
      <trkpt lat="45.703010000" lon="4.370990000">
        <ele>535.000</ele>
      </trkpt>
      <trkpt lat="45.703120000" lon="4.370990000">
        <ele>536.000</ele>
      </trkpt>
      <trkpt lat="45.703280000" lon="4.370980000">
        <ele>536.000</ele>
      </trkpt>
      <trkpt lat="45.703440000" lon="4.370920000">
        <ele>537.000</ele>
      </trkpt>
      <trkpt lat="45.703630000" lon="4.370820000">
        <ele>538.000</ele>
      </trkpt>
      <trkpt lat="45.703770000" lon="4.370700000">
        <ele>539.000</ele>
      </trkpt>
      <trkpt lat="45.704140000" lon="4.370330000">
        <ele>540.000</ele>
      </trkpt>
      <trkpt lat="45.704730000" lon="4.369720000">
        <ele>541.000</ele>
      </trkpt>
      <trkpt lat="45.704940000" lon="4.369490000">
        <ele>543.000</ele>
      </trkpt>
      <trkpt lat="45.705120000" lon="4.369230000">
        <ele>545.000</ele>
      </trkpt>
      <trkpt lat="45.705270000" lon="4.368970000">
        <ele>546.000</ele>
      </trkpt>
      <trkpt lat="45.705360000" lon="4.368760000">
        <ele>547.000</ele>
      </trkpt>
      <trkpt lat="45.705430000" lon="4.368580000">
        <ele>549.000</ele>
      </trkpt>
      <trkpt lat="45.705540000" lon="4.368170000">
        <ele>550.000</ele>
      </trkpt>
      <trkpt lat="45.705640000" lon="4.367750000">
        <ele>552.000</ele>
      </trkpt>
      <trkpt lat="45.705790000" lon="4.366990000">
        <ele>554.000</ele>
      </trkpt>
      <trkpt lat="45.705840000" lon="4.366690000">
        <ele>556.000</ele>
      </trkpt>
      <trkpt lat="45.705940000" lon="4.366450000">
        <ele>557.000</ele>
      </trkpt>
      <trkpt lat="45.706010000" lon="4.366300000">
        <ele>558.000</ele>
      </trkpt>
      <trkpt lat="45.706140000" lon="4.366190000">
        <ele>558.000</ele>
      </trkpt>
      <trkpt lat="45.706300000" lon="4.366150000">
        <ele>559.000</ele>
      </trkpt>
      <trkpt lat="45.706460000" lon="4.366140000">
        <ele>560.000</ele>
      </trkpt>
      <trkpt lat="45.706620000" lon="4.366130000">
        <ele>560.000</ele>
      </trkpt>
      <trkpt lat="45.706760000" lon="4.366080000">
        <ele>560.000</ele>
      </trkpt>
      <trkpt lat="45.706920000" lon="4.365970000">
        <ele>561.000</ele>
      </trkpt>
      <trkpt lat="45.707070000" lon="4.365790000">
        <ele>561.000</ele>
      </trkpt>
      <trkpt lat="45.707300000" lon="4.365520000">
        <ele>562.000</ele>
      </trkpt>
      <trkpt lat="45.707400000" lon="4.365410000">
        <ele>562.000</ele>
      </trkpt>
      <trkpt lat="45.707510000" lon="4.365340000">
        <ele>562.000</ele>
      </trkpt>
      <trkpt lat="45.707680000" lon="4.365320000">
        <ele>562.000</ele>
      </trkpt>
      <trkpt lat="45.707820000" lon="4.365330000">
        <ele>563.000</ele>
      </trkpt>
      <trkpt lat="45.708380000" lon="4.365420000">
        <ele>563.000</ele>
      </trkpt>
      <trkpt lat="45.708910000" lon="4.365490000">
        <ele>563.000</ele>
      </trkpt>
      <trkpt lat="45.709140000" lon="4.365540000">
        <ele>564.000</ele>
      </trkpt>
      <trkpt lat="45.709560000" lon="4.365580000">
        <ele>564.000</ele>
      </trkpt>
      <trkpt lat="45.709910000" lon="4.365620000">
        <ele>565.000</ele>
      </trkpt>
      <trkpt lat="45.710640000" lon="4.365620000">
        <ele>565.000</ele>
      </trkpt>
      <trkpt lat="45.711050000" lon="4.365600000">
        <ele>566.000</ele>
      </trkpt>
      <trkpt lat="45.711660000" lon="4.365540000">
        <ele>566.000</ele>
      </trkpt>
      <trkpt lat="45.712090000" lon="4.365510000">
        <ele>567.000</ele>
      </trkpt>
      <trkpt lat="45.712290000" lon="4.365460000">
        <ele>568.000</ele>
      </trkpt>
      <trkpt lat="45.712520000" lon="4.365360000">
        <ele>569.000</ele>
      </trkpt>
      <trkpt lat="45.712700000" lon="4.365210000">
        <ele>570.000</ele>
      </trkpt>
      <trkpt lat="45.712900000" lon="4.365010000">
        <ele>570.000</ele>
      </trkpt>
      <trkpt lat="45.713070000" lon="4.364780000">
        <ele>571.000</ele>
      </trkpt>
      <trkpt lat="45.713500000" lon="4.364130000">
        <ele>572.000</ele>
      </trkpt>
      <trkpt lat="45.713610000" lon="4.363950000">
        <ele>573.000</ele>
      </trkpt>
      <trkpt lat="45.713640000" lon="4.363910000">
        <ele>574.000</ele>
      </trkpt>
      <trkpt lat="45.714040000" lon="4.363280000">
        <ele>575.000</ele>
      </trkpt>
      <trkpt lat="45.714450000" lon="4.362640000">
        <ele>577.000</ele>
      </trkpt>
      <trkpt lat="45.714630000" lon="4.362400000">
        <ele>577.000</ele>
      </trkpt>
      <trkpt lat="45.714810000" lon="4.362230000">
        <ele>578.000</ele>
      </trkpt>
      <trkpt lat="45.715000000" lon="4.362120000">
        <ele>578.000</ele>
      </trkpt>
      <trkpt lat="45.715160000" lon="4.362050000">
        <ele>578.000</ele>
      </trkpt>
      <trkpt lat="45.716070000" lon="4.361740000">
        <ele>578.000</ele>
      </trkpt>
      <trkpt lat="45.716250000" lon="4.361680000">
        <ele>578.000</ele>
      </trkpt>
      <trkpt lat="45.716340000" lon="4.361640000">
        <ele>578.000</ele>
      </trkpt>
      <trkpt lat="45.716790000" lon="4.361490000">
        <ele>578.000</ele>
      </trkpt>
      <trkpt lat="45.717580000" lon="4.361220000">
        <ele>578.000</ele>
      </trkpt>
      <trkpt lat="45.718270000" lon="4.361010000">
        <ele>578.000</ele>
      </trkpt>
      <trkpt lat="45.718320000" lon="4.361010000">
        <ele>578.000</ele>
      </trkpt>
      <trkpt lat="45.718370000" lon="4.361040000">
        <ele>578.000</ele>
      </trkpt>
      <trkpt lat="45.718210000" lon="4.361420000">
        <ele>578.000</ele>
      </trkpt>
      <trkpt lat="45.717990000" lon="4.361920000">
        <ele>578.000</ele>
      </trkpt>
      <trkpt lat="45.717890000" lon="4.362280000">
        <ele>578.000</ele>
      </trkpt>
      <trkpt lat="45.717840000" lon="4.362520000">
        <ele>578.000</ele>
      </trkpt>
      <trkpt lat="45.717800000" lon="4.362770000">
        <ele>578.000</ele>
      </trkpt>
      <trkpt lat="45.717780000" lon="4.363040000">
        <ele>578.000</ele>
      </trkpt>
      <trkpt lat="45.717770000" lon="4.363300000">
        <ele>578.000</ele>
      </trkpt>
      <trkpt lat="45.717780000" lon="4.363590000">
        <ele>578.000</ele>
      </trkpt>
      <trkpt lat="45.717810000" lon="4.363860000">
        <ele>578.000</ele>
      </trkpt>
      <trkpt lat="45.717870000" lon="4.364130000">
        <ele>578.000</ele>
      </trkpt>
      <trkpt lat="45.718030000" lon="4.364640000">
        <ele>577.000</ele>
      </trkpt>
      <trkpt lat="45.718090000" lon="4.364900000">
        <ele>576.000</ele>
      </trkpt>
      <trkpt lat="45.718120000" lon="4.365080000">
        <ele>576.000</ele>
      </trkpt>
      <trkpt lat="45.718150000" lon="4.365380000">
        <ele>575.000</ele>
      </trkpt>
      <trkpt lat="45.718140000" lon="4.365640000">
        <ele>575.000</ele>
      </trkpt>
      <trkpt lat="45.718100000" lon="4.365880000">
        <ele>574.000</ele>
      </trkpt>
      <trkpt lat="45.718040000" lon="4.366110000">
        <ele>574.000</ele>
      </trkpt>
      <trkpt lat="45.717620000" lon="4.367650000">
        <ele>573.000</ele>
      </trkpt>
      <trkpt lat="45.717830000" lon="4.367760000">
        <ele>571.000</ele>
      </trkpt>
      <trkpt lat="45.718370000" lon="4.367760000">
        <ele>570.000</ele>
      </trkpt>
      <trkpt lat="45.718520000" lon="4.367810000">
        <ele>569.000</ele>
      </trkpt>
      <trkpt lat="45.718560000" lon="4.367820000">
        <ele>569.000</ele>
      </trkpt>
      <trkpt lat="45.718720000" lon="4.367970000">
        <ele>569.000</ele>
      </trkpt>
      <trkpt lat="45.718850000" lon="4.368170000">
        <ele>569.000</ele>
      </trkpt>
      <trkpt lat="45.719060000" lon="4.368570000">
        <ele>569.000</ele>
      </trkpt>
      <trkpt lat="45.719620000" lon="4.369630000">
        <ele>569.000</ele>
      </trkpt>
      <trkpt lat="45.720060000" lon="4.370650000">
        <ele>570.000</ele>
      </trkpt>
      <trkpt lat="45.720310000" lon="4.371210000">
        <ele>570.000</ele>
      </trkpt>
      <trkpt lat="45.720420000" lon="4.371700000">
        <ele>571.000</ele>
      </trkpt>
      <trkpt lat="45.720540000" lon="4.373120000">
        <ele>571.000</ele>
      </trkpt>
      <trkpt lat="45.720660000" lon="4.373640000">
        <ele>572.000</ele>
      </trkpt>
      <trkpt lat="45.721010000" lon="4.374480000">
        <ele>574.000</ele>
      </trkpt>
      <trkpt lat="45.721540000" lon="4.374960000">
        <ele>576.000</ele>
      </trkpt>
      <trkpt lat="45.721700000" lon="4.375080000">
        <ele>578.000</ele>
      </trkpt>
      <trkpt lat="45.722390000" lon="4.375610000">
        <ele>579.000</ele>
      </trkpt>
      <trkpt lat="45.722440000" lon="4.375630000">
        <ele>580.000</ele>
      </trkpt>
      <trkpt lat="45.722790000" lon="4.375790000">
        <ele>580.000</ele>
      </trkpt>
      <trkpt lat="45.723540000" lon="4.375980000">
        <ele>581.000</ele>
      </trkpt>
      <trkpt lat="45.723650000" lon="4.376010000">
        <ele>581.000</ele>
      </trkpt>
      <trkpt lat="45.724000000" lon="4.376120000">
        <ele>581.000</ele>
      </trkpt>
      <trkpt lat="45.724370000" lon="4.376280000">
        <ele>582.000</ele>
      </trkpt>
      <trkpt lat="45.724420000" lon="4.376310000">
        <ele>582.000</ele>
      </trkpt>
      <trkpt lat="45.725390000" lon="4.376820000">
        <ele>583.000</ele>
      </trkpt>
      <trkpt lat="45.725650000" lon="4.376960000">
        <ele>584.000</ele>
      </trkpt>
      <trkpt lat="45.725650000" lon="4.376960000">
        <ele>584.000</ele>
      </trkpt>
      <trkpt lat="45.725940000" lon="4.377110000">
        <ele>585.000</ele>
      </trkpt>
      <trkpt lat="45.726570000" lon="4.377470000">
        <ele>585.000</ele>
      </trkpt>
      <trkpt lat="45.727100000" lon="4.377730000">
        <ele>586.000</ele>
      </trkpt>
      <trkpt lat="45.727730000" lon="4.378070000">
        <ele>586.000</ele>
      </trkpt>
      <trkpt lat="45.728040000" lon="4.378320000">
        <ele>587.000</ele>
      </trkpt>
      <trkpt lat="45.728300000" lon="4.378550000">
        <ele>587.000</ele>
      </trkpt>
      <trkpt lat="45.728470000" lon="4.378710000">
        <ele>587.000</ele>
      </trkpt>
      <trkpt lat="45.729260000" lon="4.379290000">
        <ele>587.000</ele>
      </trkpt>
      <trkpt lat="45.729780000" lon="4.379450000">
        <ele>587.000</ele>
      </trkpt>
      <trkpt lat="45.730620000" lon="4.379580000">
        <ele>588.000</ele>
      </trkpt>
      <trkpt lat="45.731170000" lon="4.379700000">
        <ele>588.000</ele>
      </trkpt>
      <trkpt lat="45.731520000" lon="4.379790000">
        <ele>588.000</ele>
      </trkpt>
      <trkpt lat="45.731730000" lon="4.379840000">
        <ele>588.000</ele>
      </trkpt>
      <trkpt lat="45.732030000" lon="4.379920000">
        <ele>588.000</ele>
      </trkpt>
      <trkpt lat="45.732320000" lon="4.380060000">
        <ele>588.000</ele>
      </trkpt>
      <trkpt lat="45.732520000" lon="4.380180000">
        <ele>587.000</ele>
      </trkpt>
      <trkpt lat="45.732550000" lon="4.380200000">
        <ele>587.000</ele>
      </trkpt>
      <trkpt lat="45.732860000" lon="4.380540000">
        <ele>587.000</ele>
      </trkpt>
      <trkpt lat="45.733030000" lon="4.380720000">
        <ele>587.000</ele>
      </trkpt>
      <trkpt lat="45.733520000" lon="4.381370000">
        <ele>585.000</ele>
      </trkpt>
      <trkpt lat="45.733860000" lon="4.381820000">
        <ele>584.000</ele>
      </trkpt>
      <trkpt lat="45.734200000" lon="4.382160000">
        <ele>582.000</ele>
      </trkpt>
      <trkpt lat="45.734390000" lon="4.382270000">
        <ele>581.000</ele>
      </trkpt>
      <trkpt lat="45.735220000" lon="4.382660000">
        <ele>582.000</ele>
      </trkpt>
      <trkpt lat="45.735650000" lon="4.382900000">
        <ele>583.000</ele>
      </trkpt>
      <trkpt lat="45.736070000" lon="4.383180000">
        <ele>585.000</ele>
      </trkpt>
      <trkpt lat="45.736360000" lon="4.383420000">
        <ele>586.000</ele>
      </trkpt>
      <trkpt lat="45.736390000" lon="4.383450000">
        <ele>586.000</ele>
      </trkpt>
      <trkpt lat="45.736630000" lon="4.383630000">
        <ele>586.000</ele>
      </trkpt>
      <trkpt lat="45.737240000" lon="4.384220000">
        <ele>586.000</ele>
      </trkpt>
      <trkpt lat="45.737840000" lon="4.384850000">
        <ele>585.000</ele>
      </trkpt>
      <trkpt lat="45.738190000" lon="4.385200000">
        <ele>584.000</ele>
      </trkpt>
      <trkpt lat="45.738480000" lon="4.385390000">
        <ele>583.000</ele>
      </trkpt>
      <trkpt lat="45.738840000" lon="4.385520000">
        <ele>582.000</ele>
      </trkpt>
      <trkpt lat="45.738920000" lon="4.385530000">
        <ele>582.000</ele>
      </trkpt>
      <trkpt lat="45.739460000" lon="4.385620000">
        <ele>581.000</ele>
      </trkpt>
      <trkpt lat="45.739670000" lon="4.385670000">
        <ele>581.000</ele>
      </trkpt>
      <trkpt lat="45.739970000" lon="4.385820000">
        <ele>581.000</ele>
      </trkpt>
      <trkpt lat="45.740330000" lon="4.386130000">
        <ele>581.000</ele>
      </trkpt>
      <trkpt lat="45.741240000" lon="4.386990000">
        <ele>583.000</ele>
      </trkpt>
      <trkpt lat="45.741320000" lon="4.387050000">
        <ele>584.000</ele>
      </trkpt>
      <trkpt lat="45.741530000" lon="4.387190000">
        <ele>585.000</ele>
      </trkpt>
      <trkpt lat="45.741750000" lon="4.387350000">
        <ele>585.000</ele>
      </trkpt>
      <trkpt lat="45.742060000" lon="4.387520000">
        <ele>586.000</ele>
      </trkpt>
      <trkpt lat="45.742240000" lon="4.387600000">
        <ele>587.000</ele>
      </trkpt>
      <trkpt lat="45.742360000" lon="4.387650000">
        <ele>588.000</ele>
      </trkpt>
      <trkpt lat="45.742700000" lon="4.387700000">
        <ele>588.000</ele>
      </trkpt>
      <trkpt lat="45.742950000" lon="4.387750000">
        <ele>589.000</ele>
      </trkpt>
      <trkpt lat="45.743120000" lon="4.387790000">
        <ele>590.000</ele>
      </trkpt>
      <trkpt lat="45.743630000" lon="4.387950000">
        <ele>591.000</ele>
      </trkpt>
      <trkpt lat="45.743810000" lon="4.388030000">
        <ele>593.000</ele>
      </trkpt>
      <trkpt lat="45.743950000" lon="4.388130000">
        <ele>594.000</ele>
      </trkpt>
      <trkpt lat="45.744030000" lon="4.388230000">
        <ele>595.000</ele>
      </trkpt>
      <trkpt lat="45.744150000" lon="4.388410000">
        <ele>596.000</ele>
      </trkpt>
      <trkpt lat="45.744240000" lon="4.388570000">
        <ele>596.000</ele>
      </trkpt>
      <trkpt lat="45.744480000" lon="4.388900000">
        <ele>598.000</ele>
      </trkpt>
      <trkpt lat="45.744730000" lon="4.389190000">
        <ele>599.000</ele>
      </trkpt>
      <trkpt lat="45.744790000" lon="4.389290000">
        <ele>600.000</ele>
      </trkpt>
      <trkpt lat="45.744840000" lon="4.389460000">
        <ele>600.000</ele>
      </trkpt>
      <trkpt lat="45.745010000" lon="4.390220000">
        <ele>599.000</ele>
      </trkpt>
      <trkpt lat="45.745070000" lon="4.390390000">
        <ele>598.000</ele>
      </trkpt>
      <trkpt lat="45.745130000" lon="4.390520000">
        <ele>597.000</ele>
      </trkpt>
      <trkpt lat="45.745200000" lon="4.390620000">
        <ele>597.000</ele>
      </trkpt>
      <trkpt lat="45.745350000" lon="4.390770000">
        <ele>596.000</ele>
      </trkpt>
      <trkpt lat="45.745640000" lon="4.391050000">
        <ele>595.000</ele>
      </trkpt>
      <trkpt lat="45.745870000" lon="4.391320000">
        <ele>593.000</ele>
      </trkpt>
      <trkpt lat="45.746510000" lon="4.392910000">
        <ele>592.000</ele>
      </trkpt>
      <trkpt lat="45.746610000" lon="4.393150000">
        <ele>591.000</ele>
      </trkpt>
      <trkpt lat="45.746720000" lon="4.393360000">
        <ele>590.000</ele>
      </trkpt>
      <trkpt lat="45.746910000" lon="4.393610000">
        <ele>590.000</ele>
      </trkpt>
      <trkpt lat="45.747240000" lon="4.394030000">
        <ele>589.000</ele>
      </trkpt>
      <trkpt lat="45.747320000" lon="4.394140000">
        <ele>588.000</ele>
      </trkpt>
      <trkpt lat="45.748250000" lon="4.395360000">
        <ele>587.000</ele>
      </trkpt>
      <trkpt lat="45.748490000" lon="4.395720000">
        <ele>586.000</ele>
      </trkpt>
      <trkpt lat="45.748880000" lon="4.396520000">
        <ele>586.000</ele>
      </trkpt>
      <trkpt lat="45.750190000" lon="4.399060000">
        <ele>589.000</ele>
      </trkpt>
      <trkpt lat="45.750580000" lon="4.399760000">
        <ele>590.000</ele>
      </trkpt>
      <trkpt lat="45.750740000" lon="4.400070000">
        <ele>591.000</ele>
      </trkpt>
      <trkpt lat="45.750910000" lon="4.400460000">
        <ele>592.000</ele>
      </trkpt>
      <trkpt lat="45.751040000" lon="4.400780000">
        <ele>593.000</ele>
      </trkpt>
      <trkpt lat="45.751160000" lon="4.401010000">
        <ele>593.000</ele>
      </trkpt>
      <trkpt lat="45.751330000" lon="4.401230000">
        <ele>593.000</ele>
      </trkpt>
      <trkpt lat="45.751700000" lon="4.401650000">
        <ele>594.000</ele>
      </trkpt>
      <trkpt lat="45.752110000" lon="4.402260000">
        <ele>595.000</ele>
      </trkpt>
      <trkpt lat="45.752300000" lon="4.402570000">
        <ele>597.000</ele>
      </trkpt>
      <trkpt lat="45.752330000" lon="4.402670000">
        <ele>598.000</ele>
      </trkpt>
      <trkpt lat="45.752270000" lon="4.402940000">
        <ele>599.000</ele>
      </trkpt>
      <trkpt lat="45.752250000" lon="4.403250000">
        <ele>600.000</ele>
      </trkpt>
      <trkpt lat="45.752290000" lon="4.403590000">
        <ele>600.000</ele>
      </trkpt>
      <trkpt lat="45.752460000" lon="4.404220000">
        <ele>600.000</ele>
      </trkpt>
      <trkpt lat="45.752530000" lon="4.404510000">
        <ele>599.000</ele>
      </trkpt>
      <trkpt lat="45.752550000" lon="4.404750000">
        <ele>599.000</ele>
      </trkpt>
      <trkpt lat="45.752530000" lon="4.405030000">
        <ele>598.000</ele>
      </trkpt>
      <trkpt lat="45.752500000" lon="4.405390000">
        <ele>597.000</ele>
      </trkpt>
      <trkpt lat="45.752510000" lon="4.405640000">
        <ele>597.000</ele>
      </trkpt>
      <trkpt lat="45.752570000" lon="4.405930000">
        <ele>596.000</ele>
      </trkpt>
      <trkpt lat="45.752610000" lon="4.406090000">
        <ele>595.000</ele>
      </trkpt>
      <trkpt lat="45.752660000" lon="4.406270000">
        <ele>595.000</ele>
      </trkpt>
      <trkpt lat="45.752810000" lon="4.406600000">
        <ele>594.000</ele>
      </trkpt>
      <trkpt lat="45.752970000" lon="4.406850000">
        <ele>593.000</ele>
      </trkpt>
      <trkpt lat="45.753070000" lon="4.407020000">
        <ele>593.000</ele>
      </trkpt>
      <trkpt lat="45.753170000" lon="4.407240000">
        <ele>592.000</ele>
      </trkpt>
      <trkpt lat="45.753410000" lon="4.407960000">
        <ele>591.000</ele>
      </trkpt>
      <trkpt lat="45.753500000" lon="4.408270000">
        <ele>590.000</ele>
      </trkpt>
      <trkpt lat="45.753550000" lon="4.408550000">
        <ele>589.000</ele>
      </trkpt>
      <trkpt lat="45.753560000" lon="4.408790000">
        <ele>589.000</ele>
      </trkpt>
      <trkpt lat="45.753540000" lon="4.408990000">
        <ele>588.000</ele>
      </trkpt>
      <trkpt lat="45.753490000" lon="4.409240000">
        <ele>587.000</ele>
      </trkpt>
      <trkpt lat="45.753180000" lon="4.409940000">
        <ele>586.000</ele>
      </trkpt>
      <trkpt lat="45.753120000" lon="4.410100000">
        <ele>586.000</ele>
      </trkpt>
      <trkpt lat="45.753090000" lon="4.410260000">
        <ele>585.000</ele>
      </trkpt>
      <trkpt lat="45.753070000" lon="4.410440000">
        <ele>584.000</ele>
      </trkpt>
      <trkpt lat="45.753110000" lon="4.410660000">
        <ele>584.000</ele>
      </trkpt>
      <trkpt lat="45.753200000" lon="4.410970000">
        <ele>583.000</ele>
      </trkpt>
      <trkpt lat="45.753310000" lon="4.411410000">
        <ele>583.000</ele>
      </trkpt>
      <trkpt lat="45.753400000" lon="4.411920000">
        <ele>583.000</ele>
      </trkpt>
      <trkpt lat="45.753480000" lon="4.412300000">
        <ele>582.000</ele>
      </trkpt>
      <trkpt lat="45.753540000" lon="4.412500000">
        <ele>582.000</ele>
      </trkpt>
      <trkpt lat="45.753630000" lon="4.412690000">
        <ele>582.000</ele>
      </trkpt>
      <trkpt lat="45.753730000" lon="4.412830000">
        <ele>582.000</ele>
      </trkpt>
      <trkpt lat="45.753850000" lon="4.413040000">
        <ele>582.000</ele>
      </trkpt>
      <trkpt lat="45.753930000" lon="4.413250000">
        <ele>582.000</ele>
      </trkpt>
      <trkpt lat="45.753950000" lon="4.413440000">
        <ele>582.000</ele>
      </trkpt>
      <trkpt lat="45.753950000" lon="4.413540000">
        <ele>582.000</ele>
      </trkpt>
      <trkpt lat="45.753970000" lon="4.414960000">
        <ele>583.000</ele>
      </trkpt>
      <trkpt lat="45.753990000" lon="4.415200000">
        <ele>584.000</ele>
      </trkpt>
      <trkpt lat="45.754030000" lon="4.415390000">
        <ele>584.000</ele>
      </trkpt>
      <trkpt lat="45.754110000" lon="4.415610000">
        <ele>585.000</ele>
      </trkpt>
      <trkpt lat="45.754230000" lon="4.415790000">
        <ele>585.000</ele>
      </trkpt>
      <trkpt lat="45.754570000" lon="4.416200000">
        <ele>586.000</ele>
      </trkpt>
      <trkpt lat="45.754850000" lon="4.416530000">
        <ele>587.000</ele>
      </trkpt>
      <trkpt lat="45.754990000" lon="4.416780000">
        <ele>587.000</ele>
      </trkpt>
      <trkpt lat="45.755140000" lon="4.417130000">
        <ele>588.000</ele>
      </trkpt>
      <trkpt lat="45.755200000" lon="4.417340000">
        <ele>589.000</ele>
      </trkpt>
      <trkpt lat="45.755240000" lon="4.417560000">
        <ele>589.000</ele>
      </trkpt>
      <trkpt lat="45.755280000" lon="4.418150000">
        <ele>591.000</ele>
      </trkpt>
      <trkpt lat="45.755320000" lon="4.418380000">
        <ele>593.000</ele>
      </trkpt>
      <trkpt lat="45.755440000" lon="4.418710000">
        <ele>595.000</ele>
      </trkpt>
      <trkpt lat="45.755840000" lon="4.419720000">
        <ele>598.000</ele>
      </trkpt>
      <trkpt lat="45.755910000" lon="4.419930000">
        <ele>601.000</ele>
      </trkpt>
      <trkpt lat="45.755970000" lon="4.421260000">
        <ele>606.000</ele>
      </trkpt>
      <trkpt lat="45.755970000" lon="4.421760000">
        <ele>609.000</ele>
      </trkpt>
      <trkpt lat="45.755890000" lon="4.422100000">
        <ele>612.000</ele>
      </trkpt>
      <trkpt lat="45.755770000" lon="4.422280000">
        <ele>615.000</ele>
      </trkpt>
      <trkpt lat="45.755080000" lon="4.422650000">
        <ele>618.000</ele>
      </trkpt>
      <trkpt lat="45.754660000" lon="4.423310000">
        <ele>620.000</ele>
      </trkpt>
      <trkpt lat="45.754560000" lon="4.423420000">
        <ele>622.000</ele>
      </trkpt>
      <trkpt lat="45.754420000" lon="4.423530000">
        <ele>623.000</ele>
      </trkpt>
      <trkpt lat="45.753890000" lon="4.423700000">
        <ele>624.000</ele>
      </trkpt>
      <trkpt lat="45.753810000" lon="4.423720000">
        <ele>625.000</ele>
      </trkpt>
      <trkpt lat="45.753690000" lon="4.423740000">
        <ele>625.000</ele>
      </trkpt>
      <trkpt lat="45.753370000" lon="4.423740000">
        <ele>626.000</ele>
      </trkpt>
      <trkpt lat="45.753030000" lon="4.423670000">
        <ele>626.000</ele>
      </trkpt>
      <trkpt lat="45.752720000" lon="4.423590000">
        <ele>626.000</ele>
      </trkpt>
      <trkpt lat="45.752610000" lon="4.423570000">
        <ele>626.000</ele>
      </trkpt>
      <trkpt lat="45.752470000" lon="4.423540000">
        <ele>627.000</ele>
      </trkpt>
      <trkpt lat="45.752440000" lon="4.423540000">
        <ele>627.000</ele>
      </trkpt>
      <trkpt lat="45.752140000" lon="4.423520000">
        <ele>627.000</ele>
      </trkpt>
      <trkpt lat="45.752070000" lon="4.423530000">
        <ele>627.000</ele>
      </trkpt>
      <trkpt lat="45.752000000" lon="4.423570000">
        <ele>627.000</ele>
      </trkpt>
      <trkpt lat="45.751750000" lon="4.423770000">
        <ele>627.000</ele>
      </trkpt>
      <trkpt lat="45.751520000" lon="4.424240000">
        <ele>627.000</ele>
      </trkpt>
      <trkpt lat="45.751460000" lon="4.424380000">
        <ele>627.000</ele>
      </trkpt>
      <trkpt lat="45.751350000" lon="4.424630000">
        <ele>627.000</ele>
      </trkpt>
      <trkpt lat="45.751290000" lon="4.424830000">
        <ele>628.000</ele>
      </trkpt>
      <trkpt lat="45.751270000" lon="4.425060000">
        <ele>628.000</ele>
      </trkpt>
      <trkpt lat="45.751280000" lon="4.425280000">
        <ele>628.000</ele>
      </trkpt>
      <trkpt lat="45.751340000" lon="4.425450000">
        <ele>628.000</ele>
      </trkpt>
      <trkpt lat="45.751430000" lon="4.425630000">
        <ele>628.000</ele>
      </trkpt>
      <trkpt lat="45.751670000" lon="4.425850000">
        <ele>628.000</ele>
      </trkpt>
      <trkpt lat="45.751780000" lon="4.426030000">
        <ele>628.000</ele>
      </trkpt>
      <trkpt lat="45.751860000" lon="4.426260000">
        <ele>628.000</ele>
      </trkpt>
      <trkpt lat="45.751850000" lon="4.426490000">
        <ele>628.000</ele>
      </trkpt>
      <trkpt lat="45.751790000" lon="4.426730000">
        <ele>629.000</ele>
      </trkpt>
      <trkpt lat="45.751460000" lon="4.427430000">
        <ele>630.000</ele>
      </trkpt>
      <trkpt lat="45.751410000" lon="4.427640000">
        <ele>632.000</ele>
      </trkpt>
      <trkpt lat="45.751430000" lon="4.427880000">
        <ele>633.000</ele>
      </trkpt>
      <trkpt lat="45.751530000" lon="4.428130000">
        <ele>634.000</ele>
      </trkpt>
      <trkpt lat="45.751920000" lon="4.428890000">
        <ele>636.000</ele>
      </trkpt>
      <trkpt lat="45.751950000" lon="4.428900000">
        <ele>638.000</ele>
      </trkpt>
      <trkpt lat="45.751970000" lon="4.428930000">
        <ele>639.000</ele>
      </trkpt>
      <trkpt lat="45.752140000" lon="4.429130000">
        <ele>639.000</ele>
      </trkpt>
      <trkpt lat="45.752430000" lon="4.429370000">
        <ele>639.000</ele>
      </trkpt>
      <trkpt lat="45.752640000" lon="4.429690000">
        <ele>639.000</ele>
      </trkpt>
      <trkpt lat="45.753180000" lon="4.431230000">
        <ele>638.000</ele>
      </trkpt>
      <trkpt lat="45.753180000" lon="4.431230000">
        <ele>638.000</ele>
      </trkpt>
      <trkpt lat="45.753210000" lon="4.431330000">
        <ele>637.000</ele>
      </trkpt>
      <trkpt lat="45.753260000" lon="4.431510000">
        <ele>637.000</ele>
      </trkpt>
      <trkpt lat="45.753290000" lon="4.431690000">
        <ele>637.000</ele>
      </trkpt>
      <trkpt lat="45.753330000" lon="4.434060000">
        <ele>636.000</ele>
      </trkpt>
      <trkpt lat="45.753360000" lon="4.435180000">
        <ele>636.000</ele>
      </trkpt>
      <trkpt lat="45.753340000" lon="4.435860000">
        <ele>636.000</ele>
      </trkpt>
      <trkpt lat="45.753270000" lon="4.437440000">
        <ele>637.000</ele>
      </trkpt>
      <trkpt lat="45.753280000" lon="4.438410000">
        <ele>639.000</ele>
      </trkpt>
      <trkpt lat="45.753270000" lon="4.438470000">
        <ele>641.000</ele>
      </trkpt>
      <trkpt lat="45.753270000" lon="4.438770000">
        <ele>642.000</ele>
      </trkpt>
      <trkpt lat="45.753280000" lon="4.438940000">
        <ele>643.000</ele>
      </trkpt>
      <trkpt lat="45.753310000" lon="4.439240000">
        <ele>644.000</ele>
      </trkpt>
      <trkpt lat="45.753620000" lon="4.441410000">
        <ele>648.000</ele>
      </trkpt>
      <trkpt lat="45.753700000" lon="4.442100000">
        <ele>650.000</ele>
      </trkpt>
      <trkpt lat="45.753730000" lon="4.442510000">
        <ele>653.000</ele>
      </trkpt>
      <trkpt lat="45.753740000" lon="4.442740000">
        <ele>655.000</ele>
      </trkpt>
      <trkpt lat="45.753720000" lon="4.443250000">
        <ele>656.000</ele>
      </trkpt>
      <trkpt lat="45.753690000" lon="4.443530000">
        <ele>657.000</ele>
      </trkpt>
      <trkpt lat="45.753660000" lon="4.443900000">
        <ele>659.000</ele>
      </trkpt>
      <trkpt lat="45.753650000" lon="4.444050000">
        <ele>660.000</ele>
      </trkpt>
      <trkpt lat="45.753650000" lon="4.444050000">
        <ele>660.000</ele>
      </trkpt>
      <trkpt lat="45.753620000" lon="4.444340000">
        <ele>661.000</ele>
      </trkpt>
      <trkpt lat="45.753570000" lon="4.444890000">
        <ele>662.000</ele>
      </trkpt>
      <trkpt lat="45.753530000" lon="4.445390000">
        <ele>663.000</ele>
      </trkpt>
      <trkpt lat="45.753520000" lon="4.445560000">
        <ele>664.000</ele>
      </trkpt>
      <trkpt lat="45.753570000" lon="4.445860000">
        <ele>665.000</ele>
      </trkpt>
      <trkpt lat="45.753610000" lon="4.445970000">
        <ele>666.000</ele>
      </trkpt>
      <trkpt lat="45.753680000" lon="4.446070000">
        <ele>666.000</ele>
      </trkpt>
      <trkpt lat="45.753800000" lon="4.446030000">
        <ele>667.000</ele>
      </trkpt>
      <trkpt lat="45.753970000" lon="4.445990000">
        <ele>668.000</ele>
      </trkpt>
      <trkpt lat="45.754130000" lon="4.446010000">
        <ele>668.000</ele>
      </trkpt>
      <trkpt lat="45.754300000" lon="4.446060000">
        <ele>669.000</ele>
      </trkpt>
      <trkpt lat="45.754470000" lon="4.446110000">
        <ele>669.000</ele>
      </trkpt>
      <trkpt lat="45.754700000" lon="4.446190000">
        <ele>670.000</ele>
      </trkpt>
      <trkpt lat="45.755210000" lon="4.446230000">
        <ele>670.000</ele>
      </trkpt>
      <trkpt lat="45.755350000" lon="4.446260000">
        <ele>671.000</ele>
      </trkpt>
      <trkpt lat="45.755410000" lon="4.446280000">
        <ele>671.000</ele>
      </trkpt>
      <trkpt lat="45.755410000" lon="4.446280000">
        <ele>671.000</ele>
      </trkpt>
      <trkpt lat="45.755480000" lon="4.446310000">
        <ele>671.000</ele>
      </trkpt>
      <trkpt lat="45.755820000" lon="4.446470000">
        <ele>672.000</ele>
      </trkpt>
      <trkpt lat="45.755910000" lon="4.446520000">
        <ele>672.000</ele>
      </trkpt>
      <trkpt lat="45.756260000" lon="4.446700000">
        <ele>673.000</ele>
      </trkpt>
      <trkpt lat="45.756790000" lon="4.447020000">
        <ele>675.000</ele>
      </trkpt>
      <trkpt lat="45.757010000" lon="4.447140000">
        <ele>676.000</ele>
      </trkpt>
      <trkpt lat="45.757200000" lon="4.447180000">
        <ele>678.000</ele>
      </trkpt>
      <trkpt lat="45.757280000" lon="4.447170000">
        <ele>679.000</ele>
      </trkpt>
      <trkpt lat="45.757360000" lon="4.447170000">
        <ele>680.000</ele>
      </trkpt>
      <trkpt lat="45.757490000" lon="4.447150000">
        <ele>680.000</ele>
      </trkpt>
      <trkpt lat="45.757880000" lon="4.447040000">
        <ele>682.000</ele>
      </trkpt>
      <trkpt lat="45.758000000" lon="4.447030000">
        <ele>683.000</ele>
      </trkpt>
      <trkpt lat="45.758060000" lon="4.447030000">
        <ele>683.000</ele>
      </trkpt>
      <trkpt lat="45.758190000" lon="4.447070000">
        <ele>684.000</ele>
      </trkpt>
      <trkpt lat="45.758390000" lon="4.447190000">
        <ele>684.000</ele>
      </trkpt>
      <trkpt lat="45.758980000" lon="4.447600000">
        <ele>684.000</ele>
      </trkpt>
      <trkpt lat="45.759050000" lon="4.447630000">
        <ele>684.000</ele>
      </trkpt>
      <trkpt lat="45.759200000" lon="4.447650000">
        <ele>684.000</ele>
      </trkpt>
      <trkpt lat="45.759370000" lon="4.447620000">
        <ele>684.000</ele>
      </trkpt>
      <trkpt lat="45.759520000" lon="4.447570000">
        <ele>683.000</ele>
      </trkpt>
      <trkpt lat="45.760620000" lon="4.447030000">
        <ele>683.000</ele>
      </trkpt>
      <trkpt lat="45.760870000" lon="4.446860000">
        <ele>683.000</ele>
      </trkpt>
      <trkpt lat="45.761030000" lon="4.446640000">
        <ele>684.000</ele>
      </trkpt>
      <trkpt lat="45.761180000" lon="4.446020000">
        <ele>684.000</ele>
      </trkpt>
      <trkpt lat="45.761260000" lon="4.445770000">
        <ele>685.000</ele>
      </trkpt>
      <trkpt lat="45.761410000" lon="4.445550000">
        <ele>686.000</ele>
      </trkpt>
      <trkpt lat="45.761540000" lon="4.445420000">
        <ele>687.000</ele>
      </trkpt>
      <trkpt lat="45.761700000" lon="4.445320000">
        <ele>687.000</ele>
      </trkpt>
      <trkpt lat="45.761890000" lon="4.445280000">
        <ele>688.000</ele>
      </trkpt>
      <trkpt lat="45.762080000" lon="4.445290000">
        <ele>689.000</ele>
      </trkpt>
      <trkpt lat="45.762740000" lon="4.445500000">
        <ele>690.000</ele>
      </trkpt>
      <trkpt lat="45.763190000" lon="4.445630000">
        <ele>691.000</ele>
      </trkpt>
      <trkpt lat="45.763440000" lon="4.445730000">
        <ele>692.000</ele>
      </trkpt>
      <trkpt lat="45.763540000" lon="4.445760000">
        <ele>693.000</ele>
      </trkpt>
      <trkpt lat="45.763700000" lon="4.445920000">
        <ele>693.000</ele>
      </trkpt>
      <trkpt lat="45.763830000" lon="4.446090000">
        <ele>693.000</ele>
      </trkpt>
      <trkpt lat="45.764160000" lon="4.446780000">
        <ele>692.000</ele>
      </trkpt>
      <trkpt lat="45.764340000" lon="4.447040000">
        <ele>691.000</ele>
      </trkpt>
      <trkpt lat="45.764520000" lon="4.447210000">
        <ele>689.000</ele>
      </trkpt>
      <trkpt lat="45.764770000" lon="4.447370000">
        <ele>688.000</ele>
      </trkpt>
      <trkpt lat="45.765000000" lon="4.447460000">
        <ele>686.000</ele>
      </trkpt>
      <trkpt lat="45.765270000" lon="4.447510000">
        <ele>685.000</ele>
      </trkpt>
      <trkpt lat="45.765540000" lon="4.447510000">
        <ele>684.000</ele>
      </trkpt>
      <trkpt lat="45.765660000" lon="4.447480000">
        <ele>683.000</ele>
      </trkpt>
      <trkpt lat="45.765820000" lon="4.447420000">
        <ele>683.000</ele>
      </trkpt>
      <trkpt lat="45.765950000" lon="4.447350000">
        <ele>682.000</ele>
      </trkpt>
      <trkpt lat="45.766240000" lon="4.447190000">
        <ele>682.000</ele>
      </trkpt>
      <trkpt lat="45.766320000" lon="4.447140000">
        <ele>682.000</ele>
      </trkpt>
      <trkpt lat="45.766860000" lon="4.446870000">
        <ele>682.000</ele>
      </trkpt>
      <trkpt lat="45.767030000" lon="4.446770000">
        <ele>682.000</ele>
      </trkpt>
      <trkpt lat="45.767170000" lon="4.446690000">
        <ele>683.000</ele>
      </trkpt>
      <trkpt lat="45.767330000" lon="4.446560000">
        <ele>683.000</ele>
      </trkpt>
      <trkpt lat="45.767520000" lon="4.446340000">
        <ele>684.000</ele>
      </trkpt>
      <trkpt lat="45.767660000" lon="4.446110000">
        <ele>685.000</ele>
      </trkpt>
      <trkpt lat="45.767800000" lon="4.445770000">
        <ele>686.000</ele>
      </trkpt>
      <trkpt lat="45.767960000" lon="4.445380000">
        <ele>687.000</ele>
      </trkpt>
      <trkpt lat="45.768110000" lon="4.445130000">
        <ele>688.000</ele>
      </trkpt>
      <trkpt lat="45.768260000" lon="4.444940000">
        <ele>689.000</ele>
      </trkpt>
      <trkpt lat="45.768440000" lon="4.444780000">
        <ele>690.000</ele>
      </trkpt>
      <trkpt lat="45.768640000" lon="4.444660000">
        <ele>691.000</ele>
      </trkpt>
      <trkpt lat="45.768830000" lon="4.444590000">
        <ele>692.000</ele>
      </trkpt>
      <trkpt lat="45.768970000" lon="4.444560000">
        <ele>693.000</ele>
      </trkpt>
      <trkpt lat="45.769100000" lon="4.444550000">
        <ele>694.000</ele>
      </trkpt>
      <trkpt lat="45.769200000" lon="4.444570000">
        <ele>694.000</ele>
      </trkpt>
      <trkpt lat="45.769280000" lon="4.444600000">
        <ele>695.000</ele>
      </trkpt>
      <trkpt lat="45.769430000" lon="4.444720000">
        <ele>696.000</ele>
      </trkpt>
      <trkpt lat="45.769650000" lon="4.445050000">
        <ele>696.000</ele>
      </trkpt>
      <trkpt lat="45.770030000" lon="4.445650000">
        <ele>698.000</ele>
      </trkpt>
      <trkpt lat="45.770120000" lon="4.445740000">
        <ele>699.000</ele>
      </trkpt>
      <trkpt lat="45.770230000" lon="4.445830000">
        <ele>700.000</ele>
      </trkpt>
      <trkpt lat="45.770330000" lon="4.445850000">
        <ele>701.000</ele>
      </trkpt>
      <trkpt lat="45.771240000" lon="4.445860000">
        <ele>703.000</ele>
      </trkpt>
      <trkpt lat="45.771350000" lon="4.445860000">
        <ele>704.000</ele>
      </trkpt>
      <trkpt lat="45.771640000" lon="4.445850000">
        <ele>705.000</ele>
      </trkpt>
      <trkpt lat="45.771880000" lon="4.445760000">
        <ele>707.000</ele>
      </trkpt>
      <trkpt lat="45.772170000" lon="4.445520000">
        <ele>708.000</ele>
      </trkpt>
      <trkpt lat="45.772430000" lon="4.445380000">
        <ele>708.000</ele>
      </trkpt>
      <trkpt lat="45.773710000" lon="4.444900000">
        <ele>708.000</ele>
      </trkpt>
      <trkpt lat="45.774040000" lon="4.444780000">
        <ele>708.000</ele>
      </trkpt>
      <trkpt lat="45.774160000" lon="4.444690000">
        <ele>708.000</ele>
      </trkpt>
      <trkpt lat="45.774240000" lon="4.444580000">
        <ele>708.000</ele>
      </trkpt>
      <trkpt lat="45.774280000" lon="4.444480000">
        <ele>708.000</ele>
      </trkpt>
      <trkpt lat="45.774330000" lon="4.444270000">
        <ele>708.000</ele>
      </trkpt>
      <trkpt lat="45.774360000" lon="4.444080000">
        <ele>709.000</ele>
      </trkpt>
      <trkpt lat="45.774410000" lon="4.443830000">
        <ele>709.000</ele>
      </trkpt>
      <trkpt lat="45.774500000" lon="4.443600000">
        <ele>709.000</ele>
      </trkpt>
      <trkpt lat="45.774670000" lon="4.443210000">
        <ele>709.000</ele>
      </trkpt>
      <trkpt lat="45.774810000" lon="4.442770000">
        <ele>710.000</ele>
      </trkpt>
      <trkpt lat="45.774880000" lon="4.442470000">
        <ele>710.000</ele>
      </trkpt>
      <trkpt lat="45.774930000" lon="4.442180000">
        <ele>711.000</ele>
      </trkpt>
      <trkpt lat="45.775010000" lon="4.441550000">
        <ele>712.000</ele>
      </trkpt>
      <trkpt lat="45.775040000" lon="4.441390000">
        <ele>713.000</ele>
      </trkpt>
      <trkpt lat="45.775120000" lon="4.441150000">
        <ele>714.000</ele>
      </trkpt>
      <trkpt lat="45.775440000" lon="4.440430000">
        <ele>715.000</ele>
      </trkpt>
      <trkpt lat="45.775620000" lon="4.440150000">
        <ele>716.000</ele>
      </trkpt>
      <trkpt lat="45.775740000" lon="4.440010000">
        <ele>717.000</ele>
      </trkpt>
      <trkpt lat="45.775900000" lon="4.439890000">
        <ele>718.000</ele>
      </trkpt>
      <trkpt lat="45.775970000" lon="4.439860000">
        <ele>719.000</ele>
      </trkpt>
      <trkpt lat="45.776070000" lon="4.439820000">
        <ele>720.000</ele>
      </trkpt>
      <trkpt lat="45.776220000" lon="4.439800000">
        <ele>721.000</ele>
      </trkpt>
      <trkpt lat="45.776310000" lon="4.439830000">
        <ele>722.000</ele>
      </trkpt>
      <trkpt lat="45.776400000" lon="4.439900000">
        <ele>722.000</ele>
      </trkpt>
      <trkpt lat="45.776450000" lon="4.439940000">
        <ele>723.000</ele>
      </trkpt>
      <trkpt lat="45.776500000" lon="4.440050000">
        <ele>723.000</ele>
      </trkpt>
      <trkpt lat="45.776590000" lon="4.440250000">
        <ele>724.000</ele>
      </trkpt>
      <trkpt lat="45.776680000" lon="4.440360000">
        <ele>725.000</ele>
      </trkpt>
      <trkpt lat="45.776820000" lon="4.440460000">
        <ele>726.000</ele>
      </trkpt>
      <trkpt lat="45.777040000" lon="4.440500000">
        <ele>727.000</ele>
      </trkpt>
      <trkpt lat="45.777350000" lon="4.440460000">
        <ele>728.000</ele>
      </trkpt>
      <trkpt lat="45.777490000" lon="4.440410000">
        <ele>729.000</ele>
      </trkpt>
      <trkpt lat="45.777600000" lon="4.440290000">
        <ele>730.000</ele>
      </trkpt>
      <trkpt lat="45.777690000" lon="4.440110000">
        <ele>730.000</ele>
      </trkpt>
      <trkpt lat="45.777780000" lon="4.439870000">
        <ele>731.000</ele>
      </trkpt>
      <trkpt lat="45.777830000" lon="4.439750000">
        <ele>731.000</ele>
      </trkpt>
      <trkpt lat="45.777910000" lon="4.439630000">
        <ele>731.000</ele>
      </trkpt>
      <trkpt lat="45.778010000" lon="4.439540000">
        <ele>732.000</ele>
      </trkpt>
      <trkpt lat="45.778110000" lon="4.439490000">
        <ele>732.000</ele>
      </trkpt>
      <trkpt lat="45.778550000" lon="4.439350000">
        <ele>733.000</ele>
      </trkpt>
      <trkpt lat="45.779000000" lon="4.439310000">
        <ele>733.000</ele>
      </trkpt>
      <trkpt lat="45.779170000" lon="4.439320000">
        <ele>734.000</ele>
      </trkpt>
      <trkpt lat="45.779300000" lon="4.439380000">
        <ele>734.000</ele>
      </trkpt>
      <trkpt lat="45.779420000" lon="4.439470000">
        <ele>734.000</ele>
      </trkpt>
      <trkpt lat="45.779630000" lon="4.439720000">
        <ele>735.000</ele>
      </trkpt>
      <trkpt lat="45.779740000" lon="4.439910000">
        <ele>735.000</ele>
      </trkpt>
      <trkpt lat="45.779800000" lon="4.440070000">
        <ele>735.000</ele>
      </trkpt>
      <trkpt lat="45.779910000" lon="4.440460000">
        <ele>736.000</ele>
      </trkpt>
      <trkpt lat="45.780040000" lon="4.440670000">
        <ele>736.000</ele>
      </trkpt>
      <trkpt lat="45.780140000" lon="4.440750000">
        <ele>736.000</ele>
      </trkpt>
      <trkpt lat="45.780280000" lon="4.440820000">
        <ele>737.000</ele>
      </trkpt>
      <trkpt lat="45.780500000" lon="4.440880000">
        <ele>737.000</ele>
      </trkpt>
      <trkpt lat="45.780700000" lon="4.440910000">
        <ele>737.000</ele>
      </trkpt>
      <trkpt lat="45.781260000" lon="4.440940000">
        <ele>738.000</ele>
      </trkpt>
      <trkpt lat="45.781420000" lon="4.440910000">
        <ele>738.000</ele>
      </trkpt>
      <trkpt lat="45.781560000" lon="4.440830000">
        <ele>739.000</ele>
      </trkpt>
      <trkpt lat="45.781690000" lon="4.440710000">
        <ele>739.000</ele>
      </trkpt>
      <trkpt lat="45.781720000" lon="4.440680000">
        <ele>739.000</ele>
      </trkpt>
      <trkpt lat="45.781920000" lon="4.440480000">
        <ele>739.000</ele>
      </trkpt>
      <trkpt lat="45.782050000" lon="4.440400000">
        <ele>740.000</ele>
      </trkpt>
      <trkpt lat="45.782130000" lon="4.440370000">
        <ele>740.000</ele>
      </trkpt>
      <trkpt lat="45.782220000" lon="4.440350000">
        <ele>740.000</ele>
      </trkpt>
      <trkpt lat="45.782310000" lon="4.440370000">
        <ele>740.000</ele>
      </trkpt>
      <trkpt lat="45.782430000" lon="4.440400000">
        <ele>740.000</ele>
      </trkpt>
      <trkpt lat="45.782710000" lon="4.440520000">
        <ele>740.000</ele>
      </trkpt>
      <trkpt lat="45.782830000" lon="4.440590000">
        <ele>739.000</ele>
      </trkpt>
      <trkpt lat="45.782980000" lon="4.440700000">
        <ele>739.000</ele>
      </trkpt>
      <trkpt lat="45.783130000" lon="4.440850000">
        <ele>738.000</ele>
      </trkpt>
      <trkpt lat="45.783340000" lon="4.441110000">
        <ele>737.000</ele>
      </trkpt>
      <trkpt lat="45.783500000" lon="4.441330000">
        <ele>736.000</ele>
      </trkpt>
      <trkpt lat="45.783630000" lon="4.441520000">
        <ele>736.000</ele>
      </trkpt>
      <trkpt lat="45.783720000" lon="4.441720000">
        <ele>735.000</ele>
      </trkpt>
      <trkpt lat="45.783830000" lon="4.442000000">
        <ele>734.000</ele>
      </trkpt>
      <trkpt lat="45.784090000" lon="4.442690000">
        <ele>734.000</ele>
      </trkpt>
      <trkpt lat="45.784230000" lon="4.442940000">
        <ele>734.000</ele>
      </trkpt>
      <trkpt lat="45.784300000" lon="4.443080000">
        <ele>733.000</ele>
      </trkpt>
      <trkpt lat="45.784430000" lon="4.443240000">
        <ele>733.000</ele>
      </trkpt>
      <trkpt lat="45.784870000" lon="4.443830000">
        <ele>733.000</ele>
      </trkpt>
      <trkpt lat="45.785020000" lon="4.444030000">
        <ele>733.000</ele>
      </trkpt>
      <trkpt lat="45.785160000" lon="4.444140000">
        <ele>732.000</ele>
      </trkpt>
      <trkpt lat="45.785270000" lon="4.444210000">
        <ele>732.000</ele>
      </trkpt>
      <trkpt lat="45.785580000" lon="4.444320000">
        <ele>732.000</ele>
      </trkpt>
      <trkpt lat="45.785790000" lon="4.444360000">
        <ele>731.000</ele>
      </trkpt>
      <trkpt lat="45.785950000" lon="4.444340000">
        <ele>731.000</ele>
      </trkpt>
      <trkpt lat="45.786540000" lon="4.444190000">
        <ele>730.000</ele>
      </trkpt>
      <trkpt lat="45.786820000" lon="4.444110000">
        <ele>729.000</ele>
      </trkpt>
      <trkpt lat="45.787060000" lon="4.444060000">
        <ele>728.000</ele>
      </trkpt>
      <trkpt lat="45.787240000" lon="4.444090000">
        <ele>728.000</ele>
      </trkpt>
      <trkpt lat="45.787530000" lon="4.444150000">
        <ele>727.000</ele>
      </trkpt>
      <trkpt lat="45.787710000" lon="4.444180000">
        <ele>727.000</ele>
      </trkpt>
      <trkpt lat="45.787850000" lon="4.444180000">
        <ele>727.000</ele>
      </trkpt>
      <trkpt lat="45.788010000" lon="4.444140000">
        <ele>726.000</ele>
      </trkpt>
      <trkpt lat="45.788260000" lon="4.444060000">
        <ele>726.000</ele>
      </trkpt>
      <trkpt lat="45.788640000" lon="4.443910000">
        <ele>725.000</ele>
      </trkpt>
      <trkpt lat="45.789000000" lon="4.443780000">
        <ele>725.000</ele>
      </trkpt>
      <trkpt lat="45.789220000" lon="4.443750000">
        <ele>725.000</ele>
      </trkpt>
      <trkpt lat="45.789460000" lon="4.443790000">
        <ele>725.000</ele>
      </trkpt>
      <trkpt lat="45.789650000" lon="4.443860000">
        <ele>725.000</ele>
      </trkpt>
      <trkpt lat="45.790170000" lon="4.444160000">
        <ele>725.000</ele>
      </trkpt>
      <trkpt lat="45.790430000" lon="4.444240000">
        <ele>725.000</ele>
      </trkpt>
      <trkpt lat="45.790750000" lon="4.444280000">
        <ele>725.000</ele>
      </trkpt>
      <trkpt lat="45.791060000" lon="4.444250000">
        <ele>725.000</ele>
      </trkpt>
      <trkpt lat="45.791650000" lon="4.444050000">
        <ele>725.000</ele>
      </trkpt>
      <trkpt lat="45.792110000" lon="4.443900000">
        <ele>725.000</ele>
      </trkpt>
      <trkpt lat="45.792430000" lon="4.443700000">
        <ele>725.000</ele>
      </trkpt>
      <trkpt lat="45.792450000" lon="4.443680000">
        <ele>725.000</ele>
      </trkpt>
      <trkpt lat="45.792600000" lon="4.443550000">
        <ele>725.000</ele>
      </trkpt>
      <trkpt lat="45.792780000" lon="4.443340000">
        <ele>725.000</ele>
      </trkpt>
      <trkpt lat="45.792930000" lon="4.443060000">
        <ele>725.000</ele>
      </trkpt>
      <trkpt lat="45.793020000" lon="4.442910000">
        <ele>725.000</ele>
      </trkpt>
      <trkpt lat="45.793090000" lon="4.442830000">
        <ele>725.000</ele>
      </trkpt>
      <trkpt lat="45.793130000" lon="4.442810000">
        <ele>724.000</ele>
      </trkpt>
      <trkpt lat="45.793180000" lon="4.442800000">
        <ele>724.000</ele>
      </trkpt>
      <trkpt lat="45.793300000" lon="4.442870000">
        <ele>724.000</ele>
      </trkpt>
      <trkpt lat="45.793280000" lon="4.444180000">
        <ele>724.000</ele>
      </trkpt>
      <trkpt lat="45.793290000" lon="4.444440000">
        <ele>723.000</ele>
      </trkpt>
      <trkpt lat="45.793350000" lon="4.444670000">
        <ele>723.000</ele>
      </trkpt>
      <trkpt lat="45.793420000" lon="4.444840000">
        <ele>722.000</ele>
      </trkpt>
      <trkpt lat="45.793530000" lon="4.445000000">
        <ele>722.000</ele>
      </trkpt>
      <trkpt lat="45.793660000" lon="4.445100000">
        <ele>722.000</ele>
      </trkpt>
      <trkpt lat="45.793930000" lon="4.445250000">
        <ele>721.000</ele>
      </trkpt>
      <trkpt lat="45.794080000" lon="4.445360000">
        <ele>721.000</ele>
      </trkpt>
      <trkpt lat="45.794210000" lon="4.445530000">
        <ele>721.000</ele>
      </trkpt>
      <trkpt lat="45.794320000" lon="4.445730000">
        <ele>721.000</ele>
      </trkpt>
      <trkpt lat="45.794420000" lon="4.446110000">
        <ele>720.000</ele>
      </trkpt>
      <trkpt lat="45.794570000" lon="4.446840000">
        <ele>721.000</ele>
      </trkpt>
      <trkpt lat="45.794820000" lon="4.448070000">
        <ele>722.000</ele>
      </trkpt>
      <trkpt lat="45.794850000" lon="4.448300000">
        <ele>723.000</ele>
      </trkpt>
      <trkpt lat="45.794850000" lon="4.448550000">
        <ele>724.000</ele>
      </trkpt>
      <trkpt lat="45.794640000" lon="4.449790000">
        <ele>726.000</ele>
      </trkpt>
      <trkpt lat="45.794600000" lon="4.450100000">
        <ele>728.000</ele>
      </trkpt>
      <trkpt lat="45.794590000" lon="4.450370000">
        <ele>729.000</ele>
      </trkpt>
      <trkpt lat="45.794610000" lon="4.450580000">
        <ele>730.000</ele>
      </trkpt>
      <trkpt lat="45.794660000" lon="4.450780000">
        <ele>731.000</ele>
      </trkpt>
      <trkpt lat="45.794760000" lon="4.450930000">
        <ele>732.000</ele>
      </trkpt>
      <trkpt lat="45.794900000" lon="4.451020000">
        <ele>733.000</ele>
      </trkpt>
      <trkpt lat="45.795070000" lon="4.451040000">
        <ele>734.000</ele>
      </trkpt>
      <trkpt lat="45.795300000" lon="4.450970000">
        <ele>735.000</ele>
      </trkpt>
      <trkpt lat="45.795500000" lon="4.450860000">
        <ele>736.000</ele>
      </trkpt>
      <trkpt lat="45.796080000" lon="4.450380000">
        <ele>738.000</ele>
      </trkpt>
      <trkpt lat="45.796510000" lon="4.450210000">
        <ele>738.000</ele>
      </trkpt>
      <trkpt lat="45.796750000" lon="4.450150000">
        <ele>737.000</ele>
      </trkpt>
      <trkpt lat="45.796950000" lon="4.450150000">
        <ele>736.000</ele>
      </trkpt>
      <trkpt lat="45.797180000" lon="4.450240000">
        <ele>734.000</ele>
      </trkpt>
      <trkpt lat="45.798120000" lon="4.450840000">
        <ele>730.000</ele>
      </trkpt>
      <trkpt lat="45.798350000" lon="4.451010000">
        <ele>726.000</ele>
      </trkpt>
      <trkpt lat="45.798620000" lon="4.451480000">
        <ele>724.000</ele>
      </trkpt>
      <trkpt lat="45.798760000" lon="4.451840000">
        <ele>722.000</ele>
      </trkpt>
      <trkpt lat="45.798810000" lon="4.451980000">
        <ele>720.000</ele>
      </trkpt>
      <trkpt lat="45.798870000" lon="4.452170000">
        <ele>719.000</ele>
      </trkpt>
      <trkpt lat="45.798910000" lon="4.452440000">
        <ele>718.000</ele>
      </trkpt>
      <trkpt lat="45.799000000" lon="4.453910000">
        <ele>717.000</ele>
      </trkpt>
      <trkpt lat="45.799140000" lon="4.456020000">
        <ele>713.000</ele>
      </trkpt>
      <trkpt lat="45.799130000" lon="4.456290000">
        <ele>711.000</ele>
      </trkpt>
      <trkpt lat="45.799120000" lon="4.456590000">
        <ele>709.000</ele>
      </trkpt>
      <trkpt lat="45.799210000" lon="4.456740000">
        <ele>707.000</ele>
      </trkpt>
      <trkpt lat="45.799220000" lon="4.456900000">
        <ele>707.000</ele>
      </trkpt>
      <trkpt lat="45.799190000" lon="4.457060000">
        <ele>706.000</ele>
      </trkpt>
      <trkpt lat="45.799120000" lon="4.457370000">
        <ele>706.000</ele>
      </trkpt>
      <trkpt lat="45.799060000" lon="4.457750000">
        <ele>706.000</ele>
      </trkpt>
      <trkpt lat="45.798920000" lon="4.459560000">
        <ele>707.000</ele>
      </trkpt>
      <trkpt lat="45.798900000" lon="4.460070000">
        <ele>708.000</ele>
      </trkpt>
      <trkpt lat="45.798920000" lon="4.460310000">
        <ele>709.000</ele>
      </trkpt>
      <trkpt lat="45.799040000" lon="4.460610000">
        <ele>710.000</ele>
      </trkpt>
      <trkpt lat="45.799190000" lon="4.460920000">
        <ele>710.000</ele>
      </trkpt>
      <trkpt lat="45.799620000" lon="4.461730000">
        <ele>711.000</ele>
      </trkpt>
      <trkpt lat="45.799830000" lon="4.462180000">
        <ele>712.000</ele>
      </trkpt>
      <trkpt lat="45.800110000" lon="4.463000000">
        <ele>711.000</ele>
      </trkpt>
      <trkpt lat="45.800240000" lon="4.463330000">
        <ele>710.000</ele>
      </trkpt>
      <trkpt lat="45.800390000" lon="4.463570000">
        <ele>709.000</ele>
      </trkpt>
      <trkpt lat="45.800560000" lon="4.463710000">
        <ele>708.000</ele>
      </trkpt>
      <trkpt lat="45.800710000" lon="4.463710000">
        <ele>707.000</ele>
      </trkpt>
      <trkpt lat="45.800870000" lon="4.463620000">
        <ele>707.000</ele>
      </trkpt>
      <trkpt lat="45.801050000" lon="4.463420000">
        <ele>706.000</ele>
      </trkpt>
      <trkpt lat="45.801380000" lon="4.462890000">
        <ele>705.000</ele>
      </trkpt>
      <trkpt lat="45.801610000" lon="4.462630000">
        <ele>704.000</ele>
      </trkpt>
      <trkpt lat="45.801890000" lon="4.462490000">
        <ele>703.000</ele>
      </trkpt>
      <trkpt lat="45.802360000" lon="4.462380000">
        <ele>702.000</ele>
      </trkpt>
      <trkpt lat="45.802500000" lon="4.462370000">
        <ele>702.000</ele>
      </trkpt>
      <trkpt lat="45.802580000" lon="4.462380000">
        <ele>702.000</ele>
      </trkpt>
      <trkpt lat="45.802700000" lon="4.462450000">
        <ele>701.000</ele>
      </trkpt>
      <trkpt lat="45.802800000" lon="4.462570000">
        <ele>701.000</ele>
      </trkpt>
      <trkpt lat="45.802870000" lon="4.462760000">
        <ele>701.000</ele>
      </trkpt>
      <trkpt lat="45.802900000" lon="4.462910000">
        <ele>701.000</ele>
      </trkpt>
      <trkpt lat="45.802960000" lon="4.463420000">
        <ele>701.000</ele>
      </trkpt>
      <trkpt lat="45.803350000" lon="4.465510000">
        <ele>702.000</ele>
      </trkpt>
      <trkpt lat="45.803350000" lon="4.465810000">
        <ele>703.000</ele>
      </trkpt>
      <trkpt lat="45.803290000" lon="4.466390000">
        <ele>703.000</ele>
      </trkpt>
      <trkpt lat="45.803290000" lon="4.466580000">
        <ele>703.000</ele>
      </trkpt>
      <trkpt lat="45.803320000" lon="4.466780000">
        <ele>703.000</ele>
      </trkpt>
      <trkpt lat="45.803390000" lon="4.467020000">
        <ele>703.000</ele>
      </trkpt>
      <trkpt lat="45.803460000" lon="4.467140000">
        <ele>702.000</ele>
      </trkpt>
      <trkpt lat="45.803990000" lon="4.467770000">
        <ele>702.000</ele>
      </trkpt>
      <trkpt lat="45.804370000" lon="4.468230000">
        <ele>701.000</ele>
      </trkpt>
      <trkpt lat="45.804470000" lon="4.468430000">
        <ele>700.000</ele>
      </trkpt>
      <trkpt lat="45.804500000" lon="4.468610000">
        <ele>699.000</ele>
      </trkpt>
      <trkpt lat="45.804490000" lon="4.468830000">
        <ele>698.000</ele>
      </trkpt>
      <trkpt lat="45.804440000" lon="4.469040000">
        <ele>697.000</ele>
      </trkpt>
      <trkpt lat="45.804330000" lon="4.469290000">
        <ele>696.000</ele>
      </trkpt>
      <trkpt lat="45.803960000" lon="4.469820000">
        <ele>695.000</ele>
      </trkpt>
      <trkpt lat="45.803910000" lon="4.470050000">
        <ele>694.000</ele>
      </trkpt>
      <trkpt lat="45.803920000" lon="4.470340000">
        <ele>694.000</ele>
      </trkpt>
      <trkpt lat="45.804120000" lon="4.471050000">
        <ele>693.000</ele>
      </trkpt>
      <trkpt lat="45.804270000" lon="4.471280000">
        <ele>693.000</ele>
      </trkpt>
      <trkpt lat="45.804560000" lon="4.471590000">
        <ele>692.000</ele>
      </trkpt>
      <trkpt lat="45.804680000" lon="4.471780000">
        <ele>692.000</ele>
      </trkpt>
      <trkpt lat="45.804840000" lon="4.472360000">
        <ele>692.000</ele>
      </trkpt>
      <trkpt lat="45.804920000" lon="4.472900000">
        <ele>692.000</ele>
      </trkpt>
      <trkpt lat="45.805000000" lon="4.473130000">
        <ele>693.000</ele>
      </trkpt>
      <trkpt lat="45.805130000" lon="4.473260000">
        <ele>693.000</ele>
      </trkpt>
      <trkpt lat="45.805280000" lon="4.473280000">
        <ele>693.000</ele>
      </trkpt>
      <trkpt lat="45.805540000" lon="4.473210000">
        <ele>694.000</ele>
      </trkpt>
      <trkpt lat="45.806460000" lon="4.472660000">
        <ele>696.000</ele>
      </trkpt>
      <trkpt lat="45.806680000" lon="4.472590000">
        <ele>696.000</ele>
      </trkpt>
      <trkpt lat="45.806840000" lon="4.472580000">
        <ele>696.000</ele>
      </trkpt>
      <trkpt lat="45.806930000" lon="4.472600000">
        <ele>696.000</ele>
      </trkpt>
      <trkpt lat="45.806930000" lon="4.472600000">
        <ele>696.000</ele>
      </trkpt>
      <trkpt lat="45.807010000" lon="4.472620000">
        <ele>695.000</ele>
      </trkpt>
      <trkpt lat="45.807230000" lon="4.472680000">
        <ele>695.000</ele>
      </trkpt>
      <trkpt lat="45.807320000" lon="4.472660000">
        <ele>694.000</ele>
      </trkpt>
      <trkpt lat="45.807470000" lon="4.472640000">
        <ele>693.000</ele>
      </trkpt>
      <trkpt lat="45.808280000" lon="4.472150000">
        <ele>691.000</ele>
      </trkpt>
      <trkpt lat="45.808430000" lon="4.472100000">
        <ele>689.000</ele>
      </trkpt>
      <trkpt lat="45.808530000" lon="4.472090000">
        <ele>688.000</ele>
      </trkpt>
      <trkpt lat="45.808710000" lon="4.472110000">
        <ele>687.000</ele>
      </trkpt>
      <trkpt lat="45.808820000" lon="4.472150000">
        <ele>686.000</ele>
      </trkpt>
      <trkpt lat="45.809110000" lon="4.472390000">
        <ele>685.000</ele>
      </trkpt>
      <trkpt lat="45.809180000" lon="4.472410000">
        <ele>685.000</ele>
      </trkpt>
      <trkpt lat="45.809280000" lon="4.472410000">
        <ele>685.000</ele>
      </trkpt>
      <trkpt lat="45.809910000" lon="4.472260000">
        <ele>684.000</ele>
      </trkpt>
      <trkpt lat="45.810140000" lon="4.472320000">
        <ele>684.000</ele>
      </trkpt>
      <trkpt lat="45.810570000" lon="4.472580000">
        <ele>683.000</ele>
      </trkpt>
      <trkpt lat="45.810770000" lon="4.472640000">
        <ele>683.000</ele>
      </trkpt>
      <trkpt lat="45.811070000" lon="4.472640000">
        <ele>683.000</ele>
      </trkpt>
      <trkpt lat="45.811230000" lon="4.472560000">
        <ele>683.000</ele>
      </trkpt>
      <trkpt lat="45.811520000" lon="4.472220000">
        <ele>683.000</ele>
      </trkpt>
      <trkpt lat="45.811700000" lon="4.471880000">
        <ele>683.000</ele>
      </trkpt>
      <trkpt lat="45.811880000" lon="4.471370000">
        <ele>683.000</ele>
      </trkpt>
      <trkpt lat="45.811980000" lon="4.471200000">
        <ele>682.000</ele>
      </trkpt>
      <trkpt lat="45.812030000" lon="4.471140000">
        <ele>682.000</ele>
      </trkpt>
      <trkpt lat="45.812180000" lon="4.470950000">
        <ele>682.000</ele>
      </trkpt>
      <trkpt lat="45.812410000" lon="4.470840000">
        <ele>681.000</ele>
      </trkpt>
      <trkpt lat="45.812720000" lon="4.470770000">
        <ele>680.000</ele>
      </trkpt>
      <trkpt lat="45.813370000" lon="4.470730000">
        <ele>679.000</ele>
      </trkpt>
      <trkpt lat="45.813680000" lon="4.470740000">
        <ele>678.000</ele>
      </trkpt>
      <trkpt lat="45.813930000" lon="4.470740000">
        <ele>677.000</ele>
      </trkpt>
      <trkpt lat="45.814060000" lon="4.470700000">
        <ele>677.000</ele>
      </trkpt>
      <trkpt lat="45.814560000" lon="4.470560000">
        <ele>677.000</ele>
      </trkpt>
      <trkpt lat="45.814700000" lon="4.470500000">
        <ele>676.000</ele>
      </trkpt>
      <trkpt lat="45.814840000" lon="4.470450000">
        <ele>676.000</ele>
      </trkpt>
      <trkpt lat="45.815080000" lon="4.470300000">
        <ele>676.000</ele>
      </trkpt>
      <trkpt lat="45.815230000" lon="4.470210000">
        <ele>676.000</ele>
      </trkpt>
      <trkpt lat="45.815430000" lon="4.469990000">
        <ele>676.000</ele>
      </trkpt>
      <trkpt lat="45.815690000" lon="4.469590000">
        <ele>675.000</ele>
      </trkpt>
      <trkpt lat="45.815840000" lon="4.469400000">
        <ele>675.000</ele>
      </trkpt>
      <trkpt lat="45.816020000" lon="4.469250000">
        <ele>675.000</ele>
      </trkpt>
      <trkpt lat="45.816720000" lon="4.468970000">
        <ele>674.000</ele>
      </trkpt>
      <trkpt lat="45.817310000" lon="4.468730000">
        <ele>674.000</ele>
      </trkpt>
      <trkpt lat="45.817390000" lon="4.468700000">
        <ele>673.000</ele>
      </trkpt>
      <trkpt lat="45.817650000" lon="4.468700000">
        <ele>673.000</ele>
      </trkpt>
      <trkpt lat="45.817850000" lon="4.468770000">
        <ele>673.000</ele>
      </trkpt>
      <trkpt lat="45.817970000" lon="4.468860000">
        <ele>672.000</ele>
      </trkpt>
      <trkpt lat="45.818290000" lon="4.469230000">
        <ele>672.000</ele>
      </trkpt>
      <trkpt lat="45.818740000" lon="4.469600000">
        <ele>672.000</ele>
      </trkpt>
      <trkpt lat="45.818930000" lon="4.469760000">
        <ele>671.000</ele>
      </trkpt>
      <trkpt lat="45.819020000" lon="4.469850000">
        <ele>671.000</ele>
      </trkpt>
      <trkpt lat="45.819110000" lon="4.469950000">
        <ele>671.000</ele>
      </trkpt>
      <trkpt lat="45.819160000" lon="4.470050000">
        <ele>671.000</ele>
      </trkpt>
      <trkpt lat="45.819280000" lon="4.470360000">
        <ele>671.000</ele>
      </trkpt>
      <trkpt lat="45.819340000" lon="4.470470000">
        <ele>670.000</ele>
      </trkpt>
      <trkpt lat="45.819390000" lon="4.470530000">
        <ele>670.000</ele>
      </trkpt>
      <trkpt lat="45.819460000" lon="4.470590000">
        <ele>670.000</ele>
      </trkpt>
      <trkpt lat="45.819560000" lon="4.470650000">
        <ele>670.000</ele>
      </trkpt>
      <trkpt lat="45.819650000" lon="4.470690000">
        <ele>670.000</ele>
      </trkpt>
      <trkpt lat="45.819740000" lon="4.470700000">
        <ele>670.000</ele>
      </trkpt>
      <trkpt lat="45.819830000" lon="4.470700000">
        <ele>670.000</ele>
      </trkpt>
      <trkpt lat="45.819920000" lon="4.470670000">
        <ele>670.000</ele>
      </trkpt>
      <trkpt lat="45.820040000" lon="4.470630000">
        <ele>670.000</ele>
      </trkpt>
      <trkpt lat="45.821000000" lon="4.470270000">
        <ele>670.000</ele>
      </trkpt>
      <trkpt lat="45.821260000" lon="4.470140000">
        <ele>670.000</ele>
      </trkpt>
      <trkpt lat="45.821570000" lon="4.469910000">
        <ele>670.000</ele>
      </trkpt>
      <trkpt lat="45.821710000" lon="4.469790000">
        <ele>670.000</ele>
      </trkpt>
      <trkpt lat="45.821790000" lon="4.469730000">
        <ele>670.000</ele>
      </trkpt>
      <trkpt lat="45.821860000" lon="4.469690000">
        <ele>670.000</ele>
      </trkpt>
      <trkpt lat="45.821920000" lon="4.469670000">
        <ele>670.000</ele>
      </trkpt>
      <trkpt lat="45.822000000" lon="4.469680000">
        <ele>670.000</ele>
      </trkpt>
      <trkpt lat="45.822090000" lon="4.469710000">
        <ele>671.000</ele>
      </trkpt>
      <trkpt lat="45.822260000" lon="4.469820000">
        <ele>671.000</ele>
      </trkpt>
      <trkpt lat="45.822400000" lon="4.469930000">
        <ele>671.000</ele>
      </trkpt>
      <trkpt lat="45.822470000" lon="4.470000000">
        <ele>671.000</ele>
      </trkpt>
      <trkpt lat="45.822530000" lon="4.470080000">
        <ele>671.000</ele>
      </trkpt>
      <trkpt lat="45.822570000" lon="4.470150000">
        <ele>671.000</ele>
      </trkpt>
      <trkpt lat="45.822680000" lon="4.470370000">
        <ele>671.000</ele>
      </trkpt>
      <trkpt lat="45.822720000" lon="4.470460000">
        <ele>671.000</ele>
      </trkpt>
      <trkpt lat="45.822760000" lon="4.470520000">
        <ele>671.000</ele>
      </trkpt>
      <trkpt lat="45.822830000" lon="4.470610000">
        <ele>671.000</ele>
      </trkpt>
      <trkpt lat="45.822950000" lon="4.470720000">
        <ele>671.000</ele>
      </trkpt>
      <trkpt lat="45.823090000" lon="4.470830000">
        <ele>671.000</ele>
      </trkpt>
      <trkpt lat="45.823230000" lon="4.470910000">
        <ele>671.000</ele>
      </trkpt>
      <trkpt lat="45.823400000" lon="4.471000000">
        <ele>670.000</ele>
      </trkpt>
      <trkpt lat="45.823610000" lon="4.471080000">
        <ele>670.000</ele>
      </trkpt>
      <trkpt lat="45.823790000" lon="4.471140000">
        <ele>670.000</ele>
      </trkpt>
      <trkpt lat="45.824060000" lon="4.471190000">
        <ele>670.000</ele>
      </trkpt>
      <trkpt lat="45.824770000" lon="4.471280000">
        <ele>669.000</ele>
      </trkpt>
      <trkpt lat="45.826100000" lon="4.471160000">
        <ele>669.000</ele>
      </trkpt>
      <trkpt lat="45.826220000" lon="4.471140000">
        <ele>668.000</ele>
      </trkpt>
      <trkpt lat="45.826960000" lon="4.470670000">
        <ele>668.000</ele>
      </trkpt>
      <trkpt lat="45.827530000" lon="4.470270000">
        <ele>669.000</ele>
      </trkpt>
      <trkpt lat="45.827860000" lon="4.470120000">
        <ele>670.000</ele>
      </trkpt>
      <trkpt lat="45.827950000" lon="4.470110000">
        <ele>671.000</ele>
      </trkpt>
      <trkpt lat="45.828290000" lon="4.470090000">
        <ele>671.000</ele>
      </trkpt>
      <trkpt lat="45.828800000" lon="4.470200000">
        <ele>672.000</ele>
      </trkpt>
      <trkpt lat="45.828870000" lon="4.470230000">
        <ele>673.000</ele>
      </trkpt>
      <trkpt lat="45.829370000" lon="4.470400000">
        <ele>674.000</ele>
      </trkpt>
      <trkpt lat="45.829770000" lon="4.470670000">
        <ele>676.000</ele>
      </trkpt>
      <trkpt lat="45.830020000" lon="4.471050000">
        <ele>677.000</ele>
      </trkpt>
      <trkpt lat="45.830250000" lon="4.471840000">
        <ele>678.000</ele>
      </trkpt>
      <trkpt lat="45.830470000" lon="4.472790000">
        <ele>680.000</ele>
      </trkpt>
      <trkpt lat="45.830740000" lon="4.473470000">
        <ele>682.000</ele>
      </trkpt>
      <trkpt lat="45.831070000" lon="4.474050000">
        <ele>684.000</ele>
      </trkpt>
      <trkpt lat="45.831600000" lon="4.474590000">
        <ele>686.000</ele>
      </trkpt>
      <trkpt lat="45.831700000" lon="4.474720000">
        <ele>687.000</ele>
      </trkpt>
      <trkpt lat="45.831880000" lon="4.475010000">
        <ele>688.000</ele>
      </trkpt>
      <trkpt lat="45.832030000" lon="4.475480000">
        <ele>688.000</ele>
      </trkpt>
      <trkpt lat="45.832020000" lon="4.476190000">
        <ele>688.000</ele>
      </trkpt>
      <trkpt lat="45.832080000" lon="4.476600000">
        <ele>689.000</ele>
      </trkpt>
      <trkpt lat="45.832360000" lon="4.477390000">
        <ele>689.000</ele>
      </trkpt>
      <trkpt lat="45.832470000" lon="4.477710000">
        <ele>688.000</ele>
      </trkpt>
      <trkpt lat="45.832530000" lon="4.477920000">
        <ele>688.000</ele>
      </trkpt>
      <trkpt lat="45.832560000" lon="4.478090000">
        <ele>687.000</ele>
      </trkpt>
      <trkpt lat="45.832540000" lon="4.478270000">
        <ele>687.000</ele>
      </trkpt>
      <trkpt lat="45.832460000" lon="4.478900000">
        <ele>686.000</ele>
      </trkpt>
      <trkpt lat="45.832460000" lon="4.479110000">
        <ele>685.000</ele>
      </trkpt>
      <trkpt lat="45.832470000" lon="4.479290000">
        <ele>684.000</ele>
      </trkpt>
      <trkpt lat="45.832540000" lon="4.479470000">
        <ele>683.000</ele>
      </trkpt>
      <trkpt lat="45.832590000" lon="4.479560000">
        <ele>683.000</ele>
      </trkpt>
      <trkpt lat="45.832680000" lon="4.479680000">
        <ele>682.000</ele>
      </trkpt>
      <trkpt lat="45.832790000" lon="4.479790000">
        <ele>682.000</ele>
      </trkpt>
      <trkpt lat="45.832960000" lon="4.479850000">
        <ele>681.000</ele>
      </trkpt>
      <trkpt lat="45.833130000" lon="4.479910000">
        <ele>680.000</ele>
      </trkpt>
      <trkpt lat="45.833490000" lon="4.479990000">
        <ele>680.000</ele>
      </trkpt>
      <trkpt lat="45.833680000" lon="4.480070000">
        <ele>679.000</ele>
      </trkpt>
      <trkpt lat="45.834080000" lon="4.480300000">
        <ele>678.000</ele>
      </trkpt>
      <trkpt lat="45.834820000" lon="4.480680000">
        <ele>677.000</ele>
      </trkpt>
      <trkpt lat="45.835050000" lon="4.480860000">
        <ele>675.000</ele>
      </trkpt>
      <trkpt lat="45.835320000" lon="4.481100000">
        <ele>673.000</ele>
      </trkpt>
      <trkpt lat="45.835580000" lon="4.481360000">
        <ele>671.000</ele>
      </trkpt>
      <trkpt lat="45.835680000" lon="4.481490000">
        <ele>670.000</ele>
      </trkpt>
      <trkpt lat="45.835760000" lon="4.481670000">
        <ele>668.000</ele>
      </trkpt>
      <trkpt lat="45.835810000" lon="4.481870000">
        <ele>667.000</ele>
      </trkpt>
      <trkpt lat="45.835890000" lon="4.482470000">
        <ele>665.000</ele>
      </trkpt>
      <trkpt lat="45.835960000" lon="4.482930000">
        <ele>663.000</ele>
      </trkpt>
      <trkpt lat="45.836020000" lon="4.483130000">
        <ele>662.000</ele>
      </trkpt>
      <trkpt lat="45.836170000" lon="4.483600000">
        <ele>660.000</ele>
      </trkpt>
      <trkpt lat="45.836230000" lon="4.483800000">
        <ele>659.000</ele>
      </trkpt>
      <trkpt lat="45.836250000" lon="4.483970000">
        <ele>658.000</ele>
      </trkpt>
      <trkpt lat="45.836260000" lon="4.484070000">
        <ele>657.000</ele>
      </trkpt>
      <trkpt lat="45.836260000" lon="4.484220000">
        <ele>656.000</ele>
      </trkpt>
      <trkpt lat="45.836240000" lon="4.484450000">
        <ele>655.000</ele>
      </trkpt>
      <trkpt lat="45.836160000" lon="4.485410000">
        <ele>654.000</ele>
      </trkpt>
      <trkpt lat="45.836130000" lon="4.485580000">
        <ele>652.000</ele>
      </trkpt>
      <trkpt lat="45.836060000" lon="4.485880000">
        <ele>651.000</ele>
      </trkpt>
      <trkpt lat="45.835980000" lon="4.486220000">
        <ele>649.000</ele>
      </trkpt>
      <trkpt lat="45.835880000" lon="4.486900000">
        <ele>647.000</ele>
      </trkpt>
      <trkpt lat="45.835840000" lon="4.487190000">
        <ele>645.000</ele>
      </trkpt>
      <trkpt lat="45.835840000" lon="4.487390000">
        <ele>643.000</ele>
      </trkpt>
      <trkpt lat="45.835840000" lon="4.487630000">
        <ele>641.000</ele>
      </trkpt>
      <trkpt lat="45.835860000" lon="4.487770000">
        <ele>640.000</ele>
      </trkpt>
      <trkpt lat="45.835910000" lon="4.487960000">
        <ele>639.000</ele>
      </trkpt>
      <trkpt lat="45.835960000" lon="4.488090000">
        <ele>638.000</ele>
      </trkpt>
      <trkpt lat="45.836030000" lon="4.488210000">
        <ele>637.000</ele>
      </trkpt>
      <trkpt lat="45.836110000" lon="4.488290000">
        <ele>636.000</ele>
      </trkpt>
      <trkpt lat="45.836210000" lon="4.488400000">
        <ele>636.000</ele>
      </trkpt>
      <trkpt lat="45.836380000" lon="4.488550000">
        <ele>635.000</ele>
      </trkpt>
      <trkpt lat="45.836420000" lon="4.488650000">
        <ele>634.000</ele>
      </trkpt>
      <trkpt lat="45.836440000" lon="4.488760000">
        <ele>634.000</ele>
      </trkpt>
      <trkpt lat="45.836430000" lon="4.488870000">
        <ele>634.000</ele>
      </trkpt>
      <trkpt lat="45.836400000" lon="4.488980000">
        <ele>633.000</ele>
      </trkpt>
      <trkpt lat="45.836310000" lon="4.489180000">
        <ele>633.000</ele>
      </trkpt>
      <trkpt lat="45.836050000" lon="4.489670000">
        <ele>632.000</ele>
      </trkpt>
      <trkpt lat="45.835970000" lon="4.489840000">
        <ele>632.000</ele>
      </trkpt>
      <trkpt lat="45.835910000" lon="4.490010000">
        <ele>631.000</ele>
      </trkpt>
      <trkpt lat="45.835870000" lon="4.490160000">
        <ele>631.000</ele>
      </trkpt>
      <trkpt lat="45.835860000" lon="4.490270000">
        <ele>630.000</ele>
      </trkpt>
      <trkpt lat="45.835850000" lon="4.490400000">
        <ele>629.000</ele>
      </trkpt>
      <trkpt lat="45.835860000" lon="4.490500000">
        <ele>629.000</ele>
      </trkpt>
      <trkpt lat="45.835900000" lon="4.490620000">
        <ele>628.000</ele>
      </trkpt>
      <trkpt lat="45.835980000" lon="4.490770000">
        <ele>628.000</ele>
      </trkpt>
      <trkpt lat="45.836220000" lon="4.491180000">
        <ele>627.000</ele>
      </trkpt>
      <trkpt lat="45.836280000" lon="4.491300000">
        <ele>625.000</ele>
      </trkpt>
      <trkpt lat="45.836320000" lon="4.491440000">
        <ele>625.000</ele>
      </trkpt>
      <trkpt lat="45.836330000" lon="4.491550000">
        <ele>624.000</ele>
      </trkpt>
      <trkpt lat="45.836320000" lon="4.491670000">
        <ele>623.000</ele>
      </trkpt>
      <trkpt lat="45.836290000" lon="4.491790000">
        <ele>622.000</ele>
      </trkpt>
      <trkpt lat="45.836240000" lon="4.491900000">
        <ele>622.000</ele>
      </trkpt>
      <trkpt lat="45.836170000" lon="4.491990000">
        <ele>621.000</ele>
      </trkpt>
      <trkpt lat="45.836100000" lon="4.492050000">
        <ele>621.000</ele>
      </trkpt>
      <trkpt lat="45.835910000" lon="4.492200000">
        <ele>620.000</ele>
      </trkpt>
      <trkpt lat="45.835700000" lon="4.492310000">
        <ele>619.000</ele>
      </trkpt>
      <trkpt lat="45.835470000" lon="4.492420000">
        <ele>617.000</ele>
      </trkpt>
      <trkpt lat="45.834700000" lon="4.492660000">
        <ele>615.000</ele>
      </trkpt>
      <trkpt lat="45.834500000" lon="4.492750000">
        <ele>613.000</ele>
      </trkpt>
      <trkpt lat="45.834260000" lon="4.492930000">
        <ele>611.000</ele>
      </trkpt>
      <trkpt lat="45.833760000" lon="4.493400000">
        <ele>609.000</ele>
      </trkpt>
      <trkpt lat="45.833560000" lon="4.493680000">
        <ele>606.000</ele>
      </trkpt>
      <trkpt lat="45.833190000" lon="4.494350000">
        <ele>603.000</ele>
      </trkpt>
      <trkpt lat="45.833130000" lon="4.494460000">
        <ele>601.000</ele>
      </trkpt>
      <trkpt lat="45.832950000" lon="4.494750000">
        <ele>599.000</ele>
      </trkpt>
      <trkpt lat="45.832710000" lon="4.495030000">
        <ele>597.000</ele>
      </trkpt>
      <trkpt lat="45.832560000" lon="4.495220000">
        <ele>595.000</ele>
      </trkpt>
      <trkpt lat="45.832330000" lon="4.495610000">
        <ele>593.000</ele>
      </trkpt>
      <trkpt lat="45.832140000" lon="4.495860000">
        <ele>592.000</ele>
      </trkpt>
      <trkpt lat="45.831690000" lon="4.496250000">
        <ele>589.000</ele>
      </trkpt>
      <trkpt lat="45.831570000" lon="4.496360000">
        <ele>587.000</ele>
      </trkpt>
      <trkpt lat="45.831460000" lon="4.496520000">
        <ele>586.000</ele>
      </trkpt>
      <trkpt lat="45.831350000" lon="4.496750000">
        <ele>584.000</ele>
      </trkpt>
      <trkpt lat="45.831080000" lon="4.497440000">
        <ele>582.000</ele>
      </trkpt>
      <trkpt lat="45.830890000" lon="4.497960000">
        <ele>580.000</ele>
      </trkpt>
      <trkpt lat="45.830780000" lon="4.498360000">
        <ele>579.000</ele>
      </trkpt>
      <trkpt lat="45.830710000" lon="4.498760000">
        <ele>578.000</ele>
      </trkpt>
      <trkpt lat="45.830690000" lon="4.499150000">
        <ele>578.000</ele>
      </trkpt>
      <trkpt lat="45.830700000" lon="4.499410000">
        <ele>577.000</ele>
      </trkpt>
      <trkpt lat="45.830810000" lon="4.500210000">
        <ele>577.000</ele>
      </trkpt>
      <trkpt lat="45.830860000" lon="4.500950000">
        <ele>576.000</ele>
      </trkpt>
      <trkpt lat="45.830910000" lon="4.501380000">
        <ele>575.000</ele>
      </trkpt>
      <trkpt lat="45.830960000" lon="4.501640000">
        <ele>575.000</ele>
      </trkpt>
      <trkpt lat="45.831050000" lon="4.501960000">
        <ele>574.000</ele>
      </trkpt>
      <trkpt lat="45.831120000" lon="4.502100000">
        <ele>574.000</ele>
      </trkpt>
      <trkpt lat="45.831210000" lon="4.502200000">
        <ele>574.000</ele>
      </trkpt>
      <trkpt lat="45.831310000" lon="4.502230000">
        <ele>574.000</ele>
      </trkpt>
      <trkpt lat="45.831680000" lon="4.502270000">
        <ele>573.000</ele>
      </trkpt>
      <trkpt lat="45.831790000" lon="4.502310000">
        <ele>572.000</ele>
      </trkpt>
      <trkpt lat="45.831870000" lon="4.502370000">
        <ele>572.000</ele>
      </trkpt>
      <trkpt lat="45.832050000" lon="4.502660000">
        <ele>570.000</ele>
      </trkpt>
      <trkpt lat="45.832240000" lon="4.503070000">
        <ele>568.000</ele>
      </trkpt>
      <trkpt lat="45.832340000" lon="4.503250000">
        <ele>565.000</ele>
      </trkpt>
      <trkpt lat="45.832510000" lon="4.503430000">
        <ele>563.000</ele>
      </trkpt>
      <trkpt lat="45.832910000" lon="4.503810000">
        <ele>560.000</ele>
      </trkpt>
      <trkpt lat="45.833210000" lon="4.504090000">
        <ele>556.000</ele>
      </trkpt>
      <trkpt lat="45.833470000" lon="4.504230000">
        <ele>553.000</ele>
      </trkpt>
      <trkpt lat="45.833930000" lon="4.504440000">
        <ele>549.000</ele>
      </trkpt>
      <trkpt lat="45.834140000" lon="4.504630000">
        <ele>546.000</ele>
      </trkpt>
      <trkpt lat="45.834330000" lon="4.504840000">
        <ele>543.000</ele>
      </trkpt>
      <trkpt lat="45.834490000" lon="4.505060000">
        <ele>540.000</ele>
      </trkpt>
      <trkpt lat="45.834610000" lon="4.505350000">
        <ele>538.000</ele>
      </trkpt>
      <trkpt lat="45.834780000" lon="4.505720000">
        <ele>536.000</ele>
      </trkpt>
      <trkpt lat="45.835020000" lon="4.506130000">
        <ele>533.000</ele>
      </trkpt>
      <trkpt lat="45.835080000" lon="4.506180000">
        <ele>532.000</ele>
      </trkpt>
      <trkpt lat="45.835130000" lon="4.506210000">
        <ele>531.000</ele>
      </trkpt>
      <trkpt lat="45.835180000" lon="4.506220000">
        <ele>530.000</ele>
      </trkpt>
      <trkpt lat="45.835230000" lon="4.506210000">
        <ele>529.000</ele>
      </trkpt>
      <trkpt lat="45.835310000" lon="4.506150000">
        <ele>529.000</ele>
      </trkpt>
      <trkpt lat="45.835500000" lon="4.505780000">
        <ele>528.000</ele>
      </trkpt>
      <trkpt lat="45.835590000" lon="4.505690000">
        <ele>527.000</ele>
      </trkpt>
      <trkpt lat="45.835680000" lon="4.505650000">
        <ele>527.000</ele>
      </trkpt>
      <trkpt lat="45.835870000" lon="4.505630000">
        <ele>526.000</ele>
      </trkpt>
      <trkpt lat="45.835980000" lon="4.505640000">
        <ele>526.000</ele>
      </trkpt>
      <trkpt lat="45.836110000" lon="4.505700000">
        <ele>525.000</ele>
      </trkpt>
      <trkpt lat="45.836220000" lon="4.505800000">
        <ele>525.000</ele>
      </trkpt>
      <trkpt lat="45.836380000" lon="4.506050000">
        <ele>524.000</ele>
      </trkpt>
      <trkpt lat="45.836650000" lon="4.506530000">
        <ele>523.000</ele>
      </trkpt>
      <trkpt lat="45.837040000" lon="4.507090000">
        <ele>521.000</ele>
      </trkpt>
      <trkpt lat="45.837200000" lon="4.507260000">
        <ele>519.000</ele>
      </trkpt>
      <trkpt lat="45.837550000" lon="4.507480000">
        <ele>517.000</ele>
      </trkpt>
      <trkpt lat="45.837600000" lon="4.507530000">
        <ele>516.000</ele>
      </trkpt>
      <trkpt lat="45.837670000" lon="4.507600000">
        <ele>515.000</ele>
      </trkpt>
      <trkpt lat="45.837730000" lon="4.507700000">
        <ele>514.000</ele>
      </trkpt>
      <trkpt lat="45.837970000" lon="4.508420000">
        <ele>512.000</ele>
      </trkpt>
      <trkpt lat="45.837990000" lon="4.508480000">
        <ele>511.000</ele>
      </trkpt>
      <trkpt lat="45.838110000" lon="4.508840000">
        <ele>510.000</ele>
      </trkpt>
      <trkpt lat="45.838130000" lon="4.508920000">
        <ele>509.000</ele>
      </trkpt>
      <trkpt lat="45.838330000" lon="4.509480000">
        <ele>508.000</ele>
      </trkpt>
      <trkpt lat="45.838410000" lon="4.509760000">
        <ele>507.000</ele>
      </trkpt>
      <trkpt lat="45.838660000" lon="4.510790000">
        <ele>505.000</ele>
      </trkpt>
      <trkpt lat="45.838740000" lon="4.511110000">
        <ele>503.000</ele>
      </trkpt>
      <trkpt lat="45.838810000" lon="4.511400000">
        <ele>502.000</ele>
      </trkpt>
      <trkpt lat="45.838820000" lon="4.511500000">
        <ele>502.000</ele>
      </trkpt>
      <trkpt lat="45.838840000" lon="4.511640000">
        <ele>501.000</ele>
      </trkpt>
      <trkpt lat="45.838820000" lon="4.511810000">
        <ele>501.000</ele>
      </trkpt>
      <trkpt lat="45.838790000" lon="4.511900000">
        <ele>501.000</ele>
      </trkpt>
      <trkpt lat="45.838490000" lon="4.512570000">
        <ele>500.000</ele>
      </trkpt>
      <trkpt lat="45.838240000" lon="4.513310000">
        <ele>500.000</ele>
      </trkpt>
      <trkpt lat="45.838200000" lon="4.513520000">
        <ele>500.000</ele>
      </trkpt>
      <trkpt lat="45.838200000" lon="4.513630000">
        <ele>500.000</ele>
      </trkpt>
      <trkpt lat="45.838230000" lon="4.514360000">
        <ele>499.000</ele>
      </trkpt>
      <trkpt lat="45.838230000" lon="4.514570000">
        <ele>499.000</ele>
      </trkpt>
      <trkpt lat="45.838210000" lon="4.514940000">
        <ele>498.000</ele>
      </trkpt>
      <trkpt lat="45.838230000" lon="4.515140000">
        <ele>498.000</ele>
      </trkpt>
      <trkpt lat="45.838270000" lon="4.515310000">
        <ele>497.000</ele>
      </trkpt>
      <trkpt lat="45.838520000" lon="4.516150000">
        <ele>496.000</ele>
      </trkpt>
      <trkpt lat="45.838750000" lon="4.516870000">
        <ele>495.000</ele>
      </trkpt>
      <trkpt lat="45.838800000" lon="4.517000000">
        <ele>493.000</ele>
      </trkpt>
      <trkpt lat="45.838820000" lon="4.517110000">
        <ele>493.000</ele>
      </trkpt>
      <trkpt lat="45.838820000" lon="4.517220000">
        <ele>492.000</ele>
      </trkpt>
      <trkpt lat="45.838810000" lon="4.517340000">
        <ele>491.000</ele>
      </trkpt>
      <trkpt lat="45.838770000" lon="4.517460000">
        <ele>491.000</ele>
      </trkpt>
      <trkpt lat="45.838390000" lon="4.518070000">
        <ele>489.000</ele>
      </trkpt>
      <trkpt lat="45.838200000" lon="4.518500000">
        <ele>488.000</ele>
      </trkpt>
      <trkpt lat="45.838120000" lon="4.518740000">
        <ele>486.000</ele>
      </trkpt>
      <trkpt lat="45.838040000" lon="4.519120000">
        <ele>485.000</ele>
      </trkpt>
      <trkpt lat="45.837890000" lon="4.520020000">
        <ele>484.000</ele>
      </trkpt>
      <trkpt lat="45.837800000" lon="4.520580000">
        <ele>482.000</ele>
      </trkpt>
      <trkpt lat="45.837780000" lon="4.520860000">
        <ele>481.000</ele>
      </trkpt>
      <trkpt lat="45.837800000" lon="4.521140000">
        <ele>480.000</ele>
      </trkpt>
      <trkpt lat="45.837880000" lon="4.521700000">
        <ele>479.000</ele>
      </trkpt>
      <trkpt lat="45.837900000" lon="4.522000000">
        <ele>478.000</ele>
      </trkpt>
      <trkpt lat="45.837890000" lon="4.522180000">
        <ele>477.000</ele>
      </trkpt>
      <trkpt lat="45.837860000" lon="4.522300000">
        <ele>476.000</ele>
      </trkpt>
      <trkpt lat="45.837810000" lon="4.522410000">
        <ele>476.000</ele>
      </trkpt>
      <trkpt lat="45.837750000" lon="4.522530000">
        <ele>475.000</ele>
      </trkpt>
      <trkpt lat="45.837550000" lon="4.522770000">
        <ele>475.000</ele>
      </trkpt>
      <trkpt lat="45.837400000" lon="4.522970000">
        <ele>474.000</ele>
      </trkpt>
      <trkpt lat="45.837200000" lon="4.523290000">
        <ele>474.000</ele>
      </trkpt>
      <trkpt lat="45.837030000" lon="4.523630000">
        <ele>473.000</ele>
      </trkpt>
      <trkpt lat="45.836850000" lon="4.523950000">
        <ele>472.000</ele>
      </trkpt>
      <trkpt lat="45.836620000" lon="4.524310000">
        <ele>471.000</ele>
      </trkpt>
      <trkpt lat="45.836350000" lon="4.524650000">
        <ele>470.000</ele>
      </trkpt>
      <trkpt lat="45.836250000" lon="4.524790000">
        <ele>468.000</ele>
      </trkpt>
      <trkpt lat="45.836150000" lon="4.524960000">
        <ele>467.000</ele>
      </trkpt>
      <trkpt lat="45.836050000" lon="4.525220000">
        <ele>466.000</ele>
      </trkpt>
      <trkpt lat="45.835950000" lon="4.525490000">
        <ele>465.000</ele>
      </trkpt>
      <trkpt lat="45.835880000" lon="4.525760000">
        <ele>464.000</ele>
      </trkpt>
      <trkpt lat="45.835860000" lon="4.525930000">
        <ele>464.000</ele>
      </trkpt>
      <trkpt lat="45.835860000" lon="4.526090000">
        <ele>463.000</ele>
      </trkpt>
      <trkpt lat="45.835880000" lon="4.526440000">
        <ele>462.000</ele>
      </trkpt>
      <trkpt lat="45.836040000" lon="4.527450000">
        <ele>461.000</ele>
      </trkpt>
      <trkpt lat="45.836050000" lon="4.527620000">
        <ele>461.000</ele>
      </trkpt>
      <trkpt lat="45.836060000" lon="4.527800000">
        <ele>460.000</ele>
      </trkpt>
      <trkpt lat="45.836050000" lon="4.528020000">
        <ele>459.000</ele>
      </trkpt>
      <trkpt lat="45.836040000" lon="4.528160000">
        <ele>459.000</ele>
      </trkpt>
      <trkpt lat="45.836030000" lon="4.528270000">
        <ele>459.000</ele>
      </trkpt>
      <trkpt lat="45.835990000" lon="4.528420000">
        <ele>458.000</ele>
      </trkpt>
      <trkpt lat="45.835850000" lon="4.528980000">
        <ele>457.000</ele>
      </trkpt>
      <trkpt lat="45.835750000" lon="4.529350000">
        <ele>456.000</ele>
      </trkpt>
      <trkpt lat="45.835700000" lon="4.529520000">
        <ele>455.000</ele>
      </trkpt>
      <trkpt lat="45.835650000" lon="4.529640000">
        <ele>454.000</ele>
      </trkpt>
      <trkpt lat="45.835610000" lon="4.529720000">
        <ele>453.000</ele>
      </trkpt>
      <trkpt lat="45.835530000" lon="4.529830000">
        <ele>452.000</ele>
      </trkpt>
      <trkpt lat="45.835440000" lon="4.529930000">
        <ele>451.000</ele>
      </trkpt>
      <trkpt lat="45.835350000" lon="4.530000000">
        <ele>451.000</ele>
      </trkpt>
      <trkpt lat="45.835250000" lon="4.530050000">
        <ele>450.000</ele>
      </trkpt>
      <trkpt lat="45.834930000" lon="4.530200000">
        <ele>449.000</ele>
      </trkpt>
      <trkpt lat="45.834810000" lon="4.530270000">
        <ele>448.000</ele>
      </trkpt>
      <trkpt lat="45.834740000" lon="4.530330000">
        <ele>447.000</ele>
      </trkpt>
      <trkpt lat="45.834670000" lon="4.530400000">
        <ele>446.000</ele>
      </trkpt>
      <trkpt lat="45.834610000" lon="4.530480000">
        <ele>446.000</ele>
      </trkpt>
      <trkpt lat="45.834510000" lon="4.530640000">
        <ele>445.000</ele>
      </trkpt>
      <trkpt lat="45.834360000" lon="4.530900000">
        <ele>444.000</ele>
      </trkpt>
      <trkpt lat="45.834280000" lon="4.531020000">
        <ele>444.000</ele>
      </trkpt>
      <trkpt lat="45.834190000" lon="4.531120000">
        <ele>443.000</ele>
      </trkpt>
      <trkpt lat="45.834120000" lon="4.531180000">
        <ele>443.000</ele>
      </trkpt>
      <trkpt lat="45.834020000" lon="4.531230000">
        <ele>442.000</ele>
      </trkpt>
      <trkpt lat="45.833820000" lon="4.531310000">
        <ele>442.000</ele>
      </trkpt>
      <trkpt lat="45.833710000" lon="4.531370000">
        <ele>441.000</ele>
      </trkpt>
      <trkpt lat="45.833570000" lon="4.531450000">
        <ele>441.000</ele>
      </trkpt>
      <trkpt lat="45.833500000" lon="4.531510000">
        <ele>440.000</ele>
      </trkpt>
      <trkpt lat="45.833440000" lon="4.531570000">
        <ele>440.000</ele>
      </trkpt>
      <trkpt lat="45.833370000" lon="4.531660000">
        <ele>440.000</ele>
      </trkpt>
      <trkpt lat="45.833330000" lon="4.531750000">
        <ele>439.000</ele>
      </trkpt>
      <trkpt lat="45.833280000" lon="4.531860000">
        <ele>439.000</ele>
      </trkpt>
      <trkpt lat="45.833220000" lon="4.532020000">
        <ele>439.000</ele>
      </trkpt>
      <trkpt lat="45.833170000" lon="4.532180000">
        <ele>439.000</ele>
      </trkpt>
      <trkpt lat="45.833110000" lon="4.532330000">
        <ele>439.000</ele>
      </trkpt>
      <trkpt lat="45.833130000" lon="4.532390000">
        <ele>440.000</ele>
      </trkpt>
      <trkpt lat="45.833170000" lon="4.532580000">
        <ele>440.000</ele>
      </trkpt>
      <trkpt lat="45.833190000" lon="4.532720000">
        <ele>440.000</ele>
      </trkpt>
      <trkpt lat="45.833190000" lon="4.532800000">
        <ele>440.000</ele>
      </trkpt>
      <trkpt lat="45.833190000" lon="4.532890000">
        <ele>441.000</ele>
      </trkpt>
      <trkpt lat="45.833170000" lon="4.533040000">
        <ele>441.000</ele>
      </trkpt>
      <trkpt lat="45.833120000" lon="4.533200000">
        <ele>441.000</ele>
      </trkpt>
      <trkpt lat="45.832980000" lon="4.533650000">
        <ele>442.000</ele>
      </trkpt>
      <trkpt lat="45.832940000" lon="4.533820000">
        <ele>442.000</ele>
      </trkpt>
      <trkpt lat="45.832930000" lon="4.533950000">
        <ele>443.000</ele>
      </trkpt>
      <trkpt lat="45.832950000" lon="4.534530000">
        <ele>443.000</ele>
      </trkpt>
      <trkpt lat="45.832980000" lon="4.534740000">
        <ele>444.000</ele>
      </trkpt>
      <trkpt lat="45.833050000" lon="4.534960000">
        <ele>445.000</ele>
      </trkpt>
      <trkpt lat="45.833130000" lon="4.535090000">
        <ele>447.000</ele>
      </trkpt>
      <trkpt lat="45.833230000" lon="4.535190000">
        <ele>448.000</ele>
      </trkpt>
      <trkpt lat="45.833370000" lon="4.535260000">
        <ele>449.000</ele>
      </trkpt>
      <trkpt lat="45.833840000" lon="4.535410000">
        <ele>452.000</ele>
      </trkpt>
      <trkpt lat="45.834340000" lon="4.535580000">
        <ele>455.000</ele>
      </trkpt>
      <trkpt lat="45.834510000" lon="4.535690000">
        <ele>458.000</ele>
      </trkpt>
      <trkpt lat="45.834690000" lon="4.535870000">
        <ele>461.000</ele>
      </trkpt>
      <trkpt lat="45.834800000" lon="4.536060000">
        <ele>462.000</ele>
      </trkpt>
      <trkpt lat="45.834920000" lon="4.536290000">
        <ele>464.000</ele>
      </trkpt>
      <trkpt lat="45.835040000" lon="4.536490000">
        <ele>465.000</ele>
      </trkpt>
      <trkpt lat="45.835170000" lon="4.536640000">
        <ele>465.000</ele>
      </trkpt>
      <trkpt lat="45.835320000" lon="4.536770000">
        <ele>466.000</ele>
      </trkpt>
      <trkpt lat="45.835810000" lon="4.537170000">
        <ele>467.000</ele>
      </trkpt>
      <trkpt lat="45.836050000" lon="4.537350000">
        <ele>468.000</ele>
      </trkpt>
      <trkpt lat="45.836370000" lon="4.537670000">
        <ele>468.000</ele>
      </trkpt>
      <trkpt lat="45.836720000" lon="4.538150000">
        <ele>468.000</ele>
      </trkpt>
      <trkpt lat="45.837220000" lon="4.538710000">
        <ele>467.000</ele>
      </trkpt>
      <trkpt lat="45.837830000" lon="4.539170000">
        <ele>465.000</ele>
      </trkpt>
      <trkpt lat="45.838220000" lon="4.539410000">
        <ele>463.000</ele>
      </trkpt>
      <trkpt lat="45.838650000" lon="4.539620000">
        <ele>460.000</ele>
      </trkpt>
      <trkpt lat="45.838790000" lon="4.539670000">
        <ele>457.000</ele>
      </trkpt>
      <trkpt lat="45.839390000" lon="4.539760000">
        <ele>454.000</ele>
      </trkpt>
      <trkpt lat="45.839690000" lon="4.539770000">
        <ele>450.000</ele>
      </trkpt>
      <trkpt lat="45.839940000" lon="4.539720000">
        <ele>448.000</ele>
      </trkpt>
      <trkpt lat="45.840200000" lon="4.539680000">
        <ele>445.000</ele>
      </trkpt>
      <trkpt lat="45.840430000" lon="4.539590000">
        <ele>444.000</ele>
      </trkpt>
      <trkpt lat="45.840540000" lon="4.539530000">
        <ele>442.000</ele>
      </trkpt>
      <trkpt lat="45.840720000" lon="4.539330000">
        <ele>441.000</ele>
      </trkpt>
      <trkpt lat="45.840840000" lon="4.539290000">
        <ele>440.000</ele>
      </trkpt>
      <trkpt lat="45.840990000" lon="4.539300000">
        <ele>439.000</ele>
      </trkpt>
      <trkpt lat="45.841310000" lon="4.539400000">
        <ele>438.000</ele>
      </trkpt>
      <trkpt lat="45.841480000" lon="4.539370000">
        <ele>437.000</ele>
      </trkpt>
      <trkpt lat="45.841800000" lon="4.539180000">
        <ele>436.000</ele>
      </trkpt>
      <trkpt lat="45.842310000" lon="4.538780000">
        <ele>435.000</ele>
      </trkpt>
      <trkpt lat="45.842700000" lon="4.538380000">
        <ele>434.000</ele>
      </trkpt>
      <trkpt lat="45.843060000" lon="4.537880000">
        <ele>433.000</ele>
      </trkpt>
      <trkpt lat="45.843640000" lon="4.537220000">
        <ele>430.000</ele>
      </trkpt>
      <trkpt lat="45.843910000" lon="4.537040000">
        <ele>427.000</ele>
      </trkpt>
      <trkpt lat="45.844060000" lon="4.537000000">
        <ele>424.000</ele>
      </trkpt>
      <trkpt lat="45.844190000" lon="4.536990000">
        <ele>422.000</ele>
      </trkpt>
      <trkpt lat="45.844430000" lon="4.537040000">
        <ele>419.000</ele>
      </trkpt>
      <trkpt lat="45.844540000" lon="4.537040000">
        <ele>418.000</ele>
      </trkpt>
      <trkpt lat="45.844620000" lon="4.537020000">
        <ele>416.000</ele>
      </trkpt>
      <trkpt lat="45.844720000" lon="4.536960000">
        <ele>414.000</ele>
      </trkpt>
      <trkpt lat="45.844830000" lon="4.536850000">
        <ele>413.000</ele>
      </trkpt>
      <trkpt lat="45.844950000" lon="4.536670000">
        <ele>412.000</ele>
      </trkpt>
      <trkpt lat="45.845040000" lon="4.536500000">
        <ele>411.000</ele>
      </trkpt>
      <trkpt lat="45.845140000" lon="4.536230000">
        <ele>410.000</ele>
      </trkpt>
      <trkpt lat="45.845170000" lon="4.536070000">
        <ele>410.000</ele>
      </trkpt>
      <trkpt lat="45.845180000" lon="4.535900000">
        <ele>409.000</ele>
      </trkpt>
      <trkpt lat="45.845180000" lon="4.535690000">
        <ele>408.000</ele>
      </trkpt>
      <trkpt lat="45.845180000" lon="4.535430000">
        <ele>407.000</ele>
      </trkpt>
      <trkpt lat="45.845170000" lon="4.535120000">
        <ele>407.000</ele>
      </trkpt>
      <trkpt lat="45.845140000" lon="4.534700000">
        <ele>406.000</ele>
      </trkpt>
      <trkpt lat="45.845080000" lon="4.534340000">
        <ele>405.000</ele>
      </trkpt>
      <trkpt lat="45.845000000" lon="4.533800000">
        <ele>404.000</ele>
      </trkpt>
      <trkpt lat="45.844990000" lon="4.533570000">
        <ele>403.000</ele>
      </trkpt>
      <trkpt lat="45.845000000" lon="4.533390000">
        <ele>403.000</ele>
      </trkpt>
      <trkpt lat="45.845060000" lon="4.532930000">
        <ele>403.000</ele>
      </trkpt>
      <trkpt lat="45.845120000" lon="4.532540000">
        <ele>403.000</ele>
      </trkpt>
      <trkpt lat="45.845180000" lon="4.532240000">
        <ele>403.000</ele>
      </trkpt>
      <trkpt lat="45.845260000" lon="4.532020000">
        <ele>403.000</ele>
      </trkpt>
      <trkpt lat="45.845350000" lon="4.531860000">
        <ele>403.000</ele>
      </trkpt>
      <trkpt lat="45.845550000" lon="4.531620000">
        <ele>403.000</ele>
      </trkpt>
      <trkpt lat="45.845820000" lon="4.531430000">
        <ele>404.000</ele>
      </trkpt>
      <trkpt lat="45.846190000" lon="4.531220000">
        <ele>405.000</ele>
      </trkpt>
      <trkpt lat="45.846270000" lon="4.531150000">
        <ele>406.000</ele>
      </trkpt>
      <trkpt lat="45.847080000" lon="4.530710000">
        <ele>408.000</ele>
      </trkpt>
      <trkpt lat="45.847250000" lon="4.530670000">
        <ele>409.000</ele>
      </trkpt>
      <trkpt lat="45.847250000" lon="4.531010000">
        <ele>409.000</ele>
      </trkpt>
      <trkpt lat="45.847250000" lon="4.531340000">
        <ele>409.000</ele>
      </trkpt>
      <trkpt lat="45.847280000" lon="4.531440000">
        <ele>408.000</ele>
      </trkpt>
      <trkpt lat="45.847320000" lon="4.531470000">
        <ele>408.000</ele>
      </trkpt>
      <trkpt lat="45.847390000" lon="4.531480000">
        <ele>408.000</ele>
      </trkpt>
      <trkpt lat="45.847480000" lon="4.531450000">
        <ele>407.000</ele>
      </trkpt>
      <trkpt lat="45.847690000" lon="4.531380000">
        <ele>406.000</ele>
      </trkpt>
      <trkpt lat="45.847910000" lon="4.531350000">
        <ele>405.000</ele>
      </trkpt>
      <trkpt lat="45.848090000" lon="4.531370000">
        <ele>404.000</ele>
      </trkpt>
      <trkpt lat="45.848650000" lon="4.531530000">
        <ele>402.000</ele>
      </trkpt>
      <trkpt lat="45.848830000" lon="4.531600000">
        <ele>400.000</ele>
      </trkpt>
      <trkpt lat="45.849040000" lon="4.531750000">
        <ele>398.000</ele>
      </trkpt>
      <trkpt lat="45.849230000" lon="4.531890000">
        <ele>397.000</ele>
      </trkpt>
      <trkpt lat="45.849400000" lon="4.531980000">
        <ele>396.000</ele>
      </trkpt>
      <trkpt lat="45.849460000" lon="4.532000000">
        <ele>395.000</ele>
      </trkpt>
      <trkpt lat="45.849460000" lon="4.532000000">
        <ele>394.000</ele>
      </trkpt>
      <trkpt lat="45.849520000" lon="4.532010000">
        <ele>394.000</ele>
      </trkpt>
      <trkpt lat="45.849630000" lon="4.532010000">
        <ele>393.000</ele>
      </trkpt>
      <trkpt lat="45.849780000" lon="4.531980000">
        <ele>393.000</ele>
      </trkpt>
      <trkpt lat="45.849920000" lon="4.531930000">
        <ele>392.000</ele>
      </trkpt>
      <trkpt lat="45.850510000" lon="4.531640000">
        <ele>390.000</ele>
      </trkpt>
      <trkpt lat="45.850750000" lon="4.531480000">
        <ele>389.000</ele>
      </trkpt>
      <trkpt lat="45.850910000" lon="4.531300000">
        <ele>388.000</ele>
      </trkpt>
      <trkpt lat="45.851050000" lon="4.531060000">
        <ele>386.000</ele>
      </trkpt>
      <trkpt lat="45.851330000" lon="4.530400000">
        <ele>384.000</ele>
      </trkpt>
      <trkpt lat="45.851410000" lon="4.530170000">
        <ele>383.000</ele>
      </trkpt>
      <trkpt lat="45.851530000" lon="4.529550000">
        <ele>381.000</ele>
      </trkpt>
      <trkpt lat="45.851580000" lon="4.529300000">
        <ele>379.000</ele>
      </trkpt>
      <trkpt lat="45.851640000" lon="4.529130000">
        <ele>377.000</ele>
      </trkpt>
      <trkpt lat="45.851740000" lon="4.529030000">
        <ele>376.000</ele>
      </trkpt>
      <trkpt lat="45.851810000" lon="4.529000000">
        <ele>375.000</ele>
      </trkpt>
      <trkpt lat="45.851910000" lon="4.529000000">
        <ele>374.000</ele>
      </trkpt>
      <trkpt lat="45.851990000" lon="4.529040000">
        <ele>373.000</ele>
      </trkpt>
      <trkpt lat="45.852140000" lon="4.529250000">
        <ele>372.000</ele>
      </trkpt>
      <trkpt lat="45.853520000" lon="4.531760000">
        <ele>366.000</ele>
      </trkpt>
      <trkpt lat="45.854130000" lon="4.532880000">
        <ele>360.000</ele>
      </trkpt>
      <trkpt lat="45.854220000" lon="4.533010000">
        <ele>356.000</ele>
      </trkpt>
      <trkpt lat="45.854320000" lon="4.533110000">
        <ele>353.000</ele>
      </trkpt>
      <trkpt lat="45.854450000" lon="4.533200000">
        <ele>351.000</ele>
      </trkpt>
      <trkpt lat="45.854570000" lon="4.533280000">
        <ele>350.000</ele>
      </trkpt>
      <trkpt lat="45.856490000" lon="4.534470000">
        <ele>345.000</ele>
      </trkpt>
      <trkpt lat="45.856620000" lon="4.534530000">
        <ele>342.000</ele>
      </trkpt>
      <trkpt lat="45.856690000" lon="4.534560000">
        <ele>340.000</ele>
      </trkpt>
      <trkpt lat="45.856790000" lon="4.534560000">
        <ele>338.000</ele>
      </trkpt>
      <trkpt lat="45.856940000" lon="4.534570000">
        <ele>337.000</ele>
      </trkpt>
      <trkpt lat="45.857700000" lon="4.534540000">
        <ele>334.000</ele>
      </trkpt>
      <trkpt lat="45.857880000" lon="4.534540000">
        <ele>333.000</ele>
      </trkpt>
      <trkpt lat="45.858030000" lon="4.534560000">
        <ele>331.000</ele>
      </trkpt>
      <trkpt lat="45.858080000" lon="4.534570000">
        <ele>330.000</ele>
      </trkpt>
      <trkpt lat="45.858150000" lon="4.534600000">
        <ele>329.000</ele>
      </trkpt>
      <trkpt lat="45.858200000" lon="4.534630000">
        <ele>328.000</ele>
      </trkpt>
      <trkpt lat="45.858290000" lon="4.534700000">
        <ele>328.000</ele>
      </trkpt>
      <trkpt lat="45.858380000" lon="4.534820000">
        <ele>328.000</ele>
      </trkpt>
      <trkpt lat="45.858470000" lon="4.534990000">
        <ele>328.000</ele>
      </trkpt>
      <trkpt lat="45.858600000" lon="4.535200000">
        <ele>328.000</ele>
      </trkpt>
      <trkpt lat="45.858640000" lon="4.535240000">
        <ele>328.000</ele>
      </trkpt>
      <trkpt lat="45.859150000" lon="4.535830000">
        <ele>330.000</ele>
      </trkpt>
      <trkpt lat="45.859270000" lon="4.535980000">
        <ele>331.000</ele>
      </trkpt>
      <trkpt lat="45.859610000" lon="4.536350000">
        <ele>332.000</ele>
      </trkpt>
      <trkpt lat="45.859680000" lon="4.536450000">
        <ele>333.000</ele>
      </trkpt>
      <trkpt lat="45.859710000" lon="4.536520000">
        <ele>334.000</ele>
      </trkpt>
      <trkpt lat="45.859760000" lon="4.536670000">
        <ele>334.000</ele>
      </trkpt>
      <trkpt lat="45.859870000" lon="4.537130000">
        <ele>335.000</ele>
      </trkpt>
      <trkpt lat="45.860030000" lon="4.537910000">
        <ele>335.000</ele>
      </trkpt>
      <trkpt lat="45.860050000" lon="4.538040000">
        <ele>335.000</ele>
      </trkpt>
      <trkpt lat="45.860060000" lon="4.538110000">
        <ele>335.000</ele>
      </trkpt>
      <trkpt lat="45.860170000" lon="4.538730000">
        <ele>335.000</ele>
      </trkpt>
      <trkpt lat="45.860290000" lon="4.539180000">
        <ele>335.000</ele>
      </trkpt>
      <trkpt lat="45.860370000" lon="4.539370000">
        <ele>334.000</ele>
      </trkpt>
      <trkpt lat="45.860550000" lon="4.540000000">
        <ele>333.000</ele>
      </trkpt>
      <trkpt lat="45.860940000" lon="4.541550000">
        <ele>331.000</ele>
      </trkpt>
      <trkpt lat="45.861000000" lon="4.541840000">
        <ele>329.000</ele>
      </trkpt>
      <trkpt lat="45.861020000" lon="4.542020000">
        <ele>327.000</ele>
      </trkpt>
      <trkpt lat="45.860960000" lon="4.542390000">
        <ele>325.000</ele>
      </trkpt>
      <trkpt lat="45.860960000" lon="4.542470000">
        <ele>324.000</ele>
      </trkpt>
      <trkpt lat="45.860970000" lon="4.542540000">
        <ele>323.000</ele>
      </trkpt>
      <trkpt lat="45.861020000" lon="4.542660000">
        <ele>322.000</ele>
      </trkpt>
      <trkpt lat="45.861070000" lon="4.542740000">
        <ele>321.000</ele>
      </trkpt>
      <trkpt lat="45.861120000" lon="4.542810000">
        <ele>320.000</ele>
      </trkpt>
      <trkpt lat="45.861190000" lon="4.542910000">
        <ele>320.000</ele>
      </trkpt>
      <trkpt lat="45.861250000" lon="4.542960000">
        <ele>319.000</ele>
      </trkpt>
      <trkpt lat="45.861270000" lon="4.542990000">
        <ele>318.000</ele>
      </trkpt>
      <trkpt lat="45.861300000" lon="4.543020000">
        <ele>318.000</ele>
      </trkpt>
      <trkpt lat="45.861320000" lon="4.543040000">
        <ele>318.000</ele>
      </trkpt>
      <trkpt lat="45.861470000" lon="4.543190000">
        <ele>317.000</ele>
      </trkpt>
      <trkpt lat="45.861560000" lon="4.543300000">
        <ele>316.000</ele>
      </trkpt>
      <trkpt lat="45.861860000" lon="4.543590000">
        <ele>315.000</ele>
      </trkpt>
      <trkpt lat="45.862010000" lon="4.543720000">
        <ele>313.000</ele>
      </trkpt>
      <trkpt lat="45.862030000" lon="4.543750000">
        <ele>312.000</ele>
      </trkpt>
      <trkpt lat="45.862100000" lon="4.543800000">
        <ele>311.000</ele>
      </trkpt>
      <trkpt lat="45.862420000" lon="4.544040000">
        <ele>309.000</ele>
      </trkpt>
      <trkpt lat="45.862700000" lon="4.544210000">
        <ele>307.000</ele>
      </trkpt>
      <trkpt lat="45.862970000" lon="4.544340000">
        <ele>305.000</ele>
      </trkpt>
      <trkpt lat="45.863220000" lon="4.544440000">
        <ele>302.000</ele>
      </trkpt>
      <trkpt lat="45.863470000" lon="4.544520000">
        <ele>299.000</ele>
      </trkpt>
      <trkpt lat="45.863820000" lon="4.544600000">
        <ele>296.000</ele>
      </trkpt>
      <trkpt lat="45.864180000" lon="4.544670000">
        <ele>296.000</ele>
      </trkpt>
      <trkpt lat="45.864400000" lon="4.544700000">
        <ele>296.000</ele>
      </trkpt>
      <trkpt lat="45.864820000" lon="4.544770000">
        <ele>297.000</ele>
      </trkpt>
      <trkpt lat="45.865240000" lon="4.544920000">
        <ele>299.000</ele>
      </trkpt>
      <trkpt lat="45.865650000" lon="4.545120000">
        <ele>302.000</ele>
      </trkpt>
      <trkpt lat="45.865920000" lon="4.545310000">
        <ele>304.000</ele>
      </trkpt>
      <trkpt lat="45.866230000" lon="4.545570000">
        <ele>306.000</ele>
      </trkpt>
      <trkpt lat="45.866900000" lon="4.546170000">
        <ele>308.000</ele>
      </trkpt>
      <trkpt lat="45.867010000" lon="4.546290000">
        <ele>310.000</ele>
      </trkpt>
      <trkpt lat="45.867050000" lon="4.546350000">
        <ele>311.000</ele>
      </trkpt>
      <trkpt lat="45.867290000" lon="4.546600000">
        <ele>312.000</ele>
      </trkpt>
      <trkpt lat="45.868100000" lon="4.547580000">
        <ele>314.000</ele>
      </trkpt>
      <trkpt lat="45.868520000" lon="4.548090000">
        <ele>315.000</ele>
      </trkpt>
      <trkpt lat="45.868780000" lon="4.548400000">
        <ele>316.000</ele>
      </trkpt>
      <trkpt lat="45.869190000" lon="4.548900000">
        <ele>317.000</ele>
      </trkpt>
      <trkpt lat="45.869670000" lon="4.549500000">
        <ele>319.000</ele>
      </trkpt>
      <trkpt lat="45.870110000" lon="4.550030000">
        <ele>320.000</ele>
      </trkpt>
      <trkpt lat="45.871040000" lon="4.551130000">
        <ele>323.000</ele>
      </trkpt>
      <trkpt lat="45.871070000" lon="4.551170000">
        <ele>325.000</ele>
      </trkpt>
      <trkpt lat="45.871360000" lon="4.551520000">
        <ele>326.000</ele>
      </trkpt>
      <trkpt lat="45.871650000" lon="4.551890000">
        <ele>328.000</ele>
      </trkpt>
      <trkpt lat="45.871860000" lon="4.552160000">
        <ele>329.000</ele>
      </trkpt>
      <trkpt lat="45.872070000" lon="4.552390000">
        <ele>330.000</ele>
      </trkpt>
      <trkpt lat="45.872840000" lon="4.552930000">
        <ele>332.000</ele>
      </trkpt>
      <trkpt lat="45.873770000" lon="4.553590000">
        <ele>333.000</ele>
      </trkpt>
      <trkpt lat="45.874680000" lon="4.554240000">
        <ele>335.000</ele>
      </trkpt>
      <trkpt lat="45.875090000" lon="4.554530000">
        <ele>337.000</ele>
      </trkpt>
      <trkpt lat="45.875520000" lon="4.554830000">
        <ele>339.000</ele>
      </trkpt>
      <trkpt lat="45.875830000" lon="4.555070000">
        <ele>341.000</ele>
      </trkpt>
      <trkpt lat="45.876550000" lon="4.555580000">
        <ele>344.000</ele>
      </trkpt>
      <trkpt lat="45.876590000" lon="4.555610000">
        <ele>346.000</ele>
      </trkpt>
      <trkpt lat="45.876660000" lon="4.555660000">
        <ele>347.000</ele>
      </trkpt>
      <trkpt lat="45.876730000" lon="4.555710000">
        <ele>348.000</ele>
      </trkpt>
      <trkpt lat="45.876750000" lon="4.555720000">
        <ele>349.000</ele>
      </trkpt>
      <trkpt lat="45.877190000" lon="4.556050000">
        <ele>350.000</ele>
      </trkpt>
      <trkpt lat="45.877390000" lon="4.556190000">
        <ele>351.000</ele>
      </trkpt>
      <trkpt lat="45.877780000" lon="4.556460000">
        <ele>353.000</ele>
      </trkpt>
      <trkpt lat="45.878450000" lon="4.556930000">
        <ele>355.000</ele>
      </trkpt>
      <trkpt lat="45.878550000" lon="4.556990000">
        <ele>356.000</ele>
      </trkpt>
      <trkpt lat="45.878930000" lon="4.557200000">
        <ele>357.000</ele>
      </trkpt>
      <trkpt lat="45.878930000" lon="4.557820000">
        <ele>358.000</ele>
      </trkpt>
      <trkpt lat="45.878930000" lon="4.557890000">
        <ele>359.000</ele>
      </trkpt>
      <trkpt lat="45.878940000" lon="4.558020000">
        <ele>360.000</ele>
      </trkpt>
      <trkpt lat="45.878980000" lon="4.558440000">
        <ele>360.000</ele>
      </trkpt>
      <trkpt lat="45.879000000" lon="4.558740000">
        <ele>361.000</ele>
      </trkpt>
      <trkpt lat="45.879010000" lon="4.558840000">
        <ele>361.000</ele>
      </trkpt>
      <trkpt lat="45.879030000" lon="4.558900000">
        <ele>361.000</ele>
      </trkpt>
      <trkpt lat="45.879020000" lon="4.558930000">
        <ele>362.000</ele>
      </trkpt>
      <trkpt lat="45.879020000" lon="4.558950000">
        <ele>362.000</ele>
      </trkpt>
      <trkpt lat="45.879030000" lon="4.558980000">
        <ele>362.000</ele>
      </trkpt>
      <trkpt lat="45.879040000" lon="4.559000000">
        <ele>362.000</ele>
      </trkpt>
      <trkpt lat="45.879040000" lon="4.559010000">
        <ele>362.000</ele>
      </trkpt>
      <trkpt lat="45.879110000" lon="4.559140000">
        <ele>362.000</ele>
      </trkpt>
      <trkpt lat="45.879240000" lon="4.559290000">
        <ele>362.000</ele>
      </trkpt>
      <trkpt lat="45.879570000" lon="4.559720000">
        <ele>362.000</ele>
      </trkpt>
      <trkpt lat="45.879650000" lon="4.559800000">
        <ele>362.000</ele>
      </trkpt>
      <trkpt lat="45.879690000" lon="4.559780000">
        <ele>361.000</ele>
      </trkpt>
      <trkpt lat="45.879850000" lon="4.559730000">
        <ele>361.000</ele>
      </trkpt>
      <trkpt lat="45.879970000" lon="4.559700000">
        <ele>361.000</ele>
      </trkpt>
      <trkpt lat="45.880160000" lon="4.559710000">
        <ele>361.000</ele>
      </trkpt>
      <trkpt lat="45.880590000" lon="4.559690000">
        <ele>360.000</ele>
      </trkpt>
      <trkpt lat="45.880810000" lon="4.559670000">
        <ele>359.000</ele>
      </trkpt>
      <trkpt lat="45.881160000" lon="4.559650000">
        <ele>359.000</ele>
      </trkpt>
      <trkpt lat="45.881500000" lon="4.559680000">
        <ele>357.000</ele>
      </trkpt>
      <trkpt lat="45.881840000" lon="4.559730000">
        <ele>356.000</ele>
      </trkpt>
      <trkpt lat="45.882100000" lon="4.559760000">
        <ele>355.000</ele>
      </trkpt>
      <trkpt lat="45.882310000" lon="4.559750000">
        <ele>354.000</ele>
      </trkpt>
      <trkpt lat="45.882430000" lon="4.559730000">
        <ele>353.000</ele>
      </trkpt>
      <trkpt lat="45.882580000" lon="4.559670000">
        <ele>352.000</ele>
      </trkpt>
      <trkpt lat="45.882700000" lon="4.559610000">
        <ele>351.000</ele>
      </trkpt>
      <trkpt lat="45.882840000" lon="4.559510000">
        <ele>350.000</ele>
      </trkpt>
      <trkpt lat="45.883020000" lon="4.559360000">
        <ele>349.000</ele>
      </trkpt>
      <trkpt lat="45.883420000" lon="4.558990000">
        <ele>347.000</ele>
      </trkpt>
      <trkpt lat="45.883910000" lon="4.558510000">
        <ele>344.000</ele>
      </trkpt>
      <trkpt lat="45.884070000" lon="4.558380000">
        <ele>342.000</ele>
      </trkpt>
      <trkpt lat="45.884200000" lon="4.558330000">
        <ele>340.000</ele>
      </trkpt>
      <trkpt lat="45.884340000" lon="4.558310000">
        <ele>338.000</ele>
      </trkpt>
      <trkpt lat="45.884640000" lon="4.558290000">
        <ele>336.000</ele>
      </trkpt>
      <trkpt lat="45.884720000" lon="4.558280000">
        <ele>335.000</ele>
      </trkpt>
      <trkpt lat="45.884800000" lon="4.558290000">
        <ele>335.000</ele>
      </trkpt>
      <trkpt lat="45.884880000" lon="4.558310000">
        <ele>334.000</ele>
      </trkpt>
      <trkpt lat="45.885070000" lon="4.558420000">
        <ele>333.000</ele>
      </trkpt>
      <trkpt lat="45.885290000" lon="4.558570000">
        <ele>333.000</ele>
      </trkpt>
      <trkpt lat="45.885640000" lon="4.558810000">
        <ele>332.000</ele>
      </trkpt>
      <trkpt lat="45.886010000" lon="4.559080000">
        <ele>331.000</ele>
      </trkpt>
      <trkpt lat="45.886360000" lon="4.559390000">
        <ele>330.000</ele>
      </trkpt>
      <trkpt lat="45.886620000" lon="4.559650000">
        <ele>328.000</ele>
      </trkpt>
      <trkpt lat="45.886800000" lon="4.559860000">
        <ele>327.000</ele>
      </trkpt>
      <trkpt lat="45.886950000" lon="4.560060000">
        <ele>326.000</ele>
      </trkpt>
      <trkpt lat="45.887090000" lon="4.560300000">
        <ele>324.000</ele>
      </trkpt>
      <trkpt lat="45.887160000" lon="4.560450000">
        <ele>323.000</ele>
      </trkpt>
      <trkpt lat="45.887330000" lon="4.560800000">
        <ele>322.000</ele>
      </trkpt>
      <trkpt lat="45.887500000" lon="4.561160000">
        <ele>320.000</ele>
      </trkpt>
      <trkpt lat="45.887590000" lon="4.561350000">
        <ele>319.000</ele>
      </trkpt>
      <trkpt lat="45.887730000" lon="4.561640000">
        <ele>318.000</ele>
      </trkpt>
      <trkpt lat="45.888060000" lon="4.562190000">
        <ele>316.000</ele>
      </trkpt>
      <trkpt lat="45.888160000" lon="4.562390000">
        <ele>315.000</ele>
      </trkpt>
      <trkpt lat="45.888240000" lon="4.562580000">
        <ele>314.000</ele>
      </trkpt>
      <trkpt lat="45.888310000" lon="4.562830000">
        <ele>313.000</ele>
      </trkpt>
      <trkpt lat="45.888350000" lon="4.563060000">
        <ele>312.000</ele>
      </trkpt>
      <trkpt lat="45.888380000" lon="4.563290000">
        <ele>312.000</ele>
      </trkpt>
      <trkpt lat="45.888460000" lon="4.563810000">
        <ele>311.000</ele>
      </trkpt>
      <trkpt lat="45.888500000" lon="4.564000000">
        <ele>310.000</ele>
      </trkpt>
      <trkpt lat="45.888540000" lon="4.564100000">
        <ele>309.000</ele>
      </trkpt>
      <trkpt lat="45.888600000" lon="4.564220000">
        <ele>308.000</ele>
      </trkpt>
      <trkpt lat="45.888750000" lon="4.564370000">
        <ele>307.000</ele>
      </trkpt>
      <trkpt lat="45.888950000" lon="4.564460000">
        <ele>305.000</ele>
      </trkpt>
      <trkpt lat="45.889100000" lon="4.564470000">
        <ele>304.000</ele>
      </trkpt>
      <trkpt lat="45.889230000" lon="4.564440000">
        <ele>303.000</ele>
      </trkpt>
      <trkpt lat="45.889480000" lon="4.564300000">
        <ele>302.000</ele>
      </trkpt>
      <trkpt lat="45.889640000" lon="4.564250000">
        <ele>300.000</ele>
      </trkpt>
      <trkpt lat="45.889740000" lon="4.564260000">
        <ele>299.000</ele>
      </trkpt>
      <trkpt lat="45.889870000" lon="4.564290000">
        <ele>298.000</ele>
      </trkpt>
      <trkpt lat="45.890020000" lon="4.564390000">
        <ele>297.000</ele>
      </trkpt>
      <trkpt lat="45.890250000" lon="4.564710000">
        <ele>296.000</ele>
      </trkpt>
      <trkpt lat="45.890330000" lon="4.564840000">
        <ele>295.000</ele>
      </trkpt>
      <trkpt lat="45.890400000" lon="4.564940000">
        <ele>294.000</ele>
      </trkpt>
      <trkpt lat="45.890700000" lon="4.565250000">
        <ele>293.000</ele>
      </trkpt>
      <trkpt lat="45.890810000" lon="4.565380000">
        <ele>292.000</ele>
      </trkpt>
      <trkpt lat="45.890880000" lon="4.565520000">
        <ele>291.000</ele>
      </trkpt>
      <trkpt lat="45.890940000" lon="4.565690000">
        <ele>291.000</ele>
      </trkpt>
      <trkpt lat="45.890990000" lon="4.566060000">
        <ele>290.000</ele>
      </trkpt>
      <trkpt lat="45.891040000" lon="4.566190000">
        <ele>289.000</ele>
      </trkpt>
      <trkpt lat="45.891120000" lon="4.566330000">
        <ele>289.000</ele>
      </trkpt>
      <trkpt lat="45.891220000" lon="4.566420000">
        <ele>288.000</ele>
      </trkpt>
      <trkpt lat="45.891490000" lon="4.566510000">
        <ele>288.000</ele>
      </trkpt>
      <trkpt lat="45.891650000" lon="4.566530000">
        <ele>289.000</ele>
      </trkpt>
      <trkpt lat="45.891790000" lon="4.566540000">
        <ele>289.000</ele>
      </trkpt>
      <trkpt lat="45.892520000" lon="4.566620000">
        <ele>290.000</ele>
      </trkpt>
      <trkpt lat="45.892700000" lon="4.566640000">
        <ele>290.000</ele>
      </trkpt>
      <trkpt lat="45.893090000" lon="4.566680000">
        <ele>291.000</ele>
      </trkpt>
      <trkpt lat="45.893180000" lon="4.566650000">
        <ele>292.000</ele>
      </trkpt>
      <trkpt lat="45.893270000" lon="4.566610000">
        <ele>292.000</ele>
      </trkpt>
      <trkpt lat="45.893320000" lon="4.566570000">
        <ele>293.000</ele>
      </trkpt>
      <trkpt lat="45.893440000" lon="4.566400000">
        <ele>294.000</ele>
      </trkpt>
      <trkpt lat="45.893630000" lon="4.566180000">
        <ele>295.000</ele>
      </trkpt>
      <trkpt lat="45.893780000" lon="4.566070000">
        <ele>296.000</ele>
      </trkpt>
      <trkpt lat="45.894030000" lon="4.565950000">
        <ele>297.000</ele>
      </trkpt>
      <trkpt lat="45.894280000" lon="4.565860000">
        <ele>299.000</ele>
      </trkpt>
      <trkpt lat="45.894750000" lon="4.565820000">
        <ele>301.000</ele>
      </trkpt>
      <trkpt lat="45.894980000" lon="4.565820000">
        <ele>303.000</ele>
      </trkpt>
      <trkpt lat="45.895170000" lon="4.565790000">
        <ele>303.000</ele>
      </trkpt>
      <trkpt lat="45.895240000" lon="4.565770000">
        <ele>304.000</ele>
      </trkpt>
      <trkpt lat="45.896410000" lon="4.565580000">
        <ele>304.000</ele>
      </trkpt>
      <trkpt lat="45.896590000" lon="4.565500000">
        <ele>304.000</ele>
      </trkpt>
      <trkpt lat="45.896870000" lon="4.565960000">
        <ele>303.000</ele>
      </trkpt>
      <trkpt lat="45.897080000" lon="4.566270000">
        <ele>302.000</ele>
      </trkpt>
      <trkpt lat="45.897230000" lon="4.566410000">
        <ele>302.000</ele>
      </trkpt>
      <trkpt lat="45.897330000" lon="4.566480000">
        <ele>301.000</ele>
      </trkpt>
      <trkpt lat="45.897420000" lon="4.566520000">
        <ele>301.000</ele>
      </trkpt>
      <trkpt lat="45.897550000" lon="4.566550000">
        <ele>300.000</ele>
      </trkpt>
      <trkpt lat="45.897790000" lon="4.566540000">
        <ele>299.000</ele>
      </trkpt>
      <trkpt lat="45.898810000" lon="4.566410000">
        <ele>298.000</ele>
      </trkpt>
      <trkpt lat="45.899060000" lon="4.566360000">
        <ele>296.000</ele>
      </trkpt>
      <trkpt lat="45.899210000" lon="4.566320000">
        <ele>295.000</ele>
      </trkpt>
      <trkpt lat="45.899290000" lon="4.566300000">
        <ele>295.000</ele>
      </trkpt>
      <trkpt lat="45.899440000" lon="4.566240000">
        <ele>294.000</ele>
      </trkpt>
      <trkpt lat="45.899500000" lon="4.566200000">
        <ele>293.000</ele>
      </trkpt>
      <trkpt lat="45.899750000" lon="4.566000000">
        <ele>293.000</ele>
      </trkpt>
      <trkpt lat="45.899890000" lon="4.565940000">
        <ele>292.000</ele>
      </trkpt>
      <trkpt lat="45.900030000" lon="4.565930000">
        <ele>292.000</ele>
      </trkpt>
      <trkpt lat="45.900170000" lon="4.565950000">
        <ele>291.000</ele>
      </trkpt>
      <trkpt lat="45.900780000" lon="4.566100000">
        <ele>290.000</ele>
      </trkpt>
      <trkpt lat="45.900930000" lon="4.566170000">
        <ele>290.000</ele>
      </trkpt>
      <trkpt lat="45.901070000" lon="4.566270000">
        <ele>289.000</ele>
      </trkpt>
      <trkpt lat="45.901200000" lon="4.566420000">
        <ele>289.000</ele>
      </trkpt>
      <trkpt lat="45.901330000" lon="4.566610000">
        <ele>288.000</ele>
      </trkpt>
      <trkpt lat="45.901490000" lon="4.566890000">
        <ele>288.000</ele>
      </trkpt>
      <trkpt lat="45.901820000" lon="4.567480000">
        <ele>287.000</ele>
      </trkpt>
      <trkpt lat="45.902010000" lon="4.567900000">
        <ele>287.000</ele>
      </trkpt>
      <trkpt lat="45.902120000" lon="4.568150000">
        <ele>286.000</ele>
      </trkpt>
      <trkpt lat="45.902240000" lon="4.568350000">
        <ele>286.000</ele>
      </trkpt>
      <trkpt lat="45.902370000" lon="4.568520000">
        <ele>285.000</ele>
      </trkpt>
      <trkpt lat="45.902490000" lon="4.568640000">
        <ele>284.000</ele>
      </trkpt>
      <trkpt lat="45.902610000" lon="4.568720000">
        <ele>283.000</ele>
      </trkpt>
      <trkpt lat="45.902730000" lon="4.568760000">
        <ele>282.000</ele>
      </trkpt>
      <trkpt lat="45.903030000" lon="4.568830000">
        <ele>281.000</ele>
      </trkpt>
      <trkpt lat="45.903180000" lon="4.568900000">
        <ele>279.000</ele>
      </trkpt>
      <trkpt lat="45.903310000" lon="4.569020000">
        <ele>278.000</ele>
      </trkpt>
      <trkpt lat="45.903420000" lon="4.569180000">
        <ele>277.000</ele>
      </trkpt>
      <trkpt lat="45.903530000" lon="4.569410000">
        <ele>276.000</ele>
      </trkpt>
      <trkpt lat="45.903630000" lon="4.569710000">
        <ele>274.000</ele>
      </trkpt>
      <trkpt lat="45.903760000" lon="4.570210000">
        <ele>272.000</ele>
      </trkpt>
      <trkpt lat="45.903910000" lon="4.570570000">
        <ele>270.000</ele>
      </trkpt>
      <trkpt lat="45.904080000" lon="4.570970000">
        <ele>268.000</ele>
      </trkpt>
      <trkpt lat="45.904160000" lon="4.571490000">
        <ele>265.000</ele>
      </trkpt>
      <trkpt lat="45.904230000" lon="4.571670000">
        <ele>263.000</ele>
      </trkpt>
      <trkpt lat="45.904330000" lon="4.571870000">
        <ele>261.000</ele>
      </trkpt>
      <trkpt lat="45.904490000" lon="4.572080000">
        <ele>259.000</ele>
      </trkpt>
      <trkpt lat="45.904720000" lon="4.572320000">
        <ele>257.000</ele>
      </trkpt>
      <trkpt lat="45.904840000" lon="4.572510000">
        <ele>256.000</ele>
      </trkpt>
      <trkpt lat="45.905090000" lon="4.572860000">
        <ele>254.000</ele>
      </trkpt>
      <trkpt lat="45.905160000" lon="4.572940000">
        <ele>253.000</ele>
      </trkpt>
      <trkpt lat="45.905250000" lon="4.573010000">
        <ele>252.000</ele>
      </trkpt>
      <trkpt lat="45.905300000" lon="4.573030000">
        <ele>251.000</ele>
      </trkpt>
      <trkpt lat="45.905350000" lon="4.573090000">
        <ele>251.000</ele>
      </trkpt>
      <trkpt lat="45.905410000" lon="4.573150000">
        <ele>250.000</ele>
      </trkpt>
      <trkpt lat="45.905450000" lon="4.573200000">
        <ele>250.000</ele>
      </trkpt>
      <trkpt lat="45.905460000" lon="4.573220000">
        <ele>249.000</ele>
      </trkpt>
      <trkpt lat="45.905480000" lon="4.573270000">
        <ele>249.000</ele>
      </trkpt>
      <trkpt lat="45.905520000" lon="4.573310000">
        <ele>249.000</ele>
      </trkpt>
      <trkpt lat="45.905560000" lon="4.573320000">
        <ele>248.000</ele>
      </trkpt>
      <trkpt lat="45.905610000" lon="4.573320000">
        <ele>248.000</ele>
      </trkpt>
      <trkpt lat="45.905630000" lon="4.573300000">
        <ele>248.000</ele>
      </trkpt>
      <trkpt lat="45.905680000" lon="4.573320000">
        <ele>248.000</ele>
      </trkpt>
      <trkpt lat="45.905790000" lon="4.573360000">
        <ele>247.000</ele>
      </trkpt>
      <trkpt lat="45.905850000" lon="4.573360000">
        <ele>247.000</ele>
      </trkpt>
      <trkpt lat="45.905880000" lon="4.573370000">
        <ele>247.000</ele>
      </trkpt>
      <trkpt lat="45.906170000" lon="4.573390000">
        <ele>246.000</ele>
      </trkpt>
      <trkpt lat="45.906230000" lon="4.573400000">
        <ele>245.000</ele>
      </trkpt>
      <trkpt lat="45.906260000" lon="4.573420000">
        <ele>245.000</ele>
      </trkpt>
      <trkpt lat="45.906530000" lon="4.573620000">
        <ele>245.000</ele>
      </trkpt>
      <trkpt lat="45.906670000" lon="4.573720000">
        <ele>245.000</ele>
      </trkpt>
      <trkpt lat="45.906960000" lon="4.573950000">
        <ele>245.000</ele>
      </trkpt>
      <trkpt lat="45.907010000" lon="4.574060000">
        <ele>245.000</ele>
      </trkpt>
      <trkpt lat="45.907020000" lon="4.574160000">
        <ele>245.000</ele>
      </trkpt>
      <trkpt lat="45.907020000" lon="4.574260000">
        <ele>245.000</ele>
      </trkpt>
      <trkpt lat="45.906990000" lon="4.574530000">
        <ele>245.000</ele>
      </trkpt>
      <trkpt lat="45.906950000" lon="4.574730000">
        <ele>245.000</ele>
      </trkpt>
      <trkpt lat="45.906910000" lon="4.574900000">
        <ele>245.000</ele>
      </trkpt>
      <trkpt lat="45.906880000" lon="4.575000000">
        <ele>245.000</ele>
      </trkpt>
      <trkpt lat="45.906860000" lon="4.575100000">
        <ele>245.000</ele>
      </trkpt>
      <trkpt lat="45.906830000" lon="4.575290000">
        <ele>245.000</ele>
      </trkpt>
      <trkpt lat="45.906760000" lon="4.575780000">
        <ele>245.000</ele>
      </trkpt>
      <trkpt lat="45.906720000" lon="4.576120000">
        <ele>245.000</ele>
      </trkpt>
      <trkpt lat="45.906660000" lon="4.576580000">
        <ele>245.000</ele>
      </trkpt>
      <trkpt lat="45.906600000" lon="4.576910000">
        <ele>244.000</ele>
      </trkpt>
      <trkpt lat="45.906530000" lon="4.577190000">
        <ele>244.000</ele>
      </trkpt>
      <trkpt lat="45.906420000" lon="4.577470000">
        <ele>244.000</ele>
      </trkpt>
      <trkpt lat="45.906380000" lon="4.577490000">
        <ele>243.000</ele>
      </trkpt>
      <trkpt lat="45.906350000" lon="4.577530000">
        <ele>243.000</ele>
      </trkpt>
      <trkpt lat="45.906320000" lon="4.577590000">
        <ele>243.000</ele>
      </trkpt>
      <trkpt lat="45.906320000" lon="4.577650000">
        <ele>243.000</ele>
      </trkpt>
      <trkpt lat="45.906320000" lon="4.577710000">
        <ele>243.000</ele>
      </trkpt>
      <trkpt lat="45.906340000" lon="4.577770000">
        <ele>243.000</ele>
      </trkpt>
      <trkpt lat="45.906370000" lon="4.577800000">
        <ele>243.000</ele>
      </trkpt>
      <trkpt lat="45.906390000" lon="4.577830000">
        <ele>243.000</ele>
      </trkpt>
      <trkpt lat="45.906430000" lon="4.577840000">
        <ele>243.000</ele>
      </trkpt>
      <trkpt lat="45.906470000" lon="4.577840000">
        <ele>243.000</ele>
      </trkpt>
      <trkpt lat="45.906510000" lon="4.577820000">
        <ele>243.000</ele>
      </trkpt>
      <trkpt lat="45.906550000" lon="4.577780000">
        <ele>243.000</ele>
      </trkpt>
      <trkpt lat="45.906570000" lon="4.577730000">
        <ele>243.000</ele>
      </trkpt>
      <trkpt lat="45.906580000" lon="4.577670000">
        <ele>244.000</ele>
      </trkpt>
      <trkpt lat="45.906630000" lon="4.577670000">
        <ele>244.000</ele>
      </trkpt>
      <trkpt lat="45.906700000" lon="4.577640000">
        <ele>244.000</ele>
      </trkpt>
      <trkpt lat="45.906770000" lon="4.577580000">
        <ele>244.000</ele>
      </trkpt>
      <trkpt lat="45.906830000" lon="4.577460000">
        <ele>244.000</ele>
      </trkpt>
      <trkpt lat="45.906920000" lon="4.577130000">
        <ele>245.000</ele>
      </trkpt>
      <trkpt lat="45.907000000" lon="4.576840000">
        <ele>246.000</ele>
      </trkpt>
      <trkpt lat="45.907050000" lon="4.576550000">
        <ele>246.000</ele>
      </trkpt>
      <trkpt lat="45.907150000" lon="4.575960000">
        <ele>247.000</ele>
      </trkpt>
      <trkpt lat="45.907340000" lon="4.575120000">
        <ele>249.000</ele>
      </trkpt>
      <trkpt lat="45.907400000" lon="4.574870000">
        <ele>250.000</ele>
      </trkpt>
      <trkpt lat="45.907430000" lon="4.574710000">
        <ele>250.000</ele>
      </trkpt>
      <trkpt lat="45.907440000" lon="4.574620000">
        <ele>251.000</ele>
      </trkpt>
      <trkpt lat="45.907450000" lon="4.574520000">
        <ele>251.000</ele>
      </trkpt>
      <trkpt lat="45.907460000" lon="4.574470000">
        <ele>251.000</ele>
      </trkpt>
      <trkpt lat="45.907470000" lon="4.574270000">
        <ele>251.000</ele>
      </trkpt>
      <trkpt lat="45.907480000" lon="4.574110000">
        <ele>251.000</ele>
      </trkpt>
      <trkpt lat="45.907490000" lon="4.574000000">
        <ele>251.000</ele>
      </trkpt>
      <trkpt lat="45.907510000" lon="4.573880000">
        <ele>251.000</ele>
      </trkpt>
      <trkpt lat="45.907550000" lon="4.573760000">
        <ele>251.000</ele>
      </trkpt>
      <trkpt lat="45.907590000" lon="4.573640000">
        <ele>251.000</ele>
      </trkpt>
      <trkpt lat="45.907760000" lon="4.573450000">
        <ele>251.000</ele>
      </trkpt>
      <trkpt lat="45.907850000" lon="4.573350000">
        <ele>251.000</ele>
      </trkpt>
      <trkpt lat="45.907910000" lon="4.573310000">
        <ele>251.000</ele>
      </trkpt>
      <trkpt lat="45.907980000" lon="4.573260000">
        <ele>251.000</ele>
      </trkpt>
      <trkpt lat="45.908020000" lon="4.573240000">
        <ele>251.000</ele>
      </trkpt>
      <trkpt lat="45.908080000" lon="4.573240000">
        <ele>251.000</ele>
      </trkpt>
      <trkpt lat="45.908150000" lon="4.573250000">
        <ele>251.000</ele>
      </trkpt>
      <trkpt lat="45.908210000" lon="4.573290000">
        <ele>251.000</ele>
      </trkpt>
      <trkpt lat="45.908350000" lon="4.573420000">
        <ele>251.000</ele>
      </trkpt>
      <trkpt lat="45.908430000" lon="4.573470000">
        <ele>251.000</ele>
      </trkpt>
      <trkpt lat="45.908540000" lon="4.573540000">
        <ele>251.000</ele>
      </trkpt>
      <trkpt lat="45.908630000" lon="4.573610000">
        <ele>252.000</ele>
      </trkpt>
      <trkpt lat="45.908800000" lon="4.573710000">
        <ele>252.000</ele>
      </trkpt>
      <trkpt lat="45.909140000" lon="4.573900000">
        <ele>254.000</ele>
      </trkpt>
      <trkpt lat="45.909480000" lon="4.574070000">
        <ele>255.000</ele>
      </trkpt>
      <trkpt lat="45.909600000" lon="4.574110000">
        <ele>257.000</ele>
      </trkpt>
      <trkpt lat="45.909680000" lon="4.574130000">
        <ele>258.000</ele>
      </trkpt>
      <trkpt lat="45.909780000" lon="4.574140000">
        <ele>259.000</ele>
      </trkpt>
      <trkpt lat="45.909910000" lon="4.574150000">
        <ele>260.000</ele>
      </trkpt>
      <trkpt lat="45.910060000" lon="4.574140000">
        <ele>261.000</ele>
      </trkpt>
      <trkpt lat="45.910430000" lon="4.574110000">
        <ele>262.000</ele>
      </trkpt>
      <trkpt lat="45.910590000" lon="4.574090000">
        <ele>263.000</ele>
      </trkpt>
      <trkpt lat="45.910700000" lon="4.574070000">
        <ele>264.000</ele>
      </trkpt>
      <trkpt lat="45.910790000" lon="4.574040000">
        <ele>264.000</ele>
      </trkpt>
      <trkpt lat="45.910870000" lon="4.574000000">
        <ele>265.000</ele>
      </trkpt>
      <trkpt lat="45.911190000" lon="4.573830000">
        <ele>266.000</ele>
      </trkpt>
      <trkpt lat="45.911460000" lon="4.573740000">
        <ele>267.000</ele>
      </trkpt>
      <trkpt lat="45.911700000" lon="4.573690000">
        <ele>268.000</ele>
      </trkpt>
      <trkpt lat="45.912150000" lon="4.573610000">
        <ele>270.000</ele>
      </trkpt>
      <trkpt lat="45.912630000" lon="4.573540000">
        <ele>272.000</ele>
      </trkpt>
      <trkpt lat="45.912840000" lon="4.573510000">
        <ele>274.000</ele>
      </trkpt>
      <trkpt lat="45.912930000" lon="4.573520000">
        <ele>275.000</ele>
      </trkpt>
      <trkpt lat="45.913020000" lon="4.573540000">
        <ele>277.000</ele>
      </trkpt>
      <trkpt lat="45.913110000" lon="4.573570000">
        <ele>278.000</ele>
      </trkpt>
      <trkpt lat="45.913210000" lon="4.573640000">
        <ele>279.000</ele>
      </trkpt>
      <trkpt lat="45.913280000" lon="4.573690000">
        <ele>280.000</ele>
      </trkpt>
      <trkpt lat="45.913370000" lon="4.573780000">
        <ele>281.000</ele>
      </trkpt>
      <trkpt lat="45.913450000" lon="4.573890000">
        <ele>282.000</ele>
      </trkpt>
      <trkpt lat="45.913540000" lon="4.574030000">
        <ele>282.000</ele>
      </trkpt>
      <trkpt lat="45.913600000" lon="4.574170000">
        <ele>283.000</ele>
      </trkpt>
      <trkpt lat="45.913680000" lon="4.574350000">
        <ele>284.000</ele>
      </trkpt>
      <trkpt lat="45.913750000" lon="4.574520000">
        <ele>285.000</ele>
      </trkpt>
      <trkpt lat="45.913810000" lon="4.574640000">
        <ele>286.000</ele>
      </trkpt>
      <trkpt lat="45.913910000" lon="4.574810000">
        <ele>287.000</ele>
      </trkpt>
      <trkpt lat="45.914050000" lon="4.575030000">
        <ele>288.000</ele>
      </trkpt>
      <trkpt lat="45.914250000" lon="4.575320000">
        <ele>289.000</ele>
      </trkpt>
      <trkpt lat="45.914460000" lon="4.575590000">
        <ele>290.000</ele>
      </trkpt>
      <trkpt lat="45.914460000" lon="4.575590000">
        <ele>291.000</ele>
      </trkpt>
      <trkpt lat="45.914460000" lon="4.575590000">
        <ele>292.000</ele>
      </trkpt>
      <trkpt lat="45.914630000" lon="4.575780000">
        <ele>293.000</ele>
      </trkpt>
      <trkpt lat="45.914830000" lon="4.575990000">
        <ele>294.000</ele>
      </trkpt>
      <trkpt lat="45.915490000" lon="4.576570000">
        <ele>296.000</ele>
      </trkpt>
      <trkpt lat="45.915630000" lon="4.576690000">
        <ele>297.000</ele>
      </trkpt>
      <trkpt lat="45.915780000" lon="4.576830000">
        <ele>299.000</ele>
      </trkpt>
      <trkpt lat="45.915950000" lon="4.577030000">
        <ele>301.000</ele>
      </trkpt>
      <trkpt lat="45.916060000" lon="4.577190000">
        <ele>303.000</ele>
      </trkpt>
      <trkpt lat="45.916120000" lon="4.577260000">
        <ele>304.000</ele>
      </trkpt>
      <trkpt lat="45.916750000" lon="4.578260000">
        <ele>308.000</ele>
      </trkpt>
      <trkpt lat="45.916910000" lon="4.578490000">
        <ele>311.000</ele>
      </trkpt>
      <trkpt lat="45.917010000" lon="4.578620000">
        <ele>313.000</ele>
      </trkpt>
      <trkpt lat="45.917220000" lon="4.578810000">
        <ele>315.000</ele>
      </trkpt>
      <trkpt lat="45.917420000" lon="4.579020000">
        <ele>317.000</ele>
      </trkpt>
      <trkpt lat="45.917520000" lon="4.579150000">
        <ele>318.000</ele>
      </trkpt>
      <trkpt lat="45.917790000" lon="4.579600000">
        <ele>320.000</ele>
      </trkpt>
      <trkpt lat="45.917960000" lon="4.579960000">
        <ele>321.000</ele>
      </trkpt>
      <trkpt lat="45.918220000" lon="4.580500000">
        <ele>323.000</ele>
      </trkpt>
      <trkpt lat="45.918370000" lon="4.580820000">
        <ele>325.000</ele>
      </trkpt>
      <trkpt lat="45.918680000" lon="4.581440000">
        <ele>327.000</ele>
      </trkpt>
      <trkpt lat="45.919010000" lon="4.582140000">
        <ele>329.000</ele>
      </trkpt>
      <trkpt lat="45.919060000" lon="4.582250000">
        <ele>331.000</ele>
      </trkpt>
      <trkpt lat="45.919700000" lon="4.583560000">
        <ele>334.000</ele>
      </trkpt>
      <trkpt lat="45.919830000" lon="4.583760000">
        <ele>337.000</ele>
      </trkpt>
      <trkpt lat="45.919900000" lon="4.583850000">
        <ele>339.000</ele>
      </trkpt>
      <trkpt lat="45.920020000" lon="4.583970000">
        <ele>340.000</ele>
      </trkpt>
      <trkpt lat="45.920130000" lon="4.584040000">
        <ele>342.000</ele>
      </trkpt>
      <trkpt lat="45.920190000" lon="4.584050000">
        <ele>343.000</ele>
      </trkpt>
      <trkpt lat="45.920230000" lon="4.584040000">
        <ele>343.000</ele>
      </trkpt>
      <trkpt lat="45.920740000" lon="4.584060000">
        <ele>345.000</ele>
      </trkpt>
      <trkpt lat="45.920900000" lon="4.584070000">
        <ele>347.000</ele>
      </trkpt>
      <trkpt lat="45.920960000" lon="4.584100000">
        <ele>348.000</ele>
      </trkpt>
      <trkpt lat="45.921120000" lon="4.584180000">
        <ele>349.000</ele>
      </trkpt>
      <trkpt lat="45.921240000" lon="4.584270000">
        <ele>350.000</ele>
      </trkpt>
      <trkpt lat="45.921320000" lon="4.584370000">
        <ele>351.000</ele>
      </trkpt>
      <trkpt lat="45.921480000" lon="4.584640000">
        <ele>352.000</ele>
      </trkpt>
      <trkpt lat="45.921550000" lon="4.584750000">
        <ele>353.000</ele>
      </trkpt>
      <trkpt lat="45.921560000" lon="4.584780000">
        <ele>354.000</ele>
      </trkpt>
      <trkpt lat="45.921590000" lon="4.584840000">
        <ele>354.000</ele>
      </trkpt>
      <trkpt lat="45.921690000" lon="4.585050000">
        <ele>355.000</ele>
      </trkpt>
      <trkpt lat="45.921770000" lon="4.585210000">
        <ele>355.000</ele>
      </trkpt>
      <trkpt lat="45.921840000" lon="4.585470000">
        <ele>356.000</ele>
      </trkpt>
      <trkpt lat="45.921910000" lon="4.585390000">
        <ele>356.000</ele>
      </trkpt>
      <trkpt lat="45.921950000" lon="4.585340000">
        <ele>356.000</ele>
      </trkpt>
      <trkpt lat="45.922220000" lon="4.585080000">
        <ele>357.000</ele>
      </trkpt>
      <trkpt lat="45.922310000" lon="4.584990000">
        <ele>358.000</ele>
      </trkpt>
      <trkpt lat="45.922400000" lon="4.584890000">
        <ele>358.000</ele>
      </trkpt>
      <trkpt lat="45.922500000" lon="4.584800000">
        <ele>358.000</ele>
      </trkpt>
      <trkpt lat="45.922800000" lon="4.584500000">
        <ele>359.000</ele>
      </trkpt>
      <trkpt lat="45.922960000" lon="4.584280000">
        <ele>360.000</ele>
      </trkpt>
      <trkpt lat="45.923190000" lon="4.583960000">
        <ele>361.000</ele>
      </trkpt>
      <trkpt lat="45.923390000" lon="4.583740000">
        <ele>361.000</ele>
      </trkpt>
      <trkpt lat="45.923910000" lon="4.583300000">
        <ele>362.000</ele>
      </trkpt>
      <trkpt lat="45.924610000" lon="4.582650000">
        <ele>364.000</ele>
      </trkpt>
      <trkpt lat="45.924730000" lon="4.582550000">
        <ele>365.000</ele>
      </trkpt>
      <trkpt lat="45.924860000" lon="4.582480000">
        <ele>366.000</ele>
      </trkpt>
      <trkpt lat="45.925020000" lon="4.582410000">
        <ele>367.000</ele>
      </trkpt>
      <trkpt lat="45.925300000" lon="4.582270000">
        <ele>368.000</ele>
      </trkpt>
      <trkpt lat="45.925690000" lon="4.582080000">
        <ele>369.000</ele>
      </trkpt>
      <trkpt lat="45.925770000" lon="4.582040000">
        <ele>370.000</ele>
      </trkpt>
      <trkpt lat="45.925860000" lon="4.582010000">
        <ele>371.000</ele>
      </trkpt>
      <trkpt lat="45.925870000" lon="4.582040000">
        <ele>371.000</ele>
      </trkpt>
      <trkpt lat="45.925890000" lon="4.582070000">
        <ele>372.000</ele>
      </trkpt>
      <trkpt lat="45.925920000" lon="4.582090000">
        <ele>372.000</ele>
      </trkpt>
      <trkpt lat="45.925940000" lon="4.582090000">
        <ele>372.000</ele>
      </trkpt>
      <trkpt lat="45.925970000" lon="4.582080000">
        <ele>373.000</ele>
      </trkpt>
      <trkpt lat="45.926000000" lon="4.582060000">
        <ele>373.000</ele>
      </trkpt>
      <trkpt lat="45.926010000" lon="4.582030000">
        <ele>373.000</ele>
      </trkpt>
      <trkpt lat="45.926020000" lon="4.581990000">
        <ele>373.000</ele>
      </trkpt>
      <trkpt lat="45.926020000" lon="4.581950000">
        <ele>373.000</ele>
      </trkpt>
      <trkpt lat="45.926140000" lon="4.581940000">
        <ele>374.000</ele>
      </trkpt>
      <trkpt lat="45.926240000" lon="4.581910000">
        <ele>374.000</ele>
      </trkpt>
      <trkpt lat="45.926290000" lon="4.581900000">
        <ele>374.000</ele>
      </trkpt>
      <trkpt lat="45.926750000" lon="4.581740000">
        <ele>375.000</ele>
      </trkpt>
      <trkpt lat="45.926910000" lon="4.581690000">
        <ele>376.000</ele>
      </trkpt>
      <trkpt lat="45.927830000" lon="4.581360000">
        <ele>379.000</ele>
      </trkpt>
      <trkpt lat="45.928210000" lon="4.581190000">
        <ele>381.000</ele>
      </trkpt>
      <trkpt lat="45.929130000" lon="4.580820000">
        <ele>384.000</ele>
      </trkpt>
      <trkpt lat="45.929470000" lon="4.580730000">
        <ele>387.000</ele>
      </trkpt>
      <trkpt lat="45.930310000" lon="4.580470000">
        <ele>391.000</ele>
      </trkpt>
      <trkpt lat="45.930620000" lon="4.580410000">
        <ele>394.000</ele>
      </trkpt>
      <trkpt lat="45.930740000" lon="4.580400000">
        <ele>396.000</ele>
      </trkpt>
      <trkpt lat="45.930870000" lon="4.580410000">
        <ele>398.000</ele>
      </trkpt>
      <trkpt lat="45.930970000" lon="4.580430000">
        <ele>400.000</ele>
      </trkpt>
      <trkpt lat="45.931080000" lon="4.580480000">
        <ele>401.000</ele>
      </trkpt>
      <trkpt lat="45.931400000" lon="4.580610000">
        <ele>403.000</ele>
      </trkpt>
      <trkpt lat="45.931690000" lon="4.580710000">
        <ele>406.000</ele>
      </trkpt>
      <trkpt lat="45.931850000" lon="4.580740000">
        <ele>407.000</ele>
      </trkpt>
      <trkpt lat="45.932000000" lon="4.580750000">
        <ele>409.000</ele>
      </trkpt>
      <trkpt lat="45.932100000" lon="4.580750000">
        <ele>411.000</ele>
      </trkpt>
      <trkpt lat="45.932260000" lon="4.580720000">
        <ele>412.000</ele>
      </trkpt>
      <trkpt lat="45.932500000" lon="4.580620000">
        <ele>413.000</ele>
      </trkpt>
      <trkpt lat="45.932930000" lon="4.580450000">
        <ele>414.000</ele>
      </trkpt>
      <trkpt lat="45.933990000" lon="4.580130000">
        <ele>416.000</ele>
      </trkpt>
      <trkpt lat="45.934220000" lon="4.580050000">
        <ele>418.000</ele>
      </trkpt>
      <trkpt lat="45.934760000" lon="4.579770000">
        <ele>420.000</ele>
      </trkpt>
      <trkpt lat="45.935320000" lon="4.579460000">
        <ele>422.000</ele>
      </trkpt>
      <trkpt lat="45.935430000" lon="4.579400000">
        <ele>424.000</ele>
      </trkpt>
      <trkpt lat="45.935680000" lon="4.579310000">
        <ele>425.000</ele>
      </trkpt>
      <trkpt lat="45.936310000" lon="4.579170000">
        <ele>427.000</ele>
      </trkpt>
      <trkpt lat="45.936430000" lon="4.579150000">
        <ele>428.000</ele>
      </trkpt>
      <trkpt lat="45.937240000" lon="4.578990000">
        <ele>431.000</ele>
      </trkpt>
      <trkpt lat="45.937630000" lon="4.578940000">
        <ele>434.000</ele>
      </trkpt>
      <trkpt lat="45.938820000" lon="4.578790000">
        <ele>438.000</ele>
      </trkpt>
      <trkpt lat="45.939040000" lon="4.578770000">
        <ele>442.000</ele>
      </trkpt>
      <trkpt lat="45.939190000" lon="4.578780000">
        <ele>445.000</ele>
      </trkpt>
      <trkpt lat="45.939360000" lon="4.578800000">
        <ele>447.000</ele>
      </trkpt>
      <trkpt lat="45.939500000" lon="4.578830000">
        <ele>448.000</ele>
      </trkpt>
      <trkpt lat="45.939780000" lon="4.578930000">
        <ele>450.000</ele>
      </trkpt>
      <trkpt lat="45.940060000" lon="4.579040000">
        <ele>452.000</ele>
      </trkpt>
      <trkpt lat="45.940260000" lon="4.579150000">
        <ele>453.000</ele>
      </trkpt>
      <trkpt lat="45.940450000" lon="4.579270000">
        <ele>455.000</ele>
      </trkpt>
      <trkpt lat="45.940810000" lon="4.579550000">
        <ele>457.000</ele>
      </trkpt>
      <trkpt lat="45.941010000" lon="4.579730000">
        <ele>459.000</ele>
      </trkpt>
      <trkpt lat="45.941230000" lon="4.579910000">
        <ele>461.000</ele>
      </trkpt>
      <trkpt lat="45.941880000" lon="4.580420000">
        <ele>464.000</ele>
      </trkpt>
      <trkpt lat="45.942220000" lon="4.580620000">
        <ele>467.000</ele>
      </trkpt>
      <trkpt lat="45.942410000" lon="4.580700000">
        <ele>470.000</ele>
      </trkpt>
      <trkpt lat="45.942750000" lon="4.580800000">
        <ele>473.000</ele>
      </trkpt>
      <trkpt lat="45.943260000" lon="4.580940000">
        <ele>476.000</ele>
      </trkpt>
      <trkpt lat="45.943550000" lon="4.581060000">
        <ele>478.000</ele>
      </trkpt>
      <trkpt lat="45.944270000" lon="4.581410000">
        <ele>482.000</ele>
      </trkpt>
      <trkpt lat="45.944420000" lon="4.581470000">
        <ele>485.000</ele>
      </trkpt>
      <trkpt lat="45.944580000" lon="4.581520000">
        <ele>487.000</ele>
      </trkpt>
      <trkpt lat="45.944910000" lon="4.581590000">
        <ele>490.000</ele>
      </trkpt>
      <trkpt lat="45.945190000" lon="4.581630000">
        <ele>492.000</ele>
      </trkpt>
      <trkpt lat="45.945320000" lon="4.581630000">
        <ele>494.000</ele>
      </trkpt>
      <trkpt lat="45.945440000" lon="4.581610000">
        <ele>495.000</ele>
      </trkpt>
      <trkpt lat="45.945620000" lon="4.581560000">
        <ele>497.000</ele>
      </trkpt>
      <trkpt lat="45.945840000" lon="4.581490000">
        <ele>498.000</ele>
      </trkpt>
      <trkpt lat="45.946120000" lon="4.581390000">
        <ele>500.000</ele>
      </trkpt>
      <trkpt lat="45.946290000" lon="4.581310000">
        <ele>502.000</ele>
      </trkpt>
      <trkpt lat="45.946760000" lon="4.581110000">
        <ele>504.000</ele>
      </trkpt>
      <trkpt lat="45.946950000" lon="4.581060000">
        <ele>506.000</ele>
      </trkpt>
      <trkpt lat="45.947240000" lon="4.580990000">
        <ele>508.000</ele>
      </trkpt>
      <trkpt lat="45.947410000" lon="4.580980000">
        <ele>510.000</ele>
      </trkpt>
      <trkpt lat="45.947500000" lon="4.580990000">
        <ele>511.000</ele>
      </trkpt>
      <trkpt lat="45.947580000" lon="4.581000000">
        <ele>512.000</ele>
      </trkpt>
      <trkpt lat="45.947660000" lon="4.581020000">
        <ele>513.000</ele>
      </trkpt>
      <trkpt lat="45.947860000" lon="4.581070000">
        <ele>515.000</ele>
      </trkpt>
      <trkpt lat="45.948080000" lon="4.581130000">
        <ele>516.000</ele>
      </trkpt>
      <trkpt lat="45.948210000" lon="4.581200000">
        <ele>517.000</ele>
      </trkpt>
      <trkpt lat="45.948350000" lon="4.581320000">
        <ele>518.000</ele>
      </trkpt>
      <trkpt lat="45.948490000" lon="4.581450000">
        <ele>519.000</ele>
      </trkpt>
      <trkpt lat="45.948600000" lon="4.581590000">
        <ele>520.000</ele>
      </trkpt>
      <trkpt lat="45.948640000" lon="4.581670000">
        <ele>520.000</ele>
      </trkpt>
      <trkpt lat="45.948670000" lon="4.581730000">
        <ele>521.000</ele>
      </trkpt>
      <trkpt lat="45.948730000" lon="4.581870000">
        <ele>521.000</ele>
      </trkpt>
      <trkpt lat="45.948800000" lon="4.582220000">
        <ele>522.000</ele>
      </trkpt>
      <trkpt lat="45.948840000" lon="4.582470000">
        <ele>523.000</ele>
      </trkpt>
      <trkpt lat="45.948860000" lon="4.582630000">
        <ele>524.000</ele>
      </trkpt>
      <trkpt lat="45.948920000" lon="4.582990000">
        <ele>525.000</ele>
      </trkpt>
      <trkpt lat="45.948950000" lon="4.583190000">
        <ele>525.000</ele>
      </trkpt>
      <trkpt lat="45.949000000" lon="4.583340000">
        <ele>526.000</ele>
      </trkpt>
      <trkpt lat="45.949430000" lon="4.583050000">
        <ele>526.000</ele>
      </trkpt>
      <trkpt lat="45.949770000" lon="4.582980000">
        <ele>526.000</ele>
      </trkpt>
      <trkpt lat="45.949900000" lon="4.582980000">
        <ele>526.000</ele>
      </trkpt>
      <trkpt lat="45.950790000" lon="4.583090000">
        <ele>525.000</ele>
      </trkpt>
      <trkpt lat="45.951550000" lon="4.583170000">
        <ele>524.000</ele>
      </trkpt>
      <trkpt lat="45.951860000" lon="4.583220000">
        <ele>524.000</ele>
      </trkpt>
      <trkpt lat="45.952160000" lon="4.583290000">
        <ele>524.000</ele>
      </trkpt>
      <trkpt lat="45.952530000" lon="4.583410000">
        <ele>523.000</ele>
      </trkpt>
      <trkpt lat="45.952770000" lon="4.583520000">
        <ele>523.000</ele>
      </trkpt>
      <trkpt lat="45.952970000" lon="4.583640000">
        <ele>523.000</ele>
      </trkpt>
      <trkpt lat="45.953160000" lon="4.583790000">
        <ele>523.000</ele>
      </trkpt>
      <trkpt lat="45.953230000" lon="4.583850000">
        <ele>523.000</ele>
      </trkpt>
      <trkpt lat="45.953390000" lon="4.584000000">
        <ele>523.000</ele>
      </trkpt>
      <trkpt lat="45.953780000" lon="4.584400000">
        <ele>524.000</ele>
      </trkpt>
      <trkpt lat="45.954170000" lon="4.584850000">
        <ele>524.000</ele>
      </trkpt>
      <trkpt lat="45.954350000" lon="4.585070000">
        <ele>525.000</ele>
      </trkpt>
      <trkpt lat="45.954490000" lon="4.585280000">
        <ele>525.000</ele>
      </trkpt>
      <trkpt lat="45.954570000" lon="4.585440000">
        <ele>525.000</ele>
      </trkpt>
      <trkpt lat="45.954640000" lon="4.585630000">
        <ele>525.000</ele>
      </trkpt>
      <trkpt lat="45.954750000" lon="4.586020000">
        <ele>525.000</ele>
      </trkpt>
      <trkpt lat="45.954820000" lon="4.586300000">
        <ele>524.000</ele>
      </trkpt>
      <trkpt lat="45.954870000" lon="4.586630000">
        <ele>524.000</ele>
      </trkpt>
      <trkpt lat="45.954930000" lon="4.587020000">
        <ele>524.000</ele>
      </trkpt>
      <trkpt lat="45.954930000" lon="4.587160000">
        <ele>523.000</ele>
      </trkpt>
      <trkpt lat="45.954930000" lon="4.587300000">
        <ele>523.000</ele>
      </trkpt>
      <trkpt lat="45.954900000" lon="4.587500000">
        <ele>523.000</ele>
      </trkpt>
      <trkpt lat="45.954900000" lon="4.587600000">
        <ele>523.000</ele>
      </trkpt>
      <trkpt lat="45.954910000" lon="4.587690000">
        <ele>523.000</ele>
      </trkpt>
      <trkpt lat="45.954940000" lon="4.587830000">
        <ele>523.000</ele>
      </trkpt>
      <trkpt lat="45.955000000" lon="4.588000000">
        <ele>522.000</ele>
      </trkpt>
      <trkpt lat="45.955130000" lon="4.588270000">
        <ele>522.000</ele>
      </trkpt>
      <trkpt lat="45.955240000" lon="4.588440000">
        <ele>522.000</ele>
      </trkpt>
      <trkpt lat="45.955330000" lon="4.588530000">
        <ele>522.000</ele>
      </trkpt>
      <trkpt lat="45.955430000" lon="4.588590000">
        <ele>522.000</ele>
      </trkpt>
      <trkpt lat="45.955510000" lon="4.588620000">
        <ele>522.000</ele>
      </trkpt>
      <trkpt lat="45.955670000" lon="4.588640000">
        <ele>521.000</ele>
      </trkpt>
      <trkpt lat="45.955890000" lon="4.588650000">
        <ele>521.000</ele>
      </trkpt>
      <trkpt lat="45.956020000" lon="4.588650000">
        <ele>521.000</ele>
      </trkpt>
      <trkpt lat="45.956340000" lon="4.588610000">
        <ele>521.000</ele>
      </trkpt>
      <trkpt lat="45.956430000" lon="4.588590000">
        <ele>521.000</ele>
      </trkpt>
      <trkpt lat="45.956830000" lon="4.588490000">
        <ele>521.000</ele>
      </trkpt>
      <trkpt lat="45.956980000" lon="4.588430000">
        <ele>521.000</ele>
      </trkpt>
      <trkpt lat="45.957080000" lon="4.588380000">
        <ele>521.000</ele>
      </trkpt>
      <trkpt lat="45.957200000" lon="4.588270000">
        <ele>521.000</ele>
      </trkpt>
      <trkpt lat="45.957330000" lon="4.588120000">
        <ele>521.000</ele>
      </trkpt>
      <trkpt lat="45.957440000" lon="4.588030000">
        <ele>521.000</ele>
      </trkpt>
      <trkpt lat="45.957580000" lon="4.587940000">
        <ele>521.000</ele>
      </trkpt>
      <trkpt lat="45.958000000" lon="4.587700000">
        <ele>521.000</ele>
      </trkpt>
      <trkpt lat="45.958160000" lon="4.587600000">
        <ele>521.000</ele>
      </trkpt>
      <trkpt lat="45.958380000" lon="4.587420000">
        <ele>521.000</ele>
      </trkpt>
      <trkpt lat="45.958500000" lon="4.587320000">
        <ele>521.000</ele>
      </trkpt>
      <trkpt lat="45.958570000" lon="4.587230000">
        <ele>521.000</ele>
      </trkpt>
      <trkpt lat="45.958660000" lon="4.587110000">
        <ele>521.000</ele>
      </trkpt>
      <trkpt lat="45.958750000" lon="4.586950000">
        <ele>521.000</ele>
      </trkpt>
      <trkpt lat="45.958920000" lon="4.586630000">
        <ele>521.000</ele>
      </trkpt>
      <trkpt lat="45.959070000" lon="4.586360000">
        <ele>521.000</ele>
      </trkpt>
      <trkpt lat="45.959220000" lon="4.586130000">
        <ele>521.000</ele>
      </trkpt>
      <trkpt lat="45.959340000" lon="4.585960000">
        <ele>521.000</ele>
      </trkpt>
      <trkpt lat="45.959420000" lon="4.585880000">
        <ele>521.000</ele>
      </trkpt>
      <trkpt lat="45.959520000" lon="4.585820000">
        <ele>521.000</ele>
      </trkpt>
      <trkpt lat="45.959610000" lon="4.585770000">
        <ele>522.000</ele>
      </trkpt>
      <trkpt lat="45.959710000" lon="4.585770000">
        <ele>522.000</ele>
      </trkpt>
      <trkpt lat="45.959790000" lon="4.585790000">
        <ele>522.000</ele>
      </trkpt>
      <trkpt lat="45.959880000" lon="4.585820000">
        <ele>522.000</ele>
      </trkpt>
      <trkpt lat="45.960000000" lon="4.585890000">
        <ele>523.000</ele>
      </trkpt>
      <trkpt lat="45.960440000" lon="4.586190000">
        <ele>523.000</ele>
      </trkpt>
      <trkpt lat="45.960630000" lon="4.586260000">
        <ele>524.000</ele>
      </trkpt>
      <trkpt lat="45.960770000" lon="4.586300000">
        <ele>525.000</ele>
      </trkpt>
      <trkpt lat="45.960880000" lon="4.586310000">
        <ele>525.000</ele>
      </trkpt>
      <trkpt lat="45.961010000" lon="4.586290000">
        <ele>526.000</ele>
      </trkpt>
      <trkpt lat="45.961130000" lon="4.586230000">
        <ele>526.000</ele>
      </trkpt>
      <trkpt lat="45.961240000" lon="4.586150000">
        <ele>527.000</ele>
      </trkpt>
      <trkpt lat="45.961360000" lon="4.586020000">
        <ele>527.000</ele>
      </trkpt>
      <trkpt lat="45.961690000" lon="4.585560000">
        <ele>526.000</ele>
      </trkpt>
      <trkpt lat="45.961860000" lon="4.585330000">
        <ele>526.000</ele>
      </trkpt>
      <trkpt lat="45.961960000" lon="4.585230000">
        <ele>525.000</ele>
      </trkpt>
      <trkpt lat="45.962060000" lon="4.585140000">
        <ele>525.000</ele>
      </trkpt>
      <trkpt lat="45.962130000" lon="4.585110000">
        <ele>524.000</ele>
      </trkpt>
      <trkpt lat="45.962250000" lon="4.585070000">
        <ele>524.000</ele>
      </trkpt>
      <trkpt lat="45.962340000" lon="4.585050000">
        <ele>524.000</ele>
      </trkpt>
      <trkpt lat="45.962430000" lon="4.585050000">
        <ele>523.000</ele>
      </trkpt>
      <trkpt lat="45.962490000" lon="4.585070000">
        <ele>523.000</ele>
      </trkpt>
      <trkpt lat="45.962580000" lon="4.585100000">
        <ele>523.000</ele>
      </trkpt>
      <trkpt lat="45.963040000" lon="4.585340000">
        <ele>522.000</ele>
      </trkpt>
      <trkpt lat="45.963160000" lon="4.585390000">
        <ele>522.000</ele>
      </trkpt>
      <trkpt lat="45.963250000" lon="4.585420000">
        <ele>521.000</ele>
      </trkpt>
      <trkpt lat="45.963340000" lon="4.585430000">
        <ele>521.000</ele>
      </trkpt>
      <trkpt lat="45.963420000" lon="4.585420000">
        <ele>521.000</ele>
      </trkpt>
      <trkpt lat="45.963520000" lon="4.585380000">
        <ele>521.000</ele>
      </trkpt>
      <trkpt lat="45.963630000" lon="4.585300000">
        <ele>521.000</ele>
      </trkpt>
      <trkpt lat="45.963720000" lon="4.585230000">
        <ele>521.000</ele>
      </trkpt>
      <trkpt lat="45.963840000" lon="4.585100000">
        <ele>522.000</ele>
      </trkpt>
      <trkpt lat="45.964480000" lon="4.584350000">
        <ele>522.000</ele>
      </trkpt>
      <trkpt lat="45.964660000" lon="4.584160000">
        <ele>523.000</ele>
      </trkpt>
      <trkpt lat="45.964750000" lon="4.584090000">
        <ele>523.000</ele>
      </trkpt>
      <trkpt lat="45.964890000" lon="4.584040000">
        <ele>523.000</ele>
      </trkpt>
      <trkpt lat="45.964970000" lon="4.584030000">
        <ele>523.000</ele>
      </trkpt>
      <trkpt lat="45.965050000" lon="4.584050000">
        <ele>523.000</ele>
      </trkpt>
      <trkpt lat="45.965160000" lon="4.584080000">
        <ele>523.000</ele>
      </trkpt>
      <trkpt lat="45.965340000" lon="4.584180000">
        <ele>523.000</ele>
      </trkpt>
      <trkpt lat="45.965560000" lon="4.584310000">
        <ele>522.000</ele>
      </trkpt>
      <trkpt lat="45.965770000" lon="4.584460000">
        <ele>522.000</ele>
      </trkpt>
      <trkpt lat="45.965920000" lon="4.584570000">
        <ele>522.000</ele>
      </trkpt>
      <trkpt lat="45.966110000" lon="4.584730000">
        <ele>522.000</ele>
      </trkpt>
      <trkpt lat="45.966240000" lon="4.584860000">
        <ele>521.000</ele>
      </trkpt>
      <trkpt lat="45.966320000" lon="4.584950000">
        <ele>521.000</ele>
      </trkpt>
      <trkpt lat="45.966460000" lon="4.585150000">
        <ele>521.000</ele>
      </trkpt>
      <trkpt lat="45.966570000" lon="4.585280000">
        <ele>522.000</ele>
      </trkpt>
      <trkpt lat="45.966660000" lon="4.585350000">
        <ele>522.000</ele>
      </trkpt>
      <trkpt lat="45.966750000" lon="4.585390000">
        <ele>522.000</ele>
      </trkpt>
      <trkpt lat="45.966840000" lon="4.585410000">
        <ele>523.000</ele>
      </trkpt>
      <trkpt lat="45.966970000" lon="4.585420000">
        <ele>524.000</ele>
      </trkpt>
      <trkpt lat="45.967080000" lon="4.585410000">
        <ele>524.000</ele>
      </trkpt>
      <trkpt lat="45.967170000" lon="4.585380000">
        <ele>525.000</ele>
      </trkpt>
      <trkpt lat="45.967230000" lon="4.585330000">
        <ele>525.000</ele>
      </trkpt>
      <trkpt lat="45.967300000" lon="4.585250000">
        <ele>526.000</ele>
      </trkpt>
      <trkpt lat="45.967360000" lon="4.585130000">
        <ele>526.000</ele>
      </trkpt>
      <trkpt lat="45.967420000" lon="4.584960000">
        <ele>527.000</ele>
      </trkpt>
      <trkpt lat="45.967480000" lon="4.584710000">
        <ele>527.000</ele>
      </trkpt>
      <trkpt lat="45.967520000" lon="4.584460000">
        <ele>528.000</ele>
      </trkpt>
      <trkpt lat="45.967540000" lon="4.584280000">
        <ele>529.000</ele>
      </trkpt>
      <trkpt lat="45.967530000" lon="4.584070000">
        <ele>529.000</ele>
      </trkpt>
      <trkpt lat="45.967490000" lon="4.583760000">
        <ele>529.000</ele>
      </trkpt>
      <trkpt lat="45.967440000" lon="4.583470000">
        <ele>529.000</ele>
      </trkpt>
      <trkpt lat="45.967400000" lon="4.583230000">
        <ele>529.000</ele>
      </trkpt>
      <trkpt lat="45.967300000" lon="4.582930000">
        <ele>528.000</ele>
      </trkpt>
      <trkpt lat="45.967220000" lon="4.582660000">
        <ele>528.000</ele>
      </trkpt>
      <trkpt lat="45.967200000" lon="4.582530000">
        <ele>527.000</ele>
      </trkpt>
      <trkpt lat="45.967200000" lon="4.582490000">
        <ele>527.000</ele>
      </trkpt>
      <trkpt lat="45.967190000" lon="4.582330000">
        <ele>527.000</ele>
      </trkpt>
      <trkpt lat="45.967190000" lon="4.582150000">
        <ele>526.000</ele>
      </trkpt>
      <trkpt lat="45.967220000" lon="4.581980000">
        <ele>526.000</ele>
      </trkpt>
      <trkpt lat="45.967250000" lon="4.581860000">
        <ele>526.000</ele>
      </trkpt>
      <trkpt lat="45.967310000" lon="4.581710000">
        <ele>525.000</ele>
      </trkpt>
      <trkpt lat="45.967360000" lon="4.581610000">
        <ele>525.000</ele>
      </trkpt>
      <trkpt lat="45.967880000" lon="4.580620000">
        <ele>526.000</ele>
      </trkpt>
      <trkpt lat="45.967980000" lon="4.580460000">
        <ele>526.000</ele>
      </trkpt>
      <trkpt lat="45.968070000" lon="4.580320000">
        <ele>526.000</ele>
      </trkpt>
      <trkpt lat="45.968160000" lon="4.580240000">
        <ele>527.000</ele>
      </trkpt>
      <trkpt lat="45.968250000" lon="4.580180000">
        <ele>527.000</ele>
      </trkpt>
      <trkpt lat="45.968350000" lon="4.580130000">
        <ele>527.000</ele>
      </trkpt>
      <trkpt lat="45.968460000" lon="4.580120000">
        <ele>527.000</ele>
      </trkpt>
      <trkpt lat="45.968570000" lon="4.580130000">
        <ele>528.000</ele>
      </trkpt>
      <trkpt lat="45.968710000" lon="4.580170000">
        <ele>528.000</ele>
      </trkpt>
      <trkpt lat="45.968870000" lon="4.580270000">
        <ele>529.000</ele>
      </trkpt>
      <trkpt lat="45.968990000" lon="4.580360000">
        <ele>529.000</ele>
      </trkpt>
      <trkpt lat="45.969100000" lon="4.580470000">
        <ele>530.000</ele>
      </trkpt>
      <trkpt lat="45.969510000" lon="4.580970000">
        <ele>531.000</ele>
      </trkpt>
      <trkpt lat="45.969680000" lon="4.581110000">
        <ele>533.000</ele>
      </trkpt>
      <trkpt lat="45.969760000" lon="4.581150000">
        <ele>534.000</ele>
      </trkpt>
      <trkpt lat="45.969860000" lon="4.581190000">
        <ele>535.000</ele>
      </trkpt>
      <trkpt lat="45.969960000" lon="4.581190000">
        <ele>536.000</ele>
      </trkpt>
      <trkpt lat="45.970050000" lon="4.581170000">
        <ele>536.000</ele>
      </trkpt>
      <trkpt lat="45.970110000" lon="4.581120000">
        <ele>537.000</ele>
      </trkpt>
      <trkpt lat="45.970180000" lon="4.581070000">
        <ele>538.000</ele>
      </trkpt>
      <trkpt lat="45.970260000" lon="4.580960000">
        <ele>538.000</ele>
      </trkpt>
      <trkpt lat="45.970480000" lon="4.580650000">
        <ele>539.000</ele>
      </trkpt>
      <trkpt lat="45.970820000" lon="4.580190000">
        <ele>538.000</ele>
      </trkpt>
      <trkpt lat="45.970920000" lon="4.580090000">
        <ele>538.000</ele>
      </trkpt>
      <trkpt lat="45.971000000" lon="4.580040000">
        <ele>538.000</ele>
      </trkpt>
      <trkpt lat="45.971090000" lon="4.580000000">
        <ele>538.000</ele>
      </trkpt>
      <trkpt lat="45.971160000" lon="4.579980000">
        <ele>538.000</ele>
      </trkpt>
      <trkpt lat="45.971260000" lon="4.579990000">
        <ele>538.000</ele>
      </trkpt>
      <trkpt lat="45.971360000" lon="4.580020000">
        <ele>538.000</ele>
      </trkpt>
      <trkpt lat="45.971490000" lon="4.580070000">
        <ele>537.000</ele>
      </trkpt>
      <trkpt lat="45.971610000" lon="4.580140000">
        <ele>537.000</ele>
      </trkpt>
      <trkpt lat="45.971740000" lon="4.580230000">
        <ele>537.000</ele>
      </trkpt>
      <trkpt lat="45.971840000" lon="4.580320000">
        <ele>537.000</ele>
      </trkpt>
      <trkpt lat="45.971930000" lon="4.580420000">
        <ele>537.000</ele>
      </trkpt>
      <trkpt lat="45.972080000" lon="4.580610000">
        <ele>537.000</ele>
      </trkpt>
      <trkpt lat="45.972250000" lon="4.580820000">
        <ele>536.000</ele>
      </trkpt>
      <trkpt lat="45.972330000" lon="4.580900000">
        <ele>536.000</ele>
      </trkpt>
      <trkpt lat="45.972420000" lon="4.580970000">
        <ele>536.000</ele>
      </trkpt>
      <trkpt lat="45.972500000" lon="4.581020000">
        <ele>536.000</ele>
      </trkpt>
      <trkpt lat="45.972600000" lon="4.581040000">
        <ele>536.000</ele>
      </trkpt>
      <trkpt lat="45.972700000" lon="4.581050000">
        <ele>536.000</ele>
      </trkpt>
      <trkpt lat="45.972780000" lon="4.581040000">
        <ele>535.000</ele>
      </trkpt>
      <trkpt lat="45.972840000" lon="4.581020000">
        <ele>535.000</ele>
      </trkpt>
      <trkpt lat="45.972940000" lon="4.580970000">
        <ele>535.000</ele>
      </trkpt>
      <trkpt lat="45.973030000" lon="4.580900000">
        <ele>535.000</ele>
      </trkpt>
      <trkpt lat="45.973140000" lon="4.580800000">
        <ele>535.000</ele>
      </trkpt>
      <trkpt lat="45.973300000" lon="4.580640000">
        <ele>535.000</ele>
      </trkpt>
      <trkpt lat="45.973390000" lon="4.580570000">
        <ele>535.000</ele>
      </trkpt>
      <trkpt lat="45.973470000" lon="4.580520000">
        <ele>535.000</ele>
      </trkpt>
      <trkpt lat="45.973570000" lon="4.580470000">
        <ele>535.000</ele>
      </trkpt>
      <trkpt lat="45.973660000" lon="4.580460000">
        <ele>536.000</ele>
      </trkpt>
      <trkpt lat="45.973750000" lon="4.580450000">
        <ele>536.000</ele>
      </trkpt>
      <trkpt lat="45.973830000" lon="4.580470000">
        <ele>536.000</ele>
      </trkpt>
      <trkpt lat="45.973940000" lon="4.580530000">
        <ele>537.000</ele>
      </trkpt>
      <trkpt lat="45.974020000" lon="4.580590000">
        <ele>537.000</ele>
      </trkpt>
      <trkpt lat="45.974120000" lon="4.580690000">
        <ele>538.000</ele>
      </trkpt>
      <trkpt lat="45.974340000" lon="4.580940000">
        <ele>539.000</ele>
      </trkpt>
      <trkpt lat="45.974430000" lon="4.581030000">
        <ele>540.000</ele>
      </trkpt>
      <trkpt lat="45.974540000" lon="4.581130000">
        <ele>541.000</ele>
      </trkpt>
      <trkpt lat="45.974700000" lon="4.581240000">
        <ele>542.000</ele>
      </trkpt>
      <trkpt lat="45.974990000" lon="4.581410000">
        <ele>543.000</ele>
      </trkpt>
      <trkpt lat="45.975210000" lon="4.581520000">
        <ele>544.000</ele>
      </trkpt>
      <trkpt lat="45.975430000" lon="4.581600000">
        <ele>544.000</ele>
      </trkpt>
      <trkpt lat="45.975600000" lon="4.581630000">
        <ele>545.000</ele>
      </trkpt>
      <trkpt lat="45.976050000" lon="4.581670000">
        <ele>545.000</ele>
      </trkpt>
      <trkpt lat="45.976280000" lon="4.581700000">
        <ele>545.000</ele>
      </trkpt>
      <trkpt lat="45.976450000" lon="4.581740000">
        <ele>545.000</ele>
      </trkpt>
      <trkpt lat="45.976710000" lon="4.581820000">
        <ele>545.000</ele>
      </trkpt>
      <trkpt lat="45.976940000" lon="4.581900000">
        <ele>545.000</ele>
      </trkpt>
      <trkpt lat="45.977070000" lon="4.581970000">
        <ele>546.000</ele>
      </trkpt>
      <trkpt lat="45.977290000" lon="4.582090000">
        <ele>546.000</ele>
      </trkpt>
      <trkpt lat="45.977420000" lon="4.582170000">
        <ele>546.000</ele>
      </trkpt>
      <trkpt lat="45.977520000" lon="4.582250000">
        <ele>547.000</ele>
      </trkpt>
      <trkpt lat="45.977630000" lon="4.582350000">
        <ele>547.000</ele>
      </trkpt>
      <trkpt lat="45.977770000" lon="4.582510000">
        <ele>547.000</ele>
      </trkpt>
      <trkpt lat="45.977890000" lon="4.582680000">
        <ele>548.000</ele>
      </trkpt>
      <trkpt lat="45.978000000" lon="4.582870000">
        <ele>548.000</ele>
      </trkpt>
      <trkpt lat="45.978090000" lon="4.583060000">
        <ele>549.000</ele>
      </trkpt>
      <trkpt lat="45.978100000" lon="4.583170000">
        <ele>549.000</ele>
      </trkpt>
      <trkpt lat="45.978100000" lon="4.583290000">
        <ele>549.000</ele>
      </trkpt>
      <trkpt lat="45.978110000" lon="4.583450000">
        <ele>550.000</ele>
      </trkpt>
      <trkpt lat="45.978210000" lon="4.583500000">
        <ele>550.000</ele>
      </trkpt>
      <trkpt lat="45.978220000" lon="4.584930000">
        <ele>548.000</ele>
      </trkpt>
      <trkpt lat="45.978240000" lon="4.585150000">
        <ele>547.000</ele>
      </trkpt>
      <trkpt lat="45.978270000" lon="4.585280000">
        <ele>545.000</ele>
      </trkpt>
      <trkpt lat="45.978320000" lon="4.585370000">
        <ele>544.000</ele>
      </trkpt>
      <trkpt lat="45.978370000" lon="4.585440000">
        <ele>544.000</ele>
      </trkpt>
      <trkpt lat="45.978500000" lon="4.585510000">
        <ele>543.000</ele>
      </trkpt>
      <trkpt lat="45.978620000" lon="4.585510000">
        <ele>542.000</ele>
      </trkpt>
      <trkpt lat="45.978960000" lon="4.585500000">
        <ele>541.000</ele>
      </trkpt>
      <trkpt lat="45.980140000" lon="4.585450000">
        <ele>537.000</ele>
      </trkpt>
      <trkpt lat="45.980390000" lon="4.585450000">
        <ele>534.000</ele>
      </trkpt>
      <trkpt lat="45.980630000" lon="4.585480000">
        <ele>531.000</ele>
      </trkpt>
      <trkpt lat="45.981050000" lon="4.585560000">
        <ele>528.000</ele>
      </trkpt>
      <trkpt lat="45.982450000" lon="4.585810000">
        <ele>525.000</ele>
      </trkpt>
      <trkpt lat="45.982640000" lon="4.585840000">
        <ele>522.000</ele>
      </trkpt>
      <trkpt lat="45.982840000" lon="4.585830000">
        <ele>520.000</ele>
      </trkpt>
      <trkpt lat="45.983270000" lon="4.585790000">
        <ele>517.000</ele>
      </trkpt>
      <trkpt lat="45.983570000" lon="4.585750000">
        <ele>515.000</ele>
      </trkpt>
      <trkpt lat="45.983660000" lon="4.585750000">
        <ele>514.000</ele>
      </trkpt>
      <trkpt lat="45.983720000" lon="4.585770000">
        <ele>512.000</ele>
      </trkpt>
      <trkpt lat="45.983760000" lon="4.585810000">
        <ele>511.000</ele>
      </trkpt>
      <trkpt lat="45.983780000" lon="4.585860000">
        <ele>511.000</ele>
      </trkpt>
      <trkpt lat="45.983810000" lon="4.585960000">
        <ele>510.000</ele>
      </trkpt>
      <trkpt lat="45.983810000" lon="4.586030000">
        <ele>510.000</ele>
      </trkpt>
      <trkpt lat="45.983780000" lon="4.586120000">
        <ele>509.000</ele>
      </trkpt>
      <trkpt lat="45.983750000" lon="4.586200000">
        <ele>509.000</ele>
      </trkpt>
      <trkpt lat="45.983660000" lon="4.586300000">
        <ele>508.000</ele>
      </trkpt>
      <trkpt lat="45.983490000" lon="4.586430000">
        <ele>507.000</ele>
      </trkpt>
      <trkpt lat="45.983340000" lon="4.586570000">
        <ele>506.000</ele>
      </trkpt>
      <trkpt lat="45.982090000" lon="4.587650000">
        <ele>503.000</ele>
      </trkpt>
      <trkpt lat="45.981990000" lon="4.587730000">
        <ele>500.000</ele>
      </trkpt>
      <trkpt lat="45.981320000" lon="4.588320000">
        <ele>496.000</ele>
      </trkpt>
      <trkpt lat="45.981150000" lon="4.588460000">
        <ele>493.000</ele>
      </trkpt>
      <trkpt lat="45.981050000" lon="4.588600000">
        <ele>490.000</ele>
      </trkpt>
      <trkpt lat="45.981000000" lon="4.588720000">
        <ele>488.000</ele>
      </trkpt>
      <trkpt lat="45.980980000" lon="4.588840000">
        <ele>486.000</ele>
      </trkpt>
      <trkpt lat="45.980970000" lon="4.588970000">
        <ele>485.000</ele>
      </trkpt>
      <trkpt lat="45.981000000" lon="4.589410000">
        <ele>483.000</ele>
      </trkpt>
      <trkpt lat="45.981020000" lon="4.589720000">
        <ele>481.000</ele>
      </trkpt>
      <trkpt lat="45.981000000" lon="4.589880000">
        <ele>480.000</ele>
      </trkpt>
      <trkpt lat="45.980960000" lon="4.590070000">
        <ele>479.000</ele>
      </trkpt>
      <trkpt lat="45.980840000" lon="4.590430000">
        <ele>478.000</ele>
      </trkpt>
      <trkpt lat="45.980630000" lon="4.590920000">
        <ele>476.000</ele>
      </trkpt>
      <trkpt lat="45.980390000" lon="4.591310000">
        <ele>474.000</ele>
      </trkpt>
      <trkpt lat="45.980280000" lon="4.591470000">
        <ele>473.000</ele>
      </trkpt>
      <trkpt lat="45.980170000" lon="4.591580000">
        <ele>472.000</ele>
      </trkpt>
      <trkpt lat="45.979950000" lon="4.591750000">
        <ele>470.000</ele>
      </trkpt>
      <trkpt lat="45.979790000" lon="4.591860000">
        <ele>469.000</ele>
      </trkpt>
      <trkpt lat="45.979710000" lon="4.591970000">
        <ele>468.000</ele>
      </trkpt>
      <trkpt lat="45.979660000" lon="4.592080000">
        <ele>467.000</ele>
      </trkpt>
      <trkpt lat="45.979630000" lon="4.592240000">
        <ele>467.000</ele>
      </trkpt>
      <trkpt lat="45.979610000" lon="4.592480000">
        <ele>466.000</ele>
      </trkpt>
      <trkpt lat="45.979620000" lon="4.592640000">
        <ele>465.000</ele>
      </trkpt>
      <trkpt lat="45.979640000" lon="4.592740000">
        <ele>464.000</ele>
      </trkpt>
      <trkpt lat="45.979710000" lon="4.593060000">
        <ele>464.000</ele>
      </trkpt>
      <trkpt lat="45.979830000" lon="4.593580000">
        <ele>463.000</ele>
      </trkpt>
      <trkpt lat="45.979850000" lon="4.593790000">
        <ele>462.000</ele>
      </trkpt>
      <trkpt lat="45.979860000" lon="4.593940000">
        <ele>461.000</ele>
      </trkpt>
      <trkpt lat="45.979830000" lon="4.594100000">
        <ele>460.000</ele>
      </trkpt>
      <trkpt lat="45.979790000" lon="4.594220000">
        <ele>459.000</ele>
      </trkpt>
      <trkpt lat="45.979730000" lon="4.594350000">
        <ele>459.000</ele>
      </trkpt>
      <trkpt lat="45.979600000" lon="4.594580000">
        <ele>458.000</ele>
      </trkpt>
      <trkpt lat="45.979530000" lon="4.594730000">
        <ele>457.000</ele>
      </trkpt>
      <trkpt lat="45.979480000" lon="4.594910000">
        <ele>456.000</ele>
      </trkpt>
      <trkpt lat="45.979450000" lon="4.595140000">
        <ele>456.000</ele>
      </trkpt>
      <trkpt lat="45.979430000" lon="4.595410000">
        <ele>455.000</ele>
      </trkpt>
      <trkpt lat="45.979360000" lon="4.595670000">
        <ele>454.000</ele>
      </trkpt>
      <trkpt lat="45.979310000" lon="4.595780000">
        <ele>453.000</ele>
      </trkpt>
      <trkpt lat="45.979240000" lon="4.595900000">
        <ele>452.000</ele>
      </trkpt>
      <trkpt lat="45.979120000" lon="4.595990000">
        <ele>452.000</ele>
      </trkpt>
      <trkpt lat="45.979020000" lon="4.596040000">
        <ele>451.000</ele>
      </trkpt>
      <trkpt lat="45.978780000" lon="4.596110000">
        <ele>450.000</ele>
      </trkpt>
      <trkpt lat="45.978680000" lon="4.596150000">
        <ele>449.000</ele>
      </trkpt>
      <trkpt lat="45.978600000" lon="4.596190000">
        <ele>449.000</ele>
      </trkpt>
      <trkpt lat="45.978470000" lon="4.596280000">
        <ele>448.000</ele>
      </trkpt>
      <trkpt lat="45.978310000" lon="4.596420000">
        <ele>446.000</ele>
      </trkpt>
      <trkpt lat="45.978190000" lon="4.596560000">
        <ele>445.000</ele>
      </trkpt>
      <trkpt lat="45.978080000" lon="4.596720000">
        <ele>444.000</ele>
      </trkpt>
      <trkpt lat="45.978000000" lon="4.596880000">
        <ele>443.000</ele>
      </trkpt>
      <trkpt lat="45.977950000" lon="4.597050000">
        <ele>442.000</ele>
      </trkpt>
      <trkpt lat="45.977900000" lon="4.597210000">
        <ele>441.000</ele>
      </trkpt>
      <trkpt lat="45.977870000" lon="4.597310000">
        <ele>440.000</ele>
      </trkpt>
      <trkpt lat="45.977840000" lon="4.597540000">
        <ele>439.000</ele>
      </trkpt>
      <trkpt lat="45.977810000" lon="4.597810000">
        <ele>437.000</ele>
      </trkpt>
      <trkpt lat="45.977720000" lon="4.598590000">
        <ele>435.000</ele>
      </trkpt>
      <trkpt lat="45.977490000" lon="4.600340000">
        <ele>431.000</ele>
      </trkpt>
      <trkpt lat="45.977420000" lon="4.600760000">
        <ele>427.000</ele>
      </trkpt>
      <trkpt lat="45.977290000" lon="4.601250000">
        <ele>424.000</ele>
      </trkpt>
      <trkpt lat="45.976360000" lon="4.604240000">
        <ele>419.000</ele>
      </trkpt>
      <trkpt lat="45.976240000" lon="4.604560000">
        <ele>416.000</ele>
      </trkpt>
      <trkpt lat="45.976020000" lon="4.605010000">
        <ele>413.000</ele>
      </trkpt>
      <trkpt lat="45.975620000" lon="4.605800000">
        <ele>410.000</ele>
      </trkpt>
      <trkpt lat="45.975440000" lon="4.606150000">
        <ele>408.000</ele>
      </trkpt>
      <trkpt lat="45.975380000" lon="4.606270000">
        <ele>406.000</ele>
      </trkpt>
      <trkpt lat="45.975020000" lon="4.606950000">
        <ele>404.000</ele>
      </trkpt>
      <trkpt lat="45.975070000" lon="4.607020000">
        <ele>403.000</ele>
      </trkpt>
      <trkpt lat="45.975120000" lon="4.607070000">
        <ele>402.000</ele>
      </trkpt>
      <trkpt lat="45.975160000" lon="4.607080000">
        <ele>401.000</ele>
      </trkpt>
      <trkpt lat="45.975230000" lon="4.607080000">
        <ele>401.000</ele>
      </trkpt>
      <trkpt lat="45.975400000" lon="4.607050000">
        <ele>400.000</ele>
      </trkpt>
      <trkpt lat="45.975590000" lon="4.607000000">
        <ele>400.000</ele>
      </trkpt>
      <trkpt lat="45.975720000" lon="4.606950000">
        <ele>399.000</ele>
      </trkpt>
      <trkpt lat="45.975800000" lon="4.606910000">
        <ele>399.000</ele>
      </trkpt>
      <trkpt lat="45.975860000" lon="4.606880000">
        <ele>398.000</ele>
      </trkpt>
      <trkpt lat="45.976050000" lon="4.606760000">
        <ele>398.000</ele>
      </trkpt>
      <trkpt lat="45.976190000" lon="4.606630000">
        <ele>398.000</ele>
      </trkpt>
      <trkpt lat="45.976400000" lon="4.606420000">
        <ele>397.000</ele>
      </trkpt>
      <trkpt lat="45.976550000" lon="4.606230000">
        <ele>396.000</ele>
      </trkpt>
      <trkpt lat="45.976710000" lon="4.605940000">
        <ele>396.000</ele>
      </trkpt>
      <trkpt lat="45.977160000" lon="4.605130000">
        <ele>395.000</ele>
      </trkpt>
      <trkpt lat="45.977390000" lon="4.604680000">
        <ele>395.000</ele>
      </trkpt>
      <trkpt lat="45.977600000" lon="4.604230000">
        <ele>394.000</ele>
      </trkpt>
      <trkpt lat="45.977780000" lon="4.603820000">
        <ele>394.000</ele>
      </trkpt>
      <trkpt lat="45.977960000" lon="4.603420000">
        <ele>393.000</ele>
      </trkpt>
      <trkpt lat="45.978100000" lon="4.603060000">
        <ele>393.000</ele>
      </trkpt>
      <trkpt lat="45.978380000" lon="4.602200000">
        <ele>391.000</ele>
      </trkpt>
      <trkpt lat="45.978450000" lon="4.602020000">
        <ele>390.000</ele>
      </trkpt>
      <trkpt lat="45.978540000" lon="4.601880000">
        <ele>389.000</ele>
      </trkpt>
      <trkpt lat="45.978930000" lon="4.601330000">
        <ele>387.000</ele>
      </trkpt>
      <trkpt lat="45.979130000" lon="4.601010000">
        <ele>386.000</ele>
      </trkpt>
      <trkpt lat="45.979210000" lon="4.600850000">
        <ele>384.000</ele>
      </trkpt>
      <trkpt lat="45.979290000" lon="4.600690000">
        <ele>383.000</ele>
      </trkpt>
      <trkpt lat="45.979350000" lon="4.600510000">
        <ele>382.000</ele>
      </trkpt>
      <trkpt lat="45.979410000" lon="4.600330000">
        <ele>381.000</ele>
      </trkpt>
      <trkpt lat="45.979450000" lon="4.600110000">
        <ele>380.000</ele>
      </trkpt>
      <trkpt lat="45.979470000" lon="4.599940000">
        <ele>379.000</ele>
      </trkpt>
      <trkpt lat="45.979500000" lon="4.599830000">
        <ele>378.000</ele>
      </trkpt>
      <trkpt lat="45.979540000" lon="4.599730000">
        <ele>378.000</ele>
      </trkpt>
      <trkpt lat="45.979610000" lon="4.599670000">
        <ele>377.000</ele>
      </trkpt>
      <trkpt lat="45.979730000" lon="4.599640000">
        <ele>376.000</ele>
      </trkpt>
      <trkpt lat="45.980010000" lon="4.599630000">
        <ele>375.000</ele>
      </trkpt>
      <trkpt lat="45.980130000" lon="4.599630000">
        <ele>374.000</ele>
      </trkpt>
      <trkpt lat="45.980260000" lon="4.599560000">
        <ele>374.000</ele>
      </trkpt>
      <trkpt lat="45.980940000" lon="4.598470000">
        <ele>372.000</ele>
      </trkpt>
      <trkpt lat="45.981110000" lon="4.598260000">
        <ele>371.000</ele>
      </trkpt>
      <trkpt lat="45.981250000" lon="4.598190000">
        <ele>370.000</ele>
      </trkpt>
      <trkpt lat="45.981380000" lon="4.598190000">
        <ele>369.000</ele>
      </trkpt>
      <trkpt lat="45.981450000" lon="4.598280000">
        <ele>369.000</ele>
      </trkpt>
      <trkpt lat="45.981480000" lon="4.598330000">
        <ele>368.000</ele>
      </trkpt>
      <trkpt lat="45.981500000" lon="4.598400000">
        <ele>368.000</ele>
      </trkpt>
      <trkpt lat="45.981520000" lon="4.598470000">
        <ele>368.000</ele>
      </trkpt>
      <trkpt lat="45.981520000" lon="4.598510000">
        <ele>368.000</ele>
      </trkpt>
      <trkpt lat="45.981520000" lon="4.598700000">
        <ele>368.000</ele>
      </trkpt>
      <trkpt lat="45.981120000" lon="4.599890000">
        <ele>367.000</ele>
      </trkpt>
      <trkpt lat="45.980680000" lon="4.601740000">
        <ele>367.000</ele>
      </trkpt>
      <trkpt lat="45.980420000" lon="4.603300000">
        <ele>368.000</ele>
      </trkpt>
      <trkpt lat="45.980390000" lon="4.603600000">
        <ele>370.000</ele>
      </trkpt>
      <trkpt lat="45.980390000" lon="4.603600000">
        <ele>371.000</ele>
      </trkpt>
      <trkpt lat="45.980350000" lon="4.604170000">
        <ele>372.000</ele>
      </trkpt>
      <trkpt lat="45.980350000" lon="4.604390000">
        <ele>373.000</ele>
      </trkpt>
      <trkpt lat="45.980360000" lon="4.604500000">
        <ele>373.000</ele>
      </trkpt>
      <trkpt lat="45.980390000" lon="4.604620000">
        <ele>374.000</ele>
      </trkpt>
      <trkpt lat="45.980440000" lon="4.604720000">
        <ele>374.000</ele>
      </trkpt>
      <trkpt lat="45.980580000" lon="4.604920000">
        <ele>374.000</ele>
      </trkpt>
      <trkpt lat="45.981060000" lon="4.605560000">
        <ele>375.000</ele>
      </trkpt>
      <trkpt lat="45.981110000" lon="4.605600000">
        <ele>375.000</ele>
      </trkpt>
      <trkpt lat="45.981260000" lon="4.605720000">
        <ele>375.000</ele>
      </trkpt>
      <trkpt lat="45.981390000" lon="4.605790000">
        <ele>375.000</ele>
      </trkpt>
      <trkpt lat="45.981470000" lon="4.605870000">
        <ele>375.000</ele>
      </trkpt>
      <trkpt lat="45.981520000" lon="4.605940000">
        <ele>375.000</ele>
      </trkpt>
      <trkpt lat="45.981530000" lon="4.605990000">
        <ele>375.000</ele>
      </trkpt>
      <trkpt lat="45.981550000" lon="4.606070000">
        <ele>375.000</ele>
      </trkpt>
      <trkpt lat="45.981540000" lon="4.606170000">
        <ele>375.000</ele>
      </trkpt>
      <trkpt lat="45.981520000" lon="4.606230000">
        <ele>375.000</ele>
      </trkpt>
      <trkpt lat="45.981490000" lon="4.606300000">
        <ele>375.000</ele>
      </trkpt>
      <trkpt lat="45.981410000" lon="4.606370000">
        <ele>375.000</ele>
      </trkpt>
      <trkpt lat="45.981280000" lon="4.606450000">
        <ele>375.000</ele>
      </trkpt>
      <trkpt lat="45.981160000" lon="4.606540000">
        <ele>375.000</ele>
      </trkpt>
      <trkpt lat="45.981050000" lon="4.606650000">
        <ele>374.000</ele>
      </trkpt>
      <trkpt lat="45.980770000" lon="4.607010000">
        <ele>374.000</ele>
      </trkpt>
      <trkpt lat="45.980470000" lon="4.607380000">
        <ele>373.000</ele>
      </trkpt>
      <trkpt lat="45.980330000" lon="4.607570000">
        <ele>372.000</ele>
      </trkpt>
      <trkpt lat="45.980270000" lon="4.607710000">
        <ele>371.000</ele>
      </trkpt>
      <trkpt lat="45.980270000" lon="4.607810000">
        <ele>371.000</ele>
      </trkpt>
      <trkpt lat="45.980270000" lon="4.607920000">
        <ele>370.000</ele>
      </trkpt>
      <trkpt lat="45.980290000" lon="4.608000000">
        <ele>370.000</ele>
      </trkpt>
      <trkpt lat="45.980310000" lon="4.608050000">
        <ele>370.000</ele>
      </trkpt>
      <trkpt lat="45.980370000" lon="4.608130000">
        <ele>370.000</ele>
      </trkpt>
      <trkpt lat="45.980450000" lon="4.608180000">
        <ele>371.000</ele>
      </trkpt>
      <trkpt lat="45.980510000" lon="4.608210000">
        <ele>371.000</ele>
      </trkpt>
      <trkpt lat="45.980570000" lon="4.608260000">
        <ele>371.000</ele>
      </trkpt>
      <trkpt lat="45.980610000" lon="4.608320000">
        <ele>372.000</ele>
      </trkpt>
      <trkpt lat="45.980630000" lon="4.608380000">
        <ele>372.000</ele>
      </trkpt>
      <trkpt lat="45.980640000" lon="4.608480000">
        <ele>373.000</ele>
      </trkpt>
      <trkpt lat="45.980640000" lon="4.608600000">
        <ele>373.000</ele>
      </trkpt>
      <trkpt lat="45.980630000" lon="4.608710000">
        <ele>373.000</ele>
      </trkpt>
      <trkpt lat="45.980460000" lon="4.609790000">
        <ele>375.000</ele>
      </trkpt>
      <trkpt lat="45.980400000" lon="4.610140000">
        <ele>377.000</ele>
      </trkpt>
      <trkpt lat="45.980400000" lon="4.610230000">
        <ele>379.000</ele>
      </trkpt>
      <trkpt lat="45.980400000" lon="4.610330000">
        <ele>380.000</ele>
      </trkpt>
      <trkpt lat="45.980430000" lon="4.610620000">
        <ele>380.000</ele>
      </trkpt>
      <trkpt lat="45.980620000" lon="4.612640000">
        <ele>377.000</ele>
      </trkpt>
      <trkpt lat="45.980640000" lon="4.612810000">
        <ele>375.000</ele>
      </trkpt>
      <trkpt lat="45.980670000" lon="4.612900000">
        <ele>374.000</ele>
      </trkpt>
      <trkpt lat="45.980720000" lon="4.612960000">
        <ele>373.000</ele>
      </trkpt>
      <trkpt lat="45.980800000" lon="4.613010000">
        <ele>373.000</ele>
      </trkpt>
      <trkpt lat="45.981090000" lon="4.613070000">
        <ele>372.000</ele>
      </trkpt>
      <trkpt lat="45.982030000" lon="4.613290000">
        <ele>372.000</ele>
      </trkpt>
      <trkpt lat="45.982160000" lon="4.613320000">
        <ele>371.000</ele>
      </trkpt>
      <trkpt lat="45.982250000" lon="4.613360000">
        <ele>371.000</ele>
      </trkpt>
      <trkpt lat="45.982320000" lon="4.613420000">
        <ele>371.000</ele>
      </trkpt>
      <trkpt lat="45.982370000" lon="4.613490000">
        <ele>371.000</ele>
      </trkpt>
      <trkpt lat="45.982410000" lon="4.613570000">
        <ele>371.000</ele>
      </trkpt>
      <trkpt lat="45.982440000" lon="4.613650000">
        <ele>370.000</ele>
      </trkpt>
      <trkpt lat="45.982440000" lon="4.613750000">
        <ele>370.000</ele>
      </trkpt>
      <trkpt lat="45.982440000" lon="4.613820000">
        <ele>370.000</ele>
      </trkpt>
      <trkpt lat="45.982400000" lon="4.613980000">
        <ele>370.000</ele>
      </trkpt>
      <trkpt lat="45.982330000" lon="4.614120000">
        <ele>369.000</ele>
      </trkpt>
      <trkpt lat="45.982270000" lon="4.614190000">
        <ele>369.000</ele>
      </trkpt>
      <trkpt lat="45.982210000" lon="4.614230000">
        <ele>368.000</ele>
      </trkpt>
      <trkpt lat="45.982100000" lon="4.614270000">
        <ele>368.000</ele>
      </trkpt>
      <trkpt lat="45.981960000" lon="4.614300000">
        <ele>368.000</ele>
      </trkpt>
      <trkpt lat="45.981840000" lon="4.614340000">
        <ele>367.000</ele>
      </trkpt>
      <trkpt lat="45.981720000" lon="4.614410000">
        <ele>367.000</ele>
      </trkpt>
      <trkpt lat="45.981610000" lon="4.614500000">
        <ele>366.000</ele>
      </trkpt>
      <trkpt lat="45.981520000" lon="4.614600000">
        <ele>366.000</ele>
      </trkpt>
      <trkpt lat="45.981330000" lon="4.614900000">
        <ele>365.000</ele>
      </trkpt>
      <trkpt lat="45.980950000" lon="4.615600000">
        <ele>363.000</ele>
      </trkpt>
      <trkpt lat="45.980810000" lon="4.615900000">
        <ele>363.000</ele>
      </trkpt>
      <trkpt lat="45.980690000" lon="4.616230000">
        <ele>362.000</ele>
      </trkpt>
      <trkpt lat="45.980620000" lon="4.616490000">
        <ele>362.000</ele>
      </trkpt>
      <trkpt lat="45.980570000" lon="4.616810000">
        <ele>362.000</ele>
      </trkpt>
      <trkpt lat="45.980550000" lon="4.617040000">
        <ele>362.000</ele>
      </trkpt>
      <trkpt lat="45.980560000" lon="4.617320000">
        <ele>362.000</ele>
      </trkpt>
      <trkpt lat="45.980590000" lon="4.617580000">
        <ele>362.000</ele>
      </trkpt>
      <trkpt lat="45.980630000" lon="4.617770000">
        <ele>363.000</ele>
      </trkpt>
      <trkpt lat="45.980710000" lon="4.618000000">
        <ele>363.000</ele>
      </trkpt>
      <trkpt lat="45.980800000" lon="4.618200000">
        <ele>363.000</ele>
      </trkpt>
      <trkpt lat="45.981520000" lon="4.619280000">
        <ele>362.000</ele>
      </trkpt>
      <trkpt lat="45.981990000" lon="4.620010000">
        <ele>362.000</ele>
      </trkpt>
      <trkpt lat="45.982080000" lon="4.620120000">
        <ele>361.000</ele>
      </trkpt>
      <trkpt lat="45.982170000" lon="4.620220000">
        <ele>360.000</ele>
      </trkpt>
      <trkpt lat="45.982300000" lon="4.620340000">
        <ele>360.000</ele>
      </trkpt>
      <trkpt lat="45.982600000" lon="4.620560000">
        <ele>360.000</ele>
      </trkpt>
      <trkpt lat="45.982710000" lon="4.620660000">
        <ele>360.000</ele>
      </trkpt>
      <trkpt lat="45.982800000" lon="4.620790000">
        <ele>360.000</ele>
      </trkpt>
      <trkpt lat="45.982860000" lon="4.620930000">
        <ele>360.000</ele>
      </trkpt>
      <trkpt lat="45.982890000" lon="4.621080000">
        <ele>360.000</ele>
      </trkpt>
      <trkpt lat="45.982910000" lon="4.621200000">
        <ele>360.000</ele>
      </trkpt>
      <trkpt lat="45.982910000" lon="4.621300000">
        <ele>360.000</ele>
      </trkpt>
      <trkpt lat="45.983020000" lon="4.622630000">
        <ele>360.000</ele>
      </trkpt>
      <trkpt lat="45.983050000" lon="4.622890000">
        <ele>360.000</ele>
      </trkpt>
      <trkpt lat="45.983090000" lon="4.623070000">
        <ele>360.000</ele>
      </trkpt>
      <trkpt lat="45.983170000" lon="4.623280000">
        <ele>360.000</ele>
      </trkpt>
      <trkpt lat="45.983400000" lon="4.623770000">
        <ele>360.000</ele>
      </trkpt>
      <trkpt lat="45.983480000" lon="4.623880000">
        <ele>360.000</ele>
      </trkpt>
      <trkpt lat="45.983600000" lon="4.624050000">
        <ele>360.000</ele>
      </trkpt>
      <trkpt lat="45.983720000" lon="4.624260000">
        <ele>360.000</ele>
      </trkpt>
      <trkpt lat="45.984140000" lon="4.624840000">
        <ele>360.000</ele>
      </trkpt>
      <trkpt lat="45.984440000" lon="4.625130000">
        <ele>360.000</ele>
      </trkpt>
      <trkpt lat="45.984540000" lon="4.625190000">
        <ele>359.000</ele>
      </trkpt>
      <trkpt lat="45.984650000" lon="4.625230000">
        <ele>359.000</ele>
      </trkpt>
      <trkpt lat="45.984720000" lon="4.625250000">
        <ele>358.000</ele>
      </trkpt>
      <trkpt lat="45.984820000" lon="4.625260000">
        <ele>357.000</ele>
      </trkpt>
      <trkpt lat="45.984930000" lon="4.625250000">
        <ele>357.000</ele>
      </trkpt>
      <trkpt lat="45.985050000" lon="4.625220000">
        <ele>356.000</ele>
      </trkpt>
      <trkpt lat="45.985190000" lon="4.625180000">
        <ele>355.000</ele>
      </trkpt>
      <trkpt lat="45.986160000" lon="4.624940000">
        <ele>353.000</ele>
      </trkpt>
      <trkpt lat="45.986880000" lon="4.624810000">
        <ele>352.000</ele>
      </trkpt>
      <trkpt lat="45.987010000" lon="4.624790000">
        <ele>351.000</ele>
      </trkpt>
      <trkpt lat="45.987230000" lon="4.624780000">
        <ele>350.000</ele>
      </trkpt>
      <trkpt lat="45.987430000" lon="4.624800000">
        <ele>350.000</ele>
      </trkpt>
      <trkpt lat="45.987590000" lon="4.624800000">
        <ele>350.000</ele>
      </trkpt>
      <trkpt lat="45.987640000" lon="4.624800000">
        <ele>350.000</ele>
      </trkpt>
      <trkpt lat="45.987710000" lon="4.624810000">
        <ele>349.000</ele>
      </trkpt>
      <trkpt lat="45.988090000" lon="4.624880000">
        <ele>349.000</ele>
      </trkpt>
      <trkpt lat="45.988110000" lon="4.624880000">
        <ele>350.000</ele>
      </trkpt>
      <trkpt lat="45.988270000" lon="4.624930000">
        <ele>350.000</ele>
      </trkpt>
      <trkpt lat="45.988790000" lon="4.625210000">
        <ele>351.000</ele>
      </trkpt>
      <trkpt lat="45.990120000" lon="4.625940000">
        <ele>356.000</ele>
      </trkpt>
      <trkpt lat="45.990260000" lon="4.626000000">
        <ele>359.000</ele>
      </trkpt>
      <trkpt lat="45.990330000" lon="4.626040000">
        <ele>361.000</ele>
      </trkpt>
      <trkpt lat="45.990480000" lon="4.626050000">
        <ele>363.000</ele>
      </trkpt>
      <trkpt lat="45.990650000" lon="4.626030000">
        <ele>364.000</ele>
      </trkpt>
      <trkpt lat="45.990750000" lon="4.625990000">
        <ele>365.000</ele>
      </trkpt>
      <trkpt lat="45.991330000" lon="4.625550000">
        <ele>367.000</ele>
      </trkpt>
      <trkpt lat="45.991430000" lon="4.625430000">
        <ele>368.000</ele>
      </trkpt>
      <trkpt lat="45.991500000" lon="4.625280000">
        <ele>369.000</ele>
      </trkpt>
      <trkpt lat="45.991730000" lon="4.624700000">
        <ele>370.000</ele>
      </trkpt>
      <trkpt lat="45.991760000" lon="4.624620000">
        <ele>371.000</ele>
      </trkpt>
      <trkpt lat="45.991880000" lon="4.624510000">
        <ele>371.000</ele>
      </trkpt>
      <trkpt lat="45.991950000" lon="4.624470000">
        <ele>371.000</ele>
      </trkpt>
      <trkpt lat="45.992050000" lon="4.624440000">
        <ele>371.000</ele>
      </trkpt>
      <trkpt lat="45.992330000" lon="4.624390000">
        <ele>371.000</ele>
      </trkpt>
      <trkpt lat="45.992380000" lon="4.624350000">
        <ele>371.000</ele>
      </trkpt>
      <trkpt lat="45.992380000" lon="4.624350000">
        <ele>371.000</ele>
      </trkpt>
      <trkpt lat="45.992490000" lon="4.624290000">
        <ele>370.000</ele>
      </trkpt>
      <trkpt lat="45.992650000" lon="4.624160000">
        <ele>370.000</ele>
      </trkpt>
      <trkpt lat="45.992880000" lon="4.623960000">
        <ele>369.000</ele>
      </trkpt>
      <trkpt lat="45.993030000" lon="4.623850000">
        <ele>369.000</ele>
      </trkpt>
      <trkpt lat="45.993190000" lon="4.623750000">
        <ele>368.000</ele>
      </trkpt>
      <trkpt lat="45.993290000" lon="4.623730000">
        <ele>368.000</ele>
      </trkpt>
      <trkpt lat="45.993420000" lon="4.623740000">
        <ele>367.000</ele>
      </trkpt>
      <trkpt lat="45.993810000" lon="4.623830000">
        <ele>367.000</ele>
      </trkpt>
      <trkpt lat="45.993930000" lon="4.623840000">
        <ele>366.000</ele>
      </trkpt>
      <trkpt lat="45.994090000" lon="4.623830000">
        <ele>366.000</ele>
      </trkpt>
      <trkpt lat="45.994310000" lon="4.623770000">
        <ele>365.000</ele>
      </trkpt>
      <trkpt lat="45.994460000" lon="4.623760000">
        <ele>365.000</ele>
      </trkpt>
      <trkpt lat="45.994680000" lon="4.623780000">
        <ele>365.000</ele>
      </trkpt>
      <trkpt lat="45.994930000" lon="4.623910000">
        <ele>364.000</ele>
      </trkpt>
      <trkpt lat="45.996010000" lon="4.624520000">
        <ele>363.000</ele>
      </trkpt>
      <trkpt lat="45.996150000" lon="4.624580000">
        <ele>362.000</ele>
      </trkpt>
      <trkpt lat="45.996280000" lon="4.624620000">
        <ele>361.000</ele>
      </trkpt>
      <trkpt lat="45.996440000" lon="4.624620000">
        <ele>360.000</ele>
      </trkpt>
      <trkpt lat="45.996570000" lon="4.624620000">
        <ele>359.000</ele>
      </trkpt>
      <trkpt lat="45.996840000" lon="4.624610000">
        <ele>358.000</ele>
      </trkpt>
      <trkpt lat="45.997240000" lon="4.624600000">
        <ele>356.000</ele>
      </trkpt>
      <trkpt lat="45.997380000" lon="4.624590000">
        <ele>354.000</ele>
      </trkpt>
      <trkpt lat="45.997520000" lon="4.624590000">
        <ele>353.000</ele>
      </trkpt>
      <trkpt lat="45.997590000" lon="4.624600000">
        <ele>352.000</ele>
      </trkpt>
      <trkpt lat="45.997640000" lon="4.624620000">
        <ele>351.000</ele>
      </trkpt>
      <trkpt lat="45.997650000" lon="4.624620000">
        <ele>351.000</ele>
      </trkpt>
      <trkpt lat="45.997720000" lon="4.624660000">
        <ele>350.000</ele>
      </trkpt>
      <trkpt lat="45.997780000" lon="4.624700000">
        <ele>350.000</ele>
      </trkpt>
      <trkpt lat="45.997830000" lon="4.624750000">
        <ele>349.000</ele>
      </trkpt>
      <trkpt lat="45.997940000" lon="4.624870000">
        <ele>349.000</ele>
      </trkpt>
      <trkpt lat="45.998150000" lon="4.625110000">
        <ele>348.000</ele>
      </trkpt>
      <trkpt lat="45.998310000" lon="4.625300000">
        <ele>347.000</ele>
      </trkpt>
      <trkpt lat="45.998430000" lon="4.625450000">
        <ele>347.000</ele>
      </trkpt>
      <trkpt lat="45.998480000" lon="4.625530000">
        <ele>346.000</ele>
      </trkpt>
      <trkpt lat="45.998500000" lon="4.625570000">
        <ele>346.000</ele>
      </trkpt>
      <trkpt lat="45.998510000" lon="4.625620000">
        <ele>345.000</ele>
      </trkpt>
      <trkpt lat="45.998520000" lon="4.625670000">
        <ele>345.000</ele>
      </trkpt>
      <trkpt lat="45.998520000" lon="4.625720000">
        <ele>345.000</ele>
      </trkpt>
      <trkpt lat="45.998520000" lon="4.625770000">
        <ele>344.000</ele>
      </trkpt>
      <trkpt lat="45.998500000" lon="4.625820000">
        <ele>344.000</ele>
      </trkpt>
      <trkpt lat="45.998480000" lon="4.625870000">
        <ele>344.000</ele>
      </trkpt>
      <trkpt lat="45.998460000" lon="4.625900000">
        <ele>344.000</ele>
      </trkpt>
      <trkpt lat="45.998430000" lon="4.625940000">
        <ele>344.000</ele>
      </trkpt>
      <trkpt lat="45.998400000" lon="4.625960000">
        <ele>344.000</ele>
      </trkpt>
      <trkpt lat="45.998340000" lon="4.625990000">
        <ele>343.000</ele>
      </trkpt>
      <trkpt lat="45.998270000" lon="4.626010000">
        <ele>343.000</ele>
      </trkpt>
      <trkpt lat="45.998200000" lon="4.626010000">
        <ele>343.000</ele>
      </trkpt>
      <trkpt lat="45.998130000" lon="4.626030000">
        <ele>343.000</ele>
      </trkpt>
      <trkpt lat="45.998070000" lon="4.626080000">
        <ele>342.000</ele>
      </trkpt>
      <trkpt lat="45.998010000" lon="4.626150000">
        <ele>342.000</ele>
      </trkpt>
      <trkpt lat="45.997980000" lon="4.626240000">
        <ele>342.000</ele>
      </trkpt>
      <trkpt lat="45.997970000" lon="4.626330000">
        <ele>341.000</ele>
      </trkpt>
      <trkpt lat="45.997980000" lon="4.626430000">
        <ele>341.000</ele>
      </trkpt>
      <trkpt lat="45.998000000" lon="4.626530000">
        <ele>341.000</ele>
      </trkpt>
      <trkpt lat="45.998170000" lon="4.626860000">
        <ele>340.000</ele>
      </trkpt>
      <trkpt lat="45.998210000" lon="4.626920000">
        <ele>339.000</ele>
      </trkpt>
      <trkpt lat="45.998250000" lon="4.626950000">
        <ele>338.000</ele>
      </trkpt>
      <trkpt lat="45.998270000" lon="4.626950000">
        <ele>337.000</ele>
      </trkpt>
      <trkpt lat="45.998310000" lon="4.626960000">
        <ele>337.000</ele>
      </trkpt>
      <trkpt lat="45.998340000" lon="4.626960000">
        <ele>337.000</ele>
      </trkpt>
      <trkpt lat="45.998400000" lon="4.626930000">
        <ele>336.000</ele>
      </trkpt>
      <trkpt lat="45.998420000" lon="4.626900000">
        <ele>336.000</ele>
      </trkpt>
      <trkpt lat="45.998450000" lon="4.626860000">
        <ele>335.000</ele>
      </trkpt>
      <trkpt lat="45.998480000" lon="4.626790000">
        <ele>335.000</ele>
      </trkpt>
      <trkpt lat="45.998490000" lon="4.626700000">
        <ele>335.000</ele>
      </trkpt>
      <trkpt lat="45.998500000" lon="4.626610000">
        <ele>334.000</ele>
      </trkpt>
      <trkpt lat="45.998520000" lon="4.626520000">
        <ele>334.000</ele>
      </trkpt>
      <trkpt lat="45.998540000" lon="4.626430000">
        <ele>333.000</ele>
      </trkpt>
      <trkpt lat="45.998580000" lon="4.626360000">
        <ele>333.000</ele>
      </trkpt>
      <trkpt lat="45.998630000" lon="4.626310000">
        <ele>332.000</ele>
      </trkpt>
      <trkpt lat="45.998690000" lon="4.626290000">
        <ele>331.000</ele>
      </trkpt>
      <trkpt lat="45.998730000" lon="4.626290000">
        <ele>331.000</ele>
      </trkpt>
      <trkpt lat="45.998760000" lon="4.626300000">
        <ele>331.000</ele>
      </trkpt>
      <trkpt lat="45.998880000" lon="4.626360000">
        <ele>330.000</ele>
      </trkpt>
      <trkpt lat="45.998870000" lon="4.626380000">
        <ele>329.000</ele>
      </trkpt>
      <trkpt lat="45.998860000" lon="4.626430000">
        <ele>329.000</ele>
      </trkpt>
      <trkpt lat="45.998860000" lon="4.626470000">
        <ele>329.000</ele>
      </trkpt>
      <trkpt lat="45.998880000" lon="4.626510000">
        <ele>328.000</ele>
      </trkpt>
      <trkpt lat="45.998900000" lon="4.626540000">
        <ele>328.000</ele>
      </trkpt>
      <trkpt lat="45.998910000" lon="4.626550000">
        <ele>328.000</ele>
      </trkpt>
      <trkpt lat="45.998890000" lon="4.626610000">
        <ele>328.000</ele>
      </trkpt>
      <trkpt lat="45.998810000" lon="4.626820000">
        <ele>327.000</ele>
      </trkpt>
      <trkpt lat="45.998760000" lon="4.626990000">
        <ele>326.000</ele>
      </trkpt>
      <trkpt lat="45.998730000" lon="4.627170000">
        <ele>325.000</ele>
      </trkpt>
      <trkpt lat="45.998740000" lon="4.627370000">
        <ele>325.000</ele>
      </trkpt>
      <trkpt lat="45.998780000" lon="4.628130000">
        <ele>324.000</ele>
      </trkpt>
      <trkpt lat="45.998780000" lon="4.628400000">
        <ele>323.000</ele>
      </trkpt>
      <trkpt lat="45.998780000" lon="4.628640000">
        <ele>323.000</ele>
      </trkpt>
      <trkpt lat="45.998770000" lon="4.628850000">
        <ele>322.000</ele>
      </trkpt>
      <trkpt lat="45.998760000" lon="4.629040000">
        <ele>322.000</ele>
      </trkpt>
      <trkpt lat="45.998740000" lon="4.629210000">
        <ele>321.000</ele>
      </trkpt>
      <trkpt lat="45.998720000" lon="4.629370000">
        <ele>321.000</ele>
      </trkpt>
      <trkpt lat="45.998680000" lon="4.629580000">
        <ele>320.000</ele>
      </trkpt>
      <trkpt lat="45.998640000" lon="4.629760000">
        <ele>320.000</ele>
      </trkpt>
      <trkpt lat="45.998580000" lon="4.630000000">
        <ele>320.000</ele>
      </trkpt>
      <trkpt lat="45.998530000" lon="4.630190000">
        <ele>319.000</ele>
      </trkpt>
      <trkpt lat="45.998510000" lon="4.630340000">
        <ele>319.000</ele>
      </trkpt>
      <trkpt lat="45.998500000" lon="4.630510000">
        <ele>319.000</ele>
      </trkpt>
      <trkpt lat="45.998500000" lon="4.630680000">
        <ele>319.000</ele>
      </trkpt>
      <trkpt lat="45.998520000" lon="4.630850000">
        <ele>318.000</ele>
      </trkpt>
      <trkpt lat="45.998550000" lon="4.631010000">
        <ele>318.000</ele>
      </trkpt>
      <trkpt lat="45.998600000" lon="4.631170000">
        <ele>318.000</ele>
      </trkpt>
      <trkpt lat="45.998650000" lon="4.631300000">
        <ele>318.000</ele>
      </trkpt>
      <trkpt lat="45.998710000" lon="4.631410000">
        <ele>318.000</ele>
      </trkpt>
      <trkpt lat="45.998820000" lon="4.631590000">
        <ele>318.000</ele>
      </trkpt>
      <trkpt lat="45.999000000" lon="4.631860000">
        <ele>317.000</ele>
      </trkpt>
      <trkpt lat="45.999080000" lon="4.632030000">
        <ele>317.000</ele>
      </trkpt>
      <trkpt lat="45.999130000" lon="4.632160000">
        <ele>317.000</ele>
      </trkpt>
      <trkpt lat="45.999180000" lon="4.632350000">
        <ele>316.000</ele>
      </trkpt>
      <trkpt lat="45.999230000" lon="4.632530000">
        <ele>316.000</ele>
      </trkpt>
      <trkpt lat="45.999270000" lon="4.632760000">
        <ele>315.000</ele>
      </trkpt>
      <trkpt lat="45.999280000" lon="4.632960000">
        <ele>315.000</ele>
      </trkpt>
      <trkpt lat="45.999290000" lon="4.633100000">
        <ele>315.000</ele>
      </trkpt>
      <trkpt lat="45.999290000" lon="4.633230000">
        <ele>314.000</ele>
      </trkpt>
      <trkpt lat="45.999290000" lon="4.633370000">
        <ele>314.000</ele>
      </trkpt>
      <trkpt lat="45.999280000" lon="4.633520000">
        <ele>313.000</ele>
      </trkpt>
      <trkpt lat="45.999260000" lon="4.633650000">
        <ele>313.000</ele>
      </trkpt>
      <trkpt lat="45.999240000" lon="4.633780000">
        <ele>313.000</ele>
      </trkpt>
      <trkpt lat="45.999200000" lon="4.633970000">
        <ele>312.000</ele>
      </trkpt>
      <trkpt lat="45.999150000" lon="4.634100000">
        <ele>312.000</ele>
      </trkpt>
      <trkpt lat="45.999050000" lon="4.634360000">
        <ele>311.000</ele>
      </trkpt>
      <trkpt lat="45.998950000" lon="4.634620000">
        <ele>311.000</ele>
      </trkpt>
      <trkpt lat="45.998870000" lon="4.634850000">
        <ele>310.000</ele>
      </trkpt>
      <trkpt lat="45.998790000" lon="4.635150000">
        <ele>309.000</ele>
      </trkpt>
      <trkpt lat="45.998690000" lon="4.635610000">
        <ele>308.000</ele>
      </trkpt>
      <trkpt lat="45.998640000" lon="4.635880000">
        <ele>307.000</ele>
      </trkpt>
      <trkpt lat="45.998610000" lon="4.636210000">
        <ele>306.000</ele>
      </trkpt>
      <trkpt lat="45.998600000" lon="4.636530000">
        <ele>306.000</ele>
      </trkpt>
      <trkpt lat="45.998600000" lon="4.636780000">
        <ele>305.000</ele>
      </trkpt>
      <trkpt lat="45.998610000" lon="4.637080000">
        <ele>304.000</ele>
      </trkpt>
      <trkpt lat="45.998630000" lon="4.637280000">
        <ele>303.000</ele>
      </trkpt>
      <trkpt lat="45.998660000" lon="4.637480000">
        <ele>303.000</ele>
      </trkpt>
      <trkpt lat="45.998690000" lon="4.637690000">
        <ele>302.000</ele>
      </trkpt>
      <trkpt lat="45.998730000" lon="4.637930000">
        <ele>302.000</ele>
      </trkpt>
      <trkpt lat="45.998770000" lon="4.638140000">
        <ele>302.000</ele>
      </trkpt>
      <trkpt lat="45.998830000" lon="4.638330000">
        <ele>302.000</ele>
      </trkpt>
      <trkpt lat="45.998880000" lon="4.638490000">
        <ele>302.000</ele>
      </trkpt>
      <trkpt lat="45.998940000" lon="4.638650000">
        <ele>302.000</ele>
      </trkpt>
      <trkpt lat="45.999030000" lon="4.638860000">
        <ele>302.000</ele>
      </trkpt>
      <trkpt lat="45.999080000" lon="4.638970000">
        <ele>302.000</ele>
      </trkpt>
      <trkpt lat="45.999160000" lon="4.639130000">
        <ele>302.000</ele>
      </trkpt>
      <trkpt lat="45.999170000" lon="4.639160000">
        <ele>302.000</ele>
      </trkpt>
      <trkpt lat="45.999280000" lon="4.639370000">
        <ele>302.000</ele>
      </trkpt>
      <trkpt lat="45.999340000" lon="4.639550000">
        <ele>302.000</ele>
      </trkpt>
      <trkpt lat="45.999370000" lon="4.639680000">
        <ele>302.000</ele>
      </trkpt>
      <trkpt lat="45.999390000" lon="4.639800000">
        <ele>301.000</ele>
      </trkpt>
      <trkpt lat="45.999410000" lon="4.639910000">
        <ele>301.000</ele>
      </trkpt>
      <trkpt lat="45.999410000" lon="4.640050000">
        <ele>301.000</ele>
      </trkpt>
      <trkpt lat="45.999410000" lon="4.640180000">
        <ele>301.000</ele>
      </trkpt>
      <trkpt lat="45.999390000" lon="4.640320000">
        <ele>301.000</ele>
      </trkpt>
      <trkpt lat="45.999360000" lon="4.640580000">
        <ele>300.000</ele>
      </trkpt>
      <trkpt lat="45.999350000" lon="4.640600000">
        <ele>300.000</ele>
      </trkpt>
      <trkpt lat="45.999300000" lon="4.640960000">
        <ele>300.000</ele>
      </trkpt>
      <trkpt lat="45.999270000" lon="4.641170000">
        <ele>299.000</ele>
      </trkpt>
      <trkpt lat="45.999150000" lon="4.641990000">
        <ele>298.000</ele>
      </trkpt>
      <trkpt lat="45.999140000" lon="4.642040000">
        <ele>298.000</ele>
      </trkpt>
      <trkpt lat="45.999120000" lon="4.642210000">
        <ele>297.000</ele>
      </trkpt>
      <trkpt lat="45.999060000" lon="4.642600000">
        <ele>297.000</ele>
      </trkpt>
      <trkpt lat="45.999050000" lon="4.642680000">
        <ele>296.000</ele>
      </trkpt>
      <trkpt lat="45.999020000" lon="4.642840000">
        <ele>296.000</ele>
      </trkpt>
      <trkpt lat="45.998920000" lon="4.643510000">
        <ele>295.000</ele>
      </trkpt>
      <trkpt lat="45.998840000" lon="4.644090000">
        <ele>294.000</ele>
      </trkpt>
      <trkpt lat="45.998820000" lon="4.644210000">
        <ele>293.000</ele>
      </trkpt>
      <trkpt lat="45.998770000" lon="4.644500000">
        <ele>293.000</ele>
      </trkpt>
      <trkpt lat="45.998670000" lon="4.645230000">
        <ele>292.000</ele>
      </trkpt>
      <trkpt lat="45.998640000" lon="4.645450000">
        <ele>291.000</ele>
      </trkpt>
      <trkpt lat="45.998670000" lon="4.645460000">
        <ele>290.000</ele>
      </trkpt>
      <trkpt lat="45.998760000" lon="4.645440000">
        <ele>289.000</ele>
      </trkpt>
      <trkpt lat="45.999170000" lon="4.645340000">
        <ele>288.000</ele>
      </trkpt>
      <trkpt lat="45.999840000" lon="4.645190000">
        <ele>287.000</ele>
      </trkpt>
      <trkpt lat="45.999870000" lon="4.645190000">
        <ele>286.000</ele>
      </trkpt>
      <trkpt lat="45.999990000" lon="4.645190000">
        <ele>285.000</ele>
      </trkpt>
      <trkpt lat="46.000070000" lon="4.645180000">
        <ele>284.000</ele>
      </trkpt>
      <trkpt lat="46.000180000" lon="4.645170000">
        <ele>283.000</ele>
      </trkpt>
      <trkpt lat="46.000250000" lon="4.645180000">
        <ele>283.000</ele>
      </trkpt>
      <trkpt lat="46.000310000" lon="4.645200000">
        <ele>282.000</ele>
      </trkpt>
      <trkpt lat="46.000340000" lon="4.645210000">
        <ele>282.000</ele>
      </trkpt>
      <trkpt lat="46.000410000" lon="4.645230000">
        <ele>282.000</ele>
      </trkpt>
      <trkpt lat="46.000610000" lon="4.645310000">
        <ele>281.000</ele>
      </trkpt>
      <trkpt lat="46.000850000" lon="4.645410000">
        <ele>281.000</ele>
      </trkpt>
      <trkpt lat="46.001000000" lon="4.645500000">
        <ele>280.000</ele>
      </trkpt>
      <trkpt lat="46.001100000" lon="4.645560000">
        <ele>280.000</ele>
      </trkpt>
      <trkpt lat="46.001120000" lon="4.645570000">
        <ele>279.000</ele>
      </trkpt>
      <trkpt lat="46.001210000" lon="4.645630000">
        <ele>279.000</ele>
      </trkpt>
      <trkpt lat="46.001220000" lon="4.645650000">
        <ele>279.000</ele>
      </trkpt>
      <trkpt lat="46.001320000" lon="4.645720000">
        <ele>278.000</ele>
      </trkpt>
      <trkpt lat="46.001450000" lon="4.645840000">
        <ele>278.000</ele>
      </trkpt>
      <trkpt lat="46.001490000" lon="4.645880000">
        <ele>277.000</ele>
      </trkpt>
      <trkpt lat="46.001510000" lon="4.645890000">
        <ele>277.000</ele>
      </trkpt>
      <trkpt lat="46.001520000" lon="4.645890000">
        <ele>277.000</ele>
      </trkpt>
      <trkpt lat="46.001550000" lon="4.645900000">
        <ele>277.000</ele>
      </trkpt>
      <trkpt lat="46.001650000" lon="4.645890000">
        <ele>277.000</ele>
      </trkpt>
      <trkpt lat="46.001670000" lon="4.645890000">
        <ele>277.000</ele>
      </trkpt>
      <trkpt lat="46.001740000" lon="4.645890000">
        <ele>276.000</ele>
      </trkpt>
      <trkpt lat="46.001780000" lon="4.645880000">
        <ele>276.000</ele>
      </trkpt>
      <trkpt lat="46.001840000" lon="4.645850000">
        <ele>276.000</ele>
      </trkpt>
      <trkpt lat="46.001860000" lon="4.645830000">
        <ele>276.000</ele>
      </trkpt>
      <trkpt lat="46.001990000" lon="4.645810000">
        <ele>275.000</ele>
      </trkpt>
      <trkpt lat="46.002120000" lon="4.645830000">
        <ele>275.000</ele>
      </trkpt>
      <trkpt lat="46.002290000" lon="4.645860000">
        <ele>274.000</ele>
      </trkpt>
      <trkpt lat="46.002470000" lon="4.645900000">
        <ele>274.000</ele>
      </trkpt>
      <trkpt lat="46.002550000" lon="4.645900000">
        <ele>273.000</ele>
      </trkpt>
      <trkpt lat="46.002650000" lon="4.645880000">
        <ele>272.000</ele>
      </trkpt>
      <trkpt lat="46.002710000" lon="4.645860000">
        <ele>271.000</ele>
      </trkpt>
      <trkpt lat="46.002770000" lon="4.645820000">
        <ele>270.000</ele>
      </trkpt>
      <trkpt lat="46.002800000" lon="4.645790000">
        <ele>270.000</ele>
      </trkpt>
      <trkpt lat="46.002850000" lon="4.645730000">
        <ele>269.000</ele>
      </trkpt>
      <trkpt lat="46.002930000" lon="4.645620000">
        <ele>269.000</ele>
      </trkpt>
      <trkpt lat="46.002940000" lon="4.645610000">
        <ele>268.000</ele>
      </trkpt>
      <trkpt lat="46.002970000" lon="4.645580000">
        <ele>268.000</ele>
      </trkpt>
      <trkpt lat="46.003090000" lon="4.645410000">
        <ele>267.000</ele>
      </trkpt>
      <trkpt lat="46.003170000" lon="4.645320000">
        <ele>266.000</ele>
      </trkpt>
      <trkpt lat="46.003200000" lon="4.645280000">
        <ele>266.000</ele>
      </trkpt>
      <trkpt lat="46.003290000" lon="4.645160000">
        <ele>265.000</ele>
      </trkpt>
      <trkpt lat="46.003340000" lon="4.645090000">
        <ele>264.000</ele>
      </trkpt>
      <trkpt lat="46.003610000" lon="4.644760000">
        <ele>263.000</ele>
      </trkpt>
      <trkpt lat="46.003670000" lon="4.644690000">
        <ele>262.000</ele>
      </trkpt>
      <trkpt lat="46.003700000" lon="4.644650000">
        <ele>261.000</ele>
      </trkpt>
      <trkpt lat="46.003750000" lon="4.644580000">
        <ele>261.000</ele>
      </trkpt>
      <trkpt lat="46.003940000" lon="4.644350000">
        <ele>261.000</ele>
      </trkpt>
      <trkpt lat="46.004040000" lon="4.644220000">
        <ele>262.000</ele>
      </trkpt>
      <trkpt lat="46.004060000" lon="4.644200000">
        <ele>262.000</ele>
      </trkpt>
      <trkpt lat="46.004090000" lon="4.644170000">
        <ele>263.000</ele>
      </trkpt>
      <trkpt lat="46.004170000" lon="4.644070000">
        <ele>263.000</ele>
      </trkpt>
      <trkpt lat="46.004290000" lon="4.643930000">
        <ele>264.000</ele>
      </trkpt>
      <trkpt lat="46.004530000" lon="4.643640000">
        <ele>265.000</ele>
      </trkpt>
      <trkpt lat="46.004580000" lon="4.643590000">
        <ele>266.000</ele>
      </trkpt>
      <trkpt lat="46.004640000" lon="4.643550000">
        <ele>267.000</ele>
      </trkpt>
      <trkpt lat="46.004680000" lon="4.643540000">
        <ele>267.000</ele>
      </trkpt>
      <trkpt lat="46.004700000" lon="4.643530000">
        <ele>268.000</ele>
      </trkpt>
      <trkpt lat="46.004730000" lon="4.643530000">
        <ele>268.000</ele>
      </trkpt>
      <trkpt lat="46.004760000" lon="4.643540000">
        <ele>269.000</ele>
      </trkpt>
      <trkpt lat="46.004800000" lon="4.643560000">
        <ele>269.000</ele>
      </trkpt>
      <trkpt lat="46.004840000" lon="4.643600000">
        <ele>269.000</ele>
      </trkpt>
      <trkpt lat="46.004880000" lon="4.643650000">
        <ele>270.000</ele>
      </trkpt>
      <trkpt lat="46.004900000" lon="4.643720000">
        <ele>270.000</ele>
      </trkpt>
      <trkpt lat="46.004920000" lon="4.643780000">
        <ele>270.000</ele>
      </trkpt>
      <trkpt lat="46.004930000" lon="4.644080000">
        <ele>271.000</ele>
      </trkpt>
      <trkpt lat="46.004950000" lon="4.644350000">
        <ele>272.000</ele>
      </trkpt>
      <trkpt lat="46.004980000" lon="4.644570000">
        <ele>272.000</ele>
      </trkpt>
      <trkpt lat="46.005020000" lon="4.644830000">
        <ele>273.000</ele>
      </trkpt>
      <trkpt lat="46.005020000" lon="4.644980000">
        <ele>273.000</ele>
      </trkpt>
      <trkpt lat="46.005010000" lon="4.645090000">
        <ele>274.000</ele>
      </trkpt>
      <trkpt lat="46.004990000" lon="4.645180000">
        <ele>274.000</ele>
      </trkpt>
      <trkpt lat="46.004920000" lon="4.645400000">
        <ele>275.000</ele>
      </trkpt>
      <trkpt lat="46.004890000" lon="4.645490000">
        <ele>275.000</ele>
      </trkpt>
      <trkpt lat="46.004870000" lon="4.645600000">
        <ele>275.000</ele>
      </trkpt>
      <trkpt lat="46.004860000" lon="4.645700000">
        <ele>275.000</ele>
      </trkpt>
      <trkpt lat="46.004850000" lon="4.645800000">
        <ele>276.000</ele>
      </trkpt>
      <trkpt lat="46.004840000" lon="4.645980000">
        <ele>276.000</ele>
      </trkpt>
      <trkpt lat="46.004820000" lon="4.646940000">
        <ele>277.000</ele>
      </trkpt>
      <trkpt lat="46.004820000" lon="4.647200000">
        <ele>278.000</ele>
      </trkpt>
      <trkpt lat="46.004860000" lon="4.648100000">
        <ele>280.000</ele>
      </trkpt>
      <trkpt lat="46.004870000" lon="4.648250000">
        <ele>281.000</ele>
      </trkpt>
      <trkpt lat="46.004890000" lon="4.648360000">
        <ele>282.000</ele>
      </trkpt>
      <trkpt lat="46.004910000" lon="4.648460000">
        <ele>283.000</ele>
      </trkpt>
      <trkpt lat="46.004940000" lon="4.648580000">
        <ele>284.000</ele>
      </trkpt>
      <trkpt lat="46.004980000" lon="4.648690000">
        <ele>284.000</ele>
      </trkpt>
      <trkpt lat="46.005040000" lon="4.648770000">
        <ele>285.000</ele>
      </trkpt>
      <trkpt lat="46.005120000" lon="4.648840000">
        <ele>285.000</ele>
      </trkpt>
      <trkpt lat="46.005270000" lon="4.648950000">
        <ele>286.000</ele>
      </trkpt>
      <trkpt lat="46.005430000" lon="4.649000000">
        <ele>287.000</ele>
      </trkpt>
      <trkpt lat="46.005600000" lon="4.649030000">
        <ele>288.000</ele>
      </trkpt>
      <trkpt lat="46.006090000" lon="4.649040000">
        <ele>288.000</ele>
      </trkpt>
      <trkpt lat="46.006420000" lon="4.649050000">
        <ele>289.000</ele>
      </trkpt>
      <trkpt lat="46.006710000" lon="4.649070000">
        <ele>289.000</ele>
      </trkpt>
      <trkpt lat="46.007050000" lon="4.649110000">
        <ele>289.000</ele>
      </trkpt>
      <trkpt lat="46.007160000" lon="4.649120000">
        <ele>289.000</ele>
      </trkpt>
      <trkpt lat="46.007160000" lon="4.649120000">
        <ele>289.000</ele>
      </trkpt>
      <trkpt lat="46.007350000" lon="4.649140000">
        <ele>289.000</ele>
      </trkpt>
      <trkpt lat="46.007800000" lon="4.649200000">
        <ele>289.000</ele>
      </trkpt>
      <trkpt lat="46.007960000" lon="4.649230000">
        <ele>289.000</ele>
      </trkpt>
      <trkpt lat="46.007990000" lon="4.649220000">
        <ele>289.000</ele>
      </trkpt>
      <trkpt lat="46.008030000" lon="4.649240000">
        <ele>289.000</ele>
      </trkpt>
      <trkpt lat="46.008310000" lon="4.649340000">
        <ele>289.000</ele>
      </trkpt>
      <trkpt lat="46.008320000" lon="4.649340000">
        <ele>289.000</ele>
      </trkpt>
      <trkpt lat="46.008340000" lon="4.649350000">
        <ele>289.000</ele>
      </trkpt>
      <trkpt lat="46.008570000" lon="4.649410000">
        <ele>288.000</ele>
      </trkpt>
      <trkpt lat="46.008860000" lon="4.649510000">
        <ele>288.000</ele>
      </trkpt>
      <trkpt lat="46.009080000" lon="4.649620000">
        <ele>288.000</ele>
      </trkpt>
      <trkpt lat="46.009250000" lon="4.649740000">
        <ele>287.000</ele>
      </trkpt>
      <trkpt lat="46.009280000" lon="4.649760000">
        <ele>287.000</ele>
      </trkpt>
      <trkpt lat="46.009410000" lon="4.649850000">
        <ele>286.000</ele>
      </trkpt>
      <trkpt lat="46.009550000" lon="4.649990000">
        <ele>286.000</ele>
      </trkpt>
      <trkpt lat="46.009810000" lon="4.650310000">
        <ele>286.000</ele>
      </trkpt>
      <trkpt lat="46.009890000" lon="4.650390000">
        <ele>287.000</ele>
      </trkpt>
      <trkpt lat="46.009960000" lon="4.650430000">
        <ele>287.000</ele>
      </trkpt>
      <trkpt lat="46.010020000" lon="4.650460000">
        <ele>287.000</ele>
      </trkpt>
      <trkpt lat="46.010100000" lon="4.650480000">
        <ele>287.000</ele>
      </trkpt>
      <trkpt lat="46.010180000" lon="4.650490000">
        <ele>288.000</ele>
      </trkpt>
      <trkpt lat="46.010270000" lon="4.650490000">
        <ele>288.000</ele>
      </trkpt>
      <trkpt lat="46.010340000" lon="4.650520000">
        <ele>288.000</ele>
      </trkpt>
      <trkpt lat="46.010410000" lon="4.650560000">
        <ele>289.000</ele>
      </trkpt>
      <trkpt lat="46.010480000" lon="4.650600000">
        <ele>289.000</ele>
      </trkpt>
      <trkpt lat="46.010750000" lon="4.650750000">
        <ele>290.000</ele>
      </trkpt>
      <trkpt lat="46.010890000" lon="4.650830000">
        <ele>290.000</ele>
      </trkpt>
      <trkpt lat="46.011020000" lon="4.650910000">
        <ele>291.000</ele>
      </trkpt>
      <trkpt lat="46.011070000" lon="4.650950000">
        <ele>291.000</ele>
      </trkpt>
      <trkpt lat="46.011120000" lon="4.651000000">
        <ele>292.000</ele>
      </trkpt>
      <trkpt lat="46.011170000" lon="4.651060000">
        <ele>292.000</ele>
      </trkpt>
      <trkpt lat="46.011580000" lon="4.651610000">
        <ele>291.000</ele>
      </trkpt>
      <trkpt lat="46.011890000" lon="4.651990000">
        <ele>290.000</ele>
      </trkpt>
      <trkpt lat="46.012050000" lon="4.652190000">
        <ele>289.000</ele>
      </trkpt>
      <trkpt lat="46.012130000" lon="4.652320000">
        <ele>288.000</ele>
      </trkpt>
      <trkpt lat="46.012190000" lon="4.652430000">
        <ele>287.000</ele>
      </trkpt>
      <trkpt lat="46.012250000" lon="4.652550000">
        <ele>286.000</ele>
      </trkpt>
      <trkpt lat="46.012350000" lon="4.652780000">
        <ele>285.000</ele>
      </trkpt>
      <trkpt lat="46.012390000" lon="4.652860000">
        <ele>285.000</ele>
      </trkpt>
      <trkpt lat="46.012500000" lon="4.653110000">
        <ele>284.000</ele>
      </trkpt>
      <trkpt lat="46.012630000" lon="4.653410000">
        <ele>283.000</ele>
      </trkpt>
      <trkpt lat="46.012660000" lon="4.653470000">
        <ele>282.000</ele>
      </trkpt>
      <trkpt lat="46.012700000" lon="4.653530000">
        <ele>282.000</ele>
      </trkpt>
      <trkpt lat="46.012740000" lon="4.653590000">
        <ele>281.000</ele>
      </trkpt>
      <trkpt lat="46.012770000" lon="4.653640000">
        <ele>281.000</ele>
      </trkpt>
      <trkpt lat="46.012850000" lon="4.653710000">
        <ele>280.000</ele>
      </trkpt>
      <trkpt lat="46.012930000" lon="4.653780000">
        <ele>280.000</ele>
      </trkpt>
      <trkpt lat="46.013050000" lon="4.653840000">
        <ele>279.000</ele>
      </trkpt>
      <trkpt lat="46.013230000" lon="4.653920000">
        <ele>279.000</ele>
      </trkpt>
      <trkpt lat="46.013350000" lon="4.653960000">
        <ele>278.000</ele>
      </trkpt>
      <trkpt lat="46.013430000" lon="4.654000000">
        <ele>277.000</ele>
      </trkpt>
      <trkpt lat="46.013510000" lon="4.654060000">
        <ele>277.000</ele>
      </trkpt>
      <trkpt lat="46.013560000" lon="4.654120000">
        <ele>276.000</ele>
      </trkpt>
      <trkpt lat="46.013630000" lon="4.654180000">
        <ele>276.000</ele>
      </trkpt>
      <trkpt lat="46.013760000" lon="4.654360000">
        <ele>275.000</ele>
      </trkpt>
      <trkpt lat="46.013820000" lon="4.654470000">
        <ele>275.000</ele>
      </trkpt>
      <trkpt lat="46.013890000" lon="4.654590000">
        <ele>274.000</ele>
      </trkpt>
      <trkpt lat="46.013940000" lon="4.654710000">
        <ele>274.000</ele>
      </trkpt>
      <trkpt lat="46.013990000" lon="4.654910000">
        <ele>273.000</ele>
      </trkpt>
      <trkpt lat="46.014070000" lon="4.655240000">
        <ele>274.000</ele>
      </trkpt>
      <trkpt lat="46.014120000" lon="4.655380000">
        <ele>274.000</ele>
      </trkpt>
      <trkpt lat="46.014160000" lon="4.655480000">
        <ele>274.000</ele>
      </trkpt>
      <trkpt lat="46.014210000" lon="4.655560000">
        <ele>275.000</ele>
      </trkpt>
      <trkpt lat="46.014280000" lon="4.655650000">
        <ele>275.000</ele>
      </trkpt>
      <trkpt lat="46.014320000" lon="4.655680000">
        <ele>275.000</ele>
      </trkpt>
      <trkpt lat="46.014400000" lon="4.655730000">
        <ele>276.000</ele>
      </trkpt>
      <trkpt lat="46.014520000" lon="4.655760000">
        <ele>276.000</ele>
      </trkpt>
      <trkpt lat="46.014610000" lon="4.655780000">
        <ele>276.000</ele>
      </trkpt>
      <trkpt lat="46.014700000" lon="4.655790000">
        <ele>277.000</ele>
      </trkpt>
      <trkpt lat="46.014850000" lon="4.655800000">
        <ele>277.000</ele>
      </trkpt>
      <trkpt lat="46.015010000" lon="4.655790000">
        <ele>278.000</ele>
      </trkpt>
      <trkpt lat="46.015150000" lon="4.655770000">
        <ele>278.000</ele>
      </trkpt>
      <trkpt lat="46.015460000" lon="4.655730000">
        <ele>279.000</ele>
      </trkpt>
      <trkpt lat="46.015660000" lon="4.655700000">
        <ele>280.000</ele>
      </trkpt>
      <trkpt lat="46.015800000" lon="4.655690000">
        <ele>280.000</ele>
      </trkpt>
      <trkpt lat="46.015930000" lon="4.655690000">
        <ele>280.000</ele>
      </trkpt>
      <trkpt lat="46.016030000" lon="4.655720000">
        <ele>281.000</ele>
      </trkpt>
      <trkpt lat="46.016150000" lon="4.655770000">
        <ele>281.000</ele>
      </trkpt>
      <trkpt lat="46.016280000" lon="4.655890000">
        <ele>281.000</ele>
      </trkpt>
      <trkpt lat="46.016400000" lon="4.656010000">
        <ele>281.000</ele>
      </trkpt>
      <trkpt lat="46.016650000" lon="4.656270000">
        <ele>281.000</ele>
      </trkpt>
      <trkpt lat="46.016800000" lon="4.656450000">
        <ele>282.000</ele>
      </trkpt>
      <trkpt lat="46.016880000" lon="4.656560000">
        <ele>282.000</ele>
      </trkpt>
      <trkpt lat="46.016960000" lon="4.656680000">
        <ele>282.000</ele>
      </trkpt>
      <trkpt lat="46.017100000" lon="4.656900000">
        <ele>282.000</ele>
      </trkpt>
      <trkpt lat="46.017170000" lon="4.657000000">
        <ele>282.000</ele>
      </trkpt>
      <trkpt lat="46.017230000" lon="4.657060000">
        <ele>282.000</ele>
      </trkpt>
      <trkpt lat="46.017280000" lon="4.657100000">
        <ele>282.000</ele>
      </trkpt>
      <trkpt lat="46.017350000" lon="4.657160000">
        <ele>282.000</ele>
      </trkpt>
      <trkpt lat="46.017460000" lon="4.657190000">
        <ele>282.000</ele>
      </trkpt>
      <trkpt lat="46.017550000" lon="4.657220000">
        <ele>282.000</ele>
      </trkpt>
      <trkpt lat="46.017710000" lon="4.657260000">
        <ele>281.000</ele>
      </trkpt>
      <trkpt lat="46.018120000" lon="4.657350000">
        <ele>281.000</ele>
      </trkpt>
      <trkpt lat="46.018400000" lon="4.657430000">
        <ele>281.000</ele>
      </trkpt>
      <trkpt lat="46.018690000" lon="4.657500000">
        <ele>280.000</ele>
      </trkpt>
      <trkpt lat="46.018840000" lon="4.657530000">
        <ele>279.000</ele>
      </trkpt>
      <trkpt lat="46.019000000" lon="4.657550000">
        <ele>279.000</ele>
      </trkpt>
      <trkpt lat="46.019110000" lon="4.657540000">
        <ele>279.000</ele>
      </trkpt>
      <trkpt lat="46.019210000" lon="4.657510000">
        <ele>278.000</ele>
      </trkpt>
      <trkpt lat="46.019370000" lon="4.657440000">
        <ele>278.000</ele>
      </trkpt>
      <trkpt lat="46.019560000" lon="4.657350000">
        <ele>278.000</ele>
      </trkpt>
      <trkpt lat="46.019650000" lon="4.657320000">
        <ele>277.000</ele>
      </trkpt>
      <trkpt lat="46.019740000" lon="4.657290000">
        <ele>277.000</ele>
      </trkpt>
      <trkpt lat="46.019840000" lon="4.657280000">
        <ele>277.000</ele>
      </trkpt>
      <trkpt lat="46.019910000" lon="4.657290000">
        <ele>277.000</ele>
      </trkpt>
      <trkpt lat="46.019990000" lon="4.657300000">
        <ele>277.000</ele>
      </trkpt>
      <trkpt lat="46.020110000" lon="4.657350000">
        <ele>276.000</ele>
      </trkpt>
      <trkpt lat="46.020280000" lon="4.657420000">
        <ele>276.000</ele>
      </trkpt>
      <trkpt lat="46.020540000" lon="4.657520000">
        <ele>276.000</ele>
      </trkpt>
      <trkpt lat="46.020780000" lon="4.657610000">
        <ele>275.000</ele>
      </trkpt>
      <trkpt lat="46.021090000" lon="4.657720000">
        <ele>275.000</ele>
      </trkpt>
      <trkpt lat="46.021220000" lon="4.657760000">
        <ele>274.000</ele>
      </trkpt>
      <trkpt lat="46.021290000" lon="4.657770000">
        <ele>273.000</ele>
      </trkpt>
      <trkpt lat="46.021350000" lon="4.657770000">
        <ele>273.000</ele>
      </trkpt>
      <trkpt lat="46.021520000" lon="4.657760000">
        <ele>272.000</ele>
      </trkpt>
      <trkpt lat="46.021680000" lon="4.657740000">
        <ele>272.000</ele>
      </trkpt>
      <trkpt lat="46.021890000" lon="4.657720000">
        <ele>271.000</ele>
      </trkpt>
      <trkpt lat="46.022110000" lon="4.657720000">
        <ele>270.000</ele>
      </trkpt>
      <trkpt lat="46.022210000" lon="4.657700000">
        <ele>269.000</ele>
      </trkpt>
      <trkpt lat="46.022330000" lon="4.657640000">
        <ele>269.000</ele>
      </trkpt>
      <trkpt lat="46.022380000" lon="4.657610000">
        <ele>268.000</ele>
      </trkpt>
      <trkpt lat="46.022660000" lon="4.657380000">
        <ele>267.000</ele>
      </trkpt>
      <trkpt lat="46.022730000" lon="4.657320000">
        <ele>267.000</ele>
      </trkpt>
      <trkpt lat="46.022830000" lon="4.657260000">
        <ele>266.000</ele>
      </trkpt>
      <trkpt lat="46.022890000" lon="4.657240000">
        <ele>266.000</ele>
      </trkpt>
      <trkpt lat="46.022950000" lon="4.657240000">
        <ele>265.000</ele>
      </trkpt>
      <trkpt lat="46.023000000" lon="4.657260000">
        <ele>265.000</ele>
      </trkpt>
      <trkpt lat="46.023060000" lon="4.657310000">
        <ele>265.000</ele>
      </trkpt>
      <trkpt lat="46.023360000" lon="4.657680000">
        <ele>264.000</ele>
      </trkpt>
      <trkpt lat="46.023730000" lon="4.658080000">
        <ele>263.000</ele>
      </trkpt>
      <trkpt lat="46.023840000" lon="4.658230000">
        <ele>262.000</ele>
      </trkpt>
      <trkpt lat="46.023950000" lon="4.658420000">
        <ele>262.000</ele>
      </trkpt>
      <trkpt lat="46.024040000" lon="4.658600000">
        <ele>261.000</ele>
      </trkpt>
      <trkpt lat="46.024110000" lon="4.658780000">
        <ele>261.000</ele>
      </trkpt>
      <trkpt lat="46.024150000" lon="4.658890000">
        <ele>260.000</ele>
      </trkpt>
      <trkpt lat="46.024200000" lon="4.659050000">
        <ele>260.000</ele>
      </trkpt>
      <trkpt lat="46.024250000" lon="4.659360000">
        <ele>259.000</ele>
      </trkpt>
      <trkpt lat="46.024300000" lon="4.659900000">
        <ele>259.000</ele>
      </trkpt>
      <trkpt lat="46.024380000" lon="4.660410000">
        <ele>258.000</ele>
      </trkpt>
      <trkpt lat="46.024420000" lon="4.660590000">
        <ele>258.000</ele>
      </trkpt>
      <trkpt lat="46.024450000" lon="4.660680000">
        <ele>257.000</ele>
      </trkpt>
      <trkpt lat="46.024520000" lon="4.660900000">
        <ele>257.000</ele>
      </trkpt>
      <trkpt lat="46.024700000" lon="4.661420000">
        <ele>257.000</ele>
      </trkpt>
      <trkpt lat="46.024740000" lon="4.661550000">
        <ele>256.000</ele>
      </trkpt>
      <trkpt lat="46.024750000" lon="4.661570000">
        <ele>256.000</ele>
      </trkpt>
      <trkpt lat="46.024770000" lon="4.661630000">
        <ele>255.000</ele>
      </trkpt>
      <trkpt lat="46.024790000" lon="4.661670000">
        <ele>255.000</ele>
      </trkpt>
      <trkpt lat="46.024800000" lon="4.661700000">
        <ele>255.000</ele>
      </trkpt>
      <trkpt lat="46.024820000" lon="4.661730000">
        <ele>255.000</ele>
      </trkpt>
      <trkpt lat="46.024810000" lon="4.661760000">
        <ele>255.000</ele>
      </trkpt>
      <trkpt lat="46.024810000" lon="4.661790000">
        <ele>255.000</ele>
      </trkpt>
      <trkpt lat="46.024810000" lon="4.661830000">
        <ele>254.000</ele>
      </trkpt>
      <trkpt lat="46.024810000" lon="4.661860000">
        <ele>254.000</ele>
      </trkpt>
      <trkpt lat="46.024830000" lon="4.661890000">
        <ele>254.000</ele>
      </trkpt>
      <trkpt lat="46.024850000" lon="4.661910000">
        <ele>254.000</ele>
      </trkpt>
      <trkpt lat="46.024880000" lon="4.661920000">
        <ele>254.000</ele>
      </trkpt>
      <trkpt lat="46.024900000" lon="4.661930000">
        <ele>254.000</ele>
      </trkpt>
      <trkpt lat="46.024920000" lon="4.661920000">
        <ele>254.000</ele>
      </trkpt>
      <trkpt lat="46.024940000" lon="4.661900000">
        <ele>254.000</ele>
      </trkpt>
      <trkpt lat="46.024960000" lon="4.661880000">
        <ele>254.000</ele>
      </trkpt>
      <trkpt lat="46.024970000" lon="4.661850000">
        <ele>254.000</ele>
      </trkpt>
      <trkpt lat="46.024970000" lon="4.661810000">
        <ele>253.000</ele>
      </trkpt>
      <trkpt lat="46.024970000" lon="4.661780000">
        <ele>253.000</ele>
      </trkpt>
      <trkpt lat="46.024960000" lon="4.661750000">
        <ele>253.000</ele>
      </trkpt>
      <trkpt lat="46.024950000" lon="4.661720000">
        <ele>253.000</ele>
      </trkpt>
      <trkpt lat="46.024920000" lon="4.661700000">
        <ele>253.000</ele>
      </trkpt>
      <trkpt lat="46.024960000" lon="4.661590000">
        <ele>253.000</ele>
      </trkpt>
      <trkpt lat="46.024970000" lon="4.661520000">
        <ele>253.000</ele>
      </trkpt>
      <trkpt lat="46.025010000" lon="4.661360000">
        <ele>252.000</ele>
      </trkpt>
      <trkpt lat="46.025020000" lon="4.661260000">
        <ele>252.000</ele>
      </trkpt>
      <trkpt lat="46.025090000" lon="4.660570000">
        <ele>251.000</ele>
      </trkpt>
      <trkpt lat="46.025120000" lon="4.659790000">
        <ele>250.000</ele>
      </trkpt>
      <trkpt lat="46.025120000" lon="4.659790000">
        <ele>249.000</ele>
      </trkpt>
      <trkpt lat="46.025130000" lon="4.659630000">
        <ele>249.000</ele>
      </trkpt>
      <trkpt lat="46.025130000" lon="4.659400000">
        <ele>248.000</ele>
      </trkpt>
      <trkpt lat="46.025150000" lon="4.658450000">
        <ele>248.000</ele>
      </trkpt>
      <trkpt lat="46.025180000" lon="4.657470000">
        <ele>247.000</ele>
      </trkpt>
      <trkpt lat="46.025210000" lon="4.656610000">
        <ele>247.000</ele>
      </trkpt>
      <trkpt lat="46.025250000" lon="4.656210000">
        <ele>247.000</ele>
      </trkpt>
      <trkpt lat="46.025350000" lon="4.655670000">
        <ele>247.000</ele>
      </trkpt>
      <trkpt lat="46.025450000" lon="4.655220000">
        <ele>246.000</ele>
      </trkpt>
      <trkpt lat="46.025470000" lon="4.655020000">
        <ele>246.000</ele>
      </trkpt>
      <trkpt lat="46.025430000" lon="4.654040000">
        <ele>246.000</ele>
      </trkpt>
      <trkpt lat="46.025430000" lon="4.654010000">
        <ele>246.000</ele>
      </trkpt>
      <trkpt lat="46.025480000" lon="4.653860000">
        <ele>246.000</ele>
      </trkpt>
      <trkpt lat="46.025500000" lon="4.653830000">
        <ele>246.000</ele>
      </trkpt>
      <trkpt lat="46.025600000" lon="4.653730000">
        <ele>246.000</ele>
      </trkpt>
      <trkpt lat="46.025810000" lon="4.653520000">
        <ele>246.000</ele>
      </trkpt>
      <trkpt lat="46.025940000" lon="4.653370000">
        <ele>246.000</ele>
      </trkpt>
      <trkpt lat="46.026030000" lon="4.653270000">
        <ele>246.000</ele>
      </trkpt>
      <trkpt lat="46.026140000" lon="4.653130000">
        <ele>246.000</ele>
      </trkpt>
      <trkpt lat="46.026210000" lon="4.652920000">
        <ele>246.000</ele>
      </trkpt>
      <trkpt lat="46.026200000" lon="4.652780000">
        <ele>246.000</ele>
      </trkpt>
      <trkpt lat="46.026200000" lon="4.652760000">
        <ele>247.000</ele>
      </trkpt>
      <trkpt lat="46.026110000" lon="4.652390000">
        <ele>247.000</ele>
      </trkpt>
      <trkpt lat="46.026080000" lon="4.652270000">
        <ele>247.000</ele>
      </trkpt>
      <trkpt lat="46.025910000" lon="4.651680000">
        <ele>247.000</ele>
      </trkpt>
      <trkpt lat="46.025880000" lon="4.651520000">
        <ele>247.000</ele>
      </trkpt>
      <trkpt lat="46.025850000" lon="4.651430000">
        <ele>248.000</ele>
      </trkpt>
      <trkpt lat="46.025690000" lon="4.650790000">
        <ele>248.000</ele>
      </trkpt>
      <trkpt lat="46.025560000" lon="4.650410000">
        <ele>249.000</ele>
      </trkpt>
      <trkpt lat="46.025480000" lon="4.650240000">
        <ele>249.000</ele>
      </trkpt>
      <trkpt lat="46.025410000" lon="4.650110000">
        <ele>250.000</ele>
      </trkpt>
      <trkpt lat="46.025330000" lon="4.649940000">
        <ele>250.000</ele>
      </trkpt>
      <trkpt lat="46.025250000" lon="4.649800000">
        <ele>251.000</ele>
      </trkpt>
      <trkpt lat="46.025260000" lon="4.649770000">
        <ele>251.000</ele>
      </trkpt>
      <trkpt lat="46.025270000" lon="4.649730000">
        <ele>251.000</ele>
      </trkpt>
      <trkpt lat="46.025270000" lon="4.649700000">
        <ele>251.000</ele>
      </trkpt>
      <trkpt lat="46.025260000" lon="4.649660000">
        <ele>251.000</ele>
      </trkpt>
      <trkpt lat="46.025250000" lon="4.649630000">
        <ele>252.000</ele>
      </trkpt>
      <trkpt lat="46.025220000" lon="4.649610000">
        <ele>252.000</ele>
      </trkpt>
      <trkpt lat="46.025200000" lon="4.649610000">
        <ele>252.000</ele>
      </trkpt>
      <trkpt lat="46.025190000" lon="4.649520000">
        <ele>252.000</ele>
      </trkpt>
      <trkpt lat="46.025210000" lon="4.649300000">
        <ele>252.000</ele>
      </trkpt>
      <trkpt lat="46.025240000" lon="4.649160000">
        <ele>252.000</ele>
      </trkpt>
      <trkpt lat="46.025300000" lon="4.649060000">
        <ele>253.000</ele>
      </trkpt>
      <trkpt lat="46.025390000" lon="4.648990000">
        <ele>253.000</ele>
      </trkpt>
      <trkpt lat="46.025580000" lon="4.648930000">
        <ele>254.000</ele>
      </trkpt>
      <trkpt lat="46.025710000" lon="4.648910000">
        <ele>255.000</ele>
      </trkpt>
      <trkpt lat="46.025840000" lon="4.648920000">
        <ele>255.000</ele>
      </trkpt>
      <trkpt lat="46.026040000" lon="4.648990000">
        <ele>256.000</ele>
      </trkpt>
      <trkpt lat="46.026230000" lon="4.649120000">
        <ele>257.000</ele>
      </trkpt>
      <trkpt lat="46.026820000" lon="4.649580000">
        <ele>259.000</ele>
      </trkpt>
      <trkpt lat="46.026920000" lon="4.649660000">
        <ele>260.000</ele>
      </trkpt>
      <trkpt lat="46.026930000" lon="4.649670000">
        <ele>261.000</ele>
      </trkpt>
      <trkpt lat="46.027010000" lon="4.649730000">
        <ele>262.000</ele>
      </trkpt>
      <trkpt lat="46.027330000" lon="4.649980000">
        <ele>264.000</ele>
      </trkpt>
      <trkpt lat="46.027600000" lon="4.650200000">
        <ele>266.000</ele>
      </trkpt>
      <trkpt lat="46.027670000" lon="4.650250000">
        <ele>267.000</ele>
      </trkpt>
      <trkpt lat="46.028030000" lon="4.650530000">
        <ele>269.000</ele>
      </trkpt>
      <trkpt lat="46.028160000" lon="4.650530000">
        <ele>271.000</ele>
      </trkpt>
      <trkpt lat="46.028300000" lon="4.650470000">
        <ele>272.000</ele>
      </trkpt>
      <trkpt lat="46.028490000" lon="4.650200000">
        <ele>274.000</ele>
      </trkpt>
      <trkpt lat="46.028830000" lon="4.649660000">
        <ele>276.000</ele>
      </trkpt>
      <trkpt lat="46.029080000" lon="4.649320000">
        <ele>278.000</ele>
      </trkpt>
      <trkpt lat="46.029670000" lon="4.648750000">
        <ele>280.000</ele>
      </trkpt>
      <trkpt lat="46.029740000" lon="4.648600000">
        <ele>282.000</ele>
      </trkpt>
      <trkpt lat="46.029790000" lon="4.648440000">
        <ele>283.000</ele>
      </trkpt>
      <trkpt lat="46.029940000" lon="4.646520000">
        <ele>285.000</ele>
      </trkpt>
      <trkpt lat="46.029960000" lon="4.646380000">
        <ele>287.000</ele>
      </trkpt>
      <trkpt lat="46.030020000" lon="4.646220000">
        <ele>289.000</ele>
      </trkpt>
      <trkpt lat="46.030140000" lon="4.646110000">
        <ele>290.000</ele>
      </trkpt>
      <trkpt lat="46.030620000" lon="4.646060000">
        <ele>291.000</ele>
      </trkpt>
      <trkpt lat="46.030620000" lon="4.646060000">
        <ele>292.000</ele>
      </trkpt>
      <trkpt lat="46.030630000" lon="4.646060000">
        <ele>292.000</ele>
      </trkpt>
      <trkpt lat="46.030770000" lon="4.645970000">
        <ele>293.000</ele>
      </trkpt>
      <trkpt lat="46.030870000" lon="4.645830000">
        <ele>294.000</ele>
      </trkpt>
      <trkpt lat="46.031430000" lon="4.645180000">
        <ele>295.000</ele>
      </trkpt>
      <trkpt lat="46.031770000" lon="4.644720000">
        <ele>297.000</ele>
      </trkpt>
      <trkpt lat="46.031810000" lon="4.644690000">
        <ele>299.000</ele>
      </trkpt>
      <trkpt lat="46.031890000" lon="4.644630000">
        <ele>300.000</ele>
      </trkpt>
      <trkpt lat="46.031930000" lon="4.644610000">
        <ele>300.000</ele>
      </trkpt>
      <trkpt lat="46.031930000" lon="4.644640000">
        <ele>301.000</ele>
      </trkpt>
      <trkpt lat="46.031950000" lon="4.644670000">
        <ele>301.000</ele>
      </trkpt>
      <trkpt lat="46.031960000" lon="4.644690000">
        <ele>302.000</ele>
      </trkpt>
      <trkpt lat="46.031980000" lon="4.644700000">
        <ele>302.000</ele>
      </trkpt>
      <trkpt lat="46.032010000" lon="4.644700000">
        <ele>302.000</ele>
      </trkpt>
      <trkpt lat="46.032030000" lon="4.644690000">
        <ele>302.000</ele>
      </trkpt>
      <trkpt lat="46.032050000" lon="4.644670000">
        <ele>302.000</ele>
      </trkpt>
      <trkpt lat="46.032060000" lon="4.644650000">
        <ele>302.000</ele>
      </trkpt>
      <trkpt lat="46.032070000" lon="4.644620000">
        <ele>303.000</ele>
      </trkpt>
      <trkpt lat="46.032070000" lon="4.644590000">
        <ele>303.000</ele>
      </trkpt>
      <trkpt lat="46.032070000" lon="4.644560000">
        <ele>303.000</ele>
      </trkpt>
      <trkpt lat="46.032100000" lon="4.644550000">
        <ele>303.000</ele>
      </trkpt>
      <trkpt lat="46.032160000" lon="4.644540000">
        <ele>303.000</ele>
      </trkpt>
      <trkpt lat="46.032200000" lon="4.644540000">
        <ele>303.000</ele>
      </trkpt>
      <trkpt lat="46.032340000" lon="4.644590000">
        <ele>304.000</ele>
      </trkpt>
      <trkpt lat="46.032470000" lon="4.644680000">
        <ele>304.000</ele>
      </trkpt>
      <trkpt lat="46.032750000" lon="4.644900000">
        <ele>306.000</ele>
      </trkpt>
      <trkpt lat="46.032860000" lon="4.644990000">
        <ele>306.000</ele>
      </trkpt>
      <trkpt lat="46.033060000" lon="4.645060000">
        <ele>307.000</ele>
      </trkpt>
      <trkpt lat="46.033100000" lon="4.645080000">
        <ele>308.000</ele>
      </trkpt>
      <trkpt lat="46.033270000" lon="4.645130000">
        <ele>309.000</ele>
      </trkpt>
      <trkpt lat="46.033300000" lon="4.645130000">
        <ele>310.000</ele>
      </trkpt>
      <trkpt lat="46.033610000" lon="4.645230000">
        <ele>311.000</ele>
      </trkpt>
      <trkpt lat="46.033870000" lon="4.645300000">
        <ele>312.000</ele>
      </trkpt>
      <trkpt lat="46.034230000" lon="4.645380000">
        <ele>313.000</ele>
      </trkpt>
      <trkpt lat="46.034320000" lon="4.645390000">
        <ele>314.000</ele>
      </trkpt>
      <trkpt lat="46.034440000" lon="4.645370000">
        <ele>314.000</ele>
      </trkpt>
      <trkpt lat="46.035180000" lon="4.645070000">
        <ele>315.000</ele>
      </trkpt>
      <trkpt lat="46.035470000" lon="4.644960000">
        <ele>316.000</ele>
      </trkpt>
      <trkpt lat="46.036090000" lon="4.644710000">
        <ele>317.000</ele>
      </trkpt>
      <trkpt lat="46.036390000" lon="4.644610000">
        <ele>317.000</ele>
      </trkpt>
      <trkpt lat="46.036670000" lon="4.644470000">
        <ele>317.000</ele>
      </trkpt>
      <trkpt lat="46.036840000" lon="4.644360000">
        <ele>316.000</ele>
      </trkpt>
      <trkpt lat="46.037070000" lon="4.644160000">
        <ele>316.000</ele>
      </trkpt>
      <trkpt lat="46.037170000" lon="4.644040000">
        <ele>315.000</ele>
      </trkpt>
      <trkpt lat="46.037460000" lon="4.643620000">
        <ele>314.000</ele>
      </trkpt>
      <trkpt lat="46.037560000" lon="4.643440000">
        <ele>313.000</ele>
      </trkpt>
      <trkpt lat="46.038020000" lon="4.642710000">
        <ele>312.000</ele>
      </trkpt>
      <trkpt lat="46.038200000" lon="4.642460000">
        <ele>310.000</ele>
      </trkpt>
      <trkpt lat="46.038420000" lon="4.642200000">
        <ele>308.000</ele>
      </trkpt>
      <trkpt lat="46.038760000" lon="4.641900000">
        <ele>307.000</ele>
      </trkpt>
      <trkpt lat="46.039770000" lon="4.641050000">
        <ele>303.000</ele>
      </trkpt>
      <trkpt lat="46.040150000" lon="4.640720000">
        <ele>300.000</ele>
      </trkpt>
      <trkpt lat="46.040350000" lon="4.640540000">
        <ele>297.000</ele>
      </trkpt>
      <trkpt lat="46.040910000" lon="4.640050000">
        <ele>295.000</ele>
      </trkpt>
      <trkpt lat="46.041030000" lon="4.639950000">
        <ele>293.000</ele>
      </trkpt>
      <trkpt lat="46.041620000" lon="4.639470000">
        <ele>290.000</ele>
      </trkpt>
      <trkpt lat="46.042200000" lon="4.638990000">
        <ele>288.000</ele>
      </trkpt>
      <trkpt lat="46.042750000" lon="4.638520000">
        <ele>285.000</ele>
      </trkpt>
      <trkpt lat="46.043890000" lon="4.637490000">
        <ele>281.000</ele>
      </trkpt>
      <trkpt lat="46.044050000" lon="4.637340000">
        <ele>278.000</ele>
      </trkpt>
      <trkpt lat="46.044190000" lon="4.637280000">
        <ele>277.000</ele>
      </trkpt>
      <trkpt lat="46.044430000" lon="4.637230000">
        <ele>275.000</ele>
      </trkpt>
      <trkpt lat="46.044490000" lon="4.637230000">
        <ele>274.000</ele>
      </trkpt>
      <trkpt lat="46.044610000" lon="4.637370000">
        <ele>273.000</ele>
      </trkpt>
      <trkpt lat="46.044670000" lon="4.637460000">
        <ele>273.000</ele>
      </trkpt>
      <trkpt lat="46.044760000" lon="4.637740000">
        <ele>272.000</ele>
      </trkpt>
      <trkpt lat="46.044900000" lon="4.638170000">
        <ele>272.000</ele>
      </trkpt>
      <trkpt lat="46.044970000" lon="4.638270000">
        <ele>271.000</ele>
      </trkpt>
      <trkpt lat="46.045010000" lon="4.638400000">
        <ele>271.000</ele>
      </trkpt>
      <trkpt lat="46.045070000" lon="4.638540000">
        <ele>270.000</ele>
      </trkpt>
      <trkpt lat="46.045140000" lon="4.638690000">
        <ele>270.000</ele>
      </trkpt>
      <trkpt lat="46.045270000" lon="4.638860000">
        <ele>270.000</ele>
      </trkpt>
      <trkpt lat="46.045860000" lon="4.639500000">
        <ele>271.000</ele>
      </trkpt>
      <trkpt lat="46.046090000" lon="4.639730000">
        <ele>272.000</ele>
      </trkpt>
      <trkpt lat="46.046240000" lon="4.639850000">
        <ele>272.000</ele>
      </trkpt>
      <trkpt lat="46.046350000" lon="4.639910000">
        <ele>273.000</ele>
      </trkpt>
      <trkpt lat="46.046490000" lon="4.639940000">
        <ele>274.000</ele>
      </trkpt>
      <trkpt lat="46.046610000" lon="4.639940000">
        <ele>274.000</ele>
      </trkpt>
      <trkpt lat="46.046690000" lon="4.639920000">
        <ele>275.000</ele>
      </trkpt>
      <trkpt lat="46.046770000" lon="4.639880000">
        <ele>275.000</ele>
      </trkpt>
      <trkpt lat="46.046880000" lon="4.639810000">
        <ele>275.000</ele>
      </trkpt>
      <trkpt lat="46.046970000" lon="4.639720000">
        <ele>275.000</ele>
      </trkpt>
      <trkpt lat="46.047200000" lon="4.639500000">
        <ele>275.000</ele>
      </trkpt>
      <trkpt lat="46.047380000" lon="4.639340000">
        <ele>276.000</ele>
      </trkpt>
      <trkpt lat="46.047570000" lon="4.639200000">
        <ele>276.000</ele>
      </trkpt>
      <trkpt lat="46.047690000" lon="4.639140000">
        <ele>276.000</ele>
      </trkpt>
      <trkpt lat="46.047850000" lon="4.639080000">
        <ele>276.000</ele>
      </trkpt>
      <trkpt lat="46.048050000" lon="4.639010000">
        <ele>276.000</ele>
      </trkpt>
      <trkpt lat="46.049940000" lon="4.638430000">
        <ele>276.000</ele>
      </trkpt>
      <trkpt lat="46.050150000" lon="4.638370000">
        <ele>276.000</ele>
      </trkpt>
      <trkpt lat="46.050340000" lon="4.638300000">
        <ele>275.000</ele>
      </trkpt>
      <trkpt lat="46.050520000" lon="4.638190000">
        <ele>275.000</ele>
      </trkpt>
      <trkpt lat="46.050630000" lon="4.638090000">
        <ele>274.000</ele>
      </trkpt>
      <trkpt lat="46.050750000" lon="4.637950000">
        <ele>274.000</ele>
      </trkpt>
      <trkpt lat="46.050870000" lon="4.637730000">
        <ele>273.000</ele>
      </trkpt>
      <trkpt lat="46.050980000" lon="4.637460000">
        <ele>272.000</ele>
      </trkpt>
      <trkpt lat="46.051320000" lon="4.636540000">
        <ele>271.000</ele>
      </trkpt>
      <trkpt lat="46.051410000" lon="4.636350000">
        <ele>269.000</ele>
      </trkpt>
      <trkpt lat="46.051460000" lon="4.636240000">
        <ele>268.000</ele>
      </trkpt>
      <trkpt lat="46.051530000" lon="4.636160000">
        <ele>267.000</ele>
      </trkpt>
      <trkpt lat="46.051640000" lon="4.636090000">
        <ele>266.000</ele>
      </trkpt>
      <trkpt lat="46.051750000" lon="4.636060000">
        <ele>266.000</ele>
      </trkpt>
      <trkpt lat="46.051880000" lon="4.636040000">
        <ele>265.000</ele>
      </trkpt>
      <trkpt lat="46.052440000" lon="4.636020000">
        <ele>263.000</ele>
      </trkpt>
      <trkpt lat="46.052840000" lon="4.636020000">
        <ele>261.000</ele>
      </trkpt>
      <trkpt lat="46.053190000" lon="4.636050000">
        <ele>259.000</ele>
      </trkpt>
      <trkpt lat="46.053550000" lon="4.636100000">
        <ele>257.000</ele>
      </trkpt>
      <trkpt lat="46.053810000" lon="4.636150000">
        <ele>256.000</ele>
      </trkpt>
      <trkpt lat="46.054090000" lon="4.636220000">
        <ele>254.000</ele>
      </trkpt>
      <trkpt lat="46.054370000" lon="4.636310000">
        <ele>253.000</ele>
      </trkpt>
      <trkpt lat="46.054640000" lon="4.636400000">
        <ele>251.000</ele>
      </trkpt>
      <trkpt lat="46.055360000" lon="4.636660000">
        <ele>249.000</ele>
      </trkpt>
      <trkpt lat="46.055620000" lon="4.636750000">
        <ele>248.000</ele>
      </trkpt>
      <trkpt lat="46.055710000" lon="4.636790000">
        <ele>247.000</ele>
      </trkpt>
      <trkpt lat="46.056660000" lon="4.637130000">
        <ele>247.000</ele>
      </trkpt>
      <trkpt lat="46.056680000" lon="4.637140000">
        <ele>246.000</ele>
      </trkpt>
      <trkpt lat="46.056820000" lon="4.637150000">
        <ele>246.000</ele>
      </trkpt>
      <trkpt lat="46.056870000" lon="4.637160000">
        <ele>246.000</ele>
      </trkpt>
      <trkpt lat="46.057040000" lon="4.637270000">
        <ele>247.000</ele>
      </trkpt>
      <trkpt lat="46.057590000" lon="4.637760000">
        <ele>247.000</ele>
      </trkpt>
      <trkpt lat="46.058030000" lon="4.638210000">
        <ele>248.000</ele>
      </trkpt>
      <trkpt lat="46.058130000" lon="4.638290000">
        <ele>249.000</ele>
      </trkpt>
      <trkpt lat="46.058270000" lon="4.638310000">
        <ele>250.000</ele>
      </trkpt>
      <trkpt lat="46.058370000" lon="4.638300000">
        <ele>251.000</ele>
      </trkpt>
      <trkpt lat="46.058740000" lon="4.638080000">
        <ele>253.000</ele>
      </trkpt>
      <trkpt lat="46.058900000" lon="4.637990000">
        <ele>254.000</ele>
      </trkpt>
      <trkpt lat="46.059040000" lon="4.637980000">
        <ele>255.000</ele>
      </trkpt>
      <trkpt lat="46.059190000" lon="4.638010000">
        <ele>257.000</ele>
      </trkpt>
      <trkpt lat="46.059600000" lon="4.638170000">
        <ele>258.000</ele>
      </trkpt>
      <trkpt lat="46.060130000" lon="4.638410000">
        <ele>260.000</ele>
      </trkpt>
      <trkpt lat="46.060490000" lon="4.638610000">
        <ele>262.000</ele>
      </trkpt>
      <trkpt lat="46.060600000" lon="4.638720000">
        <ele>264.000</ele>
      </trkpt>
      <trkpt lat="46.060670000" lon="4.638840000">
        <ele>265.000</ele>
      </trkpt>
      <trkpt lat="46.060730000" lon="4.638990000">
        <ele>266.000</ele>
      </trkpt>
      <trkpt lat="46.060750000" lon="4.639160000">
        <ele>267.000</ele>
      </trkpt>
      <trkpt lat="46.060760000" lon="4.639330000">
        <ele>268.000</ele>
      </trkpt>
      <trkpt lat="46.060620000" lon="4.641020000">
        <ele>270.000</ele>
      </trkpt>
      <trkpt lat="46.060570000" lon="4.642080000">
        <ele>272.000</ele>
      </trkpt>
      <trkpt lat="46.060570000" lon="4.642140000">
        <ele>273.000</ele>
      </trkpt>
      <trkpt lat="46.060570000" lon="4.642510000">
        <ele>274.000</ele>
      </trkpt>
      <trkpt lat="46.060600000" lon="4.642840000">
        <ele>274.000</ele>
      </trkpt>
      <trkpt lat="46.060640000" lon="4.643040000">
        <ele>275.000</ele>
      </trkpt>
      <trkpt lat="46.060680000" lon="4.643160000">
        <ele>275.000</ele>
      </trkpt>
      <trkpt lat="46.060760000" lon="4.643370000">
        <ele>275.000</ele>
      </trkpt>
      <trkpt lat="46.060950000" lon="4.643750000">
        <ele>275.000</ele>
      </trkpt>
      <trkpt lat="46.061470000" lon="4.644740000">
        <ele>276.000</ele>
      </trkpt>
      <trkpt lat="46.061470000" lon="4.644740000">
        <ele>276.000</ele>
      </trkpt>
      <trkpt lat="46.061750000" lon="4.645260000">
        <ele>277.000</ele>
      </trkpt>
      <trkpt lat="46.061920000" lon="4.645530000">
        <ele>277.000</ele>
      </trkpt>
      <trkpt lat="46.062090000" lon="4.645670000">
        <ele>278.000</ele>
      </trkpt>
      <trkpt lat="46.063350000" lon="4.646400000">
        <ele>279.000</ele>
      </trkpt>
      <trkpt lat="46.064000000" lon="4.646720000">
        <ele>280.000</ele>
      </trkpt>
      <trkpt lat="46.064350000" lon="4.646880000">
        <ele>281.000</ele>
      </trkpt>
      <trkpt lat="46.064590000" lon="4.646990000">
        <ele>281.000</ele>
      </trkpt>
      <trkpt lat="46.064670000" lon="4.647020000">
        <ele>281.000</ele>
      </trkpt>
      <trkpt lat="46.065440000" lon="4.647360000">
        <ele>282.000</ele>
      </trkpt>
      <trkpt lat="46.065800000" lon="4.647520000">
        <ele>282.000</ele>
      </trkpt>
      <trkpt lat="46.065880000" lon="4.647550000">
        <ele>282.000</ele>
      </trkpt>
      <trkpt lat="46.065950000" lon="4.647580000">
        <ele>282.000</ele>
      </trkpt>
      <trkpt lat="46.066160000" lon="4.647670000">
        <ele>281.000</ele>
      </trkpt>
      <trkpt lat="46.066440000" lon="4.647800000">
        <ele>281.000</ele>
      </trkpt>
      <trkpt lat="46.066500000" lon="4.647820000">
        <ele>281.000</ele>
      </trkpt>
      <trkpt lat="46.066830000" lon="4.647960000">
        <ele>280.000</ele>
      </trkpt>
      <trkpt lat="46.067060000" lon="4.648050000">
        <ele>280.000</ele>
      </trkpt>
      <trkpt lat="46.067200000" lon="4.648110000">
        <ele>279.000</ele>
      </trkpt>
      <trkpt lat="46.067310000" lon="4.648190000">
        <ele>279.000</ele>
      </trkpt>
      <trkpt lat="46.067330000" lon="4.648280000">
        <ele>279.000</ele>
      </trkpt>
      <trkpt lat="46.067370000" lon="4.648670000">
        <ele>278.000</ele>
      </trkpt>
      <trkpt lat="46.067410000" lon="4.649170000">
        <ele>277.000</ele>
      </trkpt>
      <trkpt lat="46.067450000" lon="4.649470000">
        <ele>276.000</ele>
      </trkpt>
      <trkpt lat="46.067460000" lon="4.649610000">
        <ele>276.000</ele>
      </trkpt>
      <trkpt lat="46.067570000" lon="4.649550000">
        <ele>275.000</ele>
      </trkpt>
      <trkpt lat="46.067860000" lon="4.649420000">
        <ele>274.000</ele>
      </trkpt>
      <trkpt lat="46.068010000" lon="4.649330000">
        <ele>274.000</ele>
      </trkpt>
      <trkpt lat="46.068050000" lon="4.649310000">
        <ele>273.000</ele>
      </trkpt>
      <trkpt lat="46.068160000" lon="4.649380000">
        <ele>273.000</ele>
      </trkpt>
      <trkpt lat="46.068170000" lon="4.649390000">
        <ele>272.000</ele>
      </trkpt>
      <trkpt lat="46.068170000" lon="4.649410000">
        <ele>272.000</ele>
      </trkpt>
      <trkpt lat="46.068180000" lon="4.649420000">
        <ele>272.000</ele>
      </trkpt>
      <trkpt lat="46.068200000" lon="4.649430000">
        <ele>272.000</ele>
      </trkpt>
      <trkpt lat="46.068200000" lon="4.649440000">
        <ele>272.000</ele>
      </trkpt>
      <trkpt lat="46.068210000" lon="4.649440000">
        <ele>272.000</ele>
      </trkpt>
      <trkpt lat="46.068220000" lon="4.649450000">
        <ele>272.000</ele>
      </trkpt>
      <trkpt lat="46.068240000" lon="4.649450000">
        <ele>272.000</ele>
      </trkpt>
      <trkpt lat="46.068250000" lon="4.649450000">
        <ele>272.000</ele>
      </trkpt>
      <trkpt lat="46.068260000" lon="4.649450000">
        <ele>272.000</ele>
      </trkpt>
      <trkpt lat="46.068270000" lon="4.649440000">
        <ele>272.000</ele>
      </trkpt>
      <trkpt lat="46.068290000" lon="4.649430000">
        <ele>272.000</ele>
      </trkpt>
      <trkpt lat="46.068300000" lon="4.649420000">
        <ele>272.000</ele>
      </trkpt>
      <trkpt lat="46.068310000" lon="4.649400000">
        <ele>272.000</ele>
      </trkpt>
      <trkpt lat="46.068310000" lon="4.649390000">
        <ele>272.000</ele>
      </trkpt>
      <trkpt lat="46.068320000" lon="4.649370000">
        <ele>272.000</ele>
      </trkpt>
      <trkpt lat="46.068330000" lon="4.649350000">
        <ele>272.000</ele>
      </trkpt>
      <trkpt lat="46.068330000" lon="4.649330000">
        <ele>272.000</ele>
      </trkpt>
      <trkpt lat="46.068330000" lon="4.649310000">
        <ele>272.000</ele>
      </trkpt>
      <trkpt lat="46.068320000" lon="4.649290000">
        <ele>272.000</ele>
      </trkpt>
      <trkpt lat="46.068400000" lon="4.649140000">
        <ele>272.000</ele>
      </trkpt>
      <trkpt lat="46.068490000" lon="4.649090000">
        <ele>272.000</ele>
      </trkpt>
      <trkpt lat="46.068540000" lon="4.649060000">
        <ele>272.000</ele>
      </trkpt>
      <trkpt lat="46.068660000" lon="4.648990000">
        <ele>272.000</ele>
      </trkpt>
      <trkpt lat="46.068780000" lon="4.648910000">
        <ele>272.000</ele>
      </trkpt>
      <trkpt lat="46.068960000" lon="4.648810000">
        <ele>272.000</ele>
      </trkpt>
      <trkpt lat="46.069020000" lon="4.648780000">
        <ele>272.000</ele>
      </trkpt>
      <trkpt lat="46.069270000" lon="4.648630000">
        <ele>273.000</ele>
      </trkpt>
      <trkpt lat="46.069500000" lon="4.648480000">
        <ele>273.000</ele>
      </trkpt>
      <trkpt lat="46.069610000" lon="4.648380000">
        <ele>273.000</ele>
      </trkpt>
      <trkpt lat="46.069790000" lon="4.648270000">
        <ele>273.000</ele>
      </trkpt>
      <trkpt lat="46.069920000" lon="4.648200000">
        <ele>273.000</ele>
      </trkpt>
      <trkpt lat="46.070030000" lon="4.648150000">
        <ele>273.000</ele>
      </trkpt>
      <trkpt lat="46.070180000" lon="4.648080000">
        <ele>273.000</ele>
      </trkpt>
      <trkpt lat="46.070720000" lon="4.647970000">
        <ele>272.000</ele>
      </trkpt>
      <trkpt lat="46.070940000" lon="4.647910000">
        <ele>272.000</ele>
      </trkpt>
      <trkpt lat="46.071550000" lon="4.647740000">
        <ele>271.000</ele>
      </trkpt>
      <trkpt lat="46.073610000" lon="4.647190000">
        <ele>271.000</ele>
      </trkpt>
      <trkpt lat="46.074050000" lon="4.647080000">
        <ele>272.000</ele>
      </trkpt>
      <trkpt lat="46.075120000" lon="4.646800000">
        <ele>275.000</ele>
      </trkpt>
      <trkpt lat="46.075310000" lon="4.646760000">
        <ele>277.000</ele>
      </trkpt>
      <trkpt lat="46.075490000" lon="4.646690000">
        <ele>278.000</ele>
      </trkpt>
      <trkpt lat="46.077010000" lon="4.646120000">
        <ele>281.000</ele>
      </trkpt>
      <trkpt lat="46.077350000" lon="4.645980000">
        <ele>283.000</ele>
      </trkpt>
      <trkpt lat="46.077400000" lon="4.645970000">
        <ele>284.000</ele>
      </trkpt>
      <trkpt lat="46.077500000" lon="4.645930000">
        <ele>285.000</ele>
      </trkpt>
      <trkpt lat="46.077990000" lon="4.645740000">
        <ele>285.000</ele>
      </trkpt>
      <trkpt lat="46.078920000" lon="4.645420000">
        <ele>286.000</ele>
      </trkpt>
      <trkpt lat="46.078950000" lon="4.645410000">
        <ele>286.000</ele>
      </trkpt>
      <trkpt lat="46.079080000" lon="4.645360000">
        <ele>287.000</ele>
      </trkpt>
      <trkpt lat="46.079980000" lon="4.645130000">
        <ele>287.000</ele>
      </trkpt>
      <trkpt lat="46.080030000" lon="4.645110000">
        <ele>287.000</ele>
      </trkpt>
      <trkpt lat="46.080570000" lon="4.644960000">
        <ele>288.000</ele>
      </trkpt>
      <trkpt lat="46.081400000" lon="4.644730000">
        <ele>288.000</ele>
      </trkpt>
      <trkpt lat="46.081810000" lon="4.644620000">
        <ele>289.000</ele>
      </trkpt>
      <trkpt lat="46.082040000" lon="4.644560000">
        <ele>290.000</ele>
      </trkpt>
      <trkpt lat="46.082150000" lon="4.644540000">
        <ele>290.000</ele>
      </trkpt>
      <trkpt lat="46.082370000" lon="4.644530000">
        <ele>290.000</ele>
      </trkpt>
      <trkpt lat="46.082480000" lon="4.644550000">
        <ele>291.000</ele>
      </trkpt>
      <trkpt lat="46.082850000" lon="4.644590000">
        <ele>291.000</ele>
      </trkpt>
      <trkpt lat="46.083050000" lon="4.644610000">
        <ele>291.000</ele>
      </trkpt>
      <trkpt lat="46.083470000" lon="4.644730000">
        <ele>291.000</ele>
      </trkpt>
      <trkpt lat="46.085400000" lon="4.645540000">
        <ele>292.000</ele>
      </trkpt>
      <trkpt lat="46.085520000" lon="4.645580000">
        <ele>293.000</ele>
      </trkpt>
      <trkpt lat="46.085520000" lon="4.645640000">
        <ele>293.000</ele>
      </trkpt>
      <trkpt lat="46.085540000" lon="4.645700000">
        <ele>294.000</ele>
      </trkpt>
      <trkpt lat="46.085580000" lon="4.645740000">
        <ele>294.000</ele>
      </trkpt>
      <trkpt lat="46.085610000" lon="4.645750000">
        <ele>294.000</ele>
      </trkpt>
      <trkpt lat="46.085640000" lon="4.645750000">
        <ele>294.000</ele>
      </trkpt>
      <trkpt lat="46.085670000" lon="4.645730000">
        <ele>294.000</ele>
      </trkpt>
      <trkpt lat="46.085690000" lon="4.645710000">
        <ele>295.000</ele>
      </trkpt>
      <trkpt lat="46.085710000" lon="4.645680000">
        <ele>295.000</ele>
      </trkpt>
      <trkpt lat="46.085810000" lon="4.645720000">
        <ele>295.000</ele>
      </trkpt>
      <trkpt lat="46.086780000" lon="4.646230000">
        <ele>296.000</ele>
      </trkpt>
      <trkpt lat="46.087310000" lon="4.646540000">
        <ele>298.000</ele>
      </trkpt>
      <trkpt lat="46.087430000" lon="4.646580000">
        <ele>299.000</ele>
      </trkpt>
      <trkpt lat="46.087980000" lon="4.646720000">
        <ele>299.000</ele>
      </trkpt>
      <trkpt lat="46.088430000" lon="4.646670000">
        <ele>299.000</ele>
      </trkpt>
      <trkpt lat="46.088640000" lon="4.646700000">
        <ele>298.000</ele>
      </trkpt>
      <trkpt lat="46.088720000" lon="4.646720000">
        <ele>298.000</ele>
      </trkpt>
      <trkpt lat="46.088760000" lon="4.646730000">
        <ele>298.000</ele>
      </trkpt>
      <trkpt lat="46.088860000" lon="4.646760000">
        <ele>297.000</ele>
      </trkpt>
      <trkpt lat="46.088940000" lon="4.646780000">
        <ele>297.000</ele>
      </trkpt>
      <trkpt lat="46.088960000" lon="4.646790000">
        <ele>297.000</ele>
      </trkpt>
      <trkpt lat="46.089030000" lon="4.646800000">
        <ele>297.000</ele>
      </trkpt>
      <trkpt lat="46.089210000" lon="4.646860000">
        <ele>296.000</ele>
      </trkpt>
      <trkpt lat="46.089580000" lon="4.646950000">
        <ele>296.000</ele>
      </trkpt>
      <trkpt lat="46.089650000" lon="4.647010000">
        <ele>296.000</ele>
      </trkpt>
      <trkpt lat="46.089630000" lon="4.647030000">
        <ele>296.000</ele>
      </trkpt>
      <trkpt lat="46.089620000" lon="4.647060000">
        <ele>296.000</ele>
      </trkpt>
      <trkpt lat="46.089620000" lon="4.647090000">
        <ele>296.000</ele>
      </trkpt>
      <trkpt lat="46.089620000" lon="4.647120000">
        <ele>296.000</ele>
      </trkpt>
      <trkpt lat="46.089620000" lon="4.647140000">
        <ele>296.000</ele>
      </trkpt>
      <trkpt lat="46.089640000" lon="4.647170000">
        <ele>296.000</ele>
      </trkpt>
      <trkpt lat="46.089660000" lon="4.647180000">
        <ele>296.000</ele>
      </trkpt>
      <trkpt lat="46.089670000" lon="4.647190000">
        <ele>296.000</ele>
      </trkpt>
      <trkpt lat="46.089690000" lon="4.647190000">
        <ele>296.000</ele>
      </trkpt>
      <trkpt lat="46.089990000" lon="4.647770000">
        <ele>297.000</ele>
      </trkpt>
      <trkpt lat="46.090070000" lon="4.647920000">
        <ele>297.000</ele>
      </trkpt>
      <trkpt lat="46.090340000" lon="4.648480000">
        <ele>297.000</ele>
      </trkpt>
      <trkpt lat="46.090510000" lon="4.648650000">
        <ele>298.000</ele>
      </trkpt>
      <trkpt lat="46.090740000" lon="4.648820000">
        <ele>298.000</ele>
      </trkpt>
      <trkpt lat="46.090910000" lon="4.648930000">
        <ele>298.000</ele>
      </trkpt>
      <trkpt lat="46.091100000" lon="4.649040000">
        <ele>298.000</ele>
      </trkpt>
      <trkpt lat="46.091350000" lon="4.649250000">
        <ele>297.000</ele>
      </trkpt>
      <trkpt lat="46.091690000" lon="4.649550000">
        <ele>297.000</ele>
      </trkpt>
      <trkpt lat="46.092430000" lon="4.650380000">
        <ele>296.000</ele>
      </trkpt>
      <trkpt lat="46.092910000" lon="4.650760000">
        <ele>295.000</ele>
      </trkpt>
      <trkpt lat="46.093040000" lon="4.650880000">
        <ele>295.000</ele>
      </trkpt>
      <trkpt lat="46.093280000" lon="4.651180000">
        <ele>294.000</ele>
      </trkpt>
      <trkpt lat="46.093440000" lon="4.651400000">
        <ele>294.000</ele>
      </trkpt>
      <trkpt lat="46.093500000" lon="4.651470000">
        <ele>294.000</ele>
      </trkpt>
      <trkpt lat="46.093750000" lon="4.651700000">
        <ele>294.000</ele>
      </trkpt>
      <trkpt lat="46.094190000" lon="4.652080000">
        <ele>294.000</ele>
      </trkpt>
      <trkpt lat="46.094430000" lon="4.652230000">
        <ele>294.000</ele>
      </trkpt>
      <trkpt lat="46.094720000" lon="4.652370000">
        <ele>293.000</ele>
      </trkpt>
      <trkpt lat="46.094870000" lon="4.652430000">
        <ele>293.000</ele>
      </trkpt>
      <trkpt lat="46.095030000" lon="4.652490000">
        <ele>292.000</ele>
      </trkpt>
      <trkpt lat="46.095230000" lon="4.652610000">
        <ele>291.000</ele>
      </trkpt>
      <trkpt lat="46.095470000" lon="4.652830000">
        <ele>290.000</ele>
      </trkpt>
      <trkpt lat="46.095580000" lon="4.652950000">
        <ele>290.000</ele>
      </trkpt>
      <trkpt lat="46.095710000" lon="4.653130000">
        <ele>289.000</ele>
      </trkpt>
      <trkpt lat="46.095730000" lon="4.653160000">
        <ele>288.000</ele>
      </trkpt>
      <trkpt lat="46.096050000" lon="4.653560000">
        <ele>287.000</ele>
      </trkpt>
      <trkpt lat="46.096410000" lon="4.654060000">
        <ele>286.000</ele>
      </trkpt>
      <trkpt lat="46.096710000" lon="4.654630000">
        <ele>284.000</ele>
      </trkpt>
      <trkpt lat="46.096850000" lon="4.654980000">
        <ele>283.000</ele>
      </trkpt>
      <trkpt lat="46.096930000" lon="4.655320000">
        <ele>281.000</ele>
      </trkpt>
      <trkpt lat="46.097000000" lon="4.655650000">
        <ele>280.000</ele>
      </trkpt>
      <trkpt lat="46.097050000" lon="4.655970000">
        <ele>279.000</ele>
      </trkpt>
      <trkpt lat="46.097070000" lon="4.656250000">
        <ele>278.000</ele>
      </trkpt>
      <trkpt lat="46.097070000" lon="4.656340000">
        <ele>277.000</ele>
      </trkpt>
      <trkpt lat="46.097070000" lon="4.656340000">
        <ele>276.000</ele>
      </trkpt>
      <trkpt lat="46.097070000" lon="4.657440000">
        <ele>275.000</ele>
      </trkpt>
      <trkpt lat="46.097080000" lon="4.658760000">
        <ele>272.000</ele>
      </trkpt>
      <trkpt lat="46.097080000" lon="4.658780000">
        <ele>271.000</ele>
      </trkpt>
      <trkpt lat="46.097120000" lon="4.659390000">
        <ele>269.000</ele>
      </trkpt>
      <trkpt lat="46.097190000" lon="4.660040000">
        <ele>266.000</ele>
      </trkpt>
      <trkpt lat="46.097200000" lon="4.660250000">
        <ele>264.000</ele>
      </trkpt>
      <trkpt lat="46.097200000" lon="4.660590000">
        <ele>262.000</ele>
      </trkpt>
      <trkpt lat="46.097150000" lon="4.660980000">
        <ele>260.000</ele>
      </trkpt>
      <trkpt lat="46.097110000" lon="4.661370000">
        <ele>258.000</ele>
      </trkpt>
      <trkpt lat="46.097150000" lon="4.661550000">
        <ele>256.000</ele>
      </trkpt>
      <trkpt lat="46.097220000" lon="4.661670000">
        <ele>255.000</ele>
      </trkpt>
      <trkpt lat="46.097290000" lon="4.661730000">
        <ele>254.000</ele>
      </trkpt>
      <trkpt lat="46.097440000" lon="4.661780000">
        <ele>253.000</ele>
      </trkpt>
      <trkpt lat="46.097690000" lon="4.661850000">
        <ele>252.000</ele>
      </trkpt>
      <trkpt lat="46.097970000" lon="4.661910000">
        <ele>251.000</ele>
      </trkpt>
      <trkpt lat="46.098140000" lon="4.662000000">
        <ele>250.000</ele>
      </trkpt>
      <trkpt lat="46.098180000" lon="4.662030000">
        <ele>249.000</ele>
      </trkpt>
      <trkpt lat="46.098240000" lon="4.662060000">
        <ele>248.000</ele>
      </trkpt>
      <trkpt lat="46.098500000" lon="4.662360000">
        <ele>247.000</ele>
      </trkpt>
      <trkpt lat="46.098600000" lon="4.662480000">
        <ele>246.000</ele>
      </trkpt>
      <trkpt lat="46.098870000" lon="4.662810000">
        <ele>245.000</ele>
      </trkpt>
      <trkpt lat="46.099090000" lon="4.663180000">
        <ele>244.000</ele>
      </trkpt>
      <trkpt lat="46.099250000" lon="4.663590000">
        <ele>244.000</ele>
      </trkpt>
      <trkpt lat="46.099540000" lon="4.664560000">
        <ele>244.000</ele>
      </trkpt>
      <trkpt lat="46.099830000" lon="4.665350000">
        <ele>245.000</ele>
      </trkpt>
      <trkpt lat="46.100080000" lon="4.666010000">
        <ele>246.000</ele>
      </trkpt>
      <trkpt lat="46.100290000" lon="4.666520000">
        <ele>247.000</ele>
      </trkpt>
      <trkpt lat="46.100570000" lon="4.666890000">
        <ele>249.000</ele>
      </trkpt>
      <trkpt lat="46.100940000" lon="4.667300000">
        <ele>251.000</ele>
      </trkpt>
      <trkpt lat="46.101330000" lon="4.667700000">
        <ele>253.000</ele>
      </trkpt>
      <trkpt lat="46.101360000" lon="4.667730000">
        <ele>254.000</ele>
      </trkpt>
      <trkpt lat="46.101500000" lon="4.667830000">
        <ele>255.000</ele>
      </trkpt>
      <trkpt lat="46.102320000" lon="4.668310000">
        <ele>255.000</ele>
      </trkpt>
      <trkpt lat="46.103020000" lon="4.668560000">
        <ele>256.000</ele>
      </trkpt>
      <trkpt lat="46.103170000" lon="4.668620000">
        <ele>256.000</ele>
      </trkpt>
      <trkpt lat="46.103270000" lon="4.668690000">
        <ele>256.000</ele>
      </trkpt>
      <trkpt lat="46.103360000" lon="4.668770000">
        <ele>256.000</ele>
      </trkpt>
      <trkpt lat="46.103490000" lon="4.668860000">
        <ele>256.000</ele>
      </trkpt>
      <trkpt lat="46.103820000" lon="4.669170000">
        <ele>256.000</ele>
      </trkpt>
      <trkpt lat="46.104110000" lon="4.669360000">
        <ele>256.000</ele>
      </trkpt>
      <trkpt lat="46.104560000" lon="4.669530000">
        <ele>256.000</ele>
      </trkpt>
      <trkpt lat="46.104640000" lon="4.669570000">
        <ele>256.000</ele>
      </trkpt>
      <trkpt lat="46.104800000" lon="4.669670000">
        <ele>256.000</ele>
      </trkpt>
      <trkpt lat="46.104920000" lon="4.669790000">
        <ele>256.000</ele>
      </trkpt>
      <trkpt lat="46.105040000" lon="4.669960000">
        <ele>256.000</ele>
      </trkpt>
      <trkpt lat="46.105120000" lon="4.670080000">
        <ele>256.000</ele>
      </trkpt>
      <trkpt lat="46.105190000" lon="4.670150000">
        <ele>256.000</ele>
      </trkpt>
      <trkpt lat="46.105240000" lon="4.670190000">
        <ele>256.000</ele>
      </trkpt>
      <trkpt lat="46.105310000" lon="4.670230000">
        <ele>256.000</ele>
      </trkpt>
      <trkpt lat="46.105360000" lon="4.670250000">
        <ele>256.000</ele>
      </trkpt>
      <trkpt lat="46.105450000" lon="4.670260000">
        <ele>256.000</ele>
      </trkpt>
      <trkpt lat="46.105480000" lon="4.670260000">
        <ele>256.000</ele>
      </trkpt>
      <trkpt lat="46.105520000" lon="4.670260000">
        <ele>256.000</ele>
      </trkpt>
      <trkpt lat="46.105620000" lon="4.670240000">
        <ele>256.000</ele>
      </trkpt>
      <trkpt lat="46.105750000" lon="4.670200000">
        <ele>256.000</ele>
      </trkpt>
      <trkpt lat="46.105870000" lon="4.670160000">
        <ele>256.000</ele>
      </trkpt>
      <trkpt lat="46.106140000" lon="4.670050000">
        <ele>256.000</ele>
      </trkpt>
      <trkpt lat="46.106480000" lon="4.669920000">
        <ele>256.000</ele>
      </trkpt>
      <trkpt lat="46.106590000" lon="4.669900000">
        <ele>256.000</ele>
      </trkpt>
      <trkpt lat="46.106900000" lon="4.670010000">
        <ele>256.000</ele>
      </trkpt>
      <trkpt lat="46.107010000" lon="4.670060000">
        <ele>255.000</ele>
      </trkpt>
      <trkpt lat="46.107370000" lon="4.670230000">
        <ele>254.000</ele>
      </trkpt>
      <trkpt lat="46.107950000" lon="4.670510000">
        <ele>252.000</ele>
      </trkpt>
      <trkpt lat="46.108170000" lon="4.670630000">
        <ele>251.000</ele>
      </trkpt>
      <trkpt lat="46.108310000" lon="4.670750000">
        <ele>249.000</ele>
      </trkpt>
      <trkpt lat="46.108530000" lon="4.671010000">
        <ele>248.000</ele>
      </trkpt>
      <trkpt lat="46.108620000" lon="4.671120000">
        <ele>247.000</ele>
      </trkpt>
      <trkpt lat="46.108760000" lon="4.671260000">
        <ele>246.000</ele>
      </trkpt>
      <trkpt lat="46.108900000" lon="4.671390000">
        <ele>245.000</ele>
      </trkpt>
      <trkpt lat="46.108950000" lon="4.671430000">
        <ele>245.000</ele>
      </trkpt>
      <trkpt lat="46.109080000" lon="4.671540000">
        <ele>244.000</ele>
      </trkpt>
      <trkpt lat="46.109140000" lon="4.671590000">
        <ele>244.000</ele>
      </trkpt>
      <trkpt lat="46.109320000" lon="4.671710000">
        <ele>243.000</ele>
      </trkpt>
      <trkpt lat="46.109680000" lon="4.671830000">
        <ele>242.000</ele>
      </trkpt>
      <trkpt lat="46.109800000" lon="4.671860000">
        <ele>242.000</ele>
      </trkpt>
      <trkpt lat="46.109990000" lon="4.671910000">
        <ele>241.000</ele>
      </trkpt>
      <trkpt lat="46.110200000" lon="4.671950000">
        <ele>240.000</ele>
      </trkpt>
      <trkpt lat="46.110320000" lon="4.672000000">
        <ele>240.000</ele>
      </trkpt>
      <trkpt lat="46.110500000" lon="4.672100000">
        <ele>240.000</ele>
      </trkpt>
      <trkpt lat="46.110990000" lon="4.672440000">
        <ele>240.000</ele>
      </trkpt>
      <trkpt lat="46.111080000" lon="4.672490000">
        <ele>240.000</ele>
      </trkpt>
      <trkpt lat="46.111190000" lon="4.672520000">
        <ele>240.000</ele>
      </trkpt>
      <trkpt lat="46.111290000" lon="4.672550000">
        <ele>240.000</ele>
      </trkpt>
      <trkpt lat="46.111390000" lon="4.672560000">
        <ele>240.000</ele>
      </trkpt>
      <trkpt lat="46.111700000" lon="4.672540000">
        <ele>240.000</ele>
      </trkpt>
      <trkpt lat="46.111910000" lon="4.672540000">
        <ele>240.000</ele>
      </trkpt>
      <trkpt lat="46.111970000" lon="4.672540000">
        <ele>240.000</ele>
      </trkpt>
      <trkpt lat="46.112060000" lon="4.672550000">
        <ele>240.000</ele>
      </trkpt>
      <trkpt lat="46.112250000" lon="4.672630000">
        <ele>240.000</ele>
      </trkpt>
      <trkpt lat="46.112430000" lon="4.672740000">
        <ele>240.000</ele>
      </trkpt>
      <trkpt lat="46.112540000" lon="4.672760000">
        <ele>240.000</ele>
      </trkpt>
      <trkpt lat="46.112630000" lon="4.672740000">
        <ele>240.000</ele>
      </trkpt>
      <trkpt lat="46.112760000" lon="4.672700000">
        <ele>240.000</ele>
      </trkpt>
      <trkpt lat="46.112920000" lon="4.672720000">
        <ele>240.000</ele>
      </trkpt>
      <trkpt lat="46.112970000" lon="4.672750000">
        <ele>240.000</ele>
      </trkpt>
      <trkpt lat="46.113010000" lon="4.672800000">
        <ele>241.000</ele>
      </trkpt>
      <trkpt lat="46.113070000" lon="4.672970000">
        <ele>241.000</ele>
      </trkpt>
      <trkpt lat="46.113140000" lon="4.673110000">
        <ele>241.000</ele>
      </trkpt>
      <trkpt lat="46.113470000" lon="4.673540000">
        <ele>241.000</ele>
      </trkpt>
      <trkpt lat="46.113530000" lon="4.673610000">
        <ele>241.000</ele>
      </trkpt>
      <trkpt lat="46.113590000" lon="4.673760000">
        <ele>242.000</ele>
      </trkpt>
      <trkpt lat="46.113840000" lon="4.673890000">
        <ele>242.000</ele>
      </trkpt>
      <trkpt lat="46.114090000" lon="4.673940000">
        <ele>243.000</ele>
      </trkpt>
      <trkpt lat="46.114270000" lon="4.674000000">
        <ele>244.000</ele>
      </trkpt>
      <trkpt lat="46.114580000" lon="4.674020000">
        <ele>245.000</ele>
      </trkpt>
      <trkpt lat="46.114970000" lon="4.674070000">
        <ele>247.000</ele>
      </trkpt>
      <trkpt lat="46.115420000" lon="4.674060000">
        <ele>248.000</ele>
      </trkpt>
      <trkpt lat="46.115860000" lon="4.674020000">
        <ele>249.000</ele>
      </trkpt>
      <trkpt lat="46.116090000" lon="4.673940000">
        <ele>249.000</ele>
      </trkpt>
      <trkpt lat="46.116150000" lon="4.673920000">
        <ele>249.000</ele>
      </trkpt>
      <trkpt lat="46.116470000" lon="4.673820000">
        <ele>248.000</ele>
      </trkpt>
      <trkpt lat="46.116810000" lon="4.673830000">
        <ele>248.000</ele>
      </trkpt>
      <trkpt lat="46.116940000" lon="4.673770000">
        <ele>247.000</ele>
      </trkpt>
      <trkpt lat="46.117020000" lon="4.673730000">
        <ele>247.000</ele>
      </trkpt>
      <trkpt lat="46.117360000" lon="4.673630000">
        <ele>246.000</ele>
      </trkpt>
      <trkpt lat="46.117720000" lon="4.673400000">
        <ele>245.000</ele>
      </trkpt>
      <trkpt lat="46.117870000" lon="4.673230000">
        <ele>243.000</ele>
      </trkpt>
      <trkpt lat="46.118120000" lon="4.672930000">
        <ele>242.000</ele>
      </trkpt>
      <trkpt lat="46.118270000" lon="4.672670000">
        <ele>241.000</ele>
      </trkpt>
      <trkpt lat="46.118480000" lon="4.672210000">
        <ele>239.000</ele>
      </trkpt>
      <trkpt lat="46.118560000" lon="4.672090000">
        <ele>238.000</ele>
      </trkpt>
      <trkpt lat="46.118730000" lon="4.671880000">
        <ele>236.000</ele>
      </trkpt>
      <trkpt lat="46.118910000" lon="4.671730000">
        <ele>235.000</ele>
      </trkpt>
      <trkpt lat="46.119050000" lon="4.671620000">
        <ele>234.000</ele>
      </trkpt>
      <trkpt lat="46.119140000" lon="4.671570000">
        <ele>234.000</ele>
      </trkpt>
      <trkpt lat="46.119450000" lon="4.671480000">
        <ele>233.000</ele>
      </trkpt>
      <trkpt lat="46.119520000" lon="4.671460000">
        <ele>233.000</ele>
      </trkpt>
      <trkpt lat="46.119530000" lon="4.671600000">
        <ele>233.000</ele>
      </trkpt>
      <trkpt lat="46.119550000" lon="4.671950000">
        <ele>232.000</ele>
      </trkpt>
      <trkpt lat="46.119560000" lon="4.672180000">
        <ele>232.000</ele>
      </trkpt>
      <trkpt lat="46.119620000" lon="4.673340000">
        <ele>232.000</ele>
      </trkpt>
      <trkpt lat="46.119670000" lon="4.674520000">
        <ele>231.000</ele>
      </trkpt>
      <trkpt lat="46.119670000" lon="4.674520000">
        <ele>230.000</ele>
      </trkpt>
      <trkpt lat="46.119700000" lon="4.675300000">
        <ele>230.000</ele>
      </trkpt>
      <trkpt lat="46.119710000" lon="4.675640000">
        <ele>229.000</ele>
      </trkpt>
      <trkpt lat="46.119720000" lon="4.675710000">
        <ele>229.000</ele>
      </trkpt>
      <trkpt lat="46.119780000" lon="4.676310000">
        <ele>228.000</ele>
      </trkpt>
      <trkpt lat="46.119800000" lon="4.676510000">
        <ele>228.000</ele>
      </trkpt>
      <trkpt lat="46.119750000" lon="4.676520000">
        <ele>228.000</ele>
      </trkpt>
      <trkpt lat="46.119710000" lon="4.676550000">
        <ele>227.000</ele>
      </trkpt>
      <trkpt lat="46.119680000" lon="4.676600000">
        <ele>227.000</ele>
      </trkpt>
      <trkpt lat="46.119660000" lon="4.676660000">
        <ele>227.000</ele>
      </trkpt>
      <trkpt lat="46.119660000" lon="4.676720000">
        <ele>227.000</ele>
      </trkpt>
      <trkpt lat="46.119670000" lon="4.676790000">
        <ele>227.000</ele>
      </trkpt>
      <trkpt lat="46.119690000" lon="4.676840000">
        <ele>227.000</ele>
      </trkpt>
      <trkpt lat="46.119730000" lon="4.676890000">
        <ele>227.000</ele>
      </trkpt>
      <trkpt lat="46.119770000" lon="4.676910000">
        <ele>227.000</ele>
      </trkpt>
      <trkpt lat="46.119810000" lon="4.676920000">
        <ele>227.000</ele>
      </trkpt>
      <trkpt lat="46.119860000" lon="4.676900000">
        <ele>226.000</ele>
      </trkpt>
      <trkpt lat="46.119900000" lon="4.676860000">
        <ele>226.000</ele>
      </trkpt>
      <trkpt lat="46.119930000" lon="4.676810000">
        <ele>226.000</ele>
      </trkpt>
      <trkpt lat="46.119940000" lon="4.676750000">
        <ele>226.000</ele>
      </trkpt>
      <trkpt lat="46.120090000" lon="4.676750000">
        <ele>226.000</ele>
      </trkpt>
      <trkpt lat="46.120180000" lon="4.676770000">
        <ele>226.000</ele>
      </trkpt>
      <trkpt lat="46.120260000" lon="4.676850000">
        <ele>226.000</ele>
      </trkpt>
      <trkpt lat="46.120320000" lon="4.677040000">
        <ele>225.000</ele>
      </trkpt>
      <trkpt lat="46.120420000" lon="4.677490000">
        <ele>225.000</ele>
      </trkpt>
      <trkpt lat="46.120470000" lon="4.677670000">
        <ele>225.000</ele>
      </trkpt>
      <trkpt lat="46.120530000" lon="4.678020000">
        <ele>224.000</ele>
      </trkpt>
      <trkpt lat="46.120670000" lon="4.678600000">
        <ele>224.000</ele>
      </trkpt>
      <trkpt lat="46.120880000" lon="4.679380000">
        <ele>223.000</ele>
      </trkpt>
      <trkpt lat="46.121110000" lon="4.679730000">
        <ele>223.000</ele>
      </trkpt>
      <trkpt lat="46.121440000" lon="4.680190000">
        <ele>222.000</ele>
      </trkpt>
      <trkpt lat="46.121650000" lon="4.680270000">
        <ele>221.000</ele>
      </trkpt>
      <trkpt lat="46.121690000" lon="4.680280000">
        <ele>220.000</ele>
      </trkpt>
      <trkpt lat="46.121980000" lon="4.680270000">
        <ele>220.000</ele>
      </trkpt>
      <trkpt lat="46.122310000" lon="4.680040000">
        <ele>218.000</ele>
      </trkpt>
      <trkpt lat="46.122730000" lon="4.679790000">
        <ele>217.000</ele>
      </trkpt>
      <trkpt lat="46.122770000" lon="4.679760000">
        <ele>216.000</ele>
      </trkpt>
      <trkpt lat="46.123120000" lon="4.679600000">
        <ele>215.000</ele>
      </trkpt>
      <trkpt lat="46.123200000" lon="4.679610000">
        <ele>214.000</ele>
      </trkpt>
      <trkpt lat="46.123310000" lon="4.679640000">
        <ele>213.000</ele>
      </trkpt>
      <trkpt lat="46.123400000" lon="4.679730000">
        <ele>212.000</ele>
      </trkpt>
      <trkpt lat="46.123440000" lon="4.679820000">
        <ele>212.000</ele>
      </trkpt>
      <trkpt lat="46.123460000" lon="4.679850000">
        <ele>212.000</ele>
      </trkpt>
      <trkpt lat="46.123510000" lon="4.679980000">
        <ele>212.000</ele>
      </trkpt>
      <trkpt lat="46.123660000" lon="4.680710000">
        <ele>212.000</ele>
      </trkpt>
      <trkpt lat="46.123700000" lon="4.680900000">
        <ele>212.000</ele>
      </trkpt>
      <trkpt lat="46.123770000" lon="4.681060000">
        <ele>212.000</ele>
      </trkpt>
      <trkpt lat="46.123890000" lon="4.681240000">
        <ele>212.000</ele>
      </trkpt>
      <trkpt lat="46.124220000" lon="4.681690000">
        <ele>212.000</ele>
      </trkpt>
      <trkpt lat="46.124330000" lon="4.681850000">
        <ele>211.000</ele>
      </trkpt>
      <trkpt lat="46.124470000" lon="4.682080000">
        <ele>211.000</ele>
      </trkpt>
      <trkpt lat="46.124790000" lon="4.682680000">
        <ele>211.000</ele>
      </trkpt>
      <trkpt lat="46.125070000" lon="4.683180000">
        <ele>210.000</ele>
      </trkpt>
      <trkpt lat="46.125190000" lon="4.683440000">
        <ele>209.000</ele>
      </trkpt>
      <trkpt lat="46.125260000" lon="4.683680000">
        <ele>209.000</ele>
      </trkpt>
      <trkpt lat="46.125270000" lon="4.683700000">
        <ele>208.000</ele>
      </trkpt>
      <trkpt lat="46.125370000" lon="4.684130000">
        <ele>208.000</ele>
      </trkpt>
      <trkpt lat="46.125390000" lon="4.684200000">
        <ele>207.000</ele>
      </trkpt>
      <trkpt lat="46.125510000" lon="4.684620000">
        <ele>207.000</ele>
      </trkpt>
      <trkpt lat="46.125630000" lon="4.684850000">
        <ele>207.000</ele>
      </trkpt>
      <trkpt lat="46.125780000" lon="4.685050000">
        <ele>206.000</ele>
      </trkpt>
      <trkpt lat="46.126170000" lon="4.685430000">
        <ele>206.000</ele>
      </trkpt>
      <trkpt lat="46.126340000" lon="4.685640000">
        <ele>206.000</ele>
      </trkpt>
      <trkpt lat="46.126580000" lon="4.686030000">
        <ele>206.000</ele>
      </trkpt>
      <trkpt lat="46.126860000" lon="4.686470000">
        <ele>206.000</ele>
      </trkpt>
      <trkpt lat="46.127010000" lon="4.686780000">
        <ele>207.000</ele>
      </trkpt>
      <trkpt lat="46.127300000" lon="4.687500000">
        <ele>208.000</ele>
      </trkpt>
      <trkpt lat="46.127490000" lon="4.687910000">
        <ele>209.000</ele>
      </trkpt>
      <trkpt lat="46.127580000" lon="4.688130000">
        <ele>209.000</ele>
      </trkpt>
      <trkpt lat="46.127630000" lon="4.688280000">
        <ele>210.000</ele>
      </trkpt>
      <trkpt lat="46.127680000" lon="4.688490000">
        <ele>211.000</ele>
      </trkpt>
      <trkpt lat="46.127770000" lon="4.689350000">
        <ele>211.000</ele>
      </trkpt>
      <trkpt lat="46.127810000" lon="4.689620000">
        <ele>211.000</ele>
      </trkpt>
      <trkpt lat="46.127870000" lon="4.689830000">
        <ele>212.000</ele>
      </trkpt>
      <trkpt lat="46.128000000" lon="4.690160000">
        <ele>212.000</ele>
      </trkpt>
      <trkpt lat="46.128270000" lon="4.690780000">
        <ele>212.000</ele>
      </trkpt>
      <trkpt lat="46.128370000" lon="4.691030000">
        <ele>212.000</ele>
      </trkpt>
      <trkpt lat="46.128430000" lon="4.691280000">
        <ele>212.000</ele>
      </trkpt>
      <trkpt lat="46.128530000" lon="4.691720000">
        <ele>212.000</ele>
      </trkpt>
      <trkpt lat="46.128610000" lon="4.692050000">
        <ele>212.000</ele>
      </trkpt>
      <trkpt lat="46.128680000" lon="4.692430000">
        <ele>212.000</ele>
      </trkpt>
      <trkpt lat="46.128700000" lon="4.692620000">
        <ele>212.000</ele>
      </trkpt>
      <trkpt lat="46.128740000" lon="4.693060000">
        <ele>212.000</ele>
      </trkpt>
      <trkpt lat="46.128770000" lon="4.693270000">
        <ele>212.000</ele>
      </trkpt>
      <trkpt lat="46.128810000" lon="4.693450000">
        <ele>212.000</ele>
      </trkpt>
      <trkpt lat="46.129080000" lon="4.694340000">
        <ele>211.000</ele>
      </trkpt>
      <trkpt lat="46.129130000" lon="4.694520000">
        <ele>211.000</ele>
      </trkpt>
      <trkpt lat="46.129200000" lon="4.694800000">
        <ele>211.000</ele>
      </trkpt>
      <trkpt lat="46.129210000" lon="4.695030000">
        <ele>211.000</ele>
      </trkpt>
      <trkpt lat="46.129210000" lon="4.695730000">
        <ele>211.000</ele>
      </trkpt>
      <trkpt lat="46.129200000" lon="4.695890000">
        <ele>211.000</ele>
      </trkpt>
      <trkpt lat="46.129160000" lon="4.696010000">
        <ele>211.000</ele>
      </trkpt>
      <trkpt lat="46.129140000" lon="4.696070000">
        <ele>211.000</ele>
      </trkpt>
      <trkpt lat="46.129110000" lon="4.696170000">
        <ele>210.000</ele>
      </trkpt>
      <trkpt lat="46.129050000" lon="4.696370000">
        <ele>210.000</ele>
      </trkpt>
      <trkpt lat="46.129020000" lon="4.696580000">
        <ele>210.000</ele>
      </trkpt>
      <trkpt lat="46.129000000" lon="4.696870000">
        <ele>210.000</ele>
      </trkpt>
      <trkpt lat="46.129010000" lon="4.696940000">
        <ele>210.000</ele>
      </trkpt>
      <trkpt lat="46.129050000" lon="4.697120000">
        <ele>210.000</ele>
      </trkpt>
      <trkpt lat="46.129110000" lon="4.697250000">
        <ele>210.000</ele>
      </trkpt>
      <trkpt lat="46.129150000" lon="4.697310000">
        <ele>210.000</ele>
      </trkpt>
      <trkpt lat="46.129190000" lon="4.697370000">
        <ele>210.000</ele>
      </trkpt>
      <trkpt lat="46.129290000" lon="4.697460000">
        <ele>209.000</ele>
      </trkpt>
      <trkpt lat="46.129510000" lon="4.697520000">
        <ele>209.000</ele>
      </trkpt>
      <trkpt lat="46.130130000" lon="4.697590000">
        <ele>209.000</ele>
      </trkpt>
      <trkpt lat="46.130580000" lon="4.697620000">
        <ele>209.000</ele>
      </trkpt>
      <trkpt lat="46.130900000" lon="4.697630000">
        <ele>210.000</ele>
      </trkpt>
      <trkpt lat="46.131080000" lon="4.697680000">
        <ele>210.000</ele>
      </trkpt>
      <trkpt lat="46.131250000" lon="4.697780000">
        <ele>211.000</ele>
      </trkpt>
      <trkpt lat="46.131380000" lon="4.697890000">
        <ele>211.000</ele>
      </trkpt>
      <trkpt lat="46.131560000" lon="4.698060000">
        <ele>212.000</ele>
      </trkpt>
      <trkpt lat="46.131730000" lon="4.698340000">
        <ele>213.000</ele>
      </trkpt>
      <trkpt lat="46.131880000" lon="4.698650000">
        <ele>213.000</ele>
      </trkpt>
      <trkpt lat="46.131900000" lon="4.698680000">
        <ele>214.000</ele>
      </trkpt>
      <trkpt lat="46.132270000" lon="4.699530000">
        <ele>214.000</ele>
      </trkpt>
      <trkpt lat="46.132440000" lon="4.699920000">
        <ele>215.000</ele>
      </trkpt>
      <trkpt lat="46.132480000" lon="4.700040000">
        <ele>216.000</ele>
      </trkpt>
      <trkpt lat="46.132530000" lon="4.700230000">
        <ele>216.000</ele>
      </trkpt>
      <trkpt lat="46.132590000" lon="4.700560000">
        <ele>217.000</ele>
      </trkpt>
      <trkpt lat="46.132740000" lon="4.701310000">
        <ele>217.000</ele>
      </trkpt>
      <trkpt lat="46.132770000" lon="4.701480000">
        <ele>218.000</ele>
      </trkpt>
      <trkpt lat="46.132790000" lon="4.701560000">
        <ele>218.000</ele>
      </trkpt>
      <trkpt lat="46.132960000" lon="4.702110000">
        <ele>218.000</ele>
      </trkpt>
      <trkpt lat="46.133200000" lon="4.702910000">
        <ele>218.000</ele>
      </trkpt>
      <trkpt lat="46.133510000" lon="4.703910000">
        <ele>218.000</ele>
      </trkpt>
      <trkpt lat="46.133730000" lon="4.704630000">
        <ele>218.000</ele>
      </trkpt>
      <trkpt lat="46.133870000" lon="4.705090000">
        <ele>218.000</ele>
      </trkpt>
      <trkpt lat="46.134060000" lon="4.705710000">
        <ele>218.000</ele>
      </trkpt>
      <trkpt lat="46.134130000" lon="4.705870000">
        <ele>219.000</ele>
      </trkpt>
      <trkpt lat="46.134180000" lon="4.706010000">
        <ele>219.000</ele>
      </trkpt>
      <trkpt lat="46.134210000" lon="4.706080000">
        <ele>219.000</ele>
      </trkpt>
      <trkpt lat="46.134240000" lon="4.706140000">
        <ele>219.000</ele>
      </trkpt>
      <trkpt lat="46.134200000" lon="4.706170000">
        <ele>219.000</ele>
      </trkpt>
      <trkpt lat="46.134150000" lon="4.706250000">
        <ele>219.000</ele>
      </trkpt>
      <trkpt lat="46.134100000" lon="4.706390000">
        <ele>219.000</ele>
      </trkpt>
      <trkpt lat="46.134080000" lon="4.706510000">
        <ele>219.000</ele>
      </trkpt>
      <trkpt lat="46.134050000" lon="4.706630000">
        <ele>219.000</ele>
      </trkpt>
      <trkpt lat="46.134040000" lon="4.706710000">
        <ele>219.000</ele>
      </trkpt>
      <trkpt lat="46.134020000" lon="4.706810000">
        <ele>219.000</ele>
      </trkpt>
      <trkpt lat="46.133990000" lon="4.707060000">
        <ele>219.000</ele>
      </trkpt>
      <trkpt lat="46.133960000" lon="4.707280000">
        <ele>219.000</ele>
      </trkpt>
      <trkpt lat="46.133940000" lon="4.707440000">
        <ele>219.000</ele>
      </trkpt>
      <trkpt lat="46.133890000" lon="4.707770000">
        <ele>219.000</ele>
      </trkpt>
      <trkpt lat="46.133820000" lon="4.708060000">
        <ele>219.000</ele>
      </trkpt>
      <trkpt lat="46.133770000" lon="4.708180000">
        <ele>219.000</ele>
      </trkpt>
      <trkpt lat="46.133670000" lon="4.708560000">
        <ele>219.000</ele>
      </trkpt>
      <trkpt lat="46.133560000" lon="4.708970000">
        <ele>219.000</ele>
      </trkpt>
      <trkpt lat="46.133550000" lon="4.709040000">
        <ele>219.000</ele>
      </trkpt>
      <trkpt lat="46.133460000" lon="4.709470000">
        <ele>219.000</ele>
      </trkpt>
      <trkpt lat="46.133030000" lon="4.711460000">
        <ele>216.000</ele>
      </trkpt>
      <trkpt lat="46.132950000" lon="4.711730000">
        <ele>213.000</ele>
      </trkpt>
      <trkpt lat="46.132850000" lon="4.711920000">
        <ele>212.000</ele>
      </trkpt>
      <trkpt lat="46.132720000" lon="4.712080000">
        <ele>211.000</ele>
      </trkpt>
      <trkpt lat="46.132550000" lon="4.712250000">
        <ele>210.000</ele>
      </trkpt>
      <trkpt lat="46.132330000" lon="4.712340000">
        <ele>209.000</ele>
      </trkpt>
      <trkpt lat="46.131880000" lon="4.712440000">
        <ele>208.000</ele>
      </trkpt>
      <trkpt lat="46.131070000" lon="4.712600000">
        <ele>207.000</ele>
      </trkpt>
      <trkpt lat="46.131070000" lon="4.712600000">
        <ele>207.000</ele>
      </trkpt>
      <trkpt lat="46.130800000" lon="4.712650000">
        <ele>206.000</ele>
      </trkpt>
      <trkpt lat="46.130080000" lon="4.712810000">
        <ele>204.000</ele>
      </trkpt>
      <trkpt lat="46.129550000" lon="4.712910000">
        <ele>202.000</ele>
      </trkpt>
      <trkpt lat="46.129350000" lon="4.712940000">
        <ele>201.000</ele>
      </trkpt>
      <trkpt lat="46.129330000" lon="4.712940000">
        <ele>199.000</ele>
      </trkpt>
      <trkpt lat="46.129200000" lon="4.712940000">
        <ele>198.000</ele>
      </trkpt>
      <trkpt lat="46.129030000" lon="4.712940000">
        <ele>198.000</ele>
      </trkpt>
      <trkpt lat="46.128440000" lon="4.712870000">
        <ele>197.000</ele>
      </trkpt>
      <trkpt lat="46.128270000" lon="4.712840000">
        <ele>196.000</ele>
      </trkpt>
      <trkpt lat="46.128150000" lon="4.712820000">
        <ele>195.000</ele>
      </trkpt>
      <trkpt lat="46.128060000" lon="4.712790000">
        <ele>195.000</ele>
      </trkpt>
      <trkpt lat="46.127910000" lon="4.712730000">
        <ele>194.000</ele>
      </trkpt>
      <trkpt lat="46.127720000" lon="4.712590000">
        <ele>194.000</ele>
      </trkpt>
      <trkpt lat="46.127640000" lon="4.712550000">
        <ele>193.000</ele>
      </trkpt>
      <trkpt lat="46.127520000" lon="4.712520000">
        <ele>193.000</ele>
      </trkpt>
      <trkpt lat="46.127280000" lon="4.712560000">
        <ele>192.000</ele>
      </trkpt>
      <trkpt lat="46.126420000" lon="4.713250000">
        <ele>192.000</ele>
      </trkpt>
      <trkpt lat="46.125830000" lon="4.713730000">
        <ele>192.000</ele>
      </trkpt>
      <trkpt lat="46.124250000" lon="4.715080000">
        <ele>192.000</ele>
      </trkpt>
      <trkpt lat="46.124120000" lon="4.715220000">
        <ele>192.000</ele>
      </trkpt>
      <trkpt lat="46.124000000" lon="4.715390000">
        <ele>192.000</ele>
      </trkpt>
      <trkpt lat="46.123910000" lon="4.715550000">
        <ele>192.000</ele>
      </trkpt>
      <trkpt lat="46.123710000" lon="4.715870000">
        <ele>192.000</ele>
      </trkpt>
      <trkpt lat="46.123570000" lon="4.716120000">
        <ele>192.000</ele>
      </trkpt>
      <trkpt lat="46.122620000" lon="4.717700000">
        <ele>192.000</ele>
      </trkpt>
      <trkpt lat="46.122410000" lon="4.718050000">
        <ele>192.000</ele>
      </trkpt>
      <trkpt lat="46.122080000" lon="4.718620000">
        <ele>192.000</ele>
      </trkpt>
      <trkpt lat="46.121830000" lon="4.719030000">
        <ele>192.000</ele>
      </trkpt>
      <trkpt lat="46.121680000" lon="4.719280000">
        <ele>192.000</ele>
      </trkpt>
      <trkpt lat="46.121550000" lon="4.719500000">
        <ele>192.000</ele>
      </trkpt>
      <trkpt lat="46.121330000" lon="4.720080000">
        <ele>192.000</ele>
      </trkpt>
      <trkpt lat="46.121310000" lon="4.720140000">
        <ele>192.000</ele>
      </trkpt>
      <trkpt lat="46.121250000" lon="4.720270000">
        <ele>192.000</ele>
      </trkpt>
      <trkpt lat="46.121180000" lon="4.720350000">
        <ele>192.000</ele>
      </trkpt>
      <trkpt lat="46.121110000" lon="4.720410000">
        <ele>192.000</ele>
      </trkpt>
      <trkpt lat="46.121080000" lon="4.720350000">
        <ele>192.000</ele>
      </trkpt>
      <trkpt lat="46.121050000" lon="4.720300000">
        <ele>192.000</ele>
      </trkpt>
      <trkpt lat="46.121010000" lon="4.720270000">
        <ele>192.000</ele>
      </trkpt>
      <trkpt lat="46.120960000" lon="4.720250000">
        <ele>192.000</ele>
      </trkpt>
      <trkpt lat="46.120910000" lon="4.720260000">
        <ele>192.000</ele>
      </trkpt>
      <trkpt lat="46.120860000" lon="4.720290000">
        <ele>192.000</ele>
      </trkpt>
      <trkpt lat="46.120820000" lon="4.720340000">
        <ele>192.000</ele>
      </trkpt>
      <trkpt lat="46.120790000" lon="4.720400000">
        <ele>192.000</ele>
      </trkpt>
      <trkpt lat="46.120780000" lon="4.720470000">
        <ele>192.000</ele>
      </trkpt>
      <trkpt lat="46.120780000" lon="4.720540000">
        <ele>192.000</ele>
      </trkpt>
      <trkpt lat="46.120730000" lon="4.720510000">
        <ele>192.000</ele>
      </trkpt>
      <trkpt lat="46.120680000" lon="4.720500000">
        <ele>192.000</ele>
      </trkpt>
      <trkpt lat="46.120620000" lon="4.720510000">
        <ele>192.000</ele>
      </trkpt>
      <trkpt lat="46.120560000" lon="4.720530000">
        <ele>192.000</ele>
      </trkpt>
      <trkpt lat="46.120450000" lon="4.720610000">
        <ele>191.000</ele>
      </trkpt>
      <trkpt lat="46.120380000" lon="4.720680000">
        <ele>191.000</ele>
      </trkpt>
      <trkpt lat="46.120300000" lon="4.720810000">
        <ele>191.000</ele>
      </trkpt>
      <trkpt lat="46.120250000" lon="4.720960000">
        <ele>191.000</ele>
      </trkpt>
      <trkpt lat="46.120210000" lon="4.721320000">
        <ele>191.000</ele>
      </trkpt>
      <trkpt lat="46.120170000" lon="4.721600000">
        <ele>191.000</ele>
      </trkpt>
      <trkpt lat="46.120130000" lon="4.721760000">
        <ele>191.000</ele>
      </trkpt>
      <trkpt lat="46.120080000" lon="4.721910000">
        <ele>191.000</ele>
      </trkpt>
      <trkpt lat="46.119960000" lon="4.722130000">
        <ele>190.000</ele>
      </trkpt>
      <trkpt lat="46.119600000" lon="4.722750000">
        <ele>190.000</ele>
      </trkpt>
      <trkpt lat="46.119540000" lon="4.722850000">
        <ele>190.000</ele>
      </trkpt>
      <trkpt lat="46.118970000" lon="4.723790000">
        <ele>189.000</ele>
      </trkpt>
      <trkpt lat="46.118760000" lon="4.724070000">
        <ele>189.000</ele>
      </trkpt>
      <trkpt lat="46.118460000" lon="4.724380000">
        <ele>189.000</ele>
      </trkpt>
      <trkpt lat="46.117550000" lon="4.725110000">
        <ele>189.000</ele>
      </trkpt>
      <trkpt lat="46.116980000" lon="4.725550000">
        <ele>190.000</ele>
      </trkpt>
      <trkpt lat="46.116640000" lon="4.725810000">
        <ele>190.000</ele>
      </trkpt>
      <trkpt lat="46.115790000" lon="4.726470000">
        <ele>190.000</ele>
      </trkpt>
      <trkpt lat="46.115540000" lon="4.726660000">
        <ele>190.000</ele>
      </trkpt>
      <trkpt lat="46.114920000" lon="4.727130000">
        <ele>189.000</ele>
      </trkpt>
      <trkpt lat="46.114670000" lon="4.727320000">
        <ele>189.000</ele>
      </trkpt>
      <trkpt lat="46.114080000" lon="4.727830000">
        <ele>189.000</ele>
      </trkpt>
      <trkpt lat="46.114000000" lon="4.727890000">
        <ele>189.000</ele>
      </trkpt>
      <trkpt lat="46.113980000" lon="4.727850000">
        <ele>189.000</ele>
      </trkpt>
      <trkpt lat="46.113950000" lon="4.727820000">
        <ele>189.000</ele>
      </trkpt>
      <trkpt lat="46.113920000" lon="4.727800000">
        <ele>189.000</ele>
      </trkpt>
      <trkpt lat="46.113890000" lon="4.727800000">
        <ele>189.000</ele>
      </trkpt>
      <trkpt lat="46.113860000" lon="4.727810000">
        <ele>189.000</ele>
      </trkpt>
      <trkpt lat="46.113830000" lon="4.727830000">
        <ele>189.000</ele>
      </trkpt>
      <trkpt lat="46.113810000" lon="4.727870000">
        <ele>189.000</ele>
      </trkpt>
      <trkpt lat="46.113790000" lon="4.727910000">
        <ele>189.000</ele>
      </trkpt>
      <trkpt lat="46.113790000" lon="4.727960000">
        <ele>189.000</ele>
      </trkpt>
      <trkpt lat="46.113800000" lon="4.728010000">
        <ele>189.000</ele>
      </trkpt>
      <trkpt lat="46.113810000" lon="4.728050000">
        <ele>189.000</ele>
      </trkpt>
      <trkpt lat="46.113830000" lon="4.728080000">
        <ele>189.000</ele>
      </trkpt>
      <trkpt lat="46.113860000" lon="4.728110000">
        <ele>189.000</ele>
      </trkpt>
      <trkpt lat="46.113890000" lon="4.728110000">
        <ele>189.000</ele>
      </trkpt>
      <trkpt lat="46.113930000" lon="4.728110000">
        <ele>189.000</ele>
      </trkpt>
      <trkpt lat="46.113940000" lon="4.728280000">
        <ele>189.000</ele>
      </trkpt>
      <trkpt lat="46.113930000" lon="4.728410000">
        <ele>189.000</ele>
      </trkpt>
      <trkpt lat="46.113860000" lon="4.728980000">
        <ele>189.000</ele>
      </trkpt>
      <trkpt lat="46.113850000" lon="4.729100000">
        <ele>189.000</ele>
      </trkpt>
      <trkpt lat="46.113820000" lon="4.729420000">
        <ele>189.000</ele>
      </trkpt>
      <trkpt lat="46.113740000" lon="4.730010000">
        <ele>189.000</ele>
      </trkpt>
      <trkpt lat="46.113690000" lon="4.730240000">
        <ele>189.000</ele>
      </trkpt>
      <trkpt lat="46.113620000" lon="4.730480000">
        <ele>189.000</ele>
      </trkpt>
      <trkpt lat="46.113500000" lon="4.730770000">
        <ele>189.000</ele>
      </trkpt>
      <trkpt lat="46.113370000" lon="4.731020000">
        <ele>189.000</ele>
      </trkpt>
      <trkpt lat="46.113250000" lon="4.731190000">
        <ele>189.000</ele>
      </trkpt>
      <trkpt lat="46.113230000" lon="4.731220000">
        <ele>189.000</ele>
      </trkpt>
      <trkpt lat="46.113130000" lon="4.731360000">
        <ele>189.000</ele>
      </trkpt>
      <trkpt lat="46.112980000" lon="4.731540000">
        <ele>189.000</ele>
      </trkpt>
      <trkpt lat="46.112850000" lon="4.731670000">
        <ele>189.000</ele>
      </trkpt>
      <trkpt lat="46.112620000" lon="4.731880000">
        <ele>189.000</ele>
      </trkpt>
      <trkpt lat="46.112550000" lon="4.731920000">
        <ele>189.000</ele>
      </trkpt>
      <trkpt lat="46.112320000" lon="4.732080000">
        <ele>189.000</ele>
      </trkpt>
      <trkpt lat="46.112270000" lon="4.732070000">
        <ele>189.000</ele>
      </trkpt>
      <trkpt lat="46.112250000" lon="4.732070000">
        <ele>189.000</ele>
      </trkpt>
      <trkpt lat="46.112160000" lon="4.732060000">
        <ele>189.000</ele>
      </trkpt>
      <trkpt lat="46.112120000" lon="4.732290000">
        <ele>189.000</ele>
      </trkpt>
      <trkpt lat="46.111930000" lon="4.733300000">
        <ele>189.000</ele>
      </trkpt>
      <trkpt lat="46.111910000" lon="4.733420000">
        <ele>189.000</ele>
      </trkpt>
      <trkpt lat="46.111740000" lon="4.734330000">
        <ele>189.000</ele>
      </trkpt>
      <trkpt lat="46.111690000" lon="4.734620000">
        <ele>189.000</ele>
      </trkpt>
      <trkpt lat="46.111630000" lon="4.734880000">
        <ele>189.000</ele>
      </trkpt>
      <trkpt lat="46.111520000" lon="4.735520000">
        <ele>190.000</ele>
      </trkpt>
      <trkpt lat="46.111430000" lon="4.735960000">
        <ele>190.000</ele>
      </trkpt>
      <trkpt lat="46.110890000" lon="4.738790000">
        <ele>190.000</ele>
      </trkpt>
      <trkpt lat="46.110880000" lon="4.738820000">
        <ele>190.000</ele>
      </trkpt>
      <trkpt lat="46.110880000" lon="4.738820000">
        <ele>190.000</ele>
      </trkpt>
      <trkpt lat="46.110720000" lon="4.739660000">
        <ele>189.000</ele>
      </trkpt>
      <trkpt lat="46.110690000" lon="4.739850000">
        <ele>189.000</ele>
      </trkpt>
      <trkpt lat="46.110570000" lon="4.740440000">
        <ele>189.000</ele>
      </trkpt>
      <trkpt lat="46.110470000" lon="4.740990000">
        <ele>189.000</ele>
      </trkpt>
      <trkpt lat="46.110330000" lon="4.741750000">
        <ele>188.000</ele>
      </trkpt>
      <trkpt lat="46.110140000" lon="4.742720000">
        <ele>188.000</ele>
      </trkpt>
      <trkpt lat="46.110030000" lon="4.743320000">
        <ele>187.000</ele>
      </trkpt>
      <trkpt lat="46.109970000" lon="4.743620000">
        <ele>187.000</ele>
      </trkpt>
      <trkpt lat="46.109900000" lon="4.744010000">
        <ele>186.000</ele>
      </trkpt>
      <trkpt lat="46.109880000" lon="4.744100000">
        <ele>186.000</ele>
      </trkpt>
      <trkpt lat="46.109740000" lon="4.744880000">
        <ele>185.000</ele>
      </trkpt>
      <trkpt lat="46.109720000" lon="4.745000000">
        <ele>185.000</ele>
      </trkpt>
      <trkpt lat="46.109600000" lon="4.745630000">
        <ele>184.000</ele>
      </trkpt>
      <trkpt lat="46.109560000" lon="4.745820000">
        <ele>183.000</ele>
      </trkpt>
      <trkpt lat="46.109550000" lon="4.745890000">
        <ele>183.000</ele>
      </trkpt>
      <trkpt lat="46.109530000" lon="4.745970000">
        <ele>182.000</ele>
      </trkpt>
      <trkpt lat="46.109500000" lon="4.746160000">
        <ele>182.000</ele>
      </trkpt>
      <trkpt lat="46.109430000" lon="4.746530000">
        <ele>181.000</ele>
      </trkpt>
      <trkpt lat="46.109390000" lon="4.746760000">
        <ele>180.000</ele>
      </trkpt>
      <trkpt lat="46.109330000" lon="4.747040000">
        <ele>179.000</ele>
      </trkpt>
      <trkpt lat="46.109330000" lon="4.747070000">
        <ele>179.000</ele>
      </trkpt>
      <trkpt lat="46.109260000" lon="4.747430000">
        <ele>178.000</ele>
      </trkpt>
      <trkpt lat="46.109180000" lon="4.747870000">
        <ele>177.000</ele>
      </trkpt>
      <trkpt lat="46.109130000" lon="4.748100000">
        <ele>177.000</ele>
      </trkpt>
      <trkpt lat="46.109110000" lon="4.748210000">
        <ele>177.000</ele>
      </trkpt>
      <trkpt lat="46.109100000" lon="4.748270000">
        <ele>177.000</ele>
      </trkpt>
      <trkpt lat="46.109020000" lon="4.748710000">
        <ele>177.000</ele>
      </trkpt>
      <trkpt lat="46.108990000" lon="4.748870000">
        <ele>177.000</ele>
      </trkpt>
      <trkpt lat="46.108980000" lon="4.748920000">
        <ele>177.000</ele>
      </trkpt>
      <trkpt lat="46.108870000" lon="4.749520000">
        <ele>177.000</ele>
      </trkpt>
      <trkpt lat="46.108820000" lon="4.749730000">
        <ele>177.000</ele>
      </trkpt>
      <trkpt lat="46.108790000" lon="4.749920000">
        <ele>177.000</ele>
      </trkpt>
      <trkpt lat="46.108680000" lon="4.750460000">
        <ele>177.000</ele>
      </trkpt>
      <trkpt lat="46.108600000" lon="4.750890000">
        <ele>177.000</ele>
      </trkpt>
      <trkpt lat="46.108590000" lon="4.750950000">
        <ele>177.000</ele>
      </trkpt>
      <trkpt lat="46.108530000" lon="4.751250000">
        <ele>177.000</ele>
      </trkpt>
      <trkpt lat="46.108420000" lon="4.751850000">
        <ele>177.000</ele>
      </trkpt>
      <trkpt lat="46.108410000" lon="4.751900000">
        <ele>177.000</ele>
      </trkpt>
      <trkpt lat="46.108350000" lon="4.752190000">
        <ele>177.000</ele>
      </trkpt>
      <trkpt lat="46.108330000" lon="4.752310000">
        <ele>177.000</ele>
      </trkpt>
      <trkpt lat="46.108260000" lon="4.752560000">
        <ele>177.000</ele>
      </trkpt>
      <trkpt lat="46.108190000" lon="4.752780000">
        <ele>177.000</ele>
      </trkpt>
      <trkpt lat="46.108030000" lon="4.753210000">
        <ele>177.000</ele>
      </trkpt>
      <trkpt lat="46.107950000" lon="4.753390000">
        <ele>176.000</ele>
      </trkpt>
      <trkpt lat="46.107890000" lon="4.753360000">
        <ele>176.000</ele>
      </trkpt>
      <trkpt lat="46.107850000" lon="4.753360000">
        <ele>176.000</ele>
      </trkpt>
      <trkpt lat="46.107790000" lon="4.753380000">
        <ele>176.000</ele>
      </trkpt>
      <trkpt lat="46.107750000" lon="4.753430000">
        <ele>176.000</ele>
      </trkpt>
      <trkpt lat="46.107710000" lon="4.753500000">
        <ele>176.000</ele>
      </trkpt>
      <trkpt lat="46.107690000" lon="4.753590000">
        <ele>176.000</ele>
      </trkpt>
      <trkpt lat="46.107690000" lon="4.753640000">
        <ele>176.000</ele>
      </trkpt>
      <trkpt lat="46.107610000" lon="4.753720000">
        <ele>176.000</ele>
      </trkpt>
      <trkpt lat="46.107550000" lon="4.753760000">
        <ele>176.000</ele>
      </trkpt>
      <trkpt lat="46.107440000" lon="4.753840000">
        <ele>175.000</ele>
      </trkpt>
      <trkpt lat="46.107310000" lon="4.753960000">
        <ele>175.000</ele>
      </trkpt>
      <trkpt lat="46.107080000" lon="4.754270000">
        <ele>175.000</ele>
      </trkpt>
      <trkpt lat="46.106960000" lon="4.754400000">
        <ele>175.000</ele>
      </trkpt>
      <trkpt lat="46.106110000" lon="4.755470000">
        <ele>174.000</ele>
      </trkpt>
      <trkpt lat="46.105900000" lon="4.755730000">
        <ele>173.000</ele>
      </trkpt>
      <trkpt lat="46.105560000" lon="4.756160000">
        <ele>173.000</ele>
      </trkpt>
      <trkpt lat="46.105180000" lon="4.756660000">
        <ele>173.000</ele>
      </trkpt>
      <trkpt lat="46.104440000" lon="4.757620000">
        <ele>172.000</ele>
      </trkpt>
      <trkpt lat="46.104200000" lon="4.757920000">
        <ele>172.000</ele>
      </trkpt>
      <trkpt lat="46.104140000" lon="4.757960000">
        <ele>172.000</ele>
      </trkpt>
      <trkpt lat="46.104070000" lon="4.758010000">
        <ele>172.000</ele>
      </trkpt>
      <trkpt lat="46.104010000" lon="4.758040000">
        <ele>173.000</ele>
      </trkpt>
      <trkpt lat="46.103970000" lon="4.758030000">
        <ele>173.000</ele>
      </trkpt>
      <trkpt lat="46.103940000" lon="4.758050000">
        <ele>173.000</ele>
      </trkpt>
      <trkpt lat="46.103910000" lon="4.758070000">
        <ele>173.000</ele>
      </trkpt>
      <trkpt lat="46.103880000" lon="4.758110000">
        <ele>173.000</ele>
      </trkpt>
      <trkpt lat="46.103870000" lon="4.758160000">
        <ele>173.000</ele>
      </trkpt>
      <trkpt lat="46.103870000" lon="4.758220000">
        <ele>173.000</ele>
      </trkpt>
      <trkpt lat="46.103880000" lon="4.758270000">
        <ele>173.000</ele>
      </trkpt>
      <trkpt lat="46.103870000" lon="4.758450000">
        <ele>174.000</ele>
      </trkpt>
      <trkpt lat="46.103850000" lon="4.758530000">
        <ele>174.000</ele>
      </trkpt>
      <trkpt lat="46.103590000" lon="4.759310000">
        <ele>174.000</ele>
      </trkpt>
      <trkpt lat="46.103540000" lon="4.759440000">
        <ele>175.000</ele>
      </trkpt>
      <trkpt lat="46.103280000" lon="4.760200000">
        <ele>176.000</ele>
      </trkpt>
      <trkpt lat="46.103270000" lon="4.760240000">
        <ele>176.000</ele>
      </trkpt>
      <trkpt lat="46.103270000" lon="4.760250000">
        <ele>177.000</ele>
      </trkpt>
      <trkpt lat="46.103210000" lon="4.760400000">
        <ele>177.000</ele>
      </trkpt>
      <trkpt lat="46.103140000" lon="4.760540000">
        <ele>176.000</ele>
      </trkpt>
      <trkpt lat="46.103040000" lon="4.760770000">
        <ele>176.000</ele>
      </trkpt>
      <trkpt lat="46.102920000" lon="4.761040000">
        <ele>175.000</ele>
      </trkpt>
      <trkpt lat="46.102850000" lon="4.761210000">
        <ele>175.000</ele>
      </trkpt>
      <trkpt lat="46.102520000" lon="4.761910000">
        <ele>173.000</ele>
      </trkpt>
      <trkpt lat="46.102040000" lon="4.762980000">
        <ele>171.000</ele>
      </trkpt>
      <trkpt lat="46.101920000" lon="4.763230000">
        <ele>169.000</ele>
      </trkpt>
      <trkpt lat="46.101920000" lon="4.763240000">
        <ele>168.000</ele>
      </trkpt>
      <trkpt lat="46.101860000" lon="4.763440000">
        <ele>168.000</ele>
      </trkpt>
      <trkpt lat="46.101760000" lon="4.763970000">
        <ele>168.000</ele>
      </trkpt>
      <trkpt lat="46.101660000" lon="4.764620000">
        <ele>168.000</ele>
      </trkpt>
      <trkpt lat="46.101620000" lon="4.764840000">
        <ele>169.000</ele>
      </trkpt>
      <trkpt lat="46.101560000" lon="4.765240000">
        <ele>170.000</ele>
      </trkpt>
      <trkpt lat="46.101460000" lon="4.765820000">
        <ele>171.000</ele>
      </trkpt>
      <trkpt lat="46.100990000" lon="4.768600000">
        <ele>172.000</ele>
      </trkpt>
      <trkpt lat="46.100950000" lon="4.768820000">
        <ele>173.000</ele>
      </trkpt>
      <trkpt lat="46.100910000" lon="4.769080000">
        <ele>174.000</ele>
      </trkpt>
      <trkpt lat="46.100870000" lon="4.769370000">
        <ele>175.000</ele>
      </trkpt>
      <trkpt lat="46.100820000" lon="4.769650000">
        <ele>175.000</ele>
      </trkpt>
      <trkpt lat="46.100770000" lon="4.769750000">
        <ele>176.000</ele>
      </trkpt>
      <trkpt lat="46.100720000" lon="4.769820000">
        <ele>176.000</ele>
      </trkpt>
      <trkpt lat="46.100700000" lon="4.769850000">
        <ele>177.000</ele>
      </trkpt>
      <trkpt lat="46.100650000" lon="4.769830000">
        <ele>177.000</ele>
      </trkpt>
      <trkpt lat="46.100600000" lon="4.769840000">
        <ele>177.000</ele>
      </trkpt>
      <trkpt lat="46.100560000" lon="4.769870000">
        <ele>178.000</ele>
      </trkpt>
      <trkpt lat="46.100530000" lon="4.769910000">
        <ele>178.000</ele>
      </trkpt>
      <trkpt lat="46.100510000" lon="4.769960000">
        <ele>178.000</ele>
      </trkpt>
      <trkpt lat="46.100500000" lon="4.770020000">
        <ele>178.000</ele>
      </trkpt>
      <trkpt lat="46.100510000" lon="4.770070000">
        <ele>178.000</ele>
      </trkpt>
      <trkpt lat="46.100520000" lon="4.770130000">
        <ele>178.000</ele>
      </trkpt>
      <trkpt lat="46.100550000" lon="4.770180000">
        <ele>178.000</ele>
      </trkpt>
      <trkpt lat="46.100590000" lon="4.770210000">
        <ele>179.000</ele>
      </trkpt>
      <trkpt lat="46.100620000" lon="4.770300000">
        <ele>179.000</ele>
      </trkpt>
      <trkpt lat="46.100650000" lon="4.770410000">
        <ele>179.000</ele>
      </trkpt>
      <trkpt lat="46.100640000" lon="4.770600000">
        <ele>179.000</ele>
      </trkpt>
      <trkpt lat="46.100590000" lon="4.770930000">
        <ele>180.000</ele>
      </trkpt>
      <trkpt lat="46.100510000" lon="4.771420000">
        <ele>180.000</ele>
      </trkpt>
      <trkpt lat="46.100510000" lon="4.771470000">
        <ele>181.000</ele>
      </trkpt>
      <trkpt lat="46.100430000" lon="4.771990000">
        <ele>181.000</ele>
      </trkpt>
      <trkpt lat="46.100430000" lon="4.772050000">
        <ele>182.000</ele>
      </trkpt>
      <trkpt lat="46.100340000" lon="4.772610000">
        <ele>183.000</ele>
      </trkpt>
      <trkpt lat="46.100310000" lon="4.772790000">
        <ele>183.000</ele>
      </trkpt>
      <trkpt lat="46.100220000" lon="4.773410000">
        <ele>184.000</ele>
      </trkpt>
      <trkpt lat="46.100200000" lon="4.773660000">
        <ele>185.000</ele>
      </trkpt>
      <trkpt lat="46.100190000" lon="4.773720000">
        <ele>186.000</ele>
      </trkpt>
      <trkpt lat="46.100170000" lon="4.773870000">
        <ele>186.000</ele>
      </trkpt>
      <trkpt lat="46.100130000" lon="4.774040000">
        <ele>187.000</ele>
      </trkpt>
      <trkpt lat="46.100110000" lon="4.774150000">
        <ele>187.000</ele>
      </trkpt>
      <trkpt lat="46.100090000" lon="4.774220000">
        <ele>188.000</ele>
      </trkpt>
      <trkpt lat="46.100050000" lon="4.774330000">
        <ele>188.000</ele>
      </trkpt>
      <trkpt lat="46.100030000" lon="4.774390000">
        <ele>189.000</ele>
      </trkpt>
      <trkpt lat="46.100010000" lon="4.774400000">
        <ele>189.000</ele>
      </trkpt>
      <trkpt lat="46.099980000" lon="4.774440000">
        <ele>189.000</ele>
      </trkpt>
      <trkpt lat="46.099950000" lon="4.774490000">
        <ele>189.000</ele>
      </trkpt>
      <trkpt lat="46.099940000" lon="4.774540000">
        <ele>190.000</ele>
      </trkpt>
      <trkpt lat="46.099940000" lon="4.774600000">
        <ele>190.000</ele>
      </trkpt>
      <trkpt lat="46.099950000" lon="4.774650000">
        <ele>190.000</ele>
      </trkpt>
      <trkpt lat="46.099970000" lon="4.774690000">
        <ele>190.000</ele>
      </trkpt>
      <trkpt lat="46.099980000" lon="4.774770000">
        <ele>191.000</ele>
      </trkpt>
      <trkpt lat="46.099980000" lon="4.774830000">
        <ele>191.000</ele>
      </trkpt>
      <trkpt lat="46.099960000" lon="4.774930000">
        <ele>191.000</ele>
      </trkpt>
      <trkpt lat="46.099850000" lon="4.775550000">
        <ele>192.000</ele>
      </trkpt>
      <trkpt lat="46.099740000" lon="4.776230000">
        <ele>193.000</ele>
      </trkpt>
      <trkpt lat="46.099690000" lon="4.776460000">
        <ele>195.000</ele>
      </trkpt>
      <trkpt lat="46.099580000" lon="4.777130000">
        <ele>196.000</ele>
      </trkpt>
      <trkpt lat="46.099550000" lon="4.777290000">
        <ele>197.000</ele>
      </trkpt>
      <trkpt lat="46.099460000" lon="4.777830000">
        <ele>198.000</ele>
      </trkpt>
      <trkpt lat="46.099420000" lon="4.778210000">
        <ele>199.000</ele>
      </trkpt>
      <trkpt lat="46.099250000" lon="4.779200000">
        <ele>200.000</ele>
      </trkpt>
      <trkpt lat="46.098870000" lon="4.781460000">
        <ele>201.000</ele>
      </trkpt>
      <trkpt lat="46.098870000" lon="4.781460000">
        <ele>202.000</ele>
      </trkpt>
      <trkpt lat="46.098850000" lon="4.781630000">
        <ele>202.000</ele>
      </trkpt>
      <trkpt lat="46.098800000" lon="4.781900000">
        <ele>203.000</ele>
      </trkpt>
      <trkpt lat="46.098310000" lon="4.784780000">
        <ele>204.000</ele>
      </trkpt>
      <trkpt lat="46.098230000" lon="4.785360000">
        <ele>205.000</ele>
      </trkpt>
      <trkpt lat="46.097880000" lon="4.787430000">
        <ele>204.000</ele>
      </trkpt>
      <trkpt lat="46.097390000" lon="4.790370000">
        <ele>201.000</ele>
      </trkpt>
      <trkpt lat="46.097110000" lon="4.792010000">
        <ele>200.000</ele>
      </trkpt>
      <trkpt lat="46.096970000" lon="4.792830000">
        <ele>199.000</ele>
      </trkpt>
      <trkpt lat="46.096870000" lon="4.793270000">
        <ele>199.000</ele>
      </trkpt>
      <trkpt lat="46.096840000" lon="4.793540000">
        <ele>200.000</ele>
      </trkpt>
      <trkpt lat="46.096830000" lon="4.793660000">
        <ele>200.000</ele>
      </trkpt>
      <trkpt lat="46.096820000" lon="4.793750000">
        <ele>200.000</ele>
      </trkpt>
      <trkpt lat="46.096800000" lon="4.793860000">
        <ele>200.000</ele>
      </trkpt>
      <trkpt lat="46.096650000" lon="4.794800000">
        <ele>201.000</ele>
      </trkpt>
      <trkpt lat="46.096470000" lon="4.795840000">
        <ele>203.000</ele>
      </trkpt>
      <trkpt lat="46.096400000" lon="4.796270000">
        <ele>204.000</ele>
      </trkpt>
      <trkpt lat="46.096370000" lon="4.796440000">
        <ele>205.000</ele>
      </trkpt>
      <trkpt lat="46.096340000" lon="4.796600000">
        <ele>206.000</ele>
      </trkpt>
      <trkpt lat="46.096310000" lon="4.796780000">
        <ele>207.000</ele>
      </trkpt>
      <trkpt lat="46.096290000" lon="4.796920000">
        <ele>207.000</ele>
      </trkpt>
      <trkpt lat="46.096270000" lon="4.797010000">
        <ele>208.000</ele>
      </trkpt>
      <trkpt lat="46.096210000" lon="4.797410000">
        <ele>208.000</ele>
      </trkpt>
      <trkpt lat="46.096180000" lon="4.797620000">
        <ele>209.000</ele>
      </trkpt>
      <trkpt lat="46.096090000" lon="4.798110000">
        <ele>210.000</ele>
      </trkpt>
      <trkpt lat="46.096070000" lon="4.798290000">
        <ele>211.000</ele>
      </trkpt>
      <trkpt lat="46.096000000" lon="4.798700000">
        <ele>212.000</ele>
      </trkpt>
      <trkpt lat="46.095970000" lon="4.798850000">
        <ele>212.000</ele>
      </trkpt>
      <trkpt lat="46.095950000" lon="4.799000000">
        <ele>212.000</ele>
      </trkpt>
      <trkpt lat="46.095930000" lon="4.799510000">
        <ele>212.000</ele>
      </trkpt>
      <trkpt lat="46.095920000" lon="4.799900000">
        <ele>212.000</ele>
      </trkpt>
      <trkpt lat="46.095920000" lon="4.800630000">
        <ele>211.000</ele>
      </trkpt>
      <trkpt lat="46.095960000" lon="4.801760000">
        <ele>210.000</ele>
      </trkpt>
      <trkpt lat="46.096000000" lon="4.803450000">
        <ele>209.000</ele>
      </trkpt>
      <trkpt lat="46.096050000" lon="4.805950000">
        <ele>208.000</ele>
      </trkpt>
      <trkpt lat="46.096070000" lon="4.806540000">
        <ele>207.000</ele>
      </trkpt>
      <trkpt lat="46.096110000" lon="4.808020000">
        <ele>206.000</ele>
      </trkpt>
      <trkpt lat="46.096110000" lon="4.808120000">
        <ele>205.000</ele>
      </trkpt>
      <trkpt lat="46.096120000" lon="4.808380000">
        <ele>204.000</ele>
      </trkpt>
      <trkpt lat="46.096180000" lon="4.810920000">
        <ele>203.000</ele>
      </trkpt>
      <trkpt lat="46.096280000" lon="4.815040000">
        <ele>202.000</ele>
      </trkpt>
      <trkpt lat="46.096280000" lon="4.815250000">
        <ele>201.000</ele>
      </trkpt>
      <trkpt lat="46.096300000" lon="4.815900000">
        <ele>202.000</ele>
      </trkpt>
      <trkpt lat="46.096290000" lon="4.816650000">
        <ele>204.000</ele>
      </trkpt>
      <trkpt lat="46.096280000" lon="4.816920000">
        <ele>206.000</ele>
      </trkpt>
      <trkpt lat="46.096240000" lon="4.817210000">
        <ele>208.000</ele>
      </trkpt>
      <trkpt lat="46.096150000" lon="4.817910000">
        <ele>210.000</ele>
      </trkpt>
      <trkpt lat="46.096090000" lon="4.818420000">
        <ele>213.000</ele>
      </trkpt>
      <trkpt lat="46.096030000" lon="4.819040000">
        <ele>214.000</ele>
      </trkpt>
      <trkpt lat="46.096010000" lon="4.819420000">
        <ele>216.000</ele>
      </trkpt>
      <trkpt lat="46.096010000" lon="4.819820000">
        <ele>217.000</ele>
      </trkpt>
      <trkpt lat="46.096020000" lon="4.820280000">
        <ele>218.000</ele>
      </trkpt>
      <trkpt lat="46.096050000" lon="4.820850000">
        <ele>219.000</ele>
      </trkpt>
      <trkpt lat="46.096190000" lon="4.821780000">
        <ele>221.000</ele>
      </trkpt>
      <trkpt lat="46.096280000" lon="4.822210000">
        <ele>222.000</ele>
      </trkpt>
      <trkpt lat="46.096430000" lon="4.823420000">
        <ele>223.000</ele>
      </trkpt>
      <trkpt lat="46.096480000" lon="4.824220000">
        <ele>225.000</ele>
      </trkpt>
      <trkpt lat="46.096530000" lon="4.826260000">
        <ele>228.000</ele>
      </trkpt>
      <trkpt lat="46.096650000" lon="4.831270000">
        <ele>230.000</ele>
      </trkpt>
      <trkpt lat="46.096690000" lon="4.832780000">
        <ele>232.000</ele>
      </trkpt>
      <trkpt lat="46.096710000" lon="4.833850000">
        <ele>234.000</ele>
      </trkpt>
      <trkpt lat="46.096800000" lon="4.837400000">
        <ele>236.000</ele>
      </trkpt>
      <trkpt lat="46.096920000" lon="4.842120000">
        <ele>243.000</ele>
      </trkpt>
      <trkpt lat="46.096940000" lon="4.842990000">
        <ele>247.000</ele>
      </trkpt>
      <trkpt lat="46.096950000" lon="4.843560000">
        <ele>250.000</ele>
      </trkpt>
      <trkpt lat="46.096950000" lon="4.843920000">
        <ele>252.000</ele>
      </trkpt>
      <trkpt lat="46.096970000" lon="4.844240000">
        <ele>253.000</ele>
      </trkpt>
      <trkpt lat="46.096980000" lon="4.844500000">
        <ele>254.000</ele>
      </trkpt>
      <trkpt lat="46.097040000" lon="4.845220000">
        <ele>255.000</ele>
      </trkpt>
      <trkpt lat="46.097120000" lon="4.845940000">
        <ele>255.000</ele>
      </trkpt>
      <trkpt lat="46.097160000" lon="4.846370000">
        <ele>254.000</ele>
      </trkpt>
      <trkpt lat="46.097190000" lon="4.846660000">
        <ele>254.000</ele>
      </trkpt>
      <trkpt lat="46.097200000" lon="4.846890000">
        <ele>254.000</ele>
      </trkpt>
      <trkpt lat="46.097210000" lon="4.847050000">
        <ele>253.000</ele>
      </trkpt>
      <trkpt lat="46.097210000" lon="4.847210000">
        <ele>253.000</ele>
      </trkpt>
      <trkpt lat="46.097200000" lon="4.847410000">
        <ele>253.000</ele>
      </trkpt>
      <trkpt lat="46.097200000" lon="4.847560000">
        <ele>252.000</ele>
      </trkpt>
      <trkpt lat="46.097190000" lon="4.847730000">
        <ele>252.000</ele>
      </trkpt>
      <trkpt lat="46.097130000" lon="4.848460000">
        <ele>252.000</ele>
      </trkpt>
      <trkpt lat="46.097090000" lon="4.848910000">
        <ele>252.000</ele>
      </trkpt>
      <trkpt lat="46.097080000" lon="4.849030000">
        <ele>252.000</ele>
      </trkpt>
      <trkpt lat="46.097080000" lon="4.849200000">
        <ele>252.000</ele>
      </trkpt>
      <trkpt lat="46.097090000" lon="4.849480000">
        <ele>253.000</ele>
      </trkpt>
      <trkpt lat="46.097080000" lon="4.849830000">
        <ele>253.000</ele>
      </trkpt>
      <trkpt lat="46.097090000" lon="4.850070000">
        <ele>254.000</ele>
      </trkpt>
      <trkpt lat="46.097100000" lon="4.850670000">
        <ele>255.000</ele>
      </trkpt>
      <trkpt lat="46.097100000" lon="4.850880000">
        <ele>256.000</ele>
      </trkpt>
      <trkpt lat="46.097120000" lon="4.851290000">
        <ele>257.000</ele>
      </trkpt>
      <trkpt lat="46.097190000" lon="4.851640000">
        <ele>257.000</ele>
      </trkpt>
      <trkpt lat="46.097750000" lon="4.853850000">
        <ele>259.000</ele>
      </trkpt>
      <trkpt lat="46.097810000" lon="4.854080000">
        <ele>260.000</ele>
      </trkpt>
      <trkpt lat="46.097860000" lon="4.854270000">
        <ele>261.000</ele>
      </trkpt>
      <trkpt lat="46.098010000" lon="4.854830000">
        <ele>262.000</ele>
      </trkpt>
      <trkpt lat="46.098060000" lon="4.855020000">
        <ele>263.000</ele>
      </trkpt>
      <trkpt lat="46.098120000" lon="4.855370000">
        <ele>263.000</ele>
      </trkpt>
      <trkpt lat="46.098160000" lon="4.855540000">
        <ele>264.000</ele>
      </trkpt>
      <trkpt lat="46.098170000" lon="4.855610000">
        <ele>264.000</ele>
      </trkpt>
      <trkpt lat="46.098260000" lon="4.855950000">
        <ele>264.000</ele>
      </trkpt>
      <trkpt lat="46.098390000" lon="4.856430000">
        <ele>265.000</ele>
      </trkpt>
      <trkpt lat="46.098530000" lon="4.856870000">
        <ele>265.000</ele>
      </trkpt>
      <trkpt lat="46.098580000" lon="4.857060000">
        <ele>265.000</ele>
      </trkpt>
      <trkpt lat="46.098980000" lon="4.858640000">
        <ele>265.000</ele>
      </trkpt>
      <trkpt lat="46.098990000" lon="4.858680000">
        <ele>265.000</ele>
      </trkpt>
      <trkpt lat="46.099010000" lon="4.858730000">
        <ele>265.000</ele>
      </trkpt>
      <trkpt lat="46.100690000" lon="4.865220000">
        <ele>265.000</ele>
      </trkpt>
      <trkpt lat="46.100720000" lon="4.865320000">
        <ele>264.000</ele>
      </trkpt>
      <trkpt lat="46.101800000" lon="4.869440000">
        <ele>266.000</ele>
      </trkpt>
      <trkpt lat="46.103560000" lon="4.876220000">
        <ele>261.000</ele>
      </trkpt>
      <trkpt lat="46.104890000" lon="4.881350000">
        <ele>256.000</ele>
      </trkpt>
      <trkpt lat="46.106770000" lon="4.888630000">
        <ele>250.000</ele>
      </trkpt>
      <trkpt lat="46.107430000" lon="4.891210000">
        <ele>242.000</ele>
      </trkpt>
      <trkpt lat="46.107480000" lon="4.891370000">
        <ele>237.000</ele>
      </trkpt>
      <trkpt lat="46.108450000" lon="4.894940000">
        <ele>232.000</ele>
      </trkpt>
      <trkpt lat="46.108530000" lon="4.895240000">
        <ele>229.000</ele>
      </trkpt>
      <trkpt lat="46.109170000" lon="4.897550000">
        <ele>228.000</ele>
      </trkpt>
      <trkpt lat="46.109400000" lon="4.898290000">
        <ele>228.000</ele>
      </trkpt>
      <trkpt lat="46.109680000" lon="4.899290000">
        <ele>228.000</ele>
      </trkpt>
      <trkpt lat="46.109710000" lon="4.899400000">
        <ele>228.000</ele>
      </trkpt>
      <trkpt lat="46.109810000" lon="4.899760000">
        <ele>229.000</ele>
      </trkpt>
      <trkpt lat="46.110340000" lon="4.901670000">
        <ele>230.000</ele>
      </trkpt>
      <trkpt lat="46.110450000" lon="4.902090000">
        <ele>231.000</ele>
      </trkpt>
      <trkpt lat="46.110640000" lon="4.902800000">
        <ele>233.000</ele>
      </trkpt>
      <trkpt lat="46.110720000" lon="4.903080000">
        <ele>235.000</ele>
      </trkpt>
      <trkpt lat="46.110760000" lon="4.903190000">
        <ele>237.000</ele>
      </trkpt>
      <trkpt lat="46.110800000" lon="4.903260000">
        <ele>238.000</ele>
      </trkpt>
      <trkpt lat="46.110930000" lon="4.903750000">
        <ele>239.000</ele>
      </trkpt>
      <trkpt lat="46.110970000" lon="4.903870000">
        <ele>241.000</ele>
      </trkpt>
      <trkpt lat="46.111000000" lon="4.904060000">
        <ele>242.000</ele>
      </trkpt>
      <trkpt lat="46.111220000" lon="4.904830000">
        <ele>244.000</ele>
      </trkpt>
      <trkpt lat="46.111260000" lon="4.905010000">
        <ele>246.000</ele>
      </trkpt>
      <trkpt lat="46.111300000" lon="4.905220000">
        <ele>247.000</ele>
      </trkpt>
      <trkpt lat="46.111330000" lon="4.905420000">
        <ele>248.000</ele>
      </trkpt>
      <trkpt lat="46.111600000" lon="4.907590000">
        <ele>249.000</ele>
      </trkpt>
      <trkpt lat="46.111730000" lon="4.908640000">
        <ele>250.000</ele>
      </trkpt>
      <trkpt lat="46.111890000" lon="4.909870000">
        <ele>251.000</ele>
      </trkpt>
      <trkpt lat="46.112940000" lon="4.918120000">
        <ele>252.000</ele>
      </trkpt>
      <trkpt lat="46.113120000" lon="4.919650000">
        <ele>253.000</ele>
      </trkpt>
      <trkpt lat="46.113190000" lon="4.920240000">
        <ele>254.000</ele>
      </trkpt>
      <trkpt lat="46.113470000" lon="4.922700000">
        <ele>254.000</ele>
      </trkpt>
      <trkpt lat="46.114190000" lon="4.928230000">
        <ele>253.000</ele>
      </trkpt>
      <trkpt lat="46.114530000" lon="4.930830000">
        <ele>252.000</ele>
      </trkpt>
      <trkpt lat="46.114840000" lon="4.933270000">
        <ele>251.000</ele>
      </trkpt>
      <trkpt lat="46.115210000" lon="4.936290000">
        <ele>250.000</ele>
      </trkpt>
      <trkpt lat="46.115230000" lon="4.936450000">
        <ele>248.000</ele>
      </trkpt>
      <trkpt lat="46.115430000" lon="4.937900000">
        <ele>247.000</ele>
      </trkpt>
      <trkpt lat="46.115650000" lon="4.939680000">
        <ele>245.000</ele>
      </trkpt>
      <trkpt lat="46.115900000" lon="4.941590000">
        <ele>244.000</ele>
      </trkpt>
      <trkpt lat="46.115920000" lon="4.941790000">
        <ele>244.000</ele>
      </trkpt>
      <trkpt lat="46.115950000" lon="4.942190000">
        <ele>243.000</ele>
      </trkpt>
      <trkpt lat="46.115940000" lon="4.942400000">
        <ele>243.000</ele>
      </trkpt>
      <trkpt lat="46.115900000" lon="4.942480000">
        <ele>243.000</ele>
      </trkpt>
      <trkpt lat="46.115900000" lon="4.942540000">
        <ele>243.000</ele>
      </trkpt>
      <trkpt lat="46.115900000" lon="4.942610000">
        <ele>243.000</ele>
      </trkpt>
      <trkpt lat="46.115910000" lon="4.942680000">
        <ele>242.000</ele>
      </trkpt>
      <trkpt lat="46.115940000" lon="4.942720000">
        <ele>242.000</ele>
      </trkpt>
      <trkpt lat="46.115980000" lon="4.942750000">
        <ele>242.000</ele>
      </trkpt>
      <trkpt lat="46.116000000" lon="4.942770000">
        <ele>242.000</ele>
      </trkpt>
      <trkpt lat="46.116120000" lon="4.943320000">
        <ele>242.000</ele>
      </trkpt>
      <trkpt lat="46.116240000" lon="4.944230000">
        <ele>242.000</ele>
      </trkpt>
      <trkpt lat="46.116470000" lon="4.946120000">
        <ele>241.000</ele>
      </trkpt>
      <trkpt lat="46.116530000" lon="4.946530000">
        <ele>240.000</ele>
      </trkpt>
      <trkpt lat="46.116530000" lon="4.946580000">
        <ele>240.000</ele>
      </trkpt>
      <trkpt lat="46.116570000" lon="4.946860000">
        <ele>240.000</ele>
      </trkpt>
      <trkpt lat="46.116590000" lon="4.947140000">
        <ele>240.000</ele>
      </trkpt>
      <trkpt lat="46.116630000" lon="4.947490000">
        <ele>240.000</ele>
      </trkpt>
      <trkpt lat="46.116680000" lon="4.948010000">
        <ele>240.000</ele>
      </trkpt>
      <trkpt lat="46.116640000" lon="4.948020000">
        <ele>240.000</ele>
      </trkpt>
      <trkpt lat="46.116620000" lon="4.948040000">
        <ele>240.000</ele>
      </trkpt>
      <trkpt lat="46.116590000" lon="4.948080000">
        <ele>240.000</ele>
      </trkpt>
      <trkpt lat="46.116580000" lon="4.948120000">
        <ele>240.000</ele>
      </trkpt>
      <trkpt lat="46.116570000" lon="4.948170000">
        <ele>240.000</ele>
      </trkpt>
      <trkpt lat="46.116570000" lon="4.948210000">
        <ele>240.000</ele>
      </trkpt>
      <trkpt lat="46.116580000" lon="4.948270000">
        <ele>240.000</ele>
      </trkpt>
      <trkpt lat="46.116610000" lon="4.948320000">
        <ele>240.000</ele>
      </trkpt>
      <trkpt lat="46.116640000" lon="4.948350000">
        <ele>240.000</ele>
      </trkpt>
      <trkpt lat="46.116680000" lon="4.948360000">
        <ele>240.000</ele>
      </trkpt>
      <trkpt lat="46.116720000" lon="4.948360000">
        <ele>240.000</ele>
      </trkpt>
      <trkpt lat="46.116760000" lon="4.948340000">
        <ele>240.000</ele>
      </trkpt>
      <trkpt lat="46.116790000" lon="4.948310000">
        <ele>240.000</ele>
      </trkpt>
      <trkpt lat="46.116810000" lon="4.948260000">
        <ele>239.000</ele>
      </trkpt>
      <trkpt lat="46.116820000" lon="4.948210000">
        <ele>239.000</ele>
      </trkpt>
      <trkpt lat="46.116820000" lon="4.948150000">
        <ele>239.000</ele>
      </trkpt>
      <trkpt lat="46.116910000" lon="4.948130000">
        <ele>239.000</ele>
      </trkpt>
      <trkpt lat="46.116980000" lon="4.948120000">
        <ele>239.000</ele>
      </trkpt>
      <trkpt lat="46.117150000" lon="4.948090000">
        <ele>239.000</ele>
      </trkpt>
      <trkpt lat="46.117410000" lon="4.948110000">
        <ele>239.000</ele>
      </trkpt>
      <trkpt lat="46.117850000" lon="4.948230000">
        <ele>238.000</ele>
      </trkpt>
      <trkpt lat="46.119230000" lon="4.948930000">
        <ele>237.000</ele>
      </trkpt>
      <trkpt lat="46.119420000" lon="4.949020000">
        <ele>237.000</ele>
      </trkpt>
      <trkpt lat="46.119630000" lon="4.949110000">
        <ele>236.000</ele>
      </trkpt>
      <trkpt lat="46.119810000" lon="4.949180000">
        <ele>235.000</ele>
      </trkpt>
      <trkpt lat="46.119990000" lon="4.949240000">
        <ele>234.000</ele>
      </trkpt>
      <trkpt lat="46.120140000" lon="4.949300000">
        <ele>233.000</ele>
      </trkpt>
      <trkpt lat="46.120270000" lon="4.949370000">
        <ele>232.000</ele>
      </trkpt>
      <trkpt lat="46.120380000" lon="4.949410000">
        <ele>231.000</ele>
      </trkpt>
      <trkpt lat="46.120480000" lon="4.949430000">
        <ele>231.000</ele>
      </trkpt>
      <trkpt lat="46.120620000" lon="4.949460000">
        <ele>230.000</ele>
      </trkpt>
      <trkpt lat="46.120690000" lon="4.949460000">
        <ele>230.000</ele>
      </trkpt>
      <trkpt lat="46.120800000" lon="4.949460000">
        <ele>229.000</ele>
      </trkpt>
      <trkpt lat="46.121120000" lon="4.949530000">
        <ele>228.000</ele>
      </trkpt>
      <trkpt lat="46.122040000" lon="4.949710000">
        <ele>226.000</ele>
      </trkpt>
      <trkpt lat="46.122370000" lon="4.949780000">
        <ele>225.000</ele>
      </trkpt>
      <trkpt lat="46.122550000" lon="4.949820000">
        <ele>223.000</ele>
      </trkpt>
      <trkpt lat="46.122660000" lon="4.949860000">
        <ele>222.000</ele>
      </trkpt>
      <trkpt lat="46.122820000" lon="4.949910000">
        <ele>221.000</ele>
      </trkpt>
      <trkpt lat="46.123020000" lon="4.949970000">
        <ele>220.000</ele>
      </trkpt>
      <trkpt lat="46.123490000" lon="4.950150000">
        <ele>220.000</ele>
      </trkpt>
      <trkpt lat="46.123780000" lon="4.950320000">
        <ele>220.000</ele>
      </trkpt>
      <trkpt lat="46.124150000" lon="4.950510000">
        <ele>221.000</ele>
      </trkpt>
      <trkpt lat="46.124230000" lon="4.950540000">
        <ele>221.000</ele>
      </trkpt>
      <trkpt lat="46.124290000" lon="4.950580000">
        <ele>222.000</ele>
      </trkpt>
      <trkpt lat="46.124360000" lon="4.950640000">
        <ele>222.000</ele>
      </trkpt>
      <trkpt lat="46.124410000" lon="4.950710000">
        <ele>222.000</ele>
      </trkpt>
      <trkpt lat="46.124460000" lon="4.950760000">
        <ele>222.000</ele>
      </trkpt>
      <trkpt lat="46.124470000" lon="4.950830000">
        <ele>222.000</ele>
      </trkpt>
      <trkpt lat="46.124500000" lon="4.950880000">
        <ele>223.000</ele>
      </trkpt>
      <trkpt lat="46.124480000" lon="4.951040000">
        <ele>223.000</ele>
      </trkpt>
      <trkpt lat="46.124470000" lon="4.951160000">
        <ele>223.000</ele>
      </trkpt>
      <trkpt lat="46.124470000" lon="4.951180000">
        <ele>223.000</ele>
      </trkpt>
      <trkpt lat="46.124440000" lon="4.951310000">
        <ele>223.000</ele>
      </trkpt>
      <trkpt lat="46.124150000" lon="4.952040000">
        <ele>224.000</ele>
      </trkpt>
      <trkpt lat="46.123920000" lon="4.952630000">
        <ele>224.000</ele>
      </trkpt>
      <trkpt lat="46.123910000" lon="4.952640000">
        <ele>224.000</ele>
      </trkpt>
      <trkpt lat="46.123910000" lon="4.952640000">
        <ele>224.000</ele>
      </trkpt>
      <trkpt lat="46.123690000" lon="4.953170000">
        <ele>224.000</ele>
      </trkpt>
      <trkpt lat="46.123360000" lon="4.954020000">
        <ele>225.000</ele>
      </trkpt>
      <trkpt lat="46.122460000" lon="4.956270000">
        <ele>226.000</ele>
      </trkpt>
      <trkpt lat="46.122270000" lon="4.956770000">
        <ele>227.000</ele>
      </trkpt>
      <trkpt lat="46.122180000" lon="4.957000000">
        <ele>228.000</ele>
      </trkpt>
      <trkpt lat="46.122160000" lon="4.957040000">
        <ele>229.000</ele>
      </trkpt>
      <trkpt lat="46.122130000" lon="4.957180000">
        <ele>230.000</ele>
      </trkpt>
      <trkpt lat="46.122120000" lon="4.957280000">
        <ele>230.000</ele>
      </trkpt>
      <trkpt lat="46.122120000" lon="4.957340000">
        <ele>231.000</ele>
      </trkpt>
      <trkpt lat="46.122110000" lon="4.957390000">
        <ele>231.000</ele>
      </trkpt>
      <trkpt lat="46.122080000" lon="4.957730000">
        <ele>232.000</ele>
      </trkpt>
      <trkpt lat="46.122060000" lon="4.957940000">
        <ele>233.000</ele>
      </trkpt>
      <trkpt lat="46.122040000" lon="4.958040000">
        <ele>233.000</ele>
      </trkpt>
      <trkpt lat="46.122020000" lon="4.958120000">
        <ele>234.000</ele>
      </trkpt>
      <trkpt lat="46.122000000" lon="4.958180000">
        <ele>234.000</ele>
      </trkpt>
      <trkpt lat="46.121970000" lon="4.958250000">
        <ele>235.000</ele>
      </trkpt>
      <trkpt lat="46.121990000" lon="4.958280000">
        <ele>235.000</ele>
      </trkpt>
      <trkpt lat="46.121990000" lon="4.958330000">
        <ele>235.000</ele>
      </trkpt>
      <trkpt lat="46.121890000" lon="4.958800000">
        <ele>236.000</ele>
      </trkpt>
      <trkpt lat="46.121860000" lon="4.958990000">
        <ele>237.000</ele>
      </trkpt>
      <trkpt lat="46.121850000" lon="4.959140000">
        <ele>237.000</ele>
      </trkpt>
      <trkpt lat="46.121850000" lon="4.959250000">
        <ele>238.000</ele>
      </trkpt>
      <trkpt lat="46.121850000" lon="4.959370000">
        <ele>238.000</ele>
      </trkpt>
      <trkpt lat="46.121870000" lon="4.959630000">
        <ele>239.000</ele>
      </trkpt>
      <trkpt lat="46.121880000" lon="4.959790000">
        <ele>239.000</ele>
      </trkpt>
      <trkpt lat="46.121880000" lon="4.959930000">
        <ele>240.000</ele>
      </trkpt>
      <trkpt lat="46.121880000" lon="4.960070000">
        <ele>240.000</ele>
      </trkpt>
      <trkpt lat="46.121880000" lon="4.960100000">
        <ele>240.000</ele>
      </trkpt>
      <trkpt lat="46.121860000" lon="4.960280000">
        <ele>241.000</ele>
      </trkpt>
      <trkpt lat="46.121820000" lon="4.960540000">
        <ele>241.000</ele>
      </trkpt>
      <trkpt lat="46.121670000" lon="4.961100000">
        <ele>242.000</ele>
      </trkpt>
      <trkpt lat="46.121640000" lon="4.961310000">
        <ele>243.000</ele>
      </trkpt>
      <trkpt lat="46.121550000" lon="4.962080000">
        <ele>244.000</ele>
      </trkpt>
      <trkpt lat="46.121520000" lon="4.962380000">
        <ele>245.000</ele>
      </trkpt>
      <trkpt lat="46.121510000" lon="4.962470000">
        <ele>246.000</ele>
      </trkpt>
      <trkpt lat="46.121450000" lon="4.963090000">
        <ele>247.000</ele>
      </trkpt>
      <trkpt lat="46.121410000" lon="4.963430000">
        <ele>248.000</ele>
      </trkpt>
      <trkpt lat="46.121370000" lon="4.963790000">
        <ele>248.000</ele>
      </trkpt>
      <trkpt lat="46.121350000" lon="4.963910000">
        <ele>249.000</ele>
      </trkpt>
      <trkpt lat="46.121310000" lon="4.964250000">
        <ele>250.000</ele>
      </trkpt>
      <trkpt lat="46.121250000" lon="4.964610000">
        <ele>251.000</ele>
      </trkpt>
      <trkpt lat="46.121210000" lon="4.964880000">
        <ele>251.000</ele>
      </trkpt>
      <trkpt lat="46.121170000" lon="4.965050000">
        <ele>252.000</ele>
      </trkpt>
      <trkpt lat="46.120710000" lon="4.967210000">
        <ele>253.000</ele>
      </trkpt>
      <trkpt lat="46.120160000" lon="4.969880000">
        <ele>255.000</ele>
      </trkpt>
      <trkpt lat="46.120050000" lon="4.970480000">
        <ele>257.000</ele>
      </trkpt>
      <trkpt lat="46.119870000" lon="4.971560000">
        <ele>258.000</ele>
      </trkpt>
      <trkpt lat="46.119570000" lon="4.973510000">
        <ele>259.000</ele>
      </trkpt>
      <trkpt lat="46.119520000" lon="4.973850000">
        <ele>260.000</ele>
      </trkpt>
      <trkpt lat="46.119480000" lon="4.974310000">
        <ele>260.000</ele>
      </trkpt>
      <trkpt lat="46.119460000" lon="4.974840000">
        <ele>260.000</ele>
      </trkpt>
      <trkpt lat="46.119470000" lon="4.975150000">
        <ele>260.000</ele>
      </trkpt>
      <trkpt lat="46.119480000" lon="4.975780000">
        <ele>260.000</ele>
      </trkpt>
      <trkpt lat="46.119510000" lon="4.977020000">
        <ele>260.000</ele>
      </trkpt>
      <trkpt lat="46.119560000" lon="4.978710000">
        <ele>260.000</ele>
      </trkpt>
      <trkpt lat="46.119580000" lon="4.979790000">
        <ele>261.000</ele>
      </trkpt>
      <trkpt lat="46.119610000" lon="4.980890000">
        <ele>261.000</ele>
      </trkpt>
      <trkpt lat="46.119640000" lon="4.982050000">
        <ele>263.000</ele>
      </trkpt>
      <trkpt lat="46.119660000" lon="4.982640000">
        <ele>264.000</ele>
      </trkpt>
      <trkpt lat="46.119660000" lon="4.982750000">
        <ele>264.000</ele>
      </trkpt>
      <trkpt lat="46.119650000" lon="4.983110000">
        <ele>265.000</ele>
      </trkpt>
      <trkpt lat="46.119630000" lon="4.983240000">
        <ele>265.000</ele>
      </trkpt>
      <trkpt lat="46.119590000" lon="4.983790000">
        <ele>265.000</ele>
      </trkpt>
      <trkpt lat="46.119400000" lon="4.985910000">
        <ele>266.000</ele>
      </trkpt>
      <trkpt lat="46.119330000" lon="4.986560000">
        <ele>266.000</ele>
      </trkpt>
      <trkpt lat="46.119200000" lon="4.987950000">
        <ele>264.000</ele>
      </trkpt>
      <trkpt lat="46.119100000" lon="4.989050000">
        <ele>262.000</ele>
      </trkpt>
      <trkpt lat="46.119060000" lon="4.989590000">
        <ele>261.000</ele>
      </trkpt>
      <trkpt lat="46.119050000" lon="4.989630000">
        <ele>260.000</ele>
      </trkpt>
      <trkpt lat="46.119010000" lon="4.990050000">
        <ele>259.000</ele>
      </trkpt>
      <trkpt lat="46.119000000" lon="4.990390000">
        <ele>258.000</ele>
      </trkpt>
      <trkpt lat="46.119000000" lon="4.990640000">
        <ele>258.000</ele>
      </trkpt>
      <trkpt lat="46.119040000" lon="4.990930000">
        <ele>258.000</ele>
      </trkpt>
      <trkpt lat="46.119150000" lon="4.991360000">
        <ele>258.000</ele>
      </trkpt>
      <trkpt lat="46.119180000" lon="4.991480000">
        <ele>258.000</ele>
      </trkpt>
      <trkpt lat="46.119360000" lon="4.992110000">
        <ele>258.000</ele>
      </trkpt>
      <trkpt lat="46.119530000" lon="4.992660000">
        <ele>258.000</ele>
      </trkpt>
      <trkpt lat="46.119810000" lon="4.993330000">
        <ele>259.000</ele>
      </trkpt>
      <trkpt lat="46.119860000" lon="4.993450000">
        <ele>259.000</ele>
      </trkpt>
      <trkpt lat="46.120100000" lon="4.993910000">
        <ele>260.000</ele>
      </trkpt>
      <trkpt lat="46.120220000" lon="4.994180000">
        <ele>261.000</ele>
      </trkpt>
      <trkpt lat="46.120340000" lon="4.994430000">
        <ele>261.000</ele>
      </trkpt>
      <trkpt lat="46.120430000" lon="4.994670000">
        <ele>262.000</ele>
      </trkpt>
      <trkpt lat="46.120520000" lon="4.994950000">
        <ele>262.000</ele>
      </trkpt>
      <trkpt lat="46.120570000" lon="4.995280000">
        <ele>263.000</ele>
      </trkpt>
      <trkpt lat="46.120600000" lon="4.995640000">
        <ele>263.000</ele>
      </trkpt>
      <trkpt lat="46.120570000" lon="4.997110000">
        <ele>264.000</ele>
      </trkpt>
      <trkpt lat="46.120550000" lon="4.997370000">
        <ele>264.000</ele>
      </trkpt>
      <trkpt lat="46.120500000" lon="4.997680000">
        <ele>264.000</ele>
      </trkpt>
      <trkpt lat="46.119900000" lon="4.999830000">
        <ele>263.000</ele>
      </trkpt>
      <trkpt lat="46.119430000" lon="5.001520000">
        <ele>263.000</ele>
      </trkpt>
      <trkpt lat="46.119420000" lon="5.001550000">
        <ele>262.000</ele>
      </trkpt>
      <trkpt lat="46.119350000" lon="5.001900000">
        <ele>262.000</ele>
      </trkpt>
      <trkpt lat="46.118750000" lon="5.005620000">
        <ele>261.000</ele>
      </trkpt>
      <trkpt lat="46.118680000" lon="5.006140000">
        <ele>261.000</ele>
      </trkpt>
      <trkpt lat="46.118640000" lon="5.006520000">
        <ele>260.000</ele>
      </trkpt>
      <trkpt lat="46.118620000" lon="5.006820000">
        <ele>260.000</ele>
      </trkpt>
      <trkpt lat="46.118620000" lon="5.007040000">
        <ele>260.000</ele>
      </trkpt>
      <trkpt lat="46.118640000" lon="5.007220000">
        <ele>260.000</ele>
      </trkpt>
      <trkpt lat="46.118750000" lon="5.008130000">
        <ele>261.000</ele>
      </trkpt>
      <trkpt lat="46.118820000" lon="5.008730000">
        <ele>261.000</ele>
      </trkpt>
      <trkpt lat="46.118860000" lon="5.009060000">
        <ele>261.000</ele>
      </trkpt>
      <trkpt lat="46.118910000" lon="5.009250000">
        <ele>262.000</ele>
      </trkpt>
      <trkpt lat="46.119000000" lon="5.009510000">
        <ele>262.000</ele>
      </trkpt>
      <trkpt lat="46.119630000" lon="5.010670000">
        <ele>263.000</ele>
      </trkpt>
      <trkpt lat="46.120620000" lon="5.012580000">
        <ele>266.000</ele>
      </trkpt>
      <trkpt lat="46.120720000" lon="5.012860000">
        <ele>267.000</ele>
      </trkpt>
      <trkpt lat="46.120790000" lon="5.013180000">
        <ele>267.000</ele>
      </trkpt>
      <trkpt lat="46.120810000" lon="5.013510000">
        <ele>267.000</ele>
      </trkpt>
      <trkpt lat="46.120660000" lon="5.015110000">
        <ele>264.000</ele>
      </trkpt>
      <trkpt lat="46.120660000" lon="5.015420000">
        <ele>262.000</ele>
      </trkpt>
      <trkpt lat="46.120760000" lon="5.015800000">
        <ele>260.000</ele>
      </trkpt>
      <trkpt lat="46.120880000" lon="5.016160000">
        <ele>257.000</ele>
      </trkpt>
      <trkpt lat="46.121010000" lon="5.016530000">
        <ele>254.000</ele>
      </trkpt>
      <trkpt lat="46.121210000" lon="5.017090000">
        <ele>251.000</ele>
      </trkpt>
      <trkpt lat="46.121420000" lon="5.017440000">
        <ele>248.000</ele>
      </trkpt>
      <trkpt lat="46.121550000" lon="5.017610000">
        <ele>246.000</ele>
      </trkpt>
      <trkpt lat="46.121650000" lon="5.017700000">
        <ele>245.000</ele>
      </trkpt>
      <trkpt lat="46.121910000" lon="5.017880000">
        <ele>244.000</ele>
      </trkpt>
      <trkpt lat="46.122370000" lon="5.018190000">
        <ele>244.000</ele>
      </trkpt>
      <trkpt lat="46.122570000" lon="5.018330000">
        <ele>244.000</ele>
      </trkpt>
      <trkpt lat="46.122790000" lon="5.018490000">
        <ele>244.000</ele>
      </trkpt>
      <trkpt lat="46.122880000" lon="5.018590000">
        <ele>244.000</ele>
      </trkpt>
      <trkpt lat="46.122920000" lon="5.018690000">
        <ele>244.000</ele>
      </trkpt>
      <trkpt lat="46.122940000" lon="5.018760000">
        <ele>244.000</ele>
      </trkpt>
      <trkpt lat="46.122950000" lon="5.018840000">
        <ele>244.000</ele>
      </trkpt>
      <trkpt lat="46.122950000" lon="5.018940000">
        <ele>245.000</ele>
      </trkpt>
      <trkpt lat="46.122940000" lon="5.019030000">
        <ele>245.000</ele>
      </trkpt>
      <trkpt lat="46.122880000" lon="5.019210000">
        <ele>245.000</ele>
      </trkpt>
      <trkpt lat="46.122630000" lon="5.019710000">
        <ele>247.000</ele>
      </trkpt>
      <trkpt lat="46.122470000" lon="5.019940000">
        <ele>248.000</ele>
      </trkpt>
      <trkpt lat="46.122260000" lon="5.020150000">
        <ele>249.000</ele>
      </trkpt>
      <trkpt lat="46.122010000" lon="5.020390000">
        <ele>251.000</ele>
      </trkpt>
      <trkpt lat="46.121830000" lon="5.020510000">
        <ele>252.000</ele>
      </trkpt>
      <trkpt lat="46.121700000" lon="5.020560000">
        <ele>253.000</ele>
      </trkpt>
      <trkpt lat="46.121400000" lon="5.020670000">
        <ele>254.000</ele>
      </trkpt>
      <trkpt lat="46.121230000" lon="5.020780000">
        <ele>256.000</ele>
      </trkpt>
      <trkpt lat="46.121150000" lon="5.020880000">
        <ele>257.000</ele>
      </trkpt>
      <trkpt lat="46.121030000" lon="5.021080000">
        <ele>257.000</ele>
      </trkpt>
      <trkpt lat="46.120870000" lon="5.021310000">
        <ele>258.000</ele>
      </trkpt>
      <trkpt lat="46.120730000" lon="5.021450000">
        <ele>259.000</ele>
      </trkpt>
      <trkpt lat="46.120660000" lon="5.021530000">
        <ele>260.000</ele>
      </trkpt>
      <trkpt lat="46.120580000" lon="5.021640000">
        <ele>261.000</ele>
      </trkpt>
      <trkpt lat="46.120570000" lon="5.021660000">
        <ele>261.000</ele>
      </trkpt>
      <trkpt lat="46.120520000" lon="5.021780000">
        <ele>262.000</ele>
      </trkpt>
      <trkpt lat="46.120530000" lon="5.021990000">
        <ele>262.000</ele>
      </trkpt>
      <trkpt lat="46.120540000" lon="5.022120000">
        <ele>263.000</ele>
      </trkpt>
      <trkpt lat="46.120600000" lon="5.022260000">
        <ele>263.000</ele>
      </trkpt>
      <trkpt lat="46.120780000" lon="5.022640000">
        <ele>264.000</ele>
      </trkpt>
      <trkpt lat="46.120980000" lon="5.023080000">
        <ele>264.000</ele>
      </trkpt>
      <trkpt lat="46.120980000" lon="5.023100000">
        <ele>265.000</ele>
      </trkpt>
      <trkpt lat="46.121120000" lon="5.023440000">
        <ele>265.000</ele>
      </trkpt>
      <trkpt lat="46.121380000" lon="5.024020000">
        <ele>265.000</ele>
      </trkpt>
      <trkpt lat="46.121460000" lon="5.024180000">
        <ele>266.000</ele>
      </trkpt>
      <trkpt lat="46.121470000" lon="5.024190000">
        <ele>266.000</ele>
      </trkpt>
      <trkpt lat="46.121550000" lon="5.024400000">
        <ele>266.000</ele>
      </trkpt>
      <trkpt lat="46.121620000" lon="5.024580000">
        <ele>266.000</ele>
      </trkpt>
      <trkpt lat="46.121650000" lon="5.024630000">
        <ele>266.000</ele>
      </trkpt>
      <trkpt lat="46.121670000" lon="5.024690000">
        <ele>266.000</ele>
      </trkpt>
      <trkpt lat="46.121690000" lon="5.024790000">
        <ele>266.000</ele>
      </trkpt>
      <trkpt lat="46.121700000" lon="5.024840000">
        <ele>266.000</ele>
      </trkpt>
      <trkpt lat="46.121750000" lon="5.025080000">
        <ele>266.000</ele>
      </trkpt>
      <trkpt lat="46.121810000" lon="5.025530000">
        <ele>266.000</ele>
      </trkpt>
      <trkpt lat="46.121890000" lon="5.026070000">
        <ele>266.000</ele>
      </trkpt>
      <trkpt lat="46.122080000" lon="5.027590000">
        <ele>265.000</ele>
      </trkpt>
      <trkpt lat="46.122440000" lon="5.030360000">
        <ele>266.000</ele>
      </trkpt>
      <trkpt lat="46.122450000" lon="5.030430000">
        <ele>267.000</ele>
      </trkpt>
      <trkpt lat="46.122860000" lon="5.032670000">
        <ele>267.000</ele>
      </trkpt>
      <trkpt lat="46.122900000" lon="5.032900000">
        <ele>267.000</ele>
      </trkpt>
      <trkpt lat="46.123270000" lon="5.037310000">
        <ele>265.000</ele>
      </trkpt>
      <trkpt lat="46.123330000" lon="5.038110000">
        <ele>264.000</ele>
      </trkpt>
      <trkpt lat="46.123360000" lon="5.038570000">
        <ele>264.000</ele>
      </trkpt>
      <trkpt lat="46.123320000" lon="5.039110000">
        <ele>263.000</ele>
      </trkpt>
      <trkpt lat="46.123160000" lon="5.040440000">
        <ele>263.000</ele>
      </trkpt>
      <trkpt lat="46.122930000" lon="5.042500000">
        <ele>262.000</ele>
      </trkpt>
      <trkpt lat="46.122800000" lon="5.043540000">
        <ele>262.000</ele>
      </trkpt>
      <trkpt lat="46.122650000" lon="5.044900000">
        <ele>262.000</ele>
      </trkpt>
      <trkpt lat="46.122590000" lon="5.045390000">
        <ele>262.000</ele>
      </trkpt>
      <trkpt lat="46.122550000" lon="5.045870000">
        <ele>261.000</ele>
      </trkpt>
      <trkpt lat="46.122560000" lon="5.046210000">
        <ele>261.000</ele>
      </trkpt>
      <trkpt lat="46.122590000" lon="5.046530000">
        <ele>261.000</ele>
      </trkpt>
      <trkpt lat="46.122920000" lon="5.048890000">
        <ele>260.000</ele>
      </trkpt>
      <trkpt lat="46.122990000" lon="5.049260000">
        <ele>260.000</ele>
      </trkpt>
      <trkpt lat="46.123230000" lon="5.050350000">
        <ele>260.000</ele>
      </trkpt>
      <trkpt lat="46.123270000" lon="5.050630000">
        <ele>260.000</ele>
      </trkpt>
      <trkpt lat="46.123310000" lon="5.050950000">
        <ele>260.000</ele>
      </trkpt>
      <trkpt lat="46.123330000" lon="5.051340000">
        <ele>260.000</ele>
      </trkpt>
      <trkpt lat="46.123360000" lon="5.052280000">
        <ele>260.000</ele>
      </trkpt>
      <trkpt lat="46.123360000" lon="5.053370000">
        <ele>259.000</ele>
      </trkpt>
      <trkpt lat="46.123330000" lon="5.054800000">
        <ele>258.000</ele>
      </trkpt>
      <trkpt lat="46.123270000" lon="5.057490000">
        <ele>257.000</ele>
      </trkpt>
      <trkpt lat="46.123270000" lon="5.057590000">
        <ele>256.000</ele>
      </trkpt>
      <trkpt lat="46.123120000" lon="5.062380000">
        <ele>258.000</ele>
      </trkpt>
      <trkpt lat="46.123070000" lon="5.062730000">
        <ele>259.000</ele>
      </trkpt>
      <trkpt lat="46.122980000" lon="5.063250000">
        <ele>260.000</ele>
      </trkpt>
      <trkpt lat="46.122660000" lon="5.064590000">
        <ele>261.000</ele>
      </trkpt>
      <trkpt lat="46.122070000" lon="5.066840000">
        <ele>261.000</ele>
      </trkpt>
      <trkpt lat="46.121910000" lon="5.067310000">
        <ele>262.000</ele>
      </trkpt>
      <trkpt lat="46.121810000" lon="5.067540000">
        <ele>262.000</ele>
      </trkpt>
      <trkpt lat="46.121480000" lon="5.068300000">
        <ele>262.000</ele>
      </trkpt>
      <trkpt lat="46.120920000" lon="5.069590000">
        <ele>262.000</ele>
      </trkpt>
      <trkpt lat="46.118700000" lon="5.074630000">
        <ele>263.000</ele>
      </trkpt>
      <trkpt lat="46.118700000" lon="5.074640000">
        <ele>264.000</ele>
      </trkpt>
      <trkpt lat="46.118610000" lon="5.074830000">
        <ele>264.000</ele>
      </trkpt>
      <trkpt lat="46.118450000" lon="5.075230000">
        <ele>265.000</ele>
      </trkpt>
      <trkpt lat="46.118390000" lon="5.075380000">
        <ele>265.000</ele>
      </trkpt>
      <trkpt lat="46.118100000" lon="5.076080000">
        <ele>266.000</ele>
      </trkpt>
      <trkpt lat="46.118060000" lon="5.076170000">
        <ele>266.000</ele>
      </trkpt>
      <trkpt lat="46.117650000" lon="5.077140000">
        <ele>267.000</ele>
      </trkpt>
      <trkpt lat="46.117340000" lon="5.077910000">
        <ele>267.000</ele>
      </trkpt>
      <trkpt lat="46.117300000" lon="5.077990000">
        <ele>267.000</ele>
      </trkpt>
      <trkpt lat="46.117290000" lon="5.078040000">
        <ele>267.000</ele>
      </trkpt>
      <trkpt lat="46.117260000" lon="5.078100000">
        <ele>267.000</ele>
      </trkpt>
      <trkpt lat="46.117170000" lon="5.078300000">
        <ele>267.000</ele>
      </trkpt>
      <trkpt lat="46.117060000" lon="5.078540000">
        <ele>267.000</ele>
      </trkpt>
      <trkpt lat="46.116880000" lon="5.078960000">
        <ele>267.000</ele>
      </trkpt>
      <trkpt lat="46.116740000" lon="5.079450000">
        <ele>267.000</ele>
      </trkpt>
      <trkpt lat="46.116700000" lon="5.079590000">
        <ele>267.000</ele>
      </trkpt>
      <trkpt lat="46.116540000" lon="5.080150000">
        <ele>267.000</ele>
      </trkpt>
      <trkpt lat="46.116370000" lon="5.080440000">
        <ele>267.000</ele>
      </trkpt>
      <trkpt lat="46.116110000" lon="5.080870000">
        <ele>267.000</ele>
      </trkpt>
      <trkpt lat="46.114560000" lon="5.083400000">
        <ele>267.000</ele>
      </trkpt>
      <trkpt lat="46.114300000" lon="5.083830000">
        <ele>267.000</ele>
      </trkpt>
      <trkpt lat="46.114130000" lon="5.084260000">
        <ele>267.000</ele>
      </trkpt>
      <trkpt lat="46.114050000" lon="5.084540000">
        <ele>267.000</ele>
      </trkpt>
      <trkpt lat="46.113970000" lon="5.084910000">
        <ele>267.000</ele>
      </trkpt>
      <trkpt lat="46.113930000" lon="5.085220000">
        <ele>267.000</ele>
      </trkpt>
      <trkpt lat="46.113910000" lon="5.085370000">
        <ele>267.000</ele>
      </trkpt>
      <trkpt lat="46.113910000" lon="5.085470000">
        <ele>267.000</ele>
      </trkpt>
      <trkpt lat="46.113920000" lon="5.086070000">
        <ele>267.000</ele>
      </trkpt>
      <trkpt lat="46.113950000" lon="5.086930000">
        <ele>267.000</ele>
      </trkpt>
      <trkpt lat="46.113940000" lon="5.087540000">
        <ele>267.000</ele>
      </trkpt>
      <trkpt lat="46.113860000" lon="5.089320000">
        <ele>267.000</ele>
      </trkpt>
      <trkpt lat="46.113820000" lon="5.089890000">
        <ele>267.000</ele>
      </trkpt>
      <trkpt lat="46.113750000" lon="5.090570000">
        <ele>267.000</ele>
      </trkpt>
      <trkpt lat="46.113680000" lon="5.090940000">
        <ele>267.000</ele>
      </trkpt>
      <trkpt lat="46.113610000" lon="5.091120000">
        <ele>267.000</ele>
      </trkpt>
      <trkpt lat="46.113500000" lon="5.091370000">
        <ele>267.000</ele>
      </trkpt>
      <trkpt lat="46.112670000" lon="5.092950000">
        <ele>266.000</ele>
      </trkpt>
      <trkpt lat="46.112370000" lon="5.093540000">
        <ele>266.000</ele>
      </trkpt>
      <trkpt lat="46.112260000" lon="5.093810000">
        <ele>266.000</ele>
      </trkpt>
      <trkpt lat="46.111570000" lon="5.095980000">
        <ele>267.000</ele>
      </trkpt>
      <trkpt lat="46.111390000" lon="5.096550000">
        <ele>268.000</ele>
      </trkpt>
      <trkpt lat="46.111260000" lon="5.096900000">
        <ele>269.000</ele>
      </trkpt>
      <trkpt lat="46.111060000" lon="5.097530000">
        <ele>271.000</ele>
      </trkpt>
      <trkpt lat="46.110940000" lon="5.097970000">
        <ele>272.000</ele>
      </trkpt>
      <trkpt lat="46.110840000" lon="5.098680000">
        <ele>274.000</ele>
      </trkpt>
      <trkpt lat="46.110680000" lon="5.099600000">
        <ele>275.000</ele>
      </trkpt>
      <trkpt lat="46.110660000" lon="5.100160000">
        <ele>275.000</ele>
      </trkpt>
      <trkpt lat="46.110580000" lon="5.102140000">
        <ele>274.000</ele>
      </trkpt>
      <trkpt lat="46.110570000" lon="5.102970000">
        <ele>273.000</ele>
      </trkpt>
      <trkpt lat="46.110630000" lon="5.104050000">
        <ele>272.000</ele>
      </trkpt>
      <trkpt lat="46.110620000" lon="5.104340000">
        <ele>272.000</ele>
      </trkpt>
      <trkpt lat="46.110610000" lon="5.104510000">
        <ele>271.000</ele>
      </trkpt>
      <trkpt lat="46.110570000" lon="5.104750000">
        <ele>271.000</ele>
      </trkpt>
      <trkpt lat="46.110470000" lon="5.105150000">
        <ele>271.000</ele>
      </trkpt>
      <trkpt lat="46.110270000" lon="5.105800000">
        <ele>270.000</ele>
      </trkpt>
      <trkpt lat="46.109600000" lon="5.108120000">
        <ele>270.000</ele>
      </trkpt>
      <trkpt lat="46.109430000" lon="5.108610000">
        <ele>269.000</ele>
      </trkpt>
      <trkpt lat="46.109070000" lon="5.109520000">
        <ele>269.000</ele>
      </trkpt>
      <trkpt lat="46.108680000" lon="5.110540000">
        <ele>268.000</ele>
      </trkpt>
      <trkpt lat="46.108190000" lon="5.111760000">
        <ele>268.000</ele>
      </trkpt>
      <trkpt lat="46.108090000" lon="5.112050000">
        <ele>268.000</ele>
      </trkpt>
      <trkpt lat="46.108020000" lon="5.112310000">
        <ele>268.000</ele>
      </trkpt>
      <trkpt lat="46.107980000" lon="5.112680000">
        <ele>268.000</ele>
      </trkpt>
      <trkpt lat="46.107910000" lon="5.113960000">
        <ele>268.000</ele>
      </trkpt>
      <trkpt lat="46.107820000" lon="5.115310000">
        <ele>267.000</ele>
      </trkpt>
      <trkpt lat="46.107750000" lon="5.116110000">
        <ele>267.000</ele>
      </trkpt>
      <trkpt lat="46.107690000" lon="5.116690000">
        <ele>266.000</ele>
      </trkpt>
      <trkpt lat="46.107580000" lon="5.117430000">
        <ele>266.000</ele>
      </trkpt>
      <trkpt lat="46.107240000" lon="5.119570000">
        <ele>267.000</ele>
      </trkpt>
      <trkpt lat="46.107190000" lon="5.119960000">
        <ele>268.000</ele>
      </trkpt>
      <trkpt lat="46.106980000" lon="5.122230000">
        <ele>269.000</ele>
      </trkpt>
      <trkpt lat="46.106950000" lon="5.122510000">
        <ele>269.000</ele>
      </trkpt>
      <trkpt lat="46.106910000" lon="5.122750000">
        <ele>270.000</ele>
      </trkpt>
      <trkpt lat="46.106840000" lon="5.122900000">
        <ele>270.000</ele>
      </trkpt>
      <trkpt lat="46.106780000" lon="5.123050000">
        <ele>270.000</ele>
      </trkpt>
      <trkpt lat="46.106680000" lon="5.123170000">
        <ele>271.000</ele>
      </trkpt>
      <trkpt lat="46.106590000" lon="5.123270000">
        <ele>271.000</ele>
      </trkpt>
      <trkpt lat="46.105840000" lon="5.123940000">
        <ele>271.000</ele>
      </trkpt>
      <trkpt lat="46.104990000" lon="5.124750000">
        <ele>272.000</ele>
      </trkpt>
      <trkpt lat="46.103060000" lon="5.126550000">
        <ele>270.000</ele>
      </trkpt>
      <trkpt lat="46.102140000" lon="5.127410000">
        <ele>268.000</ele>
      </trkpt>
      <trkpt lat="46.101720000" lon="5.127810000">
        <ele>266.000</ele>
      </trkpt>
      <trkpt lat="46.101590000" lon="5.127910000">
        <ele>266.000</ele>
      </trkpt>
      <trkpt lat="46.101480000" lon="5.127970000">
        <ele>265.000</ele>
      </trkpt>
      <trkpt lat="46.101340000" lon="5.128010000">
        <ele>264.000</ele>
      </trkpt>
      <trkpt lat="46.101210000" lon="5.128020000">
        <ele>264.000</ele>
      </trkpt>
      <trkpt lat="46.101090000" lon="5.128010000">
        <ele>264.000</ele>
      </trkpt>
      <trkpt lat="46.101000000" lon="5.127970000">
        <ele>264.000</ele>
      </trkpt>
      <trkpt lat="46.100890000" lon="5.127920000">
        <ele>264.000</ele>
      </trkpt>
      <trkpt lat="46.100700000" lon="5.127800000">
        <ele>264.000</ele>
      </trkpt>
      <trkpt lat="46.100570000" lon="5.127750000">
        <ele>264.000</ele>
      </trkpt>
      <trkpt lat="46.100530000" lon="5.127760000">
        <ele>264.000</ele>
      </trkpt>
      <trkpt lat="46.100500000" lon="5.127330000">
        <ele>265.000</ele>
      </trkpt>
      <trkpt lat="46.100470000" lon="5.126990000">
        <ele>265.000</ele>
      </trkpt>
      <trkpt lat="46.100430000" lon="5.126790000">
        <ele>265.000</ele>
      </trkpt>
      <trkpt lat="46.100400000" lon="5.126620000">
        <ele>265.000</ele>
      </trkpt>
      <trkpt lat="46.100340000" lon="5.126400000">
        <ele>265.000</ele>
      </trkpt>
      <trkpt lat="46.100270000" lon="5.126220000">
        <ele>265.000</ele>
      </trkpt>
      <trkpt lat="46.100110000" lon="5.125900000">
        <ele>266.000</ele>
      </trkpt>
      <trkpt lat="46.099960000" lon="5.125670000">
        <ele>266.000</ele>
      </trkpt>
      <trkpt lat="46.099800000" lon="5.125480000">
        <ele>266.000</ele>
      </trkpt>
      <trkpt lat="46.099630000" lon="5.125320000">
        <ele>266.000</ele>
      </trkpt>
      <trkpt lat="46.099480000" lon="5.125210000">
        <ele>267.000</ele>
      </trkpt>
      <trkpt lat="46.099280000" lon="5.125110000">
        <ele>267.000</ele>
      </trkpt>
      <trkpt lat="46.099020000" lon="5.125020000">
        <ele>267.000</ele>
      </trkpt>
      <trkpt lat="46.098740000" lon="5.124940000">
        <ele>268.000</ele>
      </trkpt>
      <trkpt lat="46.098280000" lon="5.124800000">
        <ele>268.000</ele>
      </trkpt>
      <trkpt lat="46.098280000" lon="5.124870000">
        <ele>268.000</ele>
      </trkpt>
      <trkpt lat="46.098270000" lon="5.124980000">
        <ele>268.000</ele>
      </trkpt>
      <trkpt lat="46.098290000" lon="5.125080000">
        <ele>268.000</ele>
      </trkpt>
      <trkpt lat="46.098310000" lon="5.125190000">
        <ele>268.000</ele>
      </trkpt>
      <trkpt lat="46.098340000" lon="5.125310000">
        <ele>268.000</ele>
      </trkpt>
      <trkpt lat="46.098380000" lon="5.125420000">
        <ele>268.000</ele>
      </trkpt>
      <trkpt lat="46.098420000" lon="5.125510000">
        <ele>268.000</ele>
      </trkpt>
      <trkpt lat="46.098480000" lon="5.125600000">
        <ele>268.000</ele>
      </trkpt>
      <trkpt lat="46.098550000" lon="5.125670000">
        <ele>268.000</ele>
      </trkpt>
      <trkpt lat="46.098750000" lon="5.125880000">
        <ele>268.000</ele>
      </trkpt>
      <trkpt lat="46.098860000" lon="5.126040000">
        <ele>268.000</ele>
      </trkpt>
      <trkpt lat="46.098860000" lon="5.126040000">
        <ele>268.000</ele>
      </trkpt>
      <trkpt lat="46.098860000" lon="5.126050000">
        <ele>268.000</ele>
      </trkpt>
      <trkpt lat="46.098930000" lon="5.126170000">
        <ele>268.000</ele>
      </trkpt>
      <trkpt lat="46.099000000" lon="5.126320000">
        <ele>268.000</ele>
      </trkpt>
      <trkpt lat="46.099050000" lon="5.126470000">
        <ele>269.000</ele>
      </trkpt>
      <trkpt lat="46.099340000" lon="5.127570000">
        <ele>269.000</ele>
      </trkpt>
      <trkpt lat="46.099400000" lon="5.127920000">
        <ele>270.000</ele>
      </trkpt>
      <trkpt lat="46.099400000" lon="5.128070000">
        <ele>270.000</ele>
      </trkpt>
      <trkpt lat="46.099390000" lon="5.128180000">
        <ele>271.000</ele>
      </trkpt>
      <trkpt lat="46.099470000" lon="5.128240000">
        <ele>271.000</ele>
      </trkpt>
      <trkpt lat="46.099460000" lon="5.128280000">
        <ele>271.000</ele>
      </trkpt>
      <trkpt lat="46.099450000" lon="5.128350000">
        <ele>272.000</ele>
      </trkpt>
      <trkpt lat="46.099460000" lon="5.128470000">
        <ele>272.000</ele>
      </trkpt>
      <trkpt lat="46.099540000" lon="5.129230000">
        <ele>272.000</ele>
      </trkpt>
      <trkpt lat="46.099560000" lon="5.129380000">
        <ele>273.000</ele>
      </trkpt>
      <trkpt lat="46.099410000" lon="5.129350000">
        <ele>273.000</ele>
      </trkpt>
      <trkpt lat="46.099320000" lon="5.129330000">
        <ele>273.000</ele>
      </trkpt>
      <trkpt lat="46.099240000" lon="5.129330000">
        <ele>272.000</ele>
      </trkpt>
      <trkpt lat="46.099180000" lon="5.129320000">
        <ele>272.000</ele>
      </trkpt>
      <trkpt lat="46.099140000" lon="5.129310000">
        <ele>272.000</ele>
      </trkpt>
      <trkpt lat="46.099090000" lon="5.129280000">
        <ele>272.000</ele>
      </trkpt>
      <trkpt lat="46.099020000" lon="5.129220000">
        <ele>272.000</ele>
      </trkpt>
      <trkpt lat="46.098960000" lon="5.129170000">
        <ele>271.000</ele>
      </trkpt>
      <trkpt lat="46.098970000" lon="5.129140000">
        <ele>271.000</ele>
      </trkpt>
      <trkpt lat="46.098970000" lon="5.129110000">
        <ele>271.000</ele>
      </trkpt>
      <trkpt lat="46.098960000" lon="5.129080000">
        <ele>271.000</ele>
      </trkpt>
      <trkpt lat="46.098950000" lon="5.129060000">
        <ele>271.000</ele>
      </trkpt>
      <trkpt lat="46.098930000" lon="5.129050000">
        <ele>271.000</ele>
      </trkpt>
      <trkpt lat="46.098910000" lon="5.129040000">
        <ele>271.000</ele>
      </trkpt>
      <trkpt lat="46.098890000" lon="5.129050000">
        <ele>271.000</ele>
      </trkpt>
      <trkpt lat="46.098880000" lon="5.129070000">
        <ele>271.000</ele>
      </trkpt>
      <trkpt lat="46.098870000" lon="5.129100000">
        <ele>271.000</ele>
      </trkpt>
      <trkpt lat="46.098870000" lon="5.129130000">
        <ele>271.000</ele>
      </trkpt>
      <trkpt lat="46.098870000" lon="5.129160000">
        <ele>270.000</ele>
      </trkpt>
      <trkpt lat="46.098840000" lon="5.129180000">
        <ele>270.000</ele>
      </trkpt>
      <trkpt lat="46.098780000" lon="5.129210000">
        <ele>270.000</ele>
      </trkpt>
      <trkpt lat="46.098710000" lon="5.129220000">
        <ele>270.000</ele>
      </trkpt>
      <trkpt lat="46.098670000" lon="5.129210000">
        <ele>270.000</ele>
      </trkpt>
      <trkpt lat="46.098620000" lon="5.129200000">
        <ele>270.000</ele>
      </trkpt>
      <trkpt lat="46.098520000" lon="5.129170000">
        <ele>270.000</ele>
      </trkpt>
      <trkpt lat="46.098430000" lon="5.129150000">
        <ele>269.000</ele>
      </trkpt>
      <trkpt lat="46.098120000" lon="5.129070000">
        <ele>269.000</ele>
      </trkpt>
      <trkpt lat="46.098040000" lon="5.129060000">
        <ele>268.000</ele>
      </trkpt>
      <trkpt lat="46.097830000" lon="5.129080000">
        <ele>268.000</ele>
      </trkpt>
      <trkpt lat="46.097390000" lon="5.129110000">
        <ele>267.000</ele>
      </trkpt>
      <trkpt lat="46.097370000" lon="5.129110000">
        <ele>266.000</ele>
      </trkpt>
      <trkpt lat="46.097060000" lon="5.129130000">
        <ele>265.000</ele>
      </trkpt>
      <trkpt lat="46.096530000" lon="5.129170000">
        <ele>263.000</ele>
      </trkpt>
      <trkpt lat="46.096450000" lon="5.129180000">
        <ele>262.000</ele>
      </trkpt>
      <trkpt lat="46.096150000" lon="5.129210000">
        <ele>261.000</ele>
      </trkpt>
      <trkpt lat="46.096010000" lon="5.129220000">
        <ele>260.000</ele>
      </trkpt>
      <trkpt lat="46.095210000" lon="5.129290000">
        <ele>260.000</ele>
      </trkpt>
      <trkpt lat="46.095030000" lon="5.129310000">
        <ele>260.000</ele>
      </trkpt>
      <trkpt lat="46.094510000" lon="5.129360000">
        <ele>260.000</ele>
      </trkpt>
      <trkpt lat="46.094390000" lon="5.129370000">
        <ele>261.000</ele>
      </trkpt>
      <trkpt lat="46.094220000" lon="5.129380000">
        <ele>261.000</ele>
      </trkpt>
      <trkpt lat="46.093980000" lon="5.129410000">
        <ele>261.000</ele>
      </trkpt>
      <trkpt lat="46.093930000" lon="5.129410000">
        <ele>261.000</ele>
      </trkpt>
      <trkpt lat="46.093760000" lon="5.129430000">
        <ele>262.000</ele>
      </trkpt>
      <trkpt lat="46.092470000" lon="5.129540000">
        <ele>262.000</ele>
      </trkpt>
      <trkpt lat="46.092270000" lon="5.129560000">
        <ele>263.000</ele>
      </trkpt>
      <trkpt lat="46.092160000" lon="5.129570000">
        <ele>263.000</ele>
      </trkpt>
      <trkpt lat="46.092050000" lon="5.129590000">
        <ele>263.000</ele>
      </trkpt>
      <trkpt lat="46.091950000" lon="5.129630000">
        <ele>263.000</ele>
      </trkpt>
      <trkpt lat="46.091540000" lon="5.129830000">
        <ele>264.000</ele>
      </trkpt>
      <trkpt lat="46.089120000" lon="5.131060000">
        <ele>265.000</ele>
      </trkpt>
      <trkpt lat="46.088930000" lon="5.131160000">
        <ele>266.000</ele>
      </trkpt>
      <trkpt lat="46.088930000" lon="5.131160000">
        <ele>267.000</ele>
      </trkpt>
      <trkpt lat="46.082550000" lon="5.134340000">
        <ele>269.000</ele>
      </trkpt>
      <trkpt lat="46.078940000" lon="5.136850000">
        <ele>271.000</ele>
      </trkpt>
      <trkpt lat="46.076300000" lon="5.138730000">
        <ele>272.000</ele>
      </trkpt>
      <trkpt lat="46.076150000" lon="5.138830000">
        <ele>273.000</ele>
      </trkpt>
      <trkpt lat="46.074800000" lon="5.139790000">
        <ele>275.000</ele>
      </trkpt>
      <trkpt lat="46.074440000" lon="5.140060000">
        <ele>276.000</ele>
      </trkpt>
      <trkpt lat="46.074020000" lon="5.140280000">
        <ele>277.000</ele>
      </trkpt>
      <trkpt lat="46.069900000" lon="5.142470000">
        <ele>278.000</ele>
      </trkpt>
      <trkpt lat="46.066820000" lon="5.144090000">
        <ele>277.000</ele>
      </trkpt>
      <trkpt lat="46.065200000" lon="5.144970000">
        <ele>277.000</ele>
      </trkpt>
      <trkpt lat="46.063120000" lon="5.146070000">
        <ele>278.000</ele>
      </trkpt>
      <trkpt lat="46.062820000" lon="5.146230000">
        <ele>279.000</ele>
      </trkpt>
      <trkpt lat="46.061790000" lon="5.146810000">
        <ele>279.000</ele>
      </trkpt>
      <trkpt lat="46.061280000" lon="5.147050000">
        <ele>280.000</ele>
      </trkpt>
      <trkpt lat="46.061210000" lon="5.147070000">
        <ele>280.000</ele>
      </trkpt>
      <trkpt lat="46.059910000" lon="5.147530000">
        <ele>280.000</ele>
      </trkpt>
      <trkpt lat="46.059630000" lon="5.147630000">
        <ele>281.000</ele>
      </trkpt>
      <trkpt lat="46.059590000" lon="5.147640000">
        <ele>281.000</ele>
      </trkpt>
      <trkpt lat="46.058590000" lon="5.148020000">
        <ele>281.000</ele>
      </trkpt>
      <trkpt lat="46.058350000" lon="5.148100000">
        <ele>281.000</ele>
      </trkpt>
      <trkpt lat="46.058180000" lon="5.148150000">
        <ele>281.000</ele>
      </trkpt>
      <trkpt lat="46.057960000" lon="5.148180000">
        <ele>281.000</ele>
      </trkpt>
      <trkpt lat="46.057540000" lon="5.148180000">
        <ele>281.000</ele>
      </trkpt>
      <trkpt lat="46.057410000" lon="5.148140000">
        <ele>281.000</ele>
      </trkpt>
      <trkpt lat="46.057140000" lon="5.148000000">
        <ele>281.000</ele>
      </trkpt>
      <trkpt lat="46.056980000" lon="5.147950000">
        <ele>281.000</ele>
      </trkpt>
      <trkpt lat="46.056880000" lon="5.147950000">
        <ele>281.000</ele>
      </trkpt>
      <trkpt lat="46.056750000" lon="5.147980000">
        <ele>281.000</ele>
      </trkpt>
      <trkpt lat="46.056370000" lon="5.148070000">
        <ele>281.000</ele>
      </trkpt>
      <trkpt lat="46.055930000" lon="5.148170000">
        <ele>280.000</ele>
      </trkpt>
      <trkpt lat="46.055810000" lon="5.148180000">
        <ele>280.000</ele>
      </trkpt>
      <trkpt lat="46.055370000" lon="5.148200000">
        <ele>280.000</ele>
      </trkpt>
      <trkpt lat="46.055330000" lon="5.148200000">
        <ele>280.000</ele>
      </trkpt>
      <trkpt lat="46.055020000" lon="5.148230000">
        <ele>280.000</ele>
      </trkpt>
      <trkpt lat="46.054600000" lon="5.148240000">
        <ele>280.000</ele>
      </trkpt>
      <trkpt lat="46.054490000" lon="5.148230000">
        <ele>280.000</ele>
      </trkpt>
      <trkpt lat="46.054350000" lon="5.148180000">
        <ele>280.000</ele>
      </trkpt>
      <trkpt lat="46.054190000" lon="5.148080000">
        <ele>280.000</ele>
      </trkpt>
      <trkpt lat="46.054140000" lon="5.148040000">
        <ele>280.000</ele>
      </trkpt>
      <trkpt lat="46.054100000" lon="5.147930000">
        <ele>280.000</ele>
      </trkpt>
      <trkpt lat="46.054050000" lon="5.147850000">
        <ele>280.000</ele>
      </trkpt>
      <trkpt lat="46.053990000" lon="5.147800000">
        <ele>280.000</ele>
      </trkpt>
      <trkpt lat="46.054000000" lon="5.147760000">
        <ele>280.000</ele>
      </trkpt>
      <trkpt lat="46.054000000" lon="5.147700000">
        <ele>280.000</ele>
      </trkpt>
      <trkpt lat="46.053990000" lon="5.147650000">
        <ele>280.000</ele>
      </trkpt>
      <trkpt lat="46.053970000" lon="5.147610000">
        <ele>280.000</ele>
      </trkpt>
      <trkpt lat="46.053940000" lon="5.147580000">
        <ele>280.000</ele>
      </trkpt>
      <trkpt lat="46.053900000" lon="5.147570000">
        <ele>280.000</ele>
      </trkpt>
      <trkpt lat="46.053870000" lon="5.147580000">
        <ele>280.000</ele>
      </trkpt>
      <trkpt lat="46.053840000" lon="5.147600000">
        <ele>280.000</ele>
      </trkpt>
      <trkpt lat="46.053810000" lon="5.147640000">
        <ele>280.000</ele>
      </trkpt>
      <trkpt lat="46.053800000" lon="5.147680000">
        <ele>280.000</ele>
      </trkpt>
      <trkpt lat="46.053790000" lon="5.147730000">
        <ele>280.000</ele>
      </trkpt>
      <trkpt lat="46.053690000" lon="5.147730000">
        <ele>280.000</ele>
      </trkpt>
      <trkpt lat="46.053520000" lon="5.147680000">
        <ele>280.000</ele>
      </trkpt>
      <trkpt lat="46.053120000" lon="5.147490000">
        <ele>280.000</ele>
      </trkpt>
      <trkpt lat="46.051080000" lon="5.146520000">
        <ele>281.000</ele>
      </trkpt>
      <trkpt lat="46.050900000" lon="5.146440000">
        <ele>282.000</ele>
      </trkpt>
      <trkpt lat="46.050480000" lon="5.146210000">
        <ele>283.000</ele>
      </trkpt>
      <trkpt lat="46.050410000" lon="5.146170000">
        <ele>283.000</ele>
      </trkpt>
      <trkpt lat="46.050180000" lon="5.145860000">
        <ele>284.000</ele>
      </trkpt>
      <trkpt lat="46.050100000" lon="5.145980000">
        <ele>284.000</ele>
      </trkpt>
      <trkpt lat="46.050070000" lon="5.146020000">
        <ele>284.000</ele>
      </trkpt>
      <trkpt lat="46.050040000" lon="5.146040000">
        <ele>284.000</ele>
      </trkpt>
      <trkpt lat="46.049980000" lon="5.146050000">
        <ele>285.000</ele>
      </trkpt>
      <trkpt lat="46.049510000" lon="5.145990000">
        <ele>285.000</ele>
      </trkpt>
      <trkpt lat="46.049310000" lon="5.145970000">
        <ele>285.000</ele>
      </trkpt>
      <trkpt lat="46.048980000" lon="5.145960000">
        <ele>285.000</ele>
      </trkpt>
      <trkpt lat="46.048650000" lon="5.146000000">
        <ele>285.000</ele>
      </trkpt>
      <trkpt lat="46.048550000" lon="5.146020000">
        <ele>285.000</ele>
      </trkpt>
      <trkpt lat="46.047740000" lon="5.146140000">
        <ele>285.000</ele>
      </trkpt>
      <trkpt lat="46.046970000" lon="5.146280000">
        <ele>285.000</ele>
      </trkpt>
      <trkpt lat="46.046100000" lon="5.146430000">
        <ele>285.000</ele>
      </trkpt>
      <trkpt lat="46.045660000" lon="5.146500000">
        <ele>285.000</ele>
      </trkpt>
      <trkpt lat="46.045000000" lon="5.146610000">
        <ele>286.000</ele>
      </trkpt>
      <trkpt lat="46.044310000" lon="5.146710000">
        <ele>286.000</ele>
      </trkpt>
      <trkpt lat="46.043900000" lon="5.146780000">
        <ele>286.000</ele>
      </trkpt>
      <trkpt lat="46.043640000" lon="5.146860000">
        <ele>286.000</ele>
      </trkpt>
      <trkpt lat="46.042680000" lon="5.147300000">
        <ele>286.000</ele>
      </trkpt>
      <trkpt lat="46.041600000" lon="5.147810000">
        <ele>286.000</ele>
      </trkpt>
      <trkpt lat="46.041030000" lon="5.148050000">
        <ele>286.000</ele>
      </trkpt>
      <trkpt lat="46.040360000" lon="5.148270000">
        <ele>286.000</ele>
      </trkpt>
      <trkpt lat="46.039460000" lon="5.148540000">
        <ele>286.000</ele>
      </trkpt>
      <trkpt lat="46.038840000" lon="5.148730000">
        <ele>287.000</ele>
      </trkpt>
      <trkpt lat="46.037940000" lon="5.148990000">
        <ele>288.000</ele>
      </trkpt>
      <trkpt lat="46.037230000" lon="5.149190000">
        <ele>289.000</ele>
      </trkpt>
      <trkpt lat="46.036770000" lon="5.149330000">
        <ele>289.000</ele>
      </trkpt>
      <trkpt lat="46.036580000" lon="5.149390000">
        <ele>290.000</ele>
      </trkpt>
      <trkpt lat="46.036360000" lon="5.149510000">
        <ele>290.000</ele>
      </trkpt>
      <trkpt lat="46.036140000" lon="5.149690000">
        <ele>291.000</ele>
      </trkpt>
      <trkpt lat="46.035910000" lon="5.149930000">
        <ele>291.000</ele>
      </trkpt>
      <trkpt lat="46.035660000" lon="5.150220000">
        <ele>291.000</ele>
      </trkpt>
      <trkpt lat="46.035490000" lon="5.150460000">
        <ele>292.000</ele>
      </trkpt>
      <trkpt lat="46.035310000" lon="5.150820000">
        <ele>292.000</ele>
      </trkpt>
      <trkpt lat="46.035200000" lon="5.151110000">
        <ele>292.000</ele>
      </trkpt>
      <trkpt lat="46.034980000" lon="5.151690000">
        <ele>292.000</ele>
      </trkpt>
      <trkpt lat="46.034660000" lon="5.152440000">
        <ele>291.000</ele>
      </trkpt>
      <trkpt lat="46.034420000" lon="5.152820000">
        <ele>290.000</ele>
      </trkpt>
      <trkpt lat="46.034280000" lon="5.153020000">
        <ele>290.000</ele>
      </trkpt>
      <trkpt lat="46.033990000" lon="5.153360000">
        <ele>288.000</ele>
      </trkpt>
      <trkpt lat="46.033820000" lon="5.153530000">
        <ele>287.000</ele>
      </trkpt>
      <trkpt lat="46.033610000" lon="5.153690000">
        <ele>286.000</ele>
      </trkpt>
      <trkpt lat="46.033170000" lon="5.153930000">
        <ele>286.000</ele>
      </trkpt>
      <trkpt lat="46.032950000" lon="5.154040000">
        <ele>286.000</ele>
      </trkpt>
      <trkpt lat="46.032460000" lon="5.154280000">
        <ele>285.000</ele>
      </trkpt>
      <trkpt lat="46.031780000" lon="5.154610000">
        <ele>285.000</ele>
      </trkpt>
      <trkpt lat="46.031480000" lon="5.154700000">
        <ele>286.000</ele>
      </trkpt>
      <trkpt lat="46.031150000" lon="5.154750000">
        <ele>286.000</ele>
      </trkpt>
      <trkpt lat="46.030900000" lon="5.154780000">
        <ele>286.000</ele>
      </trkpt>
      <trkpt lat="46.030660000" lon="5.154770000">
        <ele>286.000</ele>
      </trkpt>
      <trkpt lat="46.030310000" lon="5.154690000">
        <ele>287.000</ele>
      </trkpt>
      <trkpt lat="46.029920000" lon="5.154570000">
        <ele>287.000</ele>
      </trkpt>
      <trkpt lat="46.029450000" lon="5.154420000">
        <ele>287.000</ele>
      </trkpt>
      <trkpt lat="46.028800000" lon="5.154220000">
        <ele>287.000</ele>
      </trkpt>
      <trkpt lat="46.028150000" lon="5.154020000">
        <ele>288.000</ele>
      </trkpt>
      <trkpt lat="46.027930000" lon="5.153950000">
        <ele>288.000</ele>
      </trkpt>
      <trkpt lat="46.027730000" lon="5.153910000">
        <ele>288.000</ele>
      </trkpt>
      <trkpt lat="46.027480000" lon="5.153900000">
        <ele>288.000</ele>
      </trkpt>
      <trkpt lat="46.027120000" lon="5.153900000">
        <ele>288.000</ele>
      </trkpt>
      <trkpt lat="46.026630000" lon="5.153920000">
        <ele>288.000</ele>
      </trkpt>
      <trkpt lat="46.025620000" lon="5.153960000">
        <ele>288.000</ele>
      </trkpt>
      <trkpt lat="46.025020000" lon="5.153970000">
        <ele>288.000</ele>
      </trkpt>
      <trkpt lat="46.024810000" lon="5.153970000">
        <ele>288.000</ele>
      </trkpt>
      <trkpt lat="46.024110000" lon="5.153980000">
        <ele>288.000</ele>
      </trkpt>
      <trkpt lat="46.023760000" lon="5.153970000">
        <ele>288.000</ele>
      </trkpt>
      <trkpt lat="46.023410000" lon="5.153970000">
        <ele>288.000</ele>
      </trkpt>
      <trkpt lat="46.023090000" lon="5.154000000">
        <ele>288.000</ele>
      </trkpt>
      <trkpt lat="46.022820000" lon="5.154040000">
        <ele>288.000</ele>
      </trkpt>
      <trkpt lat="46.022100000" lon="5.154210000">
        <ele>288.000</ele>
      </trkpt>
      <trkpt lat="46.021360000" lon="5.154390000">
        <ele>288.000</ele>
      </trkpt>
      <trkpt lat="46.021010000" lon="5.154470000">
        <ele>289.000</ele>
      </trkpt>
      <trkpt lat="46.018920000" lon="5.154960000">
        <ele>289.000</ele>
      </trkpt>
      <trkpt lat="46.017190000" lon="5.155380000">
        <ele>288.000</ele>
      </trkpt>
      <trkpt lat="46.016900000" lon="5.155500000">
        <ele>287.000</ele>
      </trkpt>
      <trkpt lat="46.016680000" lon="5.155620000">
        <ele>287.000</ele>
      </trkpt>
      <trkpt lat="46.013590000" lon="5.157890000">
        <ele>288.000</ele>
      </trkpt>
      <trkpt lat="46.010820000" lon="5.159890000">
        <ele>289.000</ele>
      </trkpt>
      <trkpt lat="46.007450000" lon="5.162400000">
        <ele>291.000</ele>
      </trkpt>
      <trkpt lat="46.007130000" lon="5.162530000">
        <ele>292.000</ele>
      </trkpt>
      <trkpt lat="46.005920000" lon="5.162740000">
        <ele>294.000</ele>
      </trkpt>
      <trkpt lat="46.005750000" lon="5.162710000">
        <ele>294.000</ele>
      </trkpt>
      <trkpt lat="46.005540000" lon="5.162790000">
        <ele>295.000</ele>
      </trkpt>
      <trkpt lat="46.003490000" lon="5.163600000">
        <ele>296.000</ele>
      </trkpt>
      <trkpt lat="46.003240000" lon="5.163710000">
        <ele>296.000</ele>
      </trkpt>
      <trkpt lat="46.003010000" lon="5.163860000">
        <ele>296.000</ele>
      </trkpt>
      <trkpt lat="46.002280000" lon="5.164580000">
        <ele>297.000</ele>
      </trkpt>
      <trkpt lat="46.001830000" lon="5.165010000">
        <ele>297.000</ele>
      </trkpt>
      <trkpt lat="46.001320000" lon="5.165330000">
        <ele>298.000</ele>
      </trkpt>
      <trkpt lat="46.000950000" lon="5.165560000">
        <ele>299.000</ele>
      </trkpt>
      <trkpt lat="46.000630000" lon="5.165650000">
        <ele>300.000</ele>
      </trkpt>
      <trkpt lat="46.000260000" lon="5.165740000">
        <ele>301.000</ele>
      </trkpt>
      <trkpt lat="45.999250000" lon="5.165940000">
        <ele>302.000</ele>
      </trkpt>
      <trkpt lat="45.998970000" lon="5.166000000">
        <ele>303.000</ele>
      </trkpt>
      <trkpt lat="45.998940000" lon="5.165660000">
        <ele>303.000</ele>
      </trkpt>
      <trkpt lat="45.998930000" lon="5.165380000">
        <ele>303.000</ele>
      </trkpt>
      <trkpt lat="45.998890000" lon="5.165100000">
        <ele>303.000</ele>
      </trkpt>
      <trkpt lat="45.998880000" lon="5.165040000">
        <ele>303.000</ele>
      </trkpt>
      <trkpt lat="45.998800000" lon="5.164780000">
        <ele>302.000</ele>
      </trkpt>
      <trkpt lat="45.998720000" lon="5.164640000">
        <ele>302.000</ele>
      </trkpt>
      <trkpt lat="45.998720000" lon="5.164380000">
        <ele>301.000</ele>
      </trkpt>
      <trkpt lat="45.998660000" lon="5.164060000">
        <ele>301.000</ele>
      </trkpt>
      <trkpt lat="45.998590000" lon="5.163730000">
        <ele>300.000</ele>
      </trkpt>
      <trkpt lat="45.998310000" lon="5.162520000">
        <ele>299.000</ele>
      </trkpt>
      <trkpt lat="45.998270000" lon="5.162170000">
        <ele>298.000</ele>
      </trkpt>
      <trkpt lat="45.998280000" lon="5.161740000">
        <ele>297.000</ele>
      </trkpt>
      <trkpt lat="45.998320000" lon="5.161240000">
        <ele>296.000</ele>
      </trkpt>
      <trkpt lat="45.998480000" lon="5.160230000">
        <ele>295.000</ele>
      </trkpt>
      <trkpt lat="45.999030000" lon="5.156650000">
        <ele>293.000</ele>
      </trkpt>
      <trkpt lat="45.999060000" lon="5.156360000">
        <ele>291.000</ele>
      </trkpt>
      <trkpt lat="45.999060000" lon="5.156000000">
        <ele>290.000</ele>
      </trkpt>
      <trkpt lat="45.998750000" lon="5.153760000">
        <ele>290.000</ele>
      </trkpt>
      <trkpt lat="45.998700000" lon="5.153460000">
        <ele>290.000</ele>
      </trkpt>
      <trkpt lat="45.998620000" lon="5.153220000">
        <ele>290.000</ele>
      </trkpt>
      <trkpt lat="45.998070000" lon="5.151660000">
        <ele>289.000</ele>
      </trkpt>
      <trkpt lat="45.997840000" lon="5.150990000">
        <ele>289.000</ele>
      </trkpt>
      <trkpt lat="45.997780000" lon="5.150720000">
        <ele>289.000</ele>
      </trkpt>
      <trkpt lat="45.997770000" lon="5.150450000">
        <ele>289.000</ele>
      </trkpt>
      <trkpt lat="45.997740000" lon="5.149670000">
        <ele>289.000</ele>
      </trkpt>
      <trkpt lat="45.997740000" lon="5.149670000">
        <ele>289.000</ele>
      </trkpt>
      <trkpt lat="45.997630000" lon="5.146500000">
        <ele>289.000</ele>
      </trkpt>
      <trkpt lat="45.997590000" lon="5.145550000">
        <ele>288.000</ele>
      </trkpt>
      <trkpt lat="45.997570000" lon="5.144880000">
        <ele>288.000</ele>
      </trkpt>
      <trkpt lat="45.997530000" lon="5.144450000">
        <ele>288.000</ele>
      </trkpt>
      <trkpt lat="45.997000000" lon="5.140010000">
        <ele>287.000</ele>
      </trkpt>
      <trkpt lat="45.996700000" lon="5.137560000">
        <ele>286.000</ele>
      </trkpt>
      <trkpt lat="45.996610000" lon="5.137040000">
        <ele>285.000</ele>
      </trkpt>
      <trkpt lat="45.996460000" lon="5.136430000">
        <ele>285.000</ele>
      </trkpt>
      <trkpt lat="45.996290000" lon="5.135880000">
        <ele>284.000</ele>
      </trkpt>
      <trkpt lat="45.996070000" lon="5.135130000">
        <ele>284.000</ele>
      </trkpt>
      <trkpt lat="45.995600000" lon="5.133900000">
        <ele>283.000</ele>
      </trkpt>
      <trkpt lat="45.995280000" lon="5.133000000">
        <ele>282.000</ele>
      </trkpt>
      <trkpt lat="45.995010000" lon="5.132300000">
        <ele>282.000</ele>
      </trkpt>
      <trkpt lat="45.994870000" lon="5.131960000">
        <ele>283.000</ele>
      </trkpt>
      <trkpt lat="45.994770000" lon="5.131750000">
        <ele>283.000</ele>
      </trkpt>
      <trkpt lat="45.994720000" lon="5.131640000">
        <ele>283.000</ele>
      </trkpt>
      <trkpt lat="45.994610000" lon="5.131470000">
        <ele>283.000</ele>
      </trkpt>
      <trkpt lat="45.992210000" lon="5.128070000">
        <ele>284.000</ele>
      </trkpt>
      <trkpt lat="45.989870000" lon="5.124810000">
        <ele>285.000</ele>
      </trkpt>
      <trkpt lat="45.989400000" lon="5.124120000">
        <ele>286.000</ele>
      </trkpt>
      <trkpt lat="45.989070000" lon="5.123480000">
        <ele>287.000</ele>
      </trkpt>
      <trkpt lat="45.988780000" lon="5.122730000">
        <ele>288.000</ele>
      </trkpt>
      <trkpt lat="45.988020000" lon="5.120280000">
        <ele>287.000</ele>
      </trkpt>
      <trkpt lat="45.987960000" lon="5.120070000">
        <ele>287.000</ele>
      </trkpt>
      <trkpt lat="45.987230000" lon="5.117740000">
        <ele>286.000</ele>
      </trkpt>
      <trkpt lat="45.986330000" lon="5.114850000">
        <ele>286.000</ele>
      </trkpt>
      <trkpt lat="45.986000000" lon="5.113720000">
        <ele>285.000</ele>
      </trkpt>
      <trkpt lat="45.985910000" lon="5.113340000">
        <ele>285.000</ele>
      </trkpt>
      <trkpt lat="45.985900000" lon="5.113270000">
        <ele>285.000</ele>
      </trkpt>
      <trkpt lat="45.985870000" lon="5.112920000">
        <ele>285.000</ele>
      </trkpt>
      <trkpt lat="45.985840000" lon="5.111450000">
        <ele>284.000</ele>
      </trkpt>
      <trkpt lat="45.985790000" lon="5.111000000">
        <ele>284.000</ele>
      </trkpt>
      <trkpt lat="45.985570000" lon="5.110340000">
        <ele>283.000</ele>
      </trkpt>
      <trkpt lat="45.985140000" lon="5.109300000">
        <ele>283.000</ele>
      </trkpt>
      <trkpt lat="45.984930000" lon="5.108970000">
        <ele>282.000</ele>
      </trkpt>
      <trkpt lat="45.984710000" lon="5.108730000">
        <ele>282.000</ele>
      </trkpt>
      <trkpt lat="45.984360000" lon="5.108460000">
        <ele>282.000</ele>
      </trkpt>
      <trkpt lat="45.983790000" lon="5.108020000">
        <ele>283.000</ele>
      </trkpt>
      <trkpt lat="45.983160000" lon="5.107520000">
        <ele>284.000</ele>
      </trkpt>
      <trkpt lat="45.982580000" lon="5.107050000">
        <ele>286.000</ele>
      </trkpt>
      <trkpt lat="45.982510000" lon="5.106990000">
        <ele>287.000</ele>
      </trkpt>
      <trkpt lat="45.981720000" lon="5.106380000">
        <ele>289.000</ele>
      </trkpt>
      <trkpt lat="45.980960000" lon="5.105860000">
        <ele>291.000</ele>
      </trkpt>
      <trkpt lat="45.980650000" lon="5.105580000">
        <ele>292.000</ele>
      </trkpt>
      <trkpt lat="45.980550000" lon="5.105470000">
        <ele>292.000</ele>
      </trkpt>
      <trkpt lat="45.980400000" lon="5.105290000">
        <ele>292.000</ele>
      </trkpt>
      <trkpt lat="45.980360000" lon="5.105230000">
        <ele>292.000</ele>
      </trkpt>
      <trkpt lat="45.980330000" lon="5.105180000">
        <ele>292.000</ele>
      </trkpt>
      <trkpt lat="45.980290000" lon="5.105080000">
        <ele>292.000</ele>
      </trkpt>
      <trkpt lat="45.980260000" lon="5.104990000">
        <ele>292.000</ele>
      </trkpt>
      <trkpt lat="45.980240000" lon="5.104920000">
        <ele>291.000</ele>
      </trkpt>
      <trkpt lat="45.980230000" lon="5.104860000">
        <ele>291.000</ele>
      </trkpt>
      <trkpt lat="45.980220000" lon="5.104850000">
        <ele>291.000</ele>
      </trkpt>
      <trkpt lat="45.980210000" lon="5.104750000">
        <ele>291.000</ele>
      </trkpt>
      <trkpt lat="45.980200000" lon="5.104630000">
        <ele>290.000</ele>
      </trkpt>
      <trkpt lat="45.980190000" lon="5.104440000">
        <ele>290.000</ele>
      </trkpt>
      <trkpt lat="45.980190000" lon="5.104240000">
        <ele>290.000</ele>
      </trkpt>
      <trkpt lat="45.980190000" lon="5.104120000">
        <ele>289.000</ele>
      </trkpt>
      <trkpt lat="45.980200000" lon="5.104090000">
        <ele>289.000</ele>
      </trkpt>
      <trkpt lat="45.980220000" lon="5.103820000">
        <ele>288.000</ele>
      </trkpt>
      <trkpt lat="45.980240000" lon="5.103590000">
        <ele>288.000</ele>
      </trkpt>
      <trkpt lat="45.980270000" lon="5.103380000">
        <ele>287.000</ele>
      </trkpt>
      <trkpt lat="45.980300000" lon="5.103140000">
        <ele>287.000</ele>
      </trkpt>
      <trkpt lat="45.980350000" lon="5.102770000">
        <ele>286.000</ele>
      </trkpt>
      <trkpt lat="45.980360000" lon="5.102680000">
        <ele>285.000</ele>
      </trkpt>
      <trkpt lat="45.980350000" lon="5.102620000">
        <ele>285.000</ele>
      </trkpt>
      <trkpt lat="45.980320000" lon="5.102450000">
        <ele>285.000</ele>
      </trkpt>
      <trkpt lat="45.980190000" lon="5.101980000">
        <ele>284.000</ele>
      </trkpt>
      <trkpt lat="45.980170000" lon="5.101900000">
        <ele>284.000</ele>
      </trkpt>
      <trkpt lat="45.979880000" lon="5.101090000">
        <ele>283.000</ele>
      </trkpt>
      <trkpt lat="45.979840000" lon="5.100990000">
        <ele>282.000</ele>
      </trkpt>
      <trkpt lat="45.979660000" lon="5.100510000">
        <ele>282.000</ele>
      </trkpt>
      <trkpt lat="45.979530000" lon="5.100150000">
        <ele>281.000</ele>
      </trkpt>
      <trkpt lat="45.979440000" lon="5.099900000">
        <ele>282.000</ele>
      </trkpt>
      <trkpt lat="45.979300000" lon="5.099540000">
        <ele>282.000</ele>
      </trkpt>
      <trkpt lat="45.979040000" lon="5.098820000">
        <ele>282.000</ele>
      </trkpt>
      <trkpt lat="45.979020000" lon="5.098760000">
        <ele>282.000</ele>
      </trkpt>
      <trkpt lat="45.978860000" lon="5.098300000">
        <ele>282.000</ele>
      </trkpt>
      <trkpt lat="45.977930000" lon="5.095660000">
        <ele>283.000</ele>
      </trkpt>
      <trkpt lat="45.977720000" lon="5.095040000">
        <ele>283.000</ele>
      </trkpt>
      <trkpt lat="45.976730000" lon="5.092130000">
        <ele>282.000</ele>
      </trkpt>
      <trkpt lat="45.976660000" lon="5.091900000">
        <ele>281.000</ele>
      </trkpt>
      <trkpt lat="45.976630000" lon="5.091680000">
        <ele>280.000</ele>
      </trkpt>
      <trkpt lat="45.976550000" lon="5.091660000">
        <ele>280.000</ele>
      </trkpt>
      <trkpt lat="45.976460000" lon="5.091610000">
        <ele>280.000</ele>
      </trkpt>
      <trkpt lat="45.976100000" lon="5.091210000">
        <ele>280.000</ele>
      </trkpt>
      <trkpt lat="45.974100000" lon="5.089240000">
        <ele>280.000</ele>
      </trkpt>
      <trkpt lat="45.971000000" lon="5.086190000">
        <ele>280.000</ele>
      </trkpt>
      <trkpt lat="45.969770000" lon="5.084990000">
        <ele>279.000</ele>
      </trkpt>
      <trkpt lat="45.969570000" lon="5.084680000">
        <ele>278.000</ele>
      </trkpt>
      <trkpt lat="45.969420000" lon="5.084340000">
        <ele>278.000</ele>
      </trkpt>
      <trkpt lat="45.969380000" lon="5.084220000">
        <ele>277.000</ele>
      </trkpt>
      <trkpt lat="45.969310000" lon="5.084000000">
        <ele>277.000</ele>
      </trkpt>
      <trkpt lat="45.969240000" lon="5.083780000">
        <ele>277.000</ele>
      </trkpt>
      <trkpt lat="45.968860000" lon="5.081890000">
        <ele>277.000</ele>
      </trkpt>
      <trkpt lat="45.967610000" lon="5.075000000">
        <ele>278.000</ele>
      </trkpt>
      <trkpt lat="45.967190000" lon="5.072710000">
        <ele>279.000</ele>
      </trkpt>
      <trkpt lat="45.966460000" lon="5.068610000">
        <ele>280.000</ele>
      </trkpt>
      <trkpt lat="45.966430000" lon="5.068450000">
        <ele>281.000</ele>
      </trkpt>
      <trkpt lat="45.966070000" lon="5.066440000">
        <ele>281.000</ele>
      </trkpt>
      <trkpt lat="45.965920000" lon="5.065610000">
        <ele>280.000</ele>
      </trkpt>
      <trkpt lat="45.965060000" lon="5.060830000">
        <ele>280.000</ele>
      </trkpt>
      <trkpt lat="45.964250000" lon="5.056450000">
        <ele>281.000</ele>
      </trkpt>
      <trkpt lat="45.964250000" lon="5.056450000">
        <ele>282.000</ele>
      </trkpt>
      <trkpt lat="45.964250000" lon="5.056430000">
        <ele>283.000</ele>
      </trkpt>
      <trkpt lat="45.963960000" lon="5.054840000">
        <ele>283.000</ele>
      </trkpt>
      <trkpt lat="45.963740000" lon="5.053590000">
        <ele>283.000</ele>
      </trkpt>
      <trkpt lat="45.962900000" lon="5.048890000">
        <ele>281.000</ele>
      </trkpt>
      <trkpt lat="45.962810000" lon="5.048400000">
        <ele>279.000</ele>
      </trkpt>
      <trkpt lat="45.962760000" lon="5.047810000">
        <ele>279.000</ele>
      </trkpt>
      <trkpt lat="45.962760000" lon="5.047350000">
        <ele>279.000</ele>
      </trkpt>
      <trkpt lat="45.962850000" lon="5.046180000">
        <ele>279.000</ele>
      </trkpt>
      <trkpt lat="45.962890000" lon="5.045660000">
        <ele>279.000</ele>
      </trkpt>
      <trkpt lat="45.963300000" lon="5.040480000">
        <ele>279.000</ele>
      </trkpt>
      <trkpt lat="45.963360000" lon="5.039690000">
        <ele>278.000</ele>
      </trkpt>
      <trkpt lat="45.963790000" lon="5.034540000">
        <ele>279.000</ele>
      </trkpt>
      <trkpt lat="45.963790000" lon="5.034440000">
        <ele>279.000</ele>
      </trkpt>
      <trkpt lat="45.963800000" lon="5.034370000">
        <ele>279.000</ele>
      </trkpt>
      <trkpt lat="45.963810000" lon="5.034280000">
        <ele>279.000</ele>
      </trkpt>
      <trkpt lat="45.964190000" lon="5.029470000">
        <ele>279.000</ele>
      </trkpt>
      <trkpt lat="45.964200000" lon="5.029310000">
        <ele>279.000</ele>
      </trkpt>
      <trkpt lat="45.964390000" lon="5.027280000">
        <ele>280.000</ele>
      </trkpt>
      <trkpt lat="45.964600000" lon="5.025030000">
        <ele>280.000</ele>
      </trkpt>
      <trkpt lat="45.964930000" lon="5.021440000">
        <ele>281.000</ele>
      </trkpt>
      <trkpt lat="45.965130000" lon="5.019310000">
        <ele>281.000</ele>
      </trkpt>
      <trkpt lat="45.965590000" lon="5.014300000">
        <ele>282.000</ele>
      </trkpt>
      <trkpt lat="45.965820000" lon="5.011780000">
        <ele>282.000</ele>
      </trkpt>
      <trkpt lat="45.965820000" lon="5.011730000">
        <ele>282.000</ele>
      </trkpt>
      <trkpt lat="45.966090000" lon="5.008670000">
        <ele>283.000</ele>
      </trkpt>
      <trkpt lat="45.966170000" lon="5.008280000">
        <ele>284.000</ele>
      </trkpt>
      <trkpt lat="45.966310000" lon="5.007900000">
        <ele>284.000</ele>
      </trkpt>
      <trkpt lat="45.966420000" lon="5.007690000">
        <ele>283.000</ele>
      </trkpt>
      <trkpt lat="45.966590000" lon="5.007440000">
        <ele>283.000</ele>
      </trkpt>
      <trkpt lat="45.966910000" lon="5.007150000">
        <ele>282.000</ele>
      </trkpt>
      <trkpt lat="45.967050000" lon="5.007050000">
        <ele>282.000</ele>
      </trkpt>
      <trkpt lat="45.967130000" lon="5.006930000">
        <ele>281.000</ele>
      </trkpt>
      <trkpt lat="45.967220000" lon="5.006740000">
        <ele>281.000</ele>
      </trkpt>
      <trkpt lat="45.967220000" lon="5.006710000">
        <ele>280.000</ele>
      </trkpt>
      <trkpt lat="45.967760000" lon="5.006980000">
        <ele>280.000</ele>
      </trkpt>
      <trkpt lat="45.967970000" lon="5.007050000">
        <ele>281.000</ele>
      </trkpt>
      <trkpt lat="45.968410000" lon="5.007280000">
        <ele>281.000</ele>
      </trkpt>
      <trkpt lat="45.968410000" lon="5.007280000">
        <ele>282.000</ele>
      </trkpt>
      <trkpt lat="45.968960000" lon="5.007570000">
        <ele>282.000</ele>
      </trkpt>
      <trkpt lat="45.969100000" lon="5.007650000">
        <ele>283.000</ele>
      </trkpt>
      <trkpt lat="45.969210000" lon="5.007700000">
        <ele>283.000</ele>
      </trkpt>
      <trkpt lat="45.969440000" lon="5.007830000">
        <ele>283.000</ele>
      </trkpt>
      <trkpt lat="45.969550000" lon="5.007890000">
        <ele>283.000</ele>
      </trkpt>
      <trkpt lat="45.970190000" lon="5.008220000">
        <ele>283.000</ele>
      </trkpt>
      <trkpt lat="45.970380000" lon="5.008330000">
        <ele>283.000</ele>
      </trkpt>
      <trkpt lat="45.973420000" lon="5.009950000">
        <ele>282.000</ele>
      </trkpt>
      <trkpt lat="45.976390000" lon="5.011550000">
        <ele>284.000</ele>
      </trkpt>
      <trkpt lat="45.976540000" lon="5.011670000">
        <ele>284.000</ele>
      </trkpt>
      <trkpt lat="45.976730000" lon="5.011770000">
        <ele>285.000</ele>
      </trkpt>
      <trkpt lat="45.976990000" lon="5.011900000">
        <ele>285.000</ele>
      </trkpt>
      <trkpt lat="45.977020000" lon="5.011920000">
        <ele>285.000</ele>
      </trkpt>
      <trkpt lat="45.977430000" lon="5.012140000">
        <ele>285.000</ele>
      </trkpt>
      <trkpt lat="45.977790000" lon="5.012330000">
        <ele>285.000</ele>
      </trkpt>
      <trkpt lat="45.978040000" lon="5.012430000">
        <ele>284.000</ele>
      </trkpt>
      <trkpt lat="45.980080000" lon="5.013480000">
        <ele>283.000</ele>
      </trkpt>
      <trkpt lat="45.980390000" lon="5.013650000">
        <ele>282.000</ele>
      </trkpt>
      <trkpt lat="45.980650000" lon="5.013790000">
        <ele>282.000</ele>
      </trkpt>
      <trkpt lat="45.980810000" lon="5.013910000">
        <ele>282.000</ele>
      </trkpt>
      <trkpt lat="45.982200000" lon="5.015110000">
        <ele>282.000</ele>
      </trkpt>
      <trkpt lat="45.983410000" lon="5.016100000">
        <ele>282.000</ele>
      </trkpt>
      <trkpt lat="45.984160000" lon="5.016750000">
        <ele>282.000</ele>
      </trkpt>
      <trkpt lat="45.985350000" lon="5.017750000">
        <ele>281.000</ele>
      </trkpt>
      <trkpt lat="45.987560000" lon="5.019650000">
        <ele>281.000</ele>
      </trkpt>
      <trkpt lat="45.989820000" lon="5.021590000">
        <ele>279.000</ele>
      </trkpt>
      <trkpt lat="45.990480000" lon="5.022170000">
        <ele>278.000</ele>
      </trkpt>
      <trkpt lat="45.990960000" lon="5.022590000">
        <ele>278.000</ele>
      </trkpt>
      <trkpt lat="45.991210000" lon="5.022830000">
        <ele>277.000</ele>
      </trkpt>
      <trkpt lat="45.991480000" lon="5.023150000">
        <ele>277.000</ele>
      </trkpt>
      <trkpt lat="45.991900000" lon="5.023740000">
        <ele>277.000</ele>
      </trkpt>
      <trkpt lat="45.992190000" lon="5.024130000">
        <ele>278.000</ele>
      </trkpt>
      <trkpt lat="45.992440000" lon="5.024510000">
        <ele>278.000</ele>
      </trkpt>
      <trkpt lat="45.992820000" lon="5.025050000">
        <ele>279.000</ele>
      </trkpt>
    </trkseg>
  </trk>
</gpx>
