<?xml version="1.0" encoding="UTF-8"?>
<gpx version="1.0" creator="GPSBabel - https://www.gpsbabel.org" xmlns="http://www.topografix.com/GPX/1/0">
  <time>2026-05-27T10:13:41.297Z</time>
  <bounds minlat="45.042000000" minlon="3.774280000" maxlat="45.301310000" maxlon="5.622370000"/>
  <trk>
    <trkseg>
      <trkpt lat="45.266150000" lon="5.622370000">
        <ele>196.000</ele>
      </trkpt>
      <trkpt lat="45.266580000" lon="5.622140000">
        <ele>195.000</ele>
      </trkpt>
      <trkpt lat="45.266830000" lon="5.621990000">
        <ele>195.000</ele>
      </trkpt>
      <trkpt lat="45.267210000" lon="5.621770000">
        <ele>195.000</ele>
      </trkpt>
      <trkpt lat="45.267480000" lon="5.621530000">
        <ele>195.000</ele>
      </trkpt>
      <trkpt lat="45.267720000" lon="5.621230000">
        <ele>195.000</ele>
      </trkpt>
      <trkpt lat="45.267840000" lon="5.621090000">
        <ele>195.000</ele>
      </trkpt>
      <trkpt lat="45.267980000" lon="5.620870000">
        <ele>195.000</ele>
      </trkpt>
      <trkpt lat="45.268110000" lon="5.620600000">
        <ele>195.000</ele>
      </trkpt>
      <trkpt lat="45.268130000" lon="5.620560000">
        <ele>195.000</ele>
      </trkpt>
      <trkpt lat="45.268210000" lon="5.620390000">
        <ele>195.000</ele>
      </trkpt>
      <trkpt lat="45.268440000" lon="5.620580000">
        <ele>195.000</ele>
      </trkpt>
      <trkpt lat="45.268490000" lon="5.620670000">
        <ele>195.000</ele>
      </trkpt>
      <trkpt lat="45.268590000" lon="5.620780000">
        <ele>195.000</ele>
      </trkpt>
      <trkpt lat="45.268690000" lon="5.620850000">
        <ele>196.000</ele>
      </trkpt>
      <trkpt lat="45.268810000" lon="5.620880000">
        <ele>196.000</ele>
      </trkpt>
      <trkpt lat="45.268980000" lon="5.620850000">
        <ele>196.000</ele>
      </trkpt>
      <trkpt lat="45.269220000" lon="5.620730000">
        <ele>196.000</ele>
      </trkpt>
      <trkpt lat="45.269360000" lon="5.620650000">
        <ele>196.000</ele>
      </trkpt>
      <trkpt lat="45.269470000" lon="5.620560000">
        <ele>196.000</ele>
      </trkpt>
      <trkpt lat="45.269930000" lon="5.620200000">
        <ele>196.000</ele>
      </trkpt>
      <trkpt lat="45.270260000" lon="5.619920000">
        <ele>195.000</ele>
      </trkpt>
      <trkpt lat="45.270400000" lon="5.619800000">
        <ele>194.000</ele>
      </trkpt>
      <trkpt lat="45.270680000" lon="5.619550000">
        <ele>194.000</ele>
      </trkpt>
      <trkpt lat="45.270850000" lon="5.619440000">
        <ele>193.000</ele>
      </trkpt>
      <trkpt lat="45.271000000" lon="5.619350000">
        <ele>193.000</ele>
      </trkpt>
      <trkpt lat="45.271230000" lon="5.619250000">
        <ele>192.000</ele>
      </trkpt>
      <trkpt lat="45.271650000" lon="5.619170000">
        <ele>192.000</ele>
      </trkpt>
      <trkpt lat="45.271830000" lon="5.619140000">
        <ele>192.000</ele>
      </trkpt>
      <trkpt lat="45.272380000" lon="5.619040000">
        <ele>193.000</ele>
      </trkpt>
      <trkpt lat="45.275070000" lon="5.618430000">
        <ele>194.000</ele>
      </trkpt>
      <trkpt lat="45.276210000" lon="5.618160000">
        <ele>195.000</ele>
      </trkpt>
      <trkpt lat="45.277420000" lon="5.617900000">
        <ele>196.000</ele>
      </trkpt>
      <trkpt lat="45.277620000" lon="5.617870000">
        <ele>196.000</ele>
      </trkpt>
      <trkpt lat="45.277860000" lon="5.617850000">
        <ele>197.000</ele>
      </trkpt>
      <trkpt lat="45.278260000" lon="5.617840000">
        <ele>197.000</ele>
      </trkpt>
      <trkpt lat="45.279310000" lon="5.617820000">
        <ele>196.000</ele>
      </trkpt>
      <trkpt lat="45.280010000" lon="5.617800000">
        <ele>196.000</ele>
      </trkpt>
      <trkpt lat="45.280760000" lon="5.617670000">
        <ele>196.000</ele>
      </trkpt>
      <trkpt lat="45.283690000" lon="5.617050000">
        <ele>196.000</ele>
      </trkpt>
      <trkpt lat="45.283940000" lon="5.617000000">
        <ele>196.000</ele>
      </trkpt>
      <trkpt lat="45.287290000" lon="5.616290000">
        <ele>196.000</ele>
      </trkpt>
      <trkpt lat="45.289640000" lon="5.615790000">
        <ele>197.000</ele>
      </trkpt>
      <trkpt lat="45.290750000" lon="5.615570000">
        <ele>197.000</ele>
      </trkpt>
      <trkpt lat="45.291490000" lon="5.615360000">
        <ele>197.000</ele>
      </trkpt>
      <trkpt lat="45.292050000" lon="5.615150000">
        <ele>196.000</ele>
      </trkpt>
      <trkpt lat="45.292690000" lon="5.614930000">
        <ele>196.000</ele>
      </trkpt>
      <trkpt lat="45.293070000" lon="5.614770000">
        <ele>196.000</ele>
      </trkpt>
      <trkpt lat="45.293410000" lon="5.614590000">
        <ele>196.000</ele>
      </trkpt>
      <trkpt lat="45.293780000" lon="5.614410000">
        <ele>196.000</ele>
      </trkpt>
      <trkpt lat="45.294210000" lon="5.614200000">
        <ele>197.000</ele>
      </trkpt>
      <trkpt lat="45.294540000" lon="5.614020000">
        <ele>199.000</ele>
      </trkpt>
      <trkpt lat="45.294740000" lon="5.613880000">
        <ele>200.000</ele>
      </trkpt>
      <trkpt lat="45.294910000" lon="5.613760000">
        <ele>201.000</ele>
      </trkpt>
      <trkpt lat="45.295160000" lon="5.613540000">
        <ele>202.000</ele>
      </trkpt>
      <trkpt lat="45.295400000" lon="5.613300000">
        <ele>203.000</ele>
      </trkpt>
      <trkpt lat="45.295560000" lon="5.613110000">
        <ele>203.000</ele>
      </trkpt>
      <trkpt lat="45.295800000" lon="5.612800000">
        <ele>204.000</ele>
      </trkpt>
      <trkpt lat="45.296840000" lon="5.611200000">
        <ele>204.000</ele>
      </trkpt>
      <trkpt lat="45.297430000" lon="5.610290000">
        <ele>204.000</ele>
      </trkpt>
      <trkpt lat="45.297600000" lon="5.610030000">
        <ele>204.000</ele>
      </trkpt>
      <trkpt lat="45.299260000" lon="5.607420000">
        <ele>204.000</ele>
      </trkpt>
      <trkpt lat="45.300480000" lon="5.605480000">
        <ele>203.000</ele>
      </trkpt>
      <trkpt lat="45.300960000" lon="5.604660000">
        <ele>202.000</ele>
      </trkpt>
      <trkpt lat="45.301030000" lon="5.604510000">
        <ele>202.000</ele>
      </trkpt>
      <trkpt lat="45.301100000" lon="5.604300000">
        <ele>201.000</ele>
      </trkpt>
      <trkpt lat="45.301300000" lon="5.603490000">
        <ele>200.000</ele>
      </trkpt>
      <trkpt lat="45.301310000" lon="5.601890000">
        <ele>199.000</ele>
      </trkpt>
      <trkpt lat="45.301270000" lon="5.601350000">
        <ele>198.000</ele>
      </trkpt>
      <trkpt lat="45.301190000" lon="5.600950000">
        <ele>198.000</ele>
      </trkpt>
      <trkpt lat="45.301010000" lon="5.600490000">
        <ele>198.000</ele>
      </trkpt>
      <trkpt lat="45.300780000" lon="5.600100000">
        <ele>198.000</ele>
      </trkpt>
      <trkpt lat="45.300250000" lon="5.599220000">
        <ele>199.000</ele>
      </trkpt>
      <trkpt lat="45.299710000" lon="5.598240000">
        <ele>199.000</ele>
      </trkpt>
      <trkpt lat="45.299460000" lon="5.597780000">
        <ele>199.000</ele>
      </trkpt>
      <trkpt lat="45.299290000" lon="5.597520000">
        <ele>200.000</ele>
      </trkpt>
      <trkpt lat="45.299130000" lon="5.597240000">
        <ele>200.000</ele>
      </trkpt>
      <trkpt lat="45.298740000" lon="5.596720000">
        <ele>200.000</ele>
      </trkpt>
      <trkpt lat="45.298640000" lon="5.596630000">
        <ele>200.000</ele>
      </trkpt>
      <trkpt lat="45.297990000" lon="5.596040000">
        <ele>201.000</ele>
      </trkpt>
      <trkpt lat="45.297940000" lon="5.595980000">
        <ele>202.000</ele>
      </trkpt>
      <trkpt lat="45.297480000" lon="5.595410000">
        <ele>203.000</ele>
      </trkpt>
      <trkpt lat="45.297250000" lon="5.595000000">
        <ele>204.000</ele>
      </trkpt>
      <trkpt lat="45.297120000" lon="5.594670000">
        <ele>205.000</ele>
      </trkpt>
      <trkpt lat="45.296820000" lon="5.593860000">
        <ele>204.000</ele>
      </trkpt>
      <trkpt lat="45.296540000" lon="5.593210000">
        <ele>203.000</ele>
      </trkpt>
      <trkpt lat="45.296360000" lon="5.592840000">
        <ele>202.000</ele>
      </trkpt>
      <trkpt lat="45.296080000" lon="5.592430000">
        <ele>201.000</ele>
      </trkpt>
      <trkpt lat="45.295980000" lon="5.592280000">
        <ele>200.000</ele>
      </trkpt>
      <trkpt lat="45.295950000" lon="5.592230000">
        <ele>200.000</ele>
      </trkpt>
      <trkpt lat="45.294840000" lon="5.590500000">
        <ele>200.000</ele>
      </trkpt>
      <trkpt lat="45.294560000" lon="5.590070000">
        <ele>200.000</ele>
      </trkpt>
      <trkpt lat="45.294400000" lon="5.589670000">
        <ele>201.000</ele>
      </trkpt>
      <trkpt lat="45.294100000" lon="5.588750000">
        <ele>202.000</ele>
      </trkpt>
      <trkpt lat="45.293590000" lon="5.587090000">
        <ele>204.000</ele>
      </trkpt>
      <trkpt lat="45.293460000" lon="5.586560000">
        <ele>205.000</ele>
      </trkpt>
      <trkpt lat="45.293350000" lon="5.585890000">
        <ele>206.000</ele>
      </trkpt>
      <trkpt lat="45.293150000" lon="5.583190000">
        <ele>206.000</ele>
      </trkpt>
      <trkpt lat="45.293060000" lon="5.582100000">
        <ele>205.000</ele>
      </trkpt>
      <trkpt lat="45.293000000" lon="5.581380000">
        <ele>203.000</ele>
      </trkpt>
      <trkpt lat="45.292920000" lon="5.580860000">
        <ele>202.000</ele>
      </trkpt>
      <trkpt lat="45.292790000" lon="5.580170000">
        <ele>201.000</ele>
      </trkpt>
      <trkpt lat="45.292580000" lon="5.579420000">
        <ele>199.000</ele>
      </trkpt>
      <trkpt lat="45.291740000" lon="5.576600000">
        <ele>195.000</ele>
      </trkpt>
      <trkpt lat="45.291650000" lon="5.576310000">
        <ele>193.000</ele>
      </trkpt>
      <trkpt lat="45.291580000" lon="5.576060000">
        <ele>192.000</ele>
      </trkpt>
      <trkpt lat="45.291240000" lon="5.574900000">
        <ele>190.000</ele>
      </trkpt>
      <trkpt lat="45.289800000" lon="5.570010000">
        <ele>189.000</ele>
      </trkpt>
      <trkpt lat="45.289560000" lon="5.569220000">
        <ele>188.000</ele>
      </trkpt>
      <trkpt lat="45.289550000" lon="5.569060000">
        <ele>188.000</ele>
      </trkpt>
      <trkpt lat="45.288780000" lon="5.566430000">
        <ele>188.000</ele>
      </trkpt>
      <trkpt lat="45.288720000" lon="5.566220000">
        <ele>188.000</ele>
      </trkpt>
      <trkpt lat="45.287980000" lon="5.563710000">
        <ele>187.000</ele>
      </trkpt>
      <trkpt lat="45.287970000" lon="5.563650000">
        <ele>186.000</ele>
      </trkpt>
      <trkpt lat="45.287930000" lon="5.563540000">
        <ele>186.000</ele>
      </trkpt>
      <trkpt lat="45.286860000" lon="5.559890000">
        <ele>186.000</ele>
      </trkpt>
      <trkpt lat="45.286770000" lon="5.559590000">
        <ele>186.000</ele>
      </trkpt>
      <trkpt lat="45.286620000" lon="5.559060000">
        <ele>187.000</ele>
      </trkpt>
      <trkpt lat="45.286250000" lon="5.557780000">
        <ele>187.000</ele>
      </trkpt>
      <trkpt lat="45.285970000" lon="5.556840000">
        <ele>187.000</ele>
      </trkpt>
      <trkpt lat="45.285690000" lon="5.555890000">
        <ele>187.000</ele>
      </trkpt>
      <trkpt lat="45.285670000" lon="5.555800000">
        <ele>188.000</ele>
      </trkpt>
      <trkpt lat="45.285670000" lon="5.555800000">
        <ele>188.000</ele>
      </trkpt>
      <trkpt lat="45.285040000" lon="5.553680000">
        <ele>189.000</ele>
      </trkpt>
      <trkpt lat="45.285010000" lon="5.553560000">
        <ele>189.000</ele>
      </trkpt>
      <trkpt lat="45.283880000" lon="5.549360000">
        <ele>190.000</ele>
      </trkpt>
      <trkpt lat="45.283760000" lon="5.548920000">
        <ele>190.000</ele>
      </trkpt>
      <trkpt lat="45.283390000" lon="5.547680000">
        <ele>191.000</ele>
      </trkpt>
      <trkpt lat="45.283190000" lon="5.547140000">
        <ele>192.000</ele>
      </trkpt>
      <trkpt lat="45.283010000" lon="5.546650000">
        <ele>193.000</ele>
      </trkpt>
      <trkpt lat="45.282610000" lon="5.545690000">
        <ele>193.000</ele>
      </trkpt>
      <trkpt lat="45.282580000" lon="5.545600000">
        <ele>194.000</ele>
      </trkpt>
      <trkpt lat="45.282510000" lon="5.545390000">
        <ele>194.000</ele>
      </trkpt>
      <trkpt lat="45.281980000" lon="5.544130000">
        <ele>194.000</ele>
      </trkpt>
      <trkpt lat="45.281570000" lon="5.543110000">
        <ele>193.000</ele>
      </trkpt>
      <trkpt lat="45.281190000" lon="5.542180000">
        <ele>192.000</ele>
      </trkpt>
      <trkpt lat="45.280720000" lon="5.541000000">
        <ele>190.000</ele>
      </trkpt>
      <trkpt lat="45.280390000" lon="5.540140000">
        <ele>189.000</ele>
      </trkpt>
      <trkpt lat="45.280210000" lon="5.539550000">
        <ele>189.000</ele>
      </trkpt>
      <trkpt lat="45.280030000" lon="5.539120000">
        <ele>190.000</ele>
      </trkpt>
      <trkpt lat="45.280010000" lon="5.539080000">
        <ele>190.000</ele>
      </trkpt>
      <trkpt lat="45.279950000" lon="5.538970000">
        <ele>190.000</ele>
      </trkpt>
      <trkpt lat="45.280040000" lon="5.538820000">
        <ele>191.000</ele>
      </trkpt>
      <trkpt lat="45.280060000" lon="5.538800000">
        <ele>191.000</ele>
      </trkpt>
      <trkpt lat="45.280190000" lon="5.538590000">
        <ele>192.000</ele>
      </trkpt>
      <trkpt lat="45.280390000" lon="5.538160000">
        <ele>192.000</ele>
      </trkpt>
      <trkpt lat="45.280830000" lon="5.537520000">
        <ele>191.000</ele>
      </trkpt>
      <trkpt lat="45.281080000" lon="5.537140000">
        <ele>190.000</ele>
      </trkpt>
      <trkpt lat="45.281100000" lon="5.537110000">
        <ele>190.000</ele>
      </trkpt>
      <trkpt lat="45.281340000" lon="5.536760000">
        <ele>189.000</ele>
      </trkpt>
      <trkpt lat="45.281530000" lon="5.536470000">
        <ele>189.000</ele>
      </trkpt>
      <trkpt lat="45.281730000" lon="5.536150000">
        <ele>188.000</ele>
      </trkpt>
      <trkpt lat="45.282080000" lon="5.535610000">
        <ele>188.000</ele>
      </trkpt>
      <trkpt lat="45.282490000" lon="5.534950000">
        <ele>187.000</ele>
      </trkpt>
      <trkpt lat="45.282630000" lon="5.534720000">
        <ele>187.000</ele>
      </trkpt>
      <trkpt lat="45.283290000" lon="5.533680000">
        <ele>186.000</ele>
      </trkpt>
      <trkpt lat="45.283380000" lon="5.533540000">
        <ele>185.000</ele>
      </trkpt>
      <trkpt lat="45.283430000" lon="5.533440000">
        <ele>185.000</ele>
      </trkpt>
      <trkpt lat="45.283570000" lon="5.533220000">
        <ele>185.000</ele>
      </trkpt>
      <trkpt lat="45.283880000" lon="5.532680000">
        <ele>185.000</ele>
      </trkpt>
      <trkpt lat="45.284120000" lon="5.532160000">
        <ele>185.000</ele>
      </trkpt>
      <trkpt lat="45.284690000" lon="5.530770000">
        <ele>185.000</ele>
      </trkpt>
      <trkpt lat="45.285360000" lon="5.529020000">
        <ele>185.000</ele>
      </trkpt>
      <trkpt lat="45.285420000" lon="5.528850000">
        <ele>185.000</ele>
      </trkpt>
      <trkpt lat="45.286250000" lon="5.526700000">
        <ele>185.000</ele>
      </trkpt>
      <trkpt lat="45.286340000" lon="5.526480000">
        <ele>185.000</ele>
      </trkpt>
      <trkpt lat="45.286430000" lon="5.526250000">
        <ele>185.000</ele>
      </trkpt>
      <trkpt lat="45.286580000" lon="5.525860000">
        <ele>186.000</ele>
      </trkpt>
      <trkpt lat="45.286740000" lon="5.525400000">
        <ele>186.000</ele>
      </trkpt>
      <trkpt lat="45.286880000" lon="5.525020000">
        <ele>186.000</ele>
      </trkpt>
      <trkpt lat="45.286990000" lon="5.524680000">
        <ele>186.000</ele>
      </trkpt>
      <trkpt lat="45.287010000" lon="5.524640000">
        <ele>186.000</ele>
      </trkpt>
      <trkpt lat="45.287160000" lon="5.524210000">
        <ele>186.000</ele>
      </trkpt>
      <trkpt lat="45.287260000" lon="5.523980000">
        <ele>186.000</ele>
      </trkpt>
      <trkpt lat="45.287290000" lon="5.523910000">
        <ele>186.000</ele>
      </trkpt>
      <trkpt lat="45.287590000" lon="5.523200000">
        <ele>186.000</ele>
      </trkpt>
      <trkpt lat="45.287680000" lon="5.523020000">
        <ele>186.000</ele>
      </trkpt>
      <trkpt lat="45.287760000" lon="5.522860000">
        <ele>185.000</ele>
      </trkpt>
      <trkpt lat="45.287840000" lon="5.522740000">
        <ele>185.000</ele>
      </trkpt>
      <trkpt lat="45.287940000" lon="5.522610000">
        <ele>185.000</ele>
      </trkpt>
      <trkpt lat="45.288040000" lon="5.522470000">
        <ele>184.000</ele>
      </trkpt>
      <trkpt lat="45.288180000" lon="5.522330000">
        <ele>184.000</ele>
      </trkpt>
      <trkpt lat="45.288270000" lon="5.522240000">
        <ele>184.000</ele>
      </trkpt>
      <trkpt lat="45.288300000" lon="5.522200000">
        <ele>184.000</ele>
      </trkpt>
      <trkpt lat="45.288330000" lon="5.522140000">
        <ele>184.000</ele>
      </trkpt>
      <trkpt lat="45.288360000" lon="5.522080000">
        <ele>184.000</ele>
      </trkpt>
      <trkpt lat="45.288400000" lon="5.522000000">
        <ele>184.000</ele>
      </trkpt>
      <trkpt lat="45.288430000" lon="5.521940000">
        <ele>184.000</ele>
      </trkpt>
      <trkpt lat="45.288460000" lon="5.521930000">
        <ele>184.000</ele>
      </trkpt>
      <trkpt lat="45.288490000" lon="5.521910000">
        <ele>184.000</ele>
      </trkpt>
      <trkpt lat="45.288500000" lon="5.521900000">
        <ele>184.000</ele>
      </trkpt>
      <trkpt lat="45.288520000" lon="5.521880000">
        <ele>184.000</ele>
      </trkpt>
      <trkpt lat="45.288540000" lon="5.521850000">
        <ele>184.000</ele>
      </trkpt>
      <trkpt lat="45.288560000" lon="5.521810000">
        <ele>184.000</ele>
      </trkpt>
      <trkpt lat="45.288580000" lon="5.521770000">
        <ele>184.000</ele>
      </trkpt>
      <trkpt lat="45.288590000" lon="5.521720000">
        <ele>184.000</ele>
      </trkpt>
      <trkpt lat="45.288600000" lon="5.521680000">
        <ele>184.000</ele>
      </trkpt>
      <trkpt lat="45.288600000" lon="5.521630000">
        <ele>184.000</ele>
      </trkpt>
      <trkpt lat="45.288600000" lon="5.521580000">
        <ele>184.000</ele>
      </trkpt>
      <trkpt lat="45.288590000" lon="5.521530000">
        <ele>184.000</ele>
      </trkpt>
      <trkpt lat="45.288580000" lon="5.521480000">
        <ele>184.000</ele>
      </trkpt>
      <trkpt lat="45.288560000" lon="5.521440000">
        <ele>184.000</ele>
      </trkpt>
      <trkpt lat="45.288570000" lon="5.521270000">
        <ele>184.000</ele>
      </trkpt>
      <trkpt lat="45.288580000" lon="5.521200000">
        <ele>184.000</ele>
      </trkpt>
      <trkpt lat="45.288600000" lon="5.521060000">
        <ele>184.000</ele>
      </trkpt>
      <trkpt lat="45.288710000" lon="5.520600000">
        <ele>184.000</ele>
      </trkpt>
      <trkpt lat="45.288810000" lon="5.520340000">
        <ele>184.000</ele>
      </trkpt>
      <trkpt lat="45.290190000" lon="5.517110000">
        <ele>184.000</ele>
      </trkpt>
      <trkpt lat="45.291600000" lon="5.513850000">
        <ele>184.000</ele>
      </trkpt>
      <trkpt lat="45.292950000" lon="5.510720000">
        <ele>183.000</ele>
      </trkpt>
      <trkpt lat="45.293880000" lon="5.508470000">
        <ele>183.000</ele>
      </trkpt>
      <trkpt lat="45.294020000" lon="5.508140000">
        <ele>184.000</ele>
      </trkpt>
      <trkpt lat="45.294110000" lon="5.508060000">
        <ele>184.000</ele>
      </trkpt>
      <trkpt lat="45.294180000" lon="5.508000000">
        <ele>184.000</ele>
      </trkpt>
      <trkpt lat="45.294250000" lon="5.507960000">
        <ele>184.000</ele>
      </trkpt>
      <trkpt lat="45.294290000" lon="5.507920000">
        <ele>184.000</ele>
      </trkpt>
      <trkpt lat="45.294330000" lon="5.507940000">
        <ele>185.000</ele>
      </trkpt>
      <trkpt lat="45.294360000" lon="5.507950000">
        <ele>185.000</ele>
      </trkpt>
      <trkpt lat="45.294400000" lon="5.507940000">
        <ele>185.000</ele>
      </trkpt>
      <trkpt lat="45.294440000" lon="5.507920000">
        <ele>185.000</ele>
      </trkpt>
      <trkpt lat="45.294470000" lon="5.507900000">
        <ele>185.000</ele>
      </trkpt>
      <trkpt lat="45.294500000" lon="5.507840000">
        <ele>185.000</ele>
      </trkpt>
      <trkpt lat="45.294520000" lon="5.507770000">
        <ele>185.000</ele>
      </trkpt>
      <trkpt lat="45.294530000" lon="5.507700000">
        <ele>185.000</ele>
      </trkpt>
      <trkpt lat="45.294510000" lon="5.507620000">
        <ele>185.000</ele>
      </trkpt>
      <trkpt lat="45.294490000" lon="5.507570000">
        <ele>185.000</ele>
      </trkpt>
      <trkpt lat="45.294460000" lon="5.507530000">
        <ele>185.000</ele>
      </trkpt>
      <trkpt lat="45.294450000" lon="5.507380000">
        <ele>186.000</ele>
      </trkpt>
      <trkpt lat="45.294480000" lon="5.507110000">
        <ele>186.000</ele>
      </trkpt>
      <trkpt lat="45.294540000" lon="5.506910000">
        <ele>186.000</ele>
      </trkpt>
      <trkpt lat="45.294610000" lon="5.506760000">
        <ele>186.000</ele>
      </trkpt>
      <trkpt lat="45.294780000" lon="5.506340000">
        <ele>187.000</ele>
      </trkpt>
      <trkpt lat="45.294810000" lon="5.506280000">
        <ele>187.000</ele>
      </trkpt>
      <trkpt lat="45.295260000" lon="5.505210000">
        <ele>187.000</ele>
      </trkpt>
      <trkpt lat="45.295490000" lon="5.504680000">
        <ele>187.000</ele>
      </trkpt>
      <trkpt lat="45.296000000" lon="5.503490000">
        <ele>187.000</ele>
      </trkpt>
      <trkpt lat="45.296010000" lon="5.503480000">
        <ele>187.000</ele>
      </trkpt>
      <trkpt lat="45.296460000" lon="5.502430000">
        <ele>187.000</ele>
      </trkpt>
      <trkpt lat="45.296620000" lon="5.502070000">
        <ele>187.000</ele>
      </trkpt>
      <trkpt lat="45.296840000" lon="5.501560000">
        <ele>188.000</ele>
      </trkpt>
      <trkpt lat="45.297090000" lon="5.500990000">
        <ele>188.000</ele>
      </trkpt>
      <trkpt lat="45.297400000" lon="5.500280000">
        <ele>189.000</ele>
      </trkpt>
      <trkpt lat="45.297460000" lon="5.500120000">
        <ele>190.000</ele>
      </trkpt>
      <trkpt lat="45.297780000" lon="5.499370000">
        <ele>191.000</ele>
      </trkpt>
      <trkpt lat="45.297920000" lon="5.499030000">
        <ele>192.000</ele>
      </trkpt>
      <trkpt lat="45.298110000" lon="5.498580000">
        <ele>193.000</ele>
      </trkpt>
      <trkpt lat="45.298150000" lon="5.498480000">
        <ele>193.000</ele>
      </trkpt>
      <trkpt lat="45.298220000" lon="5.498320000">
        <ele>194.000</ele>
      </trkpt>
      <trkpt lat="45.298390000" lon="5.497940000">
        <ele>194.000</ele>
      </trkpt>
      <trkpt lat="45.298460000" lon="5.497770000">
        <ele>194.000</ele>
      </trkpt>
      <trkpt lat="45.298920000" lon="5.496690000">
        <ele>195.000</ele>
      </trkpt>
      <trkpt lat="45.299100000" lon="5.496210000">
        <ele>195.000</ele>
      </trkpt>
      <trkpt lat="45.299270000" lon="5.495720000">
        <ele>195.000</ele>
      </trkpt>
      <trkpt lat="45.299350000" lon="5.495490000">
        <ele>195.000</ele>
      </trkpt>
      <trkpt lat="45.299370000" lon="5.495390000">
        <ele>196.000</ele>
      </trkpt>
      <trkpt lat="45.299430000" lon="5.495170000">
        <ele>196.000</ele>
      </trkpt>
      <trkpt lat="45.299440000" lon="5.495120000">
        <ele>196.000</ele>
      </trkpt>
      <trkpt lat="45.299440000" lon="5.495120000">
        <ele>196.000</ele>
      </trkpt>
      <trkpt lat="45.299550000" lon="5.494680000">
        <ele>196.000</ele>
      </trkpt>
      <trkpt lat="45.299600000" lon="5.494480000">
        <ele>196.000</ele>
      </trkpt>
      <trkpt lat="45.299610000" lon="5.494420000">
        <ele>196.000</ele>
      </trkpt>
      <trkpt lat="45.299740000" lon="5.493830000">
        <ele>197.000</ele>
      </trkpt>
      <trkpt lat="45.299890000" lon="5.493230000">
        <ele>197.000</ele>
      </trkpt>
      <trkpt lat="45.299900000" lon="5.493160000">
        <ele>197.000</ele>
      </trkpt>
      <trkpt lat="45.299900000" lon="5.493160000">
        <ele>197.000</ele>
      </trkpt>
      <trkpt lat="45.299930000" lon="5.493030000">
        <ele>197.000</ele>
      </trkpt>
      <trkpt lat="45.299950000" lon="5.492960000">
        <ele>198.000</ele>
      </trkpt>
      <trkpt lat="45.299960000" lon="5.492910000">
        <ele>198.000</ele>
      </trkpt>
      <trkpt lat="45.299980000" lon="5.492820000">
        <ele>198.000</ele>
      </trkpt>
      <trkpt lat="45.300040000" lon="5.492560000">
        <ele>198.000</ele>
      </trkpt>
      <trkpt lat="45.300080000" lon="5.492440000">
        <ele>198.000</ele>
      </trkpt>
      <trkpt lat="45.300130000" lon="5.492290000">
        <ele>198.000</ele>
      </trkpt>
      <trkpt lat="45.300240000" lon="5.491860000">
        <ele>198.000</ele>
      </trkpt>
      <trkpt lat="45.300270000" lon="5.491720000">
        <ele>199.000</ele>
      </trkpt>
      <trkpt lat="45.300340000" lon="5.491250000">
        <ele>199.000</ele>
      </trkpt>
      <trkpt lat="45.300350000" lon="5.491160000">
        <ele>199.000</ele>
      </trkpt>
      <trkpt lat="45.300570000" lon="5.490220000">
        <ele>200.000</ele>
      </trkpt>
      <trkpt lat="45.300620000" lon="5.490080000">
        <ele>200.000</ele>
      </trkpt>
      <trkpt lat="45.300600000" lon="5.489950000">
        <ele>200.000</ele>
      </trkpt>
      <trkpt lat="45.300610000" lon="5.489830000">
        <ele>201.000</ele>
      </trkpt>
      <trkpt lat="45.300730000" lon="5.489380000">
        <ele>202.000</ele>
      </trkpt>
      <trkpt lat="45.300770000" lon="5.489230000">
        <ele>202.000</ele>
      </trkpt>
      <trkpt lat="45.300870000" lon="5.488600000">
        <ele>203.000</ele>
      </trkpt>
      <trkpt lat="45.300870000" lon="5.488530000">
        <ele>204.000</ele>
      </trkpt>
      <trkpt lat="45.300870000" lon="5.488330000">
        <ele>205.000</ele>
      </trkpt>
      <trkpt lat="45.300830000" lon="5.488190000">
        <ele>206.000</ele>
      </trkpt>
      <trkpt lat="45.300800000" lon="5.488090000">
        <ele>206.000</ele>
      </trkpt>
      <trkpt lat="45.300620000" lon="5.487760000">
        <ele>207.000</ele>
      </trkpt>
      <trkpt lat="45.300500000" lon="5.487500000">
        <ele>208.000</ele>
      </trkpt>
      <trkpt lat="45.300220000" lon="5.486940000">
        <ele>209.000</ele>
      </trkpt>
      <trkpt lat="45.300040000" lon="5.486670000">
        <ele>210.000</ele>
      </trkpt>
      <trkpt lat="45.299780000" lon="5.486150000">
        <ele>211.000</ele>
      </trkpt>
      <trkpt lat="45.299690000" lon="5.485950000">
        <ele>212.000</ele>
      </trkpt>
      <trkpt lat="45.299520000" lon="5.485690000">
        <ele>213.000</ele>
      </trkpt>
      <trkpt lat="45.299260000" lon="5.485460000">
        <ele>215.000</ele>
      </trkpt>
      <trkpt lat="45.298970000" lon="5.485340000">
        <ele>216.000</ele>
      </trkpt>
      <trkpt lat="45.298870000" lon="5.485300000">
        <ele>217.000</ele>
      </trkpt>
      <trkpt lat="45.298870000" lon="5.485300000">
        <ele>218.000</ele>
      </trkpt>
      <trkpt lat="45.298770000" lon="5.485260000">
        <ele>218.000</ele>
      </trkpt>
      <trkpt lat="45.298610000" lon="5.485190000">
        <ele>219.000</ele>
      </trkpt>
      <trkpt lat="45.298470000" lon="5.485130000">
        <ele>220.000</ele>
      </trkpt>
      <trkpt lat="45.298340000" lon="5.485070000">
        <ele>220.000</ele>
      </trkpt>
      <trkpt lat="45.298170000" lon="5.485000000">
        <ele>221.000</ele>
      </trkpt>
      <trkpt lat="45.297900000" lon="5.484870000">
        <ele>222.000</ele>
      </trkpt>
      <trkpt lat="45.297800000" lon="5.484850000">
        <ele>223.000</ele>
      </trkpt>
      <trkpt lat="45.297620000" lon="5.484800000">
        <ele>223.000</ele>
      </trkpt>
      <trkpt lat="45.297520000" lon="5.484740000">
        <ele>224.000</ele>
      </trkpt>
      <trkpt lat="45.297390000" lon="5.484640000">
        <ele>224.000</ele>
      </trkpt>
      <trkpt lat="45.297180000" lon="5.484520000">
        <ele>224.000</ele>
      </trkpt>
      <trkpt lat="45.296940000" lon="5.484380000">
        <ele>225.000</ele>
      </trkpt>
      <trkpt lat="45.296510000" lon="5.484170000">
        <ele>225.000</ele>
      </trkpt>
      <trkpt lat="45.296100000" lon="5.483880000">
        <ele>225.000</ele>
      </trkpt>
      <trkpt lat="45.295860000" lon="5.483720000">
        <ele>225.000</ele>
      </trkpt>
      <trkpt lat="45.295830000" lon="5.483640000">
        <ele>226.000</ele>
      </trkpt>
      <trkpt lat="45.295810000" lon="5.483560000">
        <ele>226.000</ele>
      </trkpt>
      <trkpt lat="45.295830000" lon="5.483470000">
        <ele>226.000</ele>
      </trkpt>
      <trkpt lat="45.295910000" lon="5.483270000">
        <ele>227.000</ele>
      </trkpt>
      <trkpt lat="45.295970000" lon="5.483130000">
        <ele>227.000</ele>
      </trkpt>
      <trkpt lat="45.296010000" lon="5.483030000">
        <ele>227.000</ele>
      </trkpt>
      <trkpt lat="45.296080000" lon="5.482880000">
        <ele>228.000</ele>
      </trkpt>
      <trkpt lat="45.296200000" lon="5.482600000">
        <ele>228.000</ele>
      </trkpt>
      <trkpt lat="45.296250000" lon="5.482490000">
        <ele>229.000</ele>
      </trkpt>
      <trkpt lat="45.296260000" lon="5.482380000">
        <ele>229.000</ele>
      </trkpt>
      <trkpt lat="45.296260000" lon="5.482270000">
        <ele>229.000</ele>
      </trkpt>
      <trkpt lat="45.296240000" lon="5.482200000">
        <ele>229.000</ele>
      </trkpt>
      <trkpt lat="45.296190000" lon="5.482140000">
        <ele>230.000</ele>
      </trkpt>
      <trkpt lat="45.295790000" lon="5.481870000">
        <ele>230.000</ele>
      </trkpt>
      <trkpt lat="45.295180000" lon="5.481480000">
        <ele>231.000</ele>
      </trkpt>
      <trkpt lat="45.294820000" lon="5.481330000">
        <ele>232.000</ele>
      </trkpt>
      <trkpt lat="45.294530000" lon="5.481340000">
        <ele>232.000</ele>
      </trkpt>
      <trkpt lat="45.293560000" lon="5.481460000">
        <ele>233.000</ele>
      </trkpt>
      <trkpt lat="45.293120000" lon="5.481540000">
        <ele>234.000</ele>
      </trkpt>
      <trkpt lat="45.292380000" lon="5.481800000">
        <ele>235.000</ele>
      </trkpt>
      <trkpt lat="45.291480000" lon="5.482380000">
        <ele>236.000</ele>
      </trkpt>
      <trkpt lat="45.291220000" lon="5.482520000">
        <ele>237.000</ele>
      </trkpt>
      <trkpt lat="45.290210000" lon="5.482880000">
        <ele>239.000</ele>
      </trkpt>
      <trkpt lat="45.289650000" lon="5.483090000">
        <ele>241.000</ele>
      </trkpt>
      <trkpt lat="45.289490000" lon="5.483140000">
        <ele>242.000</ele>
      </trkpt>
      <trkpt lat="45.289340000" lon="5.483180000">
        <ele>243.000</ele>
      </trkpt>
      <trkpt lat="45.289190000" lon="5.483210000">
        <ele>244.000</ele>
      </trkpt>
      <trkpt lat="45.288930000" lon="5.483240000">
        <ele>244.000</ele>
      </trkpt>
      <trkpt lat="45.288600000" lon="5.483230000">
        <ele>245.000</ele>
      </trkpt>
      <trkpt lat="45.288040000" lon="5.483010000">
        <ele>245.000</ele>
      </trkpt>
      <trkpt lat="45.287440000" lon="5.482700000">
        <ele>246.000</ele>
      </trkpt>
      <trkpt lat="45.286730000" lon="5.482360000">
        <ele>246.000</ele>
      </trkpt>
      <trkpt lat="45.286020000" lon="5.481980000">
        <ele>246.000</ele>
      </trkpt>
      <trkpt lat="45.285930000" lon="5.481970000">
        <ele>245.000</ele>
      </trkpt>
      <trkpt lat="45.285730000" lon="5.481930000">
        <ele>245.000</ele>
      </trkpt>
      <trkpt lat="45.285420000" lon="5.481980000">
        <ele>245.000</ele>
      </trkpt>
      <trkpt lat="45.284890000" lon="5.482190000">
        <ele>245.000</ele>
      </trkpt>
      <trkpt lat="45.283710000" lon="5.482630000">
        <ele>244.000</ele>
      </trkpt>
      <trkpt lat="45.282980000" lon="5.482890000">
        <ele>244.000</ele>
      </trkpt>
      <trkpt lat="45.282610000" lon="5.482940000">
        <ele>245.000</ele>
      </trkpt>
      <trkpt lat="45.282230000" lon="5.482920000">
        <ele>245.000</ele>
      </trkpt>
      <trkpt lat="45.281960000" lon="5.482870000">
        <ele>246.000</ele>
      </trkpt>
      <trkpt lat="45.280190000" lon="5.482430000">
        <ele>247.000</ele>
      </trkpt>
      <trkpt lat="45.279470000" lon="5.481730000">
        <ele>248.000</ele>
      </trkpt>
      <trkpt lat="45.278240000" lon="5.480720000">
        <ele>248.000</ele>
      </trkpt>
      <trkpt lat="45.277490000" lon="5.480100000">
        <ele>248.000</ele>
      </trkpt>
      <trkpt lat="45.276600000" lon="5.479350000">
        <ele>248.000</ele>
      </trkpt>
      <trkpt lat="45.276360000" lon="5.479090000">
        <ele>248.000</ele>
      </trkpt>
      <trkpt lat="45.276250000" lon="5.478910000">
        <ele>248.000</ele>
      </trkpt>
      <trkpt lat="45.276130000" lon="5.478660000">
        <ele>248.000</ele>
      </trkpt>
      <trkpt lat="45.275820000" lon="5.477840000">
        <ele>249.000</ele>
      </trkpt>
      <trkpt lat="45.275740000" lon="5.477660000">
        <ele>249.000</ele>
      </trkpt>
      <trkpt lat="45.275660000" lon="5.477530000">
        <ele>249.000</ele>
      </trkpt>
      <trkpt lat="45.275570000" lon="5.477380000">
        <ele>250.000</ele>
      </trkpt>
      <trkpt lat="45.275460000" lon="5.477250000">
        <ele>250.000</ele>
      </trkpt>
      <trkpt lat="45.275260000" lon="5.477030000">
        <ele>250.000</ele>
      </trkpt>
      <trkpt lat="45.275060000" lon="5.476880000">
        <ele>251.000</ele>
      </trkpt>
      <trkpt lat="45.274850000" lon="5.476770000">
        <ele>252.000</ele>
      </trkpt>
      <trkpt lat="45.274170000" lon="5.476560000">
        <ele>253.000</ele>
      </trkpt>
      <trkpt lat="45.273920000" lon="5.476410000">
        <ele>254.000</ele>
      </trkpt>
      <trkpt lat="45.273700000" lon="5.476200000">
        <ele>255.000</ele>
      </trkpt>
      <trkpt lat="45.273490000" lon="5.475840000">
        <ele>256.000</ele>
      </trkpt>
      <trkpt lat="45.273390000" lon="5.475590000">
        <ele>256.000</ele>
      </trkpt>
      <trkpt lat="45.273040000" lon="5.474600000">
        <ele>256.000</ele>
      </trkpt>
      <trkpt lat="45.271990000" lon="5.472330000">
        <ele>256.000</ele>
      </trkpt>
      <trkpt lat="45.271830000" lon="5.471850000">
        <ele>256.000</ele>
      </trkpt>
      <trkpt lat="45.271750000" lon="5.471380000">
        <ele>257.000</ele>
      </trkpt>
      <trkpt lat="45.271720000" lon="5.470910000">
        <ele>257.000</ele>
      </trkpt>
      <trkpt lat="45.271750000" lon="5.470290000">
        <ele>258.000</ele>
      </trkpt>
      <trkpt lat="45.271760000" lon="5.469910000">
        <ele>259.000</ele>
      </trkpt>
      <trkpt lat="45.271720000" lon="5.469740000">
        <ele>260.000</ele>
      </trkpt>
      <trkpt lat="45.271660000" lon="5.469490000">
        <ele>261.000</ele>
      </trkpt>
      <trkpt lat="45.271550000" lon="5.469310000">
        <ele>262.000</ele>
      </trkpt>
      <trkpt lat="45.271410000" lon="5.469150000">
        <ele>263.000</ele>
      </trkpt>
      <trkpt lat="45.271260000" lon="5.469050000">
        <ele>265.000</ele>
      </trkpt>
      <trkpt lat="45.271080000" lon="5.468990000">
        <ele>266.000</ele>
      </trkpt>
      <trkpt lat="45.270510000" lon="5.468840000">
        <ele>268.000</ele>
      </trkpt>
      <trkpt lat="45.270120000" lon="5.468680000">
        <ele>271.000</ele>
      </trkpt>
      <trkpt lat="45.269940000" lon="5.468570000">
        <ele>273.000</ele>
      </trkpt>
      <trkpt lat="45.269700000" lon="5.468390000">
        <ele>274.000</ele>
      </trkpt>
      <trkpt lat="45.269240000" lon="5.467870000">
        <ele>276.000</ele>
      </trkpt>
      <trkpt lat="45.269030000" lon="5.467740000">
        <ele>277.000</ele>
      </trkpt>
      <trkpt lat="45.268880000" lon="5.467680000">
        <ele>277.000</ele>
      </trkpt>
      <trkpt lat="45.268710000" lon="5.467640000">
        <ele>278.000</ele>
      </trkpt>
      <trkpt lat="45.267680000" lon="5.467550000">
        <ele>279.000</ele>
      </trkpt>
      <trkpt lat="45.267570000" lon="5.467540000">
        <ele>279.000</ele>
      </trkpt>
      <trkpt lat="45.267410000" lon="5.467510000">
        <ele>280.000</ele>
      </trkpt>
      <trkpt lat="45.267330000" lon="5.467480000">
        <ele>281.000</ele>
      </trkpt>
      <trkpt lat="45.267050000" lon="5.467300000">
        <ele>282.000</ele>
      </trkpt>
      <trkpt lat="45.267010000" lon="5.467270000">
        <ele>283.000</ele>
      </trkpt>
      <trkpt lat="45.266960000" lon="5.467230000">
        <ele>283.000</ele>
      </trkpt>
      <trkpt lat="45.266610000" lon="5.466700000">
        <ele>284.000</ele>
      </trkpt>
      <trkpt lat="45.266370000" lon="5.466230000">
        <ele>286.000</ele>
      </trkpt>
      <trkpt lat="45.266100000" lon="5.464920000">
        <ele>288.000</ele>
      </trkpt>
      <trkpt lat="45.265860000" lon="5.463660000">
        <ele>288.000</ele>
      </trkpt>
      <trkpt lat="45.265760000" lon="5.463060000">
        <ele>287.000</ele>
      </trkpt>
      <trkpt lat="45.265690000" lon="5.462690000">
        <ele>286.000</ele>
      </trkpt>
      <trkpt lat="45.265600000" lon="5.462320000">
        <ele>285.000</ele>
      </trkpt>
      <trkpt lat="45.265480000" lon="5.461920000">
        <ele>284.000</ele>
      </trkpt>
      <trkpt lat="45.265340000" lon="5.461530000">
        <ele>284.000</ele>
      </trkpt>
      <trkpt lat="45.265140000" lon="5.461070000">
        <ele>284.000</ele>
      </trkpt>
      <trkpt lat="45.264910000" lon="5.460680000">
        <ele>284.000</ele>
      </trkpt>
      <trkpt lat="45.264560000" lon="5.460160000">
        <ele>284.000</ele>
      </trkpt>
      <trkpt lat="45.264190000" lon="5.459760000">
        <ele>285.000</ele>
      </trkpt>
      <trkpt lat="45.263850000" lon="5.459470000">
        <ele>285.000</ele>
      </trkpt>
      <trkpt lat="45.263520000" lon="5.459250000">
        <ele>286.000</ele>
      </trkpt>
      <trkpt lat="45.263200000" lon="5.459080000">
        <ele>286.000</ele>
      </trkpt>
      <trkpt lat="45.262890000" lon="5.458970000">
        <ele>287.000</ele>
      </trkpt>
      <trkpt lat="45.261380000" lon="5.458490000">
        <ele>287.000</ele>
      </trkpt>
      <trkpt lat="45.260670000" lon="5.458240000">
        <ele>287.000</ele>
      </trkpt>
      <trkpt lat="45.259750000" lon="5.457910000">
        <ele>287.000</ele>
      </trkpt>
      <trkpt lat="45.257330000" lon="5.457090000">
        <ele>287.000</ele>
      </trkpt>
      <trkpt lat="45.256300000" lon="5.456720000">
        <ele>286.000</ele>
      </trkpt>
      <trkpt lat="45.255440000" lon="5.456430000">
        <ele>284.000</ele>
      </trkpt>
      <trkpt lat="45.255440000" lon="5.456430000">
        <ele>283.000</ele>
      </trkpt>
      <trkpt lat="45.250070000" lon="5.454590000">
        <ele>280.000</ele>
      </trkpt>
      <trkpt lat="45.249980000" lon="5.454560000">
        <ele>277.000</ele>
      </trkpt>
      <trkpt lat="45.248860000" lon="5.454180000">
        <ele>275.000</ele>
      </trkpt>
      <trkpt lat="45.246730000" lon="5.453440000">
        <ele>273.000</ele>
      </trkpt>
      <trkpt lat="45.245990000" lon="5.453220000">
        <ele>271.000</ele>
      </trkpt>
      <trkpt lat="45.245450000" lon="5.452870000">
        <ele>270.000</ele>
      </trkpt>
      <trkpt lat="45.245330000" lon="5.452750000">
        <ele>269.000</ele>
      </trkpt>
      <trkpt lat="45.245250000" lon="5.452670000">
        <ele>268.000</ele>
      </trkpt>
      <trkpt lat="45.245180000" lon="5.452590000">
        <ele>268.000</ele>
      </trkpt>
      <trkpt lat="45.242940000" lon="5.450080000">
        <ele>267.000</ele>
      </trkpt>
      <trkpt lat="45.242820000" lon="5.449950000">
        <ele>267.000</ele>
      </trkpt>
      <trkpt lat="45.242670000" lon="5.449780000">
        <ele>267.000</ele>
      </trkpt>
      <trkpt lat="45.240070000" lon="5.446840000">
        <ele>268.000</ele>
      </trkpt>
      <trkpt lat="45.239030000" lon="5.445360000">
        <ele>270.000</ele>
      </trkpt>
      <trkpt lat="45.238600000" lon="5.444860000">
        <ele>272.000</ele>
      </trkpt>
      <trkpt lat="45.238380000" lon="5.444710000">
        <ele>273.000</ele>
      </trkpt>
      <trkpt lat="45.238130000" lon="5.444590000">
        <ele>274.000</ele>
      </trkpt>
      <trkpt lat="45.237880000" lon="5.444520000">
        <ele>274.000</ele>
      </trkpt>
      <trkpt lat="45.237700000" lon="5.444480000">
        <ele>274.000</ele>
      </trkpt>
      <trkpt lat="45.232630000" lon="5.443440000">
        <ele>271.000</ele>
      </trkpt>
      <trkpt lat="45.232160000" lon="5.443310000">
        <ele>269.000</ele>
      </trkpt>
      <trkpt lat="45.231950000" lon="5.443200000">
        <ele>268.000</ele>
      </trkpt>
      <trkpt lat="45.231930000" lon="5.443200000">
        <ele>267.000</ele>
      </trkpt>
      <trkpt lat="45.231870000" lon="5.443180000">
        <ele>266.000</ele>
      </trkpt>
      <trkpt lat="45.231070000" lon="5.442760000">
        <ele>265.000</ele>
      </trkpt>
      <trkpt lat="45.230950000" lon="5.442710000">
        <ele>265.000</ele>
      </trkpt>
      <trkpt lat="45.230600000" lon="5.442530000">
        <ele>264.000</ele>
      </trkpt>
      <trkpt lat="45.230230000" lon="5.442360000">
        <ele>264.000</ele>
      </trkpt>
      <trkpt lat="45.230050000" lon="5.442260000">
        <ele>264.000</ele>
      </trkpt>
      <trkpt lat="45.229770000" lon="5.442060000">
        <ele>263.000</ele>
      </trkpt>
      <trkpt lat="45.229320000" lon="5.441680000">
        <ele>263.000</ele>
      </trkpt>
      <trkpt lat="45.229060000" lon="5.441460000">
        <ele>262.000</ele>
      </trkpt>
      <trkpt lat="45.228610000" lon="5.441090000">
        <ele>262.000</ele>
      </trkpt>
      <trkpt lat="45.228230000" lon="5.440800000">
        <ele>261.000</ele>
      </trkpt>
      <trkpt lat="45.228050000" lon="5.440650000">
        <ele>260.000</ele>
      </trkpt>
      <trkpt lat="45.227570000" lon="5.440260000">
        <ele>260.000</ele>
      </trkpt>
      <trkpt lat="45.227380000" lon="5.440140000">
        <ele>259.000</ele>
      </trkpt>
      <trkpt lat="45.227270000" lon="5.440110000">
        <ele>258.000</ele>
      </trkpt>
      <trkpt lat="45.227060000" lon="5.440140000">
        <ele>258.000</ele>
      </trkpt>
      <trkpt lat="45.226970000" lon="5.440150000">
        <ele>257.000</ele>
      </trkpt>
      <trkpt lat="45.226820000" lon="5.440130000">
        <ele>257.000</ele>
      </trkpt>
      <trkpt lat="45.226680000" lon="5.440070000">
        <ele>257.000</ele>
      </trkpt>
      <trkpt lat="45.226470000" lon="5.439990000">
        <ele>257.000</ele>
      </trkpt>
      <trkpt lat="45.225380000" lon="5.439800000">
        <ele>256.000</ele>
      </trkpt>
      <trkpt lat="45.225350000" lon="5.439800000">
        <ele>256.000</ele>
      </trkpt>
      <trkpt lat="45.224740000" lon="5.439720000">
        <ele>256.000</ele>
      </trkpt>
      <trkpt lat="45.224650000" lon="5.439710000">
        <ele>256.000</ele>
      </trkpt>
      <trkpt lat="45.224620000" lon="5.439710000">
        <ele>256.000</ele>
      </trkpt>
      <trkpt lat="45.224510000" lon="5.439710000">
        <ele>256.000</ele>
      </trkpt>
      <trkpt lat="45.224080000" lon="5.439710000">
        <ele>256.000</ele>
      </trkpt>
      <trkpt lat="45.223870000" lon="5.439710000">
        <ele>256.000</ele>
      </trkpt>
      <trkpt lat="45.223650000" lon="5.439630000">
        <ele>256.000</ele>
      </trkpt>
      <trkpt lat="45.223620000" lon="5.439620000">
        <ele>256.000</ele>
      </trkpt>
      <trkpt lat="45.223500000" lon="5.439560000">
        <ele>256.000</ele>
      </trkpt>
      <trkpt lat="45.223420000" lon="5.439510000">
        <ele>256.000</ele>
      </trkpt>
      <trkpt lat="45.223400000" lon="5.439500000">
        <ele>256.000</ele>
      </trkpt>
      <trkpt lat="45.223300000" lon="5.439440000">
        <ele>256.000</ele>
      </trkpt>
      <trkpt lat="45.223230000" lon="5.439380000">
        <ele>256.000</ele>
      </trkpt>
      <trkpt lat="45.223190000" lon="5.439330000">
        <ele>256.000</ele>
      </trkpt>
      <trkpt lat="45.223140000" lon="5.439240000">
        <ele>256.000</ele>
      </trkpt>
      <trkpt lat="45.223040000" lon="5.439040000">
        <ele>256.000</ele>
      </trkpt>
      <trkpt lat="45.223010000" lon="5.439010000">
        <ele>256.000</ele>
      </trkpt>
      <trkpt lat="45.222590000" lon="5.438620000">
        <ele>257.000</ele>
      </trkpt>
      <trkpt lat="45.222540000" lon="5.438580000">
        <ele>257.000</ele>
      </trkpt>
      <trkpt lat="45.222410000" lon="5.438450000">
        <ele>257.000</ele>
      </trkpt>
      <trkpt lat="45.221860000" lon="5.437900000">
        <ele>258.000</ele>
      </trkpt>
      <trkpt lat="45.221810000" lon="5.437860000">
        <ele>258.000</ele>
      </trkpt>
      <trkpt lat="45.221460000" lon="5.437560000">
        <ele>259.000</ele>
      </trkpt>
      <trkpt lat="45.220940000" lon="5.437080000">
        <ele>259.000</ele>
      </trkpt>
      <trkpt lat="45.220710000" lon="5.436870000">
        <ele>260.000</ele>
      </trkpt>
      <trkpt lat="45.220600000" lon="5.436770000">
        <ele>260.000</ele>
      </trkpt>
      <trkpt lat="45.220260000" lon="5.436450000">
        <ele>260.000</ele>
      </trkpt>
      <trkpt lat="45.220140000" lon="5.436330000">
        <ele>261.000</ele>
      </trkpt>
      <trkpt lat="45.220000000" lon="5.436210000">
        <ele>261.000</ele>
      </trkpt>
      <trkpt lat="45.219890000" lon="5.436100000">
        <ele>261.000</ele>
      </trkpt>
      <trkpt lat="45.219700000" lon="5.435930000">
        <ele>261.000</ele>
      </trkpt>
      <trkpt lat="45.219440000" lon="5.435690000">
        <ele>261.000</ele>
      </trkpt>
      <trkpt lat="45.218850000" lon="5.435160000">
        <ele>261.000</ele>
      </trkpt>
      <trkpt lat="45.218470000" lon="5.434810000">
        <ele>261.000</ele>
      </trkpt>
      <trkpt lat="45.218280000" lon="5.434520000">
        <ele>261.000</ele>
      </trkpt>
      <trkpt lat="45.217890000" lon="5.433940000">
        <ele>261.000</ele>
      </trkpt>
      <trkpt lat="45.217780000" lon="5.433710000">
        <ele>261.000</ele>
      </trkpt>
      <trkpt lat="45.217540000" lon="5.433240000">
        <ele>262.000</ele>
      </trkpt>
      <trkpt lat="45.217470000" lon="5.433020000">
        <ele>262.000</ele>
      </trkpt>
      <trkpt lat="45.217340000" lon="5.432640000">
        <ele>262.000</ele>
      </trkpt>
      <trkpt lat="45.217000000" lon="5.431300000">
        <ele>263.000</ele>
      </trkpt>
      <trkpt lat="45.216830000" lon="5.430710000">
        <ele>264.000</ele>
      </trkpt>
      <trkpt lat="45.216340000" lon="5.429010000">
        <ele>265.000</ele>
      </trkpt>
      <trkpt lat="45.216270000" lon="5.428740000">
        <ele>266.000</ele>
      </trkpt>
      <trkpt lat="45.216250000" lon="5.428680000">
        <ele>267.000</ele>
      </trkpt>
      <trkpt lat="45.216230000" lon="5.428580000">
        <ele>268.000</ele>
      </trkpt>
      <trkpt lat="45.216180000" lon="5.428380000">
        <ele>268.000</ele>
      </trkpt>
      <trkpt lat="45.215880000" lon="5.427270000">
        <ele>268.000</ele>
      </trkpt>
      <trkpt lat="45.215680000" lon="5.426770000">
        <ele>268.000</ele>
      </trkpt>
      <trkpt lat="45.215400000" lon="5.425900000">
        <ele>268.000</ele>
      </trkpt>
      <trkpt lat="45.215250000" lon="5.425430000">
        <ele>268.000</ele>
      </trkpt>
      <trkpt lat="45.215140000" lon="5.425050000">
        <ele>267.000</ele>
      </trkpt>
      <trkpt lat="45.215120000" lon="5.424560000">
        <ele>267.000</ele>
      </trkpt>
      <trkpt lat="45.215120000" lon="5.423960000">
        <ele>267.000</ele>
      </trkpt>
      <trkpt lat="45.215060000" lon="5.423520000">
        <ele>267.000</ele>
      </trkpt>
      <trkpt lat="45.214810000" lon="5.422190000">
        <ele>266.000</ele>
      </trkpt>
      <trkpt lat="45.214310000" lon="5.419630000">
        <ele>267.000</ele>
      </trkpt>
      <trkpt lat="45.214260000" lon="5.419460000">
        <ele>267.000</ele>
      </trkpt>
      <trkpt lat="45.214250000" lon="5.419450000">
        <ele>267.000</ele>
      </trkpt>
      <trkpt lat="45.214190000" lon="5.419320000">
        <ele>267.000</ele>
      </trkpt>
      <trkpt lat="45.214070000" lon="5.418950000">
        <ele>267.000</ele>
      </trkpt>
      <trkpt lat="45.214050000" lon="5.418900000">
        <ele>267.000</ele>
      </trkpt>
      <trkpt lat="45.214070000" lon="5.418840000">
        <ele>267.000</ele>
      </trkpt>
      <trkpt lat="45.214070000" lon="5.418790000">
        <ele>267.000</ele>
      </trkpt>
      <trkpt lat="45.214070000" lon="5.418740000">
        <ele>267.000</ele>
      </trkpt>
      <trkpt lat="45.214060000" lon="5.418710000">
        <ele>267.000</ele>
      </trkpt>
      <trkpt lat="45.214040000" lon="5.418660000">
        <ele>267.000</ele>
      </trkpt>
      <trkpt lat="45.214000000" lon="5.418610000">
        <ele>267.000</ele>
      </trkpt>
      <trkpt lat="45.213980000" lon="5.418470000">
        <ele>267.000</ele>
      </trkpt>
      <trkpt lat="45.213980000" lon="5.418420000">
        <ele>267.000</ele>
      </trkpt>
      <trkpt lat="45.213990000" lon="5.418170000">
        <ele>267.000</ele>
      </trkpt>
      <trkpt lat="45.214000000" lon="5.418050000">
        <ele>266.000</ele>
      </trkpt>
      <trkpt lat="45.214000000" lon="5.417910000">
        <ele>266.000</ele>
      </trkpt>
      <trkpt lat="45.213990000" lon="5.417720000">
        <ele>266.000</ele>
      </trkpt>
      <trkpt lat="45.213940000" lon="5.417500000">
        <ele>266.000</ele>
      </trkpt>
      <trkpt lat="45.213870000" lon="5.417280000">
        <ele>266.000</ele>
      </trkpt>
      <trkpt lat="45.213830000" lon="5.417080000">
        <ele>266.000</ele>
      </trkpt>
      <trkpt lat="45.213790000" lon="5.416860000">
        <ele>266.000</ele>
      </trkpt>
      <trkpt lat="45.213410000" lon="5.414880000">
        <ele>266.000</ele>
      </trkpt>
      <trkpt lat="45.213320000" lon="5.414370000">
        <ele>267.000</ele>
      </trkpt>
      <trkpt lat="45.212890000" lon="5.412150000">
        <ele>267.000</ele>
      </trkpt>
      <trkpt lat="45.212870000" lon="5.412070000">
        <ele>267.000</ele>
      </trkpt>
      <trkpt lat="45.212790000" lon="5.411670000">
        <ele>267.000</ele>
      </trkpt>
      <trkpt lat="45.212520000" lon="5.410330000">
        <ele>268.000</ele>
      </trkpt>
      <trkpt lat="45.212500000" lon="5.410210000">
        <ele>268.000</ele>
      </trkpt>
      <trkpt lat="45.212440000" lon="5.409970000">
        <ele>268.000</ele>
      </trkpt>
      <trkpt lat="45.212420000" lon="5.409910000">
        <ele>269.000</ele>
      </trkpt>
      <trkpt lat="45.212410000" lon="5.409870000">
        <ele>269.000</ele>
      </trkpt>
      <trkpt lat="45.212410000" lon="5.409800000">
        <ele>269.000</ele>
      </trkpt>
      <trkpt lat="45.212410000" lon="5.409770000">
        <ele>269.000</ele>
      </trkpt>
      <trkpt lat="45.212440000" lon="5.409710000">
        <ele>269.000</ele>
      </trkpt>
      <trkpt lat="45.212450000" lon="5.409660000">
        <ele>269.000</ele>
      </trkpt>
      <trkpt lat="45.212450000" lon="5.409600000">
        <ele>269.000</ele>
      </trkpt>
      <trkpt lat="45.212440000" lon="5.409550000">
        <ele>269.000</ele>
      </trkpt>
      <trkpt lat="45.212420000" lon="5.409500000">
        <ele>269.000</ele>
      </trkpt>
      <trkpt lat="45.212390000" lon="5.409460000">
        <ele>269.000</ele>
      </trkpt>
      <trkpt lat="45.212360000" lon="5.409440000">
        <ele>269.000</ele>
      </trkpt>
      <trkpt lat="45.212320000" lon="5.409430000">
        <ele>269.000</ele>
      </trkpt>
      <trkpt lat="45.212270000" lon="5.409250000">
        <ele>269.000</ele>
      </trkpt>
      <trkpt lat="45.212250000" lon="5.409110000">
        <ele>269.000</ele>
      </trkpt>
      <trkpt lat="45.212210000" lon="5.408970000">
        <ele>270.000</ele>
      </trkpt>
      <trkpt lat="45.212160000" lon="5.408730000">
        <ele>270.000</ele>
      </trkpt>
      <trkpt lat="45.212000000" lon="5.408140000">
        <ele>270.000</ele>
      </trkpt>
      <trkpt lat="45.211790000" lon="5.407350000">
        <ele>271.000</ele>
      </trkpt>
      <trkpt lat="45.211700000" lon="5.407000000">
        <ele>272.000</ele>
      </trkpt>
      <trkpt lat="45.211660000" lon="5.406840000">
        <ele>272.000</ele>
      </trkpt>
      <trkpt lat="45.211620000" lon="5.406710000">
        <ele>273.000</ele>
      </trkpt>
      <trkpt lat="45.211570000" lon="5.406540000">
        <ele>273.000</ele>
      </trkpt>
      <trkpt lat="45.211490000" lon="5.406220000">
        <ele>274.000</ele>
      </trkpt>
      <trkpt lat="45.211340000" lon="5.405660000">
        <ele>275.000</ele>
      </trkpt>
      <trkpt lat="45.211220000" lon="5.405250000">
        <ele>276.000</ele>
      </trkpt>
      <trkpt lat="45.211180000" lon="5.405120000">
        <ele>277.000</ele>
      </trkpt>
      <trkpt lat="45.211100000" lon="5.404860000">
        <ele>278.000</ele>
      </trkpt>
      <trkpt lat="45.211070000" lon="5.404750000">
        <ele>278.000</ele>
      </trkpt>
      <trkpt lat="45.211030000" lon="5.404660000">
        <ele>279.000</ele>
      </trkpt>
      <trkpt lat="45.211000000" lon="5.404580000">
        <ele>279.000</ele>
      </trkpt>
      <trkpt lat="45.210950000" lon="5.404440000">
        <ele>280.000</ele>
      </trkpt>
      <trkpt lat="45.210830000" lon="5.404070000">
        <ele>280.000</ele>
      </trkpt>
      <trkpt lat="45.210760000" lon="5.403920000">
        <ele>280.000</ele>
      </trkpt>
      <trkpt lat="45.210730000" lon="5.403880000">
        <ele>280.000</ele>
      </trkpt>
      <trkpt lat="45.210680000" lon="5.403760000">
        <ele>281.000</ele>
      </trkpt>
      <trkpt lat="45.210520000" lon="5.403530000">
        <ele>281.000</ele>
      </trkpt>
      <trkpt lat="45.210490000" lon="5.403480000">
        <ele>281.000</ele>
      </trkpt>
      <trkpt lat="45.210440000" lon="5.403410000">
        <ele>281.000</ele>
      </trkpt>
      <trkpt lat="45.210370000" lon="5.403250000">
        <ele>281.000</ele>
      </trkpt>
      <trkpt lat="45.210070000" lon="5.402710000">
        <ele>281.000</ele>
      </trkpt>
      <trkpt lat="45.210020000" lon="5.402610000">
        <ele>281.000</ele>
      </trkpt>
      <trkpt lat="45.209990000" lon="5.402560000">
        <ele>281.000</ele>
      </trkpt>
      <trkpt lat="45.209950000" lon="5.402470000">
        <ele>281.000</ele>
      </trkpt>
      <trkpt lat="45.209910000" lon="5.402330000">
        <ele>281.000</ele>
      </trkpt>
      <trkpt lat="45.209880000" lon="5.402210000">
        <ele>281.000</ele>
      </trkpt>
      <trkpt lat="45.209840000" lon="5.402070000">
        <ele>281.000</ele>
      </trkpt>
      <trkpt lat="45.209840000" lon="5.402060000">
        <ele>281.000</ele>
      </trkpt>
      <trkpt lat="45.209790000" lon="5.401860000">
        <ele>281.000</ele>
      </trkpt>
      <trkpt lat="45.209700000" lon="5.401500000">
        <ele>281.000</ele>
      </trkpt>
      <trkpt lat="45.209680000" lon="5.401460000">
        <ele>280.000</ele>
      </trkpt>
      <trkpt lat="45.209650000" lon="5.401380000">
        <ele>280.000</ele>
      </trkpt>
      <trkpt lat="45.209540000" lon="5.401090000">
        <ele>280.000</ele>
      </trkpt>
      <trkpt lat="45.209530000" lon="5.401060000">
        <ele>279.000</ele>
      </trkpt>
      <trkpt lat="45.209450000" lon="5.400900000">
        <ele>279.000</ele>
      </trkpt>
      <trkpt lat="45.209260000" lon="5.400660000">
        <ele>279.000</ele>
      </trkpt>
      <trkpt lat="45.209080000" lon="5.400440000">
        <ele>278.000</ele>
      </trkpt>
      <trkpt lat="45.208990000" lon="5.400380000">
        <ele>278.000</ele>
      </trkpt>
      <trkpt lat="45.208570000" lon="5.400250000">
        <ele>277.000</ele>
      </trkpt>
      <trkpt lat="45.208540000" lon="5.400230000">
        <ele>276.000</ele>
      </trkpt>
      <trkpt lat="45.208400000" lon="5.400160000">
        <ele>276.000</ele>
      </trkpt>
      <trkpt lat="45.208190000" lon="5.400070000">
        <ele>276.000</ele>
      </trkpt>
      <trkpt lat="45.208150000" lon="5.400060000">
        <ele>276.000</ele>
      </trkpt>
      <trkpt lat="45.208040000" lon="5.400010000">
        <ele>275.000</ele>
      </trkpt>
      <trkpt lat="45.207640000" lon="5.399850000">
        <ele>275.000</ele>
      </trkpt>
      <trkpt lat="45.207510000" lon="5.399850000">
        <ele>275.000</ele>
      </trkpt>
      <trkpt lat="45.207420000" lon="5.399820000">
        <ele>275.000</ele>
      </trkpt>
      <trkpt lat="45.207310000" lon="5.399750000">
        <ele>274.000</ele>
      </trkpt>
      <trkpt lat="45.207240000" lon="5.399720000">
        <ele>274.000</ele>
      </trkpt>
      <trkpt lat="45.207160000" lon="5.399690000">
        <ele>274.000</ele>
      </trkpt>
      <trkpt lat="45.206670000" lon="5.399510000">
        <ele>274.000</ele>
      </trkpt>
      <trkpt lat="45.206520000" lon="5.399450000">
        <ele>274.000</ele>
      </trkpt>
      <trkpt lat="45.206090000" lon="5.399300000">
        <ele>273.000</ele>
      </trkpt>
      <trkpt lat="45.205160000" lon="5.398980000">
        <ele>273.000</ele>
      </trkpt>
      <trkpt lat="45.205120000" lon="5.398960000">
        <ele>272.000</ele>
      </trkpt>
      <trkpt lat="45.204710000" lon="5.398840000">
        <ele>272.000</ele>
      </trkpt>
      <trkpt lat="45.203940000" lon="5.398570000">
        <ele>271.000</ele>
      </trkpt>
      <trkpt lat="45.203480000" lon="5.398410000">
        <ele>270.000</ele>
      </trkpt>
      <trkpt lat="45.201850000" lon="5.397850000">
        <ele>268.000</ele>
      </trkpt>
      <trkpt lat="45.201520000" lon="5.397730000">
        <ele>266.000</ele>
      </trkpt>
      <trkpt lat="45.201330000" lon="5.397660000">
        <ele>265.000</ele>
      </trkpt>
      <trkpt lat="45.199870000" lon="5.397160000">
        <ele>264.000</ele>
      </trkpt>
      <trkpt lat="45.198610000" lon="5.396720000">
        <ele>262.000</ele>
      </trkpt>
      <trkpt lat="45.198320000" lon="5.396640000">
        <ele>261.000</ele>
      </trkpt>
      <trkpt lat="45.197280000" lon="5.396300000">
        <ele>260.000</ele>
      </trkpt>
      <trkpt lat="45.196910000" lon="5.396150000">
        <ele>259.000</ele>
      </trkpt>
      <trkpt lat="45.196430000" lon="5.395930000">
        <ele>258.000</ele>
      </trkpt>
      <trkpt lat="45.196190000" lon="5.395750000">
        <ele>257.000</ele>
      </trkpt>
      <trkpt lat="45.195690000" lon="5.395220000">
        <ele>257.000</ele>
      </trkpt>
      <trkpt lat="45.194400000" lon="5.393240000">
        <ele>257.000</ele>
      </trkpt>
      <trkpt lat="45.194270000" lon="5.393070000">
        <ele>257.000</ele>
      </trkpt>
      <trkpt lat="45.194080000" lon="5.392860000">
        <ele>257.000</ele>
      </trkpt>
      <trkpt lat="45.193860000" lon="5.392620000">
        <ele>257.000</ele>
      </trkpt>
      <trkpt lat="45.193720000" lon="5.392420000">
        <ele>257.000</ele>
      </trkpt>
      <trkpt lat="45.193250000" lon="5.391750000">
        <ele>257.000</ele>
      </trkpt>
      <trkpt lat="45.193130000" lon="5.391540000">
        <ele>258.000</ele>
      </trkpt>
      <trkpt lat="45.192980000" lon="5.391160000">
        <ele>258.000</ele>
      </trkpt>
      <trkpt lat="45.192900000" lon="5.390980000">
        <ele>258.000</ele>
      </trkpt>
      <trkpt lat="45.192840000" lon="5.390830000">
        <ele>259.000</ele>
      </trkpt>
      <trkpt lat="45.192800000" lon="5.390750000">
        <ele>260.000</ele>
      </trkpt>
      <trkpt lat="45.192780000" lon="5.390700000">
        <ele>260.000</ele>
      </trkpt>
      <trkpt lat="45.192750000" lon="5.390650000">
        <ele>261.000</ele>
      </trkpt>
      <trkpt lat="45.192530000" lon="5.390360000">
        <ele>262.000</ele>
      </trkpt>
      <trkpt lat="45.192130000" lon="5.389940000">
        <ele>263.000</ele>
      </trkpt>
      <trkpt lat="45.191660000" lon="5.389360000">
        <ele>266.000</ele>
      </trkpt>
      <trkpt lat="45.190690000" lon="5.388170000">
        <ele>270.000</ele>
      </trkpt>
      <trkpt lat="45.189700000" lon="5.387170000">
        <ele>274.000</ele>
      </trkpt>
      <trkpt lat="45.189260000" lon="5.386700000">
        <ele>277.000</ele>
      </trkpt>
      <trkpt lat="45.188910000" lon="5.386130000">
        <ele>279.000</ele>
      </trkpt>
      <trkpt lat="45.188480000" lon="5.385600000">
        <ele>281.000</ele>
      </trkpt>
      <trkpt lat="45.188000000" lon="5.385190000">
        <ele>283.000</ele>
      </trkpt>
      <trkpt lat="45.187460000" lon="5.384760000">
        <ele>286.000</ele>
      </trkpt>
      <trkpt lat="45.186830000" lon="5.384350000">
        <ele>289.000</ele>
      </trkpt>
      <trkpt lat="45.186290000" lon="5.384080000">
        <ele>292.000</ele>
      </trkpt>
      <trkpt lat="45.185750000" lon="5.383950000">
        <ele>294.000</ele>
      </trkpt>
      <trkpt lat="45.185000000" lon="5.383760000">
        <ele>295.000</ele>
      </trkpt>
      <trkpt lat="45.184860000" lon="5.383710000">
        <ele>296.000</ele>
      </trkpt>
      <trkpt lat="45.184410000" lon="5.383580000">
        <ele>296.000</ele>
      </trkpt>
      <trkpt lat="45.184210000" lon="5.383530000">
        <ele>296.000</ele>
      </trkpt>
      <trkpt lat="45.183580000" lon="5.383220000">
        <ele>297.000</ele>
      </trkpt>
      <trkpt lat="45.182880000" lon="5.382920000">
        <ele>298.000</ele>
      </trkpt>
      <trkpt lat="45.182210000" lon="5.382690000">
        <ele>300.000</ele>
      </trkpt>
      <trkpt lat="45.181740000" lon="5.382520000">
        <ele>301.000</ele>
      </trkpt>
      <trkpt lat="45.181550000" lon="5.382410000">
        <ele>303.000</ele>
      </trkpt>
      <trkpt lat="45.181430000" lon="5.382320000">
        <ele>304.000</ele>
      </trkpt>
      <trkpt lat="45.181330000" lon="5.382210000">
        <ele>304.000</ele>
      </trkpt>
      <trkpt lat="45.181200000" lon="5.382000000">
        <ele>305.000</ele>
      </trkpt>
      <trkpt lat="45.181070000" lon="5.381720000">
        <ele>306.000</ele>
      </trkpt>
      <trkpt lat="45.180950000" lon="5.381420000">
        <ele>307.000</ele>
      </trkpt>
      <trkpt lat="45.180920000" lon="5.381330000">
        <ele>308.000</ele>
      </trkpt>
      <trkpt lat="45.180890000" lon="5.381170000">
        <ele>308.000</ele>
      </trkpt>
      <trkpt lat="45.180880000" lon="5.381060000">
        <ele>309.000</ele>
      </trkpt>
      <trkpt lat="45.180890000" lon="5.380980000">
        <ele>309.000</ele>
      </trkpt>
      <trkpt lat="45.180930000" lon="5.380680000">
        <ele>309.000</ele>
      </trkpt>
      <trkpt lat="45.181000000" lon="5.380310000">
        <ele>309.000</ele>
      </trkpt>
      <trkpt lat="45.181060000" lon="5.379910000">
        <ele>309.000</ele>
      </trkpt>
      <trkpt lat="45.181070000" lon="5.379530000">
        <ele>309.000</ele>
      </trkpt>
      <trkpt lat="45.181050000" lon="5.379320000">
        <ele>309.000</ele>
      </trkpt>
      <trkpt lat="45.181010000" lon="5.379140000">
        <ele>308.000</ele>
      </trkpt>
      <trkpt lat="45.180950000" lon="5.378960000">
        <ele>308.000</ele>
      </trkpt>
      <trkpt lat="45.180880000" lon="5.378760000">
        <ele>308.000</ele>
      </trkpt>
      <trkpt lat="45.180710000" lon="5.378480000">
        <ele>308.000</ele>
      </trkpt>
      <trkpt lat="45.180390000" lon="5.378040000">
        <ele>308.000</ele>
      </trkpt>
      <trkpt lat="45.180350000" lon="5.378000000">
        <ele>307.000</ele>
      </trkpt>
      <trkpt lat="45.179330000" lon="5.376930000">
        <ele>307.000</ele>
      </trkpt>
      <trkpt lat="45.179010000" lon="5.376580000">
        <ele>306.000</ele>
      </trkpt>
      <trkpt lat="45.177530000" lon="5.375010000">
        <ele>306.000</ele>
      </trkpt>
      <trkpt lat="45.177040000" lon="5.374490000">
        <ele>307.000</ele>
      </trkpt>
      <trkpt lat="45.176380000" lon="5.373790000">
        <ele>308.000</ele>
      </trkpt>
      <trkpt lat="45.174270000" lon="5.371560000">
        <ele>309.000</ele>
      </trkpt>
      <trkpt lat="45.174270000" lon="5.371560000">
        <ele>310.000</ele>
      </trkpt>
      <trkpt lat="45.174170000" lon="5.371450000">
        <ele>310.000</ele>
      </trkpt>
      <trkpt lat="45.173760000" lon="5.371020000">
        <ele>311.000</ele>
      </trkpt>
      <trkpt lat="45.172420000" lon="5.369600000">
        <ele>310.000</ele>
      </trkpt>
      <trkpt lat="45.171790000" lon="5.368930000">
        <ele>310.000</ele>
      </trkpt>
      <trkpt lat="45.171520000" lon="5.368680000">
        <ele>311.000</ele>
      </trkpt>
      <trkpt lat="45.171440000" lon="5.368600000">
        <ele>311.000</ele>
      </trkpt>
      <trkpt lat="45.171340000" lon="5.368520000">
        <ele>311.000</ele>
      </trkpt>
      <trkpt lat="45.171170000" lon="5.368360000">
        <ele>311.000</ele>
      </trkpt>
      <trkpt lat="45.170840000" lon="5.368130000">
        <ele>312.000</ele>
      </trkpt>
      <trkpt lat="45.170540000" lon="5.367950000">
        <ele>312.000</ele>
      </trkpt>
      <trkpt lat="45.170370000" lon="5.367920000">
        <ele>312.000</ele>
      </trkpt>
      <trkpt lat="45.170160000" lon="5.367870000">
        <ele>312.000</ele>
      </trkpt>
      <trkpt lat="45.169290000" lon="5.367810000">
        <ele>312.000</ele>
      </trkpt>
      <trkpt lat="45.168710000" lon="5.367770000">
        <ele>312.000</ele>
      </trkpt>
      <trkpt lat="45.167780000" lon="5.367450000">
        <ele>312.000</ele>
      </trkpt>
      <trkpt lat="45.167520000" lon="5.367320000">
        <ele>311.000</ele>
      </trkpt>
      <trkpt lat="45.167250000" lon="5.367180000">
        <ele>310.000</ele>
      </trkpt>
      <trkpt lat="45.167180000" lon="5.367120000">
        <ele>309.000</ele>
      </trkpt>
      <trkpt lat="45.167020000" lon="5.366970000">
        <ele>309.000</ele>
      </trkpt>
      <trkpt lat="45.166820000" lon="5.366690000">
        <ele>308.000</ele>
      </trkpt>
      <trkpt lat="45.165900000" lon="5.364750000">
        <ele>308.000</ele>
      </trkpt>
      <trkpt lat="45.165670000" lon="5.364140000">
        <ele>308.000</ele>
      </trkpt>
      <trkpt lat="45.165590000" lon="5.363870000">
        <ele>307.000</ele>
      </trkpt>
      <trkpt lat="45.165520000" lon="5.363600000">
        <ele>307.000</ele>
      </trkpt>
      <trkpt lat="45.165480000" lon="5.363390000">
        <ele>307.000</ele>
      </trkpt>
      <trkpt lat="45.165370000" lon="5.363200000">
        <ele>307.000</ele>
      </trkpt>
      <trkpt lat="45.165210000" lon="5.363080000">
        <ele>306.000</ele>
      </trkpt>
      <trkpt lat="45.164990000" lon="5.363000000">
        <ele>306.000</ele>
      </trkpt>
      <trkpt lat="45.164720000" lon="5.362860000">
        <ele>306.000</ele>
      </trkpt>
      <trkpt lat="45.164500000" lon="5.362600000">
        <ele>305.000</ele>
      </trkpt>
      <trkpt lat="45.164320000" lon="5.362290000">
        <ele>305.000</ele>
      </trkpt>
      <trkpt lat="45.163960000" lon="5.361480000">
        <ele>304.000</ele>
      </trkpt>
      <trkpt lat="45.163820000" lon="5.361150000">
        <ele>303.000</ele>
      </trkpt>
      <trkpt lat="45.163220000" lon="5.359770000">
        <ele>301.000</ele>
      </trkpt>
      <trkpt lat="45.163150000" lon="5.359500000">
        <ele>300.000</ele>
      </trkpt>
      <trkpt lat="45.163050000" lon="5.359080000">
        <ele>299.000</ele>
      </trkpt>
      <trkpt lat="45.163030000" lon="5.358980000">
        <ele>298.000</ele>
      </trkpt>
      <trkpt lat="45.162720000" lon="5.357410000">
        <ele>297.000</ele>
      </trkpt>
      <trkpt lat="45.162440000" lon="5.356040000">
        <ele>295.000</ele>
      </trkpt>
      <trkpt lat="45.161750000" lon="5.352610000">
        <ele>294.000</ele>
      </trkpt>
      <trkpt lat="45.161620000" lon="5.351940000">
        <ele>294.000</ele>
      </trkpt>
      <trkpt lat="45.161400000" lon="5.350840000">
        <ele>294.000</ele>
      </trkpt>
      <trkpt lat="45.161370000" lon="5.350660000">
        <ele>293.000</ele>
      </trkpt>
      <trkpt lat="45.161310000" lon="5.350390000">
        <ele>293.000</ele>
      </trkpt>
      <trkpt lat="45.160990000" lon="5.348790000">
        <ele>293.000</ele>
      </trkpt>
      <trkpt lat="45.160870000" lon="5.348180000">
        <ele>293.000</ele>
      </trkpt>
      <trkpt lat="45.160500000" lon="5.346320000">
        <ele>292.000</ele>
      </trkpt>
      <trkpt lat="45.159890000" lon="5.343240000">
        <ele>291.000</ele>
      </trkpt>
      <trkpt lat="45.159840000" lon="5.342980000">
        <ele>291.000</ele>
      </trkpt>
      <trkpt lat="45.159840000" lon="5.342450000">
        <ele>290.000</ele>
      </trkpt>
      <trkpt lat="45.159830000" lon="5.342210000">
        <ele>290.000</ele>
      </trkpt>
      <trkpt lat="45.159830000" lon="5.342080000">
        <ele>289.000</ele>
      </trkpt>
      <trkpt lat="45.159830000" lon="5.342010000">
        <ele>289.000</ele>
      </trkpt>
      <trkpt lat="45.159870000" lon="5.341930000">
        <ele>289.000</ele>
      </trkpt>
      <trkpt lat="45.159880000" lon="5.341840000">
        <ele>289.000</ele>
      </trkpt>
      <trkpt lat="45.159870000" lon="5.341750000">
        <ele>289.000</ele>
      </trkpt>
      <trkpt lat="45.159840000" lon="5.341660000">
        <ele>289.000</ele>
      </trkpt>
      <trkpt lat="45.159790000" lon="5.341600000">
        <ele>289.000</ele>
      </trkpt>
      <trkpt lat="45.159750000" lon="5.341580000">
        <ele>288.000</ele>
      </trkpt>
      <trkpt lat="45.159710000" lon="5.341570000">
        <ele>288.000</ele>
      </trkpt>
      <trkpt lat="45.159590000" lon="5.341420000">
        <ele>288.000</ele>
      </trkpt>
      <trkpt lat="45.159440000" lon="5.341020000">
        <ele>288.000</ele>
      </trkpt>
      <trkpt lat="45.159350000" lon="5.340590000">
        <ele>288.000</ele>
      </trkpt>
      <trkpt lat="45.159310000" lon="5.340400000">
        <ele>288.000</ele>
      </trkpt>
      <trkpt lat="45.159060000" lon="5.339100000">
        <ele>288.000</ele>
      </trkpt>
      <trkpt lat="45.158710000" lon="5.337350000">
        <ele>288.000</ele>
      </trkpt>
      <trkpt lat="45.158560000" lon="5.336620000">
        <ele>288.000</ele>
      </trkpt>
      <trkpt lat="45.158340000" lon="5.335400000">
        <ele>288.000</ele>
      </trkpt>
      <trkpt lat="45.158320000" lon="5.335240000">
        <ele>287.000</ele>
      </trkpt>
      <trkpt lat="45.158310000" lon="5.335120000">
        <ele>287.000</ele>
      </trkpt>
      <trkpt lat="45.158310000" lon="5.335050000">
        <ele>287.000</ele>
      </trkpt>
      <trkpt lat="45.158300000" lon="5.335020000">
        <ele>287.000</ele>
      </trkpt>
      <trkpt lat="45.158330000" lon="5.335000000">
        <ele>287.000</ele>
      </trkpt>
      <trkpt lat="45.158360000" lon="5.334980000">
        <ele>287.000</ele>
      </trkpt>
      <trkpt lat="45.158380000" lon="5.334930000">
        <ele>287.000</ele>
      </trkpt>
      <trkpt lat="45.158390000" lon="5.334890000">
        <ele>287.000</ele>
      </trkpt>
      <trkpt lat="45.158400000" lon="5.334840000">
        <ele>287.000</ele>
      </trkpt>
      <trkpt lat="45.158400000" lon="5.334810000">
        <ele>287.000</ele>
      </trkpt>
      <trkpt lat="45.158390000" lon="5.334770000">
        <ele>287.000</ele>
      </trkpt>
      <trkpt lat="45.158370000" lon="5.334730000">
        <ele>287.000</ele>
      </trkpt>
      <trkpt lat="45.158350000" lon="5.334700000">
        <ele>287.000</ele>
      </trkpt>
      <trkpt lat="45.158310000" lon="5.334670000">
        <ele>287.000</ele>
      </trkpt>
      <trkpt lat="45.158280000" lon="5.334670000">
        <ele>287.000</ele>
      </trkpt>
      <trkpt lat="45.158220000" lon="5.334540000">
        <ele>287.000</ele>
      </trkpt>
      <trkpt lat="45.158150000" lon="5.334360000">
        <ele>287.000</ele>
      </trkpt>
      <trkpt lat="45.158090000" lon="5.334200000">
        <ele>287.000</ele>
      </trkpt>
      <trkpt lat="45.157980000" lon="5.333710000">
        <ele>287.000</ele>
      </trkpt>
      <trkpt lat="45.157930000" lon="5.333440000">
        <ele>287.000</ele>
      </trkpt>
      <trkpt lat="45.157880000" lon="5.333240000">
        <ele>287.000</ele>
      </trkpt>
      <trkpt lat="45.157860000" lon="5.333160000">
        <ele>287.000</ele>
      </trkpt>
      <trkpt lat="45.157760000" lon="5.332630000">
        <ele>287.000</ele>
      </trkpt>
      <trkpt lat="45.157670000" lon="5.332140000">
        <ele>287.000</ele>
      </trkpt>
      <trkpt lat="45.157570000" lon="5.331680000">
        <ele>287.000</ele>
      </trkpt>
      <trkpt lat="45.157480000" lon="5.331200000">
        <ele>287.000</ele>
      </trkpt>
      <trkpt lat="45.157300000" lon="5.330300000">
        <ele>287.000</ele>
      </trkpt>
      <trkpt lat="45.157160000" lon="5.329620000">
        <ele>287.000</ele>
      </trkpt>
      <trkpt lat="45.157120000" lon="5.329420000">
        <ele>286.000</ele>
      </trkpt>
      <trkpt lat="45.156860000" lon="5.328080000">
        <ele>285.000</ele>
      </trkpt>
      <trkpt lat="45.156820000" lon="5.327900000">
        <ele>284.000</ele>
      </trkpt>
      <trkpt lat="45.156800000" lon="5.327800000">
        <ele>283.000</ele>
      </trkpt>
      <trkpt lat="45.156770000" lon="5.327680000">
        <ele>282.000</ele>
      </trkpt>
      <trkpt lat="45.156740000" lon="5.327600000">
        <ele>282.000</ele>
      </trkpt>
      <trkpt lat="45.156690000" lon="5.327490000">
        <ele>281.000</ele>
      </trkpt>
      <trkpt lat="45.156560000" lon="5.327200000">
        <ele>281.000</ele>
      </trkpt>
      <trkpt lat="45.155920000" lon="5.325820000">
        <ele>280.000</ele>
      </trkpt>
      <trkpt lat="45.155900000" lon="5.325760000">
        <ele>279.000</ele>
      </trkpt>
      <trkpt lat="45.155820000" lon="5.325590000">
        <ele>279.000</ele>
      </trkpt>
      <trkpt lat="45.155750000" lon="5.325420000">
        <ele>279.000</ele>
      </trkpt>
      <trkpt lat="45.155720000" lon="5.325360000">
        <ele>278.000</ele>
      </trkpt>
      <trkpt lat="45.155590000" lon="5.325060000">
        <ele>278.000</ele>
      </trkpt>
      <trkpt lat="45.155570000" lon="5.325030000">
        <ele>278.000</ele>
      </trkpt>
      <trkpt lat="45.155480000" lon="5.324860000">
        <ele>278.000</ele>
      </trkpt>
      <trkpt lat="45.155270000" lon="5.324380000">
        <ele>278.000</ele>
      </trkpt>
      <trkpt lat="45.155190000" lon="5.324240000">
        <ele>278.000</ele>
      </trkpt>
      <trkpt lat="45.155160000" lon="5.324190000">
        <ele>278.000</ele>
      </trkpt>
      <trkpt lat="45.154930000" lon="5.324020000">
        <ele>278.000</ele>
      </trkpt>
      <trkpt lat="45.154780000" lon="5.323920000">
        <ele>278.000</ele>
      </trkpt>
      <trkpt lat="45.154220000" lon="5.323580000">
        <ele>279.000</ele>
      </trkpt>
      <trkpt lat="45.153860000" lon="5.323250000">
        <ele>279.000</ele>
      </trkpt>
      <trkpt lat="45.153780000" lon="5.323170000">
        <ele>279.000</ele>
      </trkpt>
      <trkpt lat="45.153720000" lon="5.323100000">
        <ele>279.000</ele>
      </trkpt>
      <trkpt lat="45.153650000" lon="5.322990000">
        <ele>279.000</ele>
      </trkpt>
      <trkpt lat="45.153570000" lon="5.322820000">
        <ele>279.000</ele>
      </trkpt>
      <trkpt lat="45.153520000" lon="5.322750000">
        <ele>280.000</ele>
      </trkpt>
      <trkpt lat="45.153150000" lon="5.322040000">
        <ele>280.000</ele>
      </trkpt>
      <trkpt lat="45.153130000" lon="5.322000000">
        <ele>280.000</ele>
      </trkpt>
      <trkpt lat="45.153020000" lon="5.321750000">
        <ele>280.000</ele>
      </trkpt>
      <trkpt lat="45.152810000" lon="5.321360000">
        <ele>280.000</ele>
      </trkpt>
      <trkpt lat="45.152500000" lon="5.320760000">
        <ele>280.000</ele>
      </trkpt>
      <trkpt lat="45.152460000" lon="5.320670000">
        <ele>280.000</ele>
      </trkpt>
      <trkpt lat="45.152420000" lon="5.320600000">
        <ele>280.000</ele>
      </trkpt>
      <trkpt lat="45.152310000" lon="5.320380000">
        <ele>281.000</ele>
      </trkpt>
      <trkpt lat="45.152090000" lon="5.319920000">
        <ele>281.000</ele>
      </trkpt>
      <trkpt lat="45.151740000" lon="5.319200000">
        <ele>281.000</ele>
      </trkpt>
      <trkpt lat="45.151700000" lon="5.319090000">
        <ele>281.000</ele>
      </trkpt>
      <trkpt lat="45.151640000" lon="5.318910000">
        <ele>281.000</ele>
      </trkpt>
      <trkpt lat="45.151580000" lon="5.318690000">
        <ele>282.000</ele>
      </trkpt>
      <trkpt lat="45.151370000" lon="5.317870000">
        <ele>282.000</ele>
      </trkpt>
      <trkpt lat="45.151360000" lon="5.317690000">
        <ele>282.000</ele>
      </trkpt>
      <trkpt lat="45.151360000" lon="5.317610000">
        <ele>282.000</ele>
      </trkpt>
      <trkpt lat="45.151360000" lon="5.317510000">
        <ele>282.000</ele>
      </trkpt>
      <trkpt lat="45.151390000" lon="5.317450000">
        <ele>282.000</ele>
      </trkpt>
      <trkpt lat="45.151400000" lon="5.317370000">
        <ele>282.000</ele>
      </trkpt>
      <trkpt lat="45.151390000" lon="5.317300000">
        <ele>282.000</ele>
      </trkpt>
      <trkpt lat="45.151370000" lon="5.317260000">
        <ele>282.000</ele>
      </trkpt>
      <trkpt lat="45.151340000" lon="5.317230000">
        <ele>282.000</ele>
      </trkpt>
      <trkpt lat="45.151310000" lon="5.317210000">
        <ele>282.000</ele>
      </trkpt>
      <trkpt lat="45.151210000" lon="5.317050000">
        <ele>282.000</ele>
      </trkpt>
      <trkpt lat="45.151160000" lon="5.317000000">
        <ele>282.000</ele>
      </trkpt>
      <trkpt lat="45.151040000" lon="5.316840000">
        <ele>282.000</ele>
      </trkpt>
      <trkpt lat="45.150760000" lon="5.316480000">
        <ele>281.000</ele>
      </trkpt>
      <trkpt lat="45.150700000" lon="5.316390000">
        <ele>281.000</ele>
      </trkpt>
      <trkpt lat="45.150490000" lon="5.316100000">
        <ele>281.000</ele>
      </trkpt>
      <trkpt lat="45.150150000" lon="5.315620000">
        <ele>280.000</ele>
      </trkpt>
      <trkpt lat="45.150070000" lon="5.315500000">
        <ele>280.000</ele>
      </trkpt>
      <trkpt lat="45.150040000" lon="5.315460000">
        <ele>280.000</ele>
      </trkpt>
      <trkpt lat="45.150020000" lon="5.315430000">
        <ele>280.000</ele>
      </trkpt>
      <trkpt lat="45.149670000" lon="5.314940000">
        <ele>279.000</ele>
      </trkpt>
      <trkpt lat="45.149500000" lon="5.314710000">
        <ele>279.000</ele>
      </trkpt>
      <trkpt lat="45.149460000" lon="5.314660000">
        <ele>278.000</ele>
      </trkpt>
      <trkpt lat="45.149070000" lon="5.314130000">
        <ele>278.000</ele>
      </trkpt>
      <trkpt lat="45.148830000" lon="5.313820000">
        <ele>277.000</ele>
      </trkpt>
      <trkpt lat="45.148640000" lon="5.313560000">
        <ele>277.000</ele>
      </trkpt>
      <trkpt lat="45.148560000" lon="5.313430000">
        <ele>277.000</ele>
      </trkpt>
      <trkpt lat="45.148420000" lon="5.313230000">
        <ele>277.000</ele>
      </trkpt>
      <trkpt lat="45.148270000" lon="5.313020000">
        <ele>277.000</ele>
      </trkpt>
      <trkpt lat="45.148230000" lon="5.312980000">
        <ele>277.000</ele>
      </trkpt>
      <trkpt lat="45.147950000" lon="5.312580000">
        <ele>277.000</ele>
      </trkpt>
      <trkpt lat="45.147720000" lon="5.312260000">
        <ele>277.000</ele>
      </trkpt>
      <trkpt lat="45.147600000" lon="5.312120000">
        <ele>277.000</ele>
      </trkpt>
      <trkpt lat="45.147400000" lon="5.311860000">
        <ele>277.000</ele>
      </trkpt>
      <trkpt lat="45.147140000" lon="5.311490000">
        <ele>277.000</ele>
      </trkpt>
      <trkpt lat="45.146960000" lon="5.311240000">
        <ele>277.000</ele>
      </trkpt>
      <trkpt lat="45.146840000" lon="5.311080000">
        <ele>277.000</ele>
      </trkpt>
      <trkpt lat="45.146720000" lon="5.310920000">
        <ele>277.000</ele>
      </trkpt>
      <trkpt lat="45.146600000" lon="5.310690000">
        <ele>277.000</ele>
      </trkpt>
      <trkpt lat="45.146430000" lon="5.310450000">
        <ele>277.000</ele>
      </trkpt>
      <trkpt lat="45.146290000" lon="5.310270000">
        <ele>276.000</ele>
      </trkpt>
      <trkpt lat="45.145960000" lon="5.309820000">
        <ele>276.000</ele>
      </trkpt>
      <trkpt lat="45.145860000" lon="5.309690000">
        <ele>276.000</ele>
      </trkpt>
      <trkpt lat="45.145820000" lon="5.309640000">
        <ele>276.000</ele>
      </trkpt>
      <trkpt lat="45.145790000" lon="5.309590000">
        <ele>276.000</ele>
      </trkpt>
      <trkpt lat="45.145780000" lon="5.309530000">
        <ele>275.000</ele>
      </trkpt>
      <trkpt lat="45.145790000" lon="5.309430000">
        <ele>275.000</ele>
      </trkpt>
      <trkpt lat="45.145840000" lon="5.309280000">
        <ele>275.000</ele>
      </trkpt>
      <trkpt lat="45.146480000" lon="5.308310000">
        <ele>275.000</ele>
      </trkpt>
      <trkpt lat="45.146570000" lon="5.308180000">
        <ele>275.000</ele>
      </trkpt>
      <trkpt lat="45.146670000" lon="5.308030000">
        <ele>274.000</ele>
      </trkpt>
      <trkpt lat="45.146890000" lon="5.307710000">
        <ele>274.000</ele>
      </trkpt>
      <trkpt lat="45.147170000" lon="5.307340000">
        <ele>274.000</ele>
      </trkpt>
      <trkpt lat="45.147240000" lon="5.307270000">
        <ele>274.000</ele>
      </trkpt>
      <trkpt lat="45.147260000" lon="5.307240000">
        <ele>273.000</ele>
      </trkpt>
      <trkpt lat="45.147290000" lon="5.307270000">
        <ele>273.000</ele>
      </trkpt>
      <trkpt lat="45.147320000" lon="5.307280000">
        <ele>273.000</ele>
      </trkpt>
      <trkpt lat="45.147360000" lon="5.307280000">
        <ele>273.000</ele>
      </trkpt>
      <trkpt lat="45.147390000" lon="5.307270000">
        <ele>273.000</ele>
      </trkpt>
      <trkpt lat="45.147410000" lon="5.307240000">
        <ele>273.000</ele>
      </trkpt>
      <trkpt lat="45.147430000" lon="5.307200000">
        <ele>273.000</ele>
      </trkpt>
      <trkpt lat="45.147440000" lon="5.307170000">
        <ele>273.000</ele>
      </trkpt>
      <trkpt lat="45.147440000" lon="5.307120000">
        <ele>273.000</ele>
      </trkpt>
      <trkpt lat="45.147430000" lon="5.307080000">
        <ele>273.000</ele>
      </trkpt>
      <trkpt lat="45.147420000" lon="5.307050000">
        <ele>273.000</ele>
      </trkpt>
      <trkpt lat="45.147400000" lon="5.307020000">
        <ele>273.000</ele>
      </trkpt>
      <trkpt lat="45.147370000" lon="5.307000000">
        <ele>273.000</ele>
      </trkpt>
      <trkpt lat="45.147330000" lon="5.306990000">
        <ele>273.000</ele>
      </trkpt>
      <trkpt lat="45.147300000" lon="5.306880000">
        <ele>273.000</ele>
      </trkpt>
      <trkpt lat="45.147240000" lon="5.306710000">
        <ele>273.000</ele>
      </trkpt>
      <trkpt lat="45.147130000" lon="5.306410000">
        <ele>273.000</ele>
      </trkpt>
      <trkpt lat="45.147080000" lon="5.306110000">
        <ele>273.000</ele>
      </trkpt>
      <trkpt lat="45.146900000" lon="5.305520000">
        <ele>273.000</ele>
      </trkpt>
      <trkpt lat="45.146890000" lon="5.305480000">
        <ele>273.000</ele>
      </trkpt>
      <trkpt lat="45.146850000" lon="5.305350000">
        <ele>273.000</ele>
      </trkpt>
      <trkpt lat="45.146760000" lon="5.304990000">
        <ele>273.000</ele>
      </trkpt>
      <trkpt lat="45.146300000" lon="5.303560000">
        <ele>273.000</ele>
      </trkpt>
      <trkpt lat="45.146190000" lon="5.303190000">
        <ele>274.000</ele>
      </trkpt>
      <trkpt lat="45.146100000" lon="5.302920000">
        <ele>275.000</ele>
      </trkpt>
      <trkpt lat="45.145910000" lon="5.302240000">
        <ele>275.000</ele>
      </trkpt>
      <trkpt lat="45.145800000" lon="5.301780000">
        <ele>275.000</ele>
      </trkpt>
      <trkpt lat="45.145780000" lon="5.301560000">
        <ele>274.000</ele>
      </trkpt>
      <trkpt lat="45.145610000" lon="5.299770000">
        <ele>274.000</ele>
      </trkpt>
      <trkpt lat="45.145450000" lon="5.298010000">
        <ele>274.000</ele>
      </trkpt>
      <trkpt lat="45.145330000" lon="5.296430000">
        <ele>274.000</ele>
      </trkpt>
      <trkpt lat="45.145290000" lon="5.296190000">
        <ele>274.000</ele>
      </trkpt>
      <trkpt lat="45.145260000" lon="5.296040000">
        <ele>274.000</ele>
      </trkpt>
      <trkpt lat="45.145220000" lon="5.295890000">
        <ele>274.000</ele>
      </trkpt>
      <trkpt lat="45.145150000" lon="5.295720000">
        <ele>274.000</ele>
      </trkpt>
      <trkpt lat="45.145080000" lon="5.295580000">
        <ele>274.000</ele>
      </trkpt>
      <trkpt lat="45.144360000" lon="5.294330000">
        <ele>273.000</ele>
      </trkpt>
      <trkpt lat="45.144080000" lon="5.293840000">
        <ele>273.000</ele>
      </trkpt>
      <trkpt lat="45.144010000" lon="5.293730000">
        <ele>273.000</ele>
      </trkpt>
      <trkpt lat="45.143880000" lon="5.293470000">
        <ele>273.000</ele>
      </trkpt>
      <trkpt lat="45.143700000" lon="5.293190000">
        <ele>272.000</ele>
      </trkpt>
      <trkpt lat="45.143290000" lon="5.292450000">
        <ele>272.000</ele>
      </trkpt>
      <trkpt lat="45.143290000" lon="5.292450000">
        <ele>272.000</ele>
      </trkpt>
      <trkpt lat="45.143170000" lon="5.292240000">
        <ele>272.000</ele>
      </trkpt>
      <trkpt lat="45.142370000" lon="5.290840000">
        <ele>272.000</ele>
      </trkpt>
      <trkpt lat="45.142000000" lon="5.290190000">
        <ele>273.000</ele>
      </trkpt>
      <trkpt lat="45.141800000" lon="5.289840000">
        <ele>273.000</ele>
      </trkpt>
      <trkpt lat="45.141750000" lon="5.289650000">
        <ele>274.000</ele>
      </trkpt>
      <trkpt lat="45.141740000" lon="5.289580000">
        <ele>274.000</ele>
      </trkpt>
      <trkpt lat="45.141740000" lon="5.289540000">
        <ele>275.000</ele>
      </trkpt>
      <trkpt lat="45.141740000" lon="5.289490000">
        <ele>275.000</ele>
      </trkpt>
      <trkpt lat="45.141730000" lon="5.289450000">
        <ele>275.000</ele>
      </trkpt>
      <trkpt lat="45.141710000" lon="5.289410000">
        <ele>276.000</ele>
      </trkpt>
      <trkpt lat="45.141690000" lon="5.289380000">
        <ele>276.000</ele>
      </trkpt>
      <trkpt lat="45.141660000" lon="5.289360000">
        <ele>276.000</ele>
      </trkpt>
      <trkpt lat="45.141630000" lon="5.289350000">
        <ele>276.000</ele>
      </trkpt>
      <trkpt lat="45.141600000" lon="5.289350000">
        <ele>276.000</ele>
      </trkpt>
      <trkpt lat="45.141520000" lon="5.289300000">
        <ele>276.000</ele>
      </trkpt>
      <trkpt lat="45.141440000" lon="5.289200000">
        <ele>277.000</ele>
      </trkpt>
      <trkpt lat="45.141320000" lon="5.288940000">
        <ele>277.000</ele>
      </trkpt>
      <trkpt lat="45.141310000" lon="5.288920000">
        <ele>277.000</ele>
      </trkpt>
      <trkpt lat="45.141270000" lon="5.288760000">
        <ele>278.000</ele>
      </trkpt>
      <trkpt lat="45.141250000" lon="5.288550000">
        <ele>278.000</ele>
      </trkpt>
      <trkpt lat="45.141240000" lon="5.288320000">
        <ele>279.000</ele>
      </trkpt>
      <trkpt lat="45.141250000" lon="5.288190000">
        <ele>279.000</ele>
      </trkpt>
      <trkpt lat="45.141260000" lon="5.288080000">
        <ele>280.000</ele>
      </trkpt>
      <trkpt lat="45.141290000" lon="5.287910000">
        <ele>280.000</ele>
      </trkpt>
      <trkpt lat="45.141310000" lon="5.287760000">
        <ele>280.000</ele>
      </trkpt>
      <trkpt lat="45.141320000" lon="5.287650000">
        <ele>281.000</ele>
      </trkpt>
      <trkpt lat="45.141290000" lon="5.287570000">
        <ele>281.000</ele>
      </trkpt>
      <trkpt lat="45.141280000" lon="5.287560000">
        <ele>281.000</ele>
      </trkpt>
      <trkpt lat="45.141180000" lon="5.287240000">
        <ele>281.000</ele>
      </trkpt>
      <trkpt lat="45.141130000" lon="5.287110000">
        <ele>281.000</ele>
      </trkpt>
      <trkpt lat="45.141020000" lon="5.286900000">
        <ele>282.000</ele>
      </trkpt>
      <trkpt lat="45.140990000" lon="5.286790000">
        <ele>282.000</ele>
      </trkpt>
      <trkpt lat="45.140970000" lon="5.286720000">
        <ele>282.000</ele>
      </trkpt>
      <trkpt lat="45.140960000" lon="5.286620000">
        <ele>282.000</ele>
      </trkpt>
      <trkpt lat="45.140960000" lon="5.286450000">
        <ele>282.000</ele>
      </trkpt>
      <trkpt lat="45.140990000" lon="5.286250000">
        <ele>282.000</ele>
      </trkpt>
      <trkpt lat="45.141050000" lon="5.285990000">
        <ele>283.000</ele>
      </trkpt>
      <trkpt lat="45.141070000" lon="5.285910000">
        <ele>283.000</ele>
      </trkpt>
      <trkpt lat="45.141090000" lon="5.285780000">
        <ele>283.000</ele>
      </trkpt>
      <trkpt lat="45.141130000" lon="5.285610000">
        <ele>283.000</ele>
      </trkpt>
      <trkpt lat="45.141140000" lon="5.285590000">
        <ele>283.000</ele>
      </trkpt>
      <trkpt lat="45.141160000" lon="5.285540000">
        <ele>283.000</ele>
      </trkpt>
      <trkpt lat="45.141210000" lon="5.285390000">
        <ele>283.000</ele>
      </trkpt>
      <trkpt lat="45.141220000" lon="5.285350000">
        <ele>283.000</ele>
      </trkpt>
      <trkpt lat="45.141240000" lon="5.285210000">
        <ele>283.000</ele>
      </trkpt>
      <trkpt lat="45.141260000" lon="5.285160000">
        <ele>283.000</ele>
      </trkpt>
      <trkpt lat="45.141330000" lon="5.284770000">
        <ele>283.000</ele>
      </trkpt>
      <trkpt lat="45.141420000" lon="5.284380000">
        <ele>283.000</ele>
      </trkpt>
      <trkpt lat="45.141460000" lon="5.284140000">
        <ele>283.000</ele>
      </trkpt>
      <trkpt lat="45.141460000" lon="5.284140000">
        <ele>283.000</ele>
      </trkpt>
      <trkpt lat="45.141490000" lon="5.284030000">
        <ele>283.000</ele>
      </trkpt>
      <trkpt lat="45.141630000" lon="5.283290000">
        <ele>283.000</ele>
      </trkpt>
      <trkpt lat="45.141680000" lon="5.283010000">
        <ele>283.000</ele>
      </trkpt>
      <trkpt lat="45.141720000" lon="5.282850000">
        <ele>283.000</ele>
      </trkpt>
      <trkpt lat="45.141760000" lon="5.282680000">
        <ele>282.000</ele>
      </trkpt>
      <trkpt lat="45.141800000" lon="5.282530000">
        <ele>282.000</ele>
      </trkpt>
      <trkpt lat="45.141800000" lon="5.282460000">
        <ele>282.000</ele>
      </trkpt>
      <trkpt lat="45.141820000" lon="5.282090000">
        <ele>282.000</ele>
      </trkpt>
      <trkpt lat="45.141360000" lon="5.282030000">
        <ele>282.000</ele>
      </trkpt>
      <trkpt lat="45.141210000" lon="5.282020000">
        <ele>282.000</ele>
      </trkpt>
      <trkpt lat="45.141100000" lon="5.281980000">
        <ele>281.000</ele>
      </trkpt>
      <trkpt lat="45.140860000" lon="5.281860000">
        <ele>281.000</ele>
      </trkpt>
      <trkpt lat="45.140540000" lon="5.281700000">
        <ele>281.000</ele>
      </trkpt>
      <trkpt lat="45.140440000" lon="5.281630000">
        <ele>281.000</ele>
      </trkpt>
      <trkpt lat="45.140340000" lon="5.281530000">
        <ele>281.000</ele>
      </trkpt>
      <trkpt lat="45.140160000" lon="5.281350000">
        <ele>281.000</ele>
      </trkpt>
      <trkpt lat="45.140080000" lon="5.281270000">
        <ele>281.000</ele>
      </trkpt>
      <trkpt lat="45.139880000" lon="5.281060000">
        <ele>281.000</ele>
      </trkpt>
      <trkpt lat="45.139900000" lon="5.281030000">
        <ele>281.000</ele>
      </trkpt>
      <trkpt lat="45.139940000" lon="5.280990000">
        <ele>281.000</ele>
      </trkpt>
      <trkpt lat="45.139980000" lon="5.280980000">
        <ele>281.000</ele>
      </trkpt>
      <trkpt lat="45.140030000" lon="5.280970000">
        <ele>281.000</ele>
      </trkpt>
      <trkpt lat="45.140300000" lon="5.280960000">
        <ele>281.000</ele>
      </trkpt>
      <trkpt lat="45.140390000" lon="5.280950000">
        <ele>281.000</ele>
      </trkpt>
      <trkpt lat="45.140390000" lon="5.280950000">
        <ele>281.000</ele>
      </trkpt>
      <trkpt lat="45.141090000" lon="5.280900000">
        <ele>281.000</ele>
      </trkpt>
      <trkpt lat="45.141110000" lon="5.280900000">
        <ele>280.000</ele>
      </trkpt>
      <trkpt lat="45.141420000" lon="5.280870000">
        <ele>280.000</ele>
      </trkpt>
      <trkpt lat="45.141510000" lon="5.280850000">
        <ele>280.000</ele>
      </trkpt>
      <trkpt lat="45.141600000" lon="5.280790000">
        <ele>280.000</ele>
      </trkpt>
      <trkpt lat="45.141650000" lon="5.280740000">
        <ele>280.000</ele>
      </trkpt>
      <trkpt lat="45.141670000" lon="5.280690000">
        <ele>280.000</ele>
      </trkpt>
      <trkpt lat="45.141690000" lon="5.280650000">
        <ele>280.000</ele>
      </trkpt>
      <trkpt lat="45.141720000" lon="5.280670000">
        <ele>280.000</ele>
      </trkpt>
      <trkpt lat="45.141740000" lon="5.280680000">
        <ele>280.000</ele>
      </trkpt>
      <trkpt lat="45.141770000" lon="5.280670000">
        <ele>280.000</ele>
      </trkpt>
      <trkpt lat="45.141790000" lon="5.280660000">
        <ele>280.000</ele>
      </trkpt>
      <trkpt lat="45.141810000" lon="5.280630000">
        <ele>280.000</ele>
      </trkpt>
      <trkpt lat="45.141820000" lon="5.280600000">
        <ele>280.000</ele>
      </trkpt>
      <trkpt lat="45.141820000" lon="5.280570000">
        <ele>280.000</ele>
      </trkpt>
      <trkpt lat="45.141810000" lon="5.280540000">
        <ele>280.000</ele>
      </trkpt>
      <trkpt lat="45.141800000" lon="5.280510000">
        <ele>280.000</ele>
      </trkpt>
      <trkpt lat="45.141780000" lon="5.280490000">
        <ele>280.000</ele>
      </trkpt>
      <trkpt lat="45.141760000" lon="5.280470000">
        <ele>280.000</ele>
      </trkpt>
      <trkpt lat="45.141740000" lon="5.280470000">
        <ele>280.000</ele>
      </trkpt>
      <trkpt lat="45.141750000" lon="5.280420000">
        <ele>280.000</ele>
      </trkpt>
      <trkpt lat="45.141750000" lon="5.280340000">
        <ele>280.000</ele>
      </trkpt>
      <trkpt lat="45.141750000" lon="5.280230000">
        <ele>280.000</ele>
      </trkpt>
      <trkpt lat="45.141750000" lon="5.280110000">
        <ele>280.000</ele>
      </trkpt>
      <trkpt lat="45.141730000" lon="5.280010000">
        <ele>280.000</ele>
      </trkpt>
      <trkpt lat="45.141670000" lon="5.279780000">
        <ele>280.000</ele>
      </trkpt>
      <trkpt lat="45.141650000" lon="5.279680000">
        <ele>280.000</ele>
      </trkpt>
      <trkpt lat="45.141630000" lon="5.279610000">
        <ele>280.000</ele>
      </trkpt>
      <trkpt lat="45.141620000" lon="5.279390000">
        <ele>280.000</ele>
      </trkpt>
      <trkpt lat="45.141630000" lon="5.279110000">
        <ele>280.000</ele>
      </trkpt>
      <trkpt lat="45.141620000" lon="5.278870000">
        <ele>280.000</ele>
      </trkpt>
      <trkpt lat="45.141560000" lon="5.278500000">
        <ele>279.000</ele>
      </trkpt>
      <trkpt lat="45.141490000" lon="5.278160000">
        <ele>279.000</ele>
      </trkpt>
      <trkpt lat="45.141390000" lon="5.277820000">
        <ele>279.000</ele>
      </trkpt>
      <trkpt lat="45.141270000" lon="5.277570000">
        <ele>279.000</ele>
      </trkpt>
      <trkpt lat="45.141170000" lon="5.277410000">
        <ele>279.000</ele>
      </trkpt>
      <trkpt lat="45.141100000" lon="5.277320000">
        <ele>279.000</ele>
      </trkpt>
      <trkpt lat="45.140210000" lon="5.276250000">
        <ele>278.000</ele>
      </trkpt>
      <trkpt lat="45.139750000" lon="5.275720000">
        <ele>278.000</ele>
      </trkpt>
      <trkpt lat="45.139570000" lon="5.275490000">
        <ele>278.000</ele>
      </trkpt>
      <trkpt lat="45.139440000" lon="5.275270000">
        <ele>278.000</ele>
      </trkpt>
      <trkpt lat="45.139020000" lon="5.274430000">
        <ele>278.000</ele>
      </trkpt>
      <trkpt lat="45.138910000" lon="5.274060000">
        <ele>278.000</ele>
      </trkpt>
      <trkpt lat="45.138800000" lon="5.273630000">
        <ele>278.000</ele>
      </trkpt>
      <trkpt lat="45.138760000" lon="5.273480000">
        <ele>279.000</ele>
      </trkpt>
      <trkpt lat="45.138680000" lon="5.273250000">
        <ele>280.000</ele>
      </trkpt>
      <trkpt lat="45.138580000" lon="5.273090000">
        <ele>281.000</ele>
      </trkpt>
      <trkpt lat="45.138480000" lon="5.272960000">
        <ele>283.000</ele>
      </trkpt>
      <trkpt lat="45.138330000" lon="5.272840000">
        <ele>284.000</ele>
      </trkpt>
      <trkpt lat="45.137460000" lon="5.272340000">
        <ele>287.000</ele>
      </trkpt>
      <trkpt lat="45.137290000" lon="5.272200000">
        <ele>289.000</ele>
      </trkpt>
      <trkpt lat="45.137150000" lon="5.272010000">
        <ele>291.000</ele>
      </trkpt>
      <trkpt lat="45.137080000" lon="5.271780000">
        <ele>293.000</ele>
      </trkpt>
      <trkpt lat="45.137020000" lon="5.271500000">
        <ele>294.000</ele>
      </trkpt>
      <trkpt lat="45.136980000" lon="5.271080000">
        <ele>295.000</ele>
      </trkpt>
      <trkpt lat="45.136990000" lon="5.270210000">
        <ele>297.000</ele>
      </trkpt>
      <trkpt lat="45.136990000" lon="5.269850000">
        <ele>299.000</ele>
      </trkpt>
      <trkpt lat="45.136970000" lon="5.269660000">
        <ele>299.000</ele>
      </trkpt>
      <trkpt lat="45.136950000" lon="5.269500000">
        <ele>300.000</ele>
      </trkpt>
      <trkpt lat="45.136900000" lon="5.269280000">
        <ele>300.000</ele>
      </trkpt>
      <trkpt lat="45.136870000" lon="5.269150000">
        <ele>301.000</ele>
      </trkpt>
      <trkpt lat="45.136820000" lon="5.268910000">
        <ele>301.000</ele>
      </trkpt>
      <trkpt lat="45.136740000" lon="5.268580000">
        <ele>300.000</ele>
      </trkpt>
      <trkpt lat="45.136140000" lon="5.265590000">
        <ele>299.000</ele>
      </trkpt>
      <trkpt lat="45.135970000" lon="5.264360000">
        <ele>297.000</ele>
      </trkpt>
      <trkpt lat="45.135890000" lon="5.263910000">
        <ele>296.000</ele>
      </trkpt>
      <trkpt lat="45.135620000" lon="5.263540000">
        <ele>294.000</ele>
      </trkpt>
      <trkpt lat="45.135470000" lon="5.263390000">
        <ele>292.000</ele>
      </trkpt>
      <trkpt lat="45.135340000" lon="5.263240000">
        <ele>291.000</ele>
      </trkpt>
      <trkpt lat="45.135310000" lon="5.263210000">
        <ele>290.000</ele>
      </trkpt>
      <trkpt lat="45.135210000" lon="5.263090000">
        <ele>290.000</ele>
      </trkpt>
      <trkpt lat="45.134230000" lon="5.261960000">
        <ele>290.000</ele>
      </trkpt>
      <trkpt lat="45.134030000" lon="5.261750000">
        <ele>291.000</ele>
      </trkpt>
      <trkpt lat="45.133720000" lon="5.261580000">
        <ele>291.000</ele>
      </trkpt>
      <trkpt lat="45.133280000" lon="5.261300000">
        <ele>292.000</ele>
      </trkpt>
      <trkpt lat="45.133070000" lon="5.261180000">
        <ele>293.000</ele>
      </trkpt>
      <trkpt lat="45.132960000" lon="5.261030000">
        <ele>294.000</ele>
      </trkpt>
      <trkpt lat="45.132870000" lon="5.260780000">
        <ele>294.000</ele>
      </trkpt>
      <trkpt lat="45.132610000" lon="5.259730000">
        <ele>295.000</ele>
      </trkpt>
      <trkpt lat="45.132610000" lon="5.259430000">
        <ele>296.000</ele>
      </trkpt>
      <trkpt lat="45.132880000" lon="5.259030000">
        <ele>297.000</ele>
      </trkpt>
      <trkpt lat="45.133140000" lon="5.258630000">
        <ele>299.000</ele>
      </trkpt>
      <trkpt lat="45.133250000" lon="5.258140000">
        <ele>300.000</ele>
      </trkpt>
      <trkpt lat="45.133170000" lon="5.257760000">
        <ele>301.000</ele>
      </trkpt>
      <trkpt lat="45.132920000" lon="5.257330000">
        <ele>303.000</ele>
      </trkpt>
      <trkpt lat="45.132800000" lon="5.256820000">
        <ele>303.000</ele>
      </trkpt>
      <trkpt lat="45.132850000" lon="5.256300000">
        <ele>302.000</ele>
      </trkpt>
      <trkpt lat="45.133000000" lon="5.255780000">
        <ele>301.000</ele>
      </trkpt>
      <trkpt lat="45.133030000" lon="5.255420000">
        <ele>300.000</ele>
      </trkpt>
      <trkpt lat="45.132850000" lon="5.254670000">
        <ele>298.000</ele>
      </trkpt>
      <trkpt lat="45.132610000" lon="5.254040000">
        <ele>296.000</ele>
      </trkpt>
      <trkpt lat="45.132280000" lon="5.253430000">
        <ele>293.000</ele>
      </trkpt>
      <trkpt lat="45.131990000" lon="5.252970000">
        <ele>289.000</ele>
      </trkpt>
      <trkpt lat="45.131950000" lon="5.252850000">
        <ele>287.000</ele>
      </trkpt>
      <trkpt lat="45.131920000" lon="5.252680000">
        <ele>285.000</ele>
      </trkpt>
      <trkpt lat="45.131920000" lon="5.252400000">
        <ele>283.000</ele>
      </trkpt>
      <trkpt lat="45.131940000" lon="5.252130000">
        <ele>282.000</ele>
      </trkpt>
      <trkpt lat="45.131990000" lon="5.251870000">
        <ele>280.000</ele>
      </trkpt>
      <trkpt lat="45.132040000" lon="5.251760000">
        <ele>279.000</ele>
      </trkpt>
      <trkpt lat="45.132110000" lon="5.251690000">
        <ele>278.000</ele>
      </trkpt>
      <trkpt lat="45.132180000" lon="5.251640000">
        <ele>277.000</ele>
      </trkpt>
      <trkpt lat="45.132280000" lon="5.251620000">
        <ele>276.000</ele>
      </trkpt>
      <trkpt lat="45.132410000" lon="5.251570000">
        <ele>276.000</ele>
      </trkpt>
      <trkpt lat="45.132470000" lon="5.251510000">
        <ele>275.000</ele>
      </trkpt>
      <trkpt lat="45.132500000" lon="5.251420000">
        <ele>274.000</ele>
      </trkpt>
      <trkpt lat="45.132520000" lon="5.251310000">
        <ele>274.000</ele>
      </trkpt>
      <trkpt lat="45.132490000" lon="5.251190000">
        <ele>273.000</ele>
      </trkpt>
      <trkpt lat="45.132460000" lon="5.251120000">
        <ele>273.000</ele>
      </trkpt>
      <trkpt lat="45.132380000" lon="5.251030000">
        <ele>272.000</ele>
      </trkpt>
      <trkpt lat="45.132330000" lon="5.250920000">
        <ele>272.000</ele>
      </trkpt>
      <trkpt lat="45.132310000" lon="5.250810000">
        <ele>271.000</ele>
      </trkpt>
      <trkpt lat="45.132330000" lon="5.250710000">
        <ele>271.000</ele>
      </trkpt>
      <trkpt lat="45.132380000" lon="5.250590000">
        <ele>270.000</ele>
      </trkpt>
      <trkpt lat="45.132470000" lon="5.250480000">
        <ele>270.000</ele>
      </trkpt>
      <trkpt lat="45.132670000" lon="5.250250000">
        <ele>269.000</ele>
      </trkpt>
      <trkpt lat="45.132940000" lon="5.249980000">
        <ele>268.000</ele>
      </trkpt>
      <trkpt lat="45.133180000" lon="5.249710000">
        <ele>267.000</ele>
      </trkpt>
      <trkpt lat="45.133480000" lon="5.249330000">
        <ele>265.000</ele>
      </trkpt>
      <trkpt lat="45.133610000" lon="5.249170000">
        <ele>264.000</ele>
      </trkpt>
      <trkpt lat="45.133740000" lon="5.249060000">
        <ele>263.000</ele>
      </trkpt>
      <trkpt lat="45.133910000" lon="5.248990000">
        <ele>262.000</ele>
      </trkpt>
      <trkpt lat="45.134040000" lon="5.248940000">
        <ele>262.000</ele>
      </trkpt>
      <trkpt lat="45.134270000" lon="5.248870000">
        <ele>261.000</ele>
      </trkpt>
      <trkpt lat="45.134350000" lon="5.248810000">
        <ele>260.000</ele>
      </trkpt>
      <trkpt lat="45.134380000" lon="5.248750000">
        <ele>259.000</ele>
      </trkpt>
      <trkpt lat="45.134410000" lon="5.248650000">
        <ele>259.000</ele>
      </trkpt>
      <trkpt lat="45.134420000" lon="5.248480000">
        <ele>258.000</ele>
      </trkpt>
      <trkpt lat="45.134410000" lon="5.248330000">
        <ele>258.000</ele>
      </trkpt>
      <trkpt lat="45.134370000" lon="5.248200000">
        <ele>257.000</ele>
      </trkpt>
      <trkpt lat="45.134320000" lon="5.248090000">
        <ele>257.000</ele>
      </trkpt>
      <trkpt lat="45.134230000" lon="5.248030000">
        <ele>256.000</ele>
      </trkpt>
      <trkpt lat="45.134050000" lon="5.247920000">
        <ele>256.000</ele>
      </trkpt>
      <trkpt lat="45.133990000" lon="5.247890000">
        <ele>255.000</ele>
      </trkpt>
      <trkpt lat="45.133850000" lon="5.247870000">
        <ele>255.000</ele>
      </trkpt>
      <trkpt lat="45.133630000" lon="5.247940000">
        <ele>254.000</ele>
      </trkpt>
      <trkpt lat="45.133360000" lon="5.248060000">
        <ele>253.000</ele>
      </trkpt>
      <trkpt lat="45.132950000" lon="5.248160000">
        <ele>254.000</ele>
      </trkpt>
      <trkpt lat="45.132680000" lon="5.248240000">
        <ele>255.000</ele>
      </trkpt>
      <trkpt lat="45.132540000" lon="5.248250000">
        <ele>256.000</ele>
      </trkpt>
      <trkpt lat="45.132500000" lon="5.248220000">
        <ele>257.000</ele>
      </trkpt>
      <trkpt lat="45.132460000" lon="5.248150000">
        <ele>258.000</ele>
      </trkpt>
      <trkpt lat="45.132440000" lon="5.248070000">
        <ele>259.000</ele>
      </trkpt>
      <trkpt lat="45.132460000" lon="5.248010000">
        <ele>259.000</ele>
      </trkpt>
      <trkpt lat="45.132540000" lon="5.247940000">
        <ele>260.000</ele>
      </trkpt>
      <trkpt lat="45.132680000" lon="5.247850000">
        <ele>261.000</ele>
      </trkpt>
      <trkpt lat="45.132930000" lon="5.247590000">
        <ele>262.000</ele>
      </trkpt>
      <trkpt lat="45.133060000" lon="5.247390000">
        <ele>264.000</ele>
      </trkpt>
      <trkpt lat="45.133110000" lon="5.247300000">
        <ele>265.000</ele>
      </trkpt>
      <trkpt lat="45.133190000" lon="5.247190000">
        <ele>266.000</ele>
      </trkpt>
      <trkpt lat="45.133430000" lon="5.246830000">
        <ele>267.000</ele>
      </trkpt>
      <trkpt lat="45.133560000" lon="5.246540000">
        <ele>268.000</ele>
      </trkpt>
      <trkpt lat="45.133630000" lon="5.246320000">
        <ele>268.000</ele>
      </trkpt>
      <trkpt lat="45.133670000" lon="5.246150000">
        <ele>269.000</ele>
      </trkpt>
      <trkpt lat="45.133690000" lon="5.245960000">
        <ele>270.000</ele>
      </trkpt>
      <trkpt lat="45.133670000" lon="5.245850000">
        <ele>271.000</ele>
      </trkpt>
      <trkpt lat="45.133610000" lon="5.245690000">
        <ele>271.000</ele>
      </trkpt>
      <trkpt lat="45.133540000" lon="5.245530000">
        <ele>272.000</ele>
      </trkpt>
      <trkpt lat="45.133420000" lon="5.245280000">
        <ele>272.000</ele>
      </trkpt>
      <trkpt lat="45.133310000" lon="5.244970000">
        <ele>273.000</ele>
      </trkpt>
      <trkpt lat="45.133280000" lon="5.244730000">
        <ele>274.000</ele>
      </trkpt>
      <trkpt lat="45.132980000" lon="5.241830000">
        <ele>278.000</ele>
      </trkpt>
      <trkpt lat="45.132960000" lon="5.241280000">
        <ele>281.000</ele>
      </trkpt>
      <trkpt lat="45.132970000" lon="5.241220000">
        <ele>283.000</ele>
      </trkpt>
      <trkpt lat="45.133290000" lon="5.237990000">
        <ele>284.000</ele>
      </trkpt>
      <trkpt lat="45.133450000" lon="5.237430000">
        <ele>285.000</ele>
      </trkpt>
      <trkpt lat="45.133780000" lon="5.236980000">
        <ele>287.000</ele>
      </trkpt>
      <trkpt lat="45.133780000" lon="5.236980000">
        <ele>288.000</ele>
      </trkpt>
      <trkpt lat="45.134340000" lon="5.236230000">
        <ele>290.000</ele>
      </trkpt>
      <trkpt lat="45.134940000" lon="5.235300000">
        <ele>292.000</ele>
      </trkpt>
      <trkpt lat="45.135500000" lon="5.234570000">
        <ele>294.000</ele>
      </trkpt>
      <trkpt lat="45.135870000" lon="5.234130000">
        <ele>295.000</ele>
      </trkpt>
      <trkpt lat="45.136800000" lon="5.233430000">
        <ele>297.000</ele>
      </trkpt>
      <trkpt lat="45.137530000" lon="5.232920000">
        <ele>298.000</ele>
      </trkpt>
      <trkpt lat="45.137650000" lon="5.232830000">
        <ele>299.000</ele>
      </trkpt>
      <trkpt lat="45.137730000" lon="5.232770000">
        <ele>300.000</ele>
      </trkpt>
      <trkpt lat="45.138350000" lon="5.232290000">
        <ele>300.000</ele>
      </trkpt>
      <trkpt lat="45.139050000" lon="5.231790000">
        <ele>300.000</ele>
      </trkpt>
      <trkpt lat="45.139380000" lon="5.231540000">
        <ele>300.000</ele>
      </trkpt>
      <trkpt lat="45.139690000" lon="5.231310000">
        <ele>301.000</ele>
      </trkpt>
      <trkpt lat="45.139870000" lon="5.231140000">
        <ele>301.000</ele>
      </trkpt>
      <trkpt lat="45.140040000" lon="5.230950000">
        <ele>302.000</ele>
      </trkpt>
      <trkpt lat="45.140240000" lon="5.230680000">
        <ele>302.000</ele>
      </trkpt>
      <trkpt lat="45.140540000" lon="5.230190000">
        <ele>302.000</ele>
      </trkpt>
      <trkpt lat="45.140990000" lon="5.229470000">
        <ele>304.000</ele>
      </trkpt>
      <trkpt lat="45.141180000" lon="5.229130000">
        <ele>305.000</ele>
      </trkpt>
      <trkpt lat="45.141290000" lon="5.228990000">
        <ele>307.000</ele>
      </trkpt>
      <trkpt lat="45.141330000" lon="5.228940000">
        <ele>307.000</ele>
      </trkpt>
      <trkpt lat="45.141380000" lon="5.228870000">
        <ele>308.000</ele>
      </trkpt>
      <trkpt lat="45.141450000" lon="5.228790000">
        <ele>309.000</ele>
      </trkpt>
      <trkpt lat="45.141580000" lon="5.228650000">
        <ele>309.000</ele>
      </trkpt>
      <trkpt lat="45.141830000" lon="5.228470000">
        <ele>310.000</ele>
      </trkpt>
      <trkpt lat="45.142120000" lon="5.228340000">
        <ele>311.000</ele>
      </trkpt>
      <trkpt lat="45.142490000" lon="5.228230000">
        <ele>312.000</ele>
      </trkpt>
      <trkpt lat="45.143330000" lon="5.228320000">
        <ele>313.000</ele>
      </trkpt>
      <trkpt lat="45.143970000" lon="5.228320000">
        <ele>314.000</ele>
      </trkpt>
      <trkpt lat="45.144210000" lon="5.228300000">
        <ele>315.000</ele>
      </trkpt>
      <trkpt lat="45.144320000" lon="5.228270000">
        <ele>316.000</ele>
      </trkpt>
      <trkpt lat="45.144390000" lon="5.228220000">
        <ele>316.000</ele>
      </trkpt>
      <trkpt lat="45.144560000" lon="5.228060000">
        <ele>316.000</ele>
      </trkpt>
      <trkpt lat="45.144640000" lon="5.227890000">
        <ele>316.000</ele>
      </trkpt>
      <trkpt lat="45.144840000" lon="5.227320000">
        <ele>317.000</ele>
      </trkpt>
      <trkpt lat="45.145010000" lon="5.226980000">
        <ele>317.000</ele>
      </trkpt>
      <trkpt lat="45.146100000" lon="5.225730000">
        <ele>317.000</ele>
      </trkpt>
      <trkpt lat="45.146220000" lon="5.225570000">
        <ele>318.000</ele>
      </trkpt>
      <trkpt lat="45.146320000" lon="5.225450000">
        <ele>319.000</ele>
      </trkpt>
      <trkpt lat="45.146500000" lon="5.225260000">
        <ele>320.000</ele>
      </trkpt>
      <trkpt lat="45.146980000" lon="5.224830000">
        <ele>323.000</ele>
      </trkpt>
      <trkpt lat="45.147180000" lon="5.224610000">
        <ele>325.000</ele>
      </trkpt>
      <trkpt lat="45.147330000" lon="5.224310000">
        <ele>328.000</ele>
      </trkpt>
      <trkpt lat="45.147430000" lon="5.224000000">
        <ele>330.000</ele>
      </trkpt>
      <trkpt lat="45.147520000" lon="5.223350000">
        <ele>333.000</ele>
      </trkpt>
      <trkpt lat="45.147630000" lon="5.223090000">
        <ele>334.000</ele>
      </trkpt>
      <trkpt lat="45.147820000" lon="5.222890000">
        <ele>336.000</ele>
      </trkpt>
      <trkpt lat="45.148440000" lon="5.222580000">
        <ele>337.000</ele>
      </trkpt>
      <trkpt lat="45.149230000" lon="5.222350000">
        <ele>339.000</ele>
      </trkpt>
      <trkpt lat="45.149710000" lon="5.222180000">
        <ele>341.000</ele>
      </trkpt>
      <trkpt lat="45.149960000" lon="5.222050000">
        <ele>342.000</ele>
      </trkpt>
      <trkpt lat="45.150120000" lon="5.221890000">
        <ele>343.000</ele>
      </trkpt>
      <trkpt lat="45.150260000" lon="5.221640000">
        <ele>344.000</ele>
      </trkpt>
      <trkpt lat="45.150350000" lon="5.221310000">
        <ele>345.000</ele>
      </trkpt>
      <trkpt lat="45.150470000" lon="5.220440000">
        <ele>346.000</ele>
      </trkpt>
      <trkpt lat="45.150530000" lon="5.220180000">
        <ele>347.000</ele>
      </trkpt>
      <trkpt lat="45.150640000" lon="5.219970000">
        <ele>347.000</ele>
      </trkpt>
      <trkpt lat="45.150910000" lon="5.219620000">
        <ele>348.000</ele>
      </trkpt>
      <trkpt lat="45.150980000" lon="5.219500000">
        <ele>349.000</ele>
      </trkpt>
      <trkpt lat="45.151030000" lon="5.219340000">
        <ele>350.000</ele>
      </trkpt>
      <trkpt lat="45.151050000" lon="5.219130000">
        <ele>351.000</ele>
      </trkpt>
      <trkpt lat="45.151020000" lon="5.218940000">
        <ele>351.000</ele>
      </trkpt>
      <trkpt lat="45.150980000" lon="5.218870000">
        <ele>352.000</ele>
      </trkpt>
      <trkpt lat="45.150430000" lon="5.218000000">
        <ele>353.000</ele>
      </trkpt>
      <trkpt lat="45.150340000" lon="5.217820000">
        <ele>355.000</ele>
      </trkpt>
      <trkpt lat="45.150330000" lon="5.217630000">
        <ele>356.000</ele>
      </trkpt>
      <trkpt lat="45.150350000" lon="5.217470000">
        <ele>357.000</ele>
      </trkpt>
      <trkpt lat="45.150530000" lon="5.216990000">
        <ele>358.000</ele>
      </trkpt>
      <trkpt lat="45.150580000" lon="5.216920000">
        <ele>359.000</ele>
      </trkpt>
      <trkpt lat="45.150630000" lon="5.216900000">
        <ele>359.000</ele>
      </trkpt>
      <trkpt lat="45.150710000" lon="5.216870000">
        <ele>360.000</ele>
      </trkpt>
      <trkpt lat="45.150770000" lon="5.216890000">
        <ele>361.000</ele>
      </trkpt>
      <trkpt lat="45.150830000" lon="5.216930000">
        <ele>361.000</ele>
      </trkpt>
      <trkpt lat="45.150960000" lon="5.217020000">
        <ele>362.000</ele>
      </trkpt>
      <trkpt lat="45.151070000" lon="5.217080000">
        <ele>362.000</ele>
      </trkpt>
      <trkpt lat="45.151190000" lon="5.217120000">
        <ele>363.000</ele>
      </trkpt>
      <trkpt lat="45.151290000" lon="5.217100000">
        <ele>363.000</ele>
      </trkpt>
      <trkpt lat="45.151350000" lon="5.217070000">
        <ele>364.000</ele>
      </trkpt>
      <trkpt lat="45.151440000" lon="5.216990000">
        <ele>364.000</ele>
      </trkpt>
      <trkpt lat="45.151520000" lon="5.216890000">
        <ele>365.000</ele>
      </trkpt>
      <trkpt lat="45.151560000" lon="5.216760000">
        <ele>365.000</ele>
      </trkpt>
      <trkpt lat="45.151570000" lon="5.216640000">
        <ele>366.000</ele>
      </trkpt>
      <trkpt lat="45.151550000" lon="5.216270000">
        <ele>367.000</ele>
      </trkpt>
      <trkpt lat="45.151550000" lon="5.216100000">
        <ele>367.000</ele>
      </trkpt>
      <trkpt lat="45.151590000" lon="5.215980000">
        <ele>368.000</ele>
      </trkpt>
      <trkpt lat="45.151630000" lon="5.215870000">
        <ele>369.000</ele>
      </trkpt>
      <trkpt lat="45.151750000" lon="5.215680000">
        <ele>370.000</ele>
      </trkpt>
      <trkpt lat="45.152240000" lon="5.215170000">
        <ele>372.000</ele>
      </trkpt>
      <trkpt lat="45.152370000" lon="5.214990000">
        <ele>373.000</ele>
      </trkpt>
      <trkpt lat="45.152420000" lon="5.214860000">
        <ele>375.000</ele>
      </trkpt>
      <trkpt lat="45.152450000" lon="5.214730000">
        <ele>376.000</ele>
      </trkpt>
      <trkpt lat="45.152460000" lon="5.214550000">
        <ele>377.000</ele>
      </trkpt>
      <trkpt lat="45.152370000" lon="5.213850000">
        <ele>378.000</ele>
      </trkpt>
      <trkpt lat="45.152360000" lon="5.213540000">
        <ele>380.000</ele>
      </trkpt>
      <trkpt lat="45.152370000" lon="5.213350000">
        <ele>381.000</ele>
      </trkpt>
      <trkpt lat="45.152420000" lon="5.213220000">
        <ele>382.000</ele>
      </trkpt>
      <trkpt lat="45.152490000" lon="5.213070000">
        <ele>383.000</ele>
      </trkpt>
      <trkpt lat="45.152790000" lon="5.212680000">
        <ele>384.000</ele>
      </trkpt>
      <trkpt lat="45.152980000" lon="5.212440000">
        <ele>386.000</ele>
      </trkpt>
      <trkpt lat="45.153030000" lon="5.212330000">
        <ele>387.000</ele>
      </trkpt>
      <trkpt lat="45.153050000" lon="5.212230000">
        <ele>388.000</ele>
      </trkpt>
      <trkpt lat="45.153040000" lon="5.212140000">
        <ele>388.000</ele>
      </trkpt>
      <trkpt lat="45.153000000" lon="5.212040000">
        <ele>389.000</ele>
      </trkpt>
      <trkpt lat="45.152940000" lon="5.212000000">
        <ele>389.000</ele>
      </trkpt>
      <trkpt lat="45.152850000" lon="5.211990000">
        <ele>390.000</ele>
      </trkpt>
      <trkpt lat="45.152790000" lon="5.212010000">
        <ele>390.000</ele>
      </trkpt>
      <trkpt lat="45.152720000" lon="5.212050000">
        <ele>390.000</ele>
      </trkpt>
      <trkpt lat="45.152490000" lon="5.212230000">
        <ele>391.000</ele>
      </trkpt>
      <trkpt lat="45.152400000" lon="5.212270000">
        <ele>392.000</ele>
      </trkpt>
      <trkpt lat="45.152340000" lon="5.212280000">
        <ele>392.000</ele>
      </trkpt>
      <trkpt lat="45.152220000" lon="5.212290000">
        <ele>393.000</ele>
      </trkpt>
      <trkpt lat="45.150660000" lon="5.212230000">
        <ele>395.000</ele>
      </trkpt>
      <trkpt lat="45.150430000" lon="5.212090000">
        <ele>398.000</ele>
      </trkpt>
      <trkpt lat="45.150270000" lon="5.211950000">
        <ele>399.000</ele>
      </trkpt>
      <trkpt lat="45.150110000" lon="5.211730000">
        <ele>401.000</ele>
      </trkpt>
      <trkpt lat="45.150040000" lon="5.211550000">
        <ele>403.000</ele>
      </trkpt>
      <trkpt lat="45.149990000" lon="5.211360000">
        <ele>404.000</ele>
      </trkpt>
      <trkpt lat="45.150000000" lon="5.211180000">
        <ele>405.000</ele>
      </trkpt>
      <trkpt lat="45.150050000" lon="5.211020000">
        <ele>406.000</ele>
      </trkpt>
      <trkpt lat="45.150400000" lon="5.210400000">
        <ele>408.000</ele>
      </trkpt>
      <trkpt lat="45.150490000" lon="5.210110000">
        <ele>409.000</ele>
      </trkpt>
      <trkpt lat="45.150500000" lon="5.209920000">
        <ele>411.000</ele>
      </trkpt>
      <trkpt lat="45.150480000" lon="5.209750000">
        <ele>412.000</ele>
      </trkpt>
      <trkpt lat="45.150370000" lon="5.209360000">
        <ele>413.000</ele>
      </trkpt>
      <trkpt lat="45.150340000" lon="5.209190000">
        <ele>415.000</ele>
      </trkpt>
      <trkpt lat="45.150340000" lon="5.209010000">
        <ele>416.000</ele>
      </trkpt>
      <trkpt lat="45.150410000" lon="5.208790000">
        <ele>417.000</ele>
      </trkpt>
      <trkpt lat="45.150750000" lon="5.208060000">
        <ele>419.000</ele>
      </trkpt>
      <trkpt lat="45.151010000" lon="5.207200000">
        <ele>422.000</ele>
      </trkpt>
      <trkpt lat="45.151100000" lon="5.206910000">
        <ele>424.000</ele>
      </trkpt>
      <trkpt lat="45.151090000" lon="5.206800000">
        <ele>426.000</ele>
      </trkpt>
      <trkpt lat="45.151070000" lon="5.206710000">
        <ele>427.000</ele>
      </trkpt>
      <trkpt lat="45.151030000" lon="5.206650000">
        <ele>428.000</ele>
      </trkpt>
      <trkpt lat="45.150910000" lon="5.206540000">
        <ele>428.000</ele>
      </trkpt>
      <trkpt lat="45.150280000" lon="5.206410000">
        <ele>430.000</ele>
      </trkpt>
      <trkpt lat="45.150170000" lon="5.206330000">
        <ele>431.000</ele>
      </trkpt>
      <trkpt lat="45.150090000" lon="5.206190000">
        <ele>432.000</ele>
      </trkpt>
      <trkpt lat="45.150080000" lon="5.206160000">
        <ele>432.000</ele>
      </trkpt>
      <trkpt lat="45.150080000" lon="5.206100000">
        <ele>433.000</ele>
      </trkpt>
      <trkpt lat="45.150080000" lon="5.206000000">
        <ele>433.000</ele>
      </trkpt>
      <trkpt lat="45.150570000" lon="5.204880000">
        <ele>435.000</ele>
      </trkpt>
      <trkpt lat="45.150730000" lon="5.204530000">
        <ele>435.000</ele>
      </trkpt>
      <trkpt lat="45.150800000" lon="5.204310000">
        <ele>436.000</ele>
      </trkpt>
      <trkpt lat="45.150820000" lon="5.204120000">
        <ele>436.000</ele>
      </trkpt>
      <trkpt lat="45.150810000" lon="5.203870000">
        <ele>436.000</ele>
      </trkpt>
      <trkpt lat="45.150730000" lon="5.203620000">
        <ele>436.000</ele>
      </trkpt>
      <trkpt lat="45.150480000" lon="5.202890000">
        <ele>436.000</ele>
      </trkpt>
      <trkpt lat="45.150370000" lon="5.202500000">
        <ele>435.000</ele>
      </trkpt>
      <trkpt lat="45.150470000" lon="5.202530000">
        <ele>435.000</ele>
      </trkpt>
      <trkpt lat="45.150630000" lon="5.202570000">
        <ele>435.000</ele>
      </trkpt>
      <trkpt lat="45.150860000" lon="5.202630000">
        <ele>435.000</ele>
      </trkpt>
      <trkpt lat="45.150940000" lon="5.202650000">
        <ele>436.000</ele>
      </trkpt>
      <trkpt lat="45.152460000" lon="5.203020000">
        <ele>437.000</ele>
      </trkpt>
      <trkpt lat="45.152810000" lon="5.202960000">
        <ele>439.000</ele>
      </trkpt>
      <trkpt lat="45.153460000" lon="5.202770000">
        <ele>440.000</ele>
      </trkpt>
      <trkpt lat="45.153810000" lon="5.202600000">
        <ele>441.000</ele>
      </trkpt>
      <trkpt lat="45.154110000" lon="5.202570000">
        <ele>441.000</ele>
      </trkpt>
      <trkpt lat="45.154470000" lon="5.202770000">
        <ele>442.000</ele>
      </trkpt>
      <trkpt lat="45.154630000" lon="5.202870000">
        <ele>443.000</ele>
      </trkpt>
      <trkpt lat="45.154640000" lon="5.202870000">
        <ele>443.000</ele>
      </trkpt>
      <trkpt lat="45.154830000" lon="5.203000000">
        <ele>444.000</ele>
      </trkpt>
      <trkpt lat="45.155110000" lon="5.203180000">
        <ele>444.000</ele>
      </trkpt>
      <trkpt lat="45.155380000" lon="5.203330000">
        <ele>445.000</ele>
      </trkpt>
      <trkpt lat="45.155540000" lon="5.203410000">
        <ele>445.000</ele>
      </trkpt>
      <trkpt lat="45.155840000" lon="5.203510000">
        <ele>446.000</ele>
      </trkpt>
      <trkpt lat="45.156380000" lon="5.203680000">
        <ele>447.000</ele>
      </trkpt>
      <trkpt lat="45.156380000" lon="5.203680000">
        <ele>447.000</ele>
      </trkpt>
      <trkpt lat="45.156620000" lon="5.203750000">
        <ele>448.000</ele>
      </trkpt>
      <trkpt lat="45.157910000" lon="5.204160000">
        <ele>449.000</ele>
      </trkpt>
      <trkpt lat="45.158050000" lon="5.204150000">
        <ele>449.000</ele>
      </trkpt>
      <trkpt lat="45.158140000" lon="5.204080000">
        <ele>450.000</ele>
      </trkpt>
      <trkpt lat="45.158970000" lon="5.203110000">
        <ele>452.000</ele>
      </trkpt>
      <trkpt lat="45.159120000" lon="5.202960000">
        <ele>453.000</ele>
      </trkpt>
      <trkpt lat="45.159260000" lon="5.202870000">
        <ele>455.000</ele>
      </trkpt>
      <trkpt lat="45.159380000" lon="5.202800000">
        <ele>456.000</ele>
      </trkpt>
      <trkpt lat="45.159520000" lon="5.202780000">
        <ele>457.000</ele>
      </trkpt>
      <trkpt lat="45.159860000" lon="5.202820000">
        <ele>458.000</ele>
      </trkpt>
      <trkpt lat="45.160060000" lon="5.202820000">
        <ele>459.000</ele>
      </trkpt>
      <trkpt lat="45.160310000" lon="5.202800000">
        <ele>461.000</ele>
      </trkpt>
      <trkpt lat="45.160680000" lon="5.202730000">
        <ele>462.000</ele>
      </trkpt>
      <trkpt lat="45.161410000" lon="5.202590000">
        <ele>464.000</ele>
      </trkpt>
      <trkpt lat="45.162190000" lon="5.202470000">
        <ele>467.000</ele>
      </trkpt>
      <trkpt lat="45.162250000" lon="5.202440000">
        <ele>470.000</ele>
      </trkpt>
      <trkpt lat="45.162310000" lon="5.202420000">
        <ele>471.000</ele>
      </trkpt>
      <trkpt lat="45.163040000" lon="5.201960000">
        <ele>473.000</ele>
      </trkpt>
      <trkpt lat="45.163010000" lon="5.201880000">
        <ele>474.000</ele>
      </trkpt>
      <trkpt lat="45.163000000" lon="5.201790000">
        <ele>475.000</ele>
      </trkpt>
      <trkpt lat="45.163020000" lon="5.201510000">
        <ele>475.000</ele>
      </trkpt>
      <trkpt lat="45.163100000" lon="5.200990000">
        <ele>476.000</ele>
      </trkpt>
      <trkpt lat="45.163130000" lon="5.200710000">
        <ele>477.000</ele>
      </trkpt>
      <trkpt lat="45.163130000" lon="5.200420000">
        <ele>478.000</ele>
      </trkpt>
      <trkpt lat="45.163050000" lon="5.199550000">
        <ele>479.000</ele>
      </trkpt>
      <trkpt lat="45.162980000" lon="5.199100000">
        <ele>480.000</ele>
      </trkpt>
      <trkpt lat="45.162930000" lon="5.197970000">
        <ele>481.000</ele>
      </trkpt>
      <trkpt lat="45.162760000" lon="5.196270000">
        <ele>482.000</ele>
      </trkpt>
      <trkpt lat="45.162680000" lon="5.195690000">
        <ele>483.000</ele>
      </trkpt>
      <trkpt lat="45.162560000" lon="5.195350000">
        <ele>484.000</ele>
      </trkpt>
      <trkpt lat="45.162250000" lon="5.195040000">
        <ele>484.000</ele>
      </trkpt>
      <trkpt lat="45.162080000" lon="5.194710000">
        <ele>484.000</ele>
      </trkpt>
      <trkpt lat="45.161760000" lon="5.193890000">
        <ele>483.000</ele>
      </trkpt>
      <trkpt lat="45.161320000" lon="5.193120000">
        <ele>481.000</ele>
      </trkpt>
      <trkpt lat="45.161010000" lon="5.192580000">
        <ele>480.000</ele>
      </trkpt>
      <trkpt lat="45.160340000" lon="5.191740000">
        <ele>479.000</ele>
      </trkpt>
      <trkpt lat="45.159980000" lon="5.191080000">
        <ele>478.000</ele>
      </trkpt>
      <trkpt lat="45.159860000" lon="5.190750000">
        <ele>477.000</ele>
      </trkpt>
      <trkpt lat="45.159900000" lon="5.190460000">
        <ele>477.000</ele>
      </trkpt>
      <trkpt lat="45.160180000" lon="5.189820000">
        <ele>477.000</ele>
      </trkpt>
      <trkpt lat="45.160380000" lon="5.189170000">
        <ele>478.000</ele>
      </trkpt>
      <trkpt lat="45.160470000" lon="5.188540000">
        <ele>479.000</ele>
      </trkpt>
      <trkpt lat="45.160570000" lon="5.187930000">
        <ele>479.000</ele>
      </trkpt>
      <trkpt lat="45.160590000" lon="5.187530000">
        <ele>480.000</ele>
      </trkpt>
      <trkpt lat="45.160530000" lon="5.187100000">
        <ele>480.000</ele>
      </trkpt>
      <trkpt lat="45.160330000" lon="5.186430000">
        <ele>481.000</ele>
      </trkpt>
      <trkpt lat="45.160160000" lon="5.186060000">
        <ele>481.000</ele>
      </trkpt>
      <trkpt lat="45.160030000" lon="5.185850000">
        <ele>481.000</ele>
      </trkpt>
      <trkpt lat="45.159760000" lon="5.185420000">
        <ele>481.000</ele>
      </trkpt>
      <trkpt lat="45.159640000" lon="5.185310000">
        <ele>481.000</ele>
      </trkpt>
      <trkpt lat="45.159260000" lon="5.185150000">
        <ele>481.000</ele>
      </trkpt>
      <trkpt lat="45.159110000" lon="5.184980000">
        <ele>481.000</ele>
      </trkpt>
      <trkpt lat="45.158960000" lon="5.184810000">
        <ele>480.000</ele>
      </trkpt>
      <trkpt lat="45.158630000" lon="5.184390000">
        <ele>480.000</ele>
      </trkpt>
      <trkpt lat="45.158290000" lon="5.184180000">
        <ele>480.000</ele>
      </trkpt>
      <trkpt lat="45.158100000" lon="5.183970000">
        <ele>479.000</ele>
      </trkpt>
      <trkpt lat="45.158060000" lon="5.183770000">
        <ele>479.000</ele>
      </trkpt>
      <trkpt lat="45.158060000" lon="5.183730000">
        <ele>478.000</ele>
      </trkpt>
      <trkpt lat="45.158100000" lon="5.183490000">
        <ele>478.000</ele>
      </trkpt>
      <trkpt lat="45.158480000" lon="5.182760000">
        <ele>477.000</ele>
      </trkpt>
      <trkpt lat="45.158670000" lon="5.182490000">
        <ele>477.000</ele>
      </trkpt>
      <trkpt lat="45.158730000" lon="5.182290000">
        <ele>476.000</ele>
      </trkpt>
      <trkpt lat="45.158740000" lon="5.181910000">
        <ele>476.000</ele>
      </trkpt>
      <trkpt lat="45.159170000" lon="5.181310000">
        <ele>475.000</ele>
      </trkpt>
      <trkpt lat="45.159330000" lon="5.180930000">
        <ele>474.000</ele>
      </trkpt>
      <trkpt lat="45.159640000" lon="5.179940000">
        <ele>473.000</ele>
      </trkpt>
      <trkpt lat="45.159660000" lon="5.179530000">
        <ele>473.000</ele>
      </trkpt>
      <trkpt lat="45.159680000" lon="5.179020000">
        <ele>472.000</ele>
      </trkpt>
      <trkpt lat="45.160020000" lon="5.177620000">
        <ele>470.000</ele>
      </trkpt>
      <trkpt lat="45.160030000" lon="5.177180000">
        <ele>469.000</ele>
      </trkpt>
      <trkpt lat="45.159950000" lon="5.176790000">
        <ele>468.000</ele>
      </trkpt>
      <trkpt lat="45.159890000" lon="5.176640000">
        <ele>467.000</ele>
      </trkpt>
      <trkpt lat="45.159820000" lon="5.176470000">
        <ele>466.000</ele>
      </trkpt>
      <trkpt lat="45.159760000" lon="5.176320000">
        <ele>465.000</ele>
      </trkpt>
      <trkpt lat="45.159690000" lon="5.176150000">
        <ele>464.000</ele>
      </trkpt>
      <trkpt lat="45.159610000" lon="5.175940000">
        <ele>464.000</ele>
      </trkpt>
      <trkpt lat="45.159580000" lon="5.175860000">
        <ele>463.000</ele>
      </trkpt>
      <trkpt lat="45.159530000" lon="5.175670000">
        <ele>463.000</ele>
      </trkpt>
      <trkpt lat="45.159460000" lon="5.175330000">
        <ele>462.000</ele>
      </trkpt>
      <trkpt lat="45.159370000" lon="5.174850000">
        <ele>461.000</ele>
      </trkpt>
      <trkpt lat="45.159230000" lon="5.174120000">
        <ele>459.000</ele>
      </trkpt>
      <trkpt lat="45.159200000" lon="5.174020000">
        <ele>458.000</ele>
      </trkpt>
      <trkpt lat="45.159040000" lon="5.173240000">
        <ele>457.000</ele>
      </trkpt>
      <trkpt lat="45.159010000" lon="5.172990000">
        <ele>456.000</ele>
      </trkpt>
      <trkpt lat="45.159000000" lon="5.172800000">
        <ele>456.000</ele>
      </trkpt>
      <trkpt lat="45.159010000" lon="5.172340000">
        <ele>455.000</ele>
      </trkpt>
      <trkpt lat="45.159010000" lon="5.171830000">
        <ele>454.000</ele>
      </trkpt>
      <trkpt lat="45.158990000" lon="5.171330000">
        <ele>453.000</ele>
      </trkpt>
      <trkpt lat="45.158930000" lon="5.170810000">
        <ele>453.000</ele>
      </trkpt>
      <trkpt lat="45.158840000" lon="5.170170000">
        <ele>452.000</ele>
      </trkpt>
      <trkpt lat="45.158620000" lon="5.169060000">
        <ele>452.000</ele>
      </trkpt>
      <trkpt lat="45.158480000" lon="5.168310000">
        <ele>452.000</ele>
      </trkpt>
      <trkpt lat="45.158160000" lon="5.167040000">
        <ele>450.000</ele>
      </trkpt>
      <trkpt lat="45.158110000" lon="5.166760000">
        <ele>448.000</ele>
      </trkpt>
      <trkpt lat="45.158090000" lon="5.166500000">
        <ele>447.000</ele>
      </trkpt>
      <trkpt lat="45.158110000" lon="5.166280000">
        <ele>445.000</ele>
      </trkpt>
      <trkpt lat="45.158210000" lon="5.165570000">
        <ele>443.000</ele>
      </trkpt>
      <trkpt lat="45.158240000" lon="5.165260000">
        <ele>441.000</ele>
      </trkpt>
      <trkpt lat="45.158220000" lon="5.164970000">
        <ele>440.000</ele>
      </trkpt>
      <trkpt lat="45.158140000" lon="5.164390000">
        <ele>440.000</ele>
      </trkpt>
      <trkpt lat="45.158080000" lon="5.163960000">
        <ele>439.000</ele>
      </trkpt>
      <trkpt lat="45.158050000" lon="5.163580000">
        <ele>439.000</ele>
      </trkpt>
      <trkpt lat="45.158040000" lon="5.163210000">
        <ele>438.000</ele>
      </trkpt>
      <trkpt lat="45.158060000" lon="5.162740000">
        <ele>438.000</ele>
      </trkpt>
      <trkpt lat="45.158080000" lon="5.161890000">
        <ele>437.000</ele>
      </trkpt>
      <trkpt lat="45.158080000" lon="5.161890000">
        <ele>436.000</ele>
      </trkpt>
      <trkpt lat="45.158100000" lon="5.161310000">
        <ele>435.000</ele>
      </trkpt>
      <trkpt lat="45.158090000" lon="5.160920000">
        <ele>434.000</ele>
      </trkpt>
      <trkpt lat="45.158040000" lon="5.160530000">
        <ele>433.000</ele>
      </trkpt>
      <trkpt lat="45.157890000" lon="5.159780000">
        <ele>432.000</ele>
      </trkpt>
      <trkpt lat="45.157820000" lon="5.159490000">
        <ele>430.000</ele>
      </trkpt>
      <trkpt lat="45.157730000" lon="5.159230000">
        <ele>429.000</ele>
      </trkpt>
      <trkpt lat="45.157610000" lon="5.158990000">
        <ele>428.000</ele>
      </trkpt>
      <trkpt lat="45.157360000" lon="5.158600000">
        <ele>427.000</ele>
      </trkpt>
      <trkpt lat="45.157200000" lon="5.158290000">
        <ele>426.000</ele>
      </trkpt>
      <trkpt lat="45.157070000" lon="5.157910000">
        <ele>425.000</ele>
      </trkpt>
      <trkpt lat="45.156960000" lon="5.157560000">
        <ele>424.000</ele>
      </trkpt>
      <trkpt lat="45.156800000" lon="5.156830000">
        <ele>422.000</ele>
      </trkpt>
      <trkpt lat="45.156710000" lon="5.156370000">
        <ele>421.000</ele>
      </trkpt>
      <trkpt lat="45.156640000" lon="5.155940000">
        <ele>420.000</ele>
      </trkpt>
      <trkpt lat="45.156610000" lon="5.155560000">
        <ele>420.000</ele>
      </trkpt>
      <trkpt lat="45.156620000" lon="5.154840000">
        <ele>419.000</ele>
      </trkpt>
      <trkpt lat="45.156620000" lon="5.154720000">
        <ele>418.000</ele>
      </trkpt>
      <trkpt lat="45.156600000" lon="5.154440000">
        <ele>417.000</ele>
      </trkpt>
      <trkpt lat="45.156560000" lon="5.154180000">
        <ele>416.000</ele>
      </trkpt>
      <trkpt lat="45.156340000" lon="5.153000000">
        <ele>414.000</ele>
      </trkpt>
      <trkpt lat="45.156290000" lon="5.152700000">
        <ele>412.000</ele>
      </trkpt>
      <trkpt lat="45.156270000" lon="5.152440000">
        <ele>410.000</ele>
      </trkpt>
      <trkpt lat="45.156260000" lon="5.152320000">
        <ele>409.000</ele>
      </trkpt>
      <trkpt lat="45.156190000" lon="5.150920000">
        <ele>407.000</ele>
      </trkpt>
      <trkpt lat="45.156160000" lon="5.150590000">
        <ele>406.000</ele>
      </trkpt>
      <trkpt lat="45.156120000" lon="5.150330000">
        <ele>405.000</ele>
      </trkpt>
      <trkpt lat="45.156040000" lon="5.150010000">
        <ele>405.000</ele>
      </trkpt>
      <trkpt lat="45.155940000" lon="5.149710000">
        <ele>404.000</ele>
      </trkpt>
      <trkpt lat="45.155730000" lon="5.149150000">
        <ele>403.000</ele>
      </trkpt>
      <trkpt lat="45.155510000" lon="5.148670000">
        <ele>401.000</ele>
      </trkpt>
      <trkpt lat="45.154980000" lon="5.147700000">
        <ele>398.000</ele>
      </trkpt>
      <trkpt lat="45.154790000" lon="5.147380000">
        <ele>395.000</ele>
      </trkpt>
      <trkpt lat="45.154600000" lon="5.147100000">
        <ele>394.000</ele>
      </trkpt>
      <trkpt lat="45.153870000" lon="5.146060000">
        <ele>392.000</ele>
      </trkpt>
      <trkpt lat="45.153750000" lon="5.145870000">
        <ele>390.000</ele>
      </trkpt>
      <trkpt lat="45.153630000" lon="5.145670000">
        <ele>389.000</ele>
      </trkpt>
      <trkpt lat="45.153530000" lon="5.145450000">
        <ele>388.000</ele>
      </trkpt>
      <trkpt lat="45.153450000" lon="5.145230000">
        <ele>387.000</ele>
      </trkpt>
      <trkpt lat="45.153380000" lon="5.145010000">
        <ele>387.000</ele>
      </trkpt>
      <trkpt lat="45.153330000" lon="5.144720000">
        <ele>386.000</ele>
      </trkpt>
      <trkpt lat="45.153310000" lon="5.144480000">
        <ele>385.000</ele>
      </trkpt>
      <trkpt lat="45.153290000" lon="5.144250000">
        <ele>385.000</ele>
      </trkpt>
      <trkpt lat="45.153290000" lon="5.144150000">
        <ele>384.000</ele>
      </trkpt>
      <trkpt lat="45.153310000" lon="5.143810000">
        <ele>384.000</ele>
      </trkpt>
      <trkpt lat="45.153360000" lon="5.143490000">
        <ele>383.000</ele>
      </trkpt>
      <trkpt lat="45.153400000" lon="5.143140000">
        <ele>383.000</ele>
      </trkpt>
      <trkpt lat="45.153450000" lon="5.142850000">
        <ele>382.000</ele>
      </trkpt>
      <trkpt lat="45.153550000" lon="5.142320000">
        <ele>381.000</ele>
      </trkpt>
      <trkpt lat="45.153590000" lon="5.142120000">
        <ele>380.000</ele>
      </trkpt>
      <trkpt lat="45.153610000" lon="5.141990000">
        <ele>379.000</ele>
      </trkpt>
      <trkpt lat="45.153660000" lon="5.141850000">
        <ele>379.000</ele>
      </trkpt>
      <trkpt lat="45.153710000" lon="5.141700000">
        <ele>378.000</ele>
      </trkpt>
      <trkpt lat="45.153780000" lon="5.141540000">
        <ele>378.000</ele>
      </trkpt>
      <trkpt lat="45.154000000" lon="5.141130000">
        <ele>377.000</ele>
      </trkpt>
      <trkpt lat="45.154040000" lon="5.140980000">
        <ele>376.000</ele>
      </trkpt>
      <trkpt lat="45.154080000" lon="5.140830000">
        <ele>376.000</ele>
      </trkpt>
      <trkpt lat="45.154100000" lon="5.140670000">
        <ele>375.000</ele>
      </trkpt>
      <trkpt lat="45.154090000" lon="5.140500000">
        <ele>375.000</ele>
      </trkpt>
      <trkpt lat="45.153480000" lon="5.136470000">
        <ele>373.000</ele>
      </trkpt>
      <trkpt lat="45.153270000" lon="5.135580000">
        <ele>371.000</ele>
      </trkpt>
      <trkpt lat="45.153010000" lon="5.134820000">
        <ele>369.000</ele>
      </trkpt>
      <trkpt lat="45.151130000" lon="5.131010000">
        <ele>364.000</ele>
      </trkpt>
      <trkpt lat="45.149940000" lon="5.128630000">
        <ele>359.000</ele>
      </trkpt>
      <trkpt lat="45.149270000" lon="5.127310000">
        <ele>355.000</ele>
      </trkpt>
      <trkpt lat="45.148450000" lon="5.125680000">
        <ele>350.000</ele>
      </trkpt>
      <trkpt lat="45.148230000" lon="5.125270000">
        <ele>346.000</ele>
      </trkpt>
      <trkpt lat="45.147790000" lon="5.124670000">
        <ele>343.000</ele>
      </trkpt>
      <trkpt lat="45.147310000" lon="5.124200000">
        <ele>341.000</ele>
      </trkpt>
      <trkpt lat="45.147010000" lon="5.123860000">
        <ele>339.000</ele>
      </trkpt>
      <trkpt lat="45.146710000" lon="5.123510000">
        <ele>338.000</ele>
      </trkpt>
      <trkpt lat="45.146620000" lon="5.123400000">
        <ele>337.000</ele>
      </trkpt>
      <trkpt lat="45.146510000" lon="5.123260000">
        <ele>337.000</ele>
      </trkpt>
      <trkpt lat="45.146320000" lon="5.123040000">
        <ele>337.000</ele>
      </trkpt>
      <trkpt lat="45.146230000" lon="5.122960000">
        <ele>337.000</ele>
      </trkpt>
      <trkpt lat="45.146160000" lon="5.122920000">
        <ele>337.000</ele>
      </trkpt>
      <trkpt lat="45.146060000" lon="5.122880000">
        <ele>337.000</ele>
      </trkpt>
      <trkpt lat="45.145860000" lon="5.122790000">
        <ele>337.000</ele>
      </trkpt>
      <trkpt lat="45.145690000" lon="5.122650000">
        <ele>337.000</ele>
      </trkpt>
      <trkpt lat="45.145560000" lon="5.122540000">
        <ele>337.000</ele>
      </trkpt>
      <trkpt lat="45.145280000" lon="5.122230000">
        <ele>337.000</ele>
      </trkpt>
      <trkpt lat="45.145200000" lon="5.122120000">
        <ele>337.000</ele>
      </trkpt>
      <trkpt lat="45.145190000" lon="5.122100000">
        <ele>337.000</ele>
      </trkpt>
      <trkpt lat="45.144780000" lon="5.121560000">
        <ele>337.000</ele>
      </trkpt>
      <trkpt lat="45.144760000" lon="5.121520000">
        <ele>337.000</ele>
      </trkpt>
      <trkpt lat="45.144570000" lon="5.121260000">
        <ele>337.000</ele>
      </trkpt>
      <trkpt lat="45.144340000" lon="5.120930000">
        <ele>337.000</ele>
      </trkpt>
      <trkpt lat="45.144220000" lon="5.120750000">
        <ele>337.000</ele>
      </trkpt>
      <trkpt lat="45.144020000" lon="5.120470000">
        <ele>337.000</ele>
      </trkpt>
      <trkpt lat="45.143840000" lon="5.120220000">
        <ele>337.000</ele>
      </trkpt>
      <trkpt lat="45.143620000" lon="5.119980000">
        <ele>337.000</ele>
      </trkpt>
      <trkpt lat="45.143350000" lon="5.119770000">
        <ele>336.000</ele>
      </trkpt>
      <trkpt lat="45.142720000" lon="5.119320000">
        <ele>336.000</ele>
      </trkpt>
      <trkpt lat="45.142100000" lon="5.118840000">
        <ele>335.000</ele>
      </trkpt>
      <trkpt lat="45.141780000" lon="5.118580000">
        <ele>334.000</ele>
      </trkpt>
      <trkpt lat="45.141570000" lon="5.118400000">
        <ele>334.000</ele>
      </trkpt>
      <trkpt lat="45.141370000" lon="5.118220000">
        <ele>333.000</ele>
      </trkpt>
      <trkpt lat="45.140990000" lon="5.117910000">
        <ele>333.000</ele>
      </trkpt>
      <trkpt lat="45.140190000" lon="5.117260000">
        <ele>332.000</ele>
      </trkpt>
      <trkpt lat="45.139730000" lon="5.116910000">
        <ele>331.000</ele>
      </trkpt>
      <trkpt lat="45.139630000" lon="5.116820000">
        <ele>330.000</ele>
      </trkpt>
      <trkpt lat="45.137370000" lon="5.115000000">
        <ele>327.000</ele>
      </trkpt>
      <trkpt lat="45.135660000" lon="5.113640000">
        <ele>323.000</ele>
      </trkpt>
      <trkpt lat="45.135510000" lon="5.113510000">
        <ele>321.000</ele>
      </trkpt>
      <trkpt lat="45.135460000" lon="5.113470000">
        <ele>320.000</ele>
      </trkpt>
      <trkpt lat="45.134620000" lon="5.112820000">
        <ele>318.000</ele>
      </trkpt>
      <trkpt lat="45.134360000" lon="5.112610000">
        <ele>317.000</ele>
      </trkpt>
      <trkpt lat="45.133940000" lon="5.112240000">
        <ele>317.000</ele>
      </trkpt>
      <trkpt lat="45.133080000" lon="5.111520000">
        <ele>315.000</ele>
      </trkpt>
      <trkpt lat="45.132110000" lon="5.110570000">
        <ele>313.000</ele>
      </trkpt>
      <trkpt lat="45.131680000" lon="5.110150000">
        <ele>312.000</ele>
      </trkpt>
      <trkpt lat="45.130730000" lon="5.109220000">
        <ele>309.000</ele>
      </trkpt>
      <trkpt lat="45.129640000" lon="5.108170000">
        <ele>305.000</ele>
      </trkpt>
      <trkpt lat="45.129240000" lon="5.107770000">
        <ele>303.000</ele>
      </trkpt>
      <trkpt lat="45.129080000" lon="5.107630000">
        <ele>301.000</ele>
      </trkpt>
      <trkpt lat="45.128920000" lon="5.107500000">
        <ele>299.000</ele>
      </trkpt>
      <trkpt lat="45.128770000" lon="5.107390000">
        <ele>298.000</ele>
      </trkpt>
      <trkpt lat="45.128580000" lon="5.107270000">
        <ele>297.000</ele>
      </trkpt>
      <trkpt lat="45.128390000" lon="5.107190000">
        <ele>296.000</ele>
      </trkpt>
      <trkpt lat="45.128360000" lon="5.107180000">
        <ele>296.000</ele>
      </trkpt>
      <trkpt lat="45.128240000" lon="5.107150000">
        <ele>295.000</ele>
      </trkpt>
      <trkpt lat="45.127920000" lon="5.107090000">
        <ele>295.000</ele>
      </trkpt>
      <trkpt lat="45.127220000" lon="5.107040000">
        <ele>294.000</ele>
      </trkpt>
      <trkpt lat="45.126270000" lon="5.107000000">
        <ele>293.000</ele>
      </trkpt>
      <trkpt lat="45.126040000" lon="5.107000000">
        <ele>293.000</ele>
      </trkpt>
      <trkpt lat="45.125800000" lon="5.107020000">
        <ele>293.000</ele>
      </trkpt>
      <trkpt lat="45.125060000" lon="5.107140000">
        <ele>294.000</ele>
      </trkpt>
      <trkpt lat="45.124220000" lon="5.107250000">
        <ele>297.000</ele>
      </trkpt>
      <trkpt lat="45.124180000" lon="5.107260000">
        <ele>298.000</ele>
      </trkpt>
      <trkpt lat="45.123670000" lon="5.107330000">
        <ele>298.000</ele>
      </trkpt>
      <trkpt lat="45.123450000" lon="5.107380000">
        <ele>298.000</ele>
      </trkpt>
      <trkpt lat="45.123290000" lon="5.107430000">
        <ele>298.000</ele>
      </trkpt>
      <trkpt lat="45.122860000" lon="5.107640000">
        <ele>297.000</ele>
      </trkpt>
      <trkpt lat="45.122700000" lon="5.107710000">
        <ele>296.000</ele>
      </trkpt>
      <trkpt lat="45.122570000" lon="5.107760000">
        <ele>295.000</ele>
      </trkpt>
      <trkpt lat="45.122430000" lon="5.107790000">
        <ele>294.000</ele>
      </trkpt>
      <trkpt lat="45.122310000" lon="5.107790000">
        <ele>293.000</ele>
      </trkpt>
      <trkpt lat="45.122180000" lon="5.107780000">
        <ele>293.000</ele>
      </trkpt>
      <trkpt lat="45.122020000" lon="5.107730000">
        <ele>292.000</ele>
      </trkpt>
      <trkpt lat="45.121850000" lon="5.107640000">
        <ele>292.000</ele>
      </trkpt>
      <trkpt lat="45.121140000" lon="5.107110000">
        <ele>290.000</ele>
      </trkpt>
      <trkpt lat="45.120520000" lon="5.106650000">
        <ele>288.000</ele>
      </trkpt>
      <trkpt lat="45.120110000" lon="5.106340000">
        <ele>287.000</ele>
      </trkpt>
      <trkpt lat="45.119970000" lon="5.106210000">
        <ele>286.000</ele>
      </trkpt>
      <trkpt lat="45.119900000" lon="5.106120000">
        <ele>285.000</ele>
      </trkpt>
      <trkpt lat="45.119780000" lon="5.105980000">
        <ele>285.000</ele>
      </trkpt>
      <trkpt lat="45.119700000" lon="5.105840000">
        <ele>285.000</ele>
      </trkpt>
      <trkpt lat="45.119600000" lon="5.105650000">
        <ele>284.000</ele>
      </trkpt>
      <trkpt lat="45.119500000" lon="5.105400000">
        <ele>284.000</ele>
      </trkpt>
      <trkpt lat="45.119310000" lon="5.104930000">
        <ele>284.000</ele>
      </trkpt>
      <trkpt lat="45.119170000" lon="5.104660000">
        <ele>284.000</ele>
      </trkpt>
      <trkpt lat="45.119070000" lon="5.104490000">
        <ele>284.000</ele>
      </trkpt>
      <trkpt lat="45.118250000" lon="5.103250000">
        <ele>283.000</ele>
      </trkpt>
      <trkpt lat="45.117970000" lon="5.102760000">
        <ele>283.000</ele>
      </trkpt>
      <trkpt lat="45.117780000" lon="5.102410000">
        <ele>282.000</ele>
      </trkpt>
      <trkpt lat="45.117600000" lon="5.101990000">
        <ele>281.000</ele>
      </trkpt>
      <trkpt lat="45.117350000" lon="5.101430000">
        <ele>281.000</ele>
      </trkpt>
      <trkpt lat="45.117180000" lon="5.101000000">
        <ele>280.000</ele>
      </trkpt>
      <trkpt lat="45.117110000" lon="5.100810000">
        <ele>279.000</ele>
      </trkpt>
      <trkpt lat="45.116960000" lon="5.100420000">
        <ele>279.000</ele>
      </trkpt>
      <trkpt lat="45.116880000" lon="5.100210000">
        <ele>278.000</ele>
      </trkpt>
      <trkpt lat="45.116740000" lon="5.099930000">
        <ele>278.000</ele>
      </trkpt>
      <trkpt lat="45.116630000" lon="5.099740000">
        <ele>278.000</ele>
      </trkpt>
      <trkpt lat="45.116400000" lon="5.099410000">
        <ele>277.000</ele>
      </trkpt>
      <trkpt lat="45.115830000" lon="5.098620000">
        <ele>277.000</ele>
      </trkpt>
      <trkpt lat="45.115590000" lon="5.098280000">
        <ele>276.000</ele>
      </trkpt>
      <trkpt lat="45.115470000" lon="5.098110000">
        <ele>276.000</ele>
      </trkpt>
      <trkpt lat="45.115360000" lon="5.097980000">
        <ele>276.000</ele>
      </trkpt>
      <trkpt lat="45.115250000" lon="5.097870000">
        <ele>276.000</ele>
      </trkpt>
      <trkpt lat="45.115110000" lon="5.097750000">
        <ele>275.000</ele>
      </trkpt>
      <trkpt lat="45.114950000" lon="5.097640000">
        <ele>275.000</ele>
      </trkpt>
      <trkpt lat="45.114870000" lon="5.097600000">
        <ele>275.000</ele>
      </trkpt>
      <trkpt lat="45.114870000" lon="5.097600000">
        <ele>275.000</ele>
      </trkpt>
      <trkpt lat="45.114670000" lon="5.097480000">
        <ele>275.000</ele>
      </trkpt>
      <trkpt lat="45.114030000" lon="5.097130000">
        <ele>275.000</ele>
      </trkpt>
      <trkpt lat="45.113470000" lon="5.096790000">
        <ele>274.000</ele>
      </trkpt>
      <trkpt lat="45.113020000" lon="5.096520000">
        <ele>274.000</ele>
      </trkpt>
      <trkpt lat="45.112940000" lon="5.096470000">
        <ele>273.000</ele>
      </trkpt>
      <trkpt lat="45.112720000" lon="5.096340000">
        <ele>273.000</ele>
      </trkpt>
      <trkpt lat="45.112550000" lon="5.096240000">
        <ele>272.000</ele>
      </trkpt>
      <trkpt lat="45.112370000" lon="5.096140000">
        <ele>272.000</ele>
      </trkpt>
      <trkpt lat="45.112100000" lon="5.096020000">
        <ele>271.000</ele>
      </trkpt>
      <trkpt lat="45.111780000" lon="5.095910000">
        <ele>271.000</ele>
      </trkpt>
      <trkpt lat="45.111250000" lon="5.095730000">
        <ele>270.000</ele>
      </trkpt>
      <trkpt lat="45.110900000" lon="5.095620000">
        <ele>269.000</ele>
      </trkpt>
      <trkpt lat="45.110670000" lon="5.095550000">
        <ele>268.000</ele>
      </trkpt>
      <trkpt lat="45.110440000" lon="5.095500000">
        <ele>267.000</ele>
      </trkpt>
      <trkpt lat="45.109860000" lon="5.095410000">
        <ele>266.000</ele>
      </trkpt>
      <trkpt lat="45.109580000" lon="5.095370000">
        <ele>265.000</ele>
      </trkpt>
      <trkpt lat="45.109370000" lon="5.095370000">
        <ele>264.000</ele>
      </trkpt>
      <trkpt lat="45.109170000" lon="5.095390000">
        <ele>263.000</ele>
      </trkpt>
      <trkpt lat="45.109010000" lon="5.095420000">
        <ele>262.000</ele>
      </trkpt>
      <trkpt lat="45.108840000" lon="5.095470000">
        <ele>261.000</ele>
      </trkpt>
      <trkpt lat="45.108670000" lon="5.095560000">
        <ele>260.000</ele>
      </trkpt>
      <trkpt lat="45.108510000" lon="5.095650000">
        <ele>259.000</ele>
      </trkpt>
      <trkpt lat="45.108290000" lon="5.095810000">
        <ele>258.000</ele>
      </trkpt>
      <trkpt lat="45.108090000" lon="5.096000000">
        <ele>257.000</ele>
      </trkpt>
      <trkpt lat="45.107970000" lon="5.096130000">
        <ele>256.000</ele>
      </trkpt>
      <trkpt lat="45.107880000" lon="5.096220000">
        <ele>255.000</ele>
      </trkpt>
      <trkpt lat="45.107700000" lon="5.096400000">
        <ele>255.000</ele>
      </trkpt>
      <trkpt lat="45.107580000" lon="5.096520000">
        <ele>255.000</ele>
      </trkpt>
      <trkpt lat="45.107450000" lon="5.096610000">
        <ele>254.000</ele>
      </trkpt>
      <trkpt lat="45.107320000" lon="5.096690000">
        <ele>254.000</ele>
      </trkpt>
      <trkpt lat="45.107170000" lon="5.096770000">
        <ele>254.000</ele>
      </trkpt>
      <trkpt lat="45.107000000" lon="5.096830000">
        <ele>254.000</ele>
      </trkpt>
      <trkpt lat="45.106770000" lon="5.096870000">
        <ele>254.000</ele>
      </trkpt>
      <trkpt lat="45.106660000" lon="5.096880000">
        <ele>253.000</ele>
      </trkpt>
      <trkpt lat="45.106550000" lon="5.096870000">
        <ele>253.000</ele>
      </trkpt>
      <trkpt lat="45.105980000" lon="5.096830000">
        <ele>253.000</ele>
      </trkpt>
      <trkpt lat="45.105270000" lon="5.096790000">
        <ele>253.000</ele>
      </trkpt>
      <trkpt lat="45.104440000" lon="5.096750000">
        <ele>254.000</ele>
      </trkpt>
      <trkpt lat="45.103810000" lon="5.096730000">
        <ele>254.000</ele>
      </trkpt>
      <trkpt lat="45.103660000" lon="5.096730000">
        <ele>255.000</ele>
      </trkpt>
      <trkpt lat="45.103630000" lon="5.096730000">
        <ele>256.000</ele>
      </trkpt>
      <trkpt lat="45.103510000" lon="5.096720000">
        <ele>257.000</ele>
      </trkpt>
      <trkpt lat="45.103420000" lon="5.096700000">
        <ele>257.000</ele>
      </trkpt>
      <trkpt lat="45.103330000" lon="5.096670000">
        <ele>258.000</ele>
      </trkpt>
      <trkpt lat="45.103190000" lon="5.096610000">
        <ele>259.000</ele>
      </trkpt>
      <trkpt lat="45.103110000" lon="5.096560000">
        <ele>260.000</ele>
      </trkpt>
      <trkpt lat="45.103030000" lon="5.096500000">
        <ele>261.000</ele>
      </trkpt>
      <trkpt lat="45.102950000" lon="5.096430000">
        <ele>262.000</ele>
      </trkpt>
      <trkpt lat="45.102810000" lon="5.096290000">
        <ele>263.000</ele>
      </trkpt>
      <trkpt lat="45.102680000" lon="5.096120000">
        <ele>264.000</ele>
      </trkpt>
      <trkpt lat="45.102620000" lon="5.096040000">
        <ele>265.000</ele>
      </trkpt>
      <trkpt lat="45.102490000" lon="5.095900000">
        <ele>266.000</ele>
      </trkpt>
      <trkpt lat="45.102380000" lon="5.095770000">
        <ele>268.000</ele>
      </trkpt>
      <trkpt lat="45.102070000" lon="5.095460000">
        <ele>270.000</ele>
      </trkpt>
      <trkpt lat="45.101650000" lon="5.095090000">
        <ele>271.000</ele>
      </trkpt>
      <trkpt lat="45.101120000" lon="5.094640000">
        <ele>271.000</ele>
      </trkpt>
      <trkpt lat="45.100740000" lon="5.094320000">
        <ele>270.000</ele>
      </trkpt>
      <trkpt lat="45.100270000" lon="5.093940000">
        <ele>270.000</ele>
      </trkpt>
      <trkpt lat="45.100060000" lon="5.093770000">
        <ele>269.000</ele>
      </trkpt>
      <trkpt lat="45.099790000" lon="5.093540000">
        <ele>269.000</ele>
      </trkpt>
      <trkpt lat="45.098730000" lon="5.092660000">
        <ele>270.000</ele>
      </trkpt>
      <trkpt lat="45.098440000" lon="5.092400000">
        <ele>270.000</ele>
      </trkpt>
      <trkpt lat="45.097960000" lon="5.091990000">
        <ele>270.000</ele>
      </trkpt>
      <trkpt lat="45.097350000" lon="5.091510000">
        <ele>267.000</ele>
      </trkpt>
      <trkpt lat="45.096750000" lon="5.091020000">
        <ele>264.000</ele>
      </trkpt>
      <trkpt lat="45.096520000" lon="5.090820000">
        <ele>262.000</ele>
      </trkpt>
      <trkpt lat="45.096390000" lon="5.090740000">
        <ele>261.000</ele>
      </trkpt>
      <trkpt lat="45.096230000" lon="5.090660000">
        <ele>259.000</ele>
      </trkpt>
      <trkpt lat="45.096080000" lon="5.090620000">
        <ele>258.000</ele>
      </trkpt>
      <trkpt lat="45.095820000" lon="5.090620000">
        <ele>258.000</ele>
      </trkpt>
      <trkpt lat="45.095660000" lon="5.090620000">
        <ele>257.000</ele>
      </trkpt>
      <trkpt lat="45.095510000" lon="5.090610000">
        <ele>256.000</ele>
      </trkpt>
      <trkpt lat="45.095380000" lon="5.090560000">
        <ele>256.000</ele>
      </trkpt>
      <trkpt lat="45.095260000" lon="5.090480000">
        <ele>255.000</ele>
      </trkpt>
      <trkpt lat="45.095160000" lon="5.090390000">
        <ele>255.000</ele>
      </trkpt>
      <trkpt lat="45.095060000" lon="5.090260000">
        <ele>254.000</ele>
      </trkpt>
      <trkpt lat="45.094990000" lon="5.090110000">
        <ele>254.000</ele>
      </trkpt>
      <trkpt lat="45.094940000" lon="5.089930000">
        <ele>253.000</ele>
      </trkpt>
      <trkpt lat="45.094910000" lon="5.089720000">
        <ele>253.000</ele>
      </trkpt>
      <trkpt lat="45.094900000" lon="5.089500000">
        <ele>252.000</ele>
      </trkpt>
      <trkpt lat="45.094910000" lon="5.088710000">
        <ele>250.000</ele>
      </trkpt>
      <trkpt lat="45.094900000" lon="5.088590000">
        <ele>249.000</ele>
      </trkpt>
      <trkpt lat="45.094880000" lon="5.088440000">
        <ele>248.000</ele>
      </trkpt>
      <trkpt lat="45.094840000" lon="5.088340000">
        <ele>247.000</ele>
      </trkpt>
      <trkpt lat="45.094780000" lon="5.088230000">
        <ele>247.000</ele>
      </trkpt>
      <trkpt lat="45.094710000" lon="5.088140000">
        <ele>246.000</ele>
      </trkpt>
      <trkpt lat="45.094610000" lon="5.088060000">
        <ele>245.000</ele>
      </trkpt>
      <trkpt lat="45.094480000" lon="5.088020000">
        <ele>245.000</ele>
      </trkpt>
      <trkpt lat="45.094340000" lon="5.088030000">
        <ele>244.000</ele>
      </trkpt>
      <trkpt lat="45.094030000" lon="5.088070000">
        <ele>243.000</ele>
      </trkpt>
      <trkpt lat="45.093850000" lon="5.088080000">
        <ele>243.000</ele>
      </trkpt>
      <trkpt lat="45.093680000" lon="5.088070000">
        <ele>242.000</ele>
      </trkpt>
      <trkpt lat="45.093510000" lon="5.088040000">
        <ele>241.000</ele>
      </trkpt>
      <trkpt lat="45.093340000" lon="5.087970000">
        <ele>240.000</ele>
      </trkpt>
      <trkpt lat="45.093160000" lon="5.087870000">
        <ele>240.000</ele>
      </trkpt>
      <trkpt lat="45.092750000" lon="5.087580000">
        <ele>239.000</ele>
      </trkpt>
      <trkpt lat="45.092450000" lon="5.087440000">
        <ele>237.000</ele>
      </trkpt>
      <trkpt lat="45.092100000" lon="5.087300000">
        <ele>235.000</ele>
      </trkpt>
      <trkpt lat="45.091440000" lon="5.087060000">
        <ele>232.000</ele>
      </trkpt>
      <trkpt lat="45.091180000" lon="5.086970000">
        <ele>229.000</ele>
      </trkpt>
      <trkpt lat="45.090790000" lon="5.086870000">
        <ele>226.000</ele>
      </trkpt>
      <trkpt lat="45.090530000" lon="5.086790000">
        <ele>224.000</ele>
      </trkpt>
      <trkpt lat="45.089280000" lon="5.086450000">
        <ele>219.000</ele>
      </trkpt>
      <trkpt lat="45.088390000" lon="5.086200000">
        <ele>213.000</ele>
      </trkpt>
      <trkpt lat="45.087960000" lon="5.086080000">
        <ele>210.000</ele>
      </trkpt>
      <trkpt lat="45.087750000" lon="5.086000000">
        <ele>208.000</ele>
      </trkpt>
      <trkpt lat="45.087610000" lon="5.085880000">
        <ele>206.000</ele>
      </trkpt>
      <trkpt lat="45.087560000" lon="5.085830000">
        <ele>206.000</ele>
      </trkpt>
      <trkpt lat="45.087550000" lon="5.085780000">
        <ele>205.000</ele>
      </trkpt>
      <trkpt lat="45.087520000" lon="5.085730000">
        <ele>205.000</ele>
      </trkpt>
      <trkpt lat="45.087490000" lon="5.085700000">
        <ele>205.000</ele>
      </trkpt>
      <trkpt lat="45.087470000" lon="5.085520000">
        <ele>205.000</ele>
      </trkpt>
      <trkpt lat="45.087460000" lon="5.085310000">
        <ele>205.000</ele>
      </trkpt>
      <trkpt lat="45.087510000" lon="5.084810000">
        <ele>206.000</ele>
      </trkpt>
      <trkpt lat="45.087850000" lon="5.082340000">
        <ele>208.000</ele>
      </trkpt>
      <trkpt lat="45.087870000" lon="5.082110000">
        <ele>210.000</ele>
      </trkpt>
      <trkpt lat="45.088080000" lon="5.080910000">
        <ele>213.000</ele>
      </trkpt>
      <trkpt lat="45.088090000" lon="5.080870000">
        <ele>215.000</ele>
      </trkpt>
      <trkpt lat="45.088400000" lon="5.079320000">
        <ele>219.000</ele>
      </trkpt>
      <trkpt lat="45.088510000" lon="5.078950000">
        <ele>222.000</ele>
      </trkpt>
      <trkpt lat="45.088740000" lon="5.078600000">
        <ele>224.000</ele>
      </trkpt>
      <trkpt lat="45.088900000" lon="5.078470000">
        <ele>225.000</ele>
      </trkpt>
      <trkpt lat="45.089250000" lon="5.078240000">
        <ele>227.000</ele>
      </trkpt>
      <trkpt lat="45.089720000" lon="5.077960000">
        <ele>228.000</ele>
      </trkpt>
      <trkpt lat="45.090130000" lon="5.077670000">
        <ele>230.000</ele>
      </trkpt>
      <trkpt lat="45.090400000" lon="5.077450000">
        <ele>230.000</ele>
      </trkpt>
      <trkpt lat="45.090810000" lon="5.077070000">
        <ele>230.000</ele>
      </trkpt>
      <trkpt lat="45.091040000" lon="5.076830000">
        <ele>230.000</ele>
      </trkpt>
      <trkpt lat="45.091190000" lon="5.076630000">
        <ele>230.000</ele>
      </trkpt>
      <trkpt lat="45.091460000" lon="5.076200000">
        <ele>229.000</ele>
      </trkpt>
      <trkpt lat="45.092180000" lon="5.074640000">
        <ele>228.000</ele>
      </trkpt>
      <trkpt lat="45.092180000" lon="5.074640000">
        <ele>227.000</ele>
      </trkpt>
      <trkpt lat="45.093190000" lon="5.072470000">
        <ele>227.000</ele>
      </trkpt>
      <trkpt lat="45.093320000" lon="5.072220000">
        <ele>226.000</ele>
      </trkpt>
      <trkpt lat="45.093390000" lon="5.072120000">
        <ele>226.000</ele>
      </trkpt>
      <trkpt lat="45.093430000" lon="5.072070000">
        <ele>226.000</ele>
      </trkpt>
      <trkpt lat="45.093460000" lon="5.072040000">
        <ele>225.000</ele>
      </trkpt>
      <trkpt lat="45.093580000" lon="5.071970000">
        <ele>225.000</ele>
      </trkpt>
      <trkpt lat="45.093680000" lon="5.071910000">
        <ele>224.000</ele>
      </trkpt>
      <trkpt lat="45.093720000" lon="5.071880000">
        <ele>224.000</ele>
      </trkpt>
      <trkpt lat="45.093760000" lon="5.071830000">
        <ele>224.000</ele>
      </trkpt>
      <trkpt lat="45.093810000" lon="5.071750000">
        <ele>224.000</ele>
      </trkpt>
      <trkpt lat="45.093850000" lon="5.071620000">
        <ele>223.000</ele>
      </trkpt>
      <trkpt lat="45.093860000" lon="5.071480000">
        <ele>223.000</ele>
      </trkpt>
      <trkpt lat="45.093870000" lon="5.071250000">
        <ele>222.000</ele>
      </trkpt>
      <trkpt lat="45.093840000" lon="5.070800000">
        <ele>221.000</ele>
      </trkpt>
      <trkpt lat="45.093830000" lon="5.070510000">
        <ele>221.000</ele>
      </trkpt>
      <trkpt lat="45.093730000" lon="5.068750000">
        <ele>218.000</ele>
      </trkpt>
      <trkpt lat="45.093680000" lon="5.067890000">
        <ele>217.000</ele>
      </trkpt>
      <trkpt lat="45.093670000" lon="5.067410000">
        <ele>215.000</ele>
      </trkpt>
      <trkpt lat="45.093680000" lon="5.067170000">
        <ele>215.000</ele>
      </trkpt>
      <trkpt lat="45.093710000" lon="5.066780000">
        <ele>214.000</ele>
      </trkpt>
      <trkpt lat="45.093790000" lon="5.066080000">
        <ele>213.000</ele>
      </trkpt>
      <trkpt lat="45.093810000" lon="5.065800000">
        <ele>213.000</ele>
      </trkpt>
      <trkpt lat="45.093810000" lon="5.065500000">
        <ele>213.000</ele>
      </trkpt>
      <trkpt lat="45.093780000" lon="5.064980000">
        <ele>212.000</ele>
      </trkpt>
      <trkpt lat="45.093740000" lon="5.064240000">
        <ele>212.000</ele>
      </trkpt>
      <trkpt lat="45.093720000" lon="5.063460000">
        <ele>211.000</ele>
      </trkpt>
      <trkpt lat="45.093700000" lon="5.062490000">
        <ele>210.000</ele>
      </trkpt>
      <trkpt lat="45.093660000" lon="5.061180000">
        <ele>210.000</ele>
      </trkpt>
      <trkpt lat="45.093670000" lon="5.060720000">
        <ele>209.000</ele>
      </trkpt>
      <trkpt lat="45.093700000" lon="5.060210000">
        <ele>209.000</ele>
      </trkpt>
      <trkpt lat="45.093740000" lon="5.059740000">
        <ele>209.000</ele>
      </trkpt>
      <trkpt lat="45.093790000" lon="5.059190000">
        <ele>208.000</ele>
      </trkpt>
      <trkpt lat="45.093830000" lon="5.058900000">
        <ele>208.000</ele>
      </trkpt>
      <trkpt lat="45.093870000" lon="5.058680000">
        <ele>208.000</ele>
      </trkpt>
      <trkpt lat="45.093920000" lon="5.058470000">
        <ele>207.000</ele>
      </trkpt>
      <trkpt lat="45.094110000" lon="5.057800000">
        <ele>207.000</ele>
      </trkpt>
      <trkpt lat="45.094160000" lon="5.057550000">
        <ele>207.000</ele>
      </trkpt>
      <trkpt lat="45.094210000" lon="5.057290000">
        <ele>207.000</ele>
      </trkpt>
      <trkpt lat="45.094280000" lon="5.056750000">
        <ele>206.000</ele>
      </trkpt>
      <trkpt lat="45.094320000" lon="5.056380000">
        <ele>206.000</ele>
      </trkpt>
      <trkpt lat="45.094350000" lon="5.056090000">
        <ele>206.000</ele>
      </trkpt>
      <trkpt lat="45.094350000" lon="5.056000000">
        <ele>206.000</ele>
      </trkpt>
      <trkpt lat="45.094350000" lon="5.055840000">
        <ele>206.000</ele>
      </trkpt>
      <trkpt lat="45.094340000" lon="5.055580000">
        <ele>206.000</ele>
      </trkpt>
      <trkpt lat="45.094290000" lon="5.055030000">
        <ele>206.000</ele>
      </trkpt>
      <trkpt lat="45.094250000" lon="5.054510000">
        <ele>206.000</ele>
      </trkpt>
      <trkpt lat="45.094200000" lon="5.054170000">
        <ele>207.000</ele>
      </trkpt>
      <trkpt lat="45.094130000" lon="5.053870000">
        <ele>207.000</ele>
      </trkpt>
      <trkpt lat="45.094050000" lon="5.053630000">
        <ele>208.000</ele>
      </trkpt>
      <trkpt lat="45.093950000" lon="5.053380000">
        <ele>208.000</ele>
      </trkpt>
      <trkpt lat="45.093850000" lon="5.053170000">
        <ele>209.000</ele>
      </trkpt>
      <trkpt lat="45.093530000" lon="5.052610000">
        <ele>210.000</ele>
      </trkpt>
      <trkpt lat="45.093400000" lon="5.052380000">
        <ele>210.000</ele>
      </trkpt>
      <trkpt lat="45.093140000" lon="5.051940000">
        <ele>211.000</ele>
      </trkpt>
      <trkpt lat="45.092870000" lon="5.051470000">
        <ele>211.000</ele>
      </trkpt>
      <trkpt lat="45.092670000" lon="5.051090000">
        <ele>212.000</ele>
      </trkpt>
      <trkpt lat="45.092580000" lon="5.050880000">
        <ele>212.000</ele>
      </trkpt>
      <trkpt lat="45.092490000" lon="5.050650000">
        <ele>212.000</ele>
      </trkpt>
      <trkpt lat="45.092440000" lon="5.050470000">
        <ele>212.000</ele>
      </trkpt>
      <trkpt lat="45.092400000" lon="5.050320000">
        <ele>212.000</ele>
      </trkpt>
      <trkpt lat="45.092370000" lon="5.050160000">
        <ele>212.000</ele>
      </trkpt>
      <trkpt lat="45.092370000" lon="5.050020000">
        <ele>212.000</ele>
      </trkpt>
      <trkpt lat="45.092390000" lon="5.049870000">
        <ele>211.000</ele>
      </trkpt>
      <trkpt lat="45.092440000" lon="5.049740000">
        <ele>211.000</ele>
      </trkpt>
      <trkpt lat="45.092560000" lon="5.049530000">
        <ele>211.000</ele>
      </trkpt>
      <trkpt lat="45.092580000" lon="5.049520000">
        <ele>210.000</ele>
      </trkpt>
      <trkpt lat="45.092770000" lon="5.049270000">
        <ele>210.000</ele>
      </trkpt>
      <trkpt lat="45.092840000" lon="5.049150000">
        <ele>209.000</ele>
      </trkpt>
      <trkpt lat="45.092880000" lon="5.049080000">
        <ele>209.000</ele>
      </trkpt>
      <trkpt lat="45.092900000" lon="5.049040000">
        <ele>208.000</ele>
      </trkpt>
      <trkpt lat="45.092910000" lon="5.049010000">
        <ele>208.000</ele>
      </trkpt>
      <trkpt lat="45.093000000" lon="5.048700000">
        <ele>207.000</ele>
      </trkpt>
      <trkpt lat="45.093040000" lon="5.048020000">
        <ele>206.000</ele>
      </trkpt>
      <trkpt lat="45.093050000" lon="5.047900000">
        <ele>206.000</ele>
      </trkpt>
      <trkpt lat="45.093040000" lon="5.047790000">
        <ele>206.000</ele>
      </trkpt>
      <trkpt lat="45.093020000" lon="5.047720000">
        <ele>205.000</ele>
      </trkpt>
      <trkpt lat="45.092990000" lon="5.047670000">
        <ele>205.000</ele>
      </trkpt>
      <trkpt lat="45.093050000" lon="5.047590000">
        <ele>205.000</ele>
      </trkpt>
      <trkpt lat="45.093120000" lon="5.047480000">
        <ele>205.000</ele>
      </trkpt>
      <trkpt lat="45.093180000" lon="5.047420000">
        <ele>205.000</ele>
      </trkpt>
      <trkpt lat="45.093280000" lon="5.047320000">
        <ele>206.000</ele>
      </trkpt>
      <trkpt lat="45.093540000" lon="5.047110000">
        <ele>206.000</ele>
      </trkpt>
      <trkpt lat="45.093720000" lon="5.046990000">
        <ele>206.000</ele>
      </trkpt>
      <trkpt lat="45.093830000" lon="5.046920000">
        <ele>207.000</ele>
      </trkpt>
      <trkpt lat="45.094040000" lon="5.046800000">
        <ele>207.000</ele>
      </trkpt>
      <trkpt lat="45.094160000" lon="5.046730000">
        <ele>207.000</ele>
      </trkpt>
      <trkpt lat="45.094360000" lon="5.046650000">
        <ele>208.000</ele>
      </trkpt>
      <trkpt lat="45.094480000" lon="5.046600000">
        <ele>208.000</ele>
      </trkpt>
      <trkpt lat="45.095210000" lon="5.046270000">
        <ele>209.000</ele>
      </trkpt>
      <trkpt lat="45.095300000" lon="5.046220000">
        <ele>209.000</ele>
      </trkpt>
      <trkpt lat="45.095410000" lon="5.046140000">
        <ele>209.000</ele>
      </trkpt>
      <trkpt lat="45.095690000" lon="5.045940000">
        <ele>210.000</ele>
      </trkpt>
      <trkpt lat="45.095720000" lon="5.045920000">
        <ele>210.000</ele>
      </trkpt>
      <trkpt lat="45.095760000" lon="5.045840000">
        <ele>210.000</ele>
      </trkpt>
      <trkpt lat="45.095800000" lon="5.045760000">
        <ele>211.000</ele>
      </trkpt>
      <trkpt lat="45.095990000" lon="5.045390000">
        <ele>211.000</ele>
      </trkpt>
      <trkpt lat="45.096050000" lon="5.045350000">
        <ele>211.000</ele>
      </trkpt>
      <trkpt lat="45.096090000" lon="5.045330000">
        <ele>211.000</ele>
      </trkpt>
      <trkpt lat="45.096140000" lon="5.045270000">
        <ele>212.000</ele>
      </trkpt>
      <trkpt lat="45.096210000" lon="5.045230000">
        <ele>212.000</ele>
      </trkpt>
      <trkpt lat="45.096230000" lon="5.045210000">
        <ele>212.000</ele>
      </trkpt>
      <trkpt lat="45.096250000" lon="5.045200000">
        <ele>212.000</ele>
      </trkpt>
      <trkpt lat="45.096250000" lon="5.045170000">
        <ele>212.000</ele>
      </trkpt>
      <trkpt lat="45.096250000" lon="5.045100000">
        <ele>212.000</ele>
      </trkpt>
      <trkpt lat="45.096240000" lon="5.045050000">
        <ele>212.000</ele>
      </trkpt>
      <trkpt lat="45.096220000" lon="5.045000000">
        <ele>212.000</ele>
      </trkpt>
      <trkpt lat="45.096210000" lon="5.044940000">
        <ele>212.000</ele>
      </trkpt>
      <trkpt lat="45.096200000" lon="5.044860000">
        <ele>212.000</ele>
      </trkpt>
      <trkpt lat="45.096200000" lon="5.044750000">
        <ele>213.000</ele>
      </trkpt>
      <trkpt lat="45.096320000" lon="5.044380000">
        <ele>213.000</ele>
      </trkpt>
      <trkpt lat="45.096470000" lon="5.043920000">
        <ele>213.000</ele>
      </trkpt>
      <trkpt lat="45.096540000" lon="5.043720000">
        <ele>214.000</ele>
      </trkpt>
      <trkpt lat="45.096630000" lon="5.043520000">
        <ele>214.000</ele>
      </trkpt>
      <trkpt lat="45.096730000" lon="5.043340000">
        <ele>214.000</ele>
      </trkpt>
      <trkpt lat="45.096850000" lon="5.043200000">
        <ele>215.000</ele>
      </trkpt>
      <trkpt lat="45.097250000" lon="5.042800000">
        <ele>214.000</ele>
      </trkpt>
      <trkpt lat="45.098170000" lon="5.041850000">
        <ele>213.000</ele>
      </trkpt>
      <trkpt lat="45.098350000" lon="5.041660000">
        <ele>211.000</ele>
      </trkpt>
      <trkpt lat="45.098490000" lon="5.041510000">
        <ele>210.000</ele>
      </trkpt>
      <trkpt lat="45.098560000" lon="5.041390000">
        <ele>210.000</ele>
      </trkpt>
      <trkpt lat="45.098620000" lon="5.041250000">
        <ele>210.000</ele>
      </trkpt>
      <trkpt lat="45.098670000" lon="5.041090000">
        <ele>209.000</ele>
      </trkpt>
      <trkpt lat="45.098760000" lon="5.040690000">
        <ele>209.000</ele>
      </trkpt>
      <trkpt lat="45.098840000" lon="5.040310000">
        <ele>209.000</ele>
      </trkpt>
      <trkpt lat="45.098860000" lon="5.040120000">
        <ele>209.000</ele>
      </trkpt>
      <trkpt lat="45.098850000" lon="5.039940000">
        <ele>210.000</ele>
      </trkpt>
      <trkpt lat="45.098830000" lon="5.039810000">
        <ele>210.000</ele>
      </trkpt>
      <trkpt lat="45.098770000" lon="5.039650000">
        <ele>210.000</ele>
      </trkpt>
      <trkpt lat="45.098490000" lon="5.038940000">
        <ele>210.000</ele>
      </trkpt>
      <trkpt lat="45.098430000" lon="5.038780000">
        <ele>210.000</ele>
      </trkpt>
      <trkpt lat="45.098320000" lon="5.038470000">
        <ele>210.000</ele>
      </trkpt>
      <trkpt lat="45.098220000" lon="5.038200000">
        <ele>211.000</ele>
      </trkpt>
      <trkpt lat="45.098140000" lon="5.037960000">
        <ele>211.000</ele>
      </trkpt>
      <trkpt lat="45.098080000" lon="5.037720000">
        <ele>211.000</ele>
      </trkpt>
      <trkpt lat="45.098030000" lon="5.037440000">
        <ele>211.000</ele>
      </trkpt>
      <trkpt lat="45.097950000" lon="5.036990000">
        <ele>212.000</ele>
      </trkpt>
      <trkpt lat="45.097890000" lon="5.036630000">
        <ele>212.000</ele>
      </trkpt>
      <trkpt lat="45.097870000" lon="5.036470000">
        <ele>212.000</ele>
      </trkpt>
      <trkpt lat="45.097860000" lon="5.036330000">
        <ele>212.000</ele>
      </trkpt>
      <trkpt lat="45.097860000" lon="5.036210000">
        <ele>212.000</ele>
      </trkpt>
      <trkpt lat="45.097880000" lon="5.036070000">
        <ele>213.000</ele>
      </trkpt>
      <trkpt lat="45.097910000" lon="5.035930000">
        <ele>213.000</ele>
      </trkpt>
      <trkpt lat="45.097970000" lon="5.035770000">
        <ele>213.000</ele>
      </trkpt>
      <trkpt lat="45.098050000" lon="5.035590000">
        <ele>213.000</ele>
      </trkpt>
      <trkpt lat="45.098150000" lon="5.035430000">
        <ele>213.000</ele>
      </trkpt>
      <trkpt lat="45.098380000" lon="5.035070000">
        <ele>213.000</ele>
      </trkpt>
      <trkpt lat="45.098580000" lon="5.034800000">
        <ele>214.000</ele>
      </trkpt>
      <trkpt lat="45.098840000" lon="5.034370000">
        <ele>214.000</ele>
      </trkpt>
      <trkpt lat="45.098910000" lon="5.034230000">
        <ele>214.000</ele>
      </trkpt>
      <trkpt lat="45.098960000" lon="5.034080000">
        <ele>214.000</ele>
      </trkpt>
      <trkpt lat="45.099000000" lon="5.033940000">
        <ele>215.000</ele>
      </trkpt>
      <trkpt lat="45.099090000" lon="5.033630000">
        <ele>215.000</ele>
      </trkpt>
      <trkpt lat="45.100110000" lon="5.030000000">
        <ele>217.000</ele>
      </trkpt>
      <trkpt lat="45.100460000" lon="5.028790000">
        <ele>221.000</ele>
      </trkpt>
      <trkpt lat="45.100520000" lon="5.028610000">
        <ele>225.000</ele>
      </trkpt>
      <trkpt lat="45.100540000" lon="5.028540000">
        <ele>227.000</ele>
      </trkpt>
      <trkpt lat="45.100570000" lon="5.028410000">
        <ele>229.000</ele>
      </trkpt>
      <trkpt lat="45.100580000" lon="5.028320000">
        <ele>230.000</ele>
      </trkpt>
      <trkpt lat="45.100590000" lon="5.028240000">
        <ele>231.000</ele>
      </trkpt>
      <trkpt lat="45.100590000" lon="5.028190000">
        <ele>232.000</ele>
      </trkpt>
      <trkpt lat="45.100620000" lon="5.028120000">
        <ele>233.000</ele>
      </trkpt>
      <trkpt lat="45.100660000" lon="5.028030000">
        <ele>234.000</ele>
      </trkpt>
      <trkpt lat="45.100680000" lon="5.027930000">
        <ele>234.000</ele>
      </trkpt>
      <trkpt lat="45.100690000" lon="5.027830000">
        <ele>235.000</ele>
      </trkpt>
      <trkpt lat="45.100690000" lon="5.027740000">
        <ele>236.000</ele>
      </trkpt>
      <trkpt lat="45.100680000" lon="5.027630000">
        <ele>236.000</ele>
      </trkpt>
      <trkpt lat="45.100650000" lon="5.027530000">
        <ele>237.000</ele>
      </trkpt>
      <trkpt lat="45.100620000" lon="5.027450000">
        <ele>238.000</ele>
      </trkpt>
      <trkpt lat="45.100480000" lon="5.027250000">
        <ele>239.000</ele>
      </trkpt>
      <trkpt lat="45.100400000" lon="5.027150000">
        <ele>241.000</ele>
      </trkpt>
      <trkpt lat="45.100000000" lon="5.026680000">
        <ele>244.000</ele>
      </trkpt>
      <trkpt lat="45.099920000" lon="5.026550000">
        <ele>246.000</ele>
      </trkpt>
      <trkpt lat="45.099860000" lon="5.026420000">
        <ele>249.000</ele>
      </trkpt>
      <trkpt lat="45.099690000" lon="5.025880000">
        <ele>252.000</ele>
      </trkpt>
      <trkpt lat="45.099630000" lon="5.025740000">
        <ele>255.000</ele>
      </trkpt>
      <trkpt lat="45.099560000" lon="5.025630000">
        <ele>257.000</ele>
      </trkpt>
      <trkpt lat="45.099230000" lon="5.025210000">
        <ele>261.000</ele>
      </trkpt>
      <trkpt lat="45.099170000" lon="5.025110000">
        <ele>263.000</ele>
      </trkpt>
      <trkpt lat="45.099110000" lon="5.025000000">
        <ele>264.000</ele>
      </trkpt>
      <trkpt lat="45.098860000" lon="5.024340000">
        <ele>264.000</ele>
      </trkpt>
      <trkpt lat="45.098780000" lon="5.024060000">
        <ele>264.000</ele>
      </trkpt>
      <trkpt lat="45.098690000" lon="5.023760000">
        <ele>263.000</ele>
      </trkpt>
      <trkpt lat="45.098630000" lon="5.023510000">
        <ele>263.000</ele>
      </trkpt>
      <trkpt lat="45.098480000" lon="5.022860000">
        <ele>262.000</ele>
      </trkpt>
      <trkpt lat="45.098460000" lon="5.022730000">
        <ele>261.000</ele>
      </trkpt>
      <trkpt lat="45.098450000" lon="5.022580000">
        <ele>260.000</ele>
      </trkpt>
      <trkpt lat="45.098470000" lon="5.022400000">
        <ele>259.000</ele>
      </trkpt>
      <trkpt lat="45.098500000" lon="5.022250000">
        <ele>258.000</ele>
      </trkpt>
      <trkpt lat="45.099450000" lon="5.019500000">
        <ele>253.000</ele>
      </trkpt>
      <trkpt lat="45.100350000" lon="5.016900000">
        <ele>247.000</ele>
      </trkpt>
      <trkpt lat="45.100390000" lon="5.016740000">
        <ele>243.000</ele>
      </trkpt>
      <trkpt lat="45.100400000" lon="5.016660000">
        <ele>241.000</ele>
      </trkpt>
      <trkpt lat="45.100450000" lon="5.016470000">
        <ele>239.000</ele>
      </trkpt>
      <trkpt lat="45.100480000" lon="5.016280000">
        <ele>238.000</ele>
      </trkpt>
      <trkpt lat="45.100530000" lon="5.015920000">
        <ele>238.000</ele>
      </trkpt>
      <trkpt lat="45.100590000" lon="5.015320000">
        <ele>238.000</ele>
      </trkpt>
      <trkpt lat="45.100680000" lon="5.014020000">
        <ele>238.000</ele>
      </trkpt>
      <trkpt lat="45.100830000" lon="5.012390000">
        <ele>238.000</ele>
      </trkpt>
      <trkpt lat="45.100880000" lon="5.012060000">
        <ele>238.000</ele>
      </trkpt>
      <trkpt lat="45.100940000" lon="5.011780000">
        <ele>238.000</ele>
      </trkpt>
      <trkpt lat="45.101010000" lon="5.011570000">
        <ele>238.000</ele>
      </trkpt>
      <trkpt lat="45.101080000" lon="5.011360000">
        <ele>238.000</ele>
      </trkpt>
      <trkpt lat="45.101200000" lon="5.011120000">
        <ele>238.000</ele>
      </trkpt>
      <trkpt lat="45.101330000" lon="5.010880000">
        <ele>238.000</ele>
      </trkpt>
      <trkpt lat="45.101470000" lon="5.010660000">
        <ele>238.000</ele>
      </trkpt>
      <trkpt lat="45.101970000" lon="5.009910000">
        <ele>238.000</ele>
      </trkpt>
      <trkpt lat="45.102120000" lon="5.009690000">
        <ele>238.000</ele>
      </trkpt>
      <trkpt lat="45.102260000" lon="5.009520000">
        <ele>238.000</ele>
      </trkpt>
      <trkpt lat="45.102420000" lon="5.009370000">
        <ele>238.000</ele>
      </trkpt>
      <trkpt lat="45.102590000" lon="5.009210000">
        <ele>237.000</ele>
      </trkpt>
      <trkpt lat="45.102810000" lon="5.009030000">
        <ele>236.000</ele>
      </trkpt>
      <trkpt lat="45.102810000" lon="5.009030000">
        <ele>236.000</ele>
      </trkpt>
      <trkpt lat="45.103580000" lon="5.008410000">
        <ele>234.000</ele>
      </trkpt>
      <trkpt lat="45.104310000" lon="5.007830000">
        <ele>232.000</ele>
      </trkpt>
      <trkpt lat="45.104930000" lon="5.007340000">
        <ele>231.000</ele>
      </trkpt>
      <trkpt lat="45.105050000" lon="5.007240000">
        <ele>230.000</ele>
      </trkpt>
      <trkpt lat="45.105920000" lon="5.006540000">
        <ele>231.000</ele>
      </trkpt>
      <trkpt lat="45.106160000" lon="5.006340000">
        <ele>233.000</ele>
      </trkpt>
      <trkpt lat="45.106350000" lon="5.006200000">
        <ele>235.000</ele>
      </trkpt>
      <trkpt lat="45.106530000" lon="5.006110000">
        <ele>237.000</ele>
      </trkpt>
      <trkpt lat="45.106720000" lon="5.006030000">
        <ele>238.000</ele>
      </trkpt>
      <trkpt lat="45.106920000" lon="5.005960000">
        <ele>240.000</ele>
      </trkpt>
      <trkpt lat="45.107100000" lon="5.005900000">
        <ele>242.000</ele>
      </trkpt>
      <trkpt lat="45.107350000" lon="5.005850000">
        <ele>244.000</ele>
      </trkpt>
      <trkpt lat="45.107660000" lon="5.005790000">
        <ele>247.000</ele>
      </trkpt>
      <trkpt lat="45.107980000" lon="5.005750000">
        <ele>249.000</ele>
      </trkpt>
      <trkpt lat="45.108390000" lon="5.005710000">
        <ele>251.000</ele>
      </trkpt>
      <trkpt lat="45.108610000" lon="5.005670000">
        <ele>253.000</ele>
      </trkpt>
      <trkpt lat="45.108890000" lon="5.005580000">
        <ele>255.000</ele>
      </trkpt>
      <trkpt lat="45.109320000" lon="5.005380000">
        <ele>257.000</ele>
      </trkpt>
      <trkpt lat="45.109610000" lon="5.005180000">
        <ele>259.000</ele>
      </trkpt>
      <trkpt lat="45.110270000" lon="5.004690000">
        <ele>257.000</ele>
      </trkpt>
      <trkpt lat="45.110670000" lon="5.004410000">
        <ele>255.000</ele>
      </trkpt>
      <trkpt lat="45.110790000" lon="5.004330000">
        <ele>253.000</ele>
      </trkpt>
      <trkpt lat="45.110830000" lon="5.004320000">
        <ele>252.000</ele>
      </trkpt>
      <trkpt lat="45.111160000" lon="5.004170000">
        <ele>250.000</ele>
      </trkpt>
      <trkpt lat="45.111700000" lon="5.003890000">
        <ele>246.000</ele>
      </trkpt>
      <trkpt lat="45.111800000" lon="5.003840000">
        <ele>244.000</ele>
      </trkpt>
      <trkpt lat="45.111820000" lon="5.003830000">
        <ele>242.000</ele>
      </trkpt>
      <trkpt lat="45.112040000" lon="5.003710000">
        <ele>241.000</ele>
      </trkpt>
      <trkpt lat="45.112380000" lon="5.003530000">
        <ele>240.000</ele>
      </trkpt>
      <trkpt lat="45.112740000" lon="5.003290000">
        <ele>238.000</ele>
      </trkpt>
      <trkpt lat="45.112950000" lon="5.003150000">
        <ele>237.000</ele>
      </trkpt>
      <trkpt lat="45.113120000" lon="5.003020000">
        <ele>236.000</ele>
      </trkpt>
      <trkpt lat="45.113350000" lon="5.002830000">
        <ele>235.000</ele>
      </trkpt>
      <trkpt lat="45.113580000" lon="5.002640000">
        <ele>235.000</ele>
      </trkpt>
      <trkpt lat="45.113840000" lon="5.002400000">
        <ele>234.000</ele>
      </trkpt>
      <trkpt lat="45.114480000" lon="5.001810000">
        <ele>234.000</ele>
      </trkpt>
      <trkpt lat="45.115240000" lon="5.001090000">
        <ele>234.000</ele>
      </trkpt>
      <trkpt lat="45.115440000" lon="5.000890000">
        <ele>234.000</ele>
      </trkpt>
      <trkpt lat="45.115660000" lon="5.000660000">
        <ele>234.000</ele>
      </trkpt>
      <trkpt lat="45.115820000" lon="5.000460000">
        <ele>234.000</ele>
      </trkpt>
      <trkpt lat="45.116010000" lon="5.000200000">
        <ele>234.000</ele>
      </trkpt>
      <trkpt lat="45.116070000" lon="5.000120000">
        <ele>234.000</ele>
      </trkpt>
      <trkpt lat="45.116230000" lon="4.999890000">
        <ele>234.000</ele>
      </trkpt>
      <trkpt lat="45.116370000" lon="4.999700000">
        <ele>234.000</ele>
      </trkpt>
      <trkpt lat="45.116550000" lon="4.999510000">
        <ele>234.000</ele>
      </trkpt>
      <trkpt lat="45.116700000" lon="4.999360000">
        <ele>234.000</ele>
      </trkpt>
      <trkpt lat="45.116850000" lon="4.999260000">
        <ele>233.000</ele>
      </trkpt>
      <trkpt lat="45.116990000" lon="4.999180000">
        <ele>233.000</ele>
      </trkpt>
      <trkpt lat="45.117150000" lon="4.999100000">
        <ele>232.000</ele>
      </trkpt>
      <trkpt lat="45.117590000" lon="4.998920000">
        <ele>231.000</ele>
      </trkpt>
      <trkpt lat="45.118260000" lon="4.998650000">
        <ele>228.000</ele>
      </trkpt>
      <trkpt lat="45.118450000" lon="4.998570000">
        <ele>226.000</ele>
      </trkpt>
      <trkpt lat="45.118630000" lon="4.998460000">
        <ele>225.000</ele>
      </trkpt>
      <trkpt lat="45.118770000" lon="4.998360000">
        <ele>223.000</ele>
      </trkpt>
      <trkpt lat="45.118880000" lon="4.998270000">
        <ele>221.000</ele>
      </trkpt>
      <trkpt lat="45.118990000" lon="4.998170000">
        <ele>220.000</ele>
      </trkpt>
      <trkpt lat="45.119100000" lon="4.998050000">
        <ele>219.000</ele>
      </trkpt>
      <trkpt lat="45.119190000" lon="4.997950000">
        <ele>218.000</ele>
      </trkpt>
      <trkpt lat="45.119270000" lon="4.997840000">
        <ele>217.000</ele>
      </trkpt>
      <trkpt lat="45.119330000" lon="4.997760000">
        <ele>216.000</ele>
      </trkpt>
      <trkpt lat="45.119420000" lon="4.997630000">
        <ele>215.000</ele>
      </trkpt>
      <trkpt lat="45.119510000" lon="4.997490000">
        <ele>214.000</ele>
      </trkpt>
      <trkpt lat="45.119570000" lon="4.997380000">
        <ele>213.000</ele>
      </trkpt>
      <trkpt lat="45.119920000" lon="4.996750000">
        <ele>211.000</ele>
      </trkpt>
      <trkpt lat="45.120420000" lon="4.995850000">
        <ele>210.000</ele>
      </trkpt>
      <trkpt lat="45.120660000" lon="4.995400000">
        <ele>209.000</ele>
      </trkpt>
      <trkpt lat="45.121030000" lon="4.994760000">
        <ele>209.000</ele>
      </trkpt>
      <trkpt lat="45.121140000" lon="4.994540000">
        <ele>209.000</ele>
      </trkpt>
      <trkpt lat="45.121190000" lon="4.994420000">
        <ele>209.000</ele>
      </trkpt>
      <trkpt lat="45.121230000" lon="4.994310000">
        <ele>209.000</ele>
      </trkpt>
      <trkpt lat="45.121320000" lon="4.994070000">
        <ele>209.000</ele>
      </trkpt>
      <trkpt lat="45.121480000" lon="4.993500000">
        <ele>209.000</ele>
      </trkpt>
      <trkpt lat="45.121490000" lon="4.993460000">
        <ele>209.000</ele>
      </trkpt>
      <trkpt lat="45.121690000" lon="4.992700000">
        <ele>209.000</ele>
      </trkpt>
      <trkpt lat="45.121870000" lon="4.992030000">
        <ele>209.000</ele>
      </trkpt>
      <trkpt lat="45.122070000" lon="4.991240000">
        <ele>208.000</ele>
      </trkpt>
      <trkpt lat="45.122120000" lon="4.991060000">
        <ele>208.000</ele>
      </trkpt>
      <trkpt lat="45.122190000" lon="4.990920000">
        <ele>208.000</ele>
      </trkpt>
      <trkpt lat="45.122240000" lon="4.990820000">
        <ele>208.000</ele>
      </trkpt>
      <trkpt lat="45.122270000" lon="4.990780000">
        <ele>208.000</ele>
      </trkpt>
      <trkpt lat="45.122300000" lon="4.990770000">
        <ele>208.000</ele>
      </trkpt>
      <trkpt lat="45.122330000" lon="4.990750000">
        <ele>208.000</ele>
      </trkpt>
      <trkpt lat="45.122350000" lon="4.990720000">
        <ele>208.000</ele>
      </trkpt>
      <trkpt lat="45.122370000" lon="4.990680000">
        <ele>208.000</ele>
      </trkpt>
      <trkpt lat="45.122390000" lon="4.990630000">
        <ele>208.000</ele>
      </trkpt>
      <trkpt lat="45.122390000" lon="4.990580000">
        <ele>208.000</ele>
      </trkpt>
      <trkpt lat="45.122380000" lon="4.990530000">
        <ele>208.000</ele>
      </trkpt>
      <trkpt lat="45.122370000" lon="4.990480000">
        <ele>208.000</ele>
      </trkpt>
      <trkpt lat="45.122340000" lon="4.990450000">
        <ele>208.000</ele>
      </trkpt>
      <trkpt lat="45.122310000" lon="4.990420000">
        <ele>208.000</ele>
      </trkpt>
      <trkpt lat="45.122260000" lon="4.990410000">
        <ele>208.000</ele>
      </trkpt>
      <trkpt lat="45.122220000" lon="4.990410000">
        <ele>208.000</ele>
      </trkpt>
      <trkpt lat="45.122190000" lon="4.990440000">
        <ele>208.000</ele>
      </trkpt>
      <trkpt lat="45.122130000" lon="4.990430000">
        <ele>208.000</ele>
      </trkpt>
      <trkpt lat="45.122060000" lon="4.990390000">
        <ele>208.000</ele>
      </trkpt>
      <trkpt lat="45.121940000" lon="4.990310000">
        <ele>208.000</ele>
      </trkpt>
      <trkpt lat="45.121830000" lon="4.990200000">
        <ele>208.000</ele>
      </trkpt>
      <trkpt lat="45.121720000" lon="4.990080000">
        <ele>207.000</ele>
      </trkpt>
      <trkpt lat="45.121560000" lon="4.989890000">
        <ele>207.000</ele>
      </trkpt>
      <trkpt lat="45.121400000" lon="4.989680000">
        <ele>207.000</ele>
      </trkpt>
      <trkpt lat="45.121250000" lon="4.989460000">
        <ele>206.000</ele>
      </trkpt>
      <trkpt lat="45.121120000" lon="4.989240000">
        <ele>206.000</ele>
      </trkpt>
      <trkpt lat="45.121010000" lon="4.989040000">
        <ele>205.000</ele>
      </trkpt>
      <trkpt lat="45.120960000" lon="4.988950000">
        <ele>205.000</ele>
      </trkpt>
      <trkpt lat="45.120940000" lon="4.988900000">
        <ele>205.000</ele>
      </trkpt>
      <trkpt lat="45.120780000" lon="4.988570000">
        <ele>204.000</ele>
      </trkpt>
      <trkpt lat="45.120630000" lon="4.988230000">
        <ele>204.000</ele>
      </trkpt>
      <trkpt lat="45.120550000" lon="4.988000000">
        <ele>203.000</ele>
      </trkpt>
      <trkpt lat="45.120400000" lon="4.987460000">
        <ele>203.000</ele>
      </trkpt>
      <trkpt lat="45.120380000" lon="4.987350000">
        <ele>203.000</ele>
      </trkpt>
      <trkpt lat="45.120330000" lon="4.987130000">
        <ele>203.000</ele>
      </trkpt>
      <trkpt lat="45.120290000" lon="4.986900000">
        <ele>203.000</ele>
      </trkpt>
      <trkpt lat="45.120240000" lon="4.986620000">
        <ele>203.000</ele>
      </trkpt>
      <trkpt lat="45.120210000" lon="4.986310000">
        <ele>203.000</ele>
      </trkpt>
      <trkpt lat="45.120180000" lon="4.986030000">
        <ele>203.000</ele>
      </trkpt>
      <trkpt lat="45.120180000" lon="4.985770000">
        <ele>203.000</ele>
      </trkpt>
      <trkpt lat="45.120180000" lon="4.985520000">
        <ele>203.000</ele>
      </trkpt>
      <trkpt lat="45.120180000" lon="4.985290000">
        <ele>203.000</ele>
      </trkpt>
      <trkpt lat="45.120190000" lon="4.985160000">
        <ele>203.000</ele>
      </trkpt>
      <trkpt lat="45.120200000" lon="4.985100000">
        <ele>203.000</ele>
      </trkpt>
      <trkpt lat="45.120210000" lon="4.984910000">
        <ele>203.000</ele>
      </trkpt>
      <trkpt lat="45.120280000" lon="4.984660000">
        <ele>203.000</ele>
      </trkpt>
      <trkpt lat="45.120320000" lon="4.984530000">
        <ele>203.000</ele>
      </trkpt>
      <trkpt lat="45.120360000" lon="4.984450000">
        <ele>203.000</ele>
      </trkpt>
      <trkpt lat="45.120400000" lon="4.984380000">
        <ele>203.000</ele>
      </trkpt>
      <trkpt lat="45.120430000" lon="4.984330000">
        <ele>203.000</ele>
      </trkpt>
      <trkpt lat="45.120450000" lon="4.984330000">
        <ele>203.000</ele>
      </trkpt>
      <trkpt lat="45.120470000" lon="4.984310000">
        <ele>203.000</ele>
      </trkpt>
      <trkpt lat="45.120490000" lon="4.984280000">
        <ele>203.000</ele>
      </trkpt>
      <trkpt lat="45.120510000" lon="4.984210000">
        <ele>203.000</ele>
      </trkpt>
      <trkpt lat="45.120540000" lon="4.984110000">
        <ele>203.000</ele>
      </trkpt>
      <trkpt lat="45.120550000" lon="4.984060000">
        <ele>203.000</ele>
      </trkpt>
      <trkpt lat="45.120550000" lon="4.983990000">
        <ele>203.000</ele>
      </trkpt>
      <trkpt lat="45.120530000" lon="4.983950000">
        <ele>203.000</ele>
      </trkpt>
      <trkpt lat="45.120510000" lon="4.983920000">
        <ele>203.000</ele>
      </trkpt>
      <trkpt lat="45.120490000" lon="4.983780000">
        <ele>203.000</ele>
      </trkpt>
      <trkpt lat="45.120490000" lon="4.983680000">
        <ele>203.000</ele>
      </trkpt>
      <trkpt lat="45.120540000" lon="4.983470000">
        <ele>203.000</ele>
      </trkpt>
      <trkpt lat="45.120570000" lon="4.983310000">
        <ele>203.000</ele>
      </trkpt>
      <trkpt lat="45.120600000" lon="4.983150000">
        <ele>203.000</ele>
      </trkpt>
      <trkpt lat="45.120620000" lon="4.982990000">
        <ele>203.000</ele>
      </trkpt>
      <trkpt lat="45.120640000" lon="4.982850000">
        <ele>203.000</ele>
      </trkpt>
      <trkpt lat="45.120660000" lon="4.982660000">
        <ele>203.000</ele>
      </trkpt>
      <trkpt lat="45.120680000" lon="4.982440000">
        <ele>203.000</ele>
      </trkpt>
      <trkpt lat="45.120690000" lon="4.982210000">
        <ele>203.000</ele>
      </trkpt>
      <trkpt lat="45.120680000" lon="4.981990000">
        <ele>203.000</ele>
      </trkpt>
      <trkpt lat="45.120670000" lon="4.981760000">
        <ele>203.000</ele>
      </trkpt>
      <trkpt lat="45.120660000" lon="4.981560000">
        <ele>203.000</ele>
      </trkpt>
      <trkpt lat="45.120620000" lon="4.981320000">
        <ele>203.000</ele>
      </trkpt>
      <trkpt lat="45.120550000" lon="4.980970000">
        <ele>203.000</ele>
      </trkpt>
      <trkpt lat="45.120480000" lon="4.980670000">
        <ele>203.000</ele>
      </trkpt>
      <trkpt lat="45.120210000" lon="4.979660000">
        <ele>202.000</ele>
      </trkpt>
      <trkpt lat="45.120150000" lon="4.979440000">
        <ele>202.000</ele>
      </trkpt>
      <trkpt lat="45.120130000" lon="4.979340000">
        <ele>201.000</ele>
      </trkpt>
      <trkpt lat="45.120090000" lon="4.979160000">
        <ele>201.000</ele>
      </trkpt>
      <trkpt lat="45.120020000" lon="4.978740000">
        <ele>200.000</ele>
      </trkpt>
      <trkpt lat="45.119940000" lon="4.978320000">
        <ele>200.000</ele>
      </trkpt>
      <trkpt lat="45.119830000" lon="4.977630000">
        <ele>199.000</ele>
      </trkpt>
      <trkpt lat="45.119740000" lon="4.977120000">
        <ele>198.000</ele>
      </trkpt>
      <trkpt lat="45.119590000" lon="4.976250000">
        <ele>198.000</ele>
      </trkpt>
      <trkpt lat="45.119570000" lon="4.976130000">
        <ele>197.000</ele>
      </trkpt>
      <trkpt lat="45.119550000" lon="4.976070000">
        <ele>197.000</ele>
      </trkpt>
      <trkpt lat="45.119550000" lon="4.976030000">
        <ele>197.000</ele>
      </trkpt>
      <trkpt lat="45.119570000" lon="4.976010000">
        <ele>197.000</ele>
      </trkpt>
      <trkpt lat="45.119580000" lon="4.975990000">
        <ele>197.000</ele>
      </trkpt>
      <trkpt lat="45.119590000" lon="4.975960000">
        <ele>197.000</ele>
      </trkpt>
      <trkpt lat="45.119590000" lon="4.975930000">
        <ele>197.000</ele>
      </trkpt>
      <trkpt lat="45.119580000" lon="4.975900000">
        <ele>197.000</ele>
      </trkpt>
      <trkpt lat="45.119570000" lon="4.975880000">
        <ele>197.000</ele>
      </trkpt>
      <trkpt lat="45.119550000" lon="4.975860000">
        <ele>196.000</ele>
      </trkpt>
      <trkpt lat="45.119530000" lon="4.975860000">
        <ele>196.000</ele>
      </trkpt>
      <trkpt lat="45.119520000" lon="4.975860000">
        <ele>196.000</ele>
      </trkpt>
      <trkpt lat="45.119510000" lon="4.975820000">
        <ele>196.000</ele>
      </trkpt>
      <trkpt lat="45.119500000" lon="4.975750000">
        <ele>196.000</ele>
      </trkpt>
      <trkpt lat="45.119460000" lon="4.975560000">
        <ele>196.000</ele>
      </trkpt>
      <trkpt lat="45.119250000" lon="4.974300000">
        <ele>196.000</ele>
      </trkpt>
      <trkpt lat="45.119190000" lon="4.974000000">
        <ele>196.000</ele>
      </trkpt>
      <trkpt lat="45.119180000" lon="4.973920000">
        <ele>196.000</ele>
      </trkpt>
      <trkpt lat="45.119060000" lon="4.973230000">
        <ele>196.000</ele>
      </trkpt>
      <trkpt lat="45.119010000" lon="4.972910000">
        <ele>196.000</ele>
      </trkpt>
      <trkpt lat="45.118920000" lon="4.972390000">
        <ele>196.000</ele>
      </trkpt>
      <trkpt lat="45.118890000" lon="4.972240000">
        <ele>196.000</ele>
      </trkpt>
      <trkpt lat="45.118850000" lon="4.971990000">
        <ele>196.000</ele>
      </trkpt>
      <trkpt lat="45.118790000" lon="4.971670000">
        <ele>196.000</ele>
      </trkpt>
      <trkpt lat="45.118780000" lon="4.971560000">
        <ele>196.000</ele>
      </trkpt>
      <trkpt lat="45.118760000" lon="4.971420000">
        <ele>196.000</ele>
      </trkpt>
      <trkpt lat="45.118780000" lon="4.971310000">
        <ele>196.000</ele>
      </trkpt>
      <trkpt lat="45.118810000" lon="4.971210000">
        <ele>196.000</ele>
      </trkpt>
      <trkpt lat="45.118830000" lon="4.971140000">
        <ele>196.000</ele>
      </trkpt>
      <trkpt lat="45.118860000" lon="4.971080000">
        <ele>196.000</ele>
      </trkpt>
      <trkpt lat="45.118910000" lon="4.970990000">
        <ele>196.000</ele>
      </trkpt>
      <trkpt lat="45.118930000" lon="4.970950000">
        <ele>196.000</ele>
      </trkpt>
      <trkpt lat="45.118960000" lon="4.970940000">
        <ele>196.000</ele>
      </trkpt>
      <trkpt lat="45.118980000" lon="4.970930000">
        <ele>196.000</ele>
      </trkpt>
      <trkpt lat="45.119010000" lon="4.970890000">
        <ele>196.000</ele>
      </trkpt>
      <trkpt lat="45.119030000" lon="4.970850000">
        <ele>196.000</ele>
      </trkpt>
      <trkpt lat="45.119050000" lon="4.970790000">
        <ele>196.000</ele>
      </trkpt>
      <trkpt lat="45.119050000" lon="4.970740000">
        <ele>196.000</ele>
      </trkpt>
      <trkpt lat="45.119030000" lon="4.970680000">
        <ele>196.000</ele>
      </trkpt>
      <trkpt lat="45.119010000" lon="4.970640000">
        <ele>196.000</ele>
      </trkpt>
      <trkpt lat="45.118990000" lon="4.970620000">
        <ele>196.000</ele>
      </trkpt>
      <trkpt lat="45.118980000" lon="4.970600000">
        <ele>196.000</ele>
      </trkpt>
      <trkpt lat="45.118940000" lon="4.970590000">
        <ele>196.000</ele>
      </trkpt>
      <trkpt lat="45.118900000" lon="4.970590000">
        <ele>196.000</ele>
      </trkpt>
      <trkpt lat="45.118830000" lon="4.970540000">
        <ele>196.000</ele>
      </trkpt>
      <trkpt lat="45.118760000" lon="4.970490000">
        <ele>197.000</ele>
      </trkpt>
      <trkpt lat="45.118440000" lon="4.970060000">
        <ele>197.000</ele>
      </trkpt>
      <trkpt lat="45.118150000" lon="4.969640000">
        <ele>197.000</ele>
      </trkpt>
      <trkpt lat="45.117850000" lon="4.969170000">
        <ele>197.000</ele>
      </trkpt>
      <trkpt lat="45.117790000" lon="4.969080000">
        <ele>197.000</ele>
      </trkpt>
      <trkpt lat="45.117660000" lon="4.968870000">
        <ele>197.000</ele>
      </trkpt>
      <trkpt lat="45.117630000" lon="4.968760000">
        <ele>197.000</ele>
      </trkpt>
      <trkpt lat="45.117620000" lon="4.968680000">
        <ele>197.000</ele>
      </trkpt>
      <trkpt lat="45.117620000" lon="4.968610000">
        <ele>197.000</ele>
      </trkpt>
      <trkpt lat="45.117630000" lon="4.968580000">
        <ele>197.000</ele>
      </trkpt>
      <trkpt lat="45.117640000" lon="4.968540000">
        <ele>197.000</ele>
      </trkpt>
      <trkpt lat="45.117650000" lon="4.968510000">
        <ele>197.000</ele>
      </trkpt>
      <trkpt lat="45.117650000" lon="4.968470000">
        <ele>197.000</ele>
      </trkpt>
      <trkpt lat="45.117650000" lon="4.968440000">
        <ele>196.000</ele>
      </trkpt>
      <trkpt lat="45.117640000" lon="4.968370000">
        <ele>196.000</ele>
      </trkpt>
      <trkpt lat="45.117610000" lon="4.968310000">
        <ele>196.000</ele>
      </trkpt>
      <trkpt lat="45.117580000" lon="4.968270000">
        <ele>196.000</ele>
      </trkpt>
      <trkpt lat="45.117540000" lon="4.968240000">
        <ele>196.000</ele>
      </trkpt>
      <trkpt lat="45.117500000" lon="4.968230000">
        <ele>196.000</ele>
      </trkpt>
      <trkpt lat="45.117450000" lon="4.968240000">
        <ele>196.000</ele>
      </trkpt>
      <trkpt lat="45.117410000" lon="4.968260000">
        <ele>196.000</ele>
      </trkpt>
      <trkpt lat="45.117200000" lon="4.968110000">
        <ele>196.000</ele>
      </trkpt>
      <trkpt lat="45.116990000" lon="4.967770000">
        <ele>196.000</ele>
      </trkpt>
      <trkpt lat="45.116820000" lon="4.967520000">
        <ele>196.000</ele>
      </trkpt>
      <trkpt lat="45.116690000" lon="4.967270000">
        <ele>195.000</ele>
      </trkpt>
      <trkpt lat="45.116630000" lon="4.967140000">
        <ele>195.000</ele>
      </trkpt>
      <trkpt lat="45.116570000" lon="4.967000000">
        <ele>195.000</ele>
      </trkpt>
      <trkpt lat="45.116530000" lon="4.966900000">
        <ele>195.000</ele>
      </trkpt>
      <trkpt lat="45.116500000" lon="4.966810000">
        <ele>195.000</ele>
      </trkpt>
      <trkpt lat="45.116300000" lon="4.966300000">
        <ele>195.000</ele>
      </trkpt>
      <trkpt lat="45.116040000" lon="4.965640000">
        <ele>194.000</ele>
      </trkpt>
      <trkpt lat="45.115850000" lon="4.965150000">
        <ele>194.000</ele>
      </trkpt>
      <trkpt lat="45.115740000" lon="4.964910000">
        <ele>194.000</ele>
      </trkpt>
      <trkpt lat="45.115630000" lon="4.964700000">
        <ele>194.000</ele>
      </trkpt>
      <trkpt lat="45.115320000" lon="4.964220000">
        <ele>195.000</ele>
      </trkpt>
      <trkpt lat="45.115020000" lon="4.963780000">
        <ele>196.000</ele>
      </trkpt>
      <trkpt lat="45.114890000" lon="4.963550000">
        <ele>197.000</ele>
      </trkpt>
      <trkpt lat="45.114830000" lon="4.963460000">
        <ele>197.000</ele>
      </trkpt>
      <trkpt lat="45.114810000" lon="4.963380000">
        <ele>198.000</ele>
      </trkpt>
      <trkpt lat="45.114800000" lon="4.963310000">
        <ele>198.000</ele>
      </trkpt>
      <trkpt lat="45.114780000" lon="4.963240000">
        <ele>199.000</ele>
      </trkpt>
      <trkpt lat="45.114740000" lon="4.963190000">
        <ele>199.000</ele>
      </trkpt>
      <trkpt lat="45.114690000" lon="4.963160000">
        <ele>199.000</ele>
      </trkpt>
      <trkpt lat="45.114640000" lon="4.963160000">
        <ele>199.000</ele>
      </trkpt>
      <trkpt lat="45.114610000" lon="4.963130000">
        <ele>199.000</ele>
      </trkpt>
      <trkpt lat="45.114560000" lon="4.963070000">
        <ele>199.000</ele>
      </trkpt>
      <trkpt lat="45.114510000" lon="4.963000000">
        <ele>200.000</ele>
      </trkpt>
      <trkpt lat="45.114370000" lon="4.962770000">
        <ele>200.000</ele>
      </trkpt>
      <trkpt lat="45.114010000" lon="4.962010000">
        <ele>200.000</ele>
      </trkpt>
      <trkpt lat="45.113870000" lon="4.961720000">
        <ele>200.000</ele>
      </trkpt>
      <trkpt lat="45.113560000" lon="4.961090000">
        <ele>201.000</ele>
      </trkpt>
      <trkpt lat="45.113410000" lon="4.960810000">
        <ele>201.000</ele>
      </trkpt>
      <trkpt lat="45.113200000" lon="4.960470000">
        <ele>200.000</ele>
      </trkpt>
      <trkpt lat="45.112990000" lon="4.960140000">
        <ele>199.000</ele>
      </trkpt>
      <trkpt lat="45.112490000" lon="4.959260000">
        <ele>198.000</ele>
      </trkpt>
      <trkpt lat="45.111920000" lon="4.958440000">
        <ele>195.000</ele>
      </trkpt>
      <trkpt lat="45.111650000" lon="4.958030000">
        <ele>194.000</ele>
      </trkpt>
      <trkpt lat="45.111570000" lon="4.957900000">
        <ele>194.000</ele>
      </trkpt>
      <trkpt lat="45.111570000" lon="4.957900000">
        <ele>194.000</ele>
      </trkpt>
      <trkpt lat="45.111490000" lon="4.957770000">
        <ele>194.000</ele>
      </trkpt>
      <trkpt lat="45.111440000" lon="4.957660000">
        <ele>194.000</ele>
      </trkpt>
      <trkpt lat="45.111160000" lon="4.957110000">
        <ele>195.000</ele>
      </trkpt>
      <trkpt lat="45.111000000" lon="4.956860000">
        <ele>196.000</ele>
      </trkpt>
      <trkpt lat="45.110840000" lon="4.956710000">
        <ele>197.000</ele>
      </trkpt>
      <trkpt lat="45.110710000" lon="4.956590000">
        <ele>198.000</ele>
      </trkpt>
      <trkpt lat="45.110410000" lon="4.956300000">
        <ele>199.000</ele>
      </trkpt>
      <trkpt lat="45.110130000" lon="4.955940000">
        <ele>198.000</ele>
      </trkpt>
      <trkpt lat="45.110050000" lon="4.955830000">
        <ele>198.000</ele>
      </trkpt>
      <trkpt lat="45.109920000" lon="4.955620000">
        <ele>197.000</ele>
      </trkpt>
      <trkpt lat="45.109790000" lon="4.955370000">
        <ele>196.000</ele>
      </trkpt>
      <trkpt lat="45.109680000" lon="4.955100000">
        <ele>196.000</ele>
      </trkpt>
      <trkpt lat="45.109600000" lon="4.954880000">
        <ele>195.000</ele>
      </trkpt>
      <trkpt lat="45.109510000" lon="4.954600000">
        <ele>194.000</ele>
      </trkpt>
      <trkpt lat="45.109400000" lon="4.954080000">
        <ele>194.000</ele>
      </trkpt>
      <trkpt lat="45.109350000" lon="4.953830000">
        <ele>193.000</ele>
      </trkpt>
      <trkpt lat="45.109290000" lon="4.953600000">
        <ele>193.000</ele>
      </trkpt>
      <trkpt lat="45.109250000" lon="4.953470000">
        <ele>193.000</ele>
      </trkpt>
      <trkpt lat="45.109170000" lon="4.953240000">
        <ele>192.000</ele>
      </trkpt>
      <trkpt lat="45.109060000" lon="4.953030000">
        <ele>192.000</ele>
      </trkpt>
      <trkpt lat="45.108950000" lon="4.952850000">
        <ele>192.000</ele>
      </trkpt>
      <trkpt lat="45.108730000" lon="4.952590000">
        <ele>192.000</ele>
      </trkpt>
      <trkpt lat="45.108640000" lon="4.952490000">
        <ele>192.000</ele>
      </trkpt>
      <trkpt lat="45.108120000" lon="4.951910000">
        <ele>192.000</ele>
      </trkpt>
      <trkpt lat="45.107800000" lon="4.951540000">
        <ele>192.000</ele>
      </trkpt>
      <trkpt lat="45.107600000" lon="4.951330000">
        <ele>192.000</ele>
      </trkpt>
      <trkpt lat="45.107420000" lon="4.951150000">
        <ele>192.000</ele>
      </trkpt>
      <trkpt lat="45.107220000" lon="4.951010000">
        <ele>192.000</ele>
      </trkpt>
      <trkpt lat="45.106800000" lon="4.950770000">
        <ele>192.000</ele>
      </trkpt>
      <trkpt lat="45.106520000" lon="4.950630000">
        <ele>192.000</ele>
      </trkpt>
      <trkpt lat="45.106200000" lon="4.950480000">
        <ele>192.000</ele>
      </trkpt>
      <trkpt lat="45.105860000" lon="4.950330000">
        <ele>192.000</ele>
      </trkpt>
      <trkpt lat="45.105300000" lon="4.950110000">
        <ele>192.000</ele>
      </trkpt>
      <trkpt lat="45.105150000" lon="4.950050000">
        <ele>192.000</ele>
      </trkpt>
      <trkpt lat="45.104820000" lon="4.949820000">
        <ele>192.000</ele>
      </trkpt>
      <trkpt lat="45.104780000" lon="4.949790000">
        <ele>191.000</ele>
      </trkpt>
      <trkpt lat="45.104770000" lon="4.949750000">
        <ele>191.000</ele>
      </trkpt>
      <trkpt lat="45.104760000" lon="4.949720000">
        <ele>191.000</ele>
      </trkpt>
      <trkpt lat="45.104720000" lon="4.949650000">
        <ele>191.000</ele>
      </trkpt>
      <trkpt lat="45.104660000" lon="4.949600000">
        <ele>191.000</ele>
      </trkpt>
      <trkpt lat="45.104600000" lon="4.949590000">
        <ele>191.000</ele>
      </trkpt>
      <trkpt lat="45.104550000" lon="4.949610000">
        <ele>191.000</ele>
      </trkpt>
      <trkpt lat="45.104500000" lon="4.949650000">
        <ele>191.000</ele>
      </trkpt>
      <trkpt lat="45.104420000" lon="4.949620000">
        <ele>191.000</ele>
      </trkpt>
      <trkpt lat="45.104240000" lon="4.949540000">
        <ele>191.000</ele>
      </trkpt>
      <trkpt lat="45.104030000" lon="4.949440000">
        <ele>191.000</ele>
      </trkpt>
      <trkpt lat="45.103840000" lon="4.949310000">
        <ele>190.000</ele>
      </trkpt>
      <trkpt lat="45.103620000" lon="4.949190000">
        <ele>190.000</ele>
      </trkpt>
      <trkpt lat="45.103150000" lon="4.948940000">
        <ele>189.000</ele>
      </trkpt>
      <trkpt lat="45.102600000" lon="4.948620000">
        <ele>189.000</ele>
      </trkpt>
      <trkpt lat="45.102060000" lon="4.948250000">
        <ele>187.000</ele>
      </trkpt>
      <trkpt lat="45.101780000" lon="4.948060000">
        <ele>186.000</ele>
      </trkpt>
      <trkpt lat="45.101190000" lon="4.947640000">
        <ele>185.000</ele>
      </trkpt>
      <trkpt lat="45.100870000" lon="4.947410000">
        <ele>184.000</ele>
      </trkpt>
      <trkpt lat="45.100230000" lon="4.946870000">
        <ele>184.000</ele>
      </trkpt>
      <trkpt lat="45.099500000" lon="4.946140000">
        <ele>184.000</ele>
      </trkpt>
      <trkpt lat="45.099430000" lon="4.946070000">
        <ele>184.000</ele>
      </trkpt>
      <trkpt lat="45.098650000" lon="4.945000000">
        <ele>184.000</ele>
      </trkpt>
      <trkpt lat="45.098370000" lon="4.944680000">
        <ele>184.000</ele>
      </trkpt>
      <trkpt lat="45.098070000" lon="4.944400000">
        <ele>184.000</ele>
      </trkpt>
      <trkpt lat="45.097300000" lon="4.943700000">
        <ele>184.000</ele>
      </trkpt>
      <trkpt lat="45.096990000" lon="4.943390000">
        <ele>185.000</ele>
      </trkpt>
      <trkpt lat="45.096800000" lon="4.943200000">
        <ele>186.000</ele>
      </trkpt>
      <trkpt lat="45.096620000" lon="4.942990000">
        <ele>187.000</ele>
      </trkpt>
      <trkpt lat="45.096440000" lon="4.942760000">
        <ele>188.000</ele>
      </trkpt>
      <trkpt lat="45.096330000" lon="4.942600000">
        <ele>188.000</ele>
      </trkpt>
      <trkpt lat="45.096210000" lon="4.942410000">
        <ele>189.000</ele>
      </trkpt>
      <trkpt lat="45.095950000" lon="4.941940000">
        <ele>189.000</ele>
      </trkpt>
      <trkpt lat="45.095860000" lon="4.941760000">
        <ele>189.000</ele>
      </trkpt>
      <trkpt lat="45.095690000" lon="4.941440000">
        <ele>189.000</ele>
      </trkpt>
      <trkpt lat="45.095480000" lon="4.941030000">
        <ele>188.000</ele>
      </trkpt>
      <trkpt lat="45.095220000" lon="4.940530000">
        <ele>188.000</ele>
      </trkpt>
      <trkpt lat="45.095130000" lon="4.940350000">
        <ele>188.000</ele>
      </trkpt>
      <trkpt lat="45.094750000" lon="4.939620000">
        <ele>188.000</ele>
      </trkpt>
      <trkpt lat="45.094700000" lon="4.939510000">
        <ele>187.000</ele>
      </trkpt>
      <trkpt lat="45.094180000" lon="4.938480000">
        <ele>187.000</ele>
      </trkpt>
      <trkpt lat="45.094050000" lon="4.938230000">
        <ele>187.000</ele>
      </trkpt>
      <trkpt lat="45.093930000" lon="4.938020000">
        <ele>187.000</ele>
      </trkpt>
      <trkpt lat="45.093820000" lon="4.937860000">
        <ele>186.000</ele>
      </trkpt>
      <trkpt lat="45.093690000" lon="4.937680000">
        <ele>186.000</ele>
      </trkpt>
      <trkpt lat="45.093590000" lon="4.937550000">
        <ele>186.000</ele>
      </trkpt>
      <trkpt lat="45.093490000" lon="4.937430000">
        <ele>186.000</ele>
      </trkpt>
      <trkpt lat="45.093350000" lon="4.937300000">
        <ele>185.000</ele>
      </trkpt>
      <trkpt lat="45.093200000" lon="4.937170000">
        <ele>185.000</ele>
      </trkpt>
      <trkpt lat="45.093060000" lon="4.937070000">
        <ele>185.000</ele>
      </trkpt>
      <trkpt lat="45.092930000" lon="4.936990000">
        <ele>185.000</ele>
      </trkpt>
      <trkpt lat="45.092810000" lon="4.936910000">
        <ele>184.000</ele>
      </trkpt>
      <trkpt lat="45.092700000" lon="4.936860000">
        <ele>184.000</ele>
      </trkpt>
      <trkpt lat="45.092500000" lon="4.936780000">
        <ele>184.000</ele>
      </trkpt>
      <trkpt lat="45.092320000" lon="4.936720000">
        <ele>184.000</ele>
      </trkpt>
      <trkpt lat="45.091520000" lon="4.936520000">
        <ele>184.000</ele>
      </trkpt>
      <trkpt lat="45.091010000" lon="4.936390000">
        <ele>184.000</ele>
      </trkpt>
      <trkpt lat="45.090470000" lon="4.936250000">
        <ele>184.000</ele>
      </trkpt>
      <trkpt lat="45.089970000" lon="4.936120000">
        <ele>183.000</ele>
      </trkpt>
      <trkpt lat="45.088830000" lon="4.935830000">
        <ele>183.000</ele>
      </trkpt>
      <trkpt lat="45.088600000" lon="4.935780000">
        <ele>182.000</ele>
      </trkpt>
      <trkpt lat="45.088340000" lon="4.935730000">
        <ele>182.000</ele>
      </trkpt>
      <trkpt lat="45.088140000" lon="4.935710000">
        <ele>181.000</ele>
      </trkpt>
      <trkpt lat="45.087960000" lon="4.935700000">
        <ele>181.000</ele>
      </trkpt>
      <trkpt lat="45.087530000" lon="4.935750000">
        <ele>180.000</ele>
      </trkpt>
      <trkpt lat="45.087300000" lon="4.935810000">
        <ele>180.000</ele>
      </trkpt>
      <trkpt lat="45.087100000" lon="4.935880000">
        <ele>179.000</ele>
      </trkpt>
      <trkpt lat="45.086900000" lon="4.935960000">
        <ele>179.000</ele>
      </trkpt>
      <trkpt lat="45.086660000" lon="4.936090000">
        <ele>178.000</ele>
      </trkpt>
      <trkpt lat="45.086550000" lon="4.936160000">
        <ele>178.000</ele>
      </trkpt>
      <trkpt lat="45.086450000" lon="4.936210000">
        <ele>178.000</ele>
      </trkpt>
      <trkpt lat="45.086430000" lon="4.936090000">
        <ele>178.000</ele>
      </trkpt>
      <trkpt lat="45.086420000" lon="4.935980000">
        <ele>177.000</ele>
      </trkpt>
      <trkpt lat="45.086430000" lon="4.935860000">
        <ele>177.000</ele>
      </trkpt>
      <trkpt lat="45.086450000" lon="4.935770000">
        <ele>177.000</ele>
      </trkpt>
      <trkpt lat="45.086550000" lon="4.935680000">
        <ele>177.000</ele>
      </trkpt>
      <trkpt lat="45.086820000" lon="4.935490000">
        <ele>177.000</ele>
      </trkpt>
      <trkpt lat="45.086890000" lon="4.935430000">
        <ele>177.000</ele>
      </trkpt>
      <trkpt lat="45.087160000" lon="4.935140000">
        <ele>177.000</ele>
      </trkpt>
      <trkpt lat="45.087880000" lon="4.934440000">
        <ele>176.000</ele>
      </trkpt>
      <trkpt lat="45.087980000" lon="4.934310000">
        <ele>176.000</ele>
      </trkpt>
      <trkpt lat="45.088060000" lon="4.934150000">
        <ele>176.000</ele>
      </trkpt>
      <trkpt lat="45.088080000" lon="4.933990000">
        <ele>175.000</ele>
      </trkpt>
      <trkpt lat="45.088070000" lon="4.933820000">
        <ele>175.000</ele>
      </trkpt>
      <trkpt lat="45.088000000" lon="4.933340000">
        <ele>175.000</ele>
      </trkpt>
      <trkpt lat="45.087920000" lon="4.933040000">
        <ele>174.000</ele>
      </trkpt>
      <trkpt lat="45.087710000" lon="4.932470000">
        <ele>174.000</ele>
      </trkpt>
      <trkpt lat="45.087670000" lon="4.932380000">
        <ele>174.000</ele>
      </trkpt>
      <trkpt lat="45.087660000" lon="4.932330000">
        <ele>173.000</ele>
      </trkpt>
      <trkpt lat="45.087640000" lon="4.932230000">
        <ele>173.000</ele>
      </trkpt>
      <trkpt lat="45.087620000" lon="4.931960000">
        <ele>173.000</ele>
      </trkpt>
      <trkpt lat="45.087650000" lon="4.931610000">
        <ele>173.000</ele>
      </trkpt>
      <trkpt lat="45.087700000" lon="4.930960000">
        <ele>173.000</ele>
      </trkpt>
      <trkpt lat="45.087710000" lon="4.930830000">
        <ele>173.000</ele>
      </trkpt>
      <trkpt lat="45.087710000" lon="4.930750000">
        <ele>173.000</ele>
      </trkpt>
      <trkpt lat="45.087760000" lon="4.929830000">
        <ele>174.000</ele>
      </trkpt>
      <trkpt lat="45.087850000" lon="4.928000000">
        <ele>174.000</ele>
      </trkpt>
      <trkpt lat="45.087830000" lon="4.927770000">
        <ele>175.000</ele>
      </trkpt>
      <trkpt lat="45.087740000" lon="4.927670000">
        <ele>176.000</ele>
      </trkpt>
      <trkpt lat="45.087500000" lon="4.927400000">
        <ele>177.000</ele>
      </trkpt>
      <trkpt lat="45.087270000" lon="4.927070000">
        <ele>178.000</ele>
      </trkpt>
      <trkpt lat="45.087090000" lon="4.926700000">
        <ele>179.000</ele>
      </trkpt>
      <trkpt lat="45.086950000" lon="4.926310000">
        <ele>181.000</ele>
      </trkpt>
      <trkpt lat="45.086710000" lon="4.925460000">
        <ele>183.000</ele>
      </trkpt>
      <trkpt lat="45.086670000" lon="4.925370000">
        <ele>185.000</ele>
      </trkpt>
      <trkpt lat="45.086670000" lon="4.925370000">
        <ele>186.000</ele>
      </trkpt>
      <trkpt lat="45.086510000" lon="4.924920000">
        <ele>187.000</ele>
      </trkpt>
      <trkpt lat="45.086310000" lon="4.924480000">
        <ele>189.000</ele>
      </trkpt>
      <trkpt lat="45.086080000" lon="4.924020000">
        <ele>192.000</ele>
      </trkpt>
      <trkpt lat="45.086020000" lon="4.923940000">
        <ele>193.000</ele>
      </trkpt>
      <trkpt lat="45.085740000" lon="4.923650000">
        <ele>195.000</ele>
      </trkpt>
      <trkpt lat="45.085440000" lon="4.923220000">
        <ele>198.000</ele>
      </trkpt>
      <trkpt lat="45.085090000" lon="4.922680000">
        <ele>201.000</ele>
      </trkpt>
      <trkpt lat="45.085080000" lon="4.922660000">
        <ele>204.000</ele>
      </trkpt>
      <trkpt lat="45.085040000" lon="4.922620000">
        <ele>205.000</ele>
      </trkpt>
      <trkpt lat="45.084890000" lon="4.922450000">
        <ele>207.000</ele>
      </trkpt>
      <trkpt lat="45.084820000" lon="4.922410000">
        <ele>209.000</ele>
      </trkpt>
      <trkpt lat="45.084620000" lon="4.922270000">
        <ele>211.000</ele>
      </trkpt>
      <trkpt lat="45.084400000" lon="4.922170000">
        <ele>213.000</ele>
      </trkpt>
      <trkpt lat="45.084280000" lon="4.922130000">
        <ele>215.000</ele>
      </trkpt>
      <trkpt lat="45.084210000" lon="4.922100000">
        <ele>216.000</ele>
      </trkpt>
      <trkpt lat="45.083970000" lon="4.922020000">
        <ele>218.000</ele>
      </trkpt>
      <trkpt lat="45.083580000" lon="4.921800000">
        <ele>221.000</ele>
      </trkpt>
      <trkpt lat="45.083530000" lon="4.921770000">
        <ele>223.000</ele>
      </trkpt>
      <trkpt lat="45.083370000" lon="4.921650000">
        <ele>225.000</ele>
      </trkpt>
      <trkpt lat="45.083130000" lon="4.921470000">
        <ele>227.000</ele>
      </trkpt>
      <trkpt lat="45.083130000" lon="4.921400000">
        <ele>228.000</ele>
      </trkpt>
      <trkpt lat="45.083140000" lon="4.921220000">
        <ele>230.000</ele>
      </trkpt>
      <trkpt lat="45.083140000" lon="4.921140000">
        <ele>231.000</ele>
      </trkpt>
      <trkpt lat="45.083140000" lon="4.921110000">
        <ele>231.000</ele>
      </trkpt>
      <trkpt lat="45.083160000" lon="4.920720000">
        <ele>233.000</ele>
      </trkpt>
      <trkpt lat="45.083160000" lon="4.920660000">
        <ele>234.000</ele>
      </trkpt>
      <trkpt lat="45.083230000" lon="4.920360000">
        <ele>235.000</ele>
      </trkpt>
      <trkpt lat="45.082660000" lon="4.920400000">
        <ele>238.000</ele>
      </trkpt>
      <trkpt lat="45.082370000" lon="4.920300000">
        <ele>239.000</ele>
      </trkpt>
      <trkpt lat="45.082260000" lon="4.920220000">
        <ele>241.000</ele>
      </trkpt>
      <trkpt lat="45.082160000" lon="4.920120000">
        <ele>242.000</ele>
      </trkpt>
      <trkpt lat="45.081970000" lon="4.919830000">
        <ele>243.000</ele>
      </trkpt>
      <trkpt lat="45.081880000" lon="4.919650000">
        <ele>244.000</ele>
      </trkpt>
      <trkpt lat="45.081780000" lon="4.919390000">
        <ele>244.000</ele>
      </trkpt>
      <trkpt lat="45.081650000" lon="4.919040000">
        <ele>245.000</ele>
      </trkpt>
      <trkpt lat="45.081610000" lon="4.918930000">
        <ele>246.000</ele>
      </trkpt>
      <trkpt lat="45.081590000" lon="4.918880000">
        <ele>246.000</ele>
      </trkpt>
      <trkpt lat="45.081560000" lon="4.918770000">
        <ele>246.000</ele>
      </trkpt>
      <trkpt lat="45.081530000" lon="4.918580000">
        <ele>247.000</ele>
      </trkpt>
      <trkpt lat="45.081530000" lon="4.918300000">
        <ele>247.000</ele>
      </trkpt>
      <trkpt lat="45.081540000" lon="4.918190000">
        <ele>246.000</ele>
      </trkpt>
      <trkpt lat="45.081560000" lon="4.918070000">
        <ele>246.000</ele>
      </trkpt>
      <trkpt lat="45.081580000" lon="4.917970000">
        <ele>245.000</ele>
      </trkpt>
      <trkpt lat="45.081650000" lon="4.917560000">
        <ele>245.000</ele>
      </trkpt>
      <trkpt lat="45.081820000" lon="4.916470000">
        <ele>242.000</ele>
      </trkpt>
      <trkpt lat="45.081820000" lon="4.916450000">
        <ele>241.000</ele>
      </trkpt>
      <trkpt lat="45.081820000" lon="4.916220000">
        <ele>239.000</ele>
      </trkpt>
      <trkpt lat="45.081810000" lon="4.916130000">
        <ele>238.000</ele>
      </trkpt>
      <trkpt lat="45.081740000" lon="4.915810000">
        <ele>237.000</ele>
      </trkpt>
      <trkpt lat="45.081640000" lon="4.915610000">
        <ele>236.000</ele>
      </trkpt>
      <trkpt lat="45.081530000" lon="4.915440000">
        <ele>235.000</ele>
      </trkpt>
      <trkpt lat="45.081210000" lon="4.915120000">
        <ele>234.000</ele>
      </trkpt>
      <trkpt lat="45.081020000" lon="4.914920000">
        <ele>233.000</ele>
      </trkpt>
      <trkpt lat="45.080590000" lon="4.914480000">
        <ele>231.000</ele>
      </trkpt>
      <trkpt lat="45.080530000" lon="4.914410000">
        <ele>230.000</ele>
      </trkpt>
      <trkpt lat="45.079970000" lon="4.913710000">
        <ele>228.000</ele>
      </trkpt>
      <trkpt lat="45.079580000" lon="4.913190000">
        <ele>226.000</ele>
      </trkpt>
      <trkpt lat="45.079460000" lon="4.912990000">
        <ele>225.000</ele>
      </trkpt>
      <trkpt lat="45.079000000" lon="4.912190000">
        <ele>223.000</ele>
      </trkpt>
      <trkpt lat="45.078770000" lon="4.911840000">
        <ele>222.000</ele>
      </trkpt>
      <trkpt lat="45.078640000" lon="4.911630000">
        <ele>221.000</ele>
      </trkpt>
      <trkpt lat="45.078050000" lon="4.911050000">
        <ele>219.000</ele>
      </trkpt>
      <trkpt lat="45.077970000" lon="4.910930000">
        <ele>218.000</ele>
      </trkpt>
      <trkpt lat="45.077790000" lon="4.910680000">
        <ele>217.000</ele>
      </trkpt>
      <trkpt lat="45.077580000" lon="4.910390000">
        <ele>216.000</ele>
      </trkpt>
      <trkpt lat="45.077150000" lon="4.909780000">
        <ele>215.000</ele>
      </trkpt>
      <trkpt lat="45.076870000" lon="4.909370000">
        <ele>214.000</ele>
      </trkpt>
      <trkpt lat="45.076690000" lon="4.908940000">
        <ele>213.000</ele>
      </trkpt>
      <trkpt lat="45.076220000" lon="4.907460000">
        <ele>211.000</ele>
      </trkpt>
      <trkpt lat="45.076160000" lon="4.906920000">
        <ele>209.000</ele>
      </trkpt>
      <trkpt lat="45.076230000" lon="4.905920000">
        <ele>207.000</ele>
      </trkpt>
      <trkpt lat="45.076380000" lon="4.905310000">
        <ele>205.000</ele>
      </trkpt>
      <trkpt lat="45.076930000" lon="4.904020000">
        <ele>202.000</ele>
      </trkpt>
      <trkpt lat="45.077040000" lon="4.903740000">
        <ele>200.000</ele>
      </trkpt>
      <trkpt lat="45.077080000" lon="4.903620000">
        <ele>198.000</ele>
      </trkpt>
      <trkpt lat="45.077120000" lon="4.903370000">
        <ele>197.000</ele>
      </trkpt>
      <trkpt lat="45.077150000" lon="4.903030000">
        <ele>195.000</ele>
      </trkpt>
      <trkpt lat="45.077180000" lon="4.902670000">
        <ele>193.000</ele>
      </trkpt>
      <trkpt lat="45.077190000" lon="4.901920000">
        <ele>191.000</ele>
      </trkpt>
      <trkpt lat="45.077210000" lon="4.901120000">
        <ele>189.000</ele>
      </trkpt>
      <trkpt lat="45.077270000" lon="4.900680000">
        <ele>187.000</ele>
      </trkpt>
      <trkpt lat="45.077380000" lon="4.900140000">
        <ele>185.000</ele>
      </trkpt>
      <trkpt lat="45.077450000" lon="4.899930000">
        <ele>184.000</ele>
      </trkpt>
      <trkpt lat="45.077470000" lon="4.899860000">
        <ele>184.000</ele>
      </trkpt>
      <trkpt lat="45.077570000" lon="4.899630000">
        <ele>183.000</ele>
      </trkpt>
      <trkpt lat="45.077680000" lon="4.899450000">
        <ele>183.000</ele>
      </trkpt>
      <trkpt lat="45.078140000" lon="4.898600000">
        <ele>182.000</ele>
      </trkpt>
      <trkpt lat="45.078610000" lon="4.897830000">
        <ele>181.000</ele>
      </trkpt>
      <trkpt lat="45.078700000" lon="4.897660000">
        <ele>180.000</ele>
      </trkpt>
      <trkpt lat="45.078760000" lon="4.897500000">
        <ele>180.000</ele>
      </trkpt>
      <trkpt lat="45.078770000" lon="4.897440000">
        <ele>180.000</ele>
      </trkpt>
      <trkpt lat="45.078780000" lon="4.896850000">
        <ele>179.000</ele>
      </trkpt>
      <trkpt lat="45.078810000" lon="4.896530000">
        <ele>179.000</ele>
      </trkpt>
      <trkpt lat="45.078870000" lon="4.896120000">
        <ele>178.000</ele>
      </trkpt>
      <trkpt lat="45.078890000" lon="4.895800000">
        <ele>178.000</ele>
      </trkpt>
      <trkpt lat="45.078890000" lon="4.895380000">
        <ele>178.000</ele>
      </trkpt>
      <trkpt lat="45.078880000" lon="4.895000000">
        <ele>178.000</ele>
      </trkpt>
      <trkpt lat="45.078830000" lon="4.894250000">
        <ele>178.000</ele>
      </trkpt>
      <trkpt lat="45.078810000" lon="4.893780000">
        <ele>178.000</ele>
      </trkpt>
      <trkpt lat="45.078830000" lon="4.893550000">
        <ele>178.000</ele>
      </trkpt>
      <trkpt lat="45.078850000" lon="4.893530000">
        <ele>178.000</ele>
      </trkpt>
      <trkpt lat="45.078870000" lon="4.893490000">
        <ele>177.000</ele>
      </trkpt>
      <trkpt lat="45.078870000" lon="4.893450000">
        <ele>177.000</ele>
      </trkpt>
      <trkpt lat="45.078870000" lon="4.893440000">
        <ele>177.000</ele>
      </trkpt>
      <trkpt lat="45.078870000" lon="4.893420000">
        <ele>177.000</ele>
      </trkpt>
      <trkpt lat="45.078860000" lon="4.893380000">
        <ele>177.000</ele>
      </trkpt>
      <trkpt lat="45.078850000" lon="4.893360000">
        <ele>177.000</ele>
      </trkpt>
      <trkpt lat="45.078830000" lon="4.893340000">
        <ele>177.000</ele>
      </trkpt>
      <trkpt lat="45.078810000" lon="4.893330000">
        <ele>177.000</ele>
      </trkpt>
      <trkpt lat="45.078660000" lon="4.893160000">
        <ele>177.000</ele>
      </trkpt>
      <trkpt lat="45.078540000" lon="4.892970000">
        <ele>176.000</ele>
      </trkpt>
      <trkpt lat="45.078400000" lon="4.892770000">
        <ele>176.000</ele>
      </trkpt>
      <trkpt lat="45.078330000" lon="4.892650000">
        <ele>175.000</ele>
      </trkpt>
      <trkpt lat="45.078250000" lon="4.892520000">
        <ele>175.000</ele>
      </trkpt>
      <trkpt lat="45.078110000" lon="4.892200000">
        <ele>174.000</ele>
      </trkpt>
      <trkpt lat="45.078010000" lon="4.891950000">
        <ele>173.000</ele>
      </trkpt>
      <trkpt lat="45.077840000" lon="4.891390000">
        <ele>172.000</ele>
      </trkpt>
      <trkpt lat="45.077690000" lon="4.890920000">
        <ele>171.000</ele>
      </trkpt>
      <trkpt lat="45.077670000" lon="4.890850000">
        <ele>171.000</ele>
      </trkpt>
      <trkpt lat="45.077620000" lon="4.890700000">
        <ele>170.000</ele>
      </trkpt>
      <trkpt lat="45.077480000" lon="4.890420000">
        <ele>170.000</ele>
      </trkpt>
      <trkpt lat="45.077240000" lon="4.890140000">
        <ele>169.000</ele>
      </trkpt>
      <trkpt lat="45.077080000" lon="4.889960000">
        <ele>168.000</ele>
      </trkpt>
      <trkpt lat="45.076930000" lon="4.889840000">
        <ele>168.000</ele>
      </trkpt>
      <trkpt lat="45.076720000" lon="4.889740000">
        <ele>167.000</ele>
      </trkpt>
      <trkpt lat="45.076590000" lon="4.889670000">
        <ele>167.000</ele>
      </trkpt>
      <trkpt lat="45.076500000" lon="4.889630000">
        <ele>166.000</ele>
      </trkpt>
      <trkpt lat="45.076320000" lon="4.889600000">
        <ele>166.000</ele>
      </trkpt>
      <trkpt lat="45.076260000" lon="4.889590000">
        <ele>166.000</ele>
      </trkpt>
      <trkpt lat="45.076160000" lon="4.889560000">
        <ele>166.000</ele>
      </trkpt>
      <trkpt lat="45.076050000" lon="4.889550000">
        <ele>165.000</ele>
      </trkpt>
      <trkpt lat="45.075930000" lon="4.889560000">
        <ele>165.000</ele>
      </trkpt>
      <trkpt lat="45.075740000" lon="4.889590000">
        <ele>165.000</ele>
      </trkpt>
      <trkpt lat="45.075670000" lon="4.889590000">
        <ele>165.000</ele>
      </trkpt>
      <trkpt lat="45.075630000" lon="4.889600000">
        <ele>165.000</ele>
      </trkpt>
      <trkpt lat="45.075610000" lon="4.889600000">
        <ele>165.000</ele>
      </trkpt>
      <trkpt lat="45.075590000" lon="4.889570000">
        <ele>165.000</ele>
      </trkpt>
      <trkpt lat="45.075570000" lon="4.889560000">
        <ele>165.000</ele>
      </trkpt>
      <trkpt lat="45.075450000" lon="4.889480000">
        <ele>165.000</ele>
      </trkpt>
      <trkpt lat="45.075420000" lon="4.889470000">
        <ele>165.000</ele>
      </trkpt>
      <trkpt lat="45.075390000" lon="4.889480000">
        <ele>165.000</ele>
      </trkpt>
      <trkpt lat="45.075370000" lon="4.889500000">
        <ele>165.000</ele>
      </trkpt>
      <trkpt lat="45.075350000" lon="4.889520000">
        <ele>165.000</ele>
      </trkpt>
      <trkpt lat="45.075290000" lon="4.889540000">
        <ele>165.000</ele>
      </trkpt>
      <trkpt lat="45.075230000" lon="4.889540000">
        <ele>165.000</ele>
      </trkpt>
      <trkpt lat="45.075170000" lon="4.889530000">
        <ele>165.000</ele>
      </trkpt>
      <trkpt lat="45.075110000" lon="4.889500000">
        <ele>165.000</ele>
      </trkpt>
      <trkpt lat="45.074730000" lon="4.889320000">
        <ele>165.000</ele>
      </trkpt>
      <trkpt lat="45.074590000" lon="4.889240000">
        <ele>164.000</ele>
      </trkpt>
      <trkpt lat="45.074510000" lon="4.889180000">
        <ele>164.000</ele>
      </trkpt>
      <trkpt lat="45.074410000" lon="4.889090000">
        <ele>164.000</ele>
      </trkpt>
      <trkpt lat="45.074290000" lon="4.888970000">
        <ele>163.000</ele>
      </trkpt>
      <trkpt lat="45.074140000" lon="4.888770000">
        <ele>163.000</ele>
      </trkpt>
      <trkpt lat="45.074080000" lon="4.888670000">
        <ele>163.000</ele>
      </trkpt>
      <trkpt lat="45.074010000" lon="4.888560000">
        <ele>162.000</ele>
      </trkpt>
      <trkpt lat="45.073910000" lon="4.888370000">
        <ele>162.000</ele>
      </trkpt>
      <trkpt lat="45.073850000" lon="4.888190000">
        <ele>161.000</ele>
      </trkpt>
      <trkpt lat="45.073780000" lon="4.887830000">
        <ele>161.000</ele>
      </trkpt>
      <trkpt lat="45.073720000" lon="4.887420000">
        <ele>160.000</ele>
      </trkpt>
      <trkpt lat="45.073680000" lon="4.887140000">
        <ele>159.000</ele>
      </trkpt>
      <trkpt lat="45.073670000" lon="4.886970000">
        <ele>158.000</ele>
      </trkpt>
      <trkpt lat="45.073640000" lon="4.886610000">
        <ele>158.000</ele>
      </trkpt>
      <trkpt lat="45.073630000" lon="4.886510000">
        <ele>158.000</ele>
      </trkpt>
      <trkpt lat="45.073590000" lon="4.886260000">
        <ele>157.000</ele>
      </trkpt>
      <trkpt lat="45.073520000" lon="4.885950000">
        <ele>157.000</ele>
      </trkpt>
      <trkpt lat="45.073470000" lon="4.885740000">
        <ele>157.000</ele>
      </trkpt>
      <trkpt lat="45.073390000" lon="4.885490000">
        <ele>157.000</ele>
      </trkpt>
      <trkpt lat="45.073120000" lon="4.884700000">
        <ele>156.000</ele>
      </trkpt>
      <trkpt lat="45.072980000" lon="4.884230000">
        <ele>156.000</ele>
      </trkpt>
      <trkpt lat="45.072940000" lon="4.884130000">
        <ele>155.000</ele>
      </trkpt>
      <trkpt lat="45.072910000" lon="4.884040000">
        <ele>155.000</ele>
      </trkpt>
      <trkpt lat="45.072860000" lon="4.883910000">
        <ele>155.000</ele>
      </trkpt>
      <trkpt lat="45.072810000" lon="4.883770000">
        <ele>155.000</ele>
      </trkpt>
      <trkpt lat="45.072740000" lon="4.883640000">
        <ele>154.000</ele>
      </trkpt>
      <trkpt lat="45.072700000" lon="4.883560000">
        <ele>154.000</ele>
      </trkpt>
      <trkpt lat="45.072690000" lon="4.883530000">
        <ele>154.000</ele>
      </trkpt>
      <trkpt lat="45.072660000" lon="4.883490000">
        <ele>154.000</ele>
      </trkpt>
      <trkpt lat="45.072610000" lon="4.883400000">
        <ele>154.000</ele>
      </trkpt>
      <trkpt lat="45.072540000" lon="4.883270000">
        <ele>154.000</ele>
      </trkpt>
      <trkpt lat="45.072470000" lon="4.883160000">
        <ele>154.000</ele>
      </trkpt>
      <trkpt lat="45.072360000" lon="4.882970000">
        <ele>153.000</ele>
      </trkpt>
      <trkpt lat="45.072230000" lon="4.882750000">
        <ele>153.000</ele>
      </trkpt>
      <trkpt lat="45.071400000" lon="4.881380000">
        <ele>152.000</ele>
      </trkpt>
      <trkpt lat="45.071160000" lon="4.880950000">
        <ele>152.000</ele>
      </trkpt>
      <trkpt lat="45.071000000" lon="4.880620000">
        <ele>151.000</ele>
      </trkpt>
      <trkpt lat="45.070870000" lon="4.880310000">
        <ele>151.000</ele>
      </trkpt>
      <trkpt lat="45.070770000" lon="4.880030000">
        <ele>150.000</ele>
      </trkpt>
      <trkpt lat="45.070740000" lon="4.879960000">
        <ele>150.000</ele>
      </trkpt>
      <trkpt lat="45.070600000" lon="4.879550000">
        <ele>150.000</ele>
      </trkpt>
      <trkpt lat="45.070410000" lon="4.878920000">
        <ele>150.000</ele>
      </trkpt>
      <trkpt lat="45.070310000" lon="4.878590000">
        <ele>150.000</ele>
      </trkpt>
      <trkpt lat="45.070210000" lon="4.878250000">
        <ele>149.000</ele>
      </trkpt>
      <trkpt lat="45.070190000" lon="4.878180000">
        <ele>149.000</ele>
      </trkpt>
      <trkpt lat="45.070100000" lon="4.877840000">
        <ele>149.000</ele>
      </trkpt>
      <trkpt lat="45.069930000" lon="4.877240000">
        <ele>148.000</ele>
      </trkpt>
      <trkpt lat="45.069890000" lon="4.877080000">
        <ele>148.000</ele>
      </trkpt>
      <trkpt lat="45.069800000" lon="4.876760000">
        <ele>148.000</ele>
      </trkpt>
      <trkpt lat="45.069800000" lon="4.876760000">
        <ele>147.000</ele>
      </trkpt>
      <trkpt lat="45.069700000" lon="4.876430000">
        <ele>147.000</ele>
      </trkpt>
      <trkpt lat="45.069620000" lon="4.876140000">
        <ele>147.000</ele>
      </trkpt>
      <trkpt lat="45.069540000" lon="4.875910000">
        <ele>146.000</ele>
      </trkpt>
      <trkpt lat="45.069460000" lon="4.875700000">
        <ele>146.000</ele>
      </trkpt>
      <trkpt lat="45.069410000" lon="4.875610000">
        <ele>146.000</ele>
      </trkpt>
      <trkpt lat="45.069320000" lon="4.875450000">
        <ele>145.000</ele>
      </trkpt>
      <trkpt lat="45.069060000" lon="4.875030000">
        <ele>145.000</ele>
      </trkpt>
      <trkpt lat="45.068980000" lon="4.874950000">
        <ele>144.000</ele>
      </trkpt>
      <trkpt lat="45.068910000" lon="4.874900000">
        <ele>144.000</ele>
      </trkpt>
      <trkpt lat="45.068870000" lon="4.874880000">
        <ele>144.000</ele>
      </trkpt>
      <trkpt lat="45.068750000" lon="4.874800000">
        <ele>144.000</ele>
      </trkpt>
      <trkpt lat="45.068710000" lon="4.874770000">
        <ele>143.000</ele>
      </trkpt>
      <trkpt lat="45.068690000" lon="4.874720000">
        <ele>143.000</ele>
      </trkpt>
      <trkpt lat="45.068660000" lon="4.874670000">
        <ele>143.000</ele>
      </trkpt>
      <trkpt lat="45.068630000" lon="4.874650000">
        <ele>143.000</ele>
      </trkpt>
      <trkpt lat="45.068600000" lon="4.874620000">
        <ele>143.000</ele>
      </trkpt>
      <trkpt lat="45.068570000" lon="4.874550000">
        <ele>143.000</ele>
      </trkpt>
      <trkpt lat="45.068550000" lon="4.874450000">
        <ele>143.000</ele>
      </trkpt>
      <trkpt lat="45.068510000" lon="4.874280000">
        <ele>143.000</ele>
      </trkpt>
      <trkpt lat="45.068510000" lon="4.874220000">
        <ele>143.000</ele>
      </trkpt>
      <trkpt lat="45.068510000" lon="4.874100000">
        <ele>143.000</ele>
      </trkpt>
      <trkpt lat="45.068510000" lon="4.873950000">
        <ele>143.000</ele>
      </trkpt>
      <trkpt lat="45.068530000" lon="4.873790000">
        <ele>143.000</ele>
      </trkpt>
      <trkpt lat="45.068590000" lon="4.873360000">
        <ele>143.000</ele>
      </trkpt>
      <trkpt lat="45.068640000" lon="4.873120000">
        <ele>143.000</ele>
      </trkpt>
      <trkpt lat="45.068710000" lon="4.872790000">
        <ele>143.000</ele>
      </trkpt>
      <trkpt lat="45.068820000" lon="4.872310000">
        <ele>143.000</ele>
      </trkpt>
      <trkpt lat="45.069000000" lon="4.871840000">
        <ele>143.000</ele>
      </trkpt>
      <trkpt lat="45.069050000" lon="4.871730000">
        <ele>142.000</ele>
      </trkpt>
      <trkpt lat="45.069180000" lon="4.871480000">
        <ele>142.000</ele>
      </trkpt>
      <trkpt lat="45.069320000" lon="4.871220000">
        <ele>142.000</ele>
      </trkpt>
      <trkpt lat="45.069420000" lon="4.871030000">
        <ele>141.000</ele>
      </trkpt>
      <trkpt lat="45.069560000" lon="4.870780000">
        <ele>141.000</ele>
      </trkpt>
      <trkpt lat="45.069720000" lon="4.870480000">
        <ele>140.000</ele>
      </trkpt>
      <trkpt lat="45.069870000" lon="4.870070000">
        <ele>140.000</ele>
      </trkpt>
      <trkpt lat="45.069930000" lon="4.869810000">
        <ele>139.000</ele>
      </trkpt>
      <trkpt lat="45.070140000" lon="4.868930000">
        <ele>138.000</ele>
      </trkpt>
      <trkpt lat="45.070220000" lon="4.868500000">
        <ele>137.000</ele>
      </trkpt>
      <trkpt lat="45.070250000" lon="4.868170000">
        <ele>137.000</ele>
      </trkpt>
      <trkpt lat="45.070270000" lon="4.867720000">
        <ele>136.000</ele>
      </trkpt>
      <trkpt lat="45.070300000" lon="4.867460000">
        <ele>135.000</ele>
      </trkpt>
      <trkpt lat="45.070350000" lon="4.867190000">
        <ele>134.000</ele>
      </trkpt>
      <trkpt lat="45.070430000" lon="4.866910000">
        <ele>133.000</ele>
      </trkpt>
      <trkpt lat="45.070580000" lon="4.866590000">
        <ele>133.000</ele>
      </trkpt>
      <trkpt lat="45.070730000" lon="4.866340000">
        <ele>132.000</ele>
      </trkpt>
      <trkpt lat="45.070870000" lon="4.866030000">
        <ele>131.000</ele>
      </trkpt>
      <trkpt lat="45.070920000" lon="4.865850000">
        <ele>131.000</ele>
      </trkpt>
      <trkpt lat="45.070940000" lon="4.865680000">
        <ele>131.000</ele>
      </trkpt>
      <trkpt lat="45.070940000" lon="4.865490000">
        <ele>130.000</ele>
      </trkpt>
      <trkpt lat="45.070910000" lon="4.865300000">
        <ele>130.000</ele>
      </trkpt>
      <trkpt lat="45.070850000" lon="4.865120000">
        <ele>130.000</ele>
      </trkpt>
      <trkpt lat="45.070780000" lon="4.864990000">
        <ele>130.000</ele>
      </trkpt>
      <trkpt lat="45.070700000" lon="4.864860000">
        <ele>130.000</ele>
      </trkpt>
      <trkpt lat="45.070640000" lon="4.864690000">
        <ele>129.000</ele>
      </trkpt>
      <trkpt lat="45.070610000" lon="4.864610000">
        <ele>129.000</ele>
      </trkpt>
      <trkpt lat="45.070600000" lon="4.864570000">
        <ele>129.000</ele>
      </trkpt>
      <trkpt lat="45.070650000" lon="4.864420000">
        <ele>129.000</ele>
      </trkpt>
      <trkpt lat="45.070660000" lon="4.864320000">
        <ele>129.000</ele>
      </trkpt>
      <trkpt lat="45.070660000" lon="4.864230000">
        <ele>129.000</ele>
      </trkpt>
      <trkpt lat="45.070630000" lon="4.864080000">
        <ele>129.000</ele>
      </trkpt>
      <trkpt lat="45.070570000" lon="4.863950000">
        <ele>129.000</ele>
      </trkpt>
      <trkpt lat="45.070480000" lon="4.863850000">
        <ele>129.000</ele>
      </trkpt>
      <trkpt lat="45.070380000" lon="4.863800000">
        <ele>129.000</ele>
      </trkpt>
      <trkpt lat="45.070350000" lon="4.863730000">
        <ele>128.000</ele>
      </trkpt>
      <trkpt lat="45.070330000" lon="4.863650000">
        <ele>128.000</ele>
      </trkpt>
      <trkpt lat="45.070310000" lon="4.863550000">
        <ele>128.000</ele>
      </trkpt>
      <trkpt lat="45.070360000" lon="4.863430000">
        <ele>128.000</ele>
      </trkpt>
      <trkpt lat="45.070370000" lon="4.863410000">
        <ele>128.000</ele>
      </trkpt>
      <trkpt lat="45.070430000" lon="4.863280000">
        <ele>128.000</ele>
      </trkpt>
      <trkpt lat="45.070510000" lon="4.863090000">
        <ele>128.000</ele>
      </trkpt>
      <trkpt lat="45.070590000" lon="4.862900000">
        <ele>128.000</ele>
      </trkpt>
      <trkpt lat="45.070620000" lon="4.862830000">
        <ele>128.000</ele>
      </trkpt>
      <trkpt lat="45.070620000" lon="4.862820000">
        <ele>128.000</ele>
      </trkpt>
      <trkpt lat="45.070670000" lon="4.862680000">
        <ele>128.000</ele>
      </trkpt>
      <trkpt lat="45.070710000" lon="4.862520000">
        <ele>128.000</ele>
      </trkpt>
      <trkpt lat="45.070730000" lon="4.862330000">
        <ele>128.000</ele>
      </trkpt>
      <trkpt lat="45.070760000" lon="4.862100000">
        <ele>128.000</ele>
      </trkpt>
      <trkpt lat="45.070770000" lon="4.861880000">
        <ele>128.000</ele>
      </trkpt>
      <trkpt lat="45.070770000" lon="4.861640000">
        <ele>128.000</ele>
      </trkpt>
      <trkpt lat="45.070770000" lon="4.861510000">
        <ele>128.000</ele>
      </trkpt>
      <trkpt lat="45.070770000" lon="4.861250000">
        <ele>128.000</ele>
      </trkpt>
      <trkpt lat="45.070770000" lon="4.861110000">
        <ele>128.000</ele>
      </trkpt>
      <trkpt lat="45.070770000" lon="4.861030000">
        <ele>128.000</ele>
      </trkpt>
      <trkpt lat="45.070760000" lon="4.860890000">
        <ele>128.000</ele>
      </trkpt>
      <trkpt lat="45.070750000" lon="4.860720000">
        <ele>128.000</ele>
      </trkpt>
      <trkpt lat="45.070720000" lon="4.860480000">
        <ele>128.000</ele>
      </trkpt>
      <trkpt lat="45.070710000" lon="4.860410000">
        <ele>128.000</ele>
      </trkpt>
      <trkpt lat="45.070710000" lon="4.860380000">
        <ele>128.000</ele>
      </trkpt>
      <trkpt lat="45.070730000" lon="4.860350000">
        <ele>128.000</ele>
      </trkpt>
      <trkpt lat="45.070730000" lon="4.860310000">
        <ele>128.000</ele>
      </trkpt>
      <trkpt lat="45.070730000" lon="4.860280000">
        <ele>128.000</ele>
      </trkpt>
      <trkpt lat="45.070730000" lon="4.860240000">
        <ele>128.000</ele>
      </trkpt>
      <trkpt lat="45.070710000" lon="4.860210000">
        <ele>128.000</ele>
      </trkpt>
      <trkpt lat="45.070690000" lon="4.860070000">
        <ele>128.000</ele>
      </trkpt>
      <trkpt lat="45.070680000" lon="4.859930000">
        <ele>128.000</ele>
      </trkpt>
      <trkpt lat="45.070680000" lon="4.859870000">
        <ele>128.000</ele>
      </trkpt>
      <trkpt lat="45.070670000" lon="4.859530000">
        <ele>128.000</ele>
      </trkpt>
      <trkpt lat="45.070670000" lon="4.859450000">
        <ele>128.000</ele>
      </trkpt>
      <trkpt lat="45.070670000" lon="4.859290000">
        <ele>128.000</ele>
      </trkpt>
      <trkpt lat="45.070680000" lon="4.859120000">
        <ele>128.000</ele>
      </trkpt>
      <trkpt lat="45.070710000" lon="4.858940000">
        <ele>128.000</ele>
      </trkpt>
      <trkpt lat="45.070780000" lon="4.858500000">
        <ele>128.000</ele>
      </trkpt>
      <trkpt lat="45.070850000" lon="4.858390000">
        <ele>128.000</ele>
      </trkpt>
      <trkpt lat="45.070880000" lon="4.858340000">
        <ele>128.000</ele>
      </trkpt>
      <trkpt lat="45.070910000" lon="4.858320000">
        <ele>128.000</ele>
      </trkpt>
      <trkpt lat="45.070930000" lon="4.858290000">
        <ele>127.000</ele>
      </trkpt>
      <trkpt lat="45.070950000" lon="4.858250000">
        <ele>127.000</ele>
      </trkpt>
      <trkpt lat="45.070960000" lon="4.858200000">
        <ele>127.000</ele>
      </trkpt>
      <trkpt lat="45.070950000" lon="4.858160000">
        <ele>127.000</ele>
      </trkpt>
      <trkpt lat="45.070930000" lon="4.858120000">
        <ele>127.000</ele>
      </trkpt>
      <trkpt lat="45.070910000" lon="4.858090000">
        <ele>127.000</ele>
      </trkpt>
      <trkpt lat="45.070880000" lon="4.858070000">
        <ele>127.000</ele>
      </trkpt>
      <trkpt lat="45.070860000" lon="4.857970000">
        <ele>127.000</ele>
      </trkpt>
      <trkpt lat="45.070830000" lon="4.857850000">
        <ele>127.000</ele>
      </trkpt>
      <trkpt lat="45.070840000" lon="4.857770000">
        <ele>127.000</ele>
      </trkpt>
      <trkpt lat="45.070860000" lon="4.857590000">
        <ele>126.000</ele>
      </trkpt>
      <trkpt lat="45.070890000" lon="4.856800000">
        <ele>126.000</ele>
      </trkpt>
      <trkpt lat="45.070900000" lon="4.856470000">
        <ele>125.000</ele>
      </trkpt>
      <trkpt lat="45.070900000" lon="4.856430000">
        <ele>125.000</ele>
      </trkpt>
      <trkpt lat="45.070910000" lon="4.856420000">
        <ele>125.000</ele>
      </trkpt>
      <trkpt lat="45.070910000" lon="4.856360000">
        <ele>125.000</ele>
      </trkpt>
      <trkpt lat="45.070910000" lon="4.856300000">
        <ele>125.000</ele>
      </trkpt>
      <trkpt lat="45.070910000" lon="4.856220000">
        <ele>125.000</ele>
      </trkpt>
      <trkpt lat="45.070910000" lon="4.856090000">
        <ele>124.000</ele>
      </trkpt>
      <trkpt lat="45.070980000" lon="4.855240000">
        <ele>124.000</ele>
      </trkpt>
      <trkpt lat="45.070980000" lon="4.855010000">
        <ele>124.000</ele>
      </trkpt>
      <trkpt lat="45.070970000" lon="4.854780000">
        <ele>124.000</ele>
      </trkpt>
      <trkpt lat="45.070960000" lon="4.854470000">
        <ele>123.000</ele>
      </trkpt>
      <trkpt lat="45.070950000" lon="4.854290000">
        <ele>123.000</ele>
      </trkpt>
      <trkpt lat="45.070930000" lon="4.853850000">
        <ele>123.000</ele>
      </trkpt>
      <trkpt lat="45.070920000" lon="4.853270000">
        <ele>123.000</ele>
      </trkpt>
      <trkpt lat="45.070910000" lon="4.852610000">
        <ele>122.000</ele>
      </trkpt>
      <trkpt lat="45.070900000" lon="4.852320000">
        <ele>122.000</ele>
      </trkpt>
      <trkpt lat="45.070890000" lon="4.852210000">
        <ele>122.000</ele>
      </trkpt>
      <trkpt lat="45.070880000" lon="4.851970000">
        <ele>122.000</ele>
      </trkpt>
      <trkpt lat="45.070800000" lon="4.851140000">
        <ele>121.000</ele>
      </trkpt>
      <trkpt lat="45.070780000" lon="4.850790000">
        <ele>121.000</ele>
      </trkpt>
      <trkpt lat="45.070780000" lon="4.850510000">
        <ele>121.000</ele>
      </trkpt>
      <trkpt lat="45.070800000" lon="4.850300000">
        <ele>121.000</ele>
      </trkpt>
      <trkpt lat="45.070850000" lon="4.849960000">
        <ele>121.000</ele>
      </trkpt>
      <trkpt lat="45.070870000" lon="4.849830000">
        <ele>121.000</ele>
      </trkpt>
      <trkpt lat="45.070860000" lon="4.849670000">
        <ele>121.000</ele>
      </trkpt>
      <trkpt lat="45.070840000" lon="4.849520000">
        <ele>121.000</ele>
      </trkpt>
      <trkpt lat="45.070710000" lon="4.848960000">
        <ele>121.000</ele>
      </trkpt>
      <trkpt lat="45.070590000" lon="4.848450000">
        <ele>121.000</ele>
      </trkpt>
      <trkpt lat="45.070540000" lon="4.848240000">
        <ele>121.000</ele>
      </trkpt>
      <trkpt lat="45.070510000" lon="4.847990000">
        <ele>121.000</ele>
      </trkpt>
      <trkpt lat="45.070480000" lon="4.847630000">
        <ele>121.000</ele>
      </trkpt>
      <trkpt lat="45.070460000" lon="4.847470000">
        <ele>121.000</ele>
      </trkpt>
      <trkpt lat="45.070460000" lon="4.847440000">
        <ele>121.000</ele>
      </trkpt>
      <trkpt lat="45.070440000" lon="4.847250000">
        <ele>121.000</ele>
      </trkpt>
      <trkpt lat="45.070430000" lon="4.847100000">
        <ele>121.000</ele>
      </trkpt>
      <trkpt lat="45.070390000" lon="4.847100000">
        <ele>121.000</ele>
      </trkpt>
      <trkpt lat="45.070360000" lon="4.847110000">
        <ele>121.000</ele>
      </trkpt>
      <trkpt lat="45.069900000" lon="4.847200000">
        <ele>121.000</ele>
      </trkpt>
      <trkpt lat="45.069490000" lon="4.847280000">
        <ele>121.000</ele>
      </trkpt>
      <trkpt lat="45.069440000" lon="4.847290000">
        <ele>121.000</ele>
      </trkpt>
      <trkpt lat="45.069090000" lon="4.847360000">
        <ele>120.000</ele>
      </trkpt>
      <trkpt lat="45.068950000" lon="4.847390000">
        <ele>120.000</ele>
      </trkpt>
      <trkpt lat="45.068950000" lon="4.847390000">
        <ele>120.000</ele>
      </trkpt>
      <trkpt lat="45.068700000" lon="4.847440000">
        <ele>120.000</ele>
      </trkpt>
      <trkpt lat="45.068530000" lon="4.847480000">
        <ele>120.000</ele>
      </trkpt>
      <trkpt lat="45.068360000" lon="4.847510000">
        <ele>120.000</ele>
      </trkpt>
      <trkpt lat="45.068300000" lon="4.847520000">
        <ele>119.000</ele>
      </trkpt>
      <trkpt lat="45.068100000" lon="4.847550000">
        <ele>119.000</ele>
      </trkpt>
      <trkpt lat="45.068080000" lon="4.847560000">
        <ele>119.000</ele>
      </trkpt>
      <trkpt lat="45.067990000" lon="4.847570000">
        <ele>119.000</ele>
      </trkpt>
      <trkpt lat="45.067960000" lon="4.847580000">
        <ele>119.000</ele>
      </trkpt>
      <trkpt lat="45.067880000" lon="4.847600000">
        <ele>119.000</ele>
      </trkpt>
      <trkpt lat="45.067700000" lon="4.847640000">
        <ele>119.000</ele>
      </trkpt>
      <trkpt lat="45.067670000" lon="4.847630000">
        <ele>119.000</ele>
      </trkpt>
      <trkpt lat="45.067620000" lon="4.847600000">
        <ele>119.000</ele>
      </trkpt>
      <trkpt lat="45.067930000" lon="4.846390000">
        <ele>119.000</ele>
      </trkpt>
      <trkpt lat="45.067970000" lon="4.846250000">
        <ele>119.000</ele>
      </trkpt>
      <trkpt lat="45.067990000" lon="4.846180000">
        <ele>119.000</ele>
      </trkpt>
      <trkpt lat="45.068010000" lon="4.846090000">
        <ele>119.000</ele>
      </trkpt>
      <trkpt lat="45.068110000" lon="4.845720000">
        <ele>120.000</ele>
      </trkpt>
      <trkpt lat="45.068170000" lon="4.845450000">
        <ele>120.000</ele>
      </trkpt>
      <trkpt lat="45.068290000" lon="4.845050000">
        <ele>120.000</ele>
      </trkpt>
      <trkpt lat="45.068310000" lon="4.844940000">
        <ele>120.000</ele>
      </trkpt>
      <trkpt lat="45.068350000" lon="4.844810000">
        <ele>120.000</ele>
      </trkpt>
      <trkpt lat="45.068440000" lon="4.844470000">
        <ele>120.000</ele>
      </trkpt>
      <trkpt lat="45.068500000" lon="4.844270000">
        <ele>120.000</ele>
      </trkpt>
      <trkpt lat="45.068520000" lon="4.844180000">
        <ele>120.000</ele>
      </trkpt>
      <trkpt lat="45.068630000" lon="4.843760000">
        <ele>120.000</ele>
      </trkpt>
      <trkpt lat="45.068700000" lon="4.843500000">
        <ele>120.000</ele>
      </trkpt>
      <trkpt lat="45.068720000" lon="4.843440000">
        <ele>120.000</ele>
      </trkpt>
      <trkpt lat="45.068770000" lon="4.843260000">
        <ele>120.000</ele>
      </trkpt>
      <trkpt lat="45.068850000" lon="4.843030000">
        <ele>120.000</ele>
      </trkpt>
      <trkpt lat="45.068910000" lon="4.842850000">
        <ele>120.000</ele>
      </trkpt>
      <trkpt lat="45.068940000" lon="4.842760000">
        <ele>120.000</ele>
      </trkpt>
      <trkpt lat="45.069050000" lon="4.842340000">
        <ele>120.000</ele>
      </trkpt>
      <trkpt lat="45.069060000" lon="4.842310000">
        <ele>120.000</ele>
      </trkpt>
      <trkpt lat="45.069050000" lon="4.842180000">
        <ele>120.000</ele>
      </trkpt>
      <trkpt lat="45.069040000" lon="4.842130000">
        <ele>119.000</ele>
      </trkpt>
      <trkpt lat="45.069030000" lon="4.842110000">
        <ele>119.000</ele>
      </trkpt>
      <trkpt lat="45.069020000" lon="4.842090000">
        <ele>119.000</ele>
      </trkpt>
      <trkpt lat="45.069010000" lon="4.842080000">
        <ele>119.000</ele>
      </trkpt>
      <trkpt lat="45.068890000" lon="4.842010000">
        <ele>119.000</ele>
      </trkpt>
      <trkpt lat="45.068760000" lon="4.841990000">
        <ele>119.000</ele>
      </trkpt>
      <trkpt lat="45.068200000" lon="4.841670000">
        <ele>119.000</ele>
      </trkpt>
      <trkpt lat="45.066890000" lon="4.840850000">
        <ele>118.000</ele>
      </trkpt>
      <trkpt lat="45.066340000" lon="4.840510000">
        <ele>118.000</ele>
      </trkpt>
      <trkpt lat="45.066340000" lon="4.840510000">
        <ele>118.000</ele>
      </trkpt>
      <trkpt lat="45.065860000" lon="4.840220000">
        <ele>118.000</ele>
      </trkpt>
      <trkpt lat="45.065690000" lon="4.840120000">
        <ele>119.000</ele>
      </trkpt>
      <trkpt lat="45.065660000" lon="4.840100000">
        <ele>119.000</ele>
      </trkpt>
      <trkpt lat="45.065530000" lon="4.840010000">
        <ele>120.000</ele>
      </trkpt>
      <trkpt lat="45.065480000" lon="4.839980000">
        <ele>120.000</ele>
      </trkpt>
      <trkpt lat="45.065470000" lon="4.839940000">
        <ele>120.000</ele>
      </trkpt>
      <trkpt lat="45.065450000" lon="4.839900000">
        <ele>120.000</ele>
      </trkpt>
      <trkpt lat="45.065450000" lon="4.839830000">
        <ele>121.000</ele>
      </trkpt>
      <trkpt lat="45.065460000" lon="4.839780000">
        <ele>121.000</ele>
      </trkpt>
      <trkpt lat="45.065470000" lon="4.839670000">
        <ele>121.000</ele>
      </trkpt>
      <trkpt lat="45.065490000" lon="4.839620000">
        <ele>121.000</ele>
      </trkpt>
      <trkpt lat="45.065520000" lon="4.839580000">
        <ele>121.000</ele>
      </trkpt>
      <trkpt lat="45.065600000" lon="4.839510000">
        <ele>121.000</ele>
      </trkpt>
      <trkpt lat="45.065650000" lon="4.839460000">
        <ele>121.000</ele>
      </trkpt>
      <trkpt lat="45.065680000" lon="4.839390000">
        <ele>121.000</ele>
      </trkpt>
      <trkpt lat="45.065760000" lon="4.839220000">
        <ele>121.000</ele>
      </trkpt>
      <trkpt lat="45.065930000" lon="4.838820000">
        <ele>121.000</ele>
      </trkpt>
      <trkpt lat="45.065980000" lon="4.838670000">
        <ele>121.000</ele>
      </trkpt>
      <trkpt lat="45.066790000" lon="4.836760000">
        <ele>121.000</ele>
      </trkpt>
      <trkpt lat="45.067710000" lon="4.834720000">
        <ele>122.000</ele>
      </trkpt>
      <trkpt lat="45.067730000" lon="4.834670000">
        <ele>123.000</ele>
      </trkpt>
      <trkpt lat="45.067770000" lon="4.834560000">
        <ele>124.000</ele>
      </trkpt>
      <trkpt lat="45.067830000" lon="4.834450000">
        <ele>124.000</ele>
      </trkpt>
      <trkpt lat="45.067880000" lon="4.834360000">
        <ele>124.000</ele>
      </trkpt>
      <trkpt lat="45.067900000" lon="4.834320000">
        <ele>124.000</ele>
      </trkpt>
      <trkpt lat="45.068240000" lon="4.833710000">
        <ele>124.000</ele>
      </trkpt>
      <trkpt lat="45.068300000" lon="4.833590000">
        <ele>124.000</ele>
      </trkpt>
      <trkpt lat="45.068500000" lon="4.833190000">
        <ele>124.000</ele>
      </trkpt>
      <trkpt lat="45.068620000" lon="4.832840000">
        <ele>124.000</ele>
      </trkpt>
      <trkpt lat="45.068640000" lon="4.832760000">
        <ele>124.000</ele>
      </trkpt>
      <trkpt lat="45.068740000" lon="4.832360000">
        <ele>124.000</ele>
      </trkpt>
      <trkpt lat="45.068740000" lon="4.832180000">
        <ele>124.000</ele>
      </trkpt>
      <trkpt lat="45.068750000" lon="4.831440000">
        <ele>123.000</ele>
      </trkpt>
      <trkpt lat="45.068740000" lon="4.831370000">
        <ele>123.000</ele>
      </trkpt>
      <trkpt lat="45.068730000" lon="4.831240000">
        <ele>123.000</ele>
      </trkpt>
      <trkpt lat="45.068730000" lon="4.831030000">
        <ele>123.000</ele>
      </trkpt>
      <trkpt lat="45.068750000" lon="4.830770000">
        <ele>123.000</ele>
      </trkpt>
      <trkpt lat="45.068760000" lon="4.830650000">
        <ele>123.000</ele>
      </trkpt>
      <trkpt lat="45.068770000" lon="4.830570000">
        <ele>123.000</ele>
      </trkpt>
      <trkpt lat="45.068780000" lon="4.830470000">
        <ele>123.000</ele>
      </trkpt>
      <trkpt lat="45.068860000" lon="4.830160000">
        <ele>123.000</ele>
      </trkpt>
      <trkpt lat="45.068900000" lon="4.829980000">
        <ele>123.000</ele>
      </trkpt>
      <trkpt lat="45.068970000" lon="4.829800000">
        <ele>123.000</ele>
      </trkpt>
      <trkpt lat="45.068990000" lon="4.829760000">
        <ele>123.000</ele>
      </trkpt>
      <trkpt lat="45.069030000" lon="4.829670000">
        <ele>123.000</ele>
      </trkpt>
      <trkpt lat="45.069180000" lon="4.829430000">
        <ele>123.000</ele>
      </trkpt>
      <trkpt lat="45.069390000" lon="4.829110000">
        <ele>123.000</ele>
      </trkpt>
      <trkpt lat="45.069780000" lon="4.828580000">
        <ele>123.000</ele>
      </trkpt>
      <trkpt lat="45.070070000" lon="4.828160000">
        <ele>123.000</ele>
      </trkpt>
      <trkpt lat="45.070140000" lon="4.828050000">
        <ele>123.000</ele>
      </trkpt>
      <trkpt lat="45.070230000" lon="4.827930000">
        <ele>123.000</ele>
      </trkpt>
      <trkpt lat="45.070250000" lon="4.827900000">
        <ele>122.000</ele>
      </trkpt>
      <trkpt lat="45.070400000" lon="4.827670000">
        <ele>122.000</ele>
      </trkpt>
      <trkpt lat="45.070420000" lon="4.827640000">
        <ele>122.000</ele>
      </trkpt>
      <trkpt lat="45.070440000" lon="4.827600000">
        <ele>122.000</ele>
      </trkpt>
      <trkpt lat="45.070580000" lon="4.827380000">
        <ele>122.000</ele>
      </trkpt>
      <trkpt lat="45.070660000" lon="4.827180000">
        <ele>122.000</ele>
      </trkpt>
      <trkpt lat="45.070780000" lon="4.826880000">
        <ele>122.000</ele>
      </trkpt>
      <trkpt lat="45.070820000" lon="4.826780000">
        <ele>122.000</ele>
      </trkpt>
      <trkpt lat="45.070890000" lon="4.826570000">
        <ele>122.000</ele>
      </trkpt>
      <trkpt lat="45.070910000" lon="4.826490000">
        <ele>122.000</ele>
      </trkpt>
      <trkpt lat="45.070970000" lon="4.826310000">
        <ele>122.000</ele>
      </trkpt>
      <trkpt lat="45.071370000" lon="4.825120000">
        <ele>122.000</ele>
      </trkpt>
      <trkpt lat="45.071400000" lon="4.825060000">
        <ele>122.000</ele>
      </trkpt>
      <trkpt lat="45.071410000" lon="4.825010000">
        <ele>122.000</ele>
      </trkpt>
      <trkpt lat="45.071660000" lon="4.824270000">
        <ele>122.000</ele>
      </trkpt>
      <trkpt lat="45.071880000" lon="4.823620000">
        <ele>123.000</ele>
      </trkpt>
      <trkpt lat="45.071910000" lon="4.823530000">
        <ele>123.000</ele>
      </trkpt>
      <trkpt lat="45.071980000" lon="4.823410000">
        <ele>123.000</ele>
      </trkpt>
      <trkpt lat="45.072050000" lon="4.823230000">
        <ele>124.000</ele>
      </trkpt>
      <trkpt lat="45.072250000" lon="4.822600000">
        <ele>124.000</ele>
      </trkpt>
      <trkpt lat="45.072270000" lon="4.822520000">
        <ele>125.000</ele>
      </trkpt>
      <trkpt lat="45.072350000" lon="4.822270000">
        <ele>125.000</ele>
      </trkpt>
      <trkpt lat="45.072400000" lon="4.822190000">
        <ele>125.000</ele>
      </trkpt>
      <trkpt lat="45.072410000" lon="4.822160000">
        <ele>126.000</ele>
      </trkpt>
      <trkpt lat="45.072450000" lon="4.822160000">
        <ele>126.000</ele>
      </trkpt>
      <trkpt lat="45.072490000" lon="4.822140000">
        <ele>126.000</ele>
      </trkpt>
      <trkpt lat="45.072530000" lon="4.822100000">
        <ele>126.000</ele>
      </trkpt>
      <trkpt lat="45.072550000" lon="4.822050000">
        <ele>126.000</ele>
      </trkpt>
      <trkpt lat="45.072570000" lon="4.822000000">
        <ele>126.000</ele>
      </trkpt>
      <trkpt lat="45.072580000" lon="4.821940000">
        <ele>126.000</ele>
      </trkpt>
      <trkpt lat="45.072570000" lon="4.821890000">
        <ele>126.000</ele>
      </trkpt>
      <trkpt lat="45.072560000" lon="4.821840000">
        <ele>126.000</ele>
      </trkpt>
      <trkpt lat="45.072540000" lon="4.821810000">
        <ele>126.000</ele>
      </trkpt>
      <trkpt lat="45.072510000" lon="4.821770000">
        <ele>126.000</ele>
      </trkpt>
      <trkpt lat="45.072470000" lon="4.821740000">
        <ele>127.000</ele>
      </trkpt>
      <trkpt lat="45.072430000" lon="4.821730000">
        <ele>127.000</ele>
      </trkpt>
      <trkpt lat="45.072400000" lon="4.821730000">
        <ele>127.000</ele>
      </trkpt>
      <trkpt lat="45.072370000" lon="4.821740000">
        <ele>127.000</ele>
      </trkpt>
      <trkpt lat="45.072340000" lon="4.821760000">
        <ele>127.000</ele>
      </trkpt>
      <trkpt lat="45.072230000" lon="4.821720000">
        <ele>127.000</ele>
      </trkpt>
      <trkpt lat="45.072070000" lon="4.821550000">
        <ele>127.000</ele>
      </trkpt>
      <trkpt lat="45.072040000" lon="4.821520000">
        <ele>127.000</ele>
      </trkpt>
      <trkpt lat="45.071950000" lon="4.821410000">
        <ele>127.000</ele>
      </trkpt>
      <trkpt lat="45.071930000" lon="4.821390000">
        <ele>127.000</ele>
      </trkpt>
      <trkpt lat="45.071870000" lon="4.821320000">
        <ele>127.000</ele>
      </trkpt>
      <trkpt lat="45.071790000" lon="4.821230000">
        <ele>128.000</ele>
      </trkpt>
      <trkpt lat="45.071730000" lon="4.821160000">
        <ele>128.000</ele>
      </trkpt>
      <trkpt lat="45.071660000" lon="4.821090000">
        <ele>128.000</ele>
      </trkpt>
      <trkpt lat="45.071390000" lon="4.820790000">
        <ele>128.000</ele>
      </trkpt>
      <trkpt lat="45.071370000" lon="4.820760000">
        <ele>128.000</ele>
      </trkpt>
      <trkpt lat="45.071190000" lon="4.820570000">
        <ele>128.000</ele>
      </trkpt>
      <trkpt lat="45.070710000" lon="4.820040000">
        <ele>128.000</ele>
      </trkpt>
      <trkpt lat="45.070590000" lon="4.819900000">
        <ele>128.000</ele>
      </trkpt>
      <trkpt lat="45.070550000" lon="4.819850000">
        <ele>128.000</ele>
      </trkpt>
      <trkpt lat="45.070500000" lon="4.819790000">
        <ele>128.000</ele>
      </trkpt>
      <trkpt lat="45.070420000" lon="4.819670000">
        <ele>128.000</ele>
      </trkpt>
      <trkpt lat="45.070390000" lon="4.819630000">
        <ele>128.000</ele>
      </trkpt>
      <trkpt lat="45.070250000" lon="4.819420000">
        <ele>128.000</ele>
      </trkpt>
      <trkpt lat="45.070070000" lon="4.819070000">
        <ele>128.000</ele>
      </trkpt>
      <trkpt lat="45.070050000" lon="4.819030000">
        <ele>128.000</ele>
      </trkpt>
      <trkpt lat="45.069930000" lon="4.818700000">
        <ele>128.000</ele>
      </trkpt>
      <trkpt lat="45.069900000" lon="4.818620000">
        <ele>128.000</ele>
      </trkpt>
      <trkpt lat="45.069840000" lon="4.818400000">
        <ele>128.000</ele>
      </trkpt>
      <trkpt lat="45.069810000" lon="4.818310000">
        <ele>128.000</ele>
      </trkpt>
      <trkpt lat="45.069800000" lon="4.818270000">
        <ele>128.000</ele>
      </trkpt>
      <trkpt lat="45.069650000" lon="4.817740000">
        <ele>128.000</ele>
      </trkpt>
      <trkpt lat="45.069520000" lon="4.817290000">
        <ele>128.000</ele>
      </trkpt>
      <trkpt lat="45.069360000" lon="4.816770000">
        <ele>128.000</ele>
      </trkpt>
      <trkpt lat="45.069270000" lon="4.816450000">
        <ele>128.000</ele>
      </trkpt>
      <trkpt lat="45.069050000" lon="4.815700000">
        <ele>128.000</ele>
      </trkpt>
      <trkpt lat="45.069050000" lon="4.815700000">
        <ele>128.000</ele>
      </trkpt>
      <trkpt lat="45.068700000" lon="4.814490000">
        <ele>129.000</ele>
      </trkpt>
      <trkpt lat="45.068610000" lon="4.814210000">
        <ele>129.000</ele>
      </trkpt>
      <trkpt lat="45.068350000" lon="4.813490000">
        <ele>130.000</ele>
      </trkpt>
      <trkpt lat="45.068220000" lon="4.813160000">
        <ele>131.000</ele>
      </trkpt>
      <trkpt lat="45.068130000" lon="4.812960000">
        <ele>131.000</ele>
      </trkpt>
      <trkpt lat="45.068030000" lon="4.812790000">
        <ele>131.000</ele>
      </trkpt>
      <trkpt lat="45.067790000" lon="4.812190000">
        <ele>132.000</ele>
      </trkpt>
      <trkpt lat="45.067790000" lon="4.812180000">
        <ele>132.000</ele>
      </trkpt>
      <trkpt lat="45.067760000" lon="4.812010000">
        <ele>132.000</ele>
      </trkpt>
      <trkpt lat="45.067710000" lon="4.811900000">
        <ele>132.000</ele>
      </trkpt>
      <trkpt lat="45.067370000" lon="4.810990000">
        <ele>133.000</ele>
      </trkpt>
      <trkpt lat="45.067320000" lon="4.810850000">
        <ele>133.000</ele>
      </trkpt>
      <trkpt lat="45.067280000" lon="4.810670000">
        <ele>133.000</ele>
      </trkpt>
      <trkpt lat="45.067150000" lon="4.809450000">
        <ele>133.000</ele>
      </trkpt>
      <trkpt lat="45.067140000" lon="4.809320000">
        <ele>133.000</ele>
      </trkpt>
      <trkpt lat="45.067110000" lon="4.809000000">
        <ele>133.000</ele>
      </trkpt>
      <trkpt lat="45.067130000" lon="4.808730000">
        <ele>133.000</ele>
      </trkpt>
      <trkpt lat="45.067140000" lon="4.808680000">
        <ele>133.000</ele>
      </trkpt>
      <trkpt lat="45.067180000" lon="4.808610000">
        <ele>133.000</ele>
      </trkpt>
      <trkpt lat="45.067200000" lon="4.808530000">
        <ele>133.000</ele>
      </trkpt>
      <trkpt lat="45.067190000" lon="4.808440000">
        <ele>133.000</ele>
      </trkpt>
      <trkpt lat="45.067160000" lon="4.808380000">
        <ele>133.000</ele>
      </trkpt>
      <trkpt lat="45.067120000" lon="4.808330000">
        <ele>132.000</ele>
      </trkpt>
      <trkpt lat="45.067080000" lon="4.808310000">
        <ele>132.000</ele>
      </trkpt>
      <trkpt lat="45.066980000" lon="4.808080000">
        <ele>132.000</ele>
      </trkpt>
      <trkpt lat="45.066980000" lon="4.808050000">
        <ele>132.000</ele>
      </trkpt>
      <trkpt lat="45.066970000" lon="4.807930000">
        <ele>132.000</ele>
      </trkpt>
      <trkpt lat="45.066890000" lon="4.806910000">
        <ele>131.000</ele>
      </trkpt>
      <trkpt lat="45.066880000" lon="4.806690000">
        <ele>131.000</ele>
      </trkpt>
      <trkpt lat="45.066870000" lon="4.806570000">
        <ele>131.000</ele>
      </trkpt>
      <trkpt lat="45.066870000" lon="4.806460000">
        <ele>130.000</ele>
      </trkpt>
      <trkpt lat="45.066870000" lon="4.806430000">
        <ele>130.000</ele>
      </trkpt>
      <trkpt lat="45.066870000" lon="4.806210000">
        <ele>130.000</ele>
      </trkpt>
      <trkpt lat="45.066870000" lon="4.804520000">
        <ele>129.000</ele>
      </trkpt>
      <trkpt lat="45.066870000" lon="4.803700000">
        <ele>128.000</ele>
      </trkpt>
      <trkpt lat="45.066880000" lon="4.802630000">
        <ele>128.000</ele>
      </trkpt>
      <trkpt lat="45.066880000" lon="4.802440000">
        <ele>127.000</ele>
      </trkpt>
      <trkpt lat="45.066880000" lon="4.802410000">
        <ele>127.000</ele>
      </trkpt>
      <trkpt lat="45.066890000" lon="4.802170000">
        <ele>126.000</ele>
      </trkpt>
      <trkpt lat="45.066890000" lon="4.802110000">
        <ele>126.000</ele>
      </trkpt>
      <trkpt lat="45.066890000" lon="4.802060000">
        <ele>126.000</ele>
      </trkpt>
      <trkpt lat="45.066890000" lon="4.801890000">
        <ele>126.000</ele>
      </trkpt>
      <trkpt lat="45.066910000" lon="4.801390000">
        <ele>126.000</ele>
      </trkpt>
      <trkpt lat="45.066910000" lon="4.801240000">
        <ele>126.000</ele>
      </trkpt>
      <trkpt lat="45.066920000" lon="4.800740000">
        <ele>126.000</ele>
      </trkpt>
      <trkpt lat="45.066930000" lon="4.800650000">
        <ele>126.000</ele>
      </trkpt>
      <trkpt lat="45.066940000" lon="4.800430000">
        <ele>126.000</ele>
      </trkpt>
      <trkpt lat="45.066940000" lon="4.800400000">
        <ele>126.000</ele>
      </trkpt>
      <trkpt lat="45.066940000" lon="4.800080000">
        <ele>126.000</ele>
      </trkpt>
      <trkpt lat="45.066940000" lon="4.800010000">
        <ele>126.000</ele>
      </trkpt>
      <trkpt lat="45.066940000" lon="4.799510000">
        <ele>126.000</ele>
      </trkpt>
      <trkpt lat="45.066940000" lon="4.799280000">
        <ele>126.000</ele>
      </trkpt>
      <trkpt lat="45.066940000" lon="4.799200000">
        <ele>126.000</ele>
      </trkpt>
      <trkpt lat="45.066950000" lon="4.798600000">
        <ele>126.000</ele>
      </trkpt>
      <trkpt lat="45.066950000" lon="4.798350000">
        <ele>126.000</ele>
      </trkpt>
      <trkpt lat="45.066920000" lon="4.798090000">
        <ele>127.000</ele>
      </trkpt>
      <trkpt lat="45.066920000" lon="4.798000000">
        <ele>127.000</ele>
      </trkpt>
      <trkpt lat="45.066910000" lon="4.797880000">
        <ele>127.000</ele>
      </trkpt>
      <trkpt lat="45.066850000" lon="4.797640000">
        <ele>127.000</ele>
      </trkpt>
      <trkpt lat="45.066790000" lon="4.797490000">
        <ele>128.000</ele>
      </trkpt>
      <trkpt lat="45.066770000" lon="4.797430000">
        <ele>128.000</ele>
      </trkpt>
      <trkpt lat="45.066720000" lon="4.797330000">
        <ele>128.000</ele>
      </trkpt>
      <trkpt lat="45.066410000" lon="4.796630000">
        <ele>128.000</ele>
      </trkpt>
      <trkpt lat="45.066200000" lon="4.796170000">
        <ele>129.000</ele>
      </trkpt>
      <trkpt lat="45.066090000" lon="4.795890000">
        <ele>130.000</ele>
      </trkpt>
      <trkpt lat="45.065960000" lon="4.795490000">
        <ele>130.000</ele>
      </trkpt>
      <trkpt lat="45.065900000" lon="4.795300000">
        <ele>131.000</ele>
      </trkpt>
      <trkpt lat="45.065770000" lon="4.794890000">
        <ele>132.000</ele>
      </trkpt>
      <trkpt lat="45.065510000" lon="4.794170000">
        <ele>133.000</ele>
      </trkpt>
      <trkpt lat="45.065340000" lon="4.793700000">
        <ele>134.000</ele>
      </trkpt>
      <trkpt lat="45.065170000" lon="4.793450000">
        <ele>136.000</ele>
      </trkpt>
      <trkpt lat="45.064810000" lon="4.793070000">
        <ele>139.000</ele>
      </trkpt>
      <trkpt lat="45.064660000" lon="4.792860000">
        <ele>141.000</ele>
      </trkpt>
      <trkpt lat="45.064560000" lon="4.792680000">
        <ele>143.000</ele>
      </trkpt>
      <trkpt lat="45.064520000" lon="4.792620000">
        <ele>145.000</ele>
      </trkpt>
      <trkpt lat="45.064380000" lon="4.792330000">
        <ele>147.000</ele>
      </trkpt>
      <trkpt lat="45.064280000" lon="4.791970000">
        <ele>149.000</ele>
      </trkpt>
      <trkpt lat="45.064290000" lon="4.791650000">
        <ele>150.000</ele>
      </trkpt>
      <trkpt lat="45.064350000" lon="4.791300000">
        <ele>150.000</ele>
      </trkpt>
      <trkpt lat="45.064460000" lon="4.790950000">
        <ele>150.000</ele>
      </trkpt>
      <trkpt lat="45.064670000" lon="4.790380000">
        <ele>150.000</ele>
      </trkpt>
      <trkpt lat="45.064720000" lon="4.790210000">
        <ele>150.000</ele>
      </trkpt>
      <trkpt lat="45.064760000" lon="4.790100000">
        <ele>150.000</ele>
      </trkpt>
      <trkpt lat="45.065090000" lon="4.788530000">
        <ele>149.000</ele>
      </trkpt>
      <trkpt lat="45.065130000" lon="4.788350000">
        <ele>148.000</ele>
      </trkpt>
      <trkpt lat="45.065170000" lon="4.788150000">
        <ele>147.000</ele>
      </trkpt>
      <trkpt lat="45.065230000" lon="4.787900000">
        <ele>147.000</ele>
      </trkpt>
      <trkpt lat="45.065300000" lon="4.787760000">
        <ele>146.000</ele>
      </trkpt>
      <trkpt lat="45.065330000" lon="4.787680000">
        <ele>146.000</ele>
      </trkpt>
      <trkpt lat="45.065530000" lon="4.787310000">
        <ele>145.000</ele>
      </trkpt>
      <trkpt lat="45.065940000" lon="4.786610000">
        <ele>144.000</ele>
      </trkpt>
      <trkpt lat="45.066110000" lon="4.786050000">
        <ele>143.000</ele>
      </trkpt>
      <trkpt lat="45.066240000" lon="4.785510000">
        <ele>143.000</ele>
      </trkpt>
      <trkpt lat="45.066340000" lon="4.785080000">
        <ele>143.000</ele>
      </trkpt>
      <trkpt lat="45.066360000" lon="4.784870000">
        <ele>144.000</ele>
      </trkpt>
      <trkpt lat="45.066350000" lon="4.784690000">
        <ele>144.000</ele>
      </trkpt>
      <trkpt lat="45.066310000" lon="4.784440000">
        <ele>145.000</ele>
      </trkpt>
      <trkpt lat="45.066310000" lon="4.784420000">
        <ele>145.000</ele>
      </trkpt>
      <trkpt lat="45.066260000" lon="4.784070000">
        <ele>145.000</ele>
      </trkpt>
      <trkpt lat="45.066240000" lon="4.783840000">
        <ele>146.000</ele>
      </trkpt>
      <trkpt lat="45.066280000" lon="4.782770000">
        <ele>147.000</ele>
      </trkpt>
      <trkpt lat="45.066270000" lon="4.782320000">
        <ele>148.000</ele>
      </trkpt>
      <trkpt lat="45.066230000" lon="4.782090000">
        <ele>148.000</ele>
      </trkpt>
      <trkpt lat="45.066150000" lon="4.781900000">
        <ele>149.000</ele>
      </trkpt>
      <trkpt lat="45.066020000" lon="4.781650000">
        <ele>149.000</ele>
      </trkpt>
      <trkpt lat="45.065730000" lon="4.781460000">
        <ele>149.000</ele>
      </trkpt>
      <trkpt lat="45.065510000" lon="4.781400000">
        <ele>149.000</ele>
      </trkpt>
      <trkpt lat="45.065350000" lon="4.781370000">
        <ele>149.000</ele>
      </trkpt>
      <trkpt lat="45.064790000" lon="4.781320000">
        <ele>149.000</ele>
      </trkpt>
      <trkpt lat="45.064620000" lon="4.781320000">
        <ele>149.000</ele>
      </trkpt>
      <trkpt lat="45.064520000" lon="4.781350000">
        <ele>149.000</ele>
      </trkpt>
      <trkpt lat="45.064450000" lon="4.781410000">
        <ele>149.000</ele>
      </trkpt>
      <trkpt lat="45.064350000" lon="4.781550000">
        <ele>150.000</ele>
      </trkpt>
      <trkpt lat="45.064270000" lon="4.781730000">
        <ele>150.000</ele>
      </trkpt>
      <trkpt lat="45.064210000" lon="4.781950000">
        <ele>151.000</ele>
      </trkpt>
      <trkpt lat="45.064120000" lon="4.782110000">
        <ele>151.000</ele>
      </trkpt>
      <trkpt lat="45.064000000" lon="4.782280000">
        <ele>152.000</ele>
      </trkpt>
      <trkpt lat="45.063930000" lon="4.782530000">
        <ele>152.000</ele>
      </trkpt>
      <trkpt lat="45.063860000" lon="4.782770000">
        <ele>153.000</ele>
      </trkpt>
      <trkpt lat="45.063640000" lon="4.783260000">
        <ele>154.000</ele>
      </trkpt>
      <trkpt lat="45.063500000" lon="4.783730000">
        <ele>155.000</ele>
      </trkpt>
      <trkpt lat="45.063500000" lon="4.784190000">
        <ele>156.000</ele>
      </trkpt>
      <trkpt lat="45.063460000" lon="4.784460000">
        <ele>157.000</ele>
      </trkpt>
      <trkpt lat="45.063270000" lon="4.785010000">
        <ele>158.000</ele>
      </trkpt>
      <trkpt lat="45.063170000" lon="4.785220000">
        <ele>159.000</ele>
      </trkpt>
      <trkpt lat="45.062610000" lon="4.786060000">
        <ele>161.000</ele>
      </trkpt>
      <trkpt lat="45.062470000" lon="4.786220000">
        <ele>162.000</ele>
      </trkpt>
      <trkpt lat="45.061980000" lon="4.786520000">
        <ele>164.000</ele>
      </trkpt>
      <trkpt lat="45.061630000" lon="4.786690000">
        <ele>165.000</ele>
      </trkpt>
      <trkpt lat="45.061340000" lon="4.786760000">
        <ele>167.000</ele>
      </trkpt>
      <trkpt lat="45.060990000" lon="4.786720000">
        <ele>168.000</ele>
      </trkpt>
      <trkpt lat="45.060640000" lon="4.786770000">
        <ele>169.000</ele>
      </trkpt>
      <trkpt lat="45.060480000" lon="4.786740000">
        <ele>170.000</ele>
      </trkpt>
      <trkpt lat="45.060270000" lon="4.786630000">
        <ele>170.000</ele>
      </trkpt>
      <trkpt lat="45.059800000" lon="4.786410000">
        <ele>171.000</ele>
      </trkpt>
      <trkpt lat="45.059560000" lon="4.786150000">
        <ele>171.000</ele>
      </trkpt>
      <trkpt lat="45.059360000" lon="4.785800000">
        <ele>171.000</ele>
      </trkpt>
      <trkpt lat="45.059030000" lon="4.785220000">
        <ele>171.000</ele>
      </trkpt>
      <trkpt lat="45.058900000" lon="4.784940000">
        <ele>171.000</ele>
      </trkpt>
      <trkpt lat="45.058810000" lon="4.784820000">
        <ele>172.000</ele>
      </trkpt>
      <trkpt lat="45.058690000" lon="4.784760000">
        <ele>172.000</ele>
      </trkpt>
      <trkpt lat="45.058530000" lon="4.784780000">
        <ele>173.000</ele>
      </trkpt>
      <trkpt lat="45.058390000" lon="4.784830000">
        <ele>174.000</ele>
      </trkpt>
      <trkpt lat="45.058270000" lon="4.784840000">
        <ele>175.000</ele>
      </trkpt>
      <trkpt lat="45.058010000" lon="4.784750000">
        <ele>176.000</ele>
      </trkpt>
      <trkpt lat="45.057860000" lon="4.784710000">
        <ele>177.000</ele>
      </trkpt>
      <trkpt lat="45.057700000" lon="4.784700000">
        <ele>178.000</ele>
      </trkpt>
      <trkpt lat="45.057430000" lon="4.784880000">
        <ele>179.000</ele>
      </trkpt>
      <trkpt lat="45.057200000" lon="4.784980000">
        <ele>181.000</ele>
      </trkpt>
      <trkpt lat="45.056940000" lon="4.784920000">
        <ele>181.000</ele>
      </trkpt>
      <trkpt lat="45.056690000" lon="4.784790000">
        <ele>182.000</ele>
      </trkpt>
      <trkpt lat="45.056580000" lon="4.784720000">
        <ele>182.000</ele>
      </trkpt>
      <trkpt lat="45.056510000" lon="4.784630000">
        <ele>182.000</ele>
      </trkpt>
      <trkpt lat="45.056440000" lon="4.784440000">
        <ele>182.000</ele>
      </trkpt>
      <trkpt lat="45.056500000" lon="4.784190000">
        <ele>182.000</ele>
      </trkpt>
      <trkpt lat="45.056920000" lon="4.782450000">
        <ele>181.000</ele>
      </trkpt>
      <trkpt lat="45.056960000" lon="4.782330000">
        <ele>180.000</ele>
      </trkpt>
      <trkpt lat="45.056980000" lon="4.782290000">
        <ele>180.000</ele>
      </trkpt>
      <trkpt lat="45.057040000" lon="4.782200000">
        <ele>180.000</ele>
      </trkpt>
      <trkpt lat="45.057130000" lon="4.782150000">
        <ele>180.000</ele>
      </trkpt>
      <trkpt lat="45.057700000" lon="4.781940000">
        <ele>181.000</ele>
      </trkpt>
      <trkpt lat="45.057810000" lon="4.781870000">
        <ele>182.000</ele>
      </trkpt>
      <trkpt lat="45.057900000" lon="4.781740000">
        <ele>183.000</ele>
      </trkpt>
      <trkpt lat="45.057970000" lon="4.781570000">
        <ele>184.000</ele>
      </trkpt>
      <trkpt lat="45.058010000" lon="4.781370000">
        <ele>184.000</ele>
      </trkpt>
      <trkpt lat="45.058060000" lon="4.780450000">
        <ele>186.000</ele>
      </trkpt>
      <trkpt lat="45.058050000" lon="4.780130000">
        <ele>188.000</ele>
      </trkpt>
      <trkpt lat="45.057970000" lon="4.779680000">
        <ele>190.000</ele>
      </trkpt>
      <trkpt lat="45.057970000" lon="4.779490000">
        <ele>191.000</ele>
      </trkpt>
      <trkpt lat="45.058020000" lon="4.779380000">
        <ele>193.000</ele>
      </trkpt>
      <trkpt lat="45.058180000" lon="4.779180000">
        <ele>194.000</ele>
      </trkpt>
      <trkpt lat="45.058280000" lon="4.779040000">
        <ele>195.000</ele>
      </trkpt>
      <trkpt lat="45.058320000" lon="4.778840000">
        <ele>197.000</ele>
      </trkpt>
      <trkpt lat="45.058390000" lon="4.778560000">
        <ele>198.000</ele>
      </trkpt>
      <trkpt lat="45.058490000" lon="4.778240000">
        <ele>199.000</ele>
      </trkpt>
      <trkpt lat="45.058530000" lon="4.778050000">
        <ele>201.000</ele>
      </trkpt>
      <trkpt lat="45.058540000" lon="4.777800000">
        <ele>202.000</ele>
      </trkpt>
      <trkpt lat="45.058570000" lon="4.777520000">
        <ele>203.000</ele>
      </trkpt>
      <trkpt lat="45.058680000" lon="4.777030000">
        <ele>204.000</ele>
      </trkpt>
      <trkpt lat="45.058710000" lon="4.776790000">
        <ele>206.000</ele>
      </trkpt>
      <trkpt lat="45.058700000" lon="4.776690000">
        <ele>206.000</ele>
      </trkpt>
      <trkpt lat="45.058670000" lon="4.776580000">
        <ele>207.000</ele>
      </trkpt>
      <trkpt lat="45.058540000" lon="4.776410000">
        <ele>208.000</ele>
      </trkpt>
      <trkpt lat="45.058360000" lon="4.776280000">
        <ele>209.000</ele>
      </trkpt>
      <trkpt lat="45.058190000" lon="4.776180000">
        <ele>210.000</ele>
      </trkpt>
      <trkpt lat="45.058030000" lon="4.776150000">
        <ele>210.000</ele>
      </trkpt>
      <trkpt lat="45.057750000" lon="4.776080000">
        <ele>211.000</ele>
      </trkpt>
      <trkpt lat="45.057470000" lon="4.775830000">
        <ele>213.000</ele>
      </trkpt>
      <trkpt lat="45.057310000" lon="4.775640000">
        <ele>215.000</ele>
      </trkpt>
      <trkpt lat="45.056780000" lon="4.774770000">
        <ele>218.000</ele>
      </trkpt>
      <trkpt lat="45.056710000" lon="4.774690000">
        <ele>221.000</ele>
      </trkpt>
      <trkpt lat="45.056650000" lon="4.774620000">
        <ele>223.000</ele>
      </trkpt>
      <trkpt lat="45.056590000" lon="4.774580000">
        <ele>224.000</ele>
      </trkpt>
      <trkpt lat="45.056490000" lon="4.774540000">
        <ele>225.000</ele>
      </trkpt>
      <trkpt lat="45.056420000" lon="4.774470000">
        <ele>226.000</ele>
      </trkpt>
      <trkpt lat="45.056360000" lon="4.774330000">
        <ele>227.000</ele>
      </trkpt>
      <trkpt lat="45.056280000" lon="4.773910000">
        <ele>228.000</ele>
      </trkpt>
      <trkpt lat="45.056130000" lon="4.773270000">
        <ele>229.000</ele>
      </trkpt>
      <trkpt lat="45.056060000" lon="4.772830000">
        <ele>229.000</ele>
      </trkpt>
      <trkpt lat="45.056060000" lon="4.772380000">
        <ele>230.000</ele>
      </trkpt>
      <trkpt lat="45.056140000" lon="4.771900000">
        <ele>230.000</ele>
      </trkpt>
      <trkpt lat="45.056160000" lon="4.771630000">
        <ele>231.000</ele>
      </trkpt>
      <trkpt lat="45.056160000" lon="4.771270000">
        <ele>232.000</ele>
      </trkpt>
      <trkpt lat="45.056140000" lon="4.770740000">
        <ele>233.000</ele>
      </trkpt>
      <trkpt lat="45.056180000" lon="4.770580000">
        <ele>234.000</ele>
      </trkpt>
      <trkpt lat="45.056260000" lon="4.770480000">
        <ele>235.000</ele>
      </trkpt>
      <trkpt lat="45.056450000" lon="4.770400000">
        <ele>236.000</ele>
      </trkpt>
      <trkpt lat="45.056600000" lon="4.770290000">
        <ele>237.000</ele>
      </trkpt>
      <trkpt lat="45.056750000" lon="4.770020000">
        <ele>238.000</ele>
      </trkpt>
      <trkpt lat="45.056930000" lon="4.769620000">
        <ele>240.000</ele>
      </trkpt>
      <trkpt lat="45.057260000" lon="4.769240000">
        <ele>241.000</ele>
      </trkpt>
      <trkpt lat="45.057570000" lon="4.768820000">
        <ele>243.000</ele>
      </trkpt>
      <trkpt lat="45.057830000" lon="4.768480000">
        <ele>246.000</ele>
      </trkpt>
      <trkpt lat="45.057920000" lon="4.768240000">
        <ele>247.000</ele>
      </trkpt>
      <trkpt lat="45.057960000" lon="4.768050000">
        <ele>249.000</ele>
      </trkpt>
      <trkpt lat="45.057920000" lon="4.767840000">
        <ele>250.000</ele>
      </trkpt>
      <trkpt lat="45.057880000" lon="4.767670000">
        <ele>251.000</ele>
      </trkpt>
      <trkpt lat="45.057890000" lon="4.767510000">
        <ele>252.000</ele>
      </trkpt>
      <trkpt lat="45.057950000" lon="4.767310000">
        <ele>253.000</ele>
      </trkpt>
      <trkpt lat="45.058080000" lon="4.767200000">
        <ele>253.000</ele>
      </trkpt>
      <trkpt lat="45.058490000" lon="4.767150000">
        <ele>253.000</ele>
      </trkpt>
      <trkpt lat="45.058940000" lon="4.766960000">
        <ele>254.000</ele>
      </trkpt>
      <trkpt lat="45.059110000" lon="4.766830000">
        <ele>254.000</ele>
      </trkpt>
      <trkpt lat="45.059270000" lon="4.766660000">
        <ele>254.000</ele>
      </trkpt>
      <trkpt lat="45.059590000" lon="4.765880000">
        <ele>255.000</ele>
      </trkpt>
      <trkpt lat="45.059820000" lon="4.765580000">
        <ele>254.000</ele>
      </trkpt>
      <trkpt lat="45.059980000" lon="4.765480000">
        <ele>254.000</ele>
      </trkpt>
      <trkpt lat="45.060060000" lon="4.765470000">
        <ele>253.000</ele>
      </trkpt>
      <trkpt lat="45.060220000" lon="4.765510000">
        <ele>253.000</ele>
      </trkpt>
      <trkpt lat="45.060490000" lon="4.765700000">
        <ele>251.000</ele>
      </trkpt>
      <trkpt lat="45.060680000" lon="4.765800000">
        <ele>250.000</ele>
      </trkpt>
      <trkpt lat="45.060840000" lon="4.765830000">
        <ele>249.000</ele>
      </trkpt>
      <trkpt lat="45.060970000" lon="4.765790000">
        <ele>248.000</ele>
      </trkpt>
      <trkpt lat="45.061080000" lon="4.765720000">
        <ele>248.000</ele>
      </trkpt>
      <trkpt lat="45.061140000" lon="4.765620000">
        <ele>247.000</ele>
      </trkpt>
      <trkpt lat="45.061200000" lon="4.765470000">
        <ele>246.000</ele>
      </trkpt>
      <trkpt lat="45.061190000" lon="4.765350000">
        <ele>246.000</ele>
      </trkpt>
      <trkpt lat="45.061110000" lon="4.764990000">
        <ele>247.000</ele>
      </trkpt>
      <trkpt lat="45.061080000" lon="4.764720000">
        <ele>249.000</ele>
      </trkpt>
      <trkpt lat="45.061060000" lon="4.764460000">
        <ele>251.000</ele>
      </trkpt>
      <trkpt lat="45.061050000" lon="4.764130000">
        <ele>254.000</ele>
      </trkpt>
      <trkpt lat="45.061060000" lon="4.763900000">
        <ele>257.000</ele>
      </trkpt>
      <trkpt lat="45.061120000" lon="4.763350000">
        <ele>261.000</ele>
      </trkpt>
      <trkpt lat="45.061250000" lon="4.762610000">
        <ele>266.000</ele>
      </trkpt>
      <trkpt lat="45.061320000" lon="4.762330000">
        <ele>269.000</ele>
      </trkpt>
      <trkpt lat="45.061570000" lon="4.761820000">
        <ele>272.000</ele>
      </trkpt>
      <trkpt lat="45.061780000" lon="4.761430000">
        <ele>274.000</ele>
      </trkpt>
      <trkpt lat="45.062000000" lon="4.761090000">
        <ele>275.000</ele>
      </trkpt>
      <trkpt lat="45.062240000" lon="4.760830000">
        <ele>276.000</ele>
      </trkpt>
      <trkpt lat="45.062640000" lon="4.760540000">
        <ele>276.000</ele>
      </trkpt>
      <trkpt lat="45.062640000" lon="4.760540000">
        <ele>277.000</ele>
      </trkpt>
      <trkpt lat="45.063080000" lon="4.760220000">
        <ele>278.000</ele>
      </trkpt>
      <trkpt lat="45.063300000" lon="4.760010000">
        <ele>281.000</ele>
      </trkpt>
      <trkpt lat="45.063780000" lon="4.759470000">
        <ele>284.000</ele>
      </trkpt>
      <trkpt lat="45.063890000" lon="4.759390000">
        <ele>286.000</ele>
      </trkpt>
      <trkpt lat="45.063990000" lon="4.759370000">
        <ele>288.000</ele>
      </trkpt>
      <trkpt lat="45.064180000" lon="4.759420000">
        <ele>290.000</ele>
      </trkpt>
      <trkpt lat="45.064300000" lon="4.759490000">
        <ele>292.000</ele>
      </trkpt>
      <trkpt lat="45.064410000" lon="4.759620000">
        <ele>294.000</ele>
      </trkpt>
      <trkpt lat="45.064520000" lon="4.759850000">
        <ele>295.000</ele>
      </trkpt>
      <trkpt lat="45.064660000" lon="4.759930000">
        <ele>296.000</ele>
      </trkpt>
      <trkpt lat="45.064920000" lon="4.759910000">
        <ele>297.000</ele>
      </trkpt>
      <trkpt lat="45.065120000" lon="4.759910000">
        <ele>299.000</ele>
      </trkpt>
      <trkpt lat="45.065270000" lon="4.759950000">
        <ele>300.000</ele>
      </trkpt>
      <trkpt lat="45.065460000" lon="4.759980000">
        <ele>301.000</ele>
      </trkpt>
      <trkpt lat="45.065600000" lon="4.759980000">
        <ele>302.000</ele>
      </trkpt>
      <trkpt lat="45.065710000" lon="4.759930000">
        <ele>303.000</ele>
      </trkpt>
      <trkpt lat="45.065760000" lon="4.759890000">
        <ele>304.000</ele>
      </trkpt>
      <trkpt lat="45.065820000" lon="4.759810000">
        <ele>304.000</ele>
      </trkpt>
      <trkpt lat="45.065930000" lon="4.759640000">
        <ele>305.000</ele>
      </trkpt>
      <trkpt lat="45.066020000" lon="4.759430000">
        <ele>306.000</ele>
      </trkpt>
      <trkpt lat="45.066080000" lon="4.759180000">
        <ele>306.000</ele>
      </trkpt>
      <trkpt lat="45.066080000" lon="4.759080000">
        <ele>306.000</ele>
      </trkpt>
      <trkpt lat="45.066030000" lon="4.758870000">
        <ele>307.000</ele>
      </trkpt>
      <trkpt lat="45.065970000" lon="4.758650000">
        <ele>307.000</ele>
      </trkpt>
      <trkpt lat="45.065910000" lon="4.758480000">
        <ele>307.000</ele>
      </trkpt>
      <trkpt lat="45.065860000" lon="4.758300000">
        <ele>308.000</ele>
      </trkpt>
      <trkpt lat="45.065840000" lon="4.757780000">
        <ele>308.000</ele>
      </trkpt>
      <trkpt lat="45.065790000" lon="4.757320000">
        <ele>308.000</ele>
      </trkpt>
      <trkpt lat="45.065790000" lon="4.756890000">
        <ele>309.000</ele>
      </trkpt>
      <trkpt lat="45.065660000" lon="4.756540000">
        <ele>310.000</ele>
      </trkpt>
      <trkpt lat="45.065620000" lon="4.756240000">
        <ele>311.000</ele>
      </trkpt>
      <trkpt lat="45.065630000" lon="4.756130000">
        <ele>312.000</ele>
      </trkpt>
      <trkpt lat="45.065660000" lon="4.756020000">
        <ele>312.000</ele>
      </trkpt>
      <trkpt lat="45.066000000" lon="4.755610000">
        <ele>314.000</ele>
      </trkpt>
      <trkpt lat="45.066110000" lon="4.755460000">
        <ele>315.000</ele>
      </trkpt>
      <trkpt lat="45.066170000" lon="4.755320000">
        <ele>317.000</ele>
      </trkpt>
      <trkpt lat="45.066180000" lon="4.755140000">
        <ele>318.000</ele>
      </trkpt>
      <trkpt lat="45.066150000" lon="4.754860000">
        <ele>319.000</ele>
      </trkpt>
      <trkpt lat="45.066140000" lon="4.754630000">
        <ele>320.000</ele>
      </trkpt>
      <trkpt lat="45.066140000" lon="4.754350000">
        <ele>321.000</ele>
      </trkpt>
      <trkpt lat="45.066220000" lon="4.754170000">
        <ele>322.000</ele>
      </trkpt>
      <trkpt lat="45.066350000" lon="4.753980000">
        <ele>322.000</ele>
      </trkpt>
      <trkpt lat="45.066420000" lon="4.753860000">
        <ele>323.000</ele>
      </trkpt>
      <trkpt lat="45.066450000" lon="4.753640000">
        <ele>323.000</ele>
      </trkpt>
      <trkpt lat="45.066440000" lon="4.753330000">
        <ele>323.000</ele>
      </trkpt>
      <trkpt lat="45.066380000" lon="4.753190000">
        <ele>324.000</ele>
      </trkpt>
      <trkpt lat="45.066290000" lon="4.753100000">
        <ele>324.000</ele>
      </trkpt>
      <trkpt lat="45.066040000" lon="4.753010000">
        <ele>324.000</ele>
      </trkpt>
      <trkpt lat="45.065960000" lon="4.752950000">
        <ele>325.000</ele>
      </trkpt>
      <trkpt lat="45.065890000" lon="4.752890000">
        <ele>325.000</ele>
      </trkpt>
      <trkpt lat="45.065830000" lon="4.752710000">
        <ele>325.000</ele>
      </trkpt>
      <trkpt lat="45.065800000" lon="4.752240000">
        <ele>325.000</ele>
      </trkpt>
      <trkpt lat="45.065760000" lon="4.752110000">
        <ele>326.000</ele>
      </trkpt>
      <trkpt lat="45.065680000" lon="4.751940000">
        <ele>326.000</ele>
      </trkpt>
      <trkpt lat="45.065480000" lon="4.751590000">
        <ele>327.000</ele>
      </trkpt>
      <trkpt lat="45.065350000" lon="4.751370000">
        <ele>327.000</ele>
      </trkpt>
      <trkpt lat="45.065270000" lon="4.751260000">
        <ele>328.000</ele>
      </trkpt>
      <trkpt lat="45.064960000" lon="4.751060000">
        <ele>328.000</ele>
      </trkpt>
      <trkpt lat="45.064890000" lon="4.750980000">
        <ele>329.000</ele>
      </trkpt>
      <trkpt lat="45.064840000" lon="4.750820000">
        <ele>329.000</ele>
      </trkpt>
      <trkpt lat="45.064750000" lon="4.750400000">
        <ele>329.000</ele>
      </trkpt>
      <trkpt lat="45.064660000" lon="4.749960000">
        <ele>331.000</ele>
      </trkpt>
      <trkpt lat="45.064510000" lon="4.749790000">
        <ele>332.000</ele>
      </trkpt>
      <trkpt lat="45.064130000" lon="4.749640000">
        <ele>334.000</ele>
      </trkpt>
      <trkpt lat="45.063940000" lon="4.749490000">
        <ele>336.000</ele>
      </trkpt>
      <trkpt lat="45.063750000" lon="4.749160000">
        <ele>338.000</ele>
      </trkpt>
      <trkpt lat="45.063650000" lon="4.748710000">
        <ele>340.000</ele>
      </trkpt>
      <trkpt lat="45.063530000" lon="4.748450000">
        <ele>342.000</ele>
      </trkpt>
      <trkpt lat="45.063460000" lon="4.748190000">
        <ele>343.000</ele>
      </trkpt>
      <trkpt lat="45.063450000" lon="4.748020000">
        <ele>343.000</ele>
      </trkpt>
      <trkpt lat="45.063420000" lon="4.747860000">
        <ele>343.000</ele>
      </trkpt>
      <trkpt lat="45.063340000" lon="4.747630000">
        <ele>343.000</ele>
      </trkpt>
      <trkpt lat="45.063250000" lon="4.747440000">
        <ele>342.000</ele>
      </trkpt>
      <trkpt lat="45.063170000" lon="4.747310000">
        <ele>341.000</ele>
      </trkpt>
      <trkpt lat="45.063090000" lon="4.747180000">
        <ele>340.000</ele>
      </trkpt>
      <trkpt lat="45.063050000" lon="4.747170000">
        <ele>340.000</ele>
      </trkpt>
      <trkpt lat="45.063070000" lon="4.747030000">
        <ele>339.000</ele>
      </trkpt>
      <trkpt lat="45.063070000" lon="4.746950000">
        <ele>339.000</ele>
      </trkpt>
      <trkpt lat="45.063000000" lon="4.746870000">
        <ele>338.000</ele>
      </trkpt>
      <trkpt lat="45.062920000" lon="4.746830000">
        <ele>337.000</ele>
      </trkpt>
      <trkpt lat="45.062870000" lon="4.746830000">
        <ele>337.000</ele>
      </trkpt>
      <trkpt lat="45.062800000" lon="4.746840000">
        <ele>336.000</ele>
      </trkpt>
      <trkpt lat="45.062720000" lon="4.746910000">
        <ele>336.000</ele>
      </trkpt>
      <trkpt lat="45.062660000" lon="4.747020000">
        <ele>335.000</ele>
      </trkpt>
      <trkpt lat="45.062570000" lon="4.747200000">
        <ele>334.000</ele>
      </trkpt>
      <trkpt lat="45.062490000" lon="4.747340000">
        <ele>334.000</ele>
      </trkpt>
      <trkpt lat="45.062350000" lon="4.747480000">
        <ele>334.000</ele>
      </trkpt>
      <trkpt lat="45.062260000" lon="4.747560000">
        <ele>334.000</ele>
      </trkpt>
      <trkpt lat="45.062160000" lon="4.747620000">
        <ele>334.000</ele>
      </trkpt>
      <trkpt lat="45.062030000" lon="4.747670000">
        <ele>335.000</ele>
      </trkpt>
      <trkpt lat="45.061860000" lon="4.747700000">
        <ele>335.000</ele>
      </trkpt>
      <trkpt lat="45.061720000" lon="4.747740000">
        <ele>336.000</ele>
      </trkpt>
      <trkpt lat="45.061620000" lon="4.747780000">
        <ele>336.000</ele>
      </trkpt>
      <trkpt lat="45.061510000" lon="4.747850000">
        <ele>337.000</ele>
      </trkpt>
      <trkpt lat="45.061430000" lon="4.747890000">
        <ele>337.000</ele>
      </trkpt>
      <trkpt lat="45.061360000" lon="4.747970000">
        <ele>337.000</ele>
      </trkpt>
      <trkpt lat="45.061240000" lon="4.748090000">
        <ele>338.000</ele>
      </trkpt>
      <trkpt lat="45.061150000" lon="4.748190000">
        <ele>338.000</ele>
      </trkpt>
      <trkpt lat="45.061030000" lon="4.748250000">
        <ele>339.000</ele>
      </trkpt>
      <trkpt lat="45.060910000" lon="4.748270000">
        <ele>339.000</ele>
      </trkpt>
      <trkpt lat="45.060800000" lon="4.748280000">
        <ele>340.000</ele>
      </trkpt>
      <trkpt lat="45.060610000" lon="4.748270000">
        <ele>339.000</ele>
      </trkpt>
      <trkpt lat="45.060380000" lon="4.748260000">
        <ele>339.000</ele>
      </trkpt>
      <trkpt lat="45.060210000" lon="4.748250000">
        <ele>338.000</ele>
      </trkpt>
      <trkpt lat="45.060080000" lon="4.748290000">
        <ele>337.000</ele>
      </trkpt>
      <trkpt lat="45.059980000" lon="4.748380000">
        <ele>336.000</ele>
      </trkpt>
      <trkpt lat="45.059830000" lon="4.748440000">
        <ele>335.000</ele>
      </trkpt>
      <trkpt lat="45.059620000" lon="4.748480000">
        <ele>334.000</ele>
      </trkpt>
      <trkpt lat="45.059470000" lon="4.748480000">
        <ele>333.000</ele>
      </trkpt>
      <trkpt lat="45.059230000" lon="4.748490000">
        <ele>332.000</ele>
      </trkpt>
      <trkpt lat="45.058970000" lon="4.748500000">
        <ele>330.000</ele>
      </trkpt>
      <trkpt lat="45.058750000" lon="4.748480000">
        <ele>329.000</ele>
      </trkpt>
      <trkpt lat="45.058700000" lon="4.748450000">
        <ele>328.000</ele>
      </trkpt>
      <trkpt lat="45.058650000" lon="4.748400000">
        <ele>327.000</ele>
      </trkpt>
      <trkpt lat="45.058610000" lon="4.748340000">
        <ele>327.000</ele>
      </trkpt>
      <trkpt lat="45.058570000" lon="4.748270000">
        <ele>326.000</ele>
      </trkpt>
      <trkpt lat="45.058560000" lon="4.748180000">
        <ele>326.000</ele>
      </trkpt>
      <trkpt lat="45.058550000" lon="4.748080000">
        <ele>325.000</ele>
      </trkpt>
      <trkpt lat="45.058590000" lon="4.747850000">
        <ele>325.000</ele>
      </trkpt>
      <trkpt lat="45.058640000" lon="4.747660000">
        <ele>324.000</ele>
      </trkpt>
      <trkpt lat="45.058720000" lon="4.747440000">
        <ele>324.000</ele>
      </trkpt>
      <trkpt lat="45.058800000" lon="4.747210000">
        <ele>323.000</ele>
      </trkpt>
      <trkpt lat="45.058820000" lon="4.747070000">
        <ele>322.000</ele>
      </trkpt>
      <trkpt lat="45.058800000" lon="4.746930000">
        <ele>322.000</ele>
      </trkpt>
      <trkpt lat="45.058740000" lon="4.746820000">
        <ele>321.000</ele>
      </trkpt>
      <trkpt lat="45.058690000" lon="4.746710000">
        <ele>321.000</ele>
      </trkpt>
      <trkpt lat="45.058630000" lon="4.746560000">
        <ele>320.000</ele>
      </trkpt>
      <trkpt lat="45.058580000" lon="4.746390000">
        <ele>320.000</ele>
      </trkpt>
      <trkpt lat="45.058560000" lon="4.746180000">
        <ele>319.000</ele>
      </trkpt>
      <trkpt lat="45.058530000" lon="4.746050000">
        <ele>318.000</ele>
      </trkpt>
      <trkpt lat="45.058420000" lon="4.745920000">
        <ele>318.000</ele>
      </trkpt>
      <trkpt lat="45.058320000" lon="4.745760000">
        <ele>317.000</ele>
      </trkpt>
      <trkpt lat="45.058290000" lon="4.745560000">
        <ele>316.000</ele>
      </trkpt>
      <trkpt lat="45.058320000" lon="4.745420000">
        <ele>316.000</ele>
      </trkpt>
      <trkpt lat="45.058380000" lon="4.745240000">
        <ele>315.000</ele>
      </trkpt>
      <trkpt lat="45.058380000" lon="4.745080000">
        <ele>315.000</ele>
      </trkpt>
      <trkpt lat="45.058290000" lon="4.744920000">
        <ele>314.000</ele>
      </trkpt>
      <trkpt lat="45.058210000" lon="4.744700000">
        <ele>313.000</ele>
      </trkpt>
      <trkpt lat="45.058210000" lon="4.744350000">
        <ele>312.000</ele>
      </trkpt>
      <trkpt lat="45.058150000" lon="4.744080000">
        <ele>311.000</ele>
      </trkpt>
      <trkpt lat="45.058130000" lon="4.743790000">
        <ele>310.000</ele>
      </trkpt>
      <trkpt lat="45.058150000" lon="4.743550000">
        <ele>309.000</ele>
      </trkpt>
      <trkpt lat="45.058160000" lon="4.743170000">
        <ele>308.000</ele>
      </trkpt>
      <trkpt lat="45.058160000" lon="4.742870000">
        <ele>306.000</ele>
      </trkpt>
      <trkpt lat="45.058170000" lon="4.742750000">
        <ele>305.000</ele>
      </trkpt>
      <trkpt lat="45.058180000" lon="4.742540000">
        <ele>304.000</ele>
      </trkpt>
      <trkpt lat="45.058150000" lon="4.742320000">
        <ele>302.000</ele>
      </trkpt>
      <trkpt lat="45.058090000" lon="4.742160000">
        <ele>301.000</ele>
      </trkpt>
      <trkpt lat="45.058020000" lon="4.742020000">
        <ele>300.000</ele>
      </trkpt>
      <trkpt lat="45.057900000" lon="4.741810000">
        <ele>299.000</ele>
      </trkpt>
      <trkpt lat="45.057770000" lon="4.741640000">
        <ele>298.000</ele>
      </trkpt>
      <trkpt lat="45.057540000" lon="4.741510000">
        <ele>297.000</ele>
      </trkpt>
      <trkpt lat="45.057430000" lon="4.741380000">
        <ele>297.000</ele>
      </trkpt>
      <trkpt lat="45.057270000" lon="4.741120000">
        <ele>296.000</ele>
      </trkpt>
      <trkpt lat="45.057130000" lon="4.740920000">
        <ele>296.000</ele>
      </trkpt>
      <trkpt lat="45.056940000" lon="4.740670000">
        <ele>296.000</ele>
      </trkpt>
      <trkpt lat="45.056790000" lon="4.740490000">
        <ele>296.000</ele>
      </trkpt>
      <trkpt lat="45.056710000" lon="4.740380000">
        <ele>296.000</ele>
      </trkpt>
      <trkpt lat="45.056670000" lon="4.740280000">
        <ele>296.000</ele>
      </trkpt>
      <trkpt lat="45.056670000" lon="4.740180000">
        <ele>296.000</ele>
      </trkpt>
      <trkpt lat="45.056700000" lon="4.740100000">
        <ele>296.000</ele>
      </trkpt>
      <trkpt lat="45.056760000" lon="4.740040000">
        <ele>296.000</ele>
      </trkpt>
      <trkpt lat="45.056860000" lon="4.740010000">
        <ele>296.000</ele>
      </trkpt>
      <trkpt lat="45.056990000" lon="4.740020000">
        <ele>296.000</ele>
      </trkpt>
      <trkpt lat="45.057120000" lon="4.740070000">
        <ele>295.000</ele>
      </trkpt>
      <trkpt lat="45.057320000" lon="4.740100000">
        <ele>294.000</ele>
      </trkpt>
      <trkpt lat="45.057560000" lon="4.740100000">
        <ele>292.000</ele>
      </trkpt>
      <trkpt lat="45.057780000" lon="4.740090000">
        <ele>290.000</ele>
      </trkpt>
      <trkpt lat="45.057970000" lon="4.740110000">
        <ele>288.000</ele>
      </trkpt>
      <trkpt lat="45.058160000" lon="4.740130000">
        <ele>286.000</ele>
      </trkpt>
      <trkpt lat="45.058320000" lon="4.740140000">
        <ele>284.000</ele>
      </trkpt>
      <trkpt lat="45.058440000" lon="4.740100000">
        <ele>282.000</ele>
      </trkpt>
      <trkpt lat="45.058520000" lon="4.740030000">
        <ele>280.000</ele>
      </trkpt>
      <trkpt lat="45.058560000" lon="4.739940000">
        <ele>279.000</ele>
      </trkpt>
      <trkpt lat="45.058590000" lon="4.739840000">
        <ele>278.000</ele>
      </trkpt>
      <trkpt lat="45.058630000" lon="4.739630000">
        <ele>276.000</ele>
      </trkpt>
      <trkpt lat="45.058680000" lon="4.739380000">
        <ele>275.000</ele>
      </trkpt>
      <trkpt lat="45.058760000" lon="4.739010000">
        <ele>274.000</ele>
      </trkpt>
      <trkpt lat="45.058920000" lon="4.738260000">
        <ele>272.000</ele>
      </trkpt>
      <trkpt lat="45.058980000" lon="4.738030000">
        <ele>271.000</ele>
      </trkpt>
      <trkpt lat="45.059010000" lon="4.737860000">
        <ele>270.000</ele>
      </trkpt>
      <trkpt lat="45.059000000" lon="4.737760000">
        <ele>269.000</ele>
      </trkpt>
      <trkpt lat="45.058970000" lon="4.737620000">
        <ele>268.000</ele>
      </trkpt>
      <trkpt lat="45.058940000" lon="4.737540000">
        <ele>268.000</ele>
      </trkpt>
      <trkpt lat="45.058890000" lon="4.737450000">
        <ele>267.000</ele>
      </trkpt>
      <trkpt lat="45.058760000" lon="4.737210000">
        <ele>267.000</ele>
      </trkpt>
      <trkpt lat="45.058640000" lon="4.736990000">
        <ele>266.000</ele>
      </trkpt>
      <trkpt lat="45.058550000" lon="4.736800000">
        <ele>266.000</ele>
      </trkpt>
      <trkpt lat="45.058450000" lon="4.736630000">
        <ele>265.000</ele>
      </trkpt>
      <trkpt lat="45.058360000" lon="4.736430000">
        <ele>265.000</ele>
      </trkpt>
      <trkpt lat="45.058240000" lon="4.736210000">
        <ele>264.000</ele>
      </trkpt>
      <trkpt lat="45.058180000" lon="4.736090000">
        <ele>264.000</ele>
      </trkpt>
      <trkpt lat="45.058140000" lon="4.735970000">
        <ele>264.000</ele>
      </trkpt>
      <trkpt lat="45.058110000" lon="4.735810000">
        <ele>263.000</ele>
      </trkpt>
      <trkpt lat="45.058080000" lon="4.735640000">
        <ele>263.000</ele>
      </trkpt>
      <trkpt lat="45.058060000" lon="4.735520000">
        <ele>263.000</ele>
      </trkpt>
      <trkpt lat="45.058070000" lon="4.735390000">
        <ele>263.000</ele>
      </trkpt>
      <trkpt lat="45.058100000" lon="4.735270000">
        <ele>262.000</ele>
      </trkpt>
      <trkpt lat="45.058170000" lon="4.735110000">
        <ele>262.000</ele>
      </trkpt>
      <trkpt lat="45.058200000" lon="4.734990000">
        <ele>262.000</ele>
      </trkpt>
      <trkpt lat="45.058220000" lon="4.734830000">
        <ele>262.000</ele>
      </trkpt>
      <trkpt lat="45.058270000" lon="4.734530000">
        <ele>261.000</ele>
      </trkpt>
      <trkpt lat="45.058300000" lon="4.734210000">
        <ele>260.000</ele>
      </trkpt>
      <trkpt lat="45.058320000" lon="4.733920000">
        <ele>258.000</ele>
      </trkpt>
      <trkpt lat="45.058310000" lon="4.733580000">
        <ele>257.000</ele>
      </trkpt>
      <trkpt lat="45.058300000" lon="4.733440000">
        <ele>255.000</ele>
      </trkpt>
      <trkpt lat="45.058280000" lon="4.733280000">
        <ele>254.000</ele>
      </trkpt>
      <trkpt lat="45.058250000" lon="4.733130000">
        <ele>253.000</ele>
      </trkpt>
      <trkpt lat="45.058210000" lon="4.732980000">
        <ele>252.000</ele>
      </trkpt>
      <trkpt lat="45.058200000" lon="4.732940000">
        <ele>252.000</ele>
      </trkpt>
      <trkpt lat="45.058190000" lon="4.732870000">
        <ele>251.000</ele>
      </trkpt>
      <trkpt lat="45.058210000" lon="4.732810000">
        <ele>250.000</ele>
      </trkpt>
      <trkpt lat="45.058250000" lon="4.732720000">
        <ele>250.000</ele>
      </trkpt>
      <trkpt lat="45.058270000" lon="4.732700000">
        <ele>249.000</ele>
      </trkpt>
      <trkpt lat="45.058310000" lon="4.732670000">
        <ele>249.000</ele>
      </trkpt>
      <trkpt lat="45.058650000" lon="4.732530000">
        <ele>248.000</ele>
      </trkpt>
      <trkpt lat="45.058680000" lon="4.732500000">
        <ele>247.000</ele>
      </trkpt>
      <trkpt lat="45.058710000" lon="4.732460000">
        <ele>247.000</ele>
      </trkpt>
      <trkpt lat="45.058750000" lon="4.732290000">
        <ele>247.000</ele>
      </trkpt>
      <trkpt lat="45.058760000" lon="4.732130000">
        <ele>248.000</ele>
      </trkpt>
      <trkpt lat="45.058750000" lon="4.731940000">
        <ele>248.000</ele>
      </trkpt>
      <trkpt lat="45.058730000" lon="4.731760000">
        <ele>249.000</ele>
      </trkpt>
      <trkpt lat="45.058730000" lon="4.731510000">
        <ele>251.000</ele>
      </trkpt>
      <trkpt lat="45.058760000" lon="4.731370000">
        <ele>252.000</ele>
      </trkpt>
      <trkpt lat="45.058860000" lon="4.731220000">
        <ele>253.000</ele>
      </trkpt>
      <trkpt lat="45.058970000" lon="4.731140000">
        <ele>254.000</ele>
      </trkpt>
      <trkpt lat="45.059100000" lon="4.731040000">
        <ele>256.000</ele>
      </trkpt>
      <trkpt lat="45.059630000" lon="4.730640000">
        <ele>259.000</ele>
      </trkpt>
      <trkpt lat="45.059730000" lon="4.730550000">
        <ele>261.000</ele>
      </trkpt>
      <trkpt lat="45.059800000" lon="4.730450000">
        <ele>263.000</ele>
      </trkpt>
      <trkpt lat="45.059930000" lon="4.730220000">
        <ele>264.000</ele>
      </trkpt>
      <trkpt lat="45.060190000" lon="4.729740000">
        <ele>266.000</ele>
      </trkpt>
      <trkpt lat="45.060310000" lon="4.729600000">
        <ele>268.000</ele>
      </trkpt>
      <trkpt lat="45.060450000" lon="4.729510000">
        <ele>270.000</ele>
      </trkpt>
      <trkpt lat="45.060570000" lon="4.729510000">
        <ele>271.000</ele>
      </trkpt>
      <trkpt lat="45.060720000" lon="4.729560000">
        <ele>272.000</ele>
      </trkpt>
      <trkpt lat="45.060820000" lon="4.729540000">
        <ele>273.000</ele>
      </trkpt>
      <trkpt lat="45.060850000" lon="4.729530000">
        <ele>274.000</ele>
      </trkpt>
      <trkpt lat="45.060880000" lon="4.729500000">
        <ele>275.000</ele>
      </trkpt>
      <trkpt lat="45.060910000" lon="4.729450000">
        <ele>275.000</ele>
      </trkpt>
      <trkpt lat="45.060920000" lon="4.729400000">
        <ele>276.000</ele>
      </trkpt>
      <trkpt lat="45.060930000" lon="4.729340000">
        <ele>276.000</ele>
      </trkpt>
      <trkpt lat="45.060930000" lon="4.729300000">
        <ele>276.000</ele>
      </trkpt>
      <trkpt lat="45.060910000" lon="4.729210000">
        <ele>277.000</ele>
      </trkpt>
      <trkpt lat="45.060860000" lon="4.729080000">
        <ele>277.000</ele>
      </trkpt>
      <trkpt lat="45.060660000" lon="4.728680000">
        <ele>277.000</ele>
      </trkpt>
      <trkpt lat="45.060580000" lon="4.728440000">
        <ele>277.000</ele>
      </trkpt>
      <trkpt lat="45.060500000" lon="4.728000000">
        <ele>276.000</ele>
      </trkpt>
      <trkpt lat="45.060470000" lon="4.727860000">
        <ele>276.000</ele>
      </trkpt>
      <trkpt lat="45.060310000" lon="4.727310000">
        <ele>275.000</ele>
      </trkpt>
      <trkpt lat="45.060120000" lon="4.726760000">
        <ele>275.000</ele>
      </trkpt>
      <trkpt lat="45.060100000" lon="4.726650000">
        <ele>275.000</ele>
      </trkpt>
      <trkpt lat="45.060090000" lon="4.726570000">
        <ele>275.000</ele>
      </trkpt>
      <trkpt lat="45.060110000" lon="4.726450000">
        <ele>275.000</ele>
      </trkpt>
      <trkpt lat="45.060140000" lon="4.726380000">
        <ele>275.000</ele>
      </trkpt>
      <trkpt lat="45.060200000" lon="4.726300000">
        <ele>276.000</ele>
      </trkpt>
      <trkpt lat="45.060250000" lon="4.726240000">
        <ele>276.000</ele>
      </trkpt>
      <trkpt lat="45.060310000" lon="4.726190000">
        <ele>276.000</ele>
      </trkpt>
      <trkpt lat="45.060380000" lon="4.726160000">
        <ele>277.000</ele>
      </trkpt>
      <trkpt lat="45.060680000" lon="4.726070000">
        <ele>278.000</ele>
      </trkpt>
      <trkpt lat="45.060740000" lon="4.726020000">
        <ele>279.000</ele>
      </trkpt>
      <trkpt lat="45.060770000" lon="4.725930000">
        <ele>280.000</ele>
      </trkpt>
      <trkpt lat="45.060770000" lon="4.725850000">
        <ele>281.000</ele>
      </trkpt>
      <trkpt lat="45.060710000" lon="4.725500000">
        <ele>282.000</ele>
      </trkpt>
      <trkpt lat="45.060680000" lon="4.725400000">
        <ele>283.000</ele>
      </trkpt>
      <trkpt lat="45.060570000" lon="4.725290000">
        <ele>284.000</ele>
      </trkpt>
      <trkpt lat="45.060120000" lon="4.725140000">
        <ele>286.000</ele>
      </trkpt>
      <trkpt lat="45.059680000" lon="4.724880000">
        <ele>287.000</ele>
      </trkpt>
      <trkpt lat="45.059590000" lon="4.724760000">
        <ele>288.000</ele>
      </trkpt>
      <trkpt lat="45.059520000" lon="4.724590000">
        <ele>289.000</ele>
      </trkpt>
      <trkpt lat="45.059480000" lon="4.724430000">
        <ele>290.000</ele>
      </trkpt>
      <trkpt lat="45.059450000" lon="4.724130000">
        <ele>290.000</ele>
      </trkpt>
      <trkpt lat="45.059420000" lon="4.723970000">
        <ele>291.000</ele>
      </trkpt>
      <trkpt lat="45.059360000" lon="4.723810000">
        <ele>291.000</ele>
      </trkpt>
      <trkpt lat="45.059280000" lon="4.723660000">
        <ele>292.000</ele>
      </trkpt>
      <trkpt lat="45.059180000" lon="4.723460000">
        <ele>292.000</ele>
      </trkpt>
      <trkpt lat="45.059090000" lon="4.722840000">
        <ele>292.000</ele>
      </trkpt>
      <trkpt lat="45.059070000" lon="4.722710000">
        <ele>293.000</ele>
      </trkpt>
      <trkpt lat="45.059020000" lon="4.722600000">
        <ele>293.000</ele>
      </trkpt>
      <trkpt lat="45.058850000" lon="4.722290000">
        <ele>294.000</ele>
      </trkpt>
      <trkpt lat="45.058790000" lon="4.722120000">
        <ele>294.000</ele>
      </trkpt>
      <trkpt lat="45.058690000" lon="4.721730000">
        <ele>294.000</ele>
      </trkpt>
      <trkpt lat="45.058620000" lon="4.721500000">
        <ele>295.000</ele>
      </trkpt>
      <trkpt lat="45.058530000" lon="4.721270000">
        <ele>295.000</ele>
      </trkpt>
      <trkpt lat="45.058220000" lon="4.720560000">
        <ele>295.000</ele>
      </trkpt>
      <trkpt lat="45.058180000" lon="4.720390000">
        <ele>296.000</ele>
      </trkpt>
      <trkpt lat="45.058100000" lon="4.719670000">
        <ele>297.000</ele>
      </trkpt>
      <trkpt lat="45.058050000" lon="4.719450000">
        <ele>298.000</ele>
      </trkpt>
      <trkpt lat="45.058000000" lon="4.719340000">
        <ele>298.000</ele>
      </trkpt>
      <trkpt lat="45.057920000" lon="4.719280000">
        <ele>299.000</ele>
      </trkpt>
      <trkpt lat="45.057780000" lon="4.719240000">
        <ele>300.000</ele>
      </trkpt>
      <trkpt lat="45.057660000" lon="4.719280000">
        <ele>300.000</ele>
      </trkpt>
      <trkpt lat="45.057560000" lon="4.719370000">
        <ele>301.000</ele>
      </trkpt>
      <trkpt lat="45.057460000" lon="4.719380000">
        <ele>301.000</ele>
      </trkpt>
      <trkpt lat="45.057370000" lon="4.719320000">
        <ele>302.000</ele>
      </trkpt>
      <trkpt lat="45.057200000" lon="4.718980000">
        <ele>302.000</ele>
      </trkpt>
      <trkpt lat="45.057120000" lon="4.718880000">
        <ele>303.000</ele>
      </trkpt>
      <trkpt lat="45.056990000" lon="4.718770000">
        <ele>304.000</ele>
      </trkpt>
      <trkpt lat="45.056670000" lon="4.718470000">
        <ele>305.000</ele>
      </trkpt>
      <trkpt lat="45.056330000" lon="4.718000000">
        <ele>306.000</ele>
      </trkpt>
      <trkpt lat="45.056260000" lon="4.717740000">
        <ele>308.000</ele>
      </trkpt>
      <trkpt lat="45.056190000" lon="4.717370000">
        <ele>309.000</ele>
      </trkpt>
      <trkpt lat="45.055990000" lon="4.716680000">
        <ele>311.000</ele>
      </trkpt>
      <trkpt lat="45.055850000" lon="4.716140000">
        <ele>313.000</ele>
      </trkpt>
      <trkpt lat="45.055800000" lon="4.715810000">
        <ele>315.000</ele>
      </trkpt>
      <trkpt lat="45.055800000" lon="4.715300000">
        <ele>316.000</ele>
      </trkpt>
      <trkpt lat="45.055800000" lon="4.715030000">
        <ele>317.000</ele>
      </trkpt>
      <trkpt lat="45.055770000" lon="4.714920000">
        <ele>318.000</ele>
      </trkpt>
      <trkpt lat="45.055720000" lon="4.714810000">
        <ele>318.000</ele>
      </trkpt>
      <trkpt lat="45.055620000" lon="4.714760000">
        <ele>319.000</ele>
      </trkpt>
      <trkpt lat="45.055510000" lon="4.714760000">
        <ele>319.000</ele>
      </trkpt>
      <trkpt lat="45.055410000" lon="4.714790000">
        <ele>319.000</ele>
      </trkpt>
      <trkpt lat="45.055300000" lon="4.714830000">
        <ele>320.000</ele>
      </trkpt>
      <trkpt lat="45.055170000" lon="4.714790000">
        <ele>320.000</ele>
      </trkpt>
      <trkpt lat="45.055120000" lon="4.714740000">
        <ele>321.000</ele>
      </trkpt>
      <trkpt lat="45.054980000" lon="4.714540000">
        <ele>321.000</ele>
      </trkpt>
      <trkpt lat="45.054920000" lon="4.714340000">
        <ele>322.000</ele>
      </trkpt>
      <trkpt lat="45.054850000" lon="4.714030000">
        <ele>323.000</ele>
      </trkpt>
      <trkpt lat="45.054780000" lon="4.713310000">
        <ele>325.000</ele>
      </trkpt>
      <trkpt lat="45.054800000" lon="4.713050000">
        <ele>326.000</ele>
      </trkpt>
      <trkpt lat="45.054900000" lon="4.712870000">
        <ele>328.000</ele>
      </trkpt>
      <trkpt lat="45.055140000" lon="4.712450000">
        <ele>329.000</ele>
      </trkpt>
      <trkpt lat="45.055180000" lon="4.712180000">
        <ele>330.000</ele>
      </trkpt>
      <trkpt lat="45.055160000" lon="4.712040000">
        <ele>331.000</ele>
      </trkpt>
      <trkpt lat="45.055100000" lon="4.711930000">
        <ele>332.000</ele>
      </trkpt>
      <trkpt lat="45.054810000" lon="4.711660000">
        <ele>333.000</ele>
      </trkpt>
      <trkpt lat="45.054590000" lon="4.711260000">
        <ele>333.000</ele>
      </trkpt>
      <trkpt lat="45.054430000" lon="4.710690000">
        <ele>334.000</ele>
      </trkpt>
      <trkpt lat="45.054450000" lon="4.710450000">
        <ele>335.000</ele>
      </trkpt>
      <trkpt lat="45.054500000" lon="4.710300000">
        <ele>335.000</ele>
      </trkpt>
      <trkpt lat="45.054660000" lon="4.710110000">
        <ele>336.000</ele>
      </trkpt>
      <trkpt lat="45.054770000" lon="4.709940000">
        <ele>336.000</ele>
      </trkpt>
      <trkpt lat="45.054790000" lon="4.709720000">
        <ele>337.000</ele>
      </trkpt>
      <trkpt lat="45.054740000" lon="4.709590000">
        <ele>337.000</ele>
      </trkpt>
      <trkpt lat="45.054660000" lon="4.709480000">
        <ele>338.000</ele>
      </trkpt>
      <trkpt lat="45.054430000" lon="4.709310000">
        <ele>338.000</ele>
      </trkpt>
      <trkpt lat="45.054280000" lon="4.709100000">
        <ele>339.000</ele>
      </trkpt>
      <trkpt lat="45.054160000" lon="4.708840000">
        <ele>339.000</ele>
      </trkpt>
      <trkpt lat="45.054050000" lon="4.708440000">
        <ele>340.000</ele>
      </trkpt>
      <trkpt lat="45.053980000" lon="4.708070000">
        <ele>340.000</ele>
      </trkpt>
      <trkpt lat="45.053950000" lon="4.707770000">
        <ele>341.000</ele>
      </trkpt>
      <trkpt lat="45.053970000" lon="4.707610000">
        <ele>342.000</ele>
      </trkpt>
      <trkpt lat="45.053990000" lon="4.707440000">
        <ele>342.000</ele>
      </trkpt>
      <trkpt lat="45.054060000" lon="4.707250000">
        <ele>343.000</ele>
      </trkpt>
      <trkpt lat="45.054150000" lon="4.707100000">
        <ele>344.000</ele>
      </trkpt>
      <trkpt lat="45.054240000" lon="4.707050000">
        <ele>344.000</ele>
      </trkpt>
      <trkpt lat="45.054500000" lon="4.707000000">
        <ele>345.000</ele>
      </trkpt>
      <trkpt lat="45.054570000" lon="4.706970000">
        <ele>346.000</ele>
      </trkpt>
      <trkpt lat="45.054640000" lon="4.706920000">
        <ele>346.000</ele>
      </trkpt>
      <trkpt lat="45.054680000" lon="4.706850000">
        <ele>347.000</ele>
      </trkpt>
      <trkpt lat="45.054720000" lon="4.706770000">
        <ele>347.000</ele>
      </trkpt>
      <trkpt lat="45.054790000" lon="4.706430000">
        <ele>348.000</ele>
      </trkpt>
      <trkpt lat="45.054820000" lon="4.706310000">
        <ele>349.000</ele>
      </trkpt>
      <trkpt lat="45.054880000" lon="4.706180000">
        <ele>349.000</ele>
      </trkpt>
      <trkpt lat="45.054930000" lon="4.706100000">
        <ele>350.000</ele>
      </trkpt>
      <trkpt lat="45.054980000" lon="4.706050000">
        <ele>350.000</ele>
      </trkpt>
      <trkpt lat="45.055080000" lon="4.705980000">
        <ele>351.000</ele>
      </trkpt>
      <trkpt lat="45.055210000" lon="4.705920000">
        <ele>351.000</ele>
      </trkpt>
      <trkpt lat="45.055400000" lon="4.705870000">
        <ele>352.000</ele>
      </trkpt>
      <trkpt lat="45.055610000" lon="4.705870000">
        <ele>353.000</ele>
      </trkpt>
      <trkpt lat="45.056830000" lon="4.706080000">
        <ele>356.000</ele>
      </trkpt>
      <trkpt lat="45.057560000" lon="4.706320000">
        <ele>359.000</ele>
      </trkpt>
      <trkpt lat="45.057560000" lon="4.706320000">
        <ele>361.000</ele>
      </trkpt>
      <trkpt lat="45.057690000" lon="4.706360000">
        <ele>363.000</ele>
      </trkpt>
      <trkpt lat="45.058110000" lon="4.706300000">
        <ele>365.000</ele>
      </trkpt>
      <trkpt lat="45.058360000" lon="4.706300000">
        <ele>367.000</ele>
      </trkpt>
      <trkpt lat="45.058540000" lon="4.706340000">
        <ele>368.000</ele>
      </trkpt>
      <trkpt lat="45.058930000" lon="4.706480000">
        <ele>370.000</ele>
      </trkpt>
      <trkpt lat="45.059040000" lon="4.706480000">
        <ele>371.000</ele>
      </trkpt>
      <trkpt lat="45.059190000" lon="4.706430000">
        <ele>372.000</ele>
      </trkpt>
      <trkpt lat="45.059340000" lon="4.706450000">
        <ele>373.000</ele>
      </trkpt>
      <trkpt lat="45.059940000" lon="4.706600000">
        <ele>374.000</ele>
      </trkpt>
      <trkpt lat="45.060320000" lon="4.706670000">
        <ele>375.000</ele>
      </trkpt>
      <trkpt lat="45.060420000" lon="4.706650000">
        <ele>376.000</ele>
      </trkpt>
      <trkpt lat="45.060510000" lon="4.706580000">
        <ele>376.000</ele>
      </trkpt>
      <trkpt lat="45.060800000" lon="4.706290000">
        <ele>377.000</ele>
      </trkpt>
      <trkpt lat="45.060890000" lon="4.706210000">
        <ele>378.000</ele>
      </trkpt>
      <trkpt lat="45.061010000" lon="4.706170000">
        <ele>378.000</ele>
      </trkpt>
      <trkpt lat="45.061590000" lon="4.706130000">
        <ele>380.000</ele>
      </trkpt>
      <trkpt lat="45.061760000" lon="4.706150000">
        <ele>381.000</ele>
      </trkpt>
      <trkpt lat="45.061960000" lon="4.706170000">
        <ele>382.000</ele>
      </trkpt>
      <trkpt lat="45.062090000" lon="4.706160000">
        <ele>383.000</ele>
      </trkpt>
      <trkpt lat="45.062310000" lon="4.706090000">
        <ele>384.000</ele>
      </trkpt>
      <trkpt lat="45.062450000" lon="4.706020000">
        <ele>385.000</ele>
      </trkpt>
      <trkpt lat="45.062540000" lon="4.705960000">
        <ele>386.000</ele>
      </trkpt>
      <trkpt lat="45.062620000" lon="4.705870000">
        <ele>387.000</ele>
      </trkpt>
      <trkpt lat="45.062640000" lon="4.705760000">
        <ele>388.000</ele>
      </trkpt>
      <trkpt lat="45.062650000" lon="4.705610000">
        <ele>388.000</ele>
      </trkpt>
      <trkpt lat="45.062590000" lon="4.705270000">
        <ele>389.000</ele>
      </trkpt>
      <trkpt lat="45.062570000" lon="4.704930000">
        <ele>390.000</ele>
      </trkpt>
      <trkpt lat="45.062600000" lon="4.704620000">
        <ele>391.000</ele>
      </trkpt>
      <trkpt lat="45.062820000" lon="4.704040000">
        <ele>392.000</ele>
      </trkpt>
      <trkpt lat="45.062970000" lon="4.703650000">
        <ele>394.000</ele>
      </trkpt>
      <trkpt lat="45.063230000" lon="4.702950000">
        <ele>396.000</ele>
      </trkpt>
      <trkpt lat="45.063320000" lon="4.702690000">
        <ele>397.000</ele>
      </trkpt>
      <trkpt lat="45.063380000" lon="4.702440000">
        <ele>398.000</ele>
      </trkpt>
      <trkpt lat="45.063380000" lon="4.702240000">
        <ele>399.000</ele>
      </trkpt>
      <trkpt lat="45.063380000" lon="4.702210000">
        <ele>400.000</ele>
      </trkpt>
      <trkpt lat="45.063340000" lon="4.701910000">
        <ele>400.000</ele>
      </trkpt>
      <trkpt lat="45.063170000" lon="4.700740000">
        <ele>401.000</ele>
      </trkpt>
      <trkpt lat="45.063160000" lon="4.700570000">
        <ele>402.000</ele>
      </trkpt>
      <trkpt lat="45.063190000" lon="4.700250000">
        <ele>403.000</ele>
      </trkpt>
      <trkpt lat="45.063250000" lon="4.699980000">
        <ele>404.000</ele>
      </trkpt>
      <trkpt lat="45.063340000" lon="4.699720000">
        <ele>405.000</ele>
      </trkpt>
      <trkpt lat="45.063670000" lon="4.699370000">
        <ele>406.000</ele>
      </trkpt>
      <trkpt lat="45.063750000" lon="4.699300000">
        <ele>407.000</ele>
      </trkpt>
      <trkpt lat="45.063820000" lon="4.699220000">
        <ele>407.000</ele>
      </trkpt>
      <trkpt lat="45.064400000" lon="4.698620000">
        <ele>409.000</ele>
      </trkpt>
      <trkpt lat="45.065080000" lon="4.697900000">
        <ele>411.000</ele>
      </trkpt>
      <trkpt lat="45.065140000" lon="4.697840000">
        <ele>413.000</ele>
      </trkpt>
      <trkpt lat="45.065310000" lon="4.697660000">
        <ele>414.000</ele>
      </trkpt>
      <trkpt lat="45.065690000" lon="4.697260000">
        <ele>415.000</ele>
      </trkpt>
      <trkpt lat="45.065840000" lon="4.697070000">
        <ele>416.000</ele>
      </trkpt>
      <trkpt lat="45.065900000" lon="4.696930000">
        <ele>417.000</ele>
      </trkpt>
      <trkpt lat="45.065930000" lon="4.696800000">
        <ele>418.000</ele>
      </trkpt>
      <trkpt lat="45.065980000" lon="4.696450000">
        <ele>419.000</ele>
      </trkpt>
      <trkpt lat="45.065990000" lon="4.696000000">
        <ele>419.000</ele>
      </trkpt>
      <trkpt lat="45.065970000" lon="4.695820000">
        <ele>420.000</ele>
      </trkpt>
      <trkpt lat="45.065950000" lon="4.695590000">
        <ele>421.000</ele>
      </trkpt>
      <trkpt lat="45.065900000" lon="4.695160000">
        <ele>421.000</ele>
      </trkpt>
      <trkpt lat="45.065770000" lon="4.694580000">
        <ele>422.000</ele>
      </trkpt>
      <trkpt lat="45.065690000" lon="4.694260000">
        <ele>422.000</ele>
      </trkpt>
      <trkpt lat="45.065560000" lon="4.693660000">
        <ele>423.000</ele>
      </trkpt>
      <trkpt lat="45.065510000" lon="4.693490000">
        <ele>423.000</ele>
      </trkpt>
      <trkpt lat="45.065480000" lon="4.693420000">
        <ele>424.000</ele>
      </trkpt>
      <trkpt lat="45.065440000" lon="4.693310000">
        <ele>424.000</ele>
      </trkpt>
      <trkpt lat="45.065390000" lon="4.693250000">
        <ele>424.000</ele>
      </trkpt>
      <trkpt lat="45.065260000" lon="4.693140000">
        <ele>424.000</ele>
      </trkpt>
      <trkpt lat="45.064890000" lon="4.692840000">
        <ele>425.000</ele>
      </trkpt>
      <trkpt lat="45.064740000" lon="4.692720000">
        <ele>425.000</ele>
      </trkpt>
      <trkpt lat="45.064660000" lon="4.692630000">
        <ele>426.000</ele>
      </trkpt>
      <trkpt lat="45.064500000" lon="4.692440000">
        <ele>426.000</ele>
      </trkpt>
      <trkpt lat="45.064360000" lon="4.692360000">
        <ele>427.000</ele>
      </trkpt>
      <trkpt lat="45.064320000" lon="4.692330000">
        <ele>427.000</ele>
      </trkpt>
      <trkpt lat="45.063640000" lon="4.691930000">
        <ele>428.000</ele>
      </trkpt>
      <trkpt lat="45.063470000" lon="4.691810000">
        <ele>429.000</ele>
      </trkpt>
      <trkpt lat="45.062890000" lon="4.691280000">
        <ele>429.000</ele>
      </trkpt>
      <trkpt lat="45.062380000" lon="4.690850000">
        <ele>430.000</ele>
      </trkpt>
      <trkpt lat="45.061930000" lon="4.690620000">
        <ele>431.000</ele>
      </trkpt>
      <trkpt lat="45.061610000" lon="4.690450000">
        <ele>431.000</ele>
      </trkpt>
      <trkpt lat="45.061470000" lon="4.690330000">
        <ele>432.000</ele>
      </trkpt>
      <trkpt lat="45.061350000" lon="4.690200000">
        <ele>432.000</ele>
      </trkpt>
      <trkpt lat="45.061210000" lon="4.689900000">
        <ele>432.000</ele>
      </trkpt>
      <trkpt lat="45.061180000" lon="4.689750000">
        <ele>432.000</ele>
      </trkpt>
      <trkpt lat="45.061130000" lon="4.689130000">
        <ele>432.000</ele>
      </trkpt>
      <trkpt lat="45.061110000" lon="4.688840000">
        <ele>432.000</ele>
      </trkpt>
      <trkpt lat="45.061060000" lon="4.688620000">
        <ele>432.000</ele>
      </trkpt>
      <trkpt lat="45.060970000" lon="4.688350000">
        <ele>432.000</ele>
      </trkpt>
      <trkpt lat="45.060930000" lon="4.688060000">
        <ele>433.000</ele>
      </trkpt>
      <trkpt lat="45.060930000" lon="4.687710000">
        <ele>433.000</ele>
      </trkpt>
      <trkpt lat="45.060990000" lon="4.687280000">
        <ele>433.000</ele>
      </trkpt>
      <trkpt lat="45.061120000" lon="4.686300000">
        <ele>433.000</ele>
      </trkpt>
      <trkpt lat="45.061130000" lon="4.686120000">
        <ele>433.000</ele>
      </trkpt>
      <trkpt lat="45.061150000" lon="4.685800000">
        <ele>433.000</ele>
      </trkpt>
      <trkpt lat="45.061210000" lon="4.685580000">
        <ele>433.000</ele>
      </trkpt>
      <trkpt lat="45.061290000" lon="4.685360000">
        <ele>434.000</ele>
      </trkpt>
      <trkpt lat="45.061390000" lon="4.685050000">
        <ele>434.000</ele>
      </trkpt>
      <trkpt lat="45.061440000" lon="4.684720000">
        <ele>434.000</ele>
      </trkpt>
      <trkpt lat="45.061430000" lon="4.684550000">
        <ele>434.000</ele>
      </trkpt>
      <trkpt lat="45.061380000" lon="4.684380000">
        <ele>434.000</ele>
      </trkpt>
      <trkpt lat="45.061240000" lon="4.684230000">
        <ele>434.000</ele>
      </trkpt>
      <trkpt lat="45.061170000" lon="4.684200000">
        <ele>434.000</ele>
      </trkpt>
      <trkpt lat="45.061040000" lon="4.684170000">
        <ele>434.000</ele>
      </trkpt>
      <trkpt lat="45.060940000" lon="4.684150000">
        <ele>434.000</ele>
      </trkpt>
      <trkpt lat="45.060850000" lon="4.684090000">
        <ele>434.000</ele>
      </trkpt>
      <trkpt lat="45.060770000" lon="4.684000000">
        <ele>435.000</ele>
      </trkpt>
      <trkpt lat="45.060700000" lon="4.683860000">
        <ele>435.000</ele>
      </trkpt>
      <trkpt lat="45.060660000" lon="4.683740000">
        <ele>435.000</ele>
      </trkpt>
      <trkpt lat="45.060630000" lon="4.683490000">
        <ele>436.000</ele>
      </trkpt>
      <trkpt lat="45.060580000" lon="4.682710000">
        <ele>437.000</ele>
      </trkpt>
      <trkpt lat="45.060420000" lon="4.682240000">
        <ele>438.000</ele>
      </trkpt>
      <trkpt lat="45.060330000" lon="4.681850000">
        <ele>439.000</ele>
      </trkpt>
      <trkpt lat="45.060440000" lon="4.681090000">
        <ele>440.000</ele>
      </trkpt>
      <trkpt lat="45.060540000" lon="4.680130000">
        <ele>442.000</ele>
      </trkpt>
      <trkpt lat="45.060630000" lon="4.679860000">
        <ele>443.000</ele>
      </trkpt>
      <trkpt lat="45.060990000" lon="4.679270000">
        <ele>444.000</ele>
      </trkpt>
      <trkpt lat="45.061200000" lon="4.678820000">
        <ele>445.000</ele>
      </trkpt>
      <trkpt lat="45.061230000" lon="4.678500000">
        <ele>445.000</ele>
      </trkpt>
      <trkpt lat="45.061160000" lon="4.678000000">
        <ele>446.000</ele>
      </trkpt>
      <trkpt lat="45.061130000" lon="4.677540000">
        <ele>447.000</ele>
      </trkpt>
      <trkpt lat="45.061220000" lon="4.677230000">
        <ele>448.000</ele>
      </trkpt>
      <trkpt lat="45.061530000" lon="4.676880000">
        <ele>448.000</ele>
      </trkpt>
      <trkpt lat="45.061590000" lon="4.676750000">
        <ele>449.000</ele>
      </trkpt>
      <trkpt lat="45.061620000" lon="4.676600000">
        <ele>449.000</ele>
      </trkpt>
      <trkpt lat="45.061630000" lon="4.676320000">
        <ele>450.000</ele>
      </trkpt>
      <trkpt lat="45.061680000" lon="4.676080000">
        <ele>450.000</ele>
      </trkpt>
      <trkpt lat="45.061750000" lon="4.675920000">
        <ele>451.000</ele>
      </trkpt>
      <trkpt lat="45.061940000" lon="4.675590000">
        <ele>452.000</ele>
      </trkpt>
      <trkpt lat="45.062000000" lon="4.675430000">
        <ele>453.000</ele>
      </trkpt>
      <trkpt lat="45.062090000" lon="4.675150000">
        <ele>453.000</ele>
      </trkpt>
      <trkpt lat="45.062260000" lon="4.674910000">
        <ele>454.000</ele>
      </trkpt>
      <trkpt lat="45.062520000" lon="4.674600000">
        <ele>456.000</ele>
      </trkpt>
      <trkpt lat="45.062690000" lon="4.674230000">
        <ele>457.000</ele>
      </trkpt>
      <trkpt lat="45.062810000" lon="4.673660000">
        <ele>458.000</ele>
      </trkpt>
      <trkpt lat="45.062950000" lon="4.673280000">
        <ele>458.000</ele>
      </trkpt>
      <trkpt lat="45.063430000" lon="4.672640000">
        <ele>458.000</ele>
      </trkpt>
      <trkpt lat="45.063520000" lon="4.672390000">
        <ele>458.000</ele>
      </trkpt>
      <trkpt lat="45.063540000" lon="4.672000000">
        <ele>458.000</ele>
      </trkpt>
      <trkpt lat="45.063600000" lon="4.671730000">
        <ele>458.000</ele>
      </trkpt>
      <trkpt lat="45.063910000" lon="4.671380000">
        <ele>458.000</ele>
      </trkpt>
      <trkpt lat="45.064190000" lon="4.670940000">
        <ele>459.000</ele>
      </trkpt>
      <trkpt lat="45.064250000" lon="4.670880000">
        <ele>459.000</ele>
      </trkpt>
      <trkpt lat="45.064400000" lon="4.670740000">
        <ele>460.000</ele>
      </trkpt>
      <trkpt lat="45.064670000" lon="4.670590000">
        <ele>460.000</ele>
      </trkpt>
      <trkpt lat="45.064790000" lon="4.670450000">
        <ele>461.000</ele>
      </trkpt>
      <trkpt lat="45.064870000" lon="4.670200000">
        <ele>461.000</ele>
      </trkpt>
      <trkpt lat="45.064970000" lon="4.669540000">
        <ele>462.000</ele>
      </trkpt>
      <trkpt lat="45.065060000" lon="4.669230000">
        <ele>463.000</ele>
      </trkpt>
      <trkpt lat="45.065170000" lon="4.668980000">
        <ele>463.000</ele>
      </trkpt>
      <trkpt lat="45.065390000" lon="4.668650000">
        <ele>464.000</ele>
      </trkpt>
      <trkpt lat="45.065470000" lon="4.668430000">
        <ele>464.000</ele>
      </trkpt>
      <trkpt lat="45.065500000" lon="4.667660000">
        <ele>465.000</ele>
      </trkpt>
      <trkpt lat="45.065710000" lon="4.666970000">
        <ele>465.000</ele>
      </trkpt>
      <trkpt lat="45.065780000" lon="4.666690000">
        <ele>465.000</ele>
      </trkpt>
      <trkpt lat="45.065780000" lon="4.666690000">
        <ele>464.000</ele>
      </trkpt>
      <trkpt lat="45.065870000" lon="4.666310000">
        <ele>464.000</ele>
      </trkpt>
      <trkpt lat="45.066020000" lon="4.666050000">
        <ele>463.000</ele>
      </trkpt>
      <trkpt lat="45.066310000" lon="4.665800000">
        <ele>463.000</ele>
      </trkpt>
      <trkpt lat="45.066410000" lon="4.665610000">
        <ele>462.000</ele>
      </trkpt>
      <trkpt lat="45.066430000" lon="4.665560000">
        <ele>462.000</ele>
      </trkpt>
      <trkpt lat="45.066500000" lon="4.665220000">
        <ele>461.000</ele>
      </trkpt>
      <trkpt lat="45.066550000" lon="4.664800000">
        <ele>461.000</ele>
      </trkpt>
      <trkpt lat="45.066610000" lon="4.664590000">
        <ele>460.000</ele>
      </trkpt>
      <trkpt lat="45.066600000" lon="4.664510000">
        <ele>460.000</ele>
      </trkpt>
      <trkpt lat="45.066570000" lon="4.664390000">
        <ele>460.000</ele>
      </trkpt>
      <trkpt lat="45.066470000" lon="4.664280000">
        <ele>460.000</ele>
      </trkpt>
      <trkpt lat="45.066060000" lon="4.664080000">
        <ele>460.000</ele>
      </trkpt>
      <trkpt lat="45.065870000" lon="4.663830000">
        <ele>459.000</ele>
      </trkpt>
      <trkpt lat="45.065760000" lon="4.663610000">
        <ele>459.000</ele>
      </trkpt>
      <trkpt lat="45.065750000" lon="4.663320000">
        <ele>459.000</ele>
      </trkpt>
      <trkpt lat="45.065810000" lon="4.663030000">
        <ele>458.000</ele>
      </trkpt>
      <trkpt lat="45.065920000" lon="4.662840000">
        <ele>457.000</ele>
      </trkpt>
      <trkpt lat="45.066060000" lon="4.662730000">
        <ele>457.000</ele>
      </trkpt>
      <trkpt lat="45.066240000" lon="4.662710000">
        <ele>456.000</ele>
      </trkpt>
      <trkpt lat="45.066710000" lon="4.662800000">
        <ele>455.000</ele>
      </trkpt>
      <trkpt lat="45.067000000" lon="4.662730000">
        <ele>454.000</ele>
      </trkpt>
      <trkpt lat="45.067210000" lon="4.662650000">
        <ele>453.000</ele>
      </trkpt>
      <trkpt lat="45.067470000" lon="4.662510000">
        <ele>452.000</ele>
      </trkpt>
      <trkpt lat="45.067930000" lon="4.662150000">
        <ele>451.000</ele>
      </trkpt>
      <trkpt lat="45.068120000" lon="4.662090000">
        <ele>451.000</ele>
      </trkpt>
      <trkpt lat="45.068290000" lon="4.662090000">
        <ele>451.000</ele>
      </trkpt>
      <trkpt lat="45.068420000" lon="4.662130000">
        <ele>450.000</ele>
      </trkpt>
      <trkpt lat="45.068640000" lon="4.662270000">
        <ele>450.000</ele>
      </trkpt>
      <trkpt lat="45.068870000" lon="4.662330000">
        <ele>450.000</ele>
      </trkpt>
      <trkpt lat="45.069430000" lon="4.662370000">
        <ele>450.000</ele>
      </trkpt>
      <trkpt lat="45.069860000" lon="4.662550000">
        <ele>449.000</ele>
      </trkpt>
      <trkpt lat="45.070100000" lon="4.662590000">
        <ele>449.000</ele>
      </trkpt>
      <trkpt lat="45.070480000" lon="4.662590000">
        <ele>448.000</ele>
      </trkpt>
      <trkpt lat="45.070690000" lon="4.662530000">
        <ele>447.000</ele>
      </trkpt>
      <trkpt lat="45.070750000" lon="4.662480000">
        <ele>446.000</ele>
      </trkpt>
      <trkpt lat="45.070870000" lon="4.662380000">
        <ele>446.000</ele>
      </trkpt>
      <trkpt lat="45.071530000" lon="4.661510000">
        <ele>444.000</ele>
      </trkpt>
      <trkpt lat="45.071630000" lon="4.661270000">
        <ele>443.000</ele>
      </trkpt>
      <trkpt lat="45.071640000" lon="4.661070000">
        <ele>443.000</ele>
      </trkpt>
      <trkpt lat="45.071620000" lon="4.660920000">
        <ele>443.000</ele>
      </trkpt>
      <trkpt lat="45.071410000" lon="4.659910000">
        <ele>443.000</ele>
      </trkpt>
      <trkpt lat="45.071330000" lon="4.659720000">
        <ele>444.000</ele>
      </trkpt>
      <trkpt lat="45.071060000" lon="4.659340000">
        <ele>444.000</ele>
      </trkpt>
      <trkpt lat="45.070990000" lon="4.659180000">
        <ele>445.000</ele>
      </trkpt>
      <trkpt lat="45.070940000" lon="4.658950000">
        <ele>445.000</ele>
      </trkpt>
      <trkpt lat="45.070960000" lon="4.658710000">
        <ele>445.000</ele>
      </trkpt>
      <trkpt lat="45.071060000" lon="4.658520000">
        <ele>445.000</ele>
      </trkpt>
      <trkpt lat="45.071180000" lon="4.658430000">
        <ele>445.000</ele>
      </trkpt>
      <trkpt lat="45.071530000" lon="4.658330000">
        <ele>445.000</ele>
      </trkpt>
      <trkpt lat="45.071730000" lon="4.658250000">
        <ele>445.000</ele>
      </trkpt>
      <trkpt lat="45.072320000" lon="4.657960000">
        <ele>444.000</ele>
      </trkpt>
      <trkpt lat="45.072450000" lon="4.657870000">
        <ele>444.000</ele>
      </trkpt>
      <trkpt lat="45.072530000" lon="4.657760000">
        <ele>444.000</ele>
      </trkpt>
      <trkpt lat="45.072600000" lon="4.657660000">
        <ele>444.000</ele>
      </trkpt>
      <trkpt lat="45.072650000" lon="4.657530000">
        <ele>444.000</ele>
      </trkpt>
      <trkpt lat="45.072730000" lon="4.657280000">
        <ele>444.000</ele>
      </trkpt>
      <trkpt lat="45.072920000" lon="4.656350000">
        <ele>445.000</ele>
      </trkpt>
      <trkpt lat="45.073130000" lon="4.655610000">
        <ele>446.000</ele>
      </trkpt>
      <trkpt lat="45.073580000" lon="4.654220000">
        <ele>445.000</ele>
      </trkpt>
      <trkpt lat="45.073620000" lon="4.653940000">
        <ele>445.000</ele>
      </trkpt>
      <trkpt lat="45.073640000" lon="4.653360000">
        <ele>444.000</ele>
      </trkpt>
      <trkpt lat="45.073800000" lon="4.652840000">
        <ele>443.000</ele>
      </trkpt>
      <trkpt lat="45.073860000" lon="4.652450000">
        <ele>443.000</ele>
      </trkpt>
      <trkpt lat="45.073870000" lon="4.652180000">
        <ele>442.000</ele>
      </trkpt>
      <trkpt lat="45.073860000" lon="4.651610000">
        <ele>442.000</ele>
      </trkpt>
      <trkpt lat="45.073890000" lon="4.651300000">
        <ele>441.000</ele>
      </trkpt>
      <trkpt lat="45.074100000" lon="4.650260000">
        <ele>441.000</ele>
      </trkpt>
      <trkpt lat="45.074220000" lon="4.649950000">
        <ele>440.000</ele>
      </trkpt>
      <trkpt lat="45.074360000" lon="4.649740000">
        <ele>438.000</ele>
      </trkpt>
      <trkpt lat="45.074530000" lon="4.649600000">
        <ele>437.000</ele>
      </trkpt>
      <trkpt lat="45.074920000" lon="4.649390000">
        <ele>435.000</ele>
      </trkpt>
      <trkpt lat="45.075060000" lon="4.649170000">
        <ele>433.000</ele>
      </trkpt>
      <trkpt lat="45.075140000" lon="4.648840000">
        <ele>431.000</ele>
      </trkpt>
      <trkpt lat="45.075180000" lon="4.648110000">
        <ele>429.000</ele>
      </trkpt>
      <trkpt lat="45.075160000" lon="4.647930000">
        <ele>427.000</ele>
      </trkpt>
      <trkpt lat="45.075100000" lon="4.647770000">
        <ele>426.000</ele>
      </trkpt>
      <trkpt lat="45.074970000" lon="4.647570000">
        <ele>426.000</ele>
      </trkpt>
      <trkpt lat="45.074770000" lon="4.647340000">
        <ele>426.000</ele>
      </trkpt>
      <trkpt lat="45.074630000" lon="4.647130000">
        <ele>426.000</ele>
      </trkpt>
      <trkpt lat="45.074470000" lon="4.646790000">
        <ele>427.000</ele>
      </trkpt>
      <trkpt lat="45.074460000" lon="4.646630000">
        <ele>428.000</ele>
      </trkpt>
      <trkpt lat="45.074840000" lon="4.645370000">
        <ele>429.000</ele>
      </trkpt>
      <trkpt lat="45.075030000" lon="4.645010000">
        <ele>430.000</ele>
      </trkpt>
      <trkpt lat="45.075360000" lon="4.644630000">
        <ele>429.000</ele>
      </trkpt>
      <trkpt lat="45.075410000" lon="4.644470000">
        <ele>428.000</ele>
      </trkpt>
      <trkpt lat="45.075430000" lon="4.644310000">
        <ele>427.000</ele>
      </trkpt>
      <trkpt lat="45.075410000" lon="4.644090000">
        <ele>426.000</ele>
      </trkpt>
      <trkpt lat="45.075330000" lon="4.643650000">
        <ele>425.000</ele>
      </trkpt>
      <trkpt lat="45.075180000" lon="4.642850000">
        <ele>422.000</ele>
      </trkpt>
      <trkpt lat="45.075150000" lon="4.642500000">
        <ele>421.000</ele>
      </trkpt>
      <trkpt lat="45.075160000" lon="4.642090000">
        <ele>420.000</ele>
      </trkpt>
      <trkpt lat="45.075230000" lon="4.641910000">
        <ele>419.000</ele>
      </trkpt>
      <trkpt lat="45.075320000" lon="4.641810000">
        <ele>418.000</ele>
      </trkpt>
      <trkpt lat="45.075560000" lon="4.641440000">
        <ele>418.000</ele>
      </trkpt>
      <trkpt lat="45.075630000" lon="4.641340000">
        <ele>418.000</ele>
      </trkpt>
      <trkpt lat="45.075700000" lon="4.641040000">
        <ele>418.000</ele>
      </trkpt>
      <trkpt lat="45.075770000" lon="4.640350000">
        <ele>418.000</ele>
      </trkpt>
      <trkpt lat="45.075770000" lon="4.640170000">
        <ele>418.000</ele>
      </trkpt>
      <trkpt lat="45.075760000" lon="4.639980000">
        <ele>418.000</ele>
      </trkpt>
      <trkpt lat="45.075560000" lon="4.639480000">
        <ele>418.000</ele>
      </trkpt>
      <trkpt lat="45.075480000" lon="4.639180000">
        <ele>418.000</ele>
      </trkpt>
      <trkpt lat="45.075400000" lon="4.638660000">
        <ele>418.000</ele>
      </trkpt>
      <trkpt lat="45.075360000" lon="4.638260000">
        <ele>419.000</ele>
      </trkpt>
      <trkpt lat="45.075360000" lon="4.638210000">
        <ele>419.000</ele>
      </trkpt>
      <trkpt lat="45.075370000" lon="4.638080000">
        <ele>419.000</ele>
      </trkpt>
      <trkpt lat="45.075420000" lon="4.638000000">
        <ele>419.000</ele>
      </trkpt>
      <trkpt lat="45.075470000" lon="4.637940000">
        <ele>419.000</ele>
      </trkpt>
      <trkpt lat="45.075760000" lon="4.637750000">
        <ele>420.000</ele>
      </trkpt>
      <trkpt lat="45.076010000" lon="4.637620000">
        <ele>421.000</ele>
      </trkpt>
      <trkpt lat="45.076070000" lon="4.637590000">
        <ele>422.000</ele>
      </trkpt>
      <trkpt lat="45.076270000" lon="4.637450000">
        <ele>423.000</ele>
      </trkpt>
      <trkpt lat="45.076450000" lon="4.637320000">
        <ele>424.000</ele>
      </trkpt>
      <trkpt lat="45.076790000" lon="4.637140000">
        <ele>425.000</ele>
      </trkpt>
      <trkpt lat="45.076970000" lon="4.637070000">
        <ele>426.000</ele>
      </trkpt>
      <trkpt lat="45.076970000" lon="4.637070000">
        <ele>427.000</ele>
      </trkpt>
      <trkpt lat="45.077010000" lon="4.637050000">
        <ele>428.000</ele>
      </trkpt>
      <trkpt lat="45.077130000" lon="4.636980000">
        <ele>429.000</ele>
      </trkpt>
      <trkpt lat="45.077170000" lon="4.636920000">
        <ele>429.000</ele>
      </trkpt>
      <trkpt lat="45.077220000" lon="4.636850000">
        <ele>430.000</ele>
      </trkpt>
      <trkpt lat="45.077240000" lon="4.636750000">
        <ele>430.000</ele>
      </trkpt>
      <trkpt lat="45.077260000" lon="4.636620000">
        <ele>431.000</ele>
      </trkpt>
      <trkpt lat="45.077270000" lon="4.636420000">
        <ele>432.000</ele>
      </trkpt>
      <trkpt lat="45.077300000" lon="4.636290000">
        <ele>432.000</ele>
      </trkpt>
      <trkpt lat="45.077340000" lon="4.636170000">
        <ele>433.000</ele>
      </trkpt>
      <trkpt lat="45.077370000" lon="4.636090000">
        <ele>434.000</ele>
      </trkpt>
      <trkpt lat="45.077640000" lon="4.635720000">
        <ele>435.000</ele>
      </trkpt>
      <trkpt lat="45.077920000" lon="4.635480000">
        <ele>437.000</ele>
      </trkpt>
      <trkpt lat="45.078500000" lon="4.635100000">
        <ele>439.000</ele>
      </trkpt>
      <trkpt lat="45.078700000" lon="4.635060000">
        <ele>441.000</ele>
      </trkpt>
      <trkpt lat="45.078850000" lon="4.635120000">
        <ele>443.000</ele>
      </trkpt>
      <trkpt lat="45.079050000" lon="4.635220000">
        <ele>444.000</ele>
      </trkpt>
      <trkpt lat="45.079240000" lon="4.635520000">
        <ele>444.000</ele>
      </trkpt>
      <trkpt lat="45.079430000" lon="4.635680000">
        <ele>445.000</ele>
      </trkpt>
      <trkpt lat="45.079590000" lon="4.635690000">
        <ele>446.000</ele>
      </trkpt>
      <trkpt lat="45.079730000" lon="4.635600000">
        <ele>446.000</ele>
      </trkpt>
      <trkpt lat="45.080000000" lon="4.634980000">
        <ele>447.000</ele>
      </trkpt>
      <trkpt lat="45.080440000" lon="4.634100000">
        <ele>449.000</ele>
      </trkpt>
      <trkpt lat="45.080750000" lon="4.633980000">
        <ele>452.000</ele>
      </trkpt>
      <trkpt lat="45.080820000" lon="4.633940000">
        <ele>453.000</ele>
      </trkpt>
      <trkpt lat="45.080870000" lon="4.633850000">
        <ele>455.000</ele>
      </trkpt>
      <trkpt lat="45.080910000" lon="4.633770000">
        <ele>456.000</ele>
      </trkpt>
      <trkpt lat="45.080920000" lon="4.633660000">
        <ele>457.000</ele>
      </trkpt>
      <trkpt lat="45.080890000" lon="4.633500000">
        <ele>458.000</ele>
      </trkpt>
      <trkpt lat="45.080820000" lon="4.633390000">
        <ele>458.000</ele>
      </trkpt>
      <trkpt lat="45.080720000" lon="4.633320000">
        <ele>459.000</ele>
      </trkpt>
      <trkpt lat="45.080630000" lon="4.633300000">
        <ele>460.000</ele>
      </trkpt>
      <trkpt lat="45.080550000" lon="4.633340000">
        <ele>461.000</ele>
      </trkpt>
      <trkpt lat="45.080420000" lon="4.633490000">
        <ele>461.000</ele>
      </trkpt>
      <trkpt lat="45.080230000" lon="4.633980000">
        <ele>462.000</ele>
      </trkpt>
      <trkpt lat="45.080170000" lon="4.634170000">
        <ele>462.000</ele>
      </trkpt>
      <trkpt lat="45.080080000" lon="4.634250000">
        <ele>463.000</ele>
      </trkpt>
      <trkpt lat="45.079980000" lon="4.634310000">
        <ele>463.000</ele>
      </trkpt>
      <trkpt lat="45.079830000" lon="4.634350000">
        <ele>464.000</ele>
      </trkpt>
      <trkpt lat="45.079660000" lon="4.634340000">
        <ele>464.000</ele>
      </trkpt>
      <trkpt lat="45.079350000" lon="4.634150000">
        <ele>465.000</ele>
      </trkpt>
      <trkpt lat="45.079140000" lon="4.634020000">
        <ele>465.000</ele>
      </trkpt>
      <trkpt lat="45.079030000" lon="4.634010000">
        <ele>466.000</ele>
      </trkpt>
      <trkpt lat="45.078930000" lon="4.634010000">
        <ele>466.000</ele>
      </trkpt>
      <trkpt lat="45.078630000" lon="4.634070000">
        <ele>467.000</ele>
      </trkpt>
      <trkpt lat="45.078390000" lon="4.634110000">
        <ele>468.000</ele>
      </trkpt>
      <trkpt lat="45.078120000" lon="4.634320000">
        <ele>468.000</ele>
      </trkpt>
      <trkpt lat="45.078040000" lon="4.634360000">
        <ele>469.000</ele>
      </trkpt>
      <trkpt lat="45.077930000" lon="4.634380000">
        <ele>470.000</ele>
      </trkpt>
      <trkpt lat="45.077800000" lon="4.634410000">
        <ele>470.000</ele>
      </trkpt>
      <trkpt lat="45.077520000" lon="4.634550000">
        <ele>471.000</ele>
      </trkpt>
      <trkpt lat="45.077470000" lon="4.634570000">
        <ele>471.000</ele>
      </trkpt>
      <trkpt lat="45.077390000" lon="4.634570000">
        <ele>472.000</ele>
      </trkpt>
      <trkpt lat="45.077340000" lon="4.634550000">
        <ele>472.000</ele>
      </trkpt>
      <trkpt lat="45.077300000" lon="4.634520000">
        <ele>472.000</ele>
      </trkpt>
      <trkpt lat="45.077250000" lon="4.634460000">
        <ele>473.000</ele>
      </trkpt>
      <trkpt lat="45.077220000" lon="4.634390000">
        <ele>473.000</ele>
      </trkpt>
      <trkpt lat="45.077200000" lon="4.634290000">
        <ele>474.000</ele>
      </trkpt>
      <trkpt lat="45.077210000" lon="4.634180000">
        <ele>474.000</ele>
      </trkpt>
      <trkpt lat="45.077240000" lon="4.634060000">
        <ele>475.000</ele>
      </trkpt>
      <trkpt lat="45.077290000" lon="4.633980000">
        <ele>476.000</ele>
      </trkpt>
      <trkpt lat="45.077380000" lon="4.633880000">
        <ele>476.000</ele>
      </trkpt>
      <trkpt lat="45.077510000" lon="4.633790000">
        <ele>477.000</ele>
      </trkpt>
      <trkpt lat="45.077570000" lon="4.633760000">
        <ele>478.000</ele>
      </trkpt>
      <trkpt lat="45.077970000" lon="4.633570000">
        <ele>479.000</ele>
      </trkpt>
      <trkpt lat="45.078580000" lon="4.633310000">
        <ele>482.000</ele>
      </trkpt>
      <trkpt lat="45.079030000" lon="4.633100000">
        <ele>485.000</ele>
      </trkpt>
      <trkpt lat="45.079260000" lon="4.632960000">
        <ele>487.000</ele>
      </trkpt>
      <trkpt lat="45.079390000" lon="4.632780000">
        <ele>488.000</ele>
      </trkpt>
      <trkpt lat="45.079500000" lon="4.632590000">
        <ele>490.000</ele>
      </trkpt>
      <trkpt lat="45.079580000" lon="4.632460000">
        <ele>491.000</ele>
      </trkpt>
      <trkpt lat="45.079680000" lon="4.632370000">
        <ele>492.000</ele>
      </trkpt>
      <trkpt lat="45.079770000" lon="4.632310000">
        <ele>492.000</ele>
      </trkpt>
      <trkpt lat="45.079870000" lon="4.632280000">
        <ele>493.000</ele>
      </trkpt>
      <trkpt lat="45.080000000" lon="4.632250000">
        <ele>494.000</ele>
      </trkpt>
      <trkpt lat="45.080150000" lon="4.632230000">
        <ele>494.000</ele>
      </trkpt>
      <trkpt lat="45.080290000" lon="4.632190000">
        <ele>495.000</ele>
      </trkpt>
      <trkpt lat="45.080450000" lon="4.632090000">
        <ele>496.000</ele>
      </trkpt>
      <trkpt lat="45.080600000" lon="4.631970000">
        <ele>497.000</ele>
      </trkpt>
      <trkpt lat="45.080730000" lon="4.631860000">
        <ele>498.000</ele>
      </trkpt>
      <trkpt lat="45.080940000" lon="4.631680000">
        <ele>499.000</ele>
      </trkpt>
      <trkpt lat="45.081560000" lon="4.631170000">
        <ele>502.000</ele>
      </trkpt>
      <trkpt lat="45.081690000" lon="4.631080000">
        <ele>504.000</ele>
      </trkpt>
      <trkpt lat="45.081790000" lon="4.631040000">
        <ele>505.000</ele>
      </trkpt>
      <trkpt lat="45.081900000" lon="4.631030000">
        <ele>507.000</ele>
      </trkpt>
      <trkpt lat="45.082030000" lon="4.631070000">
        <ele>508.000</ele>
      </trkpt>
      <trkpt lat="45.082150000" lon="4.631100000">
        <ele>509.000</ele>
      </trkpt>
      <trkpt lat="45.082260000" lon="4.631090000">
        <ele>510.000</ele>
      </trkpt>
      <trkpt lat="45.082360000" lon="4.631060000">
        <ele>511.000</ele>
      </trkpt>
      <trkpt lat="45.082440000" lon="4.630980000">
        <ele>512.000</ele>
      </trkpt>
      <trkpt lat="45.082690000" lon="4.630630000">
        <ele>513.000</ele>
      </trkpt>
      <trkpt lat="45.082740000" lon="4.630560000">
        <ele>514.000</ele>
      </trkpt>
      <trkpt lat="45.082860000" lon="4.630380000">
        <ele>515.000</ele>
      </trkpt>
      <trkpt lat="45.082960000" lon="4.630200000">
        <ele>516.000</ele>
      </trkpt>
      <trkpt lat="45.083090000" lon="4.629950000">
        <ele>517.000</ele>
      </trkpt>
      <trkpt lat="45.083300000" lon="4.629520000">
        <ele>519.000</ele>
      </trkpt>
      <trkpt lat="45.083890000" lon="4.628270000">
        <ele>521.000</ele>
      </trkpt>
      <trkpt lat="45.084100000" lon="4.627820000">
        <ele>522.000</ele>
      </trkpt>
      <trkpt lat="45.084250000" lon="4.627510000">
        <ele>523.000</ele>
      </trkpt>
      <trkpt lat="45.084310000" lon="4.627420000">
        <ele>524.000</ele>
      </trkpt>
      <trkpt lat="45.084370000" lon="4.627370000">
        <ele>524.000</ele>
      </trkpt>
      <trkpt lat="45.084470000" lon="4.627310000">
        <ele>525.000</ele>
      </trkpt>
      <trkpt lat="45.084530000" lon="4.627280000">
        <ele>526.000</ele>
      </trkpt>
      <trkpt lat="45.084590000" lon="4.627270000">
        <ele>526.000</ele>
      </trkpt>
      <trkpt lat="45.084660000" lon="4.627270000">
        <ele>527.000</ele>
      </trkpt>
      <trkpt lat="45.084730000" lon="4.627280000">
        <ele>527.000</ele>
      </trkpt>
      <trkpt lat="45.084780000" lon="4.627300000">
        <ele>527.000</ele>
      </trkpt>
      <trkpt lat="45.084840000" lon="4.627340000">
        <ele>528.000</ele>
      </trkpt>
      <trkpt lat="45.084880000" lon="4.627390000">
        <ele>528.000</ele>
      </trkpt>
      <trkpt lat="45.084920000" lon="4.627460000">
        <ele>529.000</ele>
      </trkpt>
      <trkpt lat="45.085580000" lon="4.628430000">
        <ele>531.000</ele>
      </trkpt>
      <trkpt lat="45.085640000" lon="4.628510000">
        <ele>533.000</ele>
      </trkpt>
      <trkpt lat="45.085730000" lon="4.628570000">
        <ele>534.000</ele>
      </trkpt>
      <trkpt lat="45.085840000" lon="4.628610000">
        <ele>535.000</ele>
      </trkpt>
      <trkpt lat="45.085940000" lon="4.628640000">
        <ele>536.000</ele>
      </trkpt>
      <trkpt lat="45.086230000" lon="4.628700000">
        <ele>537.000</ele>
      </trkpt>
      <trkpt lat="45.086390000" lon="4.628740000">
        <ele>538.000</ele>
      </trkpt>
      <trkpt lat="45.086470000" lon="4.628740000">
        <ele>539.000</ele>
      </trkpt>
      <trkpt lat="45.086570000" lon="4.628700000">
        <ele>539.000</ele>
      </trkpt>
      <trkpt lat="45.086650000" lon="4.628640000">
        <ele>540.000</ele>
      </trkpt>
      <trkpt lat="45.086690000" lon="4.628570000">
        <ele>540.000</ele>
      </trkpt>
      <trkpt lat="45.086710000" lon="4.628450000">
        <ele>540.000</ele>
      </trkpt>
      <trkpt lat="45.086710000" lon="4.628390000">
        <ele>541.000</ele>
      </trkpt>
      <trkpt lat="45.086710000" lon="4.628350000">
        <ele>541.000</ele>
      </trkpt>
      <trkpt lat="45.086700000" lon="4.628250000">
        <ele>541.000</ele>
      </trkpt>
      <trkpt lat="45.086610000" lon="4.628280000">
        <ele>542.000</ele>
      </trkpt>
      <trkpt lat="45.086550000" lon="4.628270000">
        <ele>542.000</ele>
      </trkpt>
      <trkpt lat="45.086410000" lon="4.628210000">
        <ele>542.000</ele>
      </trkpt>
      <trkpt lat="45.086230000" lon="4.628130000">
        <ele>543.000</ele>
      </trkpt>
      <trkpt lat="45.086080000" lon="4.628000000">
        <ele>543.000</ele>
      </trkpt>
      <trkpt lat="45.086030000" lon="4.627950000">
        <ele>544.000</ele>
      </trkpt>
      <trkpt lat="45.086010000" lon="4.627920000">
        <ele>544.000</ele>
      </trkpt>
      <trkpt lat="45.085990000" lon="4.627890000">
        <ele>544.000</ele>
      </trkpt>
      <trkpt lat="45.085970000" lon="4.627850000">
        <ele>544.000</ele>
      </trkpt>
      <trkpt lat="45.085940000" lon="4.627760000">
        <ele>545.000</ele>
      </trkpt>
      <trkpt lat="45.085940000" lon="4.627760000">
        <ele>545.000</ele>
      </trkpt>
      <trkpt lat="45.085890000" lon="4.627620000">
        <ele>545.000</ele>
      </trkpt>
      <trkpt lat="45.085850000" lon="4.627170000">
        <ele>545.000</ele>
      </trkpt>
      <trkpt lat="45.085840000" lon="4.626610000">
        <ele>546.000</ele>
      </trkpt>
      <trkpt lat="45.085760000" lon="4.626100000">
        <ele>547.000</ele>
      </trkpt>
      <trkpt lat="45.085720000" lon="4.625960000">
        <ele>548.000</ele>
      </trkpt>
      <trkpt lat="45.085630000" lon="4.625590000">
        <ele>549.000</ele>
      </trkpt>
      <trkpt lat="45.085610000" lon="4.625500000">
        <ele>549.000</ele>
      </trkpt>
      <trkpt lat="45.085550000" lon="4.625290000">
        <ele>550.000</ele>
      </trkpt>
      <trkpt lat="45.085370000" lon="4.624600000">
        <ele>552.000</ele>
      </trkpt>
      <trkpt lat="45.085310000" lon="4.624390000">
        <ele>553.000</ele>
      </trkpt>
      <trkpt lat="45.085240000" lon="4.624180000">
        <ele>555.000</ele>
      </trkpt>
      <trkpt lat="45.085140000" lon="4.623890000">
        <ele>556.000</ele>
      </trkpt>
      <trkpt lat="45.085090000" lon="4.623730000">
        <ele>557.000</ele>
      </trkpt>
      <trkpt lat="45.084800000" lon="4.622920000">
        <ele>560.000</ele>
      </trkpt>
      <trkpt lat="45.084670000" lon="4.622570000">
        <ele>562.000</ele>
      </trkpt>
      <trkpt lat="45.084450000" lon="4.622030000">
        <ele>564.000</ele>
      </trkpt>
      <trkpt lat="45.084400000" lon="4.621760000">
        <ele>566.000</ele>
      </trkpt>
      <trkpt lat="45.084410000" lon="4.621510000">
        <ele>568.000</ele>
      </trkpt>
      <trkpt lat="45.084430000" lon="4.621410000">
        <ele>569.000</ele>
      </trkpt>
      <trkpt lat="45.084510000" lon="4.621030000">
        <ele>570.000</ele>
      </trkpt>
      <trkpt lat="45.084550000" lon="4.620760000">
        <ele>572.000</ele>
      </trkpt>
      <trkpt lat="45.084600000" lon="4.620500000">
        <ele>573.000</ele>
      </trkpt>
      <trkpt lat="45.084720000" lon="4.619860000">
        <ele>574.000</ele>
      </trkpt>
      <trkpt lat="45.084730000" lon="4.619650000">
        <ele>575.000</ele>
      </trkpt>
      <trkpt lat="45.084700000" lon="4.619320000">
        <ele>576.000</ele>
      </trkpt>
      <trkpt lat="45.084670000" lon="4.619100000">
        <ele>577.000</ele>
      </trkpt>
      <trkpt lat="45.084670000" lon="4.618870000">
        <ele>578.000</ele>
      </trkpt>
      <trkpt lat="45.084820000" lon="4.617900000">
        <ele>579.000</ele>
      </trkpt>
      <trkpt lat="45.084830000" lon="4.617840000">
        <ele>580.000</ele>
      </trkpt>
      <trkpt lat="45.084890000" lon="4.617390000">
        <ele>581.000</ele>
      </trkpt>
      <trkpt lat="45.084900000" lon="4.617320000">
        <ele>582.000</ele>
      </trkpt>
      <trkpt lat="45.084910000" lon="4.617020000">
        <ele>583.000</ele>
      </trkpt>
      <trkpt lat="45.084910000" lon="4.616910000">
        <ele>584.000</ele>
      </trkpt>
      <trkpt lat="45.084870000" lon="4.616240000">
        <ele>585.000</ele>
      </trkpt>
      <trkpt lat="45.084860000" lon="4.616060000">
        <ele>586.000</ele>
      </trkpt>
      <trkpt lat="45.084860000" lon="4.615550000">
        <ele>587.000</ele>
      </trkpt>
      <trkpt lat="45.084850000" lon="4.614850000">
        <ele>589.000</ele>
      </trkpt>
      <trkpt lat="45.084900000" lon="4.614510000">
        <ele>591.000</ele>
      </trkpt>
      <trkpt lat="45.085010000" lon="4.614310000">
        <ele>592.000</ele>
      </trkpt>
      <trkpt lat="45.085050000" lon="4.614220000">
        <ele>593.000</ele>
      </trkpt>
      <trkpt lat="45.085280000" lon="4.614040000">
        <ele>594.000</ele>
      </trkpt>
      <trkpt lat="45.085340000" lon="4.614010000">
        <ele>595.000</ele>
      </trkpt>
      <trkpt lat="45.085560000" lon="4.613930000">
        <ele>597.000</ele>
      </trkpt>
      <trkpt lat="45.085890000" lon="4.613770000">
        <ele>598.000</ele>
      </trkpt>
      <trkpt lat="45.085960000" lon="4.613740000">
        <ele>599.000</ele>
      </trkpt>
      <trkpt lat="45.086240000" lon="4.613500000">
        <ele>600.000</ele>
      </trkpt>
      <trkpt lat="45.086450000" lon="4.613400000">
        <ele>602.000</ele>
      </trkpt>
      <trkpt lat="45.086650000" lon="4.613360000">
        <ele>603.000</ele>
      </trkpt>
      <trkpt lat="45.086890000" lon="4.613340000">
        <ele>604.000</ele>
      </trkpt>
      <trkpt lat="45.087030000" lon="4.613260000">
        <ele>605.000</ele>
      </trkpt>
      <trkpt lat="45.087080000" lon="4.613210000">
        <ele>606.000</ele>
      </trkpt>
      <trkpt lat="45.087120000" lon="4.613100000">
        <ele>607.000</ele>
      </trkpt>
      <trkpt lat="45.087150000" lon="4.613000000">
        <ele>607.000</ele>
      </trkpt>
      <trkpt lat="45.087150000" lon="4.612900000">
        <ele>608.000</ele>
      </trkpt>
      <trkpt lat="45.087130000" lon="4.612810000">
        <ele>608.000</ele>
      </trkpt>
      <trkpt lat="45.087050000" lon="4.612620000">
        <ele>609.000</ele>
      </trkpt>
      <trkpt lat="45.086830000" lon="4.612360000">
        <ele>609.000</ele>
      </trkpt>
      <trkpt lat="45.086700000" lon="4.612240000">
        <ele>610.000</ele>
      </trkpt>
      <trkpt lat="45.086550000" lon="4.612100000">
        <ele>611.000</ele>
      </trkpt>
      <trkpt lat="45.086360000" lon="4.611940000">
        <ele>612.000</ele>
      </trkpt>
      <trkpt lat="45.086270000" lon="4.611820000">
        <ele>613.000</ele>
      </trkpt>
      <trkpt lat="45.086200000" lon="4.611660000">
        <ele>613.000</ele>
      </trkpt>
      <trkpt lat="45.086150000" lon="4.611420000">
        <ele>614.000</ele>
      </trkpt>
      <trkpt lat="45.086110000" lon="4.611060000">
        <ele>615.000</ele>
      </trkpt>
      <trkpt lat="45.085970000" lon="4.610710000">
        <ele>617.000</ele>
      </trkpt>
      <trkpt lat="45.085830000" lon="4.610400000">
        <ele>618.000</ele>
      </trkpt>
      <trkpt lat="45.085790000" lon="4.610150000">
        <ele>620.000</ele>
      </trkpt>
      <trkpt lat="45.085770000" lon="4.609700000">
        <ele>621.000</ele>
      </trkpt>
      <trkpt lat="45.085790000" lon="4.608920000">
        <ele>623.000</ele>
      </trkpt>
      <trkpt lat="45.085730000" lon="4.607920000">
        <ele>625.000</ele>
      </trkpt>
      <trkpt lat="45.085660000" lon="4.607740000">
        <ele>627.000</ele>
      </trkpt>
      <trkpt lat="45.085540000" lon="4.607530000">
        <ele>629.000</ele>
      </trkpt>
      <trkpt lat="45.085470000" lon="4.607220000">
        <ele>630.000</ele>
      </trkpt>
      <trkpt lat="45.085430000" lon="4.606910000">
        <ele>631.000</ele>
      </trkpt>
      <trkpt lat="45.085480000" lon="4.606580000">
        <ele>632.000</ele>
      </trkpt>
      <trkpt lat="45.085950000" lon="4.605220000">
        <ele>634.000</ele>
      </trkpt>
      <trkpt lat="45.086030000" lon="4.605060000">
        <ele>635.000</ele>
      </trkpt>
      <trkpt lat="45.086170000" lon="4.604900000">
        <ele>636.000</ele>
      </trkpt>
      <trkpt lat="45.086300000" lon="4.604800000">
        <ele>637.000</ele>
      </trkpt>
      <trkpt lat="45.086510000" lon="4.604800000">
        <ele>638.000</ele>
      </trkpt>
      <trkpt lat="45.086740000" lon="4.604890000">
        <ele>639.000</ele>
      </trkpt>
      <trkpt lat="45.086980000" lon="4.605070000">
        <ele>640.000</ele>
      </trkpt>
      <trkpt lat="45.087290000" lon="4.605360000">
        <ele>642.000</ele>
      </trkpt>
      <trkpt lat="45.087540000" lon="4.605700000">
        <ele>643.000</ele>
      </trkpt>
      <trkpt lat="45.087890000" lon="4.606100000">
        <ele>645.000</ele>
      </trkpt>
      <trkpt lat="45.088060000" lon="4.606180000">
        <ele>646.000</ele>
      </trkpt>
      <trkpt lat="45.088080000" lon="4.606190000">
        <ele>647.000</ele>
      </trkpt>
      <trkpt lat="45.088300000" lon="4.606310000">
        <ele>648.000</ele>
      </trkpt>
      <trkpt lat="45.088500000" lon="4.606520000">
        <ele>649.000</ele>
      </trkpt>
      <trkpt lat="45.088630000" lon="4.606740000">
        <ele>650.000</ele>
      </trkpt>
      <trkpt lat="45.088720000" lon="4.607020000">
        <ele>651.000</ele>
      </trkpt>
      <trkpt lat="45.088740000" lon="4.607380000">
        <ele>652.000</ele>
      </trkpt>
      <trkpt lat="45.088750000" lon="4.608030000">
        <ele>654.000</ele>
      </trkpt>
      <trkpt lat="45.088710000" lon="4.609300000">
        <ele>656.000</ele>
      </trkpt>
      <trkpt lat="45.088780000" lon="4.609550000">
        <ele>658.000</ele>
      </trkpt>
      <trkpt lat="45.088880000" lon="4.609760000">
        <ele>660.000</ele>
      </trkpt>
      <trkpt lat="45.089020000" lon="4.609920000">
        <ele>662.000</ele>
      </trkpt>
      <trkpt lat="45.089120000" lon="4.609980000">
        <ele>663.000</ele>
      </trkpt>
      <trkpt lat="45.089180000" lon="4.610010000">
        <ele>663.000</ele>
      </trkpt>
      <trkpt lat="45.089360000" lon="4.609960000">
        <ele>664.000</ele>
      </trkpt>
      <trkpt lat="45.089540000" lon="4.609780000">
        <ele>665.000</ele>
      </trkpt>
      <trkpt lat="45.089750000" lon="4.609480000">
        <ele>666.000</ele>
      </trkpt>
      <trkpt lat="45.090030000" lon="4.609110000">
        <ele>667.000</ele>
      </trkpt>
      <trkpt lat="45.090300000" lon="4.608890000">
        <ele>668.000</ele>
      </trkpt>
      <trkpt lat="45.090430000" lon="4.608840000">
        <ele>668.000</ele>
      </trkpt>
      <trkpt lat="45.090560000" lon="4.608780000">
        <ele>669.000</ele>
      </trkpt>
      <trkpt lat="45.090900000" lon="4.608790000">
        <ele>670.000</ele>
      </trkpt>
      <trkpt lat="45.091340000" lon="4.608950000">
        <ele>672.000</ele>
      </trkpt>
      <trkpt lat="45.091710000" lon="4.609230000">
        <ele>674.000</ele>
      </trkpt>
      <trkpt lat="45.091980000" lon="4.609540000">
        <ele>677.000</ele>
      </trkpt>
      <trkpt lat="45.092150000" lon="4.609970000">
        <ele>679.000</ele>
      </trkpt>
      <trkpt lat="45.092220000" lon="4.610130000">
        <ele>681.000</ele>
      </trkpt>
      <trkpt lat="45.092260000" lon="4.610230000">
        <ele>682.000</ele>
      </trkpt>
      <trkpt lat="45.092550000" lon="4.610520000">
        <ele>684.000</ele>
      </trkpt>
      <trkpt lat="45.092610000" lon="4.610580000">
        <ele>685.000</ele>
      </trkpt>
      <trkpt lat="45.092770000" lon="4.610580000">
        <ele>686.000</ele>
      </trkpt>
      <trkpt lat="45.093090000" lon="4.610530000">
        <ele>688.000</ele>
      </trkpt>
      <trkpt lat="45.093270000" lon="4.610560000">
        <ele>689.000</ele>
      </trkpt>
      <trkpt lat="45.093430000" lon="4.610510000">
        <ele>691.000</ele>
      </trkpt>
      <trkpt lat="45.093550000" lon="4.610320000">
        <ele>692.000</ele>
      </trkpt>
      <trkpt lat="45.093620000" lon="4.610100000">
        <ele>693.000</ele>
      </trkpt>
      <trkpt lat="45.093630000" lon="4.609700000">
        <ele>694.000</ele>
      </trkpt>
      <trkpt lat="45.093690000" lon="4.609510000">
        <ele>694.000</ele>
      </trkpt>
      <trkpt lat="45.093810000" lon="4.609380000">
        <ele>695.000</ele>
      </trkpt>
      <trkpt lat="45.094120000" lon="4.609270000">
        <ele>695.000</ele>
      </trkpt>
      <trkpt lat="45.094350000" lon="4.609240000">
        <ele>695.000</ele>
      </trkpt>
      <trkpt lat="45.094750000" lon="4.609270000">
        <ele>695.000</ele>
      </trkpt>
      <trkpt lat="45.095170000" lon="4.609430000">
        <ele>695.000</ele>
      </trkpt>
      <trkpt lat="45.095580000" lon="4.609590000">
        <ele>696.000</ele>
      </trkpt>
      <trkpt lat="45.095750000" lon="4.609620000">
        <ele>696.000</ele>
      </trkpt>
      <trkpt lat="45.095900000" lon="4.609610000">
        <ele>696.000</ele>
      </trkpt>
      <trkpt lat="45.096050000" lon="4.609490000">
        <ele>697.000</ele>
      </trkpt>
      <trkpt lat="45.096110000" lon="4.609360000">
        <ele>697.000</ele>
      </trkpt>
      <trkpt lat="45.096150000" lon="4.609150000">
        <ele>698.000</ele>
      </trkpt>
      <trkpt lat="45.096130000" lon="4.608790000">
        <ele>698.000</ele>
      </trkpt>
      <trkpt lat="45.096090000" lon="4.608300000">
        <ele>699.000</ele>
      </trkpt>
      <trkpt lat="45.096010000" lon="4.607770000">
        <ele>699.000</ele>
      </trkpt>
      <trkpt lat="45.095780000" lon="4.606640000">
        <ele>702.000</ele>
      </trkpt>
      <trkpt lat="45.095720000" lon="4.606120000">
        <ele>705.000</ele>
      </trkpt>
      <trkpt lat="45.095680000" lon="4.605560000">
        <ele>709.000</ele>
      </trkpt>
      <trkpt lat="45.095550000" lon="4.604140000">
        <ele>714.000</ele>
      </trkpt>
      <trkpt lat="45.095510000" lon="4.603800000">
        <ele>718.000</ele>
      </trkpt>
      <trkpt lat="45.095410000" lon="4.603540000">
        <ele>720.000</ele>
      </trkpt>
      <trkpt lat="45.095380000" lon="4.603410000">
        <ele>722.000</ele>
      </trkpt>
      <trkpt lat="45.095400000" lon="4.603270000">
        <ele>723.000</ele>
      </trkpt>
      <trkpt lat="45.095480000" lon="4.603140000">
        <ele>724.000</ele>
      </trkpt>
      <trkpt lat="45.095720000" lon="4.602940000">
        <ele>725.000</ele>
      </trkpt>
      <trkpt lat="45.095790000" lon="4.602830000">
        <ele>726.000</ele>
      </trkpt>
      <trkpt lat="45.095980000" lon="4.602460000">
        <ele>727.000</ele>
      </trkpt>
      <trkpt lat="45.096130000" lon="4.602180000">
        <ele>727.000</ele>
      </trkpt>
      <trkpt lat="45.096270000" lon="4.601890000">
        <ele>728.000</ele>
      </trkpt>
      <trkpt lat="45.096360000" lon="4.601580000">
        <ele>729.000</ele>
      </trkpt>
      <trkpt lat="45.096420000" lon="4.600700000">
        <ele>732.000</ele>
      </trkpt>
      <trkpt lat="45.096660000" lon="4.599500000">
        <ele>737.000</ele>
      </trkpt>
      <trkpt lat="45.096670000" lon="4.599240000">
        <ele>741.000</ele>
      </trkpt>
      <trkpt lat="45.096630000" lon="4.598720000">
        <ele>744.000</ele>
      </trkpt>
      <trkpt lat="45.096600000" lon="4.598210000">
        <ele>745.000</ele>
      </trkpt>
      <trkpt lat="45.096580000" lon="4.597600000">
        <ele>747.000</ele>
      </trkpt>
      <trkpt lat="45.096520000" lon="4.597280000">
        <ele>748.000</ele>
      </trkpt>
      <trkpt lat="45.096330000" lon="4.596810000">
        <ele>749.000</ele>
      </trkpt>
      <trkpt lat="45.096080000" lon="4.596420000">
        <ele>749.000</ele>
      </trkpt>
      <trkpt lat="45.095920000" lon="4.596080000">
        <ele>750.000</ele>
      </trkpt>
      <trkpt lat="45.095810000" lon="4.595810000">
        <ele>751.000</ele>
      </trkpt>
      <trkpt lat="45.095740000" lon="4.595500000">
        <ele>752.000</ele>
      </trkpt>
      <trkpt lat="45.095700000" lon="4.595080000">
        <ele>753.000</ele>
      </trkpt>
      <trkpt lat="45.095620000" lon="4.594820000">
        <ele>754.000</ele>
      </trkpt>
      <trkpt lat="45.095450000" lon="4.594450000">
        <ele>755.000</ele>
      </trkpt>
      <trkpt lat="45.095220000" lon="4.594160000">
        <ele>756.000</ele>
      </trkpt>
      <trkpt lat="45.094550000" lon="4.593470000">
        <ele>758.000</ele>
      </trkpt>
      <trkpt lat="45.094430000" lon="4.593300000">
        <ele>760.000</ele>
      </trkpt>
      <trkpt lat="45.094310000" lon="4.593010000">
        <ele>762.000</ele>
      </trkpt>
      <trkpt lat="45.094230000" lon="4.592600000">
        <ele>763.000</ele>
      </trkpt>
      <trkpt lat="45.094220000" lon="4.592200000">
        <ele>765.000</ele>
      </trkpt>
      <trkpt lat="45.094240000" lon="4.591470000">
        <ele>767.000</ele>
      </trkpt>
      <trkpt lat="45.094120000" lon="4.590630000">
        <ele>770.000</ele>
      </trkpt>
      <trkpt lat="45.094070000" lon="4.589740000">
        <ele>773.000</ele>
      </trkpt>
      <trkpt lat="45.094000000" lon="4.588710000">
        <ele>777.000</ele>
      </trkpt>
      <trkpt lat="45.093910000" lon="4.587950000">
        <ele>781.000</ele>
      </trkpt>
      <trkpt lat="45.093800000" lon="4.587210000">
        <ele>784.000</ele>
      </trkpt>
      <trkpt lat="45.093850000" lon="4.586650000">
        <ele>786.000</ele>
      </trkpt>
      <trkpt lat="45.093940000" lon="4.586370000">
        <ele>788.000</ele>
      </trkpt>
      <trkpt lat="45.094070000" lon="4.586110000">
        <ele>789.000</ele>
      </trkpt>
      <trkpt lat="45.094450000" lon="4.585530000">
        <ele>792.000</ele>
      </trkpt>
      <trkpt lat="45.094680000" lon="4.585280000">
        <ele>793.000</ele>
      </trkpt>
      <trkpt lat="45.094790000" lon="4.585210000">
        <ele>795.000</ele>
      </trkpt>
      <trkpt lat="45.094910000" lon="4.585190000">
        <ele>796.000</ele>
      </trkpt>
      <trkpt lat="45.095020000" lon="4.585220000">
        <ele>797.000</ele>
      </trkpt>
      <trkpt lat="45.095140000" lon="4.585280000">
        <ele>798.000</ele>
      </trkpt>
      <trkpt lat="45.095350000" lon="4.585430000">
        <ele>799.000</ele>
      </trkpt>
      <trkpt lat="45.095640000" lon="4.585650000">
        <ele>801.000</ele>
      </trkpt>
      <trkpt lat="45.095820000" lon="4.585800000">
        <ele>802.000</ele>
      </trkpt>
      <trkpt lat="45.095820000" lon="4.585800000">
        <ele>803.000</ele>
      </trkpt>
      <trkpt lat="45.095930000" lon="4.585880000">
        <ele>804.000</ele>
      </trkpt>
      <trkpt lat="45.096330000" lon="4.586200000">
        <ele>805.000</ele>
      </trkpt>
      <trkpt lat="45.096610000" lon="4.586370000">
        <ele>807.000</ele>
      </trkpt>
      <trkpt lat="45.096740000" lon="4.586400000">
        <ele>808.000</ele>
      </trkpt>
      <trkpt lat="45.096920000" lon="4.586330000">
        <ele>809.000</ele>
      </trkpt>
      <trkpt lat="45.097190000" lon="4.586120000">
        <ele>811.000</ele>
      </trkpt>
      <trkpt lat="45.097490000" lon="4.585960000">
        <ele>812.000</ele>
      </trkpt>
      <trkpt lat="45.097730000" lon="4.585860000">
        <ele>814.000</ele>
      </trkpt>
      <trkpt lat="45.097870000" lon="4.585790000">
        <ele>815.000</ele>
      </trkpt>
      <trkpt lat="45.098000000" lon="4.585680000">
        <ele>816.000</ele>
      </trkpt>
      <trkpt lat="45.098170000" lon="4.585400000">
        <ele>817.000</ele>
      </trkpt>
      <trkpt lat="45.098300000" lon="4.584960000">
        <ele>818.000</ele>
      </trkpt>
      <trkpt lat="45.098330000" lon="4.584790000">
        <ele>819.000</ele>
      </trkpt>
      <trkpt lat="45.098340000" lon="4.584590000">
        <ele>820.000</ele>
      </trkpt>
      <trkpt lat="45.098340000" lon="4.583580000">
        <ele>821.000</ele>
      </trkpt>
      <trkpt lat="45.098360000" lon="4.583450000">
        <ele>823.000</ele>
      </trkpt>
      <trkpt lat="45.098390000" lon="4.583350000">
        <ele>824.000</ele>
      </trkpt>
      <trkpt lat="45.098470000" lon="4.583220000">
        <ele>825.000</ele>
      </trkpt>
      <trkpt lat="45.098580000" lon="4.583150000">
        <ele>826.000</ele>
      </trkpt>
      <trkpt lat="45.098780000" lon="4.583070000">
        <ele>828.000</ele>
      </trkpt>
      <trkpt lat="45.098880000" lon="4.583000000">
        <ele>829.000</ele>
      </trkpt>
      <trkpt lat="45.098950000" lon="4.582880000">
        <ele>830.000</ele>
      </trkpt>
      <trkpt lat="45.099400000" lon="4.581920000">
        <ele>834.000</ele>
      </trkpt>
      <trkpt lat="45.099630000" lon="4.581430000">
        <ele>837.000</ele>
      </trkpt>
      <trkpt lat="45.099830000" lon="4.580920000">
        <ele>840.000</ele>
      </trkpt>
      <trkpt lat="45.099960000" lon="4.580520000">
        <ele>842.000</ele>
      </trkpt>
      <trkpt lat="45.100020000" lon="4.580310000">
        <ele>844.000</ele>
      </trkpt>
      <trkpt lat="45.100070000" lon="4.580060000">
        <ele>845.000</ele>
      </trkpt>
      <trkpt lat="45.100100000" lon="4.579730000">
        <ele>846.000</ele>
      </trkpt>
      <trkpt lat="45.100100000" lon="4.579560000">
        <ele>847.000</ele>
      </trkpt>
      <trkpt lat="45.100080000" lon="4.579390000">
        <ele>848.000</ele>
      </trkpt>
      <trkpt lat="45.099900000" lon="4.578720000">
        <ele>849.000</ele>
      </trkpt>
      <trkpt lat="45.099740000" lon="4.578060000">
        <ele>850.000</ele>
      </trkpt>
      <trkpt lat="45.099700000" lon="4.577820000">
        <ele>851.000</ele>
      </trkpt>
      <trkpt lat="45.099680000" lon="4.577590000">
        <ele>852.000</ele>
      </trkpt>
      <trkpt lat="45.099710000" lon="4.577280000">
        <ele>853.000</ele>
      </trkpt>
      <trkpt lat="45.099760000" lon="4.577080000">
        <ele>854.000</ele>
      </trkpt>
      <trkpt lat="45.099920000" lon="4.576810000">
        <ele>855.000</ele>
      </trkpt>
      <trkpt lat="45.100100000" lon="4.576570000">
        <ele>856.000</ele>
      </trkpt>
      <trkpt lat="45.100480000" lon="4.576150000">
        <ele>858.000</ele>
      </trkpt>
      <trkpt lat="45.100920000" lon="4.575470000">
        <ele>860.000</ele>
      </trkpt>
      <trkpt lat="45.101300000" lon="4.574650000">
        <ele>862.000</ele>
      </trkpt>
      <trkpt lat="45.101440000" lon="4.574370000">
        <ele>864.000</ele>
      </trkpt>
      <trkpt lat="45.101590000" lon="4.574250000">
        <ele>865.000</ele>
      </trkpt>
      <trkpt lat="45.101740000" lon="4.574200000">
        <ele>866.000</ele>
      </trkpt>
      <trkpt lat="45.101900000" lon="4.574190000">
        <ele>867.000</ele>
      </trkpt>
      <trkpt lat="45.102380000" lon="4.574190000">
        <ele>868.000</ele>
      </trkpt>
      <trkpt lat="45.102550000" lon="4.574170000">
        <ele>869.000</ele>
      </trkpt>
      <trkpt lat="45.102710000" lon="4.574040000">
        <ele>870.000</ele>
      </trkpt>
      <trkpt lat="45.102800000" lon="4.573780000">
        <ele>871.000</ele>
      </trkpt>
      <trkpt lat="45.102930000" lon="4.572960000">
        <ele>872.000</ele>
      </trkpt>
      <trkpt lat="45.102990000" lon="4.572740000">
        <ele>873.000</ele>
      </trkpt>
      <trkpt lat="45.103070000" lon="4.572490000">
        <ele>874.000</ele>
      </trkpt>
      <trkpt lat="45.103160000" lon="4.572030000">
        <ele>875.000</ele>
      </trkpt>
      <trkpt lat="45.103200000" lon="4.571280000">
        <ele>876.000</ele>
      </trkpt>
      <trkpt lat="45.103250000" lon="4.570920000">
        <ele>876.000</ele>
      </trkpt>
      <trkpt lat="45.103340000" lon="4.570620000">
        <ele>877.000</ele>
      </trkpt>
      <trkpt lat="45.103410000" lon="4.570340000">
        <ele>877.000</ele>
      </trkpt>
      <trkpt lat="45.103480000" lon="4.569750000">
        <ele>878.000</ele>
      </trkpt>
      <trkpt lat="45.103560000" lon="4.569290000">
        <ele>878.000</ele>
      </trkpt>
      <trkpt lat="45.103670000" lon="4.568740000">
        <ele>880.000</ele>
      </trkpt>
      <trkpt lat="45.103800000" lon="4.567980000">
        <ele>881.000</ele>
      </trkpt>
      <trkpt lat="45.103960000" lon="4.567100000">
        <ele>883.000</ele>
      </trkpt>
      <trkpt lat="45.104160000" lon="4.566300000">
        <ele>886.000</ele>
      </trkpt>
      <trkpt lat="45.104220000" lon="4.566090000">
        <ele>887.000</ele>
      </trkpt>
      <trkpt lat="45.104390000" lon="4.565640000">
        <ele>889.000</ele>
      </trkpt>
      <trkpt lat="45.104600000" lon="4.565170000">
        <ele>891.000</ele>
      </trkpt>
      <trkpt lat="45.104800000" lon="4.564630000">
        <ele>893.000</ele>
      </trkpt>
      <trkpt lat="45.104960000" lon="4.563930000">
        <ele>895.000</ele>
      </trkpt>
      <trkpt lat="45.105020000" lon="4.563530000">
        <ele>896.000</ele>
      </trkpt>
      <trkpt lat="45.105100000" lon="4.563100000">
        <ele>898.000</ele>
      </trkpt>
      <trkpt lat="45.105140000" lon="4.562800000">
        <ele>899.000</ele>
      </trkpt>
      <trkpt lat="45.105170000" lon="4.562620000">
        <ele>900.000</ele>
      </trkpt>
      <trkpt lat="45.105170000" lon="4.562490000">
        <ele>901.000</ele>
      </trkpt>
      <trkpt lat="45.105170000" lon="4.562310000">
        <ele>902.000</ele>
      </trkpt>
      <trkpt lat="45.105160000" lon="4.562090000">
        <ele>902.000</ele>
      </trkpt>
      <trkpt lat="45.105130000" lon="4.561930000">
        <ele>903.000</ele>
      </trkpt>
      <trkpt lat="45.105090000" lon="4.561690000">
        <ele>904.000</ele>
      </trkpt>
      <trkpt lat="45.104950000" lon="4.560840000">
        <ele>907.000</ele>
      </trkpt>
      <trkpt lat="45.104970000" lon="4.560060000">
        <ele>911.000</ele>
      </trkpt>
      <trkpt lat="45.104930000" lon="4.559530000">
        <ele>914.000</ele>
      </trkpt>
      <trkpt lat="45.104980000" lon="4.559060000">
        <ele>918.000</ele>
      </trkpt>
      <trkpt lat="45.104990000" lon="4.558650000">
        <ele>921.000</ele>
      </trkpt>
      <trkpt lat="45.104590000" lon="4.556880000">
        <ele>928.000</ele>
      </trkpt>
      <trkpt lat="45.104440000" lon="4.556420000">
        <ele>933.000</ele>
      </trkpt>
      <trkpt lat="45.104220000" lon="4.556030000">
        <ele>936.000</ele>
      </trkpt>
      <trkpt lat="45.104010000" lon="4.555620000">
        <ele>939.000</ele>
      </trkpt>
      <trkpt lat="45.103920000" lon="4.555280000">
        <ele>941.000</ele>
      </trkpt>
      <trkpt lat="45.103900000" lon="4.554680000">
        <ele>943.000</ele>
      </trkpt>
      <trkpt lat="45.103820000" lon="4.554390000">
        <ele>945.000</ele>
      </trkpt>
      <trkpt lat="45.103580000" lon="4.554020000">
        <ele>946.000</ele>
      </trkpt>
      <trkpt lat="45.103430000" lon="4.553720000">
        <ele>947.000</ele>
      </trkpt>
      <trkpt lat="45.103230000" lon="4.553040000">
        <ele>949.000</ele>
      </trkpt>
      <trkpt lat="45.103200000" lon="4.552720000">
        <ele>950.000</ele>
      </trkpt>
      <trkpt lat="45.103250000" lon="4.552380000">
        <ele>951.000</ele>
      </trkpt>
      <trkpt lat="45.103320000" lon="4.552040000">
        <ele>952.000</ele>
      </trkpt>
      <trkpt lat="45.103300000" lon="4.551840000">
        <ele>954.000</ele>
      </trkpt>
      <trkpt lat="45.103260000" lon="4.551680000">
        <ele>955.000</ele>
      </trkpt>
      <trkpt lat="45.103230000" lon="4.551590000">
        <ele>956.000</ele>
      </trkpt>
      <trkpt lat="45.103050000" lon="4.551300000">
        <ele>958.000</ele>
      </trkpt>
      <trkpt lat="45.102560000" lon="4.550940000">
        <ele>962.000</ele>
      </trkpt>
      <trkpt lat="45.102280000" lon="4.550670000">
        <ele>966.000</ele>
      </trkpt>
      <trkpt lat="45.101910000" lon="4.550090000">
        <ele>971.000</ele>
      </trkpt>
      <trkpt lat="45.101720000" lon="4.549880000">
        <ele>975.000</ele>
      </trkpt>
      <trkpt lat="45.101380000" lon="4.549710000">
        <ele>979.000</ele>
      </trkpt>
      <trkpt lat="45.101210000" lon="4.549540000">
        <ele>981.000</ele>
      </trkpt>
      <trkpt lat="45.100670000" lon="4.548260000">
        <ele>985.000</ele>
      </trkpt>
      <trkpt lat="45.100300000" lon="4.547460000">
        <ele>990.000</ele>
      </trkpt>
      <trkpt lat="45.100190000" lon="4.547080000">
        <ele>994.000</ele>
      </trkpt>
      <trkpt lat="45.100230000" lon="4.546340000">
        <ele>998.000</ele>
      </trkpt>
      <trkpt lat="45.100200000" lon="4.545990000">
        <ele>1002.000</ele>
      </trkpt>
      <trkpt lat="45.100210000" lon="4.545750000">
        <ele>1005.000</ele>
      </trkpt>
      <trkpt lat="45.100270000" lon="4.545540000">
        <ele>1007.000</ele>
      </trkpt>
      <trkpt lat="45.100420000" lon="4.545320000">
        <ele>1008.000</ele>
      </trkpt>
      <trkpt lat="45.100520000" lon="4.545110000">
        <ele>1009.000</ele>
      </trkpt>
      <trkpt lat="45.100550000" lon="4.545010000">
        <ele>1010.000</ele>
      </trkpt>
      <trkpt lat="45.100560000" lon="4.544860000">
        <ele>1010.000</ele>
      </trkpt>
      <trkpt lat="45.100490000" lon="4.544400000">
        <ele>1010.000</ele>
      </trkpt>
      <trkpt lat="45.100450000" lon="4.544020000">
        <ele>1011.000</ele>
      </trkpt>
      <trkpt lat="45.100500000" lon="4.543780000">
        <ele>1011.000</ele>
      </trkpt>
      <trkpt lat="45.100620000" lon="4.543640000">
        <ele>1011.000</ele>
      </trkpt>
      <trkpt lat="45.100860000" lon="4.543370000">
        <ele>1011.000</ele>
      </trkpt>
      <trkpt lat="45.100860000" lon="4.543370000">
        <ele>1011.000</ele>
      </trkpt>
      <trkpt lat="45.100910000" lon="4.543310000">
        <ele>1011.000</ele>
      </trkpt>
      <trkpt lat="45.101080000" lon="4.542910000">
        <ele>1012.000</ele>
      </trkpt>
      <trkpt lat="45.101190000" lon="4.542540000">
        <ele>1013.000</ele>
      </trkpt>
      <trkpt lat="45.101220000" lon="4.542160000">
        <ele>1014.000</ele>
      </trkpt>
      <trkpt lat="45.101260000" lon="4.541870000">
        <ele>1015.000</ele>
      </trkpt>
      <trkpt lat="45.101310000" lon="4.541750000">
        <ele>1016.000</ele>
      </trkpt>
      <trkpt lat="45.101370000" lon="4.541690000">
        <ele>1016.000</ele>
      </trkpt>
      <trkpt lat="45.101490000" lon="4.541640000">
        <ele>1017.000</ele>
      </trkpt>
      <trkpt lat="45.101680000" lon="4.541590000">
        <ele>1017.000</ele>
      </trkpt>
      <trkpt lat="45.102050000" lon="4.541670000">
        <ele>1018.000</ele>
      </trkpt>
      <trkpt lat="45.102160000" lon="4.541700000">
        <ele>1019.000</ele>
      </trkpt>
      <trkpt lat="45.102430000" lon="4.541900000">
        <ele>1019.000</ele>
      </trkpt>
      <trkpt lat="45.103020000" lon="4.542380000">
        <ele>1018.000</ele>
      </trkpt>
      <trkpt lat="45.103150000" lon="4.542490000">
        <ele>1017.000</ele>
      </trkpt>
      <trkpt lat="45.103260000" lon="4.542570000">
        <ele>1016.000</ele>
      </trkpt>
      <trkpt lat="45.103370000" lon="4.542630000">
        <ele>1015.000</ele>
      </trkpt>
      <trkpt lat="45.103530000" lon="4.542660000">
        <ele>1014.000</ele>
      </trkpt>
      <trkpt lat="45.103650000" lon="4.542630000">
        <ele>1014.000</ele>
      </trkpt>
      <trkpt lat="45.103790000" lon="4.542530000">
        <ele>1013.000</ele>
      </trkpt>
      <trkpt lat="45.104080000" lon="4.542180000">
        <ele>1012.000</ele>
      </trkpt>
      <trkpt lat="45.104190000" lon="4.542070000">
        <ele>1012.000</ele>
      </trkpt>
      <trkpt lat="45.104310000" lon="4.542000000">
        <ele>1011.000</ele>
      </trkpt>
      <trkpt lat="45.104550000" lon="4.541920000">
        <ele>1011.000</ele>
      </trkpt>
      <trkpt lat="45.104730000" lon="4.541910000">
        <ele>1011.000</ele>
      </trkpt>
      <trkpt lat="45.105210000" lon="4.541920000">
        <ele>1011.000</ele>
      </trkpt>
      <trkpt lat="45.105450000" lon="4.541930000">
        <ele>1010.000</ele>
      </trkpt>
      <trkpt lat="45.105700000" lon="4.541980000">
        <ele>1011.000</ele>
      </trkpt>
      <trkpt lat="45.106160000" lon="4.542120000">
        <ele>1012.000</ele>
      </trkpt>
      <trkpt lat="45.106630000" lon="4.542290000">
        <ele>1015.000</ele>
      </trkpt>
      <trkpt lat="45.106850000" lon="4.542410000">
        <ele>1017.000</ele>
      </trkpt>
      <trkpt lat="45.107150000" lon="4.542560000">
        <ele>1020.000</ele>
      </trkpt>
      <trkpt lat="45.108260000" lon="4.543420000">
        <ele>1025.000</ele>
      </trkpt>
      <trkpt lat="45.108430000" lon="4.543510000">
        <ele>1029.000</ele>
      </trkpt>
      <trkpt lat="45.108530000" lon="4.543510000">
        <ele>1032.000</ele>
      </trkpt>
      <trkpt lat="45.108630000" lon="4.543480000">
        <ele>1034.000</ele>
      </trkpt>
      <trkpt lat="45.108740000" lon="4.543380000">
        <ele>1036.000</ele>
      </trkpt>
      <trkpt lat="45.108900000" lon="4.543190000">
        <ele>1037.000</ele>
      </trkpt>
      <trkpt lat="45.109320000" lon="4.542900000">
        <ele>1039.000</ele>
      </trkpt>
      <trkpt lat="45.109460000" lon="4.542770000">
        <ele>1041.000</ele>
      </trkpt>
      <trkpt lat="45.109620000" lon="4.542590000">
        <ele>1043.000</ele>
      </trkpt>
      <trkpt lat="45.109790000" lon="4.542410000">
        <ele>1045.000</ele>
      </trkpt>
      <trkpt lat="45.110400000" lon="4.542030000">
        <ele>1047.000</ele>
      </trkpt>
      <trkpt lat="45.110540000" lon="4.541950000">
        <ele>1049.000</ele>
      </trkpt>
      <trkpt lat="45.110920000" lon="4.541780000">
        <ele>1050.000</ele>
      </trkpt>
      <trkpt lat="45.111240000" lon="4.541650000">
        <ele>1051.000</ele>
      </trkpt>
      <trkpt lat="45.111330000" lon="4.541630000">
        <ele>1052.000</ele>
      </trkpt>
      <trkpt lat="45.111400000" lon="4.541630000">
        <ele>1052.000</ele>
      </trkpt>
      <trkpt lat="45.111470000" lon="4.541650000">
        <ele>1052.000</ele>
      </trkpt>
      <trkpt lat="45.111520000" lon="4.541690000">
        <ele>1053.000</ele>
      </trkpt>
      <trkpt lat="45.111560000" lon="4.541740000">
        <ele>1053.000</ele>
      </trkpt>
      <trkpt lat="45.111580000" lon="4.541820000">
        <ele>1053.000</ele>
      </trkpt>
      <trkpt lat="45.111600000" lon="4.541950000">
        <ele>1053.000</ele>
      </trkpt>
      <trkpt lat="45.111620000" lon="4.542240000">
        <ele>1053.000</ele>
      </trkpt>
      <trkpt lat="45.111620000" lon="4.542490000">
        <ele>1053.000</ele>
      </trkpt>
      <trkpt lat="45.111610000" lon="4.542730000">
        <ele>1053.000</ele>
      </trkpt>
      <trkpt lat="45.111610000" lon="4.542900000">
        <ele>1053.000</ele>
      </trkpt>
      <trkpt lat="45.111630000" lon="4.543080000">
        <ele>1053.000</ele>
      </trkpt>
      <trkpt lat="45.111650000" lon="4.543200000">
        <ele>1053.000</ele>
      </trkpt>
      <trkpt lat="45.111690000" lon="4.543370000">
        <ele>1053.000</ele>
      </trkpt>
      <trkpt lat="45.111850000" lon="4.543770000">
        <ele>1053.000</ele>
      </trkpt>
      <trkpt lat="45.111910000" lon="4.543980000">
        <ele>1053.000</ele>
      </trkpt>
      <trkpt lat="45.111970000" lon="4.544230000">
        <ele>1053.000</ele>
      </trkpt>
      <trkpt lat="45.112020000" lon="4.544480000">
        <ele>1053.000</ele>
      </trkpt>
      <trkpt lat="45.112060000" lon="4.544620000">
        <ele>1053.000</ele>
      </trkpt>
      <trkpt lat="45.112110000" lon="4.544740000">
        <ele>1053.000</ele>
      </trkpt>
      <trkpt lat="45.112180000" lon="4.544870000">
        <ele>1053.000</ele>
      </trkpt>
      <trkpt lat="45.112250000" lon="4.544940000">
        <ele>1053.000</ele>
      </trkpt>
      <trkpt lat="45.112310000" lon="4.544980000">
        <ele>1053.000</ele>
      </trkpt>
      <trkpt lat="45.112370000" lon="4.545000000">
        <ele>1053.000</ele>
      </trkpt>
      <trkpt lat="45.112440000" lon="4.545010000">
        <ele>1054.000</ele>
      </trkpt>
      <trkpt lat="45.112500000" lon="4.544980000">
        <ele>1054.000</ele>
      </trkpt>
      <trkpt lat="45.112550000" lon="4.544950000">
        <ele>1055.000</ele>
      </trkpt>
      <trkpt lat="45.112590000" lon="4.544910000">
        <ele>1056.000</ele>
      </trkpt>
      <trkpt lat="45.112750000" lon="4.544680000">
        <ele>1057.000</ele>
      </trkpt>
      <trkpt lat="45.112970000" lon="4.544310000">
        <ele>1060.000</ele>
      </trkpt>
      <trkpt lat="45.113090000" lon="4.544150000">
        <ele>1062.000</ele>
      </trkpt>
      <trkpt lat="45.113200000" lon="4.544040000">
        <ele>1065.000</ele>
      </trkpt>
      <trkpt lat="45.113300000" lon="4.543940000">
        <ele>1067.000</ele>
      </trkpt>
      <trkpt lat="45.113430000" lon="4.543850000">
        <ele>1069.000</ele>
      </trkpt>
      <trkpt lat="45.113650000" lon="4.543720000">
        <ele>1072.000</ele>
      </trkpt>
      <trkpt lat="45.113800000" lon="4.543660000">
        <ele>1074.000</ele>
      </trkpt>
      <trkpt lat="45.114030000" lon="4.543590000">
        <ele>1077.000</ele>
      </trkpt>
      <trkpt lat="45.114210000" lon="4.543560000">
        <ele>1079.000</ele>
      </trkpt>
      <trkpt lat="45.114330000" lon="4.543560000">
        <ele>1080.000</ele>
      </trkpt>
      <trkpt lat="45.114420000" lon="4.543580000">
        <ele>1081.000</ele>
      </trkpt>
      <trkpt lat="45.114520000" lon="4.543610000">
        <ele>1081.000</ele>
      </trkpt>
      <trkpt lat="45.114650000" lon="4.543680000">
        <ele>1081.000</ele>
      </trkpt>
      <trkpt lat="45.114900000" lon="4.543800000">
        <ele>1081.000</ele>
      </trkpt>
      <trkpt lat="45.114990000" lon="4.543820000">
        <ele>1081.000</ele>
      </trkpt>
      <trkpt lat="45.115070000" lon="4.543830000">
        <ele>1081.000</ele>
      </trkpt>
      <trkpt lat="45.115140000" lon="4.543820000">
        <ele>1081.000</ele>
      </trkpt>
      <trkpt lat="45.115220000" lon="4.543810000">
        <ele>1081.000</ele>
      </trkpt>
      <trkpt lat="45.115290000" lon="4.543780000">
        <ele>1081.000</ele>
      </trkpt>
      <trkpt lat="45.115380000" lon="4.543710000">
        <ele>1081.000</ele>
      </trkpt>
      <trkpt lat="45.115510000" lon="4.543580000">
        <ele>1081.000</ele>
      </trkpt>
      <trkpt lat="45.115960000" lon="4.543060000">
        <ele>1080.000</ele>
      </trkpt>
      <trkpt lat="45.116030000" lon="4.542990000">
        <ele>1080.000</ele>
      </trkpt>
      <trkpt lat="45.116050000" lon="4.542980000">
        <ele>1080.000</ele>
      </trkpt>
      <trkpt lat="45.116170000" lon="4.542890000">
        <ele>1079.000</ele>
      </trkpt>
      <trkpt lat="45.116270000" lon="4.542840000">
        <ele>1079.000</ele>
      </trkpt>
      <trkpt lat="45.116770000" lon="4.542780000">
        <ele>1078.000</ele>
      </trkpt>
      <trkpt lat="45.116840000" lon="4.542770000">
        <ele>1078.000</ele>
      </trkpt>
      <trkpt lat="45.116980000" lon="4.542730000">
        <ele>1077.000</ele>
      </trkpt>
      <trkpt lat="45.117020000" lon="4.542700000">
        <ele>1077.000</ele>
      </trkpt>
      <trkpt lat="45.117070000" lon="4.542660000">
        <ele>1076.000</ele>
      </trkpt>
      <trkpt lat="45.117090000" lon="4.542640000">
        <ele>1076.000</ele>
      </trkpt>
      <trkpt lat="45.117130000" lon="4.542600000">
        <ele>1076.000</ele>
      </trkpt>
      <trkpt lat="45.117170000" lon="4.542510000">
        <ele>1076.000</ele>
      </trkpt>
      <trkpt lat="45.117200000" lon="4.542440000">
        <ele>1076.000</ele>
      </trkpt>
      <trkpt lat="45.117220000" lon="4.542330000">
        <ele>1075.000</ele>
      </trkpt>
      <trkpt lat="45.117240000" lon="4.542180000">
        <ele>1075.000</ele>
      </trkpt>
      <trkpt lat="45.117250000" lon="4.541990000">
        <ele>1075.000</ele>
      </trkpt>
      <trkpt lat="45.117240000" lon="4.541690000">
        <ele>1074.000</ele>
      </trkpt>
      <trkpt lat="45.117230000" lon="4.541300000">
        <ele>1074.000</ele>
      </trkpt>
      <trkpt lat="45.117230000" lon="4.541280000">
        <ele>1075.000</ele>
      </trkpt>
      <trkpt lat="45.117230000" lon="4.541260000">
        <ele>1075.000</ele>
      </trkpt>
      <trkpt lat="45.117210000" lon="4.540700000">
        <ele>1075.000</ele>
      </trkpt>
      <trkpt lat="45.117190000" lon="4.540090000">
        <ele>1076.000</ele>
      </trkpt>
      <trkpt lat="45.117180000" lon="4.539920000">
        <ele>1077.000</ele>
      </trkpt>
      <trkpt lat="45.117160000" lon="4.539780000">
        <ele>1078.000</ele>
      </trkpt>
      <trkpt lat="45.117110000" lon="4.539600000">
        <ele>1079.000</ele>
      </trkpt>
      <trkpt lat="45.117080000" lon="4.539510000">
        <ele>1079.000</ele>
      </trkpt>
      <trkpt lat="45.116960000" lon="4.539150000">
        <ele>1080.000</ele>
      </trkpt>
      <trkpt lat="45.116910000" lon="4.538950000">
        <ele>1081.000</ele>
      </trkpt>
      <trkpt lat="45.116800000" lon="4.538600000">
        <ele>1081.000</ele>
      </trkpt>
      <trkpt lat="45.116740000" lon="4.538360000">
        <ele>1082.000</ele>
      </trkpt>
      <trkpt lat="45.116700000" lon="4.538160000">
        <ele>1082.000</ele>
      </trkpt>
      <trkpt lat="45.116690000" lon="4.537980000">
        <ele>1083.000</ele>
      </trkpt>
      <trkpt lat="45.116700000" lon="4.537790000">
        <ele>1083.000</ele>
      </trkpt>
      <trkpt lat="45.116740000" lon="4.537570000">
        <ele>1083.000</ele>
      </trkpt>
      <trkpt lat="45.116820000" lon="4.537230000">
        <ele>1084.000</ele>
      </trkpt>
      <trkpt lat="45.116890000" lon="4.537010000">
        <ele>1084.000</ele>
      </trkpt>
      <trkpt lat="45.116970000" lon="4.536800000">
        <ele>1084.000</ele>
      </trkpt>
      <trkpt lat="45.117090000" lon="4.536600000">
        <ele>1085.000</ele>
      </trkpt>
      <trkpt lat="45.117180000" lon="4.536500000">
        <ele>1085.000</ele>
      </trkpt>
      <trkpt lat="45.117320000" lon="4.536380000">
        <ele>1085.000</ele>
      </trkpt>
      <trkpt lat="45.117430000" lon="4.536310000">
        <ele>1085.000</ele>
      </trkpt>
      <trkpt lat="45.117590000" lon="4.536230000">
        <ele>1085.000</ele>
      </trkpt>
      <trkpt lat="45.117720000" lon="4.536180000">
        <ele>1085.000</ele>
      </trkpt>
      <trkpt lat="45.117840000" lon="4.536180000">
        <ele>1085.000</ele>
      </trkpt>
      <trkpt lat="45.117970000" lon="4.536150000">
        <ele>1085.000</ele>
      </trkpt>
      <trkpt lat="45.118200000" lon="4.536060000">
        <ele>1085.000</ele>
      </trkpt>
      <trkpt lat="45.118270000" lon="4.536030000">
        <ele>1085.000</ele>
      </trkpt>
      <trkpt lat="45.118390000" lon="4.535990000">
        <ele>1085.000</ele>
      </trkpt>
      <trkpt lat="45.118510000" lon="4.535960000">
        <ele>1085.000</ele>
      </trkpt>
      <trkpt lat="45.118690000" lon="4.535890000">
        <ele>1085.000</ele>
      </trkpt>
      <trkpt lat="45.118960000" lon="4.535780000">
        <ele>1085.000</ele>
      </trkpt>
      <trkpt lat="45.119100000" lon="4.535720000">
        <ele>1085.000</ele>
      </trkpt>
      <trkpt lat="45.119220000" lon="4.535450000">
        <ele>1084.000</ele>
      </trkpt>
      <trkpt lat="45.119350000" lon="4.535250000">
        <ele>1084.000</ele>
      </trkpt>
      <trkpt lat="45.119410000" lon="4.535200000">
        <ele>1084.000</ele>
      </trkpt>
      <trkpt lat="45.119500000" lon="4.535140000">
        <ele>1084.000</ele>
      </trkpt>
      <trkpt lat="45.119600000" lon="4.535080000">
        <ele>1084.000</ele>
      </trkpt>
      <trkpt lat="45.119900000" lon="4.534930000">
        <ele>1084.000</ele>
      </trkpt>
      <trkpt lat="45.120010000" lon="4.534880000">
        <ele>1084.000</ele>
      </trkpt>
      <trkpt lat="45.120140000" lon="4.534790000">
        <ele>1083.000</ele>
      </trkpt>
      <trkpt lat="45.120200000" lon="4.534740000">
        <ele>1083.000</ele>
      </trkpt>
      <trkpt lat="45.120250000" lon="4.534680000">
        <ele>1083.000</ele>
      </trkpt>
      <trkpt lat="45.120330000" lon="4.534580000">
        <ele>1083.000</ele>
      </trkpt>
      <trkpt lat="45.120420000" lon="4.534460000">
        <ele>1083.000</ele>
      </trkpt>
      <trkpt lat="45.120500000" lon="4.534320000">
        <ele>1083.000</ele>
      </trkpt>
      <trkpt lat="45.120600000" lon="4.534070000">
        <ele>1083.000</ele>
      </trkpt>
      <trkpt lat="45.120730000" lon="4.533650000">
        <ele>1084.000</ele>
      </trkpt>
      <trkpt lat="45.120750000" lon="4.533560000">
        <ele>1084.000</ele>
      </trkpt>
      <trkpt lat="45.120760000" lon="4.533470000">
        <ele>1085.000</ele>
      </trkpt>
      <trkpt lat="45.120750000" lon="4.533400000">
        <ele>1086.000</ele>
      </trkpt>
      <trkpt lat="45.120740000" lon="4.533340000">
        <ele>1086.000</ele>
      </trkpt>
      <trkpt lat="45.120710000" lon="4.533280000">
        <ele>1086.000</ele>
      </trkpt>
      <trkpt lat="45.120620000" lon="4.533180000">
        <ele>1087.000</ele>
      </trkpt>
      <trkpt lat="45.120560000" lon="4.533060000">
        <ele>1087.000</ele>
      </trkpt>
      <trkpt lat="45.120540000" lon="4.533030000">
        <ele>1088.000</ele>
      </trkpt>
      <trkpt lat="45.120480000" lon="4.532940000">
        <ele>1088.000</ele>
      </trkpt>
      <trkpt lat="45.120430000" lon="4.532880000">
        <ele>1088.000</ele>
      </trkpt>
      <trkpt lat="45.120270000" lon="4.532740000">
        <ele>1089.000</ele>
      </trkpt>
      <trkpt lat="45.120220000" lon="4.532680000">
        <ele>1089.000</ele>
      </trkpt>
      <trkpt lat="45.120180000" lon="4.532610000">
        <ele>1090.000</ele>
      </trkpt>
      <trkpt lat="45.120130000" lon="4.532480000">
        <ele>1090.000</ele>
      </trkpt>
      <trkpt lat="45.120110000" lon="4.532380000">
        <ele>1091.000</ele>
      </trkpt>
      <trkpt lat="45.120100000" lon="4.532300000">
        <ele>1091.000</ele>
      </trkpt>
      <trkpt lat="45.120110000" lon="4.532230000">
        <ele>1092.000</ele>
      </trkpt>
      <trkpt lat="45.120120000" lon="4.532160000">
        <ele>1092.000</ele>
      </trkpt>
      <trkpt lat="45.120140000" lon="4.532090000">
        <ele>1092.000</ele>
      </trkpt>
      <trkpt lat="45.120170000" lon="4.532020000">
        <ele>1093.000</ele>
      </trkpt>
      <trkpt lat="45.120220000" lon="4.531940000">
        <ele>1093.000</ele>
      </trkpt>
      <trkpt lat="45.120320000" lon="4.531840000">
        <ele>1094.000</ele>
      </trkpt>
      <trkpt lat="45.120660000" lon="4.531560000">
        <ele>1095.000</ele>
      </trkpt>
      <trkpt lat="45.120760000" lon="4.531470000">
        <ele>1096.000</ele>
      </trkpt>
      <trkpt lat="45.120820000" lon="4.531410000">
        <ele>1097.000</ele>
      </trkpt>
      <trkpt lat="45.120870000" lon="4.531340000">
        <ele>1098.000</ele>
      </trkpt>
      <trkpt lat="45.120950000" lon="4.531210000">
        <ele>1099.000</ele>
      </trkpt>
      <trkpt lat="45.121020000" lon="4.531070000">
        <ele>1100.000</ele>
      </trkpt>
      <trkpt lat="45.121220000" lon="4.530390000">
        <ele>1102.000</ele>
      </trkpt>
      <trkpt lat="45.121250000" lon="4.530200000">
        <ele>1103.000</ele>
      </trkpt>
      <trkpt lat="45.121300000" lon="4.529880000">
        <ele>1105.000</ele>
      </trkpt>
      <trkpt lat="45.121350000" lon="4.529570000">
        <ele>1107.000</ele>
      </trkpt>
      <trkpt lat="45.121380000" lon="4.529400000">
        <ele>1108.000</ele>
      </trkpt>
      <trkpt lat="45.121380000" lon="4.529360000">
        <ele>1109.000</ele>
      </trkpt>
      <trkpt lat="45.121430000" lon="4.529150000">
        <ele>1110.000</ele>
      </trkpt>
      <trkpt lat="45.121470000" lon="4.529000000">
        <ele>1111.000</ele>
      </trkpt>
      <trkpt lat="45.121540000" lon="4.528810000">
        <ele>1112.000</ele>
      </trkpt>
      <trkpt lat="45.121690000" lon="4.528460000">
        <ele>1113.000</ele>
      </trkpt>
      <trkpt lat="45.121760000" lon="4.528280000">
        <ele>1115.000</ele>
      </trkpt>
      <trkpt lat="45.121820000" lon="4.528120000">
        <ele>1116.000</ele>
      </trkpt>
      <trkpt lat="45.121880000" lon="4.527920000">
        <ele>1117.000</ele>
      </trkpt>
      <trkpt lat="45.121930000" lon="4.527720000">
        <ele>1118.000</ele>
      </trkpt>
      <trkpt lat="45.121970000" lon="4.527620000">
        <ele>1119.000</ele>
      </trkpt>
      <trkpt lat="45.122020000" lon="4.527520000">
        <ele>1120.000</ele>
      </trkpt>
      <trkpt lat="45.122080000" lon="4.527440000">
        <ele>1121.000</ele>
      </trkpt>
      <trkpt lat="45.122160000" lon="4.527390000">
        <ele>1122.000</ele>
      </trkpt>
      <trkpt lat="45.122290000" lon="4.527350000">
        <ele>1122.000</ele>
      </trkpt>
      <trkpt lat="45.122720000" lon="4.527280000">
        <ele>1124.000</ele>
      </trkpt>
      <trkpt lat="45.123020000" lon="4.527220000">
        <ele>1126.000</ele>
      </trkpt>
      <trkpt lat="45.123280000" lon="4.527170000">
        <ele>1128.000</ele>
      </trkpt>
      <trkpt lat="45.123340000" lon="4.527160000">
        <ele>1129.000</ele>
      </trkpt>
      <trkpt lat="45.123390000" lon="4.527150000">
        <ele>1130.000</ele>
      </trkpt>
      <trkpt lat="45.123500000" lon="4.527100000">
        <ele>1131.000</ele>
      </trkpt>
      <trkpt lat="45.123990000" lon="4.526810000">
        <ele>1133.000</ele>
      </trkpt>
      <trkpt lat="45.124100000" lon="4.526740000">
        <ele>1135.000</ele>
      </trkpt>
      <trkpt lat="45.124230000" lon="4.526650000">
        <ele>1136.000</ele>
      </trkpt>
      <trkpt lat="45.124410000" lon="4.526500000">
        <ele>1138.000</ele>
      </trkpt>
      <trkpt lat="45.124530000" lon="4.526390000">
        <ele>1139.000</ele>
      </trkpt>
      <trkpt lat="45.124630000" lon="4.526250000">
        <ele>1140.000</ele>
      </trkpt>
      <trkpt lat="45.125130000" lon="4.525600000">
        <ele>1142.000</ele>
      </trkpt>
      <trkpt lat="45.125280000" lon="4.525430000">
        <ele>1144.000</ele>
      </trkpt>
      <trkpt lat="45.125360000" lon="4.525340000">
        <ele>1145.000</ele>
      </trkpt>
      <trkpt lat="45.125460000" lon="4.525280000">
        <ele>1146.000</ele>
      </trkpt>
      <trkpt lat="45.125740000" lon="4.525150000">
        <ele>1147.000</ele>
      </trkpt>
      <trkpt lat="45.126420000" lon="4.524890000">
        <ele>1149.000</ele>
      </trkpt>
      <trkpt lat="45.126620000" lon="4.524800000">
        <ele>1151.000</ele>
      </trkpt>
      <trkpt lat="45.126780000" lon="4.524690000">
        <ele>1152.000</ele>
      </trkpt>
      <trkpt lat="45.127270000" lon="4.524360000">
        <ele>1154.000</ele>
      </trkpt>
      <trkpt lat="45.127360000" lon="4.524310000">
        <ele>1155.000</ele>
      </trkpt>
      <trkpt lat="45.127450000" lon="4.524280000">
        <ele>1156.000</ele>
      </trkpt>
      <trkpt lat="45.127550000" lon="4.524270000">
        <ele>1157.000</ele>
      </trkpt>
      <trkpt lat="45.127660000" lon="4.524280000">
        <ele>1158.000</ele>
      </trkpt>
      <trkpt lat="45.127760000" lon="4.524320000">
        <ele>1158.000</ele>
      </trkpt>
      <trkpt lat="45.127840000" lon="4.524350000">
        <ele>1158.000</ele>
      </trkpt>
      <trkpt lat="45.127870000" lon="4.524370000">
        <ele>1159.000</ele>
      </trkpt>
      <trkpt lat="45.127870000" lon="4.524370000">
        <ele>1159.000</ele>
      </trkpt>
      <trkpt lat="45.127960000" lon="4.524420000">
        <ele>1159.000</ele>
      </trkpt>
      <trkpt lat="45.128110000" lon="4.524540000">
        <ele>1160.000</ele>
      </trkpt>
      <trkpt lat="45.128200000" lon="4.524630000">
        <ele>1160.000</ele>
      </trkpt>
      <trkpt lat="45.128280000" lon="4.524720000">
        <ele>1160.000</ele>
      </trkpt>
      <trkpt lat="45.128380000" lon="4.524840000">
        <ele>1161.000</ele>
      </trkpt>
      <trkpt lat="45.128440000" lon="4.524930000">
        <ele>1161.000</ele>
      </trkpt>
      <trkpt lat="45.128490000" lon="4.525040000">
        <ele>1161.000</ele>
      </trkpt>
      <trkpt lat="45.128520000" lon="4.525150000">
        <ele>1162.000</ele>
      </trkpt>
      <trkpt lat="45.128530000" lon="4.525240000">
        <ele>1162.000</ele>
      </trkpt>
      <trkpt lat="45.128530000" lon="4.525380000">
        <ele>1162.000</ele>
      </trkpt>
      <trkpt lat="45.128530000" lon="4.525490000">
        <ele>1162.000</ele>
      </trkpt>
      <trkpt lat="45.128440000" lon="4.526210000">
        <ele>1163.000</ele>
      </trkpt>
      <trkpt lat="45.128410000" lon="4.526400000">
        <ele>1164.000</ele>
      </trkpt>
      <trkpt lat="45.128400000" lon="4.526590000">
        <ele>1165.000</ele>
      </trkpt>
      <trkpt lat="45.128400000" lon="4.526750000">
        <ele>1165.000</ele>
      </trkpt>
      <trkpt lat="45.128410000" lon="4.526890000">
        <ele>1166.000</ele>
      </trkpt>
      <trkpt lat="45.128440000" lon="4.527020000">
        <ele>1166.000</ele>
      </trkpt>
      <trkpt lat="45.128470000" lon="4.527140000">
        <ele>1167.000</ele>
      </trkpt>
      <trkpt lat="45.128510000" lon="4.527230000">
        <ele>1167.000</ele>
      </trkpt>
      <trkpt lat="45.128570000" lon="4.527350000">
        <ele>1168.000</ele>
      </trkpt>
      <trkpt lat="45.128640000" lon="4.527450000">
        <ele>1168.000</ele>
      </trkpt>
      <trkpt lat="45.128740000" lon="4.527530000">
        <ele>1169.000</ele>
      </trkpt>
      <trkpt lat="45.128830000" lon="4.527600000">
        <ele>1170.000</ele>
      </trkpt>
      <trkpt lat="45.128960000" lon="4.527660000">
        <ele>1170.000</ele>
      </trkpt>
      <trkpt lat="45.129170000" lon="4.527720000">
        <ele>1171.000</ele>
      </trkpt>
      <trkpt lat="45.129570000" lon="4.527720000">
        <ele>1172.000</ele>
      </trkpt>
      <trkpt lat="45.129720000" lon="4.527720000">
        <ele>1173.000</ele>
      </trkpt>
      <trkpt lat="45.129830000" lon="4.527730000">
        <ele>1174.000</ele>
      </trkpt>
      <trkpt lat="45.129970000" lon="4.527750000">
        <ele>1175.000</ele>
      </trkpt>
      <trkpt lat="45.130140000" lon="4.527800000">
        <ele>1175.000</ele>
      </trkpt>
      <trkpt lat="45.130260000" lon="4.527850000">
        <ele>1176.000</ele>
      </trkpt>
      <trkpt lat="45.130730000" lon="4.528060000">
        <ele>1177.000</ele>
      </trkpt>
      <trkpt lat="45.130850000" lon="4.528100000">
        <ele>1178.000</ele>
      </trkpt>
      <trkpt lat="45.130940000" lon="4.528110000">
        <ele>1179.000</ele>
      </trkpt>
      <trkpt lat="45.131010000" lon="4.528100000">
        <ele>1180.000</ele>
      </trkpt>
      <trkpt lat="45.131080000" lon="4.528070000">
        <ele>1180.000</ele>
      </trkpt>
      <trkpt lat="45.131150000" lon="4.528030000">
        <ele>1181.000</ele>
      </trkpt>
      <trkpt lat="45.131210000" lon="4.527970000">
        <ele>1181.000</ele>
      </trkpt>
      <trkpt lat="45.131260000" lon="4.527900000">
        <ele>1181.000</ele>
      </trkpt>
      <trkpt lat="45.131310000" lon="4.527800000">
        <ele>1182.000</ele>
      </trkpt>
      <trkpt lat="45.131410000" lon="4.527540000">
        <ele>1182.000</ele>
      </trkpt>
      <trkpt lat="45.131480000" lon="4.527290000">
        <ele>1183.000</ele>
      </trkpt>
      <trkpt lat="45.131530000" lon="4.527120000">
        <ele>1184.000</ele>
      </trkpt>
      <trkpt lat="45.131620000" lon="4.526880000">
        <ele>1185.000</ele>
      </trkpt>
      <trkpt lat="45.131710000" lon="4.526700000">
        <ele>1185.000</ele>
      </trkpt>
      <trkpt lat="45.131800000" lon="4.526570000">
        <ele>1186.000</ele>
      </trkpt>
      <trkpt lat="45.131870000" lon="4.526500000">
        <ele>1187.000</ele>
      </trkpt>
      <trkpt lat="45.131920000" lon="4.526450000">
        <ele>1187.000</ele>
      </trkpt>
      <trkpt lat="45.132010000" lon="4.526410000">
        <ele>1188.000</ele>
      </trkpt>
      <trkpt lat="45.132100000" lon="4.526380000">
        <ele>1188.000</ele>
      </trkpt>
      <trkpt lat="45.132200000" lon="4.526370000">
        <ele>1189.000</ele>
      </trkpt>
      <trkpt lat="45.132310000" lon="4.526370000">
        <ele>1189.000</ele>
      </trkpt>
      <trkpt lat="45.132400000" lon="4.526390000">
        <ele>1190.000</ele>
      </trkpt>
      <trkpt lat="45.132560000" lon="4.526440000">
        <ele>1190.000</ele>
      </trkpt>
      <trkpt lat="45.132680000" lon="4.526490000">
        <ele>1191.000</ele>
      </trkpt>
      <trkpt lat="45.132760000" lon="4.526530000">
        <ele>1191.000</ele>
      </trkpt>
      <trkpt lat="45.132960000" lon="4.526620000">
        <ele>1191.000</ele>
      </trkpt>
      <trkpt lat="45.133210000" lon="4.526700000">
        <ele>1192.000</ele>
      </trkpt>
      <trkpt lat="45.133490000" lon="4.526760000">
        <ele>1192.000</ele>
      </trkpt>
      <trkpt lat="45.133720000" lon="4.526790000">
        <ele>1192.000</ele>
      </trkpt>
      <trkpt lat="45.133960000" lon="4.526800000">
        <ele>1193.000</ele>
      </trkpt>
      <trkpt lat="45.134120000" lon="4.526790000">
        <ele>1193.000</ele>
      </trkpt>
      <trkpt lat="45.134350000" lon="4.526740000">
        <ele>1193.000</ele>
      </trkpt>
      <trkpt lat="45.134530000" lon="4.526680000">
        <ele>1193.000</ele>
      </trkpt>
      <trkpt lat="45.134670000" lon="4.526600000">
        <ele>1194.000</ele>
      </trkpt>
      <trkpt lat="45.134800000" lon="4.526510000">
        <ele>1194.000</ele>
      </trkpt>
      <trkpt lat="45.134980000" lon="4.526420000">
        <ele>1194.000</ele>
      </trkpt>
      <trkpt lat="45.135170000" lon="4.526350000">
        <ele>1195.000</ele>
      </trkpt>
      <trkpt lat="45.135350000" lon="4.526300000">
        <ele>1195.000</ele>
      </trkpt>
      <trkpt lat="45.135550000" lon="4.526250000">
        <ele>1195.000</ele>
      </trkpt>
      <trkpt lat="45.135820000" lon="4.526200000">
        <ele>1196.000</ele>
      </trkpt>
      <trkpt lat="45.136040000" lon="4.526160000">
        <ele>1196.000</ele>
      </trkpt>
      <trkpt lat="45.136250000" lon="4.526140000">
        <ele>1197.000</ele>
      </trkpt>
      <trkpt lat="45.136390000" lon="4.526140000">
        <ele>1197.000</ele>
      </trkpt>
      <trkpt lat="45.136550000" lon="4.526150000">
        <ele>1198.000</ele>
      </trkpt>
      <trkpt lat="45.136740000" lon="4.526190000">
        <ele>1199.000</ele>
      </trkpt>
      <trkpt lat="45.136910000" lon="4.526230000">
        <ele>1200.000</ele>
      </trkpt>
      <trkpt lat="45.137070000" lon="4.526280000">
        <ele>1201.000</ele>
      </trkpt>
      <trkpt lat="45.137300000" lon="4.526370000">
        <ele>1203.000</ele>
      </trkpt>
      <trkpt lat="45.137430000" lon="4.526440000">
        <ele>1204.000</ele>
      </trkpt>
      <trkpt lat="45.137550000" lon="4.526450000">
        <ele>1205.000</ele>
      </trkpt>
      <trkpt lat="45.137640000" lon="4.526450000">
        <ele>1206.000</ele>
      </trkpt>
      <trkpt lat="45.137720000" lon="4.526420000">
        <ele>1207.000</ele>
      </trkpt>
      <trkpt lat="45.137790000" lon="4.526380000">
        <ele>1207.000</ele>
      </trkpt>
      <trkpt lat="45.137830000" lon="4.526340000">
        <ele>1208.000</ele>
      </trkpt>
      <trkpt lat="45.138090000" lon="4.526070000">
        <ele>1209.000</ele>
      </trkpt>
      <trkpt lat="45.138260000" lon="4.525900000">
        <ele>1210.000</ele>
      </trkpt>
      <trkpt lat="45.138410000" lon="4.525680000">
        <ele>1212.000</ele>
      </trkpt>
      <trkpt lat="45.138540000" lon="4.525450000">
        <ele>1213.000</ele>
      </trkpt>
      <trkpt lat="45.138670000" lon="4.525220000">
        <ele>1215.000</ele>
      </trkpt>
      <trkpt lat="45.138850000" lon="4.524910000">
        <ele>1217.000</ele>
      </trkpt>
      <trkpt lat="45.138990000" lon="4.524640000">
        <ele>1218.000</ele>
      </trkpt>
      <trkpt lat="45.139090000" lon="4.524410000">
        <ele>1220.000</ele>
      </trkpt>
      <trkpt lat="45.139210000" lon="4.524140000">
        <ele>1222.000</ele>
      </trkpt>
      <trkpt lat="45.139340000" lon="4.523790000">
        <ele>1224.000</ele>
      </trkpt>
      <trkpt lat="45.139410000" lon="4.523560000">
        <ele>1225.000</ele>
      </trkpt>
      <trkpt lat="45.139470000" lon="4.523290000">
        <ele>1227.000</ele>
      </trkpt>
      <trkpt lat="45.139610000" lon="4.522520000">
        <ele>1228.000</ele>
      </trkpt>
      <trkpt lat="45.139680000" lon="4.522130000">
        <ele>1230.000</ele>
      </trkpt>
      <trkpt lat="45.139800000" lon="4.521620000">
        <ele>1232.000</ele>
      </trkpt>
      <trkpt lat="45.139860000" lon="4.521410000">
        <ele>1233.000</ele>
      </trkpt>
      <trkpt lat="45.139920000" lon="4.521210000">
        <ele>1234.000</ele>
      </trkpt>
      <trkpt lat="45.140000000" lon="4.521040000">
        <ele>1235.000</ele>
      </trkpt>
      <trkpt lat="45.140130000" lon="4.520820000">
        <ele>1235.000</ele>
      </trkpt>
      <trkpt lat="45.140270000" lon="4.520630000">
        <ele>1235.000</ele>
      </trkpt>
      <trkpt lat="45.140440000" lon="4.520410000">
        <ele>1235.000</ele>
      </trkpt>
      <trkpt lat="45.140690000" lon="4.520170000">
        <ele>1234.000</ele>
      </trkpt>
      <trkpt lat="45.141090000" lon="4.519790000">
        <ele>1234.000</ele>
      </trkpt>
      <trkpt lat="45.141520000" lon="4.519370000">
        <ele>1233.000</ele>
      </trkpt>
      <trkpt lat="45.141740000" lon="4.519130000">
        <ele>1232.000</ele>
      </trkpt>
      <trkpt lat="45.141890000" lon="4.518960000">
        <ele>1232.000</ele>
      </trkpt>
      <trkpt lat="45.142070000" lon="4.518710000">
        <ele>1232.000</ele>
      </trkpt>
      <trkpt lat="45.142770000" lon="4.517670000">
        <ele>1232.000</ele>
      </trkpt>
      <trkpt lat="45.142900000" lon="4.517530000">
        <ele>1232.000</ele>
      </trkpt>
      <trkpt lat="45.143060000" lon="4.517300000">
        <ele>1232.000</ele>
      </trkpt>
      <trkpt lat="45.143300000" lon="4.517010000">
        <ele>1232.000</ele>
      </trkpt>
      <trkpt lat="45.143470000" lon="4.516830000">
        <ele>1232.000</ele>
      </trkpt>
      <trkpt lat="45.143620000" lon="4.516690000">
        <ele>1232.000</ele>
      </trkpt>
      <trkpt lat="45.143770000" lon="4.516570000">
        <ele>1232.000</ele>
      </trkpt>
      <trkpt lat="45.143930000" lon="4.516460000">
        <ele>1232.000</ele>
      </trkpt>
      <trkpt lat="45.144090000" lon="4.516390000">
        <ele>1232.000</ele>
      </trkpt>
      <trkpt lat="45.144280000" lon="4.516310000">
        <ele>1232.000</ele>
      </trkpt>
      <trkpt lat="45.144510000" lon="4.516250000">
        <ele>1232.000</ele>
      </trkpt>
      <trkpt lat="45.144800000" lon="4.516200000">
        <ele>1231.000</ele>
      </trkpt>
      <trkpt lat="45.145010000" lon="4.516170000">
        <ele>1231.000</ele>
      </trkpt>
      <trkpt lat="45.145230000" lon="4.516160000">
        <ele>1230.000</ele>
      </trkpt>
      <trkpt lat="45.145450000" lon="4.516160000">
        <ele>1229.000</ele>
      </trkpt>
      <trkpt lat="45.145660000" lon="4.516180000">
        <ele>1228.000</ele>
      </trkpt>
      <trkpt lat="45.145790000" lon="4.516200000">
        <ele>1227.000</ele>
      </trkpt>
      <trkpt lat="45.145850000" lon="4.516230000">
        <ele>1227.000</ele>
      </trkpt>
      <trkpt lat="45.145920000" lon="4.516280000">
        <ele>1226.000</ele>
      </trkpt>
      <trkpt lat="45.146040000" lon="4.516370000">
        <ele>1226.000</ele>
      </trkpt>
      <trkpt lat="45.146170000" lon="4.516440000">
        <ele>1225.000</ele>
      </trkpt>
      <trkpt lat="45.146280000" lon="4.516470000">
        <ele>1225.000</ele>
      </trkpt>
      <trkpt lat="45.146380000" lon="4.516480000">
        <ele>1224.000</ele>
      </trkpt>
      <trkpt lat="45.146520000" lon="4.516460000">
        <ele>1223.000</ele>
      </trkpt>
      <trkpt lat="45.146680000" lon="4.516400000">
        <ele>1223.000</ele>
      </trkpt>
      <trkpt lat="45.146800000" lon="4.516350000">
        <ele>1222.000</ele>
      </trkpt>
      <trkpt lat="45.146940000" lon="4.516270000">
        <ele>1221.000</ele>
      </trkpt>
      <trkpt lat="45.147040000" lon="4.516190000">
        <ele>1221.000</ele>
      </trkpt>
      <trkpt lat="45.147160000" lon="4.516090000">
        <ele>1220.000</ele>
      </trkpt>
      <trkpt lat="45.147300000" lon="4.515940000">
        <ele>1219.000</ele>
      </trkpt>
      <trkpt lat="45.147410000" lon="4.515790000">
        <ele>1218.000</ele>
      </trkpt>
      <trkpt lat="45.147640000" lon="4.515460000">
        <ele>1217.000</ele>
      </trkpt>
      <trkpt lat="45.147770000" lon="4.515260000">
        <ele>1216.000</ele>
      </trkpt>
      <trkpt lat="45.147900000" lon="4.515000000">
        <ele>1215.000</ele>
      </trkpt>
      <trkpt lat="45.148030000" lon="4.514730000">
        <ele>1214.000</ele>
      </trkpt>
      <trkpt lat="45.148150000" lon="4.514450000">
        <ele>1214.000</ele>
      </trkpt>
      <trkpt lat="45.148250000" lon="4.514250000">
        <ele>1214.000</ele>
      </trkpt>
      <trkpt lat="45.148380000" lon="4.514030000">
        <ele>1215.000</ele>
      </trkpt>
      <trkpt lat="45.148530000" lon="4.513800000">
        <ele>1215.000</ele>
      </trkpt>
      <trkpt lat="45.148740000" lon="4.513460000">
        <ele>1216.000</ele>
      </trkpt>
      <trkpt lat="45.148820000" lon="4.513320000">
        <ele>1216.000</ele>
      </trkpt>
      <trkpt lat="45.148900000" lon="4.513120000">
        <ele>1217.000</ele>
      </trkpt>
      <trkpt lat="45.148940000" lon="4.512950000">
        <ele>1217.000</ele>
      </trkpt>
      <trkpt lat="45.148970000" lon="4.512770000">
        <ele>1218.000</ele>
      </trkpt>
      <trkpt lat="45.148980000" lon="4.512560000">
        <ele>1218.000</ele>
      </trkpt>
      <trkpt lat="45.148980000" lon="4.512360000">
        <ele>1218.000</ele>
      </trkpt>
      <trkpt lat="45.148950000" lon="4.512110000">
        <ele>1219.000</ele>
      </trkpt>
      <trkpt lat="45.148810000" lon="4.511410000">
        <ele>1219.000</ele>
      </trkpt>
      <trkpt lat="45.148790000" lon="4.511200000">
        <ele>1219.000</ele>
      </trkpt>
      <trkpt lat="45.148780000" lon="4.511010000">
        <ele>1220.000</ele>
      </trkpt>
      <trkpt lat="45.148790000" lon="4.510840000">
        <ele>1220.000</ele>
      </trkpt>
      <trkpt lat="45.148830000" lon="4.510560000">
        <ele>1220.000</ele>
      </trkpt>
      <trkpt lat="45.148840000" lon="4.510370000">
        <ele>1221.000</ele>
      </trkpt>
      <trkpt lat="45.148850000" lon="4.510030000">
        <ele>1221.000</ele>
      </trkpt>
      <trkpt lat="45.148850000" lon="4.509680000">
        <ele>1221.000</ele>
      </trkpt>
      <trkpt lat="45.148880000" lon="4.509320000">
        <ele>1222.000</ele>
      </trkpt>
      <trkpt lat="45.148910000" lon="4.509080000">
        <ele>1223.000</ele>
      </trkpt>
      <trkpt lat="45.148950000" lon="4.508780000">
        <ele>1223.000</ele>
      </trkpt>
      <trkpt lat="45.149070000" lon="4.508070000">
        <ele>1224.000</ele>
      </trkpt>
      <trkpt lat="45.149130000" lon="4.507690000">
        <ele>1225.000</ele>
      </trkpt>
      <trkpt lat="45.149140000" lon="4.507460000">
        <ele>1226.000</ele>
      </trkpt>
      <trkpt lat="45.149140000" lon="4.507260000">
        <ele>1227.000</ele>
      </trkpt>
      <trkpt lat="45.149140000" lon="4.507010000">
        <ele>1228.000</ele>
      </trkpt>
      <trkpt lat="45.149080000" lon="4.506480000">
        <ele>1230.000</ele>
      </trkpt>
      <trkpt lat="45.149040000" lon="4.505920000">
        <ele>1232.000</ele>
      </trkpt>
      <trkpt lat="45.149020000" lon="4.505580000">
        <ele>1234.000</ele>
      </trkpt>
      <trkpt lat="45.149020000" lon="4.505270000">
        <ele>1236.000</ele>
      </trkpt>
      <trkpt lat="45.149020000" lon="4.504700000">
        <ele>1238.000</ele>
      </trkpt>
      <trkpt lat="45.149000000" lon="4.504350000">
        <ele>1240.000</ele>
      </trkpt>
      <trkpt lat="45.148960000" lon="4.503890000">
        <ele>1241.000</ele>
      </trkpt>
      <trkpt lat="45.148870000" lon="4.503060000">
        <ele>1243.000</ele>
      </trkpt>
      <trkpt lat="45.148850000" lon="4.502870000">
        <ele>1244.000</ele>
      </trkpt>
      <trkpt lat="45.148850000" lon="4.502610000">
        <ele>1245.000</ele>
      </trkpt>
      <trkpt lat="45.148860000" lon="4.502410000">
        <ele>1246.000</ele>
      </trkpt>
      <trkpt lat="45.148870000" lon="4.502170000">
        <ele>1247.000</ele>
      </trkpt>
      <trkpt lat="45.148890000" lon="4.501960000">
        <ele>1247.000</ele>
      </trkpt>
      <trkpt lat="45.148940000" lon="4.501530000">
        <ele>1247.000</ele>
      </trkpt>
      <trkpt lat="45.148980000" lon="4.501180000">
        <ele>1247.000</ele>
      </trkpt>
      <trkpt lat="45.149020000" lon="4.500920000">
        <ele>1246.000</ele>
      </trkpt>
      <trkpt lat="45.149070000" lon="4.500730000">
        <ele>1246.000</ele>
      </trkpt>
      <trkpt lat="45.149140000" lon="4.500520000">
        <ele>1245.000</ele>
      </trkpt>
      <trkpt lat="45.149320000" lon="4.500130000">
        <ele>1244.000</ele>
      </trkpt>
      <trkpt lat="45.149630000" lon="4.499440000">
        <ele>1243.000</ele>
      </trkpt>
      <trkpt lat="45.149690000" lon="4.499250000">
        <ele>1241.000</ele>
      </trkpt>
      <trkpt lat="45.149750000" lon="4.499070000">
        <ele>1240.000</ele>
      </trkpt>
      <trkpt lat="45.149790000" lon="4.498910000">
        <ele>1238.000</ele>
      </trkpt>
      <trkpt lat="45.149820000" lon="4.498720000">
        <ele>1237.000</ele>
      </trkpt>
      <trkpt lat="45.149850000" lon="4.498500000">
        <ele>1235.000</ele>
      </trkpt>
      <trkpt lat="45.149860000" lon="4.498340000">
        <ele>1234.000</ele>
      </trkpt>
      <trkpt lat="45.149860000" lon="4.498250000">
        <ele>1233.000</ele>
      </trkpt>
      <trkpt lat="45.149860000" lon="4.498150000">
        <ele>1232.000</ele>
      </trkpt>
      <trkpt lat="45.149850000" lon="4.497920000">
        <ele>1231.000</ele>
      </trkpt>
      <trkpt lat="45.149820000" lon="4.497660000">
        <ele>1229.000</ele>
      </trkpt>
      <trkpt lat="45.149790000" lon="4.497490000">
        <ele>1228.000</ele>
      </trkpt>
      <trkpt lat="45.149730000" lon="4.497290000">
        <ele>1226.000</ele>
      </trkpt>
      <trkpt lat="45.149670000" lon="4.497110000">
        <ele>1225.000</ele>
      </trkpt>
      <trkpt lat="45.149520000" lon="4.496820000">
        <ele>1223.000</ele>
      </trkpt>
      <trkpt lat="45.149410000" lon="4.496560000">
        <ele>1221.000</ele>
      </trkpt>
      <trkpt lat="45.149340000" lon="4.496360000">
        <ele>1220.000</ele>
      </trkpt>
      <trkpt lat="45.149280000" lon="4.496170000">
        <ele>1219.000</ele>
      </trkpt>
      <trkpt lat="45.149230000" lon="4.495920000">
        <ele>1217.000</ele>
      </trkpt>
      <trkpt lat="45.149200000" lon="4.495700000">
        <ele>1216.000</ele>
      </trkpt>
      <trkpt lat="45.149180000" lon="4.495440000">
        <ele>1215.000</ele>
      </trkpt>
      <trkpt lat="45.149170000" lon="4.495140000">
        <ele>1214.000</ele>
      </trkpt>
      <trkpt lat="45.149190000" lon="4.494800000">
        <ele>1213.000</ele>
      </trkpt>
      <trkpt lat="45.149190000" lon="4.494570000">
        <ele>1211.000</ele>
      </trkpt>
      <trkpt lat="45.149180000" lon="4.494410000">
        <ele>1210.000</ele>
      </trkpt>
      <trkpt lat="45.149160000" lon="4.494280000">
        <ele>1209.000</ele>
      </trkpt>
      <trkpt lat="45.149090000" lon="4.493980000">
        <ele>1208.000</ele>
      </trkpt>
      <trkpt lat="45.149010000" lon="4.493760000">
        <ele>1207.000</ele>
      </trkpt>
      <trkpt lat="45.148630000" lon="4.493160000">
        <ele>1204.000</ele>
      </trkpt>
      <trkpt lat="45.148510000" lon="4.493030000">
        <ele>1202.000</ele>
      </trkpt>
      <trkpt lat="45.148430000" lon="4.492940000">
        <ele>1200.000</ele>
      </trkpt>
      <trkpt lat="45.148360000" lon="4.492830000">
        <ele>1199.000</ele>
      </trkpt>
      <trkpt lat="45.148320000" lon="4.492740000">
        <ele>1198.000</ele>
      </trkpt>
      <trkpt lat="45.148290000" lon="4.492610000">
        <ele>1196.000</ele>
      </trkpt>
      <trkpt lat="45.148280000" lon="4.492430000">
        <ele>1195.000</ele>
      </trkpt>
      <trkpt lat="45.148260000" lon="4.492020000">
        <ele>1194.000</ele>
      </trkpt>
      <trkpt lat="45.148240000" lon="4.491790000">
        <ele>1192.000</ele>
      </trkpt>
      <trkpt lat="45.148200000" lon="4.491570000">
        <ele>1190.000</ele>
      </trkpt>
      <trkpt lat="45.148130000" lon="4.491270000">
        <ele>1189.000</ele>
      </trkpt>
      <trkpt lat="45.148060000" lon="4.491080000">
        <ele>1187.000</ele>
      </trkpt>
      <trkpt lat="45.147990000" lon="4.490930000">
        <ele>1185.000</ele>
      </trkpt>
      <trkpt lat="45.147890000" lon="4.490770000">
        <ele>1184.000</ele>
      </trkpt>
      <trkpt lat="45.147670000" lon="4.490520000">
        <ele>1182.000</ele>
      </trkpt>
      <trkpt lat="45.147560000" lon="4.490430000">
        <ele>1180.000</ele>
      </trkpt>
      <trkpt lat="45.147330000" lon="4.490290000">
        <ele>1178.000</ele>
      </trkpt>
      <trkpt lat="45.147110000" lon="4.490220000">
        <ele>1176.000</ele>
      </trkpt>
      <trkpt lat="45.146840000" lon="4.490160000">
        <ele>1174.000</ele>
      </trkpt>
      <trkpt lat="45.146490000" lon="4.490120000">
        <ele>1173.000</ele>
      </trkpt>
      <trkpt lat="45.146120000" lon="4.490110000">
        <ele>1172.000</ele>
      </trkpt>
      <trkpt lat="45.145880000" lon="4.490100000">
        <ele>1171.000</ele>
      </trkpt>
      <trkpt lat="45.145640000" lon="4.490050000">
        <ele>1170.000</ele>
      </trkpt>
      <trkpt lat="45.145530000" lon="4.489980000">
        <ele>1169.000</ele>
      </trkpt>
      <trkpt lat="45.145370000" lon="4.489870000">
        <ele>1169.000</ele>
      </trkpt>
      <trkpt lat="45.145210000" lon="4.489750000">
        <ele>1168.000</ele>
      </trkpt>
      <trkpt lat="45.145060000" lon="4.489630000">
        <ele>1168.000</ele>
      </trkpt>
      <trkpt lat="45.144930000" lon="4.489460000">
        <ele>1168.000</ele>
      </trkpt>
      <trkpt lat="45.144810000" lon="4.489250000">
        <ele>1167.000</ele>
      </trkpt>
      <trkpt lat="45.144680000" lon="4.489080000">
        <ele>1167.000</ele>
      </trkpt>
      <trkpt lat="45.144560000" lon="4.488960000">
        <ele>1166.000</ele>
      </trkpt>
      <trkpt lat="45.144440000" lon="4.488900000">
        <ele>1166.000</ele>
      </trkpt>
      <trkpt lat="45.144320000" lon="4.488880000">
        <ele>1166.000</ele>
      </trkpt>
      <trkpt lat="45.144180000" lon="4.488900000">
        <ele>1166.000</ele>
      </trkpt>
      <trkpt lat="45.144080000" lon="4.488930000">
        <ele>1165.000</ele>
      </trkpt>
      <trkpt lat="45.143870000" lon="4.489010000">
        <ele>1165.000</ele>
      </trkpt>
      <trkpt lat="45.143700000" lon="4.489110000">
        <ele>1165.000</ele>
      </trkpt>
      <trkpt lat="45.143530000" lon="4.489220000">
        <ele>1164.000</ele>
      </trkpt>
      <trkpt lat="45.143430000" lon="4.489310000">
        <ele>1164.000</ele>
      </trkpt>
      <trkpt lat="45.143260000" lon="4.489400000">
        <ele>1163.000</ele>
      </trkpt>
      <trkpt lat="45.142940000" lon="4.489560000">
        <ele>1161.000</ele>
      </trkpt>
      <trkpt lat="45.142690000" lon="4.489650000">
        <ele>1159.000</ele>
      </trkpt>
      <trkpt lat="45.142440000" lon="4.489740000">
        <ele>1157.000</ele>
      </trkpt>
      <trkpt lat="45.142230000" lon="4.489760000">
        <ele>1155.000</ele>
      </trkpt>
      <trkpt lat="45.142020000" lon="4.489730000">
        <ele>1153.000</ele>
      </trkpt>
      <trkpt lat="45.141810000" lon="4.489650000">
        <ele>1151.000</ele>
      </trkpt>
      <trkpt lat="45.141610000" lon="4.489480000">
        <ele>1149.000</ele>
      </trkpt>
      <trkpt lat="45.141460000" lon="4.489310000">
        <ele>1147.000</ele>
      </trkpt>
      <trkpt lat="45.141380000" lon="4.489050000">
        <ele>1146.000</ele>
      </trkpt>
      <trkpt lat="45.141310000" lon="4.488660000">
        <ele>1144.000</ele>
      </trkpt>
      <trkpt lat="45.141280000" lon="4.488450000">
        <ele>1143.000</ele>
      </trkpt>
      <trkpt lat="45.141210000" lon="4.488280000">
        <ele>1142.000</ele>
      </trkpt>
      <trkpt lat="45.140710000" lon="4.487400000">
        <ele>1140.000</ele>
      </trkpt>
      <trkpt lat="45.140640000" lon="4.487180000">
        <ele>1139.000</ele>
      </trkpt>
      <trkpt lat="45.140610000" lon="4.486960000">
        <ele>1137.000</ele>
      </trkpt>
      <trkpt lat="45.140600000" lon="4.486700000">
        <ele>1135.000</ele>
      </trkpt>
      <trkpt lat="45.140610000" lon="4.486520000">
        <ele>1134.000</ele>
      </trkpt>
      <trkpt lat="45.140640000" lon="4.486330000">
        <ele>1133.000</ele>
      </trkpt>
      <trkpt lat="45.140750000" lon="4.485840000">
        <ele>1130.000</ele>
      </trkpt>
      <trkpt lat="45.140860000" lon="4.485500000">
        <ele>1128.000</ele>
      </trkpt>
      <trkpt lat="45.141040000" lon="4.485040000">
        <ele>1126.000</ele>
      </trkpt>
      <trkpt lat="45.141140000" lon="4.484850000">
        <ele>1123.000</ele>
      </trkpt>
      <trkpt lat="45.141200000" lon="4.484710000">
        <ele>1121.000</ele>
      </trkpt>
      <trkpt lat="45.141250000" lon="4.484580000">
        <ele>1120.000</ele>
      </trkpt>
      <trkpt lat="45.141280000" lon="4.484450000">
        <ele>1119.000</ele>
      </trkpt>
      <trkpt lat="45.141270000" lon="4.484320000">
        <ele>1118.000</ele>
      </trkpt>
      <trkpt lat="45.141260000" lon="4.484190000">
        <ele>1118.000</ele>
      </trkpt>
      <trkpt lat="45.141210000" lon="4.484030000">
        <ele>1118.000</ele>
      </trkpt>
      <trkpt lat="45.141140000" lon="4.483860000">
        <ele>1117.000</ele>
      </trkpt>
      <trkpt lat="45.140960000" lon="4.483590000">
        <ele>1117.000</ele>
      </trkpt>
      <trkpt lat="45.140850000" lon="4.483450000">
        <ele>1117.000</ele>
      </trkpt>
      <trkpt lat="45.140620000" lon="4.483220000">
        <ele>1117.000</ele>
      </trkpt>
      <trkpt lat="45.140500000" lon="4.483010000">
        <ele>1116.000</ele>
      </trkpt>
      <trkpt lat="45.140390000" lon="4.482800000">
        <ele>1116.000</ele>
      </trkpt>
      <trkpt lat="45.140280000" lon="4.482520000">
        <ele>1116.000</ele>
      </trkpt>
      <trkpt lat="45.140120000" lon="4.481980000">
        <ele>1116.000</ele>
      </trkpt>
      <trkpt lat="45.139870000" lon="4.481150000">
        <ele>1116.000</ele>
      </trkpt>
      <trkpt lat="45.139750000" lon="4.480530000">
        <ele>1117.000</ele>
      </trkpt>
      <trkpt lat="45.139730000" lon="4.480200000">
        <ele>1117.000</ele>
      </trkpt>
      <trkpt lat="45.139710000" lon="4.479960000">
        <ele>1118.000</ele>
      </trkpt>
      <trkpt lat="45.139730000" lon="4.479730000">
        <ele>1117.000</ele>
      </trkpt>
      <trkpt lat="45.139780000" lon="4.479530000">
        <ele>1117.000</ele>
      </trkpt>
      <trkpt lat="45.139850000" lon="4.479320000">
        <ele>1115.000</ele>
      </trkpt>
      <trkpt lat="45.139960000" lon="4.479070000">
        <ele>1114.000</ele>
      </trkpt>
      <trkpt lat="45.140070000" lon="4.478810000">
        <ele>1112.000</ele>
      </trkpt>
      <trkpt lat="45.140160000" lon="4.478550000">
        <ele>1110.000</ele>
      </trkpt>
      <trkpt lat="45.140240000" lon="4.478320000">
        <ele>1108.000</ele>
      </trkpt>
      <trkpt lat="45.140290000" lon="4.478090000">
        <ele>1106.000</ele>
      </trkpt>
      <trkpt lat="45.140330000" lon="4.477840000">
        <ele>1104.000</ele>
      </trkpt>
      <trkpt lat="45.140380000" lon="4.477340000">
        <ele>1101.000</ele>
      </trkpt>
      <trkpt lat="45.140420000" lon="4.477100000">
        <ele>1099.000</ele>
      </trkpt>
      <trkpt lat="45.140470000" lon="4.476910000">
        <ele>1098.000</ele>
      </trkpt>
      <trkpt lat="45.140600000" lon="4.476620000">
        <ele>1097.000</ele>
      </trkpt>
      <trkpt lat="45.140770000" lon="4.476220000">
        <ele>1096.000</ele>
      </trkpt>
      <trkpt lat="45.140840000" lon="4.476020000">
        <ele>1096.000</ele>
      </trkpt>
      <trkpt lat="45.140900000" lon="4.475810000">
        <ele>1095.000</ele>
      </trkpt>
      <trkpt lat="45.140980000" lon="4.475410000">
        <ele>1095.000</ele>
      </trkpt>
      <trkpt lat="45.141040000" lon="4.475210000">
        <ele>1094.000</ele>
      </trkpt>
      <trkpt lat="45.141170000" lon="4.474890000">
        <ele>1094.000</ele>
      </trkpt>
      <trkpt lat="45.141230000" lon="4.474710000">
        <ele>1094.000</ele>
      </trkpt>
      <trkpt lat="45.141280000" lon="4.474530000">
        <ele>1094.000</ele>
      </trkpt>
      <trkpt lat="45.141330000" lon="4.474280000">
        <ele>1094.000</ele>
      </trkpt>
      <trkpt lat="45.141380000" lon="4.473890000">
        <ele>1094.000</ele>
      </trkpt>
      <trkpt lat="45.141420000" lon="4.473550000">
        <ele>1095.000</ele>
      </trkpt>
      <trkpt lat="45.141460000" lon="4.473370000">
        <ele>1095.000</ele>
      </trkpt>
      <trkpt lat="45.141520000" lon="4.473230000">
        <ele>1095.000</ele>
      </trkpt>
      <trkpt lat="45.141610000" lon="4.473100000">
        <ele>1095.000</ele>
      </trkpt>
      <trkpt lat="45.141750000" lon="4.472960000">
        <ele>1096.000</ele>
      </trkpt>
      <trkpt lat="45.141980000" lon="4.472750000">
        <ele>1096.000</ele>
      </trkpt>
      <trkpt lat="45.142650000" lon="4.472100000">
        <ele>1096.000</ele>
      </trkpt>
      <trkpt lat="45.142790000" lon="4.471950000">
        <ele>1096.000</ele>
      </trkpt>
      <trkpt lat="45.142870000" lon="4.471810000">
        <ele>1097.000</ele>
      </trkpt>
      <trkpt lat="45.142940000" lon="4.471650000">
        <ele>1097.000</ele>
      </trkpt>
      <trkpt lat="45.143020000" lon="4.471470000">
        <ele>1097.000</ele>
      </trkpt>
      <trkpt lat="45.143070000" lon="4.471280000">
        <ele>1097.000</ele>
      </trkpt>
      <trkpt lat="45.143130000" lon="4.471080000">
        <ele>1097.000</ele>
      </trkpt>
      <trkpt lat="45.143170000" lon="4.470850000">
        <ele>1097.000</ele>
      </trkpt>
      <trkpt lat="45.143200000" lon="4.470560000">
        <ele>1098.000</ele>
      </trkpt>
      <trkpt lat="45.143190000" lon="4.470320000">
        <ele>1098.000</ele>
      </trkpt>
      <trkpt lat="45.143170000" lon="4.470160000">
        <ele>1099.000</ele>
      </trkpt>
      <trkpt lat="45.143120000" lon="4.470000000">
        <ele>1099.000</ele>
      </trkpt>
      <trkpt lat="45.143060000" lon="4.469860000">
        <ele>1100.000</ele>
      </trkpt>
      <trkpt lat="45.142960000" lon="4.469680000">
        <ele>1100.000</ele>
      </trkpt>
      <trkpt lat="45.142860000" lon="4.469500000">
        <ele>1101.000</ele>
      </trkpt>
      <trkpt lat="45.142810000" lon="4.469320000">
        <ele>1101.000</ele>
      </trkpt>
      <trkpt lat="45.142790000" lon="4.469130000">
        <ele>1102.000</ele>
      </trkpt>
      <trkpt lat="45.142790000" lon="4.468980000">
        <ele>1102.000</ele>
      </trkpt>
      <trkpt lat="45.142810000" lon="4.468760000">
        <ele>1103.000</ele>
      </trkpt>
      <trkpt lat="45.142860000" lon="4.468540000">
        <ele>1104.000</ele>
      </trkpt>
      <trkpt lat="45.142940000" lon="4.468370000">
        <ele>1104.000</ele>
      </trkpt>
      <trkpt lat="45.143100000" lon="4.468040000">
        <ele>1105.000</ele>
      </trkpt>
      <trkpt lat="45.143180000" lon="4.467860000">
        <ele>1105.000</ele>
      </trkpt>
      <trkpt lat="45.143230000" lon="4.467650000">
        <ele>1105.000</ele>
      </trkpt>
      <trkpt lat="45.143300000" lon="4.467270000">
        <ele>1105.000</ele>
      </trkpt>
      <trkpt lat="45.143300000" lon="4.467240000">
        <ele>1105.000</ele>
      </trkpt>
      <trkpt lat="45.143300000" lon="4.467240000">
        <ele>1105.000</ele>
      </trkpt>
      <trkpt lat="45.143470000" lon="4.466100000">
        <ele>1105.000</ele>
      </trkpt>
      <trkpt lat="45.143620000" lon="4.465180000">
        <ele>1105.000</ele>
      </trkpt>
      <trkpt lat="45.143660000" lon="4.464760000">
        <ele>1105.000</ele>
      </trkpt>
      <trkpt lat="45.143730000" lon="4.464040000">
        <ele>1104.000</ele>
      </trkpt>
      <trkpt lat="45.143810000" lon="4.463350000">
        <ele>1103.000</ele>
      </trkpt>
      <trkpt lat="45.143820000" lon="4.463000000">
        <ele>1102.000</ele>
      </trkpt>
      <trkpt lat="45.143810000" lon="4.462690000">
        <ele>1101.000</ele>
      </trkpt>
      <trkpt lat="45.143780000" lon="4.462180000">
        <ele>1100.000</ele>
      </trkpt>
      <trkpt lat="45.143730000" lon="4.461660000">
        <ele>1100.000</ele>
      </trkpt>
      <trkpt lat="45.143680000" lon="4.461370000">
        <ele>1099.000</ele>
      </trkpt>
      <trkpt lat="45.143430000" lon="4.460490000">
        <ele>1098.000</ele>
      </trkpt>
      <trkpt lat="45.143280000" lon="4.460070000">
        <ele>1097.000</ele>
      </trkpt>
      <trkpt lat="45.143170000" lon="4.459780000">
        <ele>1096.000</ele>
      </trkpt>
      <trkpt lat="45.142990000" lon="4.459480000">
        <ele>1095.000</ele>
      </trkpt>
      <trkpt lat="45.142660000" lon="4.458910000">
        <ele>1094.000</ele>
      </trkpt>
      <trkpt lat="45.142460000" lon="4.458560000">
        <ele>1093.000</ele>
      </trkpt>
      <trkpt lat="45.142380000" lon="4.458350000">
        <ele>1092.000</ele>
      </trkpt>
      <trkpt lat="45.142300000" lon="4.458060000">
        <ele>1091.000</ele>
      </trkpt>
      <trkpt lat="45.142190000" lon="4.457570000">
        <ele>1090.000</ele>
      </trkpt>
      <trkpt lat="45.142150000" lon="4.457300000">
        <ele>1090.000</ele>
      </trkpt>
      <trkpt lat="45.142120000" lon="4.457060000">
        <ele>1089.000</ele>
      </trkpt>
      <trkpt lat="45.142080000" lon="4.455930000">
        <ele>1087.000</ele>
      </trkpt>
      <trkpt lat="45.142050000" lon="4.455690000">
        <ele>1086.000</ele>
      </trkpt>
      <trkpt lat="45.142010000" lon="4.455450000">
        <ele>1085.000</ele>
      </trkpt>
      <trkpt lat="45.141950000" lon="4.455210000">
        <ele>1084.000</ele>
      </trkpt>
      <trkpt lat="45.141620000" lon="4.453930000">
        <ele>1083.000</ele>
      </trkpt>
      <trkpt lat="45.141530000" lon="4.453680000">
        <ele>1082.000</ele>
      </trkpt>
      <trkpt lat="45.141470000" lon="4.453540000">
        <ele>1081.000</ele>
      </trkpt>
      <trkpt lat="45.141010000" lon="4.452740000">
        <ele>1080.000</ele>
      </trkpt>
      <trkpt lat="45.140860000" lon="4.452350000">
        <ele>1079.000</ele>
      </trkpt>
      <trkpt lat="45.140760000" lon="4.452000000">
        <ele>1078.000</ele>
      </trkpt>
      <trkpt lat="45.140680000" lon="4.451690000">
        <ele>1077.000</ele>
      </trkpt>
      <trkpt lat="45.140590000" lon="4.451330000">
        <ele>1076.000</ele>
      </trkpt>
      <trkpt lat="45.140240000" lon="4.449660000">
        <ele>1076.000</ele>
      </trkpt>
      <trkpt lat="45.140040000" lon="4.448800000">
        <ele>1076.000</ele>
      </trkpt>
      <trkpt lat="45.139910000" lon="4.448150000">
        <ele>1076.000</ele>
      </trkpt>
      <trkpt lat="45.139880000" lon="4.447890000">
        <ele>1076.000</ele>
      </trkpt>
      <trkpt lat="45.139860000" lon="4.447580000">
        <ele>1076.000</ele>
      </trkpt>
      <trkpt lat="45.139880000" lon="4.447430000">
        <ele>1076.000</ele>
      </trkpt>
      <trkpt lat="45.139900000" lon="4.447320000">
        <ele>1076.000</ele>
      </trkpt>
      <trkpt lat="45.139980000" lon="4.447100000">
        <ele>1076.000</ele>
      </trkpt>
      <trkpt lat="45.140050000" lon="4.446980000">
        <ele>1076.000</ele>
      </trkpt>
      <trkpt lat="45.140140000" lon="4.446870000">
        <ele>1076.000</ele>
      </trkpt>
      <trkpt lat="45.140240000" lon="4.446770000">
        <ele>1076.000</ele>
      </trkpt>
      <trkpt lat="45.140520000" lon="4.446600000">
        <ele>1076.000</ele>
      </trkpt>
      <trkpt lat="45.140750000" lon="4.446460000">
        <ele>1076.000</ele>
      </trkpt>
      <trkpt lat="45.140950000" lon="4.446370000">
        <ele>1076.000</ele>
      </trkpt>
      <trkpt lat="45.141090000" lon="4.446320000">
        <ele>1076.000</ele>
      </trkpt>
      <trkpt lat="45.141310000" lon="4.446210000">
        <ele>1076.000</ele>
      </trkpt>
      <trkpt lat="45.141470000" lon="4.446090000">
        <ele>1077.000</ele>
      </trkpt>
      <trkpt lat="45.141630000" lon="4.445990000">
        <ele>1077.000</ele>
      </trkpt>
      <trkpt lat="45.141660000" lon="4.445980000">
        <ele>1077.000</ele>
      </trkpt>
      <trkpt lat="45.141640000" lon="4.445840000">
        <ele>1077.000</ele>
      </trkpt>
      <trkpt lat="45.141630000" lon="4.445570000">
        <ele>1078.000</ele>
      </trkpt>
      <trkpt lat="45.141610000" lon="4.445360000">
        <ele>1078.000</ele>
      </trkpt>
      <trkpt lat="45.141570000" lon="4.445140000">
        <ele>1078.000</ele>
      </trkpt>
      <trkpt lat="45.141500000" lon="4.444910000">
        <ele>1078.000</ele>
      </trkpt>
      <trkpt lat="45.141420000" lon="4.444690000">
        <ele>1079.000</ele>
      </trkpt>
      <trkpt lat="45.141300000" lon="4.444470000">
        <ele>1079.000</ele>
      </trkpt>
      <trkpt lat="45.141090000" lon="4.444090000">
        <ele>1080.000</ele>
      </trkpt>
      <trkpt lat="45.140930000" lon="4.443800000">
        <ele>1081.000</ele>
      </trkpt>
      <trkpt lat="45.140730000" lon="4.443460000">
        <ele>1081.000</ele>
      </trkpt>
      <trkpt lat="45.140630000" lon="4.443210000">
        <ele>1082.000</ele>
      </trkpt>
      <trkpt lat="45.140590000" lon="4.443030000">
        <ele>1083.000</ele>
      </trkpt>
      <trkpt lat="45.140580000" lon="4.442830000">
        <ele>1083.000</ele>
      </trkpt>
      <trkpt lat="45.140600000" lon="4.442660000">
        <ele>1084.000</ele>
      </trkpt>
      <trkpt lat="45.140650000" lon="4.442500000">
        <ele>1084.000</ele>
      </trkpt>
      <trkpt lat="45.140700000" lon="4.442390000">
        <ele>1085.000</ele>
      </trkpt>
      <trkpt lat="45.140780000" lon="4.442320000">
        <ele>1085.000</ele>
      </trkpt>
      <trkpt lat="45.140850000" lon="4.442270000">
        <ele>1086.000</ele>
      </trkpt>
      <trkpt lat="45.140960000" lon="4.442250000">
        <ele>1086.000</ele>
      </trkpt>
      <trkpt lat="45.141120000" lon="4.442250000">
        <ele>1087.000</ele>
      </trkpt>
      <trkpt lat="45.141300000" lon="4.442280000">
        <ele>1087.000</ele>
      </trkpt>
      <trkpt lat="45.141450000" lon="4.442320000">
        <ele>1088.000</ele>
      </trkpt>
      <trkpt lat="45.141600000" lon="4.442400000">
        <ele>1089.000</ele>
      </trkpt>
      <trkpt lat="45.141990000" lon="4.442620000">
        <ele>1090.000</ele>
      </trkpt>
      <trkpt lat="45.142120000" lon="4.442670000">
        <ele>1091.000</ele>
      </trkpt>
      <trkpt lat="45.142230000" lon="4.442680000">
        <ele>1091.000</ele>
      </trkpt>
      <trkpt lat="45.142340000" lon="4.442650000">
        <ele>1092.000</ele>
      </trkpt>
      <trkpt lat="45.142380000" lon="4.442620000">
        <ele>1092.000</ele>
      </trkpt>
      <trkpt lat="45.142490000" lon="4.442540000">
        <ele>1093.000</ele>
      </trkpt>
      <trkpt lat="45.142590000" lon="4.442440000">
        <ele>1093.000</ele>
      </trkpt>
      <trkpt lat="45.142690000" lon="4.442300000">
        <ele>1093.000</ele>
      </trkpt>
      <trkpt lat="45.142790000" lon="4.442120000">
        <ele>1094.000</ele>
      </trkpt>
      <trkpt lat="45.142880000" lon="4.441900000">
        <ele>1094.000</ele>
      </trkpt>
      <trkpt lat="45.142960000" lon="4.441600000">
        <ele>1094.000</ele>
      </trkpt>
      <trkpt lat="45.143000000" lon="4.441350000">
        <ele>1095.000</ele>
      </trkpt>
      <trkpt lat="45.143020000" lon="4.441070000">
        <ele>1095.000</ele>
      </trkpt>
      <trkpt lat="45.143060000" lon="4.440590000">
        <ele>1096.000</ele>
      </trkpt>
      <trkpt lat="45.143070000" lon="4.440360000">
        <ele>1096.000</ele>
      </trkpt>
      <trkpt lat="45.143100000" lon="4.440140000">
        <ele>1097.000</ele>
      </trkpt>
      <trkpt lat="45.143240000" lon="4.439470000">
        <ele>1098.000</ele>
      </trkpt>
      <trkpt lat="45.143260000" lon="4.439280000">
        <ele>1100.000</ele>
      </trkpt>
      <trkpt lat="45.143250000" lon="4.439050000">
        <ele>1101.000</ele>
      </trkpt>
      <trkpt lat="45.143190000" lon="4.438470000">
        <ele>1102.000</ele>
      </trkpt>
      <trkpt lat="45.143170000" lon="4.438280000">
        <ele>1104.000</ele>
      </trkpt>
      <trkpt lat="45.143110000" lon="4.437790000">
        <ele>1105.000</ele>
      </trkpt>
      <trkpt lat="45.143080000" lon="4.437470000">
        <ele>1107.000</ele>
      </trkpt>
      <trkpt lat="45.143000000" lon="4.437190000">
        <ele>1108.000</ele>
      </trkpt>
      <trkpt lat="45.142780000" lon="4.436590000">
        <ele>1110.000</ele>
      </trkpt>
      <trkpt lat="45.142750000" lon="4.436520000">
        <ele>1111.000</ele>
      </trkpt>
      <trkpt lat="45.142660000" lon="4.436260000">
        <ele>1112.000</ele>
      </trkpt>
      <trkpt lat="45.142630000" lon="4.436200000">
        <ele>1113.000</ele>
      </trkpt>
      <trkpt lat="45.142490000" lon="4.436070000">
        <ele>1114.000</ele>
      </trkpt>
      <trkpt lat="45.142450000" lon="4.436020000">
        <ele>1114.000</ele>
      </trkpt>
      <trkpt lat="45.142400000" lon="4.435970000">
        <ele>1115.000</ele>
      </trkpt>
      <trkpt lat="45.142310000" lon="4.435810000">
        <ele>1116.000</ele>
      </trkpt>
      <trkpt lat="45.142220000" lon="4.435630000">
        <ele>1116.000</ele>
      </trkpt>
      <trkpt lat="45.142180000" lon="4.435530000">
        <ele>1117.000</ele>
      </trkpt>
      <trkpt lat="45.142130000" lon="4.435420000">
        <ele>1117.000</ele>
      </trkpt>
      <trkpt lat="45.142080000" lon="4.435270000">
        <ele>1117.000</ele>
      </trkpt>
      <trkpt lat="45.142050000" lon="4.435180000">
        <ele>1118.000</ele>
      </trkpt>
      <trkpt lat="45.141850000" lon="4.434470000">
        <ele>1118.000</ele>
      </trkpt>
      <trkpt lat="45.141820000" lon="4.434370000">
        <ele>1119.000</ele>
      </trkpt>
      <trkpt lat="45.141740000" lon="4.434040000">
        <ele>1120.000</ele>
      </trkpt>
      <trkpt lat="45.141500000" lon="4.433440000">
        <ele>1120.000</ele>
      </trkpt>
      <trkpt lat="45.141350000" lon="4.433180000">
        <ele>1121.000</ele>
      </trkpt>
      <trkpt lat="45.141330000" lon="4.433140000">
        <ele>1122.000</ele>
      </trkpt>
      <trkpt lat="45.141160000" lon="4.432880000">
        <ele>1122.000</ele>
      </trkpt>
      <trkpt lat="45.141040000" lon="4.432720000">
        <ele>1122.000</ele>
      </trkpt>
      <trkpt lat="45.140980000" lon="4.432660000">
        <ele>1123.000</ele>
      </trkpt>
      <trkpt lat="45.140920000" lon="4.432590000">
        <ele>1123.000</ele>
      </trkpt>
      <trkpt lat="45.140780000" lon="4.432490000">
        <ele>1123.000</ele>
      </trkpt>
      <trkpt lat="45.140070000" lon="4.432080000">
        <ele>1124.000</ele>
      </trkpt>
      <trkpt lat="45.139790000" lon="4.431820000">
        <ele>1124.000</ele>
      </trkpt>
      <trkpt lat="45.139650000" lon="4.431680000">
        <ele>1125.000</ele>
      </trkpt>
      <trkpt lat="45.139520000" lon="4.431500000">
        <ele>1125.000</ele>
      </trkpt>
      <trkpt lat="45.139360000" lon="4.431250000">
        <ele>1125.000</ele>
      </trkpt>
      <trkpt lat="45.138880000" lon="4.430370000">
        <ele>1126.000</ele>
      </trkpt>
      <trkpt lat="45.138740000" lon="4.430070000">
        <ele>1126.000</ele>
      </trkpt>
      <trkpt lat="45.138580000" lon="4.429570000">
        <ele>1126.000</ele>
      </trkpt>
      <trkpt lat="45.138410000" lon="4.428910000">
        <ele>1127.000</ele>
      </trkpt>
      <trkpt lat="45.138260000" lon="4.428250000">
        <ele>1127.000</ele>
      </trkpt>
      <trkpt lat="45.138250000" lon="4.428180000">
        <ele>1128.000</ele>
      </trkpt>
      <trkpt lat="45.138200000" lon="4.428000000">
        <ele>1128.000</ele>
      </trkpt>
      <trkpt lat="45.137930000" lon="4.426910000">
        <ele>1129.000</ele>
      </trkpt>
      <trkpt lat="45.137660000" lon="4.425280000">
        <ele>1129.000</ele>
      </trkpt>
      <trkpt lat="45.137570000" lon="4.424720000">
        <ele>1128.000</ele>
      </trkpt>
      <trkpt lat="45.137410000" lon="4.423710000">
        <ele>1126.000</ele>
      </trkpt>
      <trkpt lat="45.137290000" lon="4.422930000">
        <ele>1125.000</ele>
      </trkpt>
      <trkpt lat="45.137270000" lon="4.422560000">
        <ele>1126.000</ele>
      </trkpt>
      <trkpt lat="45.137380000" lon="4.422070000">
        <ele>1126.000</ele>
      </trkpt>
      <trkpt lat="45.137680000" lon="4.421610000">
        <ele>1127.000</ele>
      </trkpt>
      <trkpt lat="45.138320000" lon="4.420700000">
        <ele>1129.000</ele>
      </trkpt>
      <trkpt lat="45.138400000" lon="4.420580000">
        <ele>1130.000</ele>
      </trkpt>
      <trkpt lat="45.139130000" lon="4.419550000">
        <ele>1132.000</ele>
      </trkpt>
      <trkpt lat="45.139470000" lon="4.419140000">
        <ele>1133.000</ele>
      </trkpt>
      <trkpt lat="45.141350000" lon="4.417050000">
        <ele>1135.000</ele>
      </trkpt>
      <trkpt lat="45.141640000" lon="4.416650000">
        <ele>1137.000</ele>
      </trkpt>
      <trkpt lat="45.141700000" lon="4.416510000">
        <ele>1138.000</ele>
      </trkpt>
      <trkpt lat="45.141740000" lon="4.416430000">
        <ele>1139.000</ele>
      </trkpt>
      <trkpt lat="45.141800000" lon="4.416310000">
        <ele>1140.000</ele>
      </trkpt>
      <trkpt lat="45.141890000" lon="4.415920000">
        <ele>1141.000</ele>
      </trkpt>
      <trkpt lat="45.141910000" lon="4.415680000">
        <ele>1142.000</ele>
      </trkpt>
      <trkpt lat="45.141870000" lon="4.415650000">
        <ele>1142.000</ele>
      </trkpt>
      <trkpt lat="45.141710000" lon="4.415520000">
        <ele>1143.000</ele>
      </trkpt>
      <trkpt lat="45.141350000" lon="4.414900000">
        <ele>1144.000</ele>
      </trkpt>
      <trkpt lat="45.141170000" lon="4.414620000">
        <ele>1145.000</ele>
      </trkpt>
      <trkpt lat="45.140490000" lon="4.413150000">
        <ele>1147.000</ele>
      </trkpt>
      <trkpt lat="45.140240000" lon="4.412190000">
        <ele>1150.000</ele>
      </trkpt>
      <trkpt lat="45.140220000" lon="4.411370000">
        <ele>1152.000</ele>
      </trkpt>
      <trkpt lat="45.140290000" lon="4.410680000">
        <ele>1152.000</ele>
      </trkpt>
      <trkpt lat="45.140230000" lon="4.410250000">
        <ele>1152.000</ele>
      </trkpt>
      <trkpt lat="45.140200000" lon="4.409880000">
        <ele>1151.000</ele>
      </trkpt>
      <trkpt lat="45.139950000" lon="4.409650000">
        <ele>1151.000</ele>
      </trkpt>
      <trkpt lat="45.139660000" lon="4.409520000">
        <ele>1150.000</ele>
      </trkpt>
      <trkpt lat="45.139210000" lon="4.409420000">
        <ele>1149.000</ele>
      </trkpt>
      <trkpt lat="45.138860000" lon="4.409220000">
        <ele>1148.000</ele>
      </trkpt>
      <trkpt lat="45.138140000" lon="4.407780000">
        <ele>1145.000</ele>
      </trkpt>
      <trkpt lat="45.138020000" lon="4.407370000">
        <ele>1143.000</ele>
      </trkpt>
      <trkpt lat="45.138060000" lon="4.406930000">
        <ele>1141.000</ele>
      </trkpt>
      <trkpt lat="45.138290000" lon="4.406610000">
        <ele>1140.000</ele>
      </trkpt>
      <trkpt lat="45.138560000" lon="4.406270000">
        <ele>1138.000</ele>
      </trkpt>
      <trkpt lat="45.138660000" lon="4.405790000">
        <ele>1136.000</ele>
      </trkpt>
      <trkpt lat="45.138680000" lon="4.405140000">
        <ele>1134.000</ele>
      </trkpt>
      <trkpt lat="45.138630000" lon="4.404700000">
        <ele>1133.000</ele>
      </trkpt>
      <trkpt lat="45.138550000" lon="4.404390000">
        <ele>1133.000</ele>
      </trkpt>
      <trkpt lat="45.138230000" lon="4.403520000">
        <ele>1133.000</ele>
      </trkpt>
      <trkpt lat="45.138230000" lon="4.403520000">
        <ele>1133.000</ele>
      </trkpt>
      <trkpt lat="45.138190000" lon="4.403390000">
        <ele>1133.000</ele>
      </trkpt>
      <trkpt lat="45.137860000" lon="4.402760000">
        <ele>1133.000</ele>
      </trkpt>
      <trkpt lat="45.137350000" lon="4.402090000">
        <ele>1131.000</ele>
      </trkpt>
      <trkpt lat="45.137030000" lon="4.401740000">
        <ele>1128.000</ele>
      </trkpt>
      <trkpt lat="45.136090000" lon="4.400970000">
        <ele>1123.000</ele>
      </trkpt>
      <trkpt lat="45.134980000" lon="4.400070000">
        <ele>1119.000</ele>
      </trkpt>
      <trkpt lat="45.134530000" lon="4.399710000">
        <ele>1115.000</ele>
      </trkpt>
      <trkpt lat="45.133750000" lon="4.398800000">
        <ele>1111.000</ele>
      </trkpt>
      <trkpt lat="45.133590000" lon="4.398560000">
        <ele>1108.000</ele>
      </trkpt>
      <trkpt lat="45.133510000" lon="4.398250000">
        <ele>1105.000</ele>
      </trkpt>
      <trkpt lat="45.133470000" lon="4.397920000">
        <ele>1103.000</ele>
      </trkpt>
      <trkpt lat="45.133410000" lon="4.397490000">
        <ele>1101.000</ele>
      </trkpt>
      <trkpt lat="45.133340000" lon="4.397050000">
        <ele>1099.000</ele>
      </trkpt>
      <trkpt lat="45.133300000" lon="4.396630000">
        <ele>1098.000</ele>
      </trkpt>
      <trkpt lat="45.133300000" lon="4.396320000">
        <ele>1097.000</ele>
      </trkpt>
      <trkpt lat="45.133380000" lon="4.396130000">
        <ele>1096.000</ele>
      </trkpt>
      <trkpt lat="45.133510000" lon="4.395990000">
        <ele>1095.000</ele>
      </trkpt>
      <trkpt lat="45.133660000" lon="4.395940000">
        <ele>1094.000</ele>
      </trkpt>
      <trkpt lat="45.133980000" lon="4.395970000">
        <ele>1094.000</ele>
      </trkpt>
      <trkpt lat="45.134350000" lon="4.396010000">
        <ele>1093.000</ele>
      </trkpt>
      <trkpt lat="45.134690000" lon="4.396020000">
        <ele>1093.000</ele>
      </trkpt>
      <trkpt lat="45.134820000" lon="4.396000000">
        <ele>1094.000</ele>
      </trkpt>
      <trkpt lat="45.135320000" lon="4.395850000">
        <ele>1095.000</ele>
      </trkpt>
      <trkpt lat="45.135680000" lon="4.395710000">
        <ele>1096.000</ele>
      </trkpt>
      <trkpt lat="45.136070000" lon="4.395480000">
        <ele>1098.000</ele>
      </trkpt>
      <trkpt lat="45.136450000" lon="4.395240000">
        <ele>1100.000</ele>
      </trkpt>
      <trkpt lat="45.136620000" lon="4.395030000">
        <ele>1101.000</ele>
      </trkpt>
      <trkpt lat="45.136750000" lon="4.394710000">
        <ele>1102.000</ele>
      </trkpt>
      <trkpt lat="45.136780000" lon="4.394400000">
        <ele>1102.000</ele>
      </trkpt>
      <trkpt lat="45.136680000" lon="4.394070000">
        <ele>1101.000</ele>
      </trkpt>
      <trkpt lat="45.136330000" lon="4.393660000">
        <ele>1100.000</ele>
      </trkpt>
      <trkpt lat="45.135860000" lon="4.393220000">
        <ele>1099.000</ele>
      </trkpt>
      <trkpt lat="45.135430000" lon="4.393000000">
        <ele>1096.000</ele>
      </trkpt>
      <trkpt lat="45.135250000" lon="4.392940000">
        <ele>1094.000</ele>
      </trkpt>
      <trkpt lat="45.134830000" lon="4.392820000">
        <ele>1092.000</ele>
      </trkpt>
      <trkpt lat="45.134520000" lon="4.392620000">
        <ele>1089.000</ele>
      </trkpt>
      <trkpt lat="45.134270000" lon="4.392230000">
        <ele>1086.000</ele>
      </trkpt>
      <trkpt lat="45.133970000" lon="4.391780000">
        <ele>1083.000</ele>
      </trkpt>
      <trkpt lat="45.133810000" lon="4.391670000">
        <ele>1081.000</ele>
      </trkpt>
      <trkpt lat="45.133580000" lon="4.391420000">
        <ele>1079.000</ele>
      </trkpt>
      <trkpt lat="45.133320000" lon="4.390490000">
        <ele>1078.000</ele>
      </trkpt>
      <trkpt lat="45.132510000" lon="4.387850000">
        <ele>1076.000</ele>
      </trkpt>
      <trkpt lat="45.132310000" lon="4.387220000">
        <ele>1074.000</ele>
      </trkpt>
      <trkpt lat="45.132260000" lon="4.387080000">
        <ele>1073.000</ele>
      </trkpt>
      <trkpt lat="45.132200000" lon="4.386880000">
        <ele>1072.000</ele>
      </trkpt>
      <trkpt lat="45.132160000" lon="4.386730000">
        <ele>1071.000</ele>
      </trkpt>
      <trkpt lat="45.131900000" lon="4.385990000">
        <ele>1069.000</ele>
      </trkpt>
      <trkpt lat="45.131750000" lon="4.385380000">
        <ele>1068.000</ele>
      </trkpt>
      <trkpt lat="45.131640000" lon="4.385020000">
        <ele>1066.000</ele>
      </trkpt>
      <trkpt lat="45.131630000" lon="4.384730000">
        <ele>1065.000</ele>
      </trkpt>
      <trkpt lat="45.131670000" lon="4.384390000">
        <ele>1064.000</ele>
      </trkpt>
      <trkpt lat="45.131890000" lon="4.383720000">
        <ele>1063.000</ele>
      </trkpt>
      <trkpt lat="45.132490000" lon="4.382290000">
        <ele>1062.000</ele>
      </trkpt>
      <trkpt lat="45.132690000" lon="4.381710000">
        <ele>1060.000</ele>
      </trkpt>
      <trkpt lat="45.132790000" lon="4.381160000">
        <ele>1059.000</ele>
      </trkpt>
      <trkpt lat="45.132820000" lon="4.380550000">
        <ele>1057.000</ele>
      </trkpt>
      <trkpt lat="45.132670000" lon="4.379790000">
        <ele>1056.000</ele>
      </trkpt>
      <trkpt lat="45.132430000" lon="4.379150000">
        <ele>1055.000</ele>
      </trkpt>
      <trkpt lat="45.132310000" lon="4.378680000">
        <ele>1054.000</ele>
      </trkpt>
      <trkpt lat="45.132310000" lon="4.378500000">
        <ele>1053.000</ele>
      </trkpt>
      <trkpt lat="45.132310000" lon="4.378260000">
        <ele>1053.000</ele>
      </trkpt>
      <trkpt lat="45.132370000" lon="4.377920000">
        <ele>1053.000</ele>
      </trkpt>
      <trkpt lat="45.132520000" lon="4.377640000">
        <ele>1053.000</ele>
      </trkpt>
      <trkpt lat="45.132610000" lon="4.377470000">
        <ele>1053.000</ele>
      </trkpt>
      <trkpt lat="45.132780000" lon="4.377260000">
        <ele>1053.000</ele>
      </trkpt>
      <trkpt lat="45.132980000" lon="4.377040000">
        <ele>1052.000</ele>
      </trkpt>
      <trkpt lat="45.133240000" lon="4.376800000">
        <ele>1052.000</ele>
      </trkpt>
      <trkpt lat="45.133550000" lon="4.376690000">
        <ele>1052.000</ele>
      </trkpt>
      <trkpt lat="45.133810000" lon="4.376640000">
        <ele>1051.000</ele>
      </trkpt>
      <trkpt lat="45.134340000" lon="4.376650000">
        <ele>1051.000</ele>
      </trkpt>
      <trkpt lat="45.135130000" lon="4.376620000">
        <ele>1049.000</ele>
      </trkpt>
      <trkpt lat="45.135490000" lon="4.376530000">
        <ele>1048.000</ele>
      </trkpt>
      <trkpt lat="45.135730000" lon="4.376390000">
        <ele>1046.000</ele>
      </trkpt>
      <trkpt lat="45.135810000" lon="4.376230000">
        <ele>1045.000</ele>
      </trkpt>
      <trkpt lat="45.135880000" lon="4.376090000">
        <ele>1044.000</ele>
      </trkpt>
      <trkpt lat="45.135940000" lon="4.375870000">
        <ele>1043.000</ele>
      </trkpt>
      <trkpt lat="45.135970000" lon="4.375640000">
        <ele>1042.000</ele>
      </trkpt>
      <trkpt lat="45.135970000" lon="4.375440000">
        <ele>1042.000</ele>
      </trkpt>
      <trkpt lat="45.135950000" lon="4.375200000">
        <ele>1041.000</ele>
      </trkpt>
      <trkpt lat="45.135920000" lon="4.375080000">
        <ele>1041.000</ele>
      </trkpt>
      <trkpt lat="45.135890000" lon="4.374950000">
        <ele>1040.000</ele>
      </trkpt>
      <trkpt lat="45.135810000" lon="4.374700000">
        <ele>1040.000</ele>
      </trkpt>
      <trkpt lat="45.135670000" lon="4.374300000">
        <ele>1039.000</ele>
      </trkpt>
      <trkpt lat="45.135420000" lon="4.373620000">
        <ele>1038.000</ele>
      </trkpt>
      <trkpt lat="45.135120000" lon="4.372840000">
        <ele>1037.000</ele>
      </trkpt>
      <trkpt lat="45.134980000" lon="4.372490000">
        <ele>1036.000</ele>
      </trkpt>
      <trkpt lat="45.134860000" lon="4.372170000">
        <ele>1035.000</ele>
      </trkpt>
      <trkpt lat="45.134670000" lon="4.371690000">
        <ele>1034.000</ele>
      </trkpt>
      <trkpt lat="45.134610000" lon="4.371550000">
        <ele>1034.000</ele>
      </trkpt>
      <trkpt lat="45.134550000" lon="4.371420000">
        <ele>1033.000</ele>
      </trkpt>
      <trkpt lat="45.134470000" lon="4.371300000">
        <ele>1033.000</ele>
      </trkpt>
      <trkpt lat="45.134390000" lon="4.371180000">
        <ele>1033.000</ele>
      </trkpt>
      <trkpt lat="45.134050000" lon="4.370800000">
        <ele>1032.000</ele>
      </trkpt>
      <trkpt lat="45.133520000" lon="4.370190000">
        <ele>1032.000</ele>
      </trkpt>
      <trkpt lat="45.133310000" lon="4.369930000">
        <ele>1032.000</ele>
      </trkpt>
      <trkpt lat="45.132930000" lon="4.369480000">
        <ele>1031.000</ele>
      </trkpt>
      <trkpt lat="45.132780000" lon="4.369290000">
        <ele>1031.000</ele>
      </trkpt>
      <trkpt lat="45.132730000" lon="4.369210000">
        <ele>1031.000</ele>
      </trkpt>
      <trkpt lat="45.132670000" lon="4.369120000">
        <ele>1031.000</ele>
      </trkpt>
      <trkpt lat="45.132520000" lon="4.368800000">
        <ele>1031.000</ele>
      </trkpt>
      <trkpt lat="45.132090000" lon="4.367930000">
        <ele>1030.000</ele>
      </trkpt>
      <trkpt lat="45.132010000" lon="4.367760000">
        <ele>1030.000</ele>
      </trkpt>
      <trkpt lat="45.131910000" lon="4.367540000">
        <ele>1029.000</ele>
      </trkpt>
      <trkpt lat="45.131840000" lon="4.367360000">
        <ele>1029.000</ele>
      </trkpt>
      <trkpt lat="45.131810000" lon="4.367200000">
        <ele>1028.000</ele>
      </trkpt>
      <trkpt lat="45.131790000" lon="4.367060000">
        <ele>1028.000</ele>
      </trkpt>
      <trkpt lat="45.131800000" lon="4.366850000">
        <ele>1028.000</ele>
      </trkpt>
      <trkpt lat="45.131810000" lon="4.366620000">
        <ele>1028.000</ele>
      </trkpt>
      <trkpt lat="45.131930000" lon="4.365550000">
        <ele>1026.000</ele>
      </trkpt>
      <trkpt lat="45.131950000" lon="4.365250000">
        <ele>1025.000</ele>
      </trkpt>
      <trkpt lat="45.131940000" lon="4.364980000">
        <ele>1024.000</ele>
      </trkpt>
      <trkpt lat="45.131870000" lon="4.363850000">
        <ele>1022.000</ele>
      </trkpt>
      <trkpt lat="45.131800000" lon="4.362680000">
        <ele>1020.000</ele>
      </trkpt>
      <trkpt lat="45.131780000" lon="4.362230000">
        <ele>1017.000</ele>
      </trkpt>
      <trkpt lat="45.131760000" lon="4.362060000">
        <ele>1016.000</ele>
      </trkpt>
      <trkpt lat="45.131720000" lon="4.361940000">
        <ele>1014.000</ele>
      </trkpt>
      <trkpt lat="45.131670000" lon="4.361840000">
        <ele>1013.000</ele>
      </trkpt>
      <trkpt lat="45.131580000" lon="4.361700000">
        <ele>1012.000</ele>
      </trkpt>
      <trkpt lat="45.131460000" lon="4.361480000">
        <ele>1011.000</ele>
      </trkpt>
      <trkpt lat="45.131370000" lon="4.361250000">
        <ele>1010.000</ele>
      </trkpt>
      <trkpt lat="45.131320000" lon="4.361050000">
        <ele>1010.000</ele>
      </trkpt>
      <trkpt lat="45.131280000" lon="4.360870000">
        <ele>1009.000</ele>
      </trkpt>
      <trkpt lat="45.131270000" lon="4.360670000">
        <ele>1008.000</ele>
      </trkpt>
      <trkpt lat="45.131260000" lon="4.360420000">
        <ele>1008.000</ele>
      </trkpt>
      <trkpt lat="45.131270000" lon="4.360080000">
        <ele>1007.000</ele>
      </trkpt>
      <trkpt lat="45.131270000" lon="4.359870000">
        <ele>1007.000</ele>
      </trkpt>
      <trkpt lat="45.131260000" lon="4.359680000">
        <ele>1007.000</ele>
      </trkpt>
      <trkpt lat="45.131220000" lon="4.359500000">
        <ele>1006.000</ele>
      </trkpt>
      <trkpt lat="45.131160000" lon="4.359330000">
        <ele>1006.000</ele>
      </trkpt>
      <trkpt lat="45.131100000" lon="4.359160000">
        <ele>1005.000</ele>
      </trkpt>
      <trkpt lat="45.130810000" lon="4.358600000">
        <ele>1005.000</ele>
      </trkpt>
      <trkpt lat="45.130680000" lon="4.358320000">
        <ele>1004.000</ele>
      </trkpt>
      <trkpt lat="45.130570000" lon="4.358010000">
        <ele>1003.000</ele>
      </trkpt>
      <trkpt lat="45.130450000" lon="4.357620000">
        <ele>1003.000</ele>
      </trkpt>
      <trkpt lat="45.130000000" lon="4.356080000">
        <ele>1001.000</ele>
      </trkpt>
      <trkpt lat="45.129950000" lon="4.355900000">
        <ele>1000.000</ele>
      </trkpt>
      <trkpt lat="45.129920000" lon="4.355790000">
        <ele>999.000</ele>
      </trkpt>
      <trkpt lat="45.129920000" lon="4.355590000">
        <ele>998.000</ele>
      </trkpt>
      <trkpt lat="45.129930000" lon="4.355440000">
        <ele>997.000</ele>
      </trkpt>
      <trkpt lat="45.129970000" lon="4.355300000">
        <ele>997.000</ele>
      </trkpt>
      <trkpt lat="45.130030000" lon="4.355110000">
        <ele>996.000</ele>
      </trkpt>
      <trkpt lat="45.130510000" lon="4.353770000">
        <ele>995.000</ele>
      </trkpt>
      <trkpt lat="45.131220000" lon="4.351800000">
        <ele>992.000</ele>
      </trkpt>
      <trkpt lat="45.131260000" lon="4.351660000">
        <ele>990.000</ele>
      </trkpt>
      <trkpt lat="45.131290000" lon="4.351460000">
        <ele>989.000</ele>
      </trkpt>
      <trkpt lat="45.131290000" lon="4.351220000">
        <ele>988.000</ele>
      </trkpt>
      <trkpt lat="45.131280000" lon="4.350860000">
        <ele>987.000</ele>
      </trkpt>
      <trkpt lat="45.131260000" lon="4.350550000">
        <ele>987.000</ele>
      </trkpt>
      <trkpt lat="45.131230000" lon="4.350440000">
        <ele>986.000</ele>
      </trkpt>
      <trkpt lat="45.131190000" lon="4.350320000">
        <ele>986.000</ele>
      </trkpt>
      <trkpt lat="45.131120000" lon="4.350210000">
        <ele>986.000</ele>
      </trkpt>
      <trkpt lat="45.131040000" lon="4.350130000">
        <ele>985.000</ele>
      </trkpt>
      <trkpt lat="45.130760000" lon="4.349960000">
        <ele>985.000</ele>
      </trkpt>
      <trkpt lat="45.130000000" lon="4.349410000">
        <ele>985.000</ele>
      </trkpt>
      <trkpt lat="45.129870000" lon="4.349320000">
        <ele>984.000</ele>
      </trkpt>
      <trkpt lat="45.129750000" lon="4.349290000">
        <ele>983.000</ele>
      </trkpt>
      <trkpt lat="45.129580000" lon="4.349240000">
        <ele>983.000</ele>
      </trkpt>
      <trkpt lat="45.129210000" lon="4.349170000">
        <ele>982.000</ele>
      </trkpt>
      <trkpt lat="45.128380000" lon="4.349020000">
        <ele>980.000</ele>
      </trkpt>
      <trkpt lat="45.128260000" lon="4.348970000">
        <ele>978.000</ele>
      </trkpt>
      <trkpt lat="45.128100000" lon="4.348890000">
        <ele>977.000</ele>
      </trkpt>
      <trkpt lat="45.128040000" lon="4.348810000">
        <ele>976.000</ele>
      </trkpt>
      <trkpt lat="45.127940000" lon="4.348680000">
        <ele>975.000</ele>
      </trkpt>
      <trkpt lat="45.127830000" lon="4.348510000">
        <ele>974.000</ele>
      </trkpt>
      <trkpt lat="45.127700000" lon="4.348260000">
        <ele>973.000</ele>
      </trkpt>
      <trkpt lat="45.127610000" lon="4.348070000">
        <ele>972.000</ele>
      </trkpt>
      <trkpt lat="45.127570000" lon="4.347970000">
        <ele>971.000</ele>
      </trkpt>
      <trkpt lat="45.127510000" lon="4.347800000">
        <ele>971.000</ele>
      </trkpt>
      <trkpt lat="45.127370000" lon="4.347380000">
        <ele>970.000</ele>
      </trkpt>
      <trkpt lat="45.127300000" lon="4.347130000">
        <ele>968.000</ele>
      </trkpt>
      <trkpt lat="45.127270000" lon="4.346950000">
        <ele>967.000</ele>
      </trkpt>
      <trkpt lat="45.127250000" lon="4.346680000">
        <ele>966.000</ele>
      </trkpt>
      <trkpt lat="45.127260000" lon="4.346410000">
        <ele>966.000</ele>
      </trkpt>
      <trkpt lat="45.127220000" lon="4.346230000">
        <ele>965.000</ele>
      </trkpt>
      <trkpt lat="45.127160000" lon="4.346110000">
        <ele>965.000</ele>
      </trkpt>
      <trkpt lat="45.127070000" lon="4.345990000">
        <ele>965.000</ele>
      </trkpt>
      <trkpt lat="45.126960000" lon="4.345920000">
        <ele>965.000</ele>
      </trkpt>
      <trkpt lat="45.126830000" lon="4.345890000">
        <ele>965.000</ele>
      </trkpt>
      <trkpt lat="45.126620000" lon="4.345900000">
        <ele>965.000</ele>
      </trkpt>
      <trkpt lat="45.126490000" lon="4.345910000">
        <ele>965.000</ele>
      </trkpt>
      <trkpt lat="45.126360000" lon="4.345870000">
        <ele>965.000</ele>
      </trkpt>
      <trkpt lat="45.126220000" lon="4.345780000">
        <ele>965.000</ele>
      </trkpt>
      <trkpt lat="45.126010000" lon="4.345530000">
        <ele>965.000</ele>
      </trkpt>
      <trkpt lat="45.125840000" lon="4.345230000">
        <ele>965.000</ele>
      </trkpt>
      <trkpt lat="45.125720000" lon="4.344980000">
        <ele>964.000</ele>
      </trkpt>
      <trkpt lat="45.125640000" lon="4.344690000">
        <ele>963.000</ele>
      </trkpt>
      <trkpt lat="45.125580000" lon="4.344440000">
        <ele>962.000</ele>
      </trkpt>
      <trkpt lat="45.125530000" lon="4.344330000">
        <ele>962.000</ele>
      </trkpt>
      <trkpt lat="45.125460000" lon="4.344240000">
        <ele>961.000</ele>
      </trkpt>
      <trkpt lat="45.125340000" lon="4.344150000">
        <ele>960.000</ele>
      </trkpt>
      <trkpt lat="45.125150000" lon="4.344090000">
        <ele>959.000</ele>
      </trkpt>
      <trkpt lat="45.124890000" lon="4.343980000">
        <ele>958.000</ele>
      </trkpt>
      <trkpt lat="45.124660000" lon="4.343850000">
        <ele>957.000</ele>
      </trkpt>
      <trkpt lat="45.124550000" lon="4.343720000">
        <ele>956.000</ele>
      </trkpt>
      <trkpt lat="45.124430000" lon="4.343530000">
        <ele>955.000</ele>
      </trkpt>
      <trkpt lat="45.124290000" lon="4.343110000">
        <ele>954.000</ele>
      </trkpt>
      <trkpt lat="45.124200000" lon="4.342920000">
        <ele>952.000</ele>
      </trkpt>
      <trkpt lat="45.124110000" lon="4.342770000">
        <ele>951.000</ele>
      </trkpt>
      <trkpt lat="45.124020000" lon="4.342660000">
        <ele>951.000</ele>
      </trkpt>
      <trkpt lat="45.123900000" lon="4.342550000">
        <ele>950.000</ele>
      </trkpt>
      <trkpt lat="45.123750000" lon="4.342470000">
        <ele>949.000</ele>
      </trkpt>
      <trkpt lat="45.123580000" lon="4.342400000">
        <ele>948.000</ele>
      </trkpt>
      <trkpt lat="45.123330000" lon="4.342280000">
        <ele>947.000</ele>
      </trkpt>
      <trkpt lat="45.123150000" lon="4.342180000">
        <ele>946.000</ele>
      </trkpt>
      <trkpt lat="45.122970000" lon="4.341980000">
        <ele>945.000</ele>
      </trkpt>
      <trkpt lat="45.122840000" lon="4.341850000">
        <ele>944.000</ele>
      </trkpt>
      <trkpt lat="45.122430000" lon="4.341420000">
        <ele>943.000</ele>
      </trkpt>
      <trkpt lat="45.122260000" lon="4.341160000">
        <ele>942.000</ele>
      </trkpt>
      <trkpt lat="45.122130000" lon="4.340860000">
        <ele>940.000</ele>
      </trkpt>
      <trkpt lat="45.121780000" lon="4.340060000">
        <ele>938.000</ele>
      </trkpt>
      <trkpt lat="45.121650000" lon="4.339790000">
        <ele>937.000</ele>
      </trkpt>
      <trkpt lat="45.121570000" lon="4.339640000">
        <ele>936.000</ele>
      </trkpt>
      <trkpt lat="45.121450000" lon="4.339490000">
        <ele>935.000</ele>
      </trkpt>
      <trkpt lat="45.121320000" lon="4.339320000">
        <ele>934.000</ele>
      </trkpt>
      <trkpt lat="45.121200000" lon="4.339140000">
        <ele>933.000</ele>
      </trkpt>
      <trkpt lat="45.121070000" lon="4.338870000">
        <ele>932.000</ele>
      </trkpt>
      <trkpt lat="45.120910000" lon="4.338500000">
        <ele>931.000</ele>
      </trkpt>
      <trkpt lat="45.120790000" lon="4.338260000">
        <ele>930.000</ele>
      </trkpt>
      <trkpt lat="45.120680000" lon="4.338060000">
        <ele>929.000</ele>
      </trkpt>
      <trkpt lat="45.120560000" lon="4.337880000">
        <ele>929.000</ele>
      </trkpt>
      <trkpt lat="45.120440000" lon="4.337730000">
        <ele>928.000</ele>
      </trkpt>
      <trkpt lat="45.120200000" lon="4.337530000">
        <ele>928.000</ele>
      </trkpt>
      <trkpt lat="45.119880000" lon="4.337300000">
        <ele>928.000</ele>
      </trkpt>
      <trkpt lat="45.119820000" lon="4.337260000">
        <ele>928.000</ele>
      </trkpt>
      <trkpt lat="45.119820000" lon="4.337260000">
        <ele>929.000</ele>
      </trkpt>
      <trkpt lat="45.119540000" lon="4.337070000">
        <ele>929.000</ele>
      </trkpt>
      <trkpt lat="45.119410000" lon="4.336940000">
        <ele>929.000</ele>
      </trkpt>
      <trkpt lat="45.119310000" lon="4.336800000">
        <ele>929.000</ele>
      </trkpt>
      <trkpt lat="45.119220000" lon="4.336620000">
        <ele>929.000</ele>
      </trkpt>
      <trkpt lat="45.119060000" lon="4.336230000">
        <ele>929.000</ele>
      </trkpt>
      <trkpt lat="45.118990000" lon="4.336030000">
        <ele>929.000</ele>
      </trkpt>
      <trkpt lat="45.118950000" lon="4.335810000">
        <ele>929.000</ele>
      </trkpt>
      <trkpt lat="45.118940000" lon="4.335570000">
        <ele>929.000</ele>
      </trkpt>
      <trkpt lat="45.118960000" lon="4.335230000">
        <ele>929.000</ele>
      </trkpt>
      <trkpt lat="45.118950000" lon="4.335010000">
        <ele>929.000</ele>
      </trkpt>
      <trkpt lat="45.118930000" lon="4.334810000">
        <ele>929.000</ele>
      </trkpt>
      <trkpt lat="45.118870000" lon="4.334600000">
        <ele>929.000</ele>
      </trkpt>
      <trkpt lat="45.118680000" lon="4.334240000">
        <ele>929.000</ele>
      </trkpt>
      <trkpt lat="45.118570000" lon="4.333920000">
        <ele>928.000</ele>
      </trkpt>
      <trkpt lat="45.118520000" lon="4.333690000">
        <ele>928.000</ele>
      </trkpt>
      <trkpt lat="45.118420000" lon="4.333180000">
        <ele>927.000</ele>
      </trkpt>
      <trkpt lat="45.118350000" lon="4.332850000">
        <ele>926.000</ele>
      </trkpt>
      <trkpt lat="45.118330000" lon="4.332700000">
        <ele>925.000</ele>
      </trkpt>
      <trkpt lat="45.118330000" lon="4.332570000">
        <ele>925.000</ele>
      </trkpt>
      <trkpt lat="45.118360000" lon="4.332460000">
        <ele>924.000</ele>
      </trkpt>
      <trkpt lat="45.118410000" lon="4.332360000">
        <ele>924.000</ele>
      </trkpt>
      <trkpt lat="45.118490000" lon="4.332250000">
        <ele>923.000</ele>
      </trkpt>
      <trkpt lat="45.118610000" lon="4.332110000">
        <ele>923.000</ele>
      </trkpt>
      <trkpt lat="45.119090000" lon="4.331670000">
        <ele>922.000</ele>
      </trkpt>
      <trkpt lat="45.119570000" lon="4.331260000">
        <ele>920.000</ele>
      </trkpt>
      <trkpt lat="45.119840000" lon="4.331000000">
        <ele>919.000</ele>
      </trkpt>
      <trkpt lat="45.119950000" lon="4.330850000">
        <ele>917.000</ele>
      </trkpt>
      <trkpt lat="45.120020000" lon="4.330740000">
        <ele>916.000</ele>
      </trkpt>
      <trkpt lat="45.120070000" lon="4.330560000">
        <ele>916.000</ele>
      </trkpt>
      <trkpt lat="45.120110000" lon="4.330370000">
        <ele>915.000</ele>
      </trkpt>
      <trkpt lat="45.120090000" lon="4.330200000">
        <ele>914.000</ele>
      </trkpt>
      <trkpt lat="45.120060000" lon="4.330000000">
        <ele>913.000</ele>
      </trkpt>
      <trkpt lat="45.120000000" lon="4.329810000">
        <ele>913.000</ele>
      </trkpt>
      <trkpt lat="45.119880000" lon="4.329540000">
        <ele>913.000</ele>
      </trkpt>
      <trkpt lat="45.119560000" lon="4.328890000">
        <ele>913.000</ele>
      </trkpt>
      <trkpt lat="45.119340000" lon="4.328440000">
        <ele>914.000</ele>
      </trkpt>
      <trkpt lat="45.119120000" lon="4.327980000">
        <ele>915.000</ele>
      </trkpt>
      <trkpt lat="45.119030000" lon="4.327810000">
        <ele>916.000</ele>
      </trkpt>
      <trkpt lat="45.118810000" lon="4.327430000">
        <ele>917.000</ele>
      </trkpt>
      <trkpt lat="45.118700000" lon="4.327250000">
        <ele>918.000</ele>
      </trkpt>
      <trkpt lat="45.118620000" lon="4.327080000">
        <ele>918.000</ele>
      </trkpt>
      <trkpt lat="45.118540000" lon="4.326850000">
        <ele>918.000</ele>
      </trkpt>
      <trkpt lat="45.118430000" lon="4.326510000">
        <ele>918.000</ele>
      </trkpt>
      <trkpt lat="45.118090000" lon="4.325510000">
        <ele>917.000</ele>
      </trkpt>
      <trkpt lat="45.117980000" lon="4.325170000">
        <ele>916.000</ele>
      </trkpt>
      <trkpt lat="45.117910000" lon="4.324870000">
        <ele>915.000</ele>
      </trkpt>
      <trkpt lat="45.117750000" lon="4.324040000">
        <ele>914.000</ele>
      </trkpt>
      <trkpt lat="45.117670000" lon="4.323670000">
        <ele>913.000</ele>
      </trkpt>
      <trkpt lat="45.117620000" lon="4.323480000">
        <ele>912.000</ele>
      </trkpt>
      <trkpt lat="45.117530000" lon="4.323290000">
        <ele>911.000</ele>
      </trkpt>
      <trkpt lat="45.117360000" lon="4.322940000">
        <ele>911.000</ele>
      </trkpt>
      <trkpt lat="45.117120000" lon="4.322420000">
        <ele>910.000</ele>
      </trkpt>
      <trkpt lat="45.116980000" lon="4.322080000">
        <ele>909.000</ele>
      </trkpt>
      <trkpt lat="45.116920000" lon="4.321920000">
        <ele>909.000</ele>
      </trkpt>
      <trkpt lat="45.116880000" lon="4.321740000">
        <ele>908.000</ele>
      </trkpt>
      <trkpt lat="45.116850000" lon="4.321460000">
        <ele>908.000</ele>
      </trkpt>
      <trkpt lat="45.116820000" lon="4.321310000">
        <ele>907.000</ele>
      </trkpt>
      <trkpt lat="45.116780000" lon="4.321180000">
        <ele>907.000</ele>
      </trkpt>
      <trkpt lat="45.116720000" lon="4.321080000">
        <ele>907.000</ele>
      </trkpt>
      <trkpt lat="45.116520000" lon="4.320910000">
        <ele>906.000</ele>
      </trkpt>
      <trkpt lat="45.116450000" lon="4.320840000">
        <ele>906.000</ele>
      </trkpt>
      <trkpt lat="45.116300000" lon="4.320690000">
        <ele>906.000</ele>
      </trkpt>
      <trkpt lat="45.116180000" lon="4.320540000">
        <ele>905.000</ele>
      </trkpt>
      <trkpt lat="45.116100000" lon="4.320370000">
        <ele>905.000</ele>
      </trkpt>
      <trkpt lat="45.116030000" lon="4.320150000">
        <ele>905.000</ele>
      </trkpt>
      <trkpt lat="45.115960000" lon="4.319910000">
        <ele>905.000</ele>
      </trkpt>
      <trkpt lat="45.115910000" lon="4.319630000">
        <ele>905.000</ele>
      </trkpt>
      <trkpt lat="45.115830000" lon="4.319140000">
        <ele>906.000</ele>
      </trkpt>
      <trkpt lat="45.115720000" lon="4.318440000">
        <ele>906.000</ele>
      </trkpt>
      <trkpt lat="45.115710000" lon="4.318270000">
        <ele>907.000</ele>
      </trkpt>
      <trkpt lat="45.115710000" lon="4.318090000">
        <ele>907.000</ele>
      </trkpt>
      <trkpt lat="45.115720000" lon="4.317930000">
        <ele>907.000</ele>
      </trkpt>
      <trkpt lat="45.115770000" lon="4.317680000">
        <ele>908.000</ele>
      </trkpt>
      <trkpt lat="45.115860000" lon="4.317290000">
        <ele>908.000</ele>
      </trkpt>
      <trkpt lat="45.115910000" lon="4.317010000">
        <ele>908.000</ele>
      </trkpt>
      <trkpt lat="45.115940000" lon="4.316780000">
        <ele>908.000</ele>
      </trkpt>
      <trkpt lat="45.115970000" lon="4.316430000">
        <ele>909.000</ele>
      </trkpt>
      <trkpt lat="45.115990000" lon="4.316050000">
        <ele>909.000</ele>
      </trkpt>
      <trkpt lat="45.115990000" lon="4.315900000">
        <ele>909.000</ele>
      </trkpt>
      <trkpt lat="45.115990000" lon="4.315820000">
        <ele>909.000</ele>
      </trkpt>
      <trkpt lat="45.115980000" lon="4.315550000">
        <ele>909.000</ele>
      </trkpt>
      <trkpt lat="45.115950000" lon="4.315150000">
        <ele>909.000</ele>
      </trkpt>
      <trkpt lat="45.115930000" lon="4.314780000">
        <ele>909.000</ele>
      </trkpt>
      <trkpt lat="45.115940000" lon="4.314340000">
        <ele>909.000</ele>
      </trkpt>
      <trkpt lat="45.115940000" lon="4.314100000">
        <ele>908.000</ele>
      </trkpt>
      <trkpt lat="45.115910000" lon="4.313850000">
        <ele>907.000</ele>
      </trkpt>
      <trkpt lat="45.115880000" lon="4.313610000">
        <ele>907.000</ele>
      </trkpt>
      <trkpt lat="45.115880000" lon="4.313510000">
        <ele>906.000</ele>
      </trkpt>
      <trkpt lat="45.115870000" lon="4.313390000">
        <ele>906.000</ele>
      </trkpt>
      <trkpt lat="45.115880000" lon="4.313130000">
        <ele>905.000</ele>
      </trkpt>
      <trkpt lat="45.115900000" lon="4.312870000">
        <ele>905.000</ele>
      </trkpt>
      <trkpt lat="45.115930000" lon="4.312630000">
        <ele>904.000</ele>
      </trkpt>
      <trkpt lat="45.115950000" lon="4.312320000">
        <ele>904.000</ele>
      </trkpt>
      <trkpt lat="45.115930000" lon="4.311980000">
        <ele>903.000</ele>
      </trkpt>
      <trkpt lat="45.115900000" lon="4.311660000">
        <ele>902.000</ele>
      </trkpt>
      <trkpt lat="45.115880000" lon="4.311550000">
        <ele>902.000</ele>
      </trkpt>
      <trkpt lat="45.115830000" lon="4.311080000">
        <ele>901.000</ele>
      </trkpt>
      <trkpt lat="45.115750000" lon="4.310700000">
        <ele>900.000</ele>
      </trkpt>
      <trkpt lat="45.115670000" lon="4.310360000">
        <ele>899.000</ele>
      </trkpt>
      <trkpt lat="45.115500000" lon="4.309670000">
        <ele>898.000</ele>
      </trkpt>
      <trkpt lat="45.115290000" lon="4.308770000">
        <ele>897.000</ele>
      </trkpt>
      <trkpt lat="45.115170000" lon="4.308310000">
        <ele>896.000</ele>
      </trkpt>
      <trkpt lat="45.115090000" lon="4.308170000">
        <ele>895.000</ele>
      </trkpt>
      <trkpt lat="45.115000000" lon="4.308060000">
        <ele>895.000</ele>
      </trkpt>
      <trkpt lat="45.114900000" lon="4.307990000">
        <ele>894.000</ele>
      </trkpt>
      <trkpt lat="45.114780000" lon="4.307930000">
        <ele>894.000</ele>
      </trkpt>
      <trkpt lat="45.114510000" lon="4.307890000">
        <ele>894.000</ele>
      </trkpt>
      <trkpt lat="45.114160000" lon="4.307810000">
        <ele>893.000</ele>
      </trkpt>
      <trkpt lat="45.113880000" lon="4.307760000">
        <ele>893.000</ele>
      </trkpt>
      <trkpt lat="45.113830000" lon="4.307760000">
        <ele>892.000</ele>
      </trkpt>
      <trkpt lat="45.113830000" lon="4.307760000">
        <ele>892.000</ele>
      </trkpt>
      <trkpt lat="45.113470000" lon="4.307750000">
        <ele>891.000</ele>
      </trkpt>
      <trkpt lat="45.113230000" lon="4.307730000">
        <ele>890.000</ele>
      </trkpt>
      <trkpt lat="45.113140000" lon="4.307700000">
        <ele>889.000</ele>
      </trkpt>
      <trkpt lat="45.113070000" lon="4.307660000">
        <ele>889.000</ele>
      </trkpt>
      <trkpt lat="45.112990000" lon="4.307580000">
        <ele>888.000</ele>
      </trkpt>
      <trkpt lat="45.112930000" lon="4.307490000">
        <ele>888.000</ele>
      </trkpt>
      <trkpt lat="45.112880000" lon="4.307360000">
        <ele>887.000</ele>
      </trkpt>
      <trkpt lat="45.112860000" lon="4.307230000">
        <ele>887.000</ele>
      </trkpt>
      <trkpt lat="45.112850000" lon="4.307090000">
        <ele>886.000</ele>
      </trkpt>
      <trkpt lat="45.112860000" lon="4.306940000">
        <ele>886.000</ele>
      </trkpt>
      <trkpt lat="45.112900000" lon="4.306790000">
        <ele>885.000</ele>
      </trkpt>
      <trkpt lat="45.112990000" lon="4.306440000">
        <ele>885.000</ele>
      </trkpt>
      <trkpt lat="45.113070000" lon="4.305990000">
        <ele>884.000</ele>
      </trkpt>
      <trkpt lat="45.113120000" lon="4.305530000">
        <ele>883.000</ele>
      </trkpt>
      <trkpt lat="45.113160000" lon="4.305060000">
        <ele>882.000</ele>
      </trkpt>
      <trkpt lat="45.113270000" lon="4.303880000">
        <ele>880.000</ele>
      </trkpt>
      <trkpt lat="45.113280000" lon="4.303660000">
        <ele>879.000</ele>
      </trkpt>
      <trkpt lat="45.113270000" lon="4.303450000">
        <ele>877.000</ele>
      </trkpt>
      <trkpt lat="45.113240000" lon="4.303200000">
        <ele>876.000</ele>
      </trkpt>
      <trkpt lat="45.113240000" lon="4.303010000">
        <ele>875.000</ele>
      </trkpt>
      <trkpt lat="45.113260000" lon="4.302860000">
        <ele>874.000</ele>
      </trkpt>
      <trkpt lat="45.113300000" lon="4.302690000">
        <ele>873.000</ele>
      </trkpt>
      <trkpt lat="45.113360000" lon="4.302550000">
        <ele>873.000</ele>
      </trkpt>
      <trkpt lat="45.113500000" lon="4.302190000">
        <ele>871.000</ele>
      </trkpt>
      <trkpt lat="45.113840000" lon="4.301370000">
        <ele>869.000</ele>
      </trkpt>
      <trkpt lat="45.113950000" lon="4.301090000">
        <ele>868.000</ele>
      </trkpt>
      <trkpt lat="45.113990000" lon="4.300930000">
        <ele>867.000</ele>
      </trkpt>
      <trkpt lat="45.114000000" lon="4.300780000">
        <ele>866.000</ele>
      </trkpt>
      <trkpt lat="45.114010000" lon="4.300620000">
        <ele>865.000</ele>
      </trkpt>
      <trkpt lat="45.113990000" lon="4.300460000">
        <ele>864.000</ele>
      </trkpt>
      <trkpt lat="45.113950000" lon="4.300310000">
        <ele>864.000</ele>
      </trkpt>
      <trkpt lat="45.113880000" lon="4.300120000">
        <ele>863.000</ele>
      </trkpt>
      <trkpt lat="45.113850000" lon="4.300040000">
        <ele>863.000</ele>
      </trkpt>
      <trkpt lat="45.113810000" lon="4.299870000">
        <ele>862.000</ele>
      </trkpt>
      <trkpt lat="45.113800000" lon="4.299750000">
        <ele>862.000</ele>
      </trkpt>
      <trkpt lat="45.113820000" lon="4.299620000">
        <ele>861.000</ele>
      </trkpt>
      <trkpt lat="45.113860000" lon="4.299500000">
        <ele>861.000</ele>
      </trkpt>
      <trkpt lat="45.113950000" lon="4.299330000">
        <ele>861.000</ele>
      </trkpt>
      <trkpt lat="45.114000000" lon="4.299220000">
        <ele>860.000</ele>
      </trkpt>
      <trkpt lat="45.114030000" lon="4.299090000">
        <ele>860.000</ele>
      </trkpt>
      <trkpt lat="45.114050000" lon="4.298940000">
        <ele>859.000</ele>
      </trkpt>
      <trkpt lat="45.114050000" lon="4.298690000">
        <ele>859.000</ele>
      </trkpt>
      <trkpt lat="45.114050000" lon="4.298460000">
        <ele>858.000</ele>
      </trkpt>
      <trkpt lat="45.114070000" lon="4.298280000">
        <ele>858.000</ele>
      </trkpt>
      <trkpt lat="45.114100000" lon="4.298180000">
        <ele>858.000</ele>
      </trkpt>
      <trkpt lat="45.114180000" lon="4.297990000">
        <ele>857.000</ele>
      </trkpt>
      <trkpt lat="45.114310000" lon="4.297670000">
        <ele>857.000</ele>
      </trkpt>
      <trkpt lat="45.114340000" lon="4.297580000">
        <ele>857.000</ele>
      </trkpt>
      <trkpt lat="45.114440000" lon="4.297270000">
        <ele>856.000</ele>
      </trkpt>
      <trkpt lat="45.114460000" lon="4.297100000">
        <ele>856.000</ele>
      </trkpt>
      <trkpt lat="45.114450000" lon="4.296920000">
        <ele>855.000</ele>
      </trkpt>
      <trkpt lat="45.114430000" lon="4.296720000">
        <ele>855.000</ele>
      </trkpt>
      <trkpt lat="45.114390000" lon="4.296580000">
        <ele>855.000</ele>
      </trkpt>
      <trkpt lat="45.114310000" lon="4.296280000">
        <ele>854.000</ele>
      </trkpt>
      <trkpt lat="45.114250000" lon="4.296080000">
        <ele>854.000</ele>
      </trkpt>
      <trkpt lat="45.114220000" lon="4.295860000">
        <ele>853.000</ele>
      </trkpt>
      <trkpt lat="45.114210000" lon="4.295670000">
        <ele>853.000</ele>
      </trkpt>
      <trkpt lat="45.114210000" lon="4.295560000">
        <ele>853.000</ele>
      </trkpt>
      <trkpt lat="45.114220000" lon="4.295330000">
        <ele>852.000</ele>
      </trkpt>
      <trkpt lat="45.114240000" lon="4.295050000">
        <ele>852.000</ele>
      </trkpt>
      <trkpt lat="45.114250000" lon="4.294980000">
        <ele>852.000</ele>
      </trkpt>
      <trkpt lat="45.114250000" lon="4.294940000">
        <ele>851.000</ele>
      </trkpt>
      <trkpt lat="45.114240000" lon="4.294910000">
        <ele>851.000</ele>
      </trkpt>
      <trkpt lat="45.114250000" lon="4.294690000">
        <ele>851.000</ele>
      </trkpt>
      <trkpt lat="45.114250000" lon="4.294600000">
        <ele>851.000</ele>
      </trkpt>
      <trkpt lat="45.114270000" lon="4.294370000">
        <ele>850.000</ele>
      </trkpt>
      <trkpt lat="45.114310000" lon="4.294370000">
        <ele>850.000</ele>
      </trkpt>
      <trkpt lat="45.114370000" lon="4.294360000">
        <ele>850.000</ele>
      </trkpt>
      <trkpt lat="45.114420000" lon="4.294320000">
        <ele>850.000</ele>
      </trkpt>
      <trkpt lat="45.114490000" lon="4.294210000">
        <ele>850.000</ele>
      </trkpt>
      <trkpt lat="45.114540000" lon="4.294060000">
        <ele>849.000</ele>
      </trkpt>
      <trkpt lat="45.114540000" lon="4.294060000">
        <ele>849.000</ele>
      </trkpt>
      <trkpt lat="45.114550000" lon="4.294050000">
        <ele>849.000</ele>
      </trkpt>
      <trkpt lat="45.114780000" lon="4.293430000">
        <ele>849.000</ele>
      </trkpt>
      <trkpt lat="45.114830000" lon="4.293080000">
        <ele>848.000</ele>
      </trkpt>
      <trkpt lat="45.114860000" lon="4.292960000">
        <ele>848.000</ele>
      </trkpt>
      <trkpt lat="45.115020000" lon="4.292680000">
        <ele>847.000</ele>
      </trkpt>
      <trkpt lat="45.115070000" lon="4.292620000">
        <ele>847.000</ele>
      </trkpt>
      <trkpt lat="45.115110000" lon="4.292580000">
        <ele>846.000</ele>
      </trkpt>
      <trkpt lat="45.115460000" lon="4.292420000">
        <ele>846.000</ele>
      </trkpt>
      <trkpt lat="45.115510000" lon="4.292410000">
        <ele>845.000</ele>
      </trkpt>
      <trkpt lat="45.115560000" lon="4.292410000">
        <ele>845.000</ele>
      </trkpt>
      <trkpt lat="45.115620000" lon="4.292430000">
        <ele>845.000</ele>
      </trkpt>
      <trkpt lat="45.115690000" lon="4.292450000">
        <ele>844.000</ele>
      </trkpt>
      <trkpt lat="45.115770000" lon="4.292440000">
        <ele>844.000</ele>
      </trkpt>
      <trkpt lat="45.115950000" lon="4.292370000">
        <ele>844.000</ele>
      </trkpt>
      <trkpt lat="45.116110000" lon="4.292340000">
        <ele>844.000</ele>
      </trkpt>
      <trkpt lat="45.116250000" lon="4.292330000">
        <ele>843.000</ele>
      </trkpt>
      <trkpt lat="45.116260000" lon="4.292300000">
        <ele>843.000</ele>
      </trkpt>
      <trkpt lat="45.116350000" lon="4.291940000">
        <ele>842.000</ele>
      </trkpt>
      <trkpt lat="45.116400000" lon="4.291740000">
        <ele>842.000</ele>
      </trkpt>
      <trkpt lat="45.116490000" lon="4.291430000">
        <ele>841.000</ele>
      </trkpt>
      <trkpt lat="45.116640000" lon="4.291000000">
        <ele>841.000</ele>
      </trkpt>
      <trkpt lat="45.116640000" lon="4.291000000">
        <ele>840.000</ele>
      </trkpt>
      <trkpt lat="45.116810000" lon="4.290490000">
        <ele>839.000</ele>
      </trkpt>
      <trkpt lat="45.117700000" lon="4.288960000">
        <ele>837.000</ele>
      </trkpt>
      <trkpt lat="45.117740000" lon="4.288880000">
        <ele>836.000</ele>
      </trkpt>
      <trkpt lat="45.117800000" lon="4.288780000">
        <ele>835.000</ele>
      </trkpt>
      <trkpt lat="45.118100000" lon="4.288320000">
        <ele>835.000</ele>
      </trkpt>
      <trkpt lat="45.117960000" lon="4.288250000">
        <ele>835.000</ele>
      </trkpt>
      <trkpt lat="45.117780000" lon="4.288150000">
        <ele>835.000</ele>
      </trkpt>
      <trkpt lat="45.117460000" lon="4.287970000">
        <ele>835.000</ele>
      </trkpt>
      <trkpt lat="45.117370000" lon="4.287920000">
        <ele>835.000</ele>
      </trkpt>
      <trkpt lat="45.116610000" lon="4.287530000">
        <ele>836.000</ele>
      </trkpt>
      <trkpt lat="45.116610000" lon="4.287530000">
        <ele>836.000</ele>
      </trkpt>
      <trkpt lat="45.116350000" lon="4.287400000">
        <ele>836.000</ele>
      </trkpt>
      <trkpt lat="45.116280000" lon="4.287350000">
        <ele>836.000</ele>
      </trkpt>
      <trkpt lat="45.116260000" lon="4.287320000">
        <ele>836.000</ele>
      </trkpt>
      <trkpt lat="45.116240000" lon="4.287280000">
        <ele>836.000</ele>
      </trkpt>
      <trkpt lat="45.116210000" lon="4.287230000">
        <ele>836.000</ele>
      </trkpt>
      <trkpt lat="45.116160000" lon="4.287140000">
        <ele>836.000</ele>
      </trkpt>
      <trkpt lat="45.115750000" lon="4.286590000">
        <ele>835.000</ele>
      </trkpt>
      <trkpt lat="45.115600000" lon="4.286290000">
        <ele>835.000</ele>
      </trkpt>
      <trkpt lat="45.115570000" lon="4.286060000">
        <ele>834.000</ele>
      </trkpt>
      <trkpt lat="45.115590000" lon="4.285920000">
        <ele>834.000</ele>
      </trkpt>
      <trkpt lat="45.115610000" lon="4.285680000">
        <ele>833.000</ele>
      </trkpt>
      <trkpt lat="45.115770000" lon="4.285160000">
        <ele>833.000</ele>
      </trkpt>
      <trkpt lat="45.115880000" lon="4.284600000">
        <ele>833.000</ele>
      </trkpt>
      <trkpt lat="45.115980000" lon="4.283150000">
        <ele>833.000</ele>
      </trkpt>
      <trkpt lat="45.115980000" lon="4.283150000">
        <ele>833.000</ele>
      </trkpt>
      <trkpt lat="45.116020000" lon="4.282500000">
        <ele>833.000</ele>
      </trkpt>
      <trkpt lat="45.116050000" lon="4.282130000">
        <ele>833.000</ele>
      </trkpt>
      <trkpt lat="45.116050000" lon="4.282020000">
        <ele>834.000</ele>
      </trkpt>
      <trkpt lat="45.116060000" lon="4.281870000">
        <ele>834.000</ele>
      </trkpt>
      <trkpt lat="45.116080000" lon="4.281720000">
        <ele>835.000</ele>
      </trkpt>
      <trkpt lat="45.116110000" lon="4.281260000">
        <ele>835.000</ele>
      </trkpt>
      <trkpt lat="45.116140000" lon="4.280810000">
        <ele>836.000</ele>
      </trkpt>
      <trkpt lat="45.116160000" lon="4.280500000">
        <ele>836.000</ele>
      </trkpt>
      <trkpt lat="45.116280000" lon="4.278950000">
        <ele>838.000</ele>
      </trkpt>
      <trkpt lat="45.116300000" lon="4.278670000">
        <ele>840.000</ele>
      </trkpt>
      <trkpt lat="45.116410000" lon="4.277140000">
        <ele>842.000</ele>
      </trkpt>
      <trkpt lat="45.116470000" lon="4.276700000">
        <ele>844.000</ele>
      </trkpt>
      <trkpt lat="45.116510000" lon="4.276390000">
        <ele>846.000</ele>
      </trkpt>
      <trkpt lat="45.116560000" lon="4.276160000">
        <ele>848.000</ele>
      </trkpt>
      <trkpt lat="45.116590000" lon="4.275960000">
        <ele>849.000</ele>
      </trkpt>
      <trkpt lat="45.116730000" lon="4.275290000">
        <ele>851.000</ele>
      </trkpt>
      <trkpt lat="45.116800000" lon="4.275100000">
        <ele>853.000</ele>
      </trkpt>
      <trkpt lat="45.116880000" lon="4.274950000">
        <ele>854.000</ele>
      </trkpt>
      <trkpt lat="45.117570000" lon="4.274030000">
        <ele>857.000</ele>
      </trkpt>
      <trkpt lat="45.117660000" lon="4.273950000">
        <ele>859.000</ele>
      </trkpt>
      <trkpt lat="45.117780000" lon="4.273880000">
        <ele>860.000</ele>
      </trkpt>
      <trkpt lat="45.117970000" lon="4.273900000">
        <ele>861.000</ele>
      </trkpt>
      <trkpt lat="45.118340000" lon="4.274000000">
        <ele>863.000</ele>
      </trkpt>
      <trkpt lat="45.118690000" lon="4.274080000">
        <ele>864.000</ele>
      </trkpt>
      <trkpt lat="45.118920000" lon="4.274110000">
        <ele>865.000</ele>
      </trkpt>
      <trkpt lat="45.119080000" lon="4.274080000">
        <ele>866.000</ele>
      </trkpt>
      <trkpt lat="45.119210000" lon="4.273950000">
        <ele>867.000</ele>
      </trkpt>
      <trkpt lat="45.119280000" lon="4.273810000">
        <ele>867.000</ele>
      </trkpt>
      <trkpt lat="45.119320000" lon="4.273610000">
        <ele>868.000</ele>
      </trkpt>
      <trkpt lat="45.119300000" lon="4.273330000">
        <ele>868.000</ele>
      </trkpt>
      <trkpt lat="45.119250000" lon="4.273040000">
        <ele>868.000</ele>
      </trkpt>
      <trkpt lat="45.119170000" lon="4.272780000">
        <ele>869.000</ele>
      </trkpt>
      <trkpt lat="45.119080000" lon="4.272620000">
        <ele>869.000</ele>
      </trkpt>
      <trkpt lat="45.118960000" lon="4.272490000">
        <ele>869.000</ele>
      </trkpt>
      <trkpt lat="45.118830000" lon="4.272390000">
        <ele>870.000</ele>
      </trkpt>
      <trkpt lat="45.118700000" lon="4.272330000">
        <ele>870.000</ele>
      </trkpt>
      <trkpt lat="45.118550000" lon="4.272290000">
        <ele>870.000</ele>
      </trkpt>
      <trkpt lat="45.117580000" lon="4.272220000">
        <ele>870.000</ele>
      </trkpt>
      <trkpt lat="45.117260000" lon="4.272170000">
        <ele>871.000</ele>
      </trkpt>
      <trkpt lat="45.117140000" lon="4.272110000">
        <ele>871.000</ele>
      </trkpt>
      <trkpt lat="45.117040000" lon="4.272000000">
        <ele>871.000</ele>
      </trkpt>
      <trkpt lat="45.116960000" lon="4.271870000">
        <ele>871.000</ele>
      </trkpt>
      <trkpt lat="45.116870000" lon="4.271690000">
        <ele>871.000</ele>
      </trkpt>
      <trkpt lat="45.116750000" lon="4.271310000">
        <ele>871.000</ele>
      </trkpt>
      <trkpt lat="45.116650000" lon="4.270780000">
        <ele>871.000</ele>
      </trkpt>
      <trkpt lat="45.116640000" lon="4.270620000">
        <ele>871.000</ele>
      </trkpt>
      <trkpt lat="45.116640000" lon="4.270620000">
        <ele>871.000</ele>
      </trkpt>
      <trkpt lat="45.116640000" lon="4.270550000">
        <ele>871.000</ele>
      </trkpt>
      <trkpt lat="45.116650000" lon="4.270390000">
        <ele>871.000</ele>
      </trkpt>
      <trkpt lat="45.116680000" lon="4.270220000">
        <ele>872.000</ele>
      </trkpt>
      <trkpt lat="45.116740000" lon="4.270060000">
        <ele>872.000</ele>
      </trkpt>
      <trkpt lat="45.117410000" lon="4.268430000">
        <ele>874.000</ele>
      </trkpt>
      <trkpt lat="45.117470000" lon="4.268220000">
        <ele>875.000</ele>
      </trkpt>
      <trkpt lat="45.117480000" lon="4.268040000">
        <ele>876.000</ele>
      </trkpt>
      <trkpt lat="45.117490000" lon="4.267830000">
        <ele>877.000</ele>
      </trkpt>
      <trkpt lat="45.117260000" lon="4.265900000">
        <ele>877.000</ele>
      </trkpt>
      <trkpt lat="45.117260000" lon="4.265640000">
        <ele>877.000</ele>
      </trkpt>
      <trkpt lat="45.117230000" lon="4.265340000">
        <ele>877.000</ele>
      </trkpt>
      <trkpt lat="45.117180000" lon="4.265180000">
        <ele>877.000</ele>
      </trkpt>
      <trkpt lat="45.116980000" lon="4.264510000">
        <ele>879.000</ele>
      </trkpt>
      <trkpt lat="45.116960000" lon="4.264280000">
        <ele>881.000</ele>
      </trkpt>
      <trkpt lat="45.116970000" lon="4.264080000">
        <ele>882.000</ele>
      </trkpt>
      <trkpt lat="45.117050000" lon="4.263720000">
        <ele>884.000</ele>
      </trkpt>
      <trkpt lat="45.117080000" lon="4.263460000">
        <ele>886.000</ele>
      </trkpt>
      <trkpt lat="45.117070000" lon="4.263370000">
        <ele>888.000</ele>
      </trkpt>
      <trkpt lat="45.117040000" lon="4.263240000">
        <ele>889.000</ele>
      </trkpt>
      <trkpt lat="45.116990000" lon="4.263130000">
        <ele>890.000</ele>
      </trkpt>
      <trkpt lat="45.116920000" lon="4.263030000">
        <ele>891.000</ele>
      </trkpt>
      <trkpt lat="45.116830000" lon="4.262940000">
        <ele>892.000</ele>
      </trkpt>
      <trkpt lat="45.116740000" lon="4.262900000">
        <ele>893.000</ele>
      </trkpt>
      <trkpt lat="45.116620000" lon="4.262870000">
        <ele>894.000</ele>
      </trkpt>
      <trkpt lat="45.115900000" lon="4.262770000">
        <ele>895.000</ele>
      </trkpt>
      <trkpt lat="45.115770000" lon="4.262720000">
        <ele>896.000</ele>
      </trkpt>
      <trkpt lat="45.115650000" lon="4.262630000">
        <ele>896.000</ele>
      </trkpt>
      <trkpt lat="45.115570000" lon="4.262510000">
        <ele>897.000</ele>
      </trkpt>
      <trkpt lat="45.115520000" lon="4.262370000">
        <ele>897.000</ele>
      </trkpt>
      <trkpt lat="45.115500000" lon="4.262220000">
        <ele>898.000</ele>
      </trkpt>
      <trkpt lat="45.115480000" lon="4.262040000">
        <ele>898.000</ele>
      </trkpt>
      <trkpt lat="45.115470000" lon="4.261620000">
        <ele>899.000</ele>
      </trkpt>
      <trkpt lat="45.115430000" lon="4.260450000">
        <ele>900.000</ele>
      </trkpt>
      <trkpt lat="45.115430000" lon="4.260280000">
        <ele>901.000</ele>
      </trkpt>
      <trkpt lat="45.115430000" lon="4.259980000">
        <ele>902.000</ele>
      </trkpt>
      <trkpt lat="45.115470000" lon="4.259520000">
        <ele>904.000</ele>
      </trkpt>
      <trkpt lat="45.115630000" lon="4.259090000">
        <ele>905.000</ele>
      </trkpt>
      <trkpt lat="45.116080000" lon="4.258260000">
        <ele>906.000</ele>
      </trkpt>
      <trkpt lat="45.116150000" lon="4.258100000">
        <ele>908.000</ele>
      </trkpt>
      <trkpt lat="45.116200000" lon="4.257910000">
        <ele>909.000</ele>
      </trkpt>
      <trkpt lat="45.116420000" lon="4.256530000">
        <ele>910.000</ele>
      </trkpt>
      <trkpt lat="45.116730000" lon="4.254860000">
        <ele>910.000</ele>
      </trkpt>
      <trkpt lat="45.116760000" lon="4.254720000">
        <ele>910.000</ele>
      </trkpt>
      <trkpt lat="45.116930000" lon="4.253800000">
        <ele>910.000</ele>
      </trkpt>
      <trkpt lat="45.117050000" lon="4.253430000">
        <ele>910.000</ele>
      </trkpt>
      <trkpt lat="45.117500000" lon="4.252110000">
        <ele>911.000</ele>
      </trkpt>
      <trkpt lat="45.117560000" lon="4.251930000">
        <ele>912.000</ele>
      </trkpt>
      <trkpt lat="45.117650000" lon="4.251680000">
        <ele>913.000</ele>
      </trkpt>
      <trkpt lat="45.117750000" lon="4.251410000">
        <ele>914.000</ele>
      </trkpt>
      <trkpt lat="45.117870000" lon="4.251140000">
        <ele>914.000</ele>
      </trkpt>
      <trkpt lat="45.118180000" lon="4.250620000">
        <ele>914.000</ele>
      </trkpt>
      <trkpt lat="45.118230000" lon="4.250530000">
        <ele>914.000</ele>
      </trkpt>
      <trkpt lat="45.118350000" lon="4.250190000">
        <ele>914.000</ele>
      </trkpt>
      <trkpt lat="45.118400000" lon="4.249970000">
        <ele>914.000</ele>
      </trkpt>
      <trkpt lat="45.118430000" lon="4.249760000">
        <ele>913.000</ele>
      </trkpt>
      <trkpt lat="45.118440000" lon="4.249570000">
        <ele>913.000</ele>
      </trkpt>
      <trkpt lat="45.118440000" lon="4.249370000">
        <ele>913.000</ele>
      </trkpt>
      <trkpt lat="45.118410000" lon="4.249200000">
        <ele>913.000</ele>
      </trkpt>
      <trkpt lat="45.118320000" lon="4.248720000">
        <ele>912.000</ele>
      </trkpt>
      <trkpt lat="45.118300000" lon="4.248520000">
        <ele>911.000</ele>
      </trkpt>
      <trkpt lat="45.118330000" lon="4.248210000">
        <ele>910.000</ele>
      </trkpt>
      <trkpt lat="45.118380000" lon="4.247960000">
        <ele>908.000</ele>
      </trkpt>
      <trkpt lat="45.118810000" lon="4.246240000">
        <ele>902.000</ele>
      </trkpt>
      <trkpt lat="45.119020000" lon="4.245550000">
        <ele>898.000</ele>
      </trkpt>
      <trkpt lat="45.119150000" lon="4.245140000">
        <ele>894.000</ele>
      </trkpt>
      <trkpt lat="45.119300000" lon="4.244760000">
        <ele>892.000</ele>
      </trkpt>
      <trkpt lat="45.119460000" lon="4.244430000">
        <ele>890.000</ele>
      </trkpt>
      <trkpt lat="45.119630000" lon="4.244110000">
        <ele>888.000</ele>
      </trkpt>
      <trkpt lat="45.119810000" lon="4.243800000">
        <ele>886.000</ele>
      </trkpt>
      <trkpt lat="45.120050000" lon="4.243500000">
        <ele>885.000</ele>
      </trkpt>
      <trkpt lat="45.121110000" lon="4.242240000">
        <ele>881.000</ele>
      </trkpt>
      <trkpt lat="45.121750000" lon="4.241460000">
        <ele>877.000</ele>
      </trkpt>
      <trkpt lat="45.122020000" lon="4.241140000">
        <ele>875.000</ele>
      </trkpt>
      <trkpt lat="45.122340000" lon="4.240770000">
        <ele>875.000</ele>
      </trkpt>
      <trkpt lat="45.124380000" lon="4.238340000">
        <ele>879.000</ele>
      </trkpt>
      <trkpt lat="45.124510000" lon="4.238170000">
        <ele>882.000</ele>
      </trkpt>
      <trkpt lat="45.124600000" lon="4.238000000">
        <ele>884.000</ele>
      </trkpt>
      <trkpt lat="45.124680000" lon="4.237790000">
        <ele>886.000</ele>
      </trkpt>
      <trkpt lat="45.124700000" lon="4.237700000">
        <ele>888.000</ele>
      </trkpt>
      <trkpt lat="45.124720000" lon="4.237590000">
        <ele>889.000</ele>
      </trkpt>
      <trkpt lat="45.124740000" lon="4.237330000">
        <ele>890.000</ele>
      </trkpt>
      <trkpt lat="45.124750000" lon="4.237050000">
        <ele>891.000</ele>
      </trkpt>
      <trkpt lat="45.124770000" lon="4.236800000">
        <ele>892.000</ele>
      </trkpt>
      <trkpt lat="45.124820000" lon="4.236590000">
        <ele>893.000</ele>
      </trkpt>
      <trkpt lat="45.124890000" lon="4.236410000">
        <ele>894.000</ele>
      </trkpt>
      <trkpt lat="45.124990000" lon="4.236260000">
        <ele>895.000</ele>
      </trkpt>
      <trkpt lat="45.125170000" lon="4.236040000">
        <ele>896.000</ele>
      </trkpt>
      <trkpt lat="45.125620000" lon="4.235520000">
        <ele>897.000</ele>
      </trkpt>
      <trkpt lat="45.125720000" lon="4.235390000">
        <ele>898.000</ele>
      </trkpt>
      <trkpt lat="45.125820000" lon="4.235240000">
        <ele>899.000</ele>
      </trkpt>
      <trkpt lat="45.125910000" lon="4.235030000">
        <ele>899.000</ele>
      </trkpt>
      <trkpt lat="45.125970000" lon="4.234830000">
        <ele>900.000</ele>
      </trkpt>
      <trkpt lat="45.126020000" lon="4.234540000">
        <ele>901.000</ele>
      </trkpt>
      <trkpt lat="45.126130000" lon="4.233590000">
        <ele>902.000</ele>
      </trkpt>
      <trkpt lat="45.126180000" lon="4.233280000">
        <ele>903.000</ele>
      </trkpt>
      <trkpt lat="45.126240000" lon="4.233070000">
        <ele>903.000</ele>
      </trkpt>
      <trkpt lat="45.126330000" lon="4.232850000">
        <ele>904.000</ele>
      </trkpt>
      <trkpt lat="45.127010000" lon="4.231700000">
        <ele>904.000</ele>
      </trkpt>
      <trkpt lat="45.127110000" lon="4.231540000">
        <ele>904.000</ele>
      </trkpt>
      <trkpt lat="45.127210000" lon="4.231410000">
        <ele>904.000</ele>
      </trkpt>
      <trkpt lat="45.127360000" lon="4.231260000">
        <ele>903.000</ele>
      </trkpt>
      <trkpt lat="45.127700000" lon="4.231000000">
        <ele>903.000</ele>
      </trkpt>
      <trkpt lat="45.127800000" lon="4.230890000">
        <ele>903.000</ele>
      </trkpt>
      <trkpt lat="45.127910000" lon="4.230750000">
        <ele>903.000</ele>
      </trkpt>
      <trkpt lat="45.128000000" lon="4.230570000">
        <ele>902.000</ele>
      </trkpt>
      <trkpt lat="45.128070000" lon="4.230400000">
        <ele>902.000</ele>
      </trkpt>
      <trkpt lat="45.128120000" lon="4.230220000">
        <ele>902.000</ele>
      </trkpt>
      <trkpt lat="45.128140000" lon="4.230010000">
        <ele>902.000</ele>
      </trkpt>
      <trkpt lat="45.128150000" lon="4.229710000">
        <ele>901.000</ele>
      </trkpt>
      <trkpt lat="45.128160000" lon="4.229450000">
        <ele>901.000</ele>
      </trkpt>
      <trkpt lat="45.128190000" lon="4.229210000">
        <ele>901.000</ele>
      </trkpt>
      <trkpt lat="45.128240000" lon="4.228980000">
        <ele>900.000</ele>
      </trkpt>
      <trkpt lat="45.128310000" lon="4.228800000">
        <ele>900.000</ele>
      </trkpt>
      <trkpt lat="45.128410000" lon="4.228600000">
        <ele>900.000</ele>
      </trkpt>
      <trkpt lat="45.128620000" lon="4.228300000">
        <ele>899.000</ele>
      </trkpt>
      <trkpt lat="45.128810000" lon="4.227980000">
        <ele>898.000</ele>
      </trkpt>
      <trkpt lat="45.128920000" lon="4.227750000">
        <ele>898.000</ele>
      </trkpt>
      <trkpt lat="45.129010000" lon="4.227510000">
        <ele>897.000</ele>
      </trkpt>
      <trkpt lat="45.129070000" lon="4.227300000">
        <ele>897.000</ele>
      </trkpt>
      <trkpt lat="45.129130000" lon="4.227070000">
        <ele>896.000</ele>
      </trkpt>
      <trkpt lat="45.129180000" lon="4.226770000">
        <ele>896.000</ele>
      </trkpt>
      <trkpt lat="45.129230000" lon="4.226370000">
        <ele>896.000</ele>
      </trkpt>
      <trkpt lat="45.129320000" lon="4.225620000">
        <ele>896.000</ele>
      </trkpt>
      <trkpt lat="45.129370000" lon="4.225340000">
        <ele>896.000</ele>
      </trkpt>
      <trkpt lat="45.129400000" lon="4.225120000">
        <ele>896.000</ele>
      </trkpt>
      <trkpt lat="45.129470000" lon="4.224890000">
        <ele>896.000</ele>
      </trkpt>
      <trkpt lat="45.129590000" lon="4.224620000">
        <ele>896.000</ele>
      </trkpt>
      <trkpt lat="45.129740000" lon="4.224370000">
        <ele>896.000</ele>
      </trkpt>
      <trkpt lat="45.129840000" lon="4.224190000">
        <ele>896.000</ele>
      </trkpt>
      <trkpt lat="45.129940000" lon="4.224000000">
        <ele>896.000</ele>
      </trkpt>
      <trkpt lat="45.130010000" lon="4.223760000">
        <ele>896.000</ele>
      </trkpt>
      <trkpt lat="45.130040000" lon="4.223570000">
        <ele>896.000</ele>
      </trkpt>
      <trkpt lat="45.130030000" lon="4.223340000">
        <ele>896.000</ele>
      </trkpt>
      <trkpt lat="45.129980000" lon="4.223120000">
        <ele>896.000</ele>
      </trkpt>
      <trkpt lat="45.129910000" lon="4.222970000">
        <ele>896.000</ele>
      </trkpt>
      <trkpt lat="45.129790000" lon="4.222800000">
        <ele>896.000</ele>
      </trkpt>
      <trkpt lat="45.129690000" lon="4.222680000">
        <ele>896.000</ele>
      </trkpt>
      <trkpt lat="45.129440000" lon="4.222530000">
        <ele>896.000</ele>
      </trkpt>
      <trkpt lat="45.129090000" lon="4.222330000">
        <ele>896.000</ele>
      </trkpt>
      <trkpt lat="45.128970000" lon="4.222250000">
        <ele>895.000</ele>
      </trkpt>
      <trkpt lat="45.128840000" lon="4.222110000">
        <ele>895.000</ele>
      </trkpt>
      <trkpt lat="45.128720000" lon="4.221930000">
        <ele>895.000</ele>
      </trkpt>
      <trkpt lat="45.128620000" lon="4.221730000">
        <ele>895.000</ele>
      </trkpt>
      <trkpt lat="45.128530000" lon="4.221400000">
        <ele>895.000</ele>
      </trkpt>
      <trkpt lat="45.128190000" lon="4.220190000">
        <ele>895.000</ele>
      </trkpt>
      <trkpt lat="45.128100000" lon="4.219920000">
        <ele>895.000</ele>
      </trkpt>
      <trkpt lat="45.127990000" lon="4.219700000">
        <ele>896.000</ele>
      </trkpt>
      <trkpt lat="45.127850000" lon="4.219480000">
        <ele>896.000</ele>
      </trkpt>
      <trkpt lat="45.127690000" lon="4.219300000">
        <ele>897.000</ele>
      </trkpt>
      <trkpt lat="45.127510000" lon="4.219160000">
        <ele>898.000</ele>
      </trkpt>
      <trkpt lat="45.127260000" lon="4.218990000">
        <ele>899.000</ele>
      </trkpt>
      <trkpt lat="45.127090000" lon="4.218840000">
        <ele>900.000</ele>
      </trkpt>
      <trkpt lat="45.126970000" lon="4.218650000">
        <ele>901.000</ele>
      </trkpt>
      <trkpt lat="45.126880000" lon="4.218440000">
        <ele>902.000</ele>
      </trkpt>
      <trkpt lat="45.126810000" lon="4.218230000">
        <ele>903.000</ele>
      </trkpt>
      <trkpt lat="45.126780000" lon="4.217970000">
        <ele>903.000</ele>
      </trkpt>
      <trkpt lat="45.126790000" lon="4.217740000">
        <ele>904.000</ele>
      </trkpt>
      <trkpt lat="45.126810000" lon="4.217540000">
        <ele>905.000</ele>
      </trkpt>
      <trkpt lat="45.126870000" lon="4.217320000">
        <ele>906.000</ele>
      </trkpt>
      <trkpt lat="45.126980000" lon="4.217140000">
        <ele>907.000</ele>
      </trkpt>
      <trkpt lat="45.127130000" lon="4.216980000">
        <ele>908.000</ele>
      </trkpt>
      <trkpt lat="45.127300000" lon="4.216860000">
        <ele>909.000</ele>
      </trkpt>
      <trkpt lat="45.128340000" lon="4.216480000">
        <ele>911.000</ele>
      </trkpt>
      <trkpt lat="45.129070000" lon="4.216220000">
        <ele>913.000</ele>
      </trkpt>
      <trkpt lat="45.129420000" lon="4.216090000">
        <ele>913.000</ele>
      </trkpt>
      <trkpt lat="45.129600000" lon="4.215990000">
        <ele>914.000</ele>
      </trkpt>
      <trkpt lat="45.129730000" lon="4.215890000">
        <ele>914.000</ele>
      </trkpt>
      <trkpt lat="45.129860000" lon="4.215780000">
        <ele>914.000</ele>
      </trkpt>
      <trkpt lat="45.129970000" lon="4.215640000">
        <ele>914.000</ele>
      </trkpt>
      <trkpt lat="45.130090000" lon="4.215440000">
        <ele>914.000</ele>
      </trkpt>
      <trkpt lat="45.130180000" lon="4.215230000">
        <ele>914.000</ele>
      </trkpt>
      <trkpt lat="45.130250000" lon="4.214960000">
        <ele>914.000</ele>
      </trkpt>
      <trkpt lat="45.130300000" lon="4.214710000">
        <ele>914.000</ele>
      </trkpt>
      <trkpt lat="45.130310000" lon="4.214420000">
        <ele>914.000</ele>
      </trkpt>
      <trkpt lat="45.130290000" lon="4.214120000">
        <ele>914.000</ele>
      </trkpt>
      <trkpt lat="45.130240000" lon="4.213800000">
        <ele>914.000</ele>
      </trkpt>
      <trkpt lat="45.130040000" lon="4.212740000">
        <ele>914.000</ele>
      </trkpt>
      <trkpt lat="45.129980000" lon="4.212430000">
        <ele>914.000</ele>
      </trkpt>
      <trkpt lat="45.129950000" lon="4.212150000">
        <ele>914.000</ele>
      </trkpt>
      <trkpt lat="45.129940000" lon="4.211890000">
        <ele>915.000</ele>
      </trkpt>
      <trkpt lat="45.129950000" lon="4.211630000">
        <ele>916.000</ele>
      </trkpt>
      <trkpt lat="45.129980000" lon="4.211380000">
        <ele>916.000</ele>
      </trkpt>
      <trkpt lat="45.130020000" lon="4.211110000">
        <ele>917.000</ele>
      </trkpt>
      <trkpt lat="45.130120000" lon="4.210720000">
        <ele>918.000</ele>
      </trkpt>
      <trkpt lat="45.130400000" lon="4.209930000">
        <ele>919.000</ele>
      </trkpt>
      <trkpt lat="45.130450000" lon="4.209700000">
        <ele>921.000</ele>
      </trkpt>
      <trkpt lat="45.130480000" lon="4.209500000">
        <ele>921.000</ele>
      </trkpt>
      <trkpt lat="45.130510000" lon="4.208690000">
        <ele>922.000</ele>
      </trkpt>
      <trkpt lat="45.130520000" lon="4.208500000">
        <ele>922.000</ele>
      </trkpt>
      <trkpt lat="45.130560000" lon="4.208260000">
        <ele>922.000</ele>
      </trkpt>
      <trkpt lat="45.130830000" lon="4.206720000">
        <ele>923.000</ele>
      </trkpt>
      <trkpt lat="45.130940000" lon="4.206120000">
        <ele>922.000</ele>
      </trkpt>
      <trkpt lat="45.131060000" lon="4.205490000">
        <ele>921.000</ele>
      </trkpt>
      <trkpt lat="45.131130000" lon="4.205050000">
        <ele>919.000</ele>
      </trkpt>
      <trkpt lat="45.131420000" lon="4.203360000">
        <ele>916.000</ele>
      </trkpt>
      <trkpt lat="45.131500000" lon="4.202930000">
        <ele>914.000</ele>
      </trkpt>
      <trkpt lat="45.131710000" lon="4.201750000">
        <ele>912.000</ele>
      </trkpt>
      <trkpt lat="45.131840000" lon="4.201060000">
        <ele>911.000</ele>
      </trkpt>
      <trkpt lat="45.131890000" lon="4.200900000">
        <ele>910.000</ele>
      </trkpt>
      <trkpt lat="45.131990000" lon="4.200640000">
        <ele>909.000</ele>
      </trkpt>
      <trkpt lat="45.132110000" lon="4.200500000">
        <ele>909.000</ele>
      </trkpt>
      <trkpt lat="45.132260000" lon="4.200330000">
        <ele>908.000</ele>
      </trkpt>
      <trkpt lat="45.132410000" lon="4.200220000">
        <ele>907.000</ele>
      </trkpt>
      <trkpt lat="45.132550000" lon="4.200150000">
        <ele>906.000</ele>
      </trkpt>
      <trkpt lat="45.132640000" lon="4.200110000">
        <ele>906.000</ele>
      </trkpt>
      <trkpt lat="45.133440000" lon="4.199870000">
        <ele>904.000</ele>
      </trkpt>
      <trkpt lat="45.133650000" lon="4.199790000">
        <ele>903.000</ele>
      </trkpt>
      <trkpt lat="45.133890000" lon="4.199670000">
        <ele>902.000</ele>
      </trkpt>
      <trkpt lat="45.134590000" lon="4.199240000">
        <ele>903.000</ele>
      </trkpt>
      <trkpt lat="45.134790000" lon="4.199110000">
        <ele>903.000</ele>
      </trkpt>
      <trkpt lat="45.135020000" lon="4.198950000">
        <ele>903.000</ele>
      </trkpt>
      <trkpt lat="45.135250000" lon="4.198760000">
        <ele>904.000</ele>
      </trkpt>
      <trkpt lat="45.135410000" lon="4.198620000">
        <ele>904.000</ele>
      </trkpt>
      <trkpt lat="45.135450000" lon="4.198580000">
        <ele>905.000</ele>
      </trkpt>
      <trkpt lat="45.135580000" lon="4.198460000">
        <ele>905.000</ele>
      </trkpt>
      <trkpt lat="45.135760000" lon="4.198190000">
        <ele>905.000</ele>
      </trkpt>
      <trkpt lat="45.136250000" lon="4.197430000">
        <ele>904.000</ele>
      </trkpt>
      <trkpt lat="45.136630000" lon="4.196860000">
        <ele>903.000</ele>
      </trkpt>
      <trkpt lat="45.136840000" lon="4.196480000">
        <ele>902.000</ele>
      </trkpt>
      <trkpt lat="45.136910000" lon="4.196360000">
        <ele>901.000</ele>
      </trkpt>
      <trkpt lat="45.137330000" lon="4.195620000">
        <ele>899.000</ele>
      </trkpt>
      <trkpt lat="45.137330000" lon="4.195620000">
        <ele>898.000</ele>
      </trkpt>
      <trkpt lat="45.138110000" lon="4.194240000">
        <ele>894.000</ele>
      </trkpt>
      <trkpt lat="45.138380000" lon="4.193750000">
        <ele>891.000</ele>
      </trkpt>
      <trkpt lat="45.138580000" lon="4.193440000">
        <ele>889.000</ele>
      </trkpt>
      <trkpt lat="45.138820000" lon="4.193120000">
        <ele>888.000</ele>
      </trkpt>
      <trkpt lat="45.139080000" lon="4.192780000">
        <ele>888.000</ele>
      </trkpt>
      <trkpt lat="45.139160000" lon="4.192650000">
        <ele>887.000</ele>
      </trkpt>
      <trkpt lat="45.139250000" lon="4.192520000">
        <ele>887.000</ele>
      </trkpt>
      <trkpt lat="45.139310000" lon="4.192360000">
        <ele>887.000</ele>
      </trkpt>
      <trkpt lat="45.139410000" lon="4.191980000">
        <ele>887.000</ele>
      </trkpt>
      <trkpt lat="45.139460000" lon="4.191780000">
        <ele>886.000</ele>
      </trkpt>
      <trkpt lat="45.139480000" lon="4.191590000">
        <ele>886.000</ele>
      </trkpt>
      <trkpt lat="45.139480000" lon="4.191320000">
        <ele>885.000</ele>
      </trkpt>
      <trkpt lat="45.139440000" lon="4.191030000">
        <ele>885.000</ele>
      </trkpt>
      <trkpt lat="45.139360000" lon="4.190600000">
        <ele>884.000</ele>
      </trkpt>
      <trkpt lat="45.139250000" lon="4.190200000">
        <ele>883.000</ele>
      </trkpt>
      <trkpt lat="45.139160000" lon="4.189960000">
        <ele>882.000</ele>
      </trkpt>
      <trkpt lat="45.139100000" lon="4.189760000">
        <ele>881.000</ele>
      </trkpt>
      <trkpt lat="45.139070000" lon="4.189560000">
        <ele>880.000</ele>
      </trkpt>
      <trkpt lat="45.139060000" lon="4.189350000">
        <ele>879.000</ele>
      </trkpt>
      <trkpt lat="45.139080000" lon="4.189130000">
        <ele>878.000</ele>
      </trkpt>
      <trkpt lat="45.139140000" lon="4.188940000">
        <ele>877.000</ele>
      </trkpt>
      <trkpt lat="45.139230000" lon="4.188730000">
        <ele>876.000</ele>
      </trkpt>
      <trkpt lat="45.139440000" lon="4.188340000">
        <ele>874.000</ele>
      </trkpt>
      <trkpt lat="45.139780000" lon="4.187830000">
        <ele>871.000</ele>
      </trkpt>
      <trkpt lat="45.139850000" lon="4.187680000">
        <ele>869.000</ele>
      </trkpt>
      <trkpt lat="45.139870000" lon="4.187490000">
        <ele>867.000</ele>
      </trkpt>
      <trkpt lat="45.139870000" lon="4.187310000">
        <ele>865.000</ele>
      </trkpt>
      <trkpt lat="45.139850000" lon="4.187100000">
        <ele>864.000</ele>
      </trkpt>
      <trkpt lat="45.139810000" lon="4.186810000">
        <ele>862.000</ele>
      </trkpt>
      <trkpt lat="45.139730000" lon="4.186530000">
        <ele>860.000</ele>
      </trkpt>
      <trkpt lat="45.139590000" lon="4.186160000">
        <ele>859.000</ele>
      </trkpt>
      <trkpt lat="45.139390000" lon="4.185750000">
        <ele>856.000</ele>
      </trkpt>
      <trkpt lat="45.139250000" lon="4.185580000">
        <ele>854.000</ele>
      </trkpt>
      <trkpt lat="45.138990000" lon="4.185420000">
        <ele>852.000</ele>
      </trkpt>
      <trkpt lat="45.137730000" lon="4.184860000">
        <ele>847.000</ele>
      </trkpt>
      <trkpt lat="45.137580000" lon="4.184760000">
        <ele>844.000</ele>
      </trkpt>
      <trkpt lat="45.137450000" lon="4.184730000">
        <ele>842.000</ele>
      </trkpt>
      <trkpt lat="45.137340000" lon="4.184770000">
        <ele>840.000</ele>
      </trkpt>
      <trkpt lat="45.137280000" lon="4.184900000">
        <ele>839.000</ele>
      </trkpt>
      <trkpt lat="45.137270000" lon="4.185050000">
        <ele>839.000</ele>
      </trkpt>
      <trkpt lat="45.137260000" lon="4.185170000">
        <ele>838.000</ele>
      </trkpt>
      <trkpt lat="45.137320000" lon="4.185590000">
        <ele>838.000</ele>
      </trkpt>
      <trkpt lat="45.137340000" lon="4.185740000">
        <ele>837.000</ele>
      </trkpt>
      <trkpt lat="45.137320000" lon="4.185880000">
        <ele>837.000</ele>
      </trkpt>
      <trkpt lat="45.137290000" lon="4.186010000">
        <ele>837.000</ele>
      </trkpt>
      <trkpt lat="45.137240000" lon="4.186180000">
        <ele>837.000</ele>
      </trkpt>
      <trkpt lat="45.137060000" lon="4.186570000">
        <ele>837.000</ele>
      </trkpt>
      <trkpt lat="45.136980000" lon="4.186730000">
        <ele>837.000</ele>
      </trkpt>
      <trkpt lat="45.136880000" lon="4.186870000">
        <ele>836.000</ele>
      </trkpt>
      <trkpt lat="45.136700000" lon="4.187080000">
        <ele>835.000</ele>
      </trkpt>
      <trkpt lat="45.136470000" lon="4.187340000">
        <ele>834.000</ele>
      </trkpt>
      <trkpt lat="45.136330000" lon="4.187440000">
        <ele>832.000</ele>
      </trkpt>
      <trkpt lat="45.136210000" lon="4.187490000">
        <ele>831.000</ele>
      </trkpt>
      <trkpt lat="45.136050000" lon="4.187530000">
        <ele>829.000</ele>
      </trkpt>
      <trkpt lat="45.135900000" lon="4.187590000">
        <ele>828.000</ele>
      </trkpt>
      <trkpt lat="45.135780000" lon="4.187670000">
        <ele>826.000</ele>
      </trkpt>
      <trkpt lat="45.135500000" lon="4.187860000">
        <ele>824.000</ele>
      </trkpt>
      <trkpt lat="45.135310000" lon="4.187980000">
        <ele>822.000</ele>
      </trkpt>
      <trkpt lat="45.135230000" lon="4.188040000">
        <ele>821.000</ele>
      </trkpt>
      <trkpt lat="45.135190000" lon="4.188100000">
        <ele>820.000</ele>
      </trkpt>
      <trkpt lat="45.135140000" lon="4.188180000">
        <ele>819.000</ele>
      </trkpt>
      <trkpt lat="45.135060000" lon="4.188370000">
        <ele>818.000</ele>
      </trkpt>
      <trkpt lat="45.135000000" lon="4.188460000">
        <ele>817.000</ele>
      </trkpt>
      <trkpt lat="45.134930000" lon="4.188540000">
        <ele>817.000</ele>
      </trkpt>
      <trkpt lat="45.134590000" lon="4.188860000">
        <ele>816.000</ele>
      </trkpt>
      <trkpt lat="45.134500000" lon="4.188960000">
        <ele>815.000</ele>
      </trkpt>
      <trkpt lat="45.134420000" lon="4.189080000">
        <ele>814.000</ele>
      </trkpt>
      <trkpt lat="45.134370000" lon="4.189150000">
        <ele>813.000</ele>
      </trkpt>
      <trkpt lat="45.134320000" lon="4.189190000">
        <ele>813.000</ele>
      </trkpt>
      <trkpt lat="45.134250000" lon="4.189200000">
        <ele>812.000</ele>
      </trkpt>
      <trkpt lat="45.134170000" lon="4.189190000">
        <ele>812.000</ele>
      </trkpt>
      <trkpt lat="45.134110000" lon="4.189140000">
        <ele>811.000</ele>
      </trkpt>
      <trkpt lat="45.133700000" lon="4.188700000">
        <ele>810.000</ele>
      </trkpt>
      <trkpt lat="45.133510000" lon="4.188470000">
        <ele>809.000</ele>
      </trkpt>
      <trkpt lat="45.133400000" lon="4.188290000">
        <ele>809.000</ele>
      </trkpt>
      <trkpt lat="45.133330000" lon="4.188130000">
        <ele>808.000</ele>
      </trkpt>
      <trkpt lat="45.133280000" lon="4.188000000">
        <ele>808.000</ele>
      </trkpt>
      <trkpt lat="45.133260000" lon="4.187880000">
        <ele>808.000</ele>
      </trkpt>
      <trkpt lat="45.133260000" lon="4.187790000">
        <ele>808.000</ele>
      </trkpt>
      <trkpt lat="45.133280000" lon="4.187680000">
        <ele>808.000</ele>
      </trkpt>
      <trkpt lat="45.133290000" lon="4.187640000">
        <ele>808.000</ele>
      </trkpt>
      <trkpt lat="45.133440000" lon="4.187280000">
        <ele>808.000</ele>
      </trkpt>
      <trkpt lat="45.133470000" lon="4.187240000">
        <ele>808.000</ele>
      </trkpt>
      <trkpt lat="45.133500000" lon="4.187230000">
        <ele>808.000</ele>
      </trkpt>
      <trkpt lat="45.133570000" lon="4.187210000">
        <ele>808.000</ele>
      </trkpt>
      <trkpt lat="45.133720000" lon="4.187210000">
        <ele>808.000</ele>
      </trkpt>
      <trkpt lat="45.133840000" lon="4.187200000">
        <ele>808.000</ele>
      </trkpt>
      <trkpt lat="45.133940000" lon="4.187160000">
        <ele>808.000</ele>
      </trkpt>
      <trkpt lat="45.134030000" lon="4.187100000">
        <ele>808.000</ele>
      </trkpt>
      <trkpt lat="45.134400000" lon="4.186700000">
        <ele>808.000</ele>
      </trkpt>
      <trkpt lat="45.134700000" lon="4.186320000">
        <ele>810.000</ele>
      </trkpt>
      <trkpt lat="45.134950000" lon="4.186100000">
        <ele>811.000</ele>
      </trkpt>
      <trkpt lat="45.135230000" lon="4.185930000">
        <ele>813.000</ele>
      </trkpt>
      <trkpt lat="45.135360000" lon="4.185780000">
        <ele>814.000</ele>
      </trkpt>
      <trkpt lat="45.135420000" lon="4.185630000">
        <ele>815.000</ele>
      </trkpt>
      <trkpt lat="45.135460000" lon="4.185440000">
        <ele>816.000</ele>
      </trkpt>
      <trkpt lat="45.135480000" lon="4.185270000">
        <ele>817.000</ele>
      </trkpt>
      <trkpt lat="45.135480000" lon="4.184460000">
        <ele>817.000</ele>
      </trkpt>
      <trkpt lat="45.135470000" lon="4.184280000">
        <ele>817.000</ele>
      </trkpt>
      <trkpt lat="45.135430000" lon="4.184090000">
        <ele>817.000</ele>
      </trkpt>
      <trkpt lat="45.135390000" lon="4.183940000">
        <ele>817.000</ele>
      </trkpt>
      <trkpt lat="45.135320000" lon="4.183800000">
        <ele>817.000</ele>
      </trkpt>
      <trkpt lat="45.135230000" lon="4.183640000">
        <ele>817.000</ele>
      </trkpt>
      <trkpt lat="45.135110000" lon="4.183500000">
        <ele>817.000</ele>
      </trkpt>
      <trkpt lat="45.134360000" lon="4.182980000">
        <ele>816.000</ele>
      </trkpt>
      <trkpt lat="45.134230000" lon="4.182890000">
        <ele>816.000</ele>
      </trkpt>
      <trkpt lat="45.134160000" lon="4.182810000">
        <ele>816.000</ele>
      </trkpt>
      <trkpt lat="45.134110000" lon="4.182760000">
        <ele>816.000</ele>
      </trkpt>
      <trkpt lat="45.134070000" lon="4.182690000">
        <ele>816.000</ele>
      </trkpt>
      <trkpt lat="45.133970000" lon="4.182540000">
        <ele>817.000</ele>
      </trkpt>
      <trkpt lat="45.133890000" lon="4.182390000">
        <ele>817.000</ele>
      </trkpt>
      <trkpt lat="45.133810000" lon="4.182300000">
        <ele>817.000</ele>
      </trkpt>
      <trkpt lat="45.133540000" lon="4.182070000">
        <ele>818.000</ele>
      </trkpt>
      <trkpt lat="45.133480000" lon="4.182010000">
        <ele>818.000</ele>
      </trkpt>
      <trkpt lat="45.133440000" lon="4.181910000">
        <ele>818.000</ele>
      </trkpt>
      <trkpt lat="45.133430000" lon="4.181800000">
        <ele>819.000</ele>
      </trkpt>
      <trkpt lat="45.133440000" lon="4.181700000">
        <ele>819.000</ele>
      </trkpt>
      <trkpt lat="45.133480000" lon="4.181630000">
        <ele>819.000</ele>
      </trkpt>
      <trkpt lat="45.133540000" lon="4.181570000">
        <ele>819.000</ele>
      </trkpt>
      <trkpt lat="45.133610000" lon="4.181530000">
        <ele>820.000</ele>
      </trkpt>
      <trkpt lat="45.134050000" lon="4.181430000">
        <ele>820.000</ele>
      </trkpt>
      <trkpt lat="45.134130000" lon="4.181370000">
        <ele>821.000</ele>
      </trkpt>
      <trkpt lat="45.134200000" lon="4.181250000">
        <ele>821.000</ele>
      </trkpt>
      <trkpt lat="45.134240000" lon="4.181110000">
        <ele>821.000</ele>
      </trkpt>
      <trkpt lat="45.134280000" lon="4.180930000">
        <ele>821.000</ele>
      </trkpt>
      <trkpt lat="45.134290000" lon="4.180680000">
        <ele>821.000</ele>
      </trkpt>
      <trkpt lat="45.134270000" lon="4.180470000">
        <ele>821.000</ele>
      </trkpt>
      <trkpt lat="45.134240000" lon="4.180300000">
        <ele>821.000</ele>
      </trkpt>
      <trkpt lat="45.134150000" lon="4.180120000">
        <ele>821.000</ele>
      </trkpt>
      <trkpt lat="45.134050000" lon="4.179990000">
        <ele>821.000</ele>
      </trkpt>
      <trkpt lat="45.133990000" lon="4.179810000">
        <ele>821.000</ele>
      </trkpt>
      <trkpt lat="45.133920000" lon="4.179430000">
        <ele>821.000</ele>
      </trkpt>
      <trkpt lat="45.133860000" lon="4.179140000">
        <ele>821.000</ele>
      </trkpt>
      <trkpt lat="45.133770000" lon="4.178860000">
        <ele>821.000</ele>
      </trkpt>
      <trkpt lat="45.133740000" lon="4.178740000">
        <ele>821.000</ele>
      </trkpt>
      <trkpt lat="45.133750000" lon="4.178630000">
        <ele>821.000</ele>
      </trkpt>
      <trkpt lat="45.133790000" lon="4.178510000">
        <ele>821.000</ele>
      </trkpt>
      <trkpt lat="45.133840000" lon="4.178460000">
        <ele>821.000</ele>
      </trkpt>
      <trkpt lat="45.133920000" lon="4.178410000">
        <ele>821.000</ele>
      </trkpt>
      <trkpt lat="45.134020000" lon="4.178390000">
        <ele>821.000</ele>
      </trkpt>
      <trkpt lat="45.134120000" lon="4.178410000">
        <ele>821.000</ele>
      </trkpt>
      <trkpt lat="45.134710000" lon="4.178550000">
        <ele>822.000</ele>
      </trkpt>
      <trkpt lat="45.134820000" lon="4.178570000">
        <ele>822.000</ele>
      </trkpt>
      <trkpt lat="45.134940000" lon="4.178580000">
        <ele>822.000</ele>
      </trkpt>
      <trkpt lat="45.135050000" lon="4.178540000">
        <ele>823.000</ele>
      </trkpt>
      <trkpt lat="45.135240000" lon="4.178440000">
        <ele>823.000</ele>
      </trkpt>
      <trkpt lat="45.135680000" lon="4.178140000">
        <ele>824.000</ele>
      </trkpt>
      <trkpt lat="45.135820000" lon="4.178070000">
        <ele>825.000</ele>
      </trkpt>
      <trkpt lat="45.135920000" lon="4.178050000">
        <ele>826.000</ele>
      </trkpt>
      <trkpt lat="45.136000000" lon="4.178080000">
        <ele>827.000</ele>
      </trkpt>
      <trkpt lat="45.136090000" lon="4.178130000">
        <ele>828.000</ele>
      </trkpt>
      <trkpt lat="45.136150000" lon="4.178220000">
        <ele>829.000</ele>
      </trkpt>
      <trkpt lat="45.136190000" lon="4.178320000">
        <ele>829.000</ele>
      </trkpt>
      <trkpt lat="45.136200000" lon="4.178350000">
        <ele>830.000</ele>
      </trkpt>
      <trkpt lat="45.136220000" lon="4.178430000">
        <ele>830.000</ele>
      </trkpt>
      <trkpt lat="45.136240000" lon="4.178550000">
        <ele>831.000</ele>
      </trkpt>
      <trkpt lat="45.136250000" lon="4.178980000">
        <ele>832.000</ele>
      </trkpt>
      <trkpt lat="45.136270000" lon="4.179110000">
        <ele>833.000</ele>
      </trkpt>
      <trkpt lat="45.136310000" lon="4.179220000">
        <ele>833.000</ele>
      </trkpt>
      <trkpt lat="45.136380000" lon="4.179310000">
        <ele>834.000</ele>
      </trkpt>
      <trkpt lat="45.136410000" lon="4.179340000">
        <ele>835.000</ele>
      </trkpt>
      <trkpt lat="45.136460000" lon="4.179380000">
        <ele>835.000</ele>
      </trkpt>
      <trkpt lat="45.136540000" lon="4.179420000">
        <ele>835.000</ele>
      </trkpt>
      <trkpt lat="45.136640000" lon="4.179430000">
        <ele>836.000</ele>
      </trkpt>
      <trkpt lat="45.136780000" lon="4.179410000">
        <ele>836.000</ele>
      </trkpt>
      <trkpt lat="45.137370000" lon="4.179340000">
        <ele>837.000</ele>
      </trkpt>
      <trkpt lat="45.137560000" lon="4.179270000">
        <ele>838.000</ele>
      </trkpt>
      <trkpt lat="45.137730000" lon="4.179180000">
        <ele>839.000</ele>
      </trkpt>
      <trkpt lat="45.137880000" lon="4.179070000">
        <ele>840.000</ele>
      </trkpt>
      <trkpt lat="45.138190000" lon="4.178780000">
        <ele>841.000</ele>
      </trkpt>
      <trkpt lat="45.138580000" lon="4.178410000">
        <ele>843.000</ele>
      </trkpt>
      <trkpt lat="45.138710000" lon="4.178260000">
        <ele>845.000</ele>
      </trkpt>
      <trkpt lat="45.138800000" lon="4.178120000">
        <ele>846.000</ele>
      </trkpt>
      <trkpt lat="45.138880000" lon="4.177970000">
        <ele>847.000</ele>
      </trkpt>
      <trkpt lat="45.138960000" lon="4.177770000">
        <ele>848.000</ele>
      </trkpt>
      <trkpt lat="45.139020000" lon="4.177560000">
        <ele>849.000</ele>
      </trkpt>
      <trkpt lat="45.139090000" lon="4.177380000">
        <ele>850.000</ele>
      </trkpt>
      <trkpt lat="45.139180000" lon="4.177200000">
        <ele>851.000</ele>
      </trkpt>
      <trkpt lat="45.139280000" lon="4.177040000">
        <ele>852.000</ele>
      </trkpt>
      <trkpt lat="45.139430000" lon="4.176870000">
        <ele>853.000</ele>
      </trkpt>
      <trkpt lat="45.139650000" lon="4.176620000">
        <ele>855.000</ele>
      </trkpt>
      <trkpt lat="45.139760000" lon="4.176520000">
        <ele>856.000</ele>
      </trkpt>
      <trkpt lat="45.139900000" lon="4.176440000">
        <ele>858.000</ele>
      </trkpt>
      <trkpt lat="45.140040000" lon="4.176370000">
        <ele>859.000</ele>
      </trkpt>
      <trkpt lat="45.140390000" lon="4.176250000">
        <ele>861.000</ele>
      </trkpt>
      <trkpt lat="45.140650000" lon="4.176190000">
        <ele>863.000</ele>
      </trkpt>
      <trkpt lat="45.140790000" lon="4.176170000">
        <ele>865.000</ele>
      </trkpt>
      <trkpt lat="45.140860000" lon="4.176150000">
        <ele>866.000</ele>
      </trkpt>
      <trkpt lat="45.140930000" lon="4.176100000">
        <ele>867.000</ele>
      </trkpt>
      <trkpt lat="45.141000000" lon="4.176020000">
        <ele>868.000</ele>
      </trkpt>
      <trkpt lat="45.141170000" lon="4.175800000">
        <ele>870.000</ele>
      </trkpt>
      <trkpt lat="45.141290000" lon="4.175630000">
        <ele>871.000</ele>
      </trkpt>
      <trkpt lat="45.141370000" lon="4.175560000">
        <ele>872.000</ele>
      </trkpt>
      <trkpt lat="45.141500000" lon="4.175460000">
        <ele>872.000</ele>
      </trkpt>
      <trkpt lat="45.141560000" lon="4.175420000">
        <ele>873.000</ele>
      </trkpt>
      <trkpt lat="45.141620000" lon="4.175380000">
        <ele>873.000</ele>
      </trkpt>
      <trkpt lat="45.141800000" lon="4.175280000">
        <ele>873.000</ele>
      </trkpt>
      <trkpt lat="45.142020000" lon="4.175130000">
        <ele>874.000</ele>
      </trkpt>
      <trkpt lat="45.142140000" lon="4.175020000">
        <ele>874.000</ele>
      </trkpt>
      <trkpt lat="45.142230000" lon="4.174890000">
        <ele>874.000</ele>
      </trkpt>
      <trkpt lat="45.142300000" lon="4.174760000">
        <ele>875.000</ele>
      </trkpt>
      <trkpt lat="45.142360000" lon="4.174600000">
        <ele>875.000</ele>
      </trkpt>
      <trkpt lat="45.142410000" lon="4.174450000">
        <ele>875.000</ele>
      </trkpt>
      <trkpt lat="45.142460000" lon="4.174270000">
        <ele>876.000</ele>
      </trkpt>
      <trkpt lat="45.142490000" lon="4.174090000">
        <ele>876.000</ele>
      </trkpt>
      <trkpt lat="45.142490000" lon="4.173920000">
        <ele>876.000</ele>
      </trkpt>
      <trkpt lat="45.142470000" lon="4.173770000">
        <ele>876.000</ele>
      </trkpt>
      <trkpt lat="45.142420000" lon="4.173650000">
        <ele>877.000</ele>
      </trkpt>
      <trkpt lat="45.142330000" lon="4.173490000">
        <ele>877.000</ele>
      </trkpt>
      <trkpt lat="45.142030000" lon="4.173090000">
        <ele>877.000</ele>
      </trkpt>
      <trkpt lat="45.141820000" lon="4.172820000">
        <ele>878.000</ele>
      </trkpt>
      <trkpt lat="45.141730000" lon="4.172670000">
        <ele>878.000</ele>
      </trkpt>
      <trkpt lat="45.141640000" lon="4.172470000">
        <ele>879.000</ele>
      </trkpt>
      <trkpt lat="45.141580000" lon="4.172270000">
        <ele>879.000</ele>
      </trkpt>
      <trkpt lat="45.141480000" lon="4.171920000">
        <ele>880.000</ele>
      </trkpt>
      <trkpt lat="45.141440000" lon="4.171730000">
        <ele>880.000</ele>
      </trkpt>
      <trkpt lat="45.141390000" lon="4.171460000">
        <ele>880.000</ele>
      </trkpt>
      <trkpt lat="45.141350000" lon="4.171200000">
        <ele>880.000</ele>
      </trkpt>
      <trkpt lat="45.141330000" lon="4.170890000">
        <ele>880.000</ele>
      </trkpt>
      <trkpt lat="45.141330000" lon="4.170570000">
        <ele>879.000</ele>
      </trkpt>
      <trkpt lat="45.141350000" lon="4.170310000">
        <ele>879.000</ele>
      </trkpt>
      <trkpt lat="45.141400000" lon="4.170090000">
        <ele>879.000</ele>
      </trkpt>
      <trkpt lat="45.141540000" lon="4.169640000">
        <ele>878.000</ele>
      </trkpt>
      <trkpt lat="45.141830000" lon="4.168720000">
        <ele>878.000</ele>
      </trkpt>
      <trkpt lat="45.142070000" lon="4.167920000">
        <ele>877.000</ele>
      </trkpt>
      <trkpt lat="45.142200000" lon="4.167440000">
        <ele>877.000</ele>
      </trkpt>
      <trkpt lat="45.142240000" lon="4.167170000">
        <ele>876.000</ele>
      </trkpt>
      <trkpt lat="45.142270000" lon="4.166820000">
        <ele>876.000</ele>
      </trkpt>
      <trkpt lat="45.142280000" lon="4.166440000">
        <ele>875.000</ele>
      </trkpt>
      <trkpt lat="45.142270000" lon="4.166030000">
        <ele>875.000</ele>
      </trkpt>
      <trkpt lat="45.142270000" lon="4.165410000">
        <ele>875.000</ele>
      </trkpt>
      <trkpt lat="45.142300000" lon="4.165100000">
        <ele>875.000</ele>
      </trkpt>
      <trkpt lat="45.142320000" lon="4.164840000">
        <ele>875.000</ele>
      </trkpt>
      <trkpt lat="45.142380000" lon="4.164650000">
        <ele>875.000</ele>
      </trkpt>
      <trkpt lat="45.142430000" lon="4.164470000">
        <ele>875.000</ele>
      </trkpt>
      <trkpt lat="45.142540000" lon="4.164280000">
        <ele>875.000</ele>
      </trkpt>
      <trkpt lat="45.142670000" lon="4.164070000">
        <ele>875.000</ele>
      </trkpt>
      <trkpt lat="45.144500000" lon="4.161420000">
        <ele>875.000</ele>
      </trkpt>
      <trkpt lat="45.144600000" lon="4.161280000">
        <ele>875.000</ele>
      </trkpt>
      <trkpt lat="45.144680000" lon="4.161150000">
        <ele>875.000</ele>
      </trkpt>
      <trkpt lat="45.144750000" lon="4.161020000">
        <ele>875.000</ele>
      </trkpt>
      <trkpt lat="45.144820000" lon="4.160840000">
        <ele>876.000</ele>
      </trkpt>
      <trkpt lat="45.144870000" lon="4.160650000">
        <ele>876.000</ele>
      </trkpt>
      <trkpt lat="45.144910000" lon="4.160470000">
        <ele>876.000</ele>
      </trkpt>
      <trkpt lat="45.145250000" lon="4.158860000">
        <ele>876.000</ele>
      </trkpt>
      <trkpt lat="45.145300000" lon="4.158680000">
        <ele>876.000</ele>
      </trkpt>
      <trkpt lat="45.145370000" lon="4.158510000">
        <ele>876.000</ele>
      </trkpt>
      <trkpt lat="45.145470000" lon="4.158350000">
        <ele>876.000</ele>
      </trkpt>
      <trkpt lat="45.145600000" lon="4.158220000">
        <ele>876.000</ele>
      </trkpt>
      <trkpt lat="45.145770000" lon="4.158110000">
        <ele>876.000</ele>
      </trkpt>
      <trkpt lat="45.145920000" lon="4.158080000">
        <ele>875.000</ele>
      </trkpt>
      <trkpt lat="45.146050000" lon="4.158100000">
        <ele>875.000</ele>
      </trkpt>
      <trkpt lat="45.146910000" lon="4.158450000">
        <ele>875.000</ele>
      </trkpt>
      <trkpt lat="45.147190000" lon="4.158560000">
        <ele>874.000</ele>
      </trkpt>
      <trkpt lat="45.147330000" lon="4.158600000">
        <ele>874.000</ele>
      </trkpt>
      <trkpt lat="45.147480000" lon="4.158590000">
        <ele>874.000</ele>
      </trkpt>
      <trkpt lat="45.147620000" lon="4.158530000">
        <ele>874.000</ele>
      </trkpt>
      <trkpt lat="45.147740000" lon="4.158440000">
        <ele>874.000</ele>
      </trkpt>
      <trkpt lat="45.147840000" lon="4.158320000">
        <ele>874.000</ele>
      </trkpt>
      <trkpt lat="45.148060000" lon="4.157990000">
        <ele>874.000</ele>
      </trkpt>
      <trkpt lat="45.148190000" lon="4.157780000">
        <ele>874.000</ele>
      </trkpt>
      <trkpt lat="45.148350000" lon="4.157440000">
        <ele>874.000</ele>
      </trkpt>
      <trkpt lat="45.148370000" lon="4.157390000">
        <ele>874.000</ele>
      </trkpt>
      <trkpt lat="45.148400000" lon="4.157240000">
        <ele>874.000</ele>
      </trkpt>
      <trkpt lat="45.148400000" lon="4.157060000">
        <ele>874.000</ele>
      </trkpt>
      <trkpt lat="45.148380000" lon="4.156880000">
        <ele>874.000</ele>
      </trkpt>
      <trkpt lat="45.148340000" lon="4.156680000">
        <ele>874.000</ele>
      </trkpt>
      <trkpt lat="45.148240000" lon="4.156380000">
        <ele>874.000</ele>
      </trkpt>
      <trkpt lat="45.147890000" lon="4.155430000">
        <ele>873.000</ele>
      </trkpt>
      <trkpt lat="45.147630000" lon="4.154710000">
        <ele>873.000</ele>
      </trkpt>
      <trkpt lat="45.147570000" lon="4.154570000">
        <ele>872.000</ele>
      </trkpt>
      <trkpt lat="45.147460000" lon="4.154380000">
        <ele>872.000</ele>
      </trkpt>
      <trkpt lat="45.147340000" lon="4.154230000">
        <ele>871.000</ele>
      </trkpt>
      <trkpt lat="45.147260000" lon="4.154130000">
        <ele>871.000</ele>
      </trkpt>
      <trkpt lat="45.147190000" lon="4.154020000">
        <ele>870.000</ele>
      </trkpt>
      <trkpt lat="45.146970000" lon="4.153620000">
        <ele>870.000</ele>
      </trkpt>
      <trkpt lat="45.146890000" lon="4.152390000">
        <ele>869.000</ele>
      </trkpt>
      <trkpt lat="45.146900000" lon="4.151810000">
        <ele>868.000</ele>
      </trkpt>
      <trkpt lat="45.147050000" lon="4.151320000">
        <ele>866.000</ele>
      </trkpt>
      <trkpt lat="45.147960000" lon="4.149900000">
        <ele>864.000</ele>
      </trkpt>
      <trkpt lat="45.148120000" lon="4.149120000">
        <ele>862.000</ele>
      </trkpt>
      <trkpt lat="45.148060000" lon="4.148630000">
        <ele>861.000</ele>
      </trkpt>
      <trkpt lat="45.147880000" lon="4.148210000">
        <ele>860.000</ele>
      </trkpt>
      <trkpt lat="45.147460000" lon="4.147750000">
        <ele>860.000</ele>
      </trkpt>
      <trkpt lat="45.147150000" lon="4.147640000">
        <ele>859.000</ele>
      </trkpt>
      <trkpt lat="45.146660000" lon="4.147620000">
        <ele>857.000</ele>
      </trkpt>
      <trkpt lat="45.146200000" lon="4.147680000">
        <ele>854.000</ele>
      </trkpt>
      <trkpt lat="45.145940000" lon="4.147680000">
        <ele>852.000</ele>
      </trkpt>
      <trkpt lat="45.145760000" lon="4.147520000">
        <ele>849.000</ele>
      </trkpt>
      <trkpt lat="45.144800000" lon="4.145720000">
        <ele>843.000</ele>
      </trkpt>
      <trkpt lat="45.144770000" lon="4.145680000">
        <ele>839.000</ele>
      </trkpt>
      <trkpt lat="45.144770000" lon="4.145680000">
        <ele>837.000</ele>
      </trkpt>
      <trkpt lat="45.144630000" lon="4.145520000">
        <ele>835.000</ele>
      </trkpt>
      <trkpt lat="45.144380000" lon="4.145420000">
        <ele>833.000</ele>
      </trkpt>
      <trkpt lat="45.143640000" lon="4.145430000">
        <ele>831.000</ele>
      </trkpt>
      <trkpt lat="45.143090000" lon="4.145610000">
        <ele>829.000</ele>
      </trkpt>
      <trkpt lat="45.142950000" lon="4.145600000">
        <ele>828.000</ele>
      </trkpt>
      <trkpt lat="45.142820000" lon="4.145500000">
        <ele>826.000</ele>
      </trkpt>
      <trkpt lat="45.142720000" lon="4.145340000">
        <ele>826.000</ele>
      </trkpt>
      <trkpt lat="45.142650000" lon="4.145060000">
        <ele>825.000</ele>
      </trkpt>
      <trkpt lat="45.142530000" lon="4.144260000">
        <ele>825.000</ele>
      </trkpt>
      <trkpt lat="45.142480000" lon="4.143910000">
        <ele>824.000</ele>
      </trkpt>
      <trkpt lat="45.142470000" lon="4.143670000">
        <ele>824.000</ele>
      </trkpt>
      <trkpt lat="45.142550000" lon="4.143370000">
        <ele>823.000</ele>
      </trkpt>
      <trkpt lat="45.143170000" lon="4.141810000">
        <ele>823.000</ele>
      </trkpt>
      <trkpt lat="45.143230000" lon="4.141620000">
        <ele>823.000</ele>
      </trkpt>
      <trkpt lat="45.143280000" lon="4.141340000">
        <ele>823.000</ele>
      </trkpt>
      <trkpt lat="45.143290000" lon="4.141210000">
        <ele>823.000</ele>
      </trkpt>
      <trkpt lat="45.143300000" lon="4.141070000">
        <ele>823.000</ele>
      </trkpt>
      <trkpt lat="45.143300000" lon="4.140940000">
        <ele>824.000</ele>
      </trkpt>
      <trkpt lat="45.143280000" lon="4.140780000">
        <ele>824.000</ele>
      </trkpt>
      <trkpt lat="45.143270000" lon="4.140600000">
        <ele>825.000</ele>
      </trkpt>
      <trkpt lat="45.143000000" lon="4.138570000">
        <ele>827.000</ele>
      </trkpt>
      <trkpt lat="45.142810000" lon="4.137180000">
        <ele>832.000</ele>
      </trkpt>
      <trkpt lat="45.142760000" lon="4.136850000">
        <ele>835.000</ele>
      </trkpt>
      <trkpt lat="45.142680000" lon="4.136550000">
        <ele>838.000</ele>
      </trkpt>
      <trkpt lat="45.142590000" lon="4.136360000">
        <ele>841.000</ele>
      </trkpt>
      <trkpt lat="45.142210000" lon="4.135620000">
        <ele>844.000</ele>
      </trkpt>
      <trkpt lat="45.141780000" lon="4.134780000">
        <ele>844.000</ele>
      </trkpt>
      <trkpt lat="45.141500000" lon="4.133990000">
        <ele>843.000</ele>
      </trkpt>
      <trkpt lat="45.141240000" lon="4.133470000">
        <ele>842.000</ele>
      </trkpt>
      <trkpt lat="45.141110000" lon="4.133190000">
        <ele>841.000</ele>
      </trkpt>
      <trkpt lat="45.141060000" lon="4.133050000">
        <ele>840.000</ele>
      </trkpt>
      <trkpt lat="45.141040000" lon="4.132720000">
        <ele>840.000</ele>
      </trkpt>
      <trkpt lat="45.141030000" lon="4.132540000">
        <ele>839.000</ele>
      </trkpt>
      <trkpt lat="45.140980000" lon="4.132370000">
        <ele>839.000</ele>
      </trkpt>
      <trkpt lat="45.140830000" lon="4.132250000">
        <ele>839.000</ele>
      </trkpt>
      <trkpt lat="45.140460000" lon="4.132150000">
        <ele>839.000</ele>
      </trkpt>
      <trkpt lat="45.140340000" lon="4.132090000">
        <ele>839.000</ele>
      </trkpt>
      <trkpt lat="45.140190000" lon="4.131980000">
        <ele>839.000</ele>
      </trkpt>
      <trkpt lat="45.140140000" lon="4.131910000">
        <ele>839.000</ele>
      </trkpt>
      <trkpt lat="45.140080000" lon="4.131810000">
        <ele>839.000</ele>
      </trkpt>
      <trkpt lat="45.140010000" lon="4.131590000">
        <ele>840.000</ele>
      </trkpt>
      <trkpt lat="45.139900000" lon="4.131150000">
        <ele>841.000</ele>
      </trkpt>
      <trkpt lat="45.139790000" lon="4.130550000">
        <ele>842.000</ele>
      </trkpt>
      <trkpt lat="45.139750000" lon="4.130270000">
        <ele>844.000</ele>
      </trkpt>
      <trkpt lat="45.139730000" lon="4.130020000">
        <ele>845.000</ele>
      </trkpt>
      <trkpt lat="45.139720000" lon="4.129830000">
        <ele>847.000</ele>
      </trkpt>
      <trkpt lat="45.139720000" lon="4.129650000">
        <ele>848.000</ele>
      </trkpt>
      <trkpt lat="45.139750000" lon="4.129530000">
        <ele>849.000</ele>
      </trkpt>
      <trkpt lat="45.139800000" lon="4.129390000">
        <ele>849.000</ele>
      </trkpt>
      <trkpt lat="45.139990000" lon="4.128970000">
        <ele>851.000</ele>
      </trkpt>
      <trkpt lat="45.140110000" lon="4.128670000">
        <ele>852.000</ele>
      </trkpt>
      <trkpt lat="45.140180000" lon="4.128500000">
        <ele>853.000</ele>
      </trkpt>
      <trkpt lat="45.140200000" lon="4.128460000">
        <ele>854.000</ele>
      </trkpt>
      <trkpt lat="45.140210000" lon="4.128440000">
        <ele>854.000</ele>
      </trkpt>
      <trkpt lat="45.140410000" lon="4.127970000">
        <ele>855.000</ele>
      </trkpt>
      <trkpt lat="45.140660000" lon="4.127360000">
        <ele>856.000</ele>
      </trkpt>
      <trkpt lat="45.140710000" lon="4.127280000">
        <ele>857.000</ele>
      </trkpt>
      <trkpt lat="45.140770000" lon="4.127140000">
        <ele>857.000</ele>
      </trkpt>
      <trkpt lat="45.141160000" lon="4.126220000">
        <ele>859.000</ele>
      </trkpt>
      <trkpt lat="45.141460000" lon="4.125540000">
        <ele>860.000</ele>
      </trkpt>
      <trkpt lat="45.141460000" lon="4.125540000">
        <ele>861.000</ele>
      </trkpt>
      <trkpt lat="45.141600000" lon="4.125210000">
        <ele>862.000</ele>
      </trkpt>
      <trkpt lat="45.141600000" lon="4.125210000">
        <ele>862.000</ele>
      </trkpt>
      <trkpt lat="45.141700000" lon="4.124990000">
        <ele>862.000</ele>
      </trkpt>
      <trkpt lat="45.141720000" lon="4.124950000">
        <ele>863.000</ele>
      </trkpt>
      <trkpt lat="45.141740000" lon="4.124930000">
        <ele>863.000</ele>
      </trkpt>
      <trkpt lat="45.141720000" lon="4.124900000">
        <ele>863.000</ele>
      </trkpt>
      <trkpt lat="45.141720000" lon="4.124870000">
        <ele>863.000</ele>
      </trkpt>
      <trkpt lat="45.141720000" lon="4.124840000">
        <ele>863.000</ele>
      </trkpt>
      <trkpt lat="45.141730000" lon="4.124810000">
        <ele>863.000</ele>
      </trkpt>
      <trkpt lat="45.141750000" lon="4.124780000">
        <ele>863.000</ele>
      </trkpt>
      <trkpt lat="45.141780000" lon="4.124770000">
        <ele>863.000</ele>
      </trkpt>
      <trkpt lat="45.141790000" lon="4.124750000">
        <ele>863.000</ele>
      </trkpt>
      <trkpt lat="45.141850000" lon="4.124600000">
        <ele>864.000</ele>
      </trkpt>
      <trkpt lat="45.141900000" lon="4.124490000">
        <ele>864.000</ele>
      </trkpt>
      <trkpt lat="45.142090000" lon="4.124080000">
        <ele>864.000</ele>
      </trkpt>
      <trkpt lat="45.142110000" lon="4.123920000">
        <ele>864.000</ele>
      </trkpt>
      <trkpt lat="45.142180000" lon="4.123780000">
        <ele>864.000</ele>
      </trkpt>
      <trkpt lat="45.142260000" lon="4.123730000">
        <ele>864.000</ele>
      </trkpt>
      <trkpt lat="45.142350000" lon="4.123680000">
        <ele>863.000</ele>
      </trkpt>
      <trkpt lat="45.142550000" lon="4.123580000">
        <ele>863.000</ele>
      </trkpt>
      <trkpt lat="45.142630000" lon="4.123570000">
        <ele>862.000</ele>
      </trkpt>
      <trkpt lat="45.142970000" lon="4.123520000">
        <ele>862.000</ele>
      </trkpt>
      <trkpt lat="45.143050000" lon="4.123510000">
        <ele>861.000</ele>
      </trkpt>
      <trkpt lat="45.143210000" lon="4.123530000">
        <ele>860.000</ele>
      </trkpt>
      <trkpt lat="45.143350000" lon="4.123560000">
        <ele>860.000</ele>
      </trkpt>
      <trkpt lat="45.143440000" lon="4.123570000">
        <ele>859.000</ele>
      </trkpt>
      <trkpt lat="45.143470000" lon="4.123550000">
        <ele>859.000</ele>
      </trkpt>
      <trkpt lat="45.143490000" lon="4.123500000">
        <ele>859.000</ele>
      </trkpt>
      <trkpt lat="45.143540000" lon="4.123350000">
        <ele>858.000</ele>
      </trkpt>
      <trkpt lat="45.143580000" lon="4.122700000">
        <ele>857.000</ele>
      </trkpt>
      <trkpt lat="45.143580000" lon="4.122700000">
        <ele>857.000</ele>
      </trkpt>
      <trkpt lat="45.143640000" lon="4.121800000">
        <ele>855.000</ele>
      </trkpt>
      <trkpt lat="45.143650000" lon="4.121720000">
        <ele>854.000</ele>
      </trkpt>
      <trkpt lat="45.143690000" lon="4.121060000">
        <ele>853.000</ele>
      </trkpt>
      <trkpt lat="45.143690000" lon="4.121030000">
        <ele>852.000</ele>
      </trkpt>
      <trkpt lat="45.143780000" lon="4.119650000">
        <ele>850.000</ele>
      </trkpt>
      <trkpt lat="45.143840000" lon="4.118800000">
        <ele>847.000</ele>
      </trkpt>
      <trkpt lat="45.143850000" lon="4.118710000">
        <ele>845.000</ele>
      </trkpt>
      <trkpt lat="45.143860000" lon="4.118620000">
        <ele>844.000</ele>
      </trkpt>
      <trkpt lat="45.143880000" lon="4.118620000">
        <ele>843.000</ele>
      </trkpt>
      <trkpt lat="45.143900000" lon="4.118610000">
        <ele>842.000</ele>
      </trkpt>
      <trkpt lat="45.143920000" lon="4.118590000">
        <ele>842.000</ele>
      </trkpt>
      <trkpt lat="45.143930000" lon="4.118560000">
        <ele>841.000</ele>
      </trkpt>
      <trkpt lat="45.143940000" lon="4.118530000">
        <ele>841.000</ele>
      </trkpt>
      <trkpt lat="45.143930000" lon="4.118490000">
        <ele>841.000</ele>
      </trkpt>
      <trkpt lat="45.143920000" lon="4.118460000">
        <ele>841.000</ele>
      </trkpt>
      <trkpt lat="45.143910000" lon="4.118440000">
        <ele>840.000</ele>
      </trkpt>
      <trkpt lat="45.143890000" lon="4.118420000">
        <ele>840.000</ele>
      </trkpt>
      <trkpt lat="45.143890000" lon="4.118380000">
        <ele>840.000</ele>
      </trkpt>
      <trkpt lat="45.143900000" lon="4.118250000">
        <ele>840.000</ele>
      </trkpt>
      <trkpt lat="45.143910000" lon="4.117960000">
        <ele>839.000</ele>
      </trkpt>
      <trkpt lat="45.143950000" lon="4.117120000">
        <ele>838.000</ele>
      </trkpt>
      <trkpt lat="45.143960000" lon="4.117020000">
        <ele>837.000</ele>
      </trkpt>
      <trkpt lat="45.143970000" lon="4.116840000">
        <ele>836.000</ele>
      </trkpt>
      <trkpt lat="45.143990000" lon="4.116470000">
        <ele>835.000</ele>
      </trkpt>
      <trkpt lat="45.144000000" lon="4.116220000">
        <ele>835.000</ele>
      </trkpt>
      <trkpt lat="45.144030000" lon="4.115770000">
        <ele>834.000</ele>
      </trkpt>
      <trkpt lat="45.144060000" lon="4.115430000">
        <ele>834.000</ele>
      </trkpt>
      <trkpt lat="45.144110000" lon="4.114680000">
        <ele>834.000</ele>
      </trkpt>
      <trkpt lat="45.144140000" lon="4.114410000">
        <ele>833.000</ele>
      </trkpt>
      <trkpt lat="45.144150000" lon="4.114350000">
        <ele>833.000</ele>
      </trkpt>
      <trkpt lat="45.144170000" lon="4.114310000">
        <ele>833.000</ele>
      </trkpt>
      <trkpt lat="45.144190000" lon="4.114290000">
        <ele>833.000</ele>
      </trkpt>
      <trkpt lat="45.144220000" lon="4.114270000">
        <ele>833.000</ele>
      </trkpt>
      <trkpt lat="45.144230000" lon="4.114240000">
        <ele>833.000</ele>
      </trkpt>
      <trkpt lat="45.144240000" lon="4.114210000">
        <ele>833.000</ele>
      </trkpt>
      <trkpt lat="45.144250000" lon="4.114170000">
        <ele>833.000</ele>
      </trkpt>
      <trkpt lat="45.144250000" lon="4.114130000">
        <ele>834.000</ele>
      </trkpt>
      <trkpt lat="45.144240000" lon="4.114090000">
        <ele>834.000</ele>
      </trkpt>
      <trkpt lat="45.144230000" lon="4.114060000">
        <ele>834.000</ele>
      </trkpt>
      <trkpt lat="45.144220000" lon="4.114040000">
        <ele>834.000</ele>
      </trkpt>
      <trkpt lat="45.144200000" lon="4.114020000">
        <ele>834.000</ele>
      </trkpt>
      <trkpt lat="45.144190000" lon="4.114010000">
        <ele>834.000</ele>
      </trkpt>
      <trkpt lat="45.144180000" lon="4.113910000">
        <ele>835.000</ele>
      </trkpt>
      <trkpt lat="45.144170000" lon="4.113680000">
        <ele>835.000</ele>
      </trkpt>
      <trkpt lat="45.144200000" lon="4.113130000">
        <ele>836.000</ele>
      </trkpt>
      <trkpt lat="45.144270000" lon="4.112670000">
        <ele>837.000</ele>
      </trkpt>
      <trkpt lat="45.144290000" lon="4.112590000">
        <ele>838.000</ele>
      </trkpt>
      <trkpt lat="45.144310000" lon="4.112500000">
        <ele>839.000</ele>
      </trkpt>
      <trkpt lat="45.144370000" lon="4.112290000">
        <ele>840.000</ele>
      </trkpt>
      <trkpt lat="45.144440000" lon="4.112030000">
        <ele>841.000</ele>
      </trkpt>
      <trkpt lat="45.144490000" lon="4.111870000">
        <ele>842.000</ele>
      </trkpt>
      <trkpt lat="45.144570000" lon="4.111670000">
        <ele>842.000</ele>
      </trkpt>
      <trkpt lat="45.144620000" lon="4.111550000">
        <ele>843.000</ele>
      </trkpt>
      <trkpt lat="45.144840000" lon="4.111050000">
        <ele>844.000</ele>
      </trkpt>
      <trkpt lat="45.144870000" lon="4.110990000">
        <ele>844.000</ele>
      </trkpt>
      <trkpt lat="45.145010000" lon="4.110810000">
        <ele>844.000</ele>
      </trkpt>
      <trkpt lat="45.145080000" lon="4.110710000">
        <ele>845.000</ele>
      </trkpt>
      <trkpt lat="45.145100000" lon="4.110680000">
        <ele>845.000</ele>
      </trkpt>
      <trkpt lat="45.145130000" lon="4.110630000">
        <ele>845.000</ele>
      </trkpt>
      <trkpt lat="45.145170000" lon="4.110630000">
        <ele>845.000</ele>
      </trkpt>
      <trkpt lat="45.145210000" lon="4.110630000">
        <ele>846.000</ele>
      </trkpt>
      <trkpt lat="45.145250000" lon="4.110600000">
        <ele>846.000</ele>
      </trkpt>
      <trkpt lat="45.145290000" lon="4.110560000">
        <ele>846.000</ele>
      </trkpt>
      <trkpt lat="45.145330000" lon="4.110500000">
        <ele>846.000</ele>
      </trkpt>
      <trkpt lat="45.145350000" lon="4.110440000">
        <ele>846.000</ele>
      </trkpt>
      <trkpt lat="45.145360000" lon="4.110380000">
        <ele>846.000</ele>
      </trkpt>
      <trkpt lat="45.145350000" lon="4.110310000">
        <ele>846.000</ele>
      </trkpt>
      <trkpt lat="45.145330000" lon="4.110220000">
        <ele>846.000</ele>
      </trkpt>
      <trkpt lat="45.145350000" lon="4.110130000">
        <ele>846.000</ele>
      </trkpt>
      <trkpt lat="45.145410000" lon="4.109930000">
        <ele>847.000</ele>
      </trkpt>
      <trkpt lat="45.145560000" lon="4.109550000">
        <ele>847.000</ele>
      </trkpt>
      <trkpt lat="45.145610000" lon="4.109450000">
        <ele>847.000</ele>
      </trkpt>
      <trkpt lat="45.145660000" lon="4.109360000">
        <ele>847.000</ele>
      </trkpt>
      <trkpt lat="45.145700000" lon="4.109280000">
        <ele>847.000</ele>
      </trkpt>
      <trkpt lat="45.145830000" lon="4.109080000">
        <ele>847.000</ele>
      </trkpt>
      <trkpt lat="45.145950000" lon="4.108890000">
        <ele>847.000</ele>
      </trkpt>
      <trkpt lat="45.146010000" lon="4.108820000">
        <ele>846.000</ele>
      </trkpt>
      <trkpt lat="45.146090000" lon="4.108720000">
        <ele>846.000</ele>
      </trkpt>
      <trkpt lat="45.145960000" lon="4.108670000">
        <ele>846.000</ele>
      </trkpt>
      <trkpt lat="45.145600000" lon="4.108410000">
        <ele>846.000</ele>
      </trkpt>
      <trkpt lat="45.145550000" lon="4.108370000">
        <ele>845.000</ele>
      </trkpt>
      <trkpt lat="45.145300000" lon="4.108180000">
        <ele>845.000</ele>
      </trkpt>
      <trkpt lat="45.145250000" lon="4.108150000">
        <ele>845.000</ele>
      </trkpt>
      <trkpt lat="45.145070000" lon="4.108020000">
        <ele>844.000</ele>
      </trkpt>
      <trkpt lat="45.144940000" lon="4.107980000">
        <ele>844.000</ele>
      </trkpt>
      <trkpt lat="45.144800000" lon="4.107940000">
        <ele>844.000</ele>
      </trkpt>
      <trkpt lat="45.144800000" lon="4.107940000">
        <ele>844.000</ele>
      </trkpt>
      <trkpt lat="45.144780000" lon="4.107940000">
        <ele>844.000</ele>
      </trkpt>
      <trkpt lat="45.144640000" lon="4.107940000">
        <ele>844.000</ele>
      </trkpt>
      <trkpt lat="45.144400000" lon="4.107990000">
        <ele>844.000</ele>
      </trkpt>
      <trkpt lat="45.144130000" lon="4.108080000">
        <ele>844.000</ele>
      </trkpt>
      <trkpt lat="45.143930000" lon="4.108130000">
        <ele>844.000</ele>
      </trkpt>
      <trkpt lat="45.143850000" lon="4.108080000">
        <ele>845.000</ele>
      </trkpt>
      <trkpt lat="45.143740000" lon="4.108000000">
        <ele>845.000</ele>
      </trkpt>
      <trkpt lat="45.143640000" lon="4.107870000">
        <ele>845.000</ele>
      </trkpt>
      <trkpt lat="45.143590000" lon="4.107760000">
        <ele>845.000</ele>
      </trkpt>
      <trkpt lat="45.143580000" lon="4.107610000">
        <ele>845.000</ele>
      </trkpt>
      <trkpt lat="45.143600000" lon="4.107460000">
        <ele>845.000</ele>
      </trkpt>
      <trkpt lat="45.143660000" lon="4.107300000">
        <ele>845.000</ele>
      </trkpt>
      <trkpt lat="45.143810000" lon="4.107080000">
        <ele>845.000</ele>
      </trkpt>
      <trkpt lat="45.143970000" lon="4.106890000">
        <ele>844.000</ele>
      </trkpt>
      <trkpt lat="45.144140000" lon="4.106760000">
        <ele>843.000</ele>
      </trkpt>
      <trkpt lat="45.144400000" lon="4.106580000">
        <ele>842.000</ele>
      </trkpt>
      <trkpt lat="45.144650000" lon="4.106350000">
        <ele>841.000</ele>
      </trkpt>
      <trkpt lat="45.144840000" lon="4.106130000">
        <ele>840.000</ele>
      </trkpt>
      <trkpt lat="45.145080000" lon="4.105790000">
        <ele>838.000</ele>
      </trkpt>
      <trkpt lat="45.145240000" lon="4.105440000">
        <ele>837.000</ele>
      </trkpt>
      <trkpt lat="45.145430000" lon="4.105070000">
        <ele>836.000</ele>
      </trkpt>
      <trkpt lat="45.145550000" lon="4.104630000">
        <ele>834.000</ele>
      </trkpt>
      <trkpt lat="45.145600000" lon="4.104190000">
        <ele>833.000</ele>
      </trkpt>
      <trkpt lat="45.145550000" lon="4.103790000">
        <ele>832.000</ele>
      </trkpt>
      <trkpt lat="45.145440000" lon="4.103330000">
        <ele>830.000</ele>
      </trkpt>
      <trkpt lat="45.145340000" lon="4.103080000">
        <ele>829.000</ele>
      </trkpt>
      <trkpt lat="45.145290000" lon="4.102920000">
        <ele>828.000</ele>
      </trkpt>
      <trkpt lat="45.145200000" lon="4.102370000">
        <ele>826.000</ele>
      </trkpt>
      <trkpt lat="45.145110000" lon="4.102200000">
        <ele>825.000</ele>
      </trkpt>
      <trkpt lat="45.144460000" lon="4.101370000">
        <ele>823.000</ele>
      </trkpt>
      <trkpt lat="45.143770000" lon="4.100480000">
        <ele>819.000</ele>
      </trkpt>
      <trkpt lat="45.143680000" lon="4.100300000">
        <ele>817.000</ele>
      </trkpt>
      <trkpt lat="45.143650000" lon="4.100130000">
        <ele>815.000</ele>
      </trkpt>
      <trkpt lat="45.143670000" lon="4.099930000">
        <ele>814.000</ele>
      </trkpt>
      <trkpt lat="45.143770000" lon="4.099750000">
        <ele>812.000</ele>
      </trkpt>
      <trkpt lat="45.143910000" lon="4.099570000">
        <ele>811.000</ele>
      </trkpt>
      <trkpt lat="45.144090000" lon="4.099400000">
        <ele>810.000</ele>
      </trkpt>
      <trkpt lat="45.144870000" lon="4.098700000">
        <ele>808.000</ele>
      </trkpt>
      <trkpt lat="45.145270000" lon="4.098380000">
        <ele>807.000</ele>
      </trkpt>
      <trkpt lat="45.145350000" lon="4.098220000">
        <ele>805.000</ele>
      </trkpt>
      <trkpt lat="45.145400000" lon="4.098000000">
        <ele>805.000</ele>
      </trkpt>
      <trkpt lat="45.145450000" lon="4.097430000">
        <ele>804.000</ele>
      </trkpt>
      <trkpt lat="45.145470000" lon="4.096840000">
        <ele>802.000</ele>
      </trkpt>
      <trkpt lat="45.145520000" lon="4.096580000">
        <ele>802.000</ele>
      </trkpt>
      <trkpt lat="45.145630000" lon="4.096370000">
        <ele>801.000</ele>
      </trkpt>
      <trkpt lat="45.145790000" lon="4.096150000">
        <ele>800.000</ele>
      </trkpt>
      <trkpt lat="45.146950000" lon="4.094880000">
        <ele>798.000</ele>
      </trkpt>
      <trkpt lat="45.147320000" lon="4.094490000">
        <ele>797.000</ele>
      </trkpt>
      <trkpt lat="45.147440000" lon="4.094330000">
        <ele>795.000</ele>
      </trkpt>
      <trkpt lat="45.147510000" lon="4.094140000">
        <ele>794.000</ele>
      </trkpt>
      <trkpt lat="45.147550000" lon="4.093900000">
        <ele>793.000</ele>
      </trkpt>
      <trkpt lat="45.147530000" lon="4.093570000">
        <ele>792.000</ele>
      </trkpt>
      <trkpt lat="45.147460000" lon="4.093220000">
        <ele>790.000</ele>
      </trkpt>
      <trkpt lat="45.147330000" lon="4.092800000">
        <ele>789.000</ele>
      </trkpt>
      <trkpt lat="45.147190000" lon="4.092480000">
        <ele>787.000</ele>
      </trkpt>
      <trkpt lat="45.147030000" lon="4.092250000">
        <ele>786.000</ele>
      </trkpt>
      <trkpt lat="45.146860000" lon="4.092100000">
        <ele>784.000</ele>
      </trkpt>
      <trkpt lat="45.146670000" lon="4.091960000">
        <ele>783.000</ele>
      </trkpt>
      <trkpt lat="45.146510000" lon="4.091850000">
        <ele>782.000</ele>
      </trkpt>
      <trkpt lat="45.146370000" lon="4.091800000">
        <ele>781.000</ele>
      </trkpt>
      <trkpt lat="45.146200000" lon="4.091800000">
        <ele>780.000</ele>
      </trkpt>
      <trkpt lat="45.146110000" lon="4.091820000">
        <ele>780.000</ele>
      </trkpt>
      <trkpt lat="45.145990000" lon="4.091820000">
        <ele>779.000</ele>
      </trkpt>
      <trkpt lat="45.145900000" lon="4.091780000">
        <ele>778.000</ele>
      </trkpt>
      <trkpt lat="45.145840000" lon="4.091720000">
        <ele>778.000</ele>
      </trkpt>
      <trkpt lat="45.145790000" lon="4.091590000">
        <ele>777.000</ele>
      </trkpt>
      <trkpt lat="45.145770000" lon="4.091450000">
        <ele>777.000</ele>
      </trkpt>
      <trkpt lat="45.145790000" lon="4.091370000">
        <ele>777.000</ele>
      </trkpt>
      <trkpt lat="45.145850000" lon="4.091290000">
        <ele>776.000</ele>
      </trkpt>
      <trkpt lat="45.145920000" lon="4.091240000">
        <ele>776.000</ele>
      </trkpt>
      <trkpt lat="45.145960000" lon="4.091210000">
        <ele>776.000</ele>
      </trkpt>
      <trkpt lat="45.146050000" lon="4.091170000">
        <ele>775.000</ele>
      </trkpt>
      <trkpt lat="45.146100000" lon="4.091090000">
        <ele>775.000</ele>
      </trkpt>
      <trkpt lat="45.146130000" lon="4.090990000">
        <ele>774.000</ele>
      </trkpt>
      <trkpt lat="45.146100000" lon="4.090870000">
        <ele>774.000</ele>
      </trkpt>
      <trkpt lat="45.146030000" lon="4.090770000">
        <ele>774.000</ele>
      </trkpt>
      <trkpt lat="45.145840000" lon="4.090500000">
        <ele>773.000</ele>
      </trkpt>
      <trkpt lat="45.145630000" lon="4.090250000">
        <ele>772.000</ele>
      </trkpt>
      <trkpt lat="45.145460000" lon="4.090050000">
        <ele>771.000</ele>
      </trkpt>
      <trkpt lat="45.145400000" lon="4.089990000">
        <ele>771.000</ele>
      </trkpt>
      <trkpt lat="45.145330000" lon="4.089950000">
        <ele>770.000</ele>
      </trkpt>
      <trkpt lat="45.145240000" lon="4.089920000">
        <ele>770.000</ele>
      </trkpt>
      <trkpt lat="45.145150000" lon="4.089870000">
        <ele>769.000</ele>
      </trkpt>
      <trkpt lat="45.145100000" lon="4.089810000">
        <ele>769.000</ele>
      </trkpt>
      <trkpt lat="45.145090000" lon="4.089750000">
        <ele>768.000</ele>
      </trkpt>
      <trkpt lat="45.145070000" lon="4.089700000">
        <ele>768.000</ele>
      </trkpt>
      <trkpt lat="45.145060000" lon="4.089580000">
        <ele>768.000</ele>
      </trkpt>
      <trkpt lat="45.145050000" lon="4.089450000">
        <ele>768.000</ele>
      </trkpt>
      <trkpt lat="45.145050000" lon="4.089330000">
        <ele>767.000</ele>
      </trkpt>
      <trkpt lat="45.145040000" lon="4.089260000">
        <ele>767.000</ele>
      </trkpt>
      <trkpt lat="45.144950000" lon="4.088910000">
        <ele>768.000</ele>
      </trkpt>
      <trkpt lat="45.144830000" lon="4.088640000">
        <ele>769.000</ele>
      </trkpt>
      <trkpt lat="45.144720000" lon="4.088480000">
        <ele>770.000</ele>
      </trkpt>
      <trkpt lat="45.144490000" lon="4.088150000">
        <ele>771.000</ele>
      </trkpt>
      <trkpt lat="45.144340000" lon="4.087940000">
        <ele>773.000</ele>
      </trkpt>
      <trkpt lat="45.144130000" lon="4.087760000">
        <ele>774.000</ele>
      </trkpt>
      <trkpt lat="45.143960000" lon="4.087590000">
        <ele>776.000</ele>
      </trkpt>
      <trkpt lat="45.143880000" lon="4.087490000">
        <ele>777.000</ele>
      </trkpt>
      <trkpt lat="45.143830000" lon="4.087390000">
        <ele>778.000</ele>
      </trkpt>
      <trkpt lat="45.143810000" lon="4.087280000">
        <ele>779.000</ele>
      </trkpt>
      <trkpt lat="45.143800000" lon="4.087200000">
        <ele>780.000</ele>
      </trkpt>
      <trkpt lat="45.143820000" lon="4.087110000">
        <ele>781.000</ele>
      </trkpt>
      <trkpt lat="45.143840000" lon="4.087050000">
        <ele>781.000</ele>
      </trkpt>
      <trkpt lat="45.143880000" lon="4.086980000">
        <ele>782.000</ele>
      </trkpt>
      <trkpt lat="45.143950000" lon="4.086910000">
        <ele>782.000</ele>
      </trkpt>
      <trkpt lat="45.144090000" lon="4.086800000">
        <ele>783.000</ele>
      </trkpt>
      <trkpt lat="45.144230000" lon="4.086750000">
        <ele>784.000</ele>
      </trkpt>
      <trkpt lat="45.144420000" lon="4.086660000">
        <ele>784.000</ele>
      </trkpt>
      <trkpt lat="45.144500000" lon="4.086620000">
        <ele>785.000</ele>
      </trkpt>
      <trkpt lat="45.144550000" lon="4.086580000">
        <ele>786.000</ele>
      </trkpt>
      <trkpt lat="45.144640000" lon="4.086490000">
        <ele>787.000</ele>
      </trkpt>
      <trkpt lat="45.144730000" lon="4.086360000">
        <ele>787.000</ele>
      </trkpt>
      <trkpt lat="45.144820000" lon="4.086270000">
        <ele>788.000</ele>
      </trkpt>
      <trkpt lat="45.144920000" lon="4.086180000">
        <ele>789.000</ele>
      </trkpt>
      <trkpt lat="45.145090000" lon="4.086120000">
        <ele>790.000</ele>
      </trkpt>
      <trkpt lat="45.145670000" lon="4.085850000">
        <ele>792.000</ele>
      </trkpt>
      <trkpt lat="45.145670000" lon="4.085850000">
        <ele>793.000</ele>
      </trkpt>
      <trkpt lat="45.146480000" lon="4.085480000">
        <ele>794.000</ele>
      </trkpt>
      <trkpt lat="45.147070000" lon="4.085220000">
        <ele>796.000</ele>
      </trkpt>
      <trkpt lat="45.147690000" lon="4.084920000">
        <ele>797.000</ele>
      </trkpt>
      <trkpt lat="45.147990000" lon="4.084790000">
        <ele>799.000</ele>
      </trkpt>
      <trkpt lat="45.148860000" lon="4.084330000">
        <ele>800.000</ele>
      </trkpt>
      <trkpt lat="45.149270000" lon="4.083910000">
        <ele>802.000</ele>
      </trkpt>
      <trkpt lat="45.149520000" lon="4.083650000">
        <ele>803.000</ele>
      </trkpt>
      <trkpt lat="45.150070000" lon="4.082840000">
        <ele>804.000</ele>
      </trkpt>
      <trkpt lat="45.150320000" lon="4.082500000">
        <ele>805.000</ele>
      </trkpt>
      <trkpt lat="45.150420000" lon="4.082370000">
        <ele>805.000</ele>
      </trkpt>
      <trkpt lat="45.150640000" lon="4.082190000">
        <ele>805.000</ele>
      </trkpt>
      <trkpt lat="45.150760000" lon="4.082140000">
        <ele>806.000</ele>
      </trkpt>
      <trkpt lat="45.150890000" lon="4.082120000">
        <ele>806.000</ele>
      </trkpt>
      <trkpt lat="45.151280000" lon="4.082120000">
        <ele>806.000</ele>
      </trkpt>
      <trkpt lat="45.151370000" lon="4.082110000">
        <ele>806.000</ele>
      </trkpt>
      <trkpt lat="45.151480000" lon="4.082100000">
        <ele>806.000</ele>
      </trkpt>
      <trkpt lat="45.153750000" lon="4.080810000">
        <ele>807.000</ele>
      </trkpt>
      <trkpt lat="45.154240000" lon="4.080530000">
        <ele>808.000</ele>
      </trkpt>
      <trkpt lat="45.154630000" lon="4.080310000">
        <ele>809.000</ele>
      </trkpt>
      <trkpt lat="45.154910000" lon="4.080080000">
        <ele>809.000</ele>
      </trkpt>
      <trkpt lat="45.155180000" lon="4.079780000">
        <ele>809.000</ele>
      </trkpt>
      <trkpt lat="45.155640000" lon="4.079210000">
        <ele>809.000</ele>
      </trkpt>
      <trkpt lat="45.156030000" lon="4.078690000">
        <ele>809.000</ele>
      </trkpt>
      <trkpt lat="45.156340000" lon="4.078080000">
        <ele>810.000</ele>
      </trkpt>
      <trkpt lat="45.156450000" lon="4.077640000">
        <ele>810.000</ele>
      </trkpt>
      <trkpt lat="45.156450000" lon="4.077360000">
        <ele>810.000</ele>
      </trkpt>
      <trkpt lat="45.156410000" lon="4.077140000">
        <ele>810.000</ele>
      </trkpt>
      <trkpt lat="45.156190000" lon="4.076430000">
        <ele>810.000</ele>
      </trkpt>
      <trkpt lat="45.156120000" lon="4.076190000">
        <ele>810.000</ele>
      </trkpt>
      <trkpt lat="45.156090000" lon="4.075980000">
        <ele>810.000</ele>
      </trkpt>
      <trkpt lat="45.156090000" lon="4.075850000">
        <ele>809.000</ele>
      </trkpt>
      <trkpt lat="45.156100000" lon="4.075720000">
        <ele>809.000</ele>
      </trkpt>
      <trkpt lat="45.156150000" lon="4.075540000">
        <ele>809.000</ele>
      </trkpt>
      <trkpt lat="45.156230000" lon="4.075370000">
        <ele>808.000</ele>
      </trkpt>
      <trkpt lat="45.156490000" lon="4.074940000">
        <ele>807.000</ele>
      </trkpt>
      <trkpt lat="45.156820000" lon="4.074480000">
        <ele>806.000</ele>
      </trkpt>
      <trkpt lat="45.157030000" lon="4.074280000">
        <ele>805.000</ele>
      </trkpt>
      <trkpt lat="45.157180000" lon="4.074210000">
        <ele>804.000</ele>
      </trkpt>
      <trkpt lat="45.157760000" lon="4.073920000">
        <ele>803.000</ele>
      </trkpt>
      <trkpt lat="45.157980000" lon="4.073820000">
        <ele>803.000</ele>
      </trkpt>
      <trkpt lat="45.158410000" lon="4.073660000">
        <ele>803.000</ele>
      </trkpt>
      <trkpt lat="45.158570000" lon="4.073540000">
        <ele>802.000</ele>
      </trkpt>
      <trkpt lat="45.158780000" lon="4.073330000">
        <ele>802.000</ele>
      </trkpt>
      <trkpt lat="45.158930000" lon="4.073050000">
        <ele>801.000</ele>
      </trkpt>
      <trkpt lat="45.159030000" lon="4.072530000">
        <ele>800.000</ele>
      </trkpt>
      <trkpt lat="45.159140000" lon="4.072090000">
        <ele>798.000</ele>
      </trkpt>
      <trkpt lat="45.159570000" lon="4.070880000">
        <ele>795.000</ele>
      </trkpt>
      <trkpt lat="45.159610000" lon="4.070650000">
        <ele>793.000</ele>
      </trkpt>
      <trkpt lat="45.159620000" lon="4.070270000">
        <ele>790.000</ele>
      </trkpt>
      <trkpt lat="45.159660000" lon="4.070100000">
        <ele>789.000</ele>
      </trkpt>
      <trkpt lat="45.159730000" lon="4.069890000">
        <ele>788.000</ele>
      </trkpt>
      <trkpt lat="45.160010000" lon="4.069190000">
        <ele>786.000</ele>
      </trkpt>
      <trkpt lat="45.160090000" lon="4.068780000">
        <ele>784.000</ele>
      </trkpt>
      <trkpt lat="45.160130000" lon="4.067680000">
        <ele>781.000</ele>
      </trkpt>
      <trkpt lat="45.160080000" lon="4.067220000">
        <ele>780.000</ele>
      </trkpt>
      <trkpt lat="45.159940000" lon="4.066700000">
        <ele>779.000</ele>
      </trkpt>
      <trkpt lat="45.159880000" lon="4.066480000">
        <ele>779.000</ele>
      </trkpt>
      <trkpt lat="45.159840000" lon="4.066310000">
        <ele>779.000</ele>
      </trkpt>
      <trkpt lat="45.159860000" lon="4.066170000">
        <ele>778.000</ele>
      </trkpt>
      <trkpt lat="45.159890000" lon="4.066060000">
        <ele>778.000</ele>
      </trkpt>
      <trkpt lat="45.159970000" lon="4.065840000">
        <ele>778.000</ele>
      </trkpt>
      <trkpt lat="45.160090000" lon="4.065550000">
        <ele>779.000</ele>
      </trkpt>
      <trkpt lat="45.160200000" lon="4.065350000">
        <ele>779.000</ele>
      </trkpt>
      <trkpt lat="45.160330000" lon="4.065220000">
        <ele>779.000</ele>
      </trkpt>
      <trkpt lat="45.160500000" lon="4.065120000">
        <ele>779.000</ele>
      </trkpt>
      <trkpt lat="45.160740000" lon="4.065010000">
        <ele>779.000</ele>
      </trkpt>
      <trkpt lat="45.160900000" lon="4.064760000">
        <ele>779.000</ele>
      </trkpt>
      <trkpt lat="45.161070000" lon="4.064010000">
        <ele>779.000</ele>
      </trkpt>
      <trkpt lat="45.161160000" lon="4.063580000">
        <ele>779.000</ele>
      </trkpt>
      <trkpt lat="45.161180000" lon="4.063060000">
        <ele>779.000</ele>
      </trkpt>
      <trkpt lat="45.161290000" lon="4.062650000">
        <ele>779.000</ele>
      </trkpt>
      <trkpt lat="45.161550000" lon="4.061830000">
        <ele>778.000</ele>
      </trkpt>
      <trkpt lat="45.161780000" lon="4.061160000">
        <ele>777.000</ele>
      </trkpt>
      <trkpt lat="45.161800000" lon="4.060660000">
        <ele>776.000</ele>
      </trkpt>
      <trkpt lat="45.161740000" lon="4.060170000">
        <ele>774.000</ele>
      </trkpt>
      <trkpt lat="45.161750000" lon="4.059770000">
        <ele>773.000</ele>
      </trkpt>
      <trkpt lat="45.161790000" lon="4.059520000">
        <ele>772.000</ele>
      </trkpt>
      <trkpt lat="45.161890000" lon="4.059340000">
        <ele>770.000</ele>
      </trkpt>
      <trkpt lat="45.161980000" lon="4.059170000">
        <ele>769.000</ele>
      </trkpt>
      <trkpt lat="45.162210000" lon="4.058820000">
        <ele>768.000</ele>
      </trkpt>
      <trkpt lat="45.163320000" lon="4.057090000">
        <ele>764.000</ele>
      </trkpt>
      <trkpt lat="45.163400000" lon="4.056970000">
        <ele>761.000</ele>
      </trkpt>
      <trkpt lat="45.163580000" lon="4.056490000">
        <ele>760.000</ele>
      </trkpt>
      <trkpt lat="45.163900000" lon="4.055330000">
        <ele>759.000</ele>
      </trkpt>
      <trkpt lat="45.164140000" lon="4.054830000">
        <ele>760.000</ele>
      </trkpt>
      <trkpt lat="45.164280000" lon="4.054570000">
        <ele>760.000</ele>
      </trkpt>
      <trkpt lat="45.164420000" lon="4.054350000">
        <ele>760.000</ele>
      </trkpt>
      <trkpt lat="45.164450000" lon="4.054320000">
        <ele>761.000</ele>
      </trkpt>
      <trkpt lat="45.164130000" lon="4.053310000">
        <ele>763.000</ele>
      </trkpt>
      <trkpt lat="45.163890000" lon="4.052270000">
        <ele>765.000</ele>
      </trkpt>
      <trkpt lat="45.163810000" lon="4.051860000">
        <ele>767.000</ele>
      </trkpt>
      <trkpt lat="45.163660000" lon="4.051160000">
        <ele>769.000</ele>
      </trkpt>
      <trkpt lat="45.163620000" lon="4.050830000">
        <ele>770.000</ele>
      </trkpt>
      <trkpt lat="45.163660000" lon="4.050320000">
        <ele>771.000</ele>
      </trkpt>
      <trkpt lat="45.163830000" lon="4.049670000">
        <ele>772.000</ele>
      </trkpt>
      <trkpt lat="45.163890000" lon="4.049400000">
        <ele>773.000</ele>
      </trkpt>
      <trkpt lat="45.163910000" lon="4.049140000">
        <ele>774.000</ele>
      </trkpt>
      <trkpt lat="45.163910000" lon="4.049040000">
        <ele>774.000</ele>
      </trkpt>
      <trkpt lat="45.163900000" lon="4.048250000">
        <ele>775.000</ele>
      </trkpt>
      <trkpt lat="45.163840000" lon="4.047300000">
        <ele>777.000</ele>
      </trkpt>
      <trkpt lat="45.163830000" lon="4.047020000">
        <ele>778.000</ele>
      </trkpt>
      <trkpt lat="45.163780000" lon="4.045520000">
        <ele>780.000</ele>
      </trkpt>
      <trkpt lat="45.163760000" lon="4.045330000">
        <ele>781.000</ele>
      </trkpt>
      <trkpt lat="45.163710000" lon="4.044770000">
        <ele>783.000</ele>
      </trkpt>
      <trkpt lat="45.163230000" lon="4.043070000">
        <ele>788.000</ele>
      </trkpt>
      <trkpt lat="45.163140000" lon="4.042770000">
        <ele>792.000</ele>
      </trkpt>
      <trkpt lat="45.163000000" lon="4.042440000">
        <ele>795.000</ele>
      </trkpt>
      <trkpt lat="45.162840000" lon="4.042160000">
        <ele>798.000</ele>
      </trkpt>
      <trkpt lat="45.162460000" lon="4.041620000">
        <ele>801.000</ele>
      </trkpt>
      <trkpt lat="45.161950000" lon="4.040930000">
        <ele>805.000</ele>
      </trkpt>
      <trkpt lat="45.161900000" lon="4.040850000">
        <ele>807.000</ele>
      </trkpt>
      <trkpt lat="45.161900000" lon="4.040850000">
        <ele>809.000</ele>
      </trkpt>
      <trkpt lat="45.161710000" lon="4.040500000">
        <ele>810.000</ele>
      </trkpt>
      <trkpt lat="45.161590000" lon="4.040220000">
        <ele>812.000</ele>
      </trkpt>
      <trkpt lat="45.161460000" lon="4.039960000">
        <ele>813.000</ele>
      </trkpt>
      <trkpt lat="45.161360000" lon="4.039780000">
        <ele>814.000</ele>
      </trkpt>
      <trkpt lat="45.161140000" lon="4.039410000">
        <ele>815.000</ele>
      </trkpt>
      <trkpt lat="45.160950000" lon="4.039130000">
        <ele>816.000</ele>
      </trkpt>
      <trkpt lat="45.160670000" lon="4.038860000">
        <ele>818.000</ele>
      </trkpt>
      <trkpt lat="45.160400000" lon="4.038620000">
        <ele>819.000</ele>
      </trkpt>
      <trkpt lat="45.160150000" lon="4.038430000">
        <ele>821.000</ele>
      </trkpt>
      <trkpt lat="45.159840000" lon="4.038250000">
        <ele>822.000</ele>
      </trkpt>
      <trkpt lat="45.159240000" lon="4.038030000">
        <ele>824.000</ele>
      </trkpt>
      <trkpt lat="45.158530000" lon="4.037800000">
        <ele>827.000</ele>
      </trkpt>
      <trkpt lat="45.158290000" lon="4.037680000">
        <ele>829.000</ele>
      </trkpt>
      <trkpt lat="45.158090000" lon="4.037510000">
        <ele>831.000</ele>
      </trkpt>
      <trkpt lat="45.157860000" lon="4.037300000">
        <ele>832.000</ele>
      </trkpt>
      <trkpt lat="45.157610000" lon="4.037040000">
        <ele>833.000</ele>
      </trkpt>
      <trkpt lat="45.157320000" lon="4.036780000">
        <ele>834.000</ele>
      </trkpt>
      <trkpt lat="45.156890000" lon="4.036440000">
        <ele>835.000</ele>
      </trkpt>
      <trkpt lat="45.156610000" lon="4.036190000">
        <ele>836.000</ele>
      </trkpt>
      <trkpt lat="45.156420000" lon="4.035940000">
        <ele>837.000</ele>
      </trkpt>
      <trkpt lat="45.156240000" lon="4.035680000">
        <ele>838.000</ele>
      </trkpt>
      <trkpt lat="45.155640000" lon="4.034530000">
        <ele>839.000</ele>
      </trkpt>
      <trkpt lat="45.155210000" lon="4.033890000">
        <ele>839.000</ele>
      </trkpt>
      <trkpt lat="45.154800000" lon="4.033320000">
        <ele>840.000</ele>
      </trkpt>
      <trkpt lat="45.154480000" lon="4.032820000">
        <ele>841.000</ele>
      </trkpt>
      <trkpt lat="45.154300000" lon="4.032490000">
        <ele>841.000</ele>
      </trkpt>
      <trkpt lat="45.154180000" lon="4.032090000">
        <ele>842.000</ele>
      </trkpt>
      <trkpt lat="45.154040000" lon="4.031380000">
        <ele>843.000</ele>
      </trkpt>
      <trkpt lat="45.153980000" lon="4.031080000">
        <ele>844.000</ele>
      </trkpt>
      <trkpt lat="45.153760000" lon="4.029580000">
        <ele>846.000</ele>
      </trkpt>
      <trkpt lat="45.153540000" lon="4.027970000">
        <ele>849.000</ele>
      </trkpt>
      <trkpt lat="45.153480000" lon="4.027640000">
        <ele>852.000</ele>
      </trkpt>
      <trkpt lat="45.153390000" lon="4.027370000">
        <ele>854.000</ele>
      </trkpt>
      <trkpt lat="45.153270000" lon="4.027140000">
        <ele>856.000</ele>
      </trkpt>
      <trkpt lat="45.153150000" lon="4.026990000">
        <ele>857.000</ele>
      </trkpt>
      <trkpt lat="45.153030000" lon="4.026850000">
        <ele>859.000</ele>
      </trkpt>
      <trkpt lat="45.152870000" lon="4.026740000">
        <ele>860.000</ele>
      </trkpt>
      <trkpt lat="45.152450000" lon="4.026510000">
        <ele>862.000</ele>
      </trkpt>
      <trkpt lat="45.152100000" lon="4.026310000">
        <ele>864.000</ele>
      </trkpt>
      <trkpt lat="45.151900000" lon="4.026140000">
        <ele>866.000</ele>
      </trkpt>
      <trkpt lat="45.151710000" lon="4.025890000">
        <ele>868.000</ele>
      </trkpt>
      <trkpt lat="45.151210000" lon="4.025190000">
        <ele>870.000</ele>
      </trkpt>
      <trkpt lat="45.151000000" lon="4.024900000">
        <ele>871.000</ele>
      </trkpt>
      <trkpt lat="45.150320000" lon="4.023970000">
        <ele>873.000</ele>
      </trkpt>
      <trkpt lat="45.149960000" lon="4.023430000">
        <ele>875.000</ele>
      </trkpt>
      <trkpt lat="45.149620000" lon="4.022840000">
        <ele>875.000</ele>
      </trkpt>
      <trkpt lat="45.149500000" lon="4.022590000">
        <ele>876.000</ele>
      </trkpt>
      <trkpt lat="45.149370000" lon="4.022330000">
        <ele>876.000</ele>
      </trkpt>
      <trkpt lat="45.149240000" lon="4.021960000">
        <ele>876.000</ele>
      </trkpt>
      <trkpt lat="45.149120000" lon="4.021530000">
        <ele>876.000</ele>
      </trkpt>
      <trkpt lat="45.149000000" lon="4.020880000">
        <ele>875.000</ele>
      </trkpt>
      <trkpt lat="45.148920000" lon="4.020340000">
        <ele>873.000</ele>
      </trkpt>
      <trkpt lat="45.148750000" lon="4.019090000">
        <ele>870.000</ele>
      </trkpt>
      <trkpt lat="45.148670000" lon="4.018640000">
        <ele>867.000</ele>
      </trkpt>
      <trkpt lat="45.148530000" lon="4.018200000">
        <ele>864.000</ele>
      </trkpt>
      <trkpt lat="45.148340000" lon="4.017810000">
        <ele>862.000</ele>
      </trkpt>
      <trkpt lat="45.148160000" lon="4.017530000">
        <ele>859.000</ele>
      </trkpt>
      <trkpt lat="45.147970000" lon="4.017280000">
        <ele>857.000</ele>
      </trkpt>
      <trkpt lat="45.147780000" lon="4.017120000">
        <ele>855.000</ele>
      </trkpt>
      <trkpt lat="45.147580000" lon="4.016970000">
        <ele>853.000</ele>
      </trkpt>
      <trkpt lat="45.147330000" lon="4.016840000">
        <ele>851.000</ele>
      </trkpt>
      <trkpt lat="45.146790000" lon="4.016610000">
        <ele>849.000</ele>
      </trkpt>
      <trkpt lat="45.146160000" lon="4.016360000">
        <ele>846.000</ele>
      </trkpt>
      <trkpt lat="45.145770000" lon="4.016280000">
        <ele>843.000</ele>
      </trkpt>
      <trkpt lat="45.145080000" lon="4.016120000">
        <ele>839.000</ele>
      </trkpt>
      <trkpt lat="45.144880000" lon="4.016040000">
        <ele>837.000</ele>
      </trkpt>
      <trkpt lat="45.144630000" lon="4.015900000">
        <ele>835.000</ele>
      </trkpt>
      <trkpt lat="45.144400000" lon="4.015740000">
        <ele>833.000</ele>
      </trkpt>
      <trkpt lat="45.143950000" lon="4.015240000">
        <ele>830.000</ele>
      </trkpt>
      <trkpt lat="45.143250000" lon="4.014490000">
        <ele>827.000</ele>
      </trkpt>
      <trkpt lat="45.143030000" lon="4.014220000">
        <ele>825.000</ele>
      </trkpt>
      <trkpt lat="45.142850000" lon="4.013960000">
        <ele>824.000</ele>
      </trkpt>
      <trkpt lat="45.142150000" lon="4.012740000">
        <ele>822.000</ele>
      </trkpt>
      <trkpt lat="45.142070000" lon="4.012580000">
        <ele>820.000</ele>
      </trkpt>
      <trkpt lat="45.142000000" lon="4.012420000">
        <ele>819.000</ele>
      </trkpt>
      <trkpt lat="45.141940000" lon="4.012270000">
        <ele>819.000</ele>
      </trkpt>
      <trkpt lat="45.141890000" lon="4.012110000">
        <ele>818.000</ele>
      </trkpt>
      <trkpt lat="45.141850000" lon="4.011940000">
        <ele>818.000</ele>
      </trkpt>
      <trkpt lat="45.141800000" lon="4.011710000">
        <ele>817.000</ele>
      </trkpt>
      <trkpt lat="45.141710000" lon="4.010850000">
        <ele>817.000</ele>
      </trkpt>
      <trkpt lat="45.141670000" lon="4.010620000">
        <ele>816.000</ele>
      </trkpt>
      <trkpt lat="45.141600000" lon="4.010250000">
        <ele>816.000</ele>
      </trkpt>
      <trkpt lat="45.141530000" lon="4.009950000">
        <ele>815.000</ele>
      </trkpt>
      <trkpt lat="45.141500000" lon="4.009760000">
        <ele>815.000</ele>
      </trkpt>
      <trkpt lat="45.141490000" lon="4.009550000">
        <ele>814.000</ele>
      </trkpt>
      <trkpt lat="45.141500000" lon="4.009310000">
        <ele>812.000</ele>
      </trkpt>
      <trkpt lat="45.141520000" lon="4.009020000">
        <ele>811.000</ele>
      </trkpt>
      <trkpt lat="45.141520000" lon="4.008830000">
        <ele>809.000</ele>
      </trkpt>
      <trkpt lat="45.141500000" lon="4.008630000">
        <ele>808.000</ele>
      </trkpt>
      <trkpt lat="45.141460000" lon="4.008450000">
        <ele>807.000</ele>
      </trkpt>
      <trkpt lat="45.141420000" lon="4.008270000">
        <ele>805.000</ele>
      </trkpt>
      <trkpt lat="45.141380000" lon="4.008020000">
        <ele>804.000</ele>
      </trkpt>
      <trkpt lat="45.141360000" lon="4.007790000">
        <ele>802.000</ele>
      </trkpt>
      <trkpt lat="45.141370000" lon="4.007590000">
        <ele>800.000</ele>
      </trkpt>
      <trkpt lat="45.141420000" lon="4.007330000">
        <ele>799.000</ele>
      </trkpt>
      <trkpt lat="45.141550000" lon="4.006880000">
        <ele>797.000</ele>
      </trkpt>
      <trkpt lat="45.141600000" lon="4.006710000">
        <ele>795.000</ele>
      </trkpt>
      <trkpt lat="45.141640000" lon="4.006510000">
        <ele>794.000</ele>
      </trkpt>
      <trkpt lat="45.141660000" lon="4.006330000">
        <ele>793.000</ele>
      </trkpt>
      <trkpt lat="45.141660000" lon="4.006140000">
        <ele>792.000</ele>
      </trkpt>
      <trkpt lat="45.141630000" lon="4.005980000">
        <ele>791.000</ele>
      </trkpt>
      <trkpt lat="45.141580000" lon="4.005740000">
        <ele>790.000</ele>
      </trkpt>
      <trkpt lat="45.141410000" lon="4.005270000">
        <ele>788.000</ele>
      </trkpt>
      <trkpt lat="45.141330000" lon="4.005020000">
        <ele>787.000</ele>
      </trkpt>
      <trkpt lat="45.141290000" lon="4.004780000">
        <ele>785.000</ele>
      </trkpt>
      <trkpt lat="45.141270000" lon="4.004520000">
        <ele>784.000</ele>
      </trkpt>
      <trkpt lat="45.141270000" lon="4.004310000">
        <ele>783.000</ele>
      </trkpt>
      <trkpt lat="45.141310000" lon="4.003980000">
        <ele>781.000</ele>
      </trkpt>
      <trkpt lat="45.141370000" lon="4.003630000">
        <ele>779.000</ele>
      </trkpt>
      <trkpt lat="45.141410000" lon="4.003390000">
        <ele>778.000</ele>
      </trkpt>
      <trkpt lat="45.141430000" lon="4.003120000">
        <ele>776.000</ele>
      </trkpt>
      <trkpt lat="45.141410000" lon="4.002890000">
        <ele>775.000</ele>
      </trkpt>
      <trkpt lat="45.141380000" lon="4.002670000">
        <ele>774.000</ele>
      </trkpt>
      <trkpt lat="45.141320000" lon="4.002460000">
        <ele>772.000</ele>
      </trkpt>
      <trkpt lat="45.141260000" lon="4.002270000">
        <ele>771.000</ele>
      </trkpt>
      <trkpt lat="45.141050000" lon="4.001810000">
        <ele>769.000</ele>
      </trkpt>
      <trkpt lat="45.140930000" lon="4.001510000">
        <ele>768.000</ele>
      </trkpt>
      <trkpt lat="45.140880000" lon="4.001370000">
        <ele>767.000</ele>
      </trkpt>
      <trkpt lat="45.140850000" lon="4.001280000">
        <ele>766.000</ele>
      </trkpt>
      <trkpt lat="45.140810000" lon="4.001040000">
        <ele>765.000</ele>
      </trkpt>
      <trkpt lat="45.140730000" lon="4.000490000">
        <ele>763.000</ele>
      </trkpt>
      <trkpt lat="45.140720000" lon="4.000390000">
        <ele>762.000</ele>
      </trkpt>
      <trkpt lat="45.140680000" lon="4.000110000">
        <ele>761.000</ele>
      </trkpt>
      <trkpt lat="45.140660000" lon="3.999940000">
        <ele>760.000</ele>
      </trkpt>
      <trkpt lat="45.140620000" lon="3.999490000">
        <ele>759.000</ele>
      </trkpt>
      <trkpt lat="45.140620000" lon="3.999190000">
        <ele>758.000</ele>
      </trkpt>
      <trkpt lat="45.140640000" lon="3.998760000">
        <ele>756.000</ele>
      </trkpt>
      <trkpt lat="45.140630000" lon="3.998450000">
        <ele>754.000</ele>
      </trkpt>
      <trkpt lat="45.140600000" lon="3.998080000">
        <ele>752.000</ele>
      </trkpt>
      <trkpt lat="45.140540000" lon="3.997510000">
        <ele>749.000</ele>
      </trkpt>
      <trkpt lat="45.140490000" lon="3.996990000">
        <ele>746.000</ele>
      </trkpt>
      <trkpt lat="45.140460000" lon="3.996750000">
        <ele>743.000</ele>
      </trkpt>
      <trkpt lat="45.140370000" lon="3.996150000">
        <ele>741.000</ele>
      </trkpt>
      <trkpt lat="45.140340000" lon="3.995850000">
        <ele>739.000</ele>
      </trkpt>
      <trkpt lat="45.140310000" lon="3.995560000">
        <ele>738.000</ele>
      </trkpt>
      <trkpt lat="45.140310000" lon="3.995270000">
        <ele>736.000</ele>
      </trkpt>
      <trkpt lat="45.140330000" lon="3.994980000">
        <ele>735.000</ele>
      </trkpt>
      <trkpt lat="45.140400000" lon="3.994690000">
        <ele>734.000</ele>
      </trkpt>
      <trkpt lat="45.140510000" lon="3.994400000">
        <ele>733.000</ele>
      </trkpt>
      <trkpt lat="45.140670000" lon="3.994110000">
        <ele>732.000</ele>
      </trkpt>
      <trkpt lat="45.140780000" lon="3.993920000">
        <ele>730.000</ele>
      </trkpt>
      <trkpt lat="45.140840000" lon="3.993830000">
        <ele>729.000</ele>
      </trkpt>
      <trkpt lat="45.140910000" lon="3.993710000">
        <ele>728.000</ele>
      </trkpt>
      <trkpt lat="45.141030000" lon="3.993430000">
        <ele>727.000</ele>
      </trkpt>
      <trkpt lat="45.141090000" lon="3.993200000">
        <ele>725.000</ele>
      </trkpt>
      <trkpt lat="45.141120000" lon="3.992960000">
        <ele>724.000</ele>
      </trkpt>
      <trkpt lat="45.141120000" lon="3.992710000">
        <ele>722.000</ele>
      </trkpt>
      <trkpt lat="45.141090000" lon="3.992490000">
        <ele>721.000</ele>
      </trkpt>
      <trkpt lat="45.141030000" lon="3.992230000">
        <ele>719.000</ele>
      </trkpt>
      <trkpt lat="45.140940000" lon="3.992010000">
        <ele>718.000</ele>
      </trkpt>
      <trkpt lat="45.140800000" lon="3.991780000">
        <ele>716.000</ele>
      </trkpt>
      <trkpt lat="45.140670000" lon="3.991600000">
        <ele>714.000</ele>
      </trkpt>
      <trkpt lat="45.140530000" lon="3.991450000">
        <ele>713.000</ele>
      </trkpt>
      <trkpt lat="45.140400000" lon="3.991350000">
        <ele>711.000</ele>
      </trkpt>
      <trkpt lat="45.140260000" lon="3.991320000">
        <ele>710.000</ele>
      </trkpt>
      <trkpt lat="45.140090000" lon="3.991320000">
        <ele>709.000</ele>
      </trkpt>
      <trkpt lat="45.139940000" lon="3.991350000">
        <ele>707.000</ele>
      </trkpt>
      <trkpt lat="45.139740000" lon="3.991460000">
        <ele>706.000</ele>
      </trkpt>
      <trkpt lat="45.139280000" lon="3.991770000">
        <ele>704.000</ele>
      </trkpt>
      <trkpt lat="45.139080000" lon="3.991880000">
        <ele>702.000</ele>
      </trkpt>
      <trkpt lat="45.138970000" lon="3.991910000">
        <ele>700.000</ele>
      </trkpt>
      <trkpt lat="45.138840000" lon="3.991910000">
        <ele>699.000</ele>
      </trkpt>
      <trkpt lat="45.138720000" lon="3.991880000">
        <ele>698.000</ele>
      </trkpt>
      <trkpt lat="45.138240000" lon="3.991460000">
        <ele>696.000</ele>
      </trkpt>
      <trkpt lat="45.138100000" lon="3.991340000">
        <ele>694.000</ele>
      </trkpt>
      <trkpt lat="45.137570000" lon="3.990830000">
        <ele>692.000</ele>
      </trkpt>
      <trkpt lat="45.137520000" lon="3.990780000">
        <ele>690.000</ele>
      </trkpt>
      <trkpt lat="45.137250000" lon="3.990600000">
        <ele>689.000</ele>
      </trkpt>
      <trkpt lat="45.137080000" lon="3.990530000">
        <ele>687.000</ele>
      </trkpt>
      <trkpt lat="45.136880000" lon="3.990490000">
        <ele>686.000</ele>
      </trkpt>
      <trkpt lat="45.136500000" lon="3.990450000">
        <ele>684.000</ele>
      </trkpt>
      <trkpt lat="45.136500000" lon="3.990450000">
        <ele>683.000</ele>
      </trkpt>
      <trkpt lat="45.136430000" lon="3.990440000">
        <ele>682.000</ele>
      </trkpt>
      <trkpt lat="45.135960000" lon="3.990390000">
        <ele>681.000</ele>
      </trkpt>
      <trkpt lat="45.135940000" lon="3.990390000">
        <ele>680.000</ele>
      </trkpt>
      <trkpt lat="45.135800000" lon="3.990370000">
        <ele>679.000</ele>
      </trkpt>
      <trkpt lat="45.135600000" lon="3.990370000">
        <ele>677.000</ele>
      </trkpt>
      <trkpt lat="45.135310000" lon="3.990460000">
        <ele>676.000</ele>
      </trkpt>
      <trkpt lat="45.135140000" lon="3.990510000">
        <ele>675.000</ele>
      </trkpt>
      <trkpt lat="45.135040000" lon="3.990530000">
        <ele>674.000</ele>
      </trkpt>
      <trkpt lat="45.134940000" lon="3.990510000">
        <ele>673.000</ele>
      </trkpt>
      <trkpt lat="45.134850000" lon="3.990470000">
        <ele>672.000</ele>
      </trkpt>
      <trkpt lat="45.134730000" lon="3.990410000">
        <ele>671.000</ele>
      </trkpt>
      <trkpt lat="45.134680000" lon="3.990380000">
        <ele>671.000</ele>
      </trkpt>
      <trkpt lat="45.134600000" lon="3.990310000">
        <ele>670.000</ele>
      </trkpt>
      <trkpt lat="45.134480000" lon="3.990180000">
        <ele>669.000</ele>
      </trkpt>
      <trkpt lat="45.134100000" lon="3.989630000">
        <ele>667.000</ele>
      </trkpt>
      <trkpt lat="45.133900000" lon="3.989320000">
        <ele>666.000</ele>
      </trkpt>
      <trkpt lat="45.133650000" lon="3.988930000">
        <ele>664.000</ele>
      </trkpt>
      <trkpt lat="45.133600000" lon="3.988870000">
        <ele>662.000</ele>
      </trkpt>
      <trkpt lat="45.133570000" lon="3.988860000">
        <ele>661.000</ele>
      </trkpt>
      <trkpt lat="45.133550000" lon="3.988840000">
        <ele>660.000</ele>
      </trkpt>
      <trkpt lat="45.133370000" lon="3.988850000">
        <ele>660.000</ele>
      </trkpt>
      <trkpt lat="45.133140000" lon="3.988870000">
        <ele>659.000</ele>
      </trkpt>
      <trkpt lat="45.133080000" lon="3.988830000">
        <ele>659.000</ele>
      </trkpt>
      <trkpt lat="45.133070000" lon="3.988830000">
        <ele>658.000</ele>
      </trkpt>
      <trkpt lat="45.132970000" lon="3.988720000">
        <ele>658.000</ele>
      </trkpt>
      <trkpt lat="45.132910000" lon="3.988620000">
        <ele>658.000</ele>
      </trkpt>
      <trkpt lat="45.132830000" lon="3.988510000">
        <ele>657.000</ele>
      </trkpt>
      <trkpt lat="45.132790000" lon="3.988440000">
        <ele>657.000</ele>
      </trkpt>
      <trkpt lat="45.132720000" lon="3.988300000">
        <ele>657.000</ele>
      </trkpt>
      <trkpt lat="45.132700000" lon="3.988250000">
        <ele>656.000</ele>
      </trkpt>
      <trkpt lat="45.132640000" lon="3.988070000">
        <ele>656.000</ele>
      </trkpt>
      <trkpt lat="45.132620000" lon="3.988010000">
        <ele>656.000</ele>
      </trkpt>
      <trkpt lat="45.132600000" lon="3.987930000">
        <ele>655.000</ele>
      </trkpt>
      <trkpt lat="45.132570000" lon="3.987770000">
        <ele>655.000</ele>
      </trkpt>
      <trkpt lat="45.132550000" lon="3.987510000">
        <ele>655.000</ele>
      </trkpt>
      <trkpt lat="45.132540000" lon="3.987330000">
        <ele>654.000</ele>
      </trkpt>
      <trkpt lat="45.132530000" lon="3.987190000">
        <ele>654.000</ele>
      </trkpt>
      <trkpt lat="45.132530000" lon="3.987140000">
        <ele>653.000</ele>
      </trkpt>
      <trkpt lat="45.132520000" lon="3.987130000">
        <ele>653.000</ele>
      </trkpt>
      <trkpt lat="45.132460000" lon="3.987030000">
        <ele>653.000</ele>
      </trkpt>
      <trkpt lat="45.132410000" lon="3.986930000">
        <ele>652.000</ele>
      </trkpt>
      <trkpt lat="45.132260000" lon="3.986680000">
        <ele>652.000</ele>
      </trkpt>
      <trkpt lat="45.132170000" lon="3.986520000">
        <ele>651.000</ele>
      </trkpt>
      <trkpt lat="45.132150000" lon="3.986480000">
        <ele>650.000</ele>
      </trkpt>
      <trkpt lat="45.132120000" lon="3.986420000">
        <ele>649.000</ele>
      </trkpt>
      <trkpt lat="45.131990000" lon="3.986200000">
        <ele>649.000</ele>
      </trkpt>
      <trkpt lat="45.131850000" lon="3.985970000">
        <ele>648.000</ele>
      </trkpt>
      <trkpt lat="45.131790000" lon="3.985860000">
        <ele>647.000</ele>
      </trkpt>
      <trkpt lat="45.131770000" lon="3.985820000">
        <ele>646.000</ele>
      </trkpt>
      <trkpt lat="45.131750000" lon="3.985790000">
        <ele>646.000</ele>
      </trkpt>
      <trkpt lat="45.131700000" lon="3.985710000">
        <ele>645.000</ele>
      </trkpt>
      <trkpt lat="45.131510000" lon="3.985380000">
        <ele>644.000</ele>
      </trkpt>
      <trkpt lat="45.131350000" lon="3.985100000">
        <ele>643.000</ele>
      </trkpt>
      <trkpt lat="45.131270000" lon="3.984960000">
        <ele>642.000</ele>
      </trkpt>
      <trkpt lat="45.131140000" lon="3.984730000">
        <ele>641.000</ele>
      </trkpt>
      <trkpt lat="45.131030000" lon="3.984540000">
        <ele>640.000</ele>
      </trkpt>
      <trkpt lat="45.130660000" lon="3.983840000">
        <ele>639.000</ele>
      </trkpt>
      <trkpt lat="45.130600000" lon="3.983620000">
        <ele>638.000</ele>
      </trkpt>
      <trkpt lat="45.130590000" lon="3.983570000">
        <ele>637.000</ele>
      </trkpt>
      <trkpt lat="45.130570000" lon="3.983500000">
        <ele>637.000</ele>
      </trkpt>
      <trkpt lat="45.130580000" lon="3.983480000">
        <ele>637.000</ele>
      </trkpt>
      <trkpt lat="45.130580000" lon="3.983440000">
        <ele>636.000</ele>
      </trkpt>
      <trkpt lat="45.130570000" lon="3.983400000">
        <ele>636.000</ele>
      </trkpt>
      <trkpt lat="45.130560000" lon="3.983380000">
        <ele>636.000</ele>
      </trkpt>
      <trkpt lat="45.130550000" lon="3.983370000">
        <ele>636.000</ele>
      </trkpt>
      <trkpt lat="45.130520000" lon="3.983350000">
        <ele>636.000</ele>
      </trkpt>
      <trkpt lat="45.130480000" lon="3.983220000">
        <ele>636.000</ele>
      </trkpt>
      <trkpt lat="45.130430000" lon="3.982950000">
        <ele>635.000</ele>
      </trkpt>
      <trkpt lat="45.130390000" lon="3.982670000">
        <ele>635.000</ele>
      </trkpt>
      <trkpt lat="45.130290000" lon="3.982070000">
        <ele>634.000</ele>
      </trkpt>
      <trkpt lat="45.130210000" lon="3.981570000">
        <ele>634.000</ele>
      </trkpt>
      <trkpt lat="45.130150000" lon="3.981310000">
        <ele>633.000</ele>
      </trkpt>
      <trkpt lat="45.130060000" lon="3.981070000">
        <ele>633.000</ele>
      </trkpt>
      <trkpt lat="45.130010000" lon="3.980920000">
        <ele>633.000</ele>
      </trkpt>
      <trkpt lat="45.129870000" lon="3.980560000">
        <ele>632.000</ele>
      </trkpt>
      <trkpt lat="45.129820000" lon="3.980400000">
        <ele>632.000</ele>
      </trkpt>
      <trkpt lat="45.129760000" lon="3.980130000">
        <ele>632.000</ele>
      </trkpt>
      <trkpt lat="45.129700000" lon="3.979760000">
        <ele>632.000</ele>
      </trkpt>
      <trkpt lat="45.129610000" lon="3.978980000">
        <ele>631.000</ele>
      </trkpt>
      <trkpt lat="45.129570000" lon="3.978720000">
        <ele>631.000</ele>
      </trkpt>
      <trkpt lat="45.129510000" lon="3.978450000">
        <ele>631.000</ele>
      </trkpt>
      <trkpt lat="45.129140000" lon="3.977170000">
        <ele>630.000</ele>
      </trkpt>
      <trkpt lat="45.129080000" lon="3.976880000">
        <ele>630.000</ele>
      </trkpt>
      <trkpt lat="45.129010000" lon="3.976520000">
        <ele>630.000</ele>
      </trkpt>
      <trkpt lat="45.128990000" lon="3.976320000">
        <ele>629.000</ele>
      </trkpt>
      <trkpt lat="45.128900000" lon="3.975710000">
        <ele>629.000</ele>
      </trkpt>
      <trkpt lat="45.128850000" lon="3.975170000">
        <ele>628.000</ele>
      </trkpt>
      <trkpt lat="45.128840000" lon="3.974930000">
        <ele>628.000</ele>
      </trkpt>
      <trkpt lat="45.128830000" lon="3.974740000">
        <ele>627.000</ele>
      </trkpt>
      <trkpt lat="45.128850000" lon="3.973780000">
        <ele>627.000</ele>
      </trkpt>
      <trkpt lat="45.128850000" lon="3.973430000">
        <ele>626.000</ele>
      </trkpt>
      <trkpt lat="45.128850000" lon="3.971960000">
        <ele>626.000</ele>
      </trkpt>
      <trkpt lat="45.128840000" lon="3.971350000">
        <ele>626.000</ele>
      </trkpt>
      <trkpt lat="45.128840000" lon="3.971000000">
        <ele>626.000</ele>
      </trkpt>
      <trkpt lat="45.128740000" lon="3.969970000">
        <ele>627.000</ele>
      </trkpt>
      <trkpt lat="45.128710000" lon="3.969700000">
        <ele>627.000</ele>
      </trkpt>
      <trkpt lat="45.128670000" lon="3.969320000">
        <ele>627.000</ele>
      </trkpt>
      <trkpt lat="45.128620000" lon="3.968920000">
        <ele>627.000</ele>
      </trkpt>
      <trkpt lat="45.128590000" lon="3.968630000">
        <ele>627.000</ele>
      </trkpt>
      <trkpt lat="45.128540000" lon="3.968230000">
        <ele>627.000</ele>
      </trkpt>
      <trkpt lat="45.128530000" lon="3.968130000">
        <ele>627.000</ele>
      </trkpt>
      <trkpt lat="45.128530000" lon="3.968050000">
        <ele>627.000</ele>
      </trkpt>
      <trkpt lat="45.128510000" lon="3.967890000">
        <ele>627.000</ele>
      </trkpt>
      <trkpt lat="45.128460000" lon="3.967420000">
        <ele>627.000</ele>
      </trkpt>
      <trkpt lat="45.128370000" lon="3.966670000">
        <ele>626.000</ele>
      </trkpt>
      <trkpt lat="45.128360000" lon="3.966600000">
        <ele>626.000</ele>
      </trkpt>
      <trkpt lat="45.128340000" lon="3.966450000">
        <ele>625.000</ele>
      </trkpt>
      <trkpt lat="45.128250000" lon="3.965930000">
        <ele>624.000</ele>
      </trkpt>
      <trkpt lat="45.128220000" lon="3.965770000">
        <ele>624.000</ele>
      </trkpt>
      <trkpt lat="45.128190000" lon="3.965560000">
        <ele>623.000</ele>
      </trkpt>
      <trkpt lat="45.128180000" lon="3.965470000">
        <ele>623.000</ele>
      </trkpt>
      <trkpt lat="45.128070000" lon="3.964700000">
        <ele>622.000</ele>
      </trkpt>
      <trkpt lat="45.128020000" lon="3.964420000">
        <ele>621.000</ele>
      </trkpt>
      <trkpt lat="45.127970000" lon="3.964200000">
        <ele>619.000</ele>
      </trkpt>
      <trkpt lat="45.127940000" lon="3.964060000">
        <ele>619.000</ele>
      </trkpt>
      <trkpt lat="45.127930000" lon="3.964030000">
        <ele>618.000</ele>
      </trkpt>
      <trkpt lat="45.127830000" lon="3.963670000">
        <ele>617.000</ele>
      </trkpt>
      <trkpt lat="45.127740000" lon="3.963370000">
        <ele>616.000</ele>
      </trkpt>
      <trkpt lat="45.127470000" lon="3.962510000">
        <ele>614.000</ele>
      </trkpt>
      <trkpt lat="45.127220000" lon="3.961770000">
        <ele>612.000</ele>
      </trkpt>
      <trkpt lat="45.126940000" lon="3.960880000">
        <ele>610.000</ele>
      </trkpt>
      <trkpt lat="45.126800000" lon="3.960470000">
        <ele>609.000</ele>
      </trkpt>
      <trkpt lat="45.126680000" lon="3.960090000">
        <ele>607.000</ele>
      </trkpt>
      <trkpt lat="45.126550000" lon="3.959700000">
        <ele>606.000</ele>
      </trkpt>
      <trkpt lat="45.126420000" lon="3.959350000">
        <ele>605.000</ele>
      </trkpt>
      <trkpt lat="45.126340000" lon="3.959100000">
        <ele>604.000</ele>
      </trkpt>
      <trkpt lat="45.126340000" lon="3.959100000">
        <ele>603.000</ele>
      </trkpt>
      <trkpt lat="45.126300000" lon="3.959010000">
        <ele>603.000</ele>
      </trkpt>
      <trkpt lat="45.126220000" lon="3.958740000">
        <ele>602.000</ele>
      </trkpt>
      <trkpt lat="45.126150000" lon="3.958490000">
        <ele>602.000</ele>
      </trkpt>
      <trkpt lat="45.126100000" lon="3.958250000">
        <ele>601.000</ele>
      </trkpt>
      <trkpt lat="45.126060000" lon="3.957980000">
        <ele>601.000</ele>
      </trkpt>
      <trkpt lat="45.126040000" lon="3.957760000">
        <ele>600.000</ele>
      </trkpt>
      <trkpt lat="45.126030000" lon="3.957460000">
        <ele>600.000</ele>
      </trkpt>
      <trkpt lat="45.126040000" lon="3.957160000">
        <ele>599.000</ele>
      </trkpt>
      <trkpt lat="45.126110000" lon="3.955540000">
        <ele>598.000</ele>
      </trkpt>
      <trkpt lat="45.126130000" lon="3.955180000">
        <ele>596.000</ele>
      </trkpt>
      <trkpt lat="45.126190000" lon="3.954060000">
        <ele>595.000</ele>
      </trkpt>
      <trkpt lat="45.126270000" lon="3.952340000">
        <ele>593.000</ele>
      </trkpt>
      <trkpt lat="45.126300000" lon="3.951830000">
        <ele>591.000</ele>
      </trkpt>
      <trkpt lat="45.126300000" lon="3.951670000">
        <ele>590.000</ele>
      </trkpt>
      <trkpt lat="45.126310000" lon="3.951590000">
        <ele>590.000</ele>
      </trkpt>
      <trkpt lat="45.126330000" lon="3.951030000">
        <ele>589.000</ele>
      </trkpt>
      <trkpt lat="45.126380000" lon="3.950110000">
        <ele>588.000</ele>
      </trkpt>
      <trkpt lat="45.126450000" lon="3.948360000">
        <ele>587.000</ele>
      </trkpt>
      <trkpt lat="45.126490000" lon="3.947610000">
        <ele>586.000</ele>
      </trkpt>
      <trkpt lat="45.126530000" lon="3.946740000">
        <ele>585.000</ele>
      </trkpt>
      <trkpt lat="45.126580000" lon="3.945700000">
        <ele>583.000</ele>
      </trkpt>
      <trkpt lat="45.126620000" lon="3.944710000">
        <ele>582.000</ele>
      </trkpt>
      <trkpt lat="45.126640000" lon="3.944180000">
        <ele>582.000</ele>
      </trkpt>
      <trkpt lat="45.126650000" lon="3.943900000">
        <ele>581.000</ele>
      </trkpt>
      <trkpt lat="45.126640000" lon="3.943740000">
        <ele>581.000</ele>
      </trkpt>
      <trkpt lat="45.126630000" lon="3.943610000">
        <ele>580.000</ele>
      </trkpt>
      <trkpt lat="45.126600000" lon="3.942990000">
        <ele>580.000</ele>
      </trkpt>
      <trkpt lat="45.126560000" lon="3.942450000">
        <ele>580.000</ele>
      </trkpt>
      <trkpt lat="45.126450000" lon="3.940820000">
        <ele>578.000</ele>
      </trkpt>
      <trkpt lat="45.126400000" lon="3.940280000">
        <ele>577.000</ele>
      </trkpt>
      <trkpt lat="45.126400000" lon="3.940150000">
        <ele>576.000</ele>
      </trkpt>
      <trkpt lat="45.126390000" lon="3.940030000">
        <ele>575.000</ele>
      </trkpt>
      <trkpt lat="45.126170000" lon="3.936790000">
        <ele>573.000</ele>
      </trkpt>
      <trkpt lat="45.126090000" lon="3.935530000">
        <ele>571.000</ele>
      </trkpt>
      <trkpt lat="45.126060000" lon="3.935040000">
        <ele>569.000</ele>
      </trkpt>
      <trkpt lat="45.126050000" lon="3.934910000">
        <ele>567.000</ele>
      </trkpt>
      <trkpt lat="45.126010000" lon="3.934640000">
        <ele>566.000</ele>
      </trkpt>
      <trkpt lat="45.125970000" lon="3.934450000">
        <ele>565.000</ele>
      </trkpt>
      <trkpt lat="45.125930000" lon="3.934290000">
        <ele>564.000</ele>
      </trkpt>
      <trkpt lat="45.125840000" lon="3.934050000">
        <ele>563.000</ele>
      </trkpt>
      <trkpt lat="45.125780000" lon="3.933920000">
        <ele>563.000</ele>
      </trkpt>
      <trkpt lat="45.125690000" lon="3.933760000">
        <ele>562.000</ele>
      </trkpt>
      <trkpt lat="45.125580000" lon="3.933610000">
        <ele>562.000</ele>
      </trkpt>
      <trkpt lat="45.125350000" lon="3.933320000">
        <ele>562.000</ele>
      </trkpt>
      <trkpt lat="45.125250000" lon="3.933200000">
        <ele>561.000</ele>
      </trkpt>
      <trkpt lat="45.125010000" lon="3.932920000">
        <ele>561.000</ele>
      </trkpt>
      <trkpt lat="45.124790000" lon="3.932670000">
        <ele>561.000</ele>
      </trkpt>
      <trkpt lat="45.124660000" lon="3.932450000">
        <ele>561.000</ele>
      </trkpt>
      <trkpt lat="45.124600000" lon="3.932330000">
        <ele>561.000</ele>
      </trkpt>
      <trkpt lat="45.124540000" lon="3.932200000">
        <ele>561.000</ele>
      </trkpt>
      <trkpt lat="45.124490000" lon="3.932040000">
        <ele>561.000</ele>
      </trkpt>
      <trkpt lat="45.124440000" lon="3.931650000">
        <ele>561.000</ele>
      </trkpt>
      <trkpt lat="45.124340000" lon="3.930540000">
        <ele>560.000</ele>
      </trkpt>
      <trkpt lat="45.124150000" lon="3.928280000">
        <ele>560.000</ele>
      </trkpt>
      <trkpt lat="45.124070000" lon="3.927400000">
        <ele>560.000</ele>
      </trkpt>
      <trkpt lat="45.124030000" lon="3.927020000">
        <ele>560.000</ele>
      </trkpt>
      <trkpt lat="45.123960000" lon="3.926620000">
        <ele>560.000</ele>
      </trkpt>
      <trkpt lat="45.123860000" lon="3.926190000">
        <ele>560.000</ele>
      </trkpt>
      <trkpt lat="45.123530000" lon="3.925000000">
        <ele>560.000</ele>
      </trkpt>
      <trkpt lat="45.123060000" lon="3.923370000">
        <ele>560.000</ele>
      </trkpt>
      <trkpt lat="45.122900000" lon="3.922770000">
        <ele>559.000</ele>
      </trkpt>
      <trkpt lat="45.122550000" lon="3.921590000">
        <ele>558.000</ele>
      </trkpt>
      <trkpt lat="45.122400000" lon="3.921140000">
        <ele>558.000</ele>
      </trkpt>
      <trkpt lat="45.122280000" lon="3.920800000">
        <ele>558.000</ele>
      </trkpt>
      <trkpt lat="45.122100000" lon="3.920330000">
        <ele>558.000</ele>
      </trkpt>
      <trkpt lat="45.122020000" lon="3.920120000">
        <ele>558.000</ele>
      </trkpt>
      <trkpt lat="45.122000000" lon="3.920080000">
        <ele>558.000</ele>
      </trkpt>
      <trkpt lat="45.121700000" lon="3.919290000">
        <ele>559.000</ele>
      </trkpt>
      <trkpt lat="45.121670000" lon="3.919230000">
        <ele>559.000</ele>
      </trkpt>
      <trkpt lat="45.121140000" lon="3.917810000">
        <ele>558.000</ele>
      </trkpt>
      <trkpt lat="45.120720000" lon="3.916610000">
        <ele>557.000</ele>
      </trkpt>
      <trkpt lat="45.120530000" lon="3.916070000">
        <ele>556.000</ele>
      </trkpt>
      <trkpt lat="45.120420000" lon="3.915730000">
        <ele>555.000</ele>
      </trkpt>
      <trkpt lat="45.120310000" lon="3.915300000">
        <ele>555.000</ele>
      </trkpt>
      <trkpt lat="45.120030000" lon="3.913880000">
        <ele>554.000</ele>
      </trkpt>
      <trkpt lat="45.119770000" lon="3.912570000">
        <ele>555.000</ele>
      </trkpt>
      <trkpt lat="45.119690000" lon="3.912140000">
        <ele>556.000</ele>
      </trkpt>
      <trkpt lat="45.119570000" lon="3.911570000">
        <ele>557.000</ele>
      </trkpt>
      <trkpt lat="45.119390000" lon="3.910630000">
        <ele>559.000</ele>
      </trkpt>
      <trkpt lat="45.119350000" lon="3.910360000">
        <ele>560.000</ele>
      </trkpt>
      <trkpt lat="45.119140000" lon="3.908490000">
        <ele>561.000</ele>
      </trkpt>
      <trkpt lat="45.119000000" lon="3.907150000">
        <ele>562.000</ele>
      </trkpt>
      <trkpt lat="45.118990000" lon="3.907050000">
        <ele>562.000</ele>
      </trkpt>
      <trkpt lat="45.118980000" lon="3.906910000">
        <ele>562.000</ele>
      </trkpt>
      <trkpt lat="45.118990000" lon="3.906800000">
        <ele>563.000</ele>
      </trkpt>
      <trkpt lat="45.118990000" lon="3.906750000">
        <ele>563.000</ele>
      </trkpt>
      <trkpt lat="45.119210000" lon="3.906760000">
        <ele>562.000</ele>
      </trkpt>
      <trkpt lat="45.119350000" lon="3.906770000">
        <ele>562.000</ele>
      </trkpt>
      <trkpt lat="45.120380000" lon="3.906820000">
        <ele>561.000</ele>
      </trkpt>
      <trkpt lat="45.120510000" lon="3.906850000">
        <ele>560.000</ele>
      </trkpt>
      <trkpt lat="45.120690000" lon="3.906900000">
        <ele>560.000</ele>
      </trkpt>
      <trkpt lat="45.120790000" lon="3.906980000">
        <ele>559.000</ele>
      </trkpt>
      <trkpt lat="45.120830000" lon="3.907030000">
        <ele>559.000</ele>
      </trkpt>
      <trkpt lat="45.120920000" lon="3.907150000">
        <ele>559.000</ele>
      </trkpt>
      <trkpt lat="45.120980000" lon="3.906980000">
        <ele>559.000</ele>
      </trkpt>
      <trkpt lat="45.120900000" lon="3.906920000">
        <ele>559.000</ele>
      </trkpt>
      <trkpt lat="45.120860000" lon="3.906070000">
        <ele>559.000</ele>
      </trkpt>
      <trkpt lat="45.120830000" lon="3.905450000">
        <ele>560.000</ele>
      </trkpt>
      <trkpt lat="45.120840000" lon="3.905240000">
        <ele>560.000</ele>
      </trkpt>
      <trkpt lat="45.120920000" lon="3.904690000">
        <ele>561.000</ele>
      </trkpt>
      <trkpt lat="45.120930000" lon="3.904580000">
        <ele>561.000</ele>
      </trkpt>
      <trkpt lat="45.120930000" lon="3.904580000">
        <ele>561.000</ele>
      </trkpt>
      <trkpt lat="45.120990000" lon="3.904140000">
        <ele>562.000</ele>
      </trkpt>
      <trkpt lat="45.121070000" lon="3.903520000">
        <ele>562.000</ele>
      </trkpt>
      <trkpt lat="45.121180000" lon="3.903020000">
        <ele>563.000</ele>
      </trkpt>
      <trkpt lat="45.121190000" lon="3.902880000">
        <ele>564.000</ele>
      </trkpt>
      <trkpt lat="45.121190000" lon="3.902650000">
        <ele>564.000</ele>
      </trkpt>
      <trkpt lat="45.121250000" lon="3.902400000">
        <ele>565.000</ele>
      </trkpt>
      <trkpt lat="45.121360000" lon="3.902240000">
        <ele>566.000</ele>
      </trkpt>
      <trkpt lat="45.121460000" lon="3.902140000">
        <ele>567.000</ele>
      </trkpt>
      <trkpt lat="45.121560000" lon="3.902100000">
        <ele>569.000</ele>
      </trkpt>
      <trkpt lat="45.121700000" lon="3.902090000">
        <ele>570.000</ele>
      </trkpt>
      <trkpt lat="45.121970000" lon="3.902110000">
        <ele>571.000</ele>
      </trkpt>
      <trkpt lat="45.122160000" lon="3.902090000">
        <ele>573.000</ele>
      </trkpt>
      <trkpt lat="45.122540000" lon="3.901800000">
        <ele>575.000</ele>
      </trkpt>
      <trkpt lat="45.123130000" lon="3.901440000">
        <ele>579.000</ele>
      </trkpt>
      <trkpt lat="45.123340000" lon="3.901330000">
        <ele>581.000</ele>
      </trkpt>
      <trkpt lat="45.123480000" lon="3.901330000">
        <ele>582.000</ele>
      </trkpt>
      <trkpt lat="45.123570000" lon="3.901310000">
        <ele>583.000</ele>
      </trkpt>
      <trkpt lat="45.123640000" lon="3.901240000">
        <ele>584.000</ele>
      </trkpt>
      <trkpt lat="45.123670000" lon="3.901190000">
        <ele>585.000</ele>
      </trkpt>
      <trkpt lat="45.123680000" lon="3.901150000">
        <ele>585.000</ele>
      </trkpt>
      <trkpt lat="45.123720000" lon="3.900920000">
        <ele>585.000</ele>
      </trkpt>
      <trkpt lat="45.123710000" lon="3.900860000">
        <ele>585.000</ele>
      </trkpt>
      <trkpt lat="45.123660000" lon="3.900770000">
        <ele>585.000</ele>
      </trkpt>
      <trkpt lat="45.123590000" lon="3.900720000">
        <ele>585.000</ele>
      </trkpt>
      <trkpt lat="45.123500000" lon="3.900690000">
        <ele>585.000</ele>
      </trkpt>
      <trkpt lat="45.123320000" lon="3.900750000">
        <ele>585.000</ele>
      </trkpt>
      <trkpt lat="45.122930000" lon="3.900880000">
        <ele>585.000</ele>
      </trkpt>
      <trkpt lat="45.122680000" lon="3.900900000">
        <ele>585.000</ele>
      </trkpt>
      <trkpt lat="45.122520000" lon="3.900900000">
        <ele>586.000</ele>
      </trkpt>
      <trkpt lat="45.122420000" lon="3.900870000">
        <ele>586.000</ele>
      </trkpt>
      <trkpt lat="45.122320000" lon="3.900810000">
        <ele>587.000</ele>
      </trkpt>
      <trkpt lat="45.122260000" lon="3.900710000">
        <ele>587.000</ele>
      </trkpt>
      <trkpt lat="45.122220000" lon="3.900580000">
        <ele>588.000</ele>
      </trkpt>
      <trkpt lat="45.122210000" lon="3.900420000">
        <ele>588.000</ele>
      </trkpt>
      <trkpt lat="45.122240000" lon="3.900280000">
        <ele>589.000</ele>
      </trkpt>
      <trkpt lat="45.122310000" lon="3.900150000">
        <ele>590.000</ele>
      </trkpt>
      <trkpt lat="45.122450000" lon="3.900050000">
        <ele>590.000</ele>
      </trkpt>
      <trkpt lat="45.123330000" lon="3.899630000">
        <ele>593.000</ele>
      </trkpt>
      <trkpt lat="45.123730000" lon="3.899550000">
        <ele>596.000</ele>
      </trkpt>
      <trkpt lat="45.124080000" lon="3.899370000">
        <ele>599.000</ele>
      </trkpt>
      <trkpt lat="45.124420000" lon="3.899030000">
        <ele>603.000</ele>
      </trkpt>
      <trkpt lat="45.124590000" lon="3.898630000">
        <ele>606.000</ele>
      </trkpt>
      <trkpt lat="45.124730000" lon="3.898160000">
        <ele>610.000</ele>
      </trkpt>
      <trkpt lat="45.124870000" lon="3.897890000">
        <ele>613.000</ele>
      </trkpt>
      <trkpt lat="45.125050000" lon="3.897770000">
        <ele>616.000</ele>
      </trkpt>
      <trkpt lat="45.125670000" lon="3.897450000">
        <ele>619.000</ele>
      </trkpt>
      <trkpt lat="45.125800000" lon="3.897260000">
        <ele>622.000</ele>
      </trkpt>
      <trkpt lat="45.125830000" lon="3.897050000">
        <ele>624.000</ele>
      </trkpt>
      <trkpt lat="45.125800000" lon="3.896900000">
        <ele>626.000</ele>
      </trkpt>
      <trkpt lat="45.125640000" lon="3.896770000">
        <ele>627.000</ele>
      </trkpt>
      <trkpt lat="45.125380000" lon="3.896680000">
        <ele>629.000</ele>
      </trkpt>
      <trkpt lat="45.125220000" lon="3.896500000">
        <ele>631.000</ele>
      </trkpt>
      <trkpt lat="45.125110000" lon="3.896290000">
        <ele>633.000</ele>
      </trkpt>
      <trkpt lat="45.124990000" lon="3.896010000">
        <ele>635.000</ele>
      </trkpt>
      <trkpt lat="45.124880000" lon="3.895660000">
        <ele>637.000</ele>
      </trkpt>
      <trkpt lat="45.124940000" lon="3.895400000">
        <ele>640.000</ele>
      </trkpt>
      <trkpt lat="45.125260000" lon="3.895260000">
        <ele>642.000</ele>
      </trkpt>
      <trkpt lat="45.125690000" lon="3.895090000">
        <ele>646.000</ele>
      </trkpt>
      <trkpt lat="45.125870000" lon="3.894910000">
        <ele>649.000</ele>
      </trkpt>
      <trkpt lat="45.126080000" lon="3.894530000">
        <ele>652.000</ele>
      </trkpt>
      <trkpt lat="45.126310000" lon="3.894070000">
        <ele>656.000</ele>
      </trkpt>
      <trkpt lat="45.126400000" lon="3.893790000">
        <ele>659.000</ele>
      </trkpt>
      <trkpt lat="45.126450000" lon="3.893530000">
        <ele>662.000</ele>
      </trkpt>
      <trkpt lat="45.126560000" lon="3.893330000">
        <ele>665.000</ele>
      </trkpt>
      <trkpt lat="45.126710000" lon="3.893100000">
        <ele>668.000</ele>
      </trkpt>
      <trkpt lat="45.126860000" lon="3.892740000">
        <ele>671.000</ele>
      </trkpt>
      <trkpt lat="45.126920000" lon="3.892400000">
        <ele>674.000</ele>
      </trkpt>
      <trkpt lat="45.126900000" lon="3.892030000">
        <ele>676.000</ele>
      </trkpt>
      <trkpt lat="45.126870000" lon="3.891590000">
        <ele>680.000</ele>
      </trkpt>
      <trkpt lat="45.126890000" lon="3.891400000">
        <ele>682.000</ele>
      </trkpt>
      <trkpt lat="45.126980000" lon="3.891200000">
        <ele>685.000</ele>
      </trkpt>
      <trkpt lat="45.127200000" lon="3.890850000">
        <ele>688.000</ele>
      </trkpt>
      <trkpt lat="45.127460000" lon="3.890560000">
        <ele>691.000</ele>
      </trkpt>
      <trkpt lat="45.127640000" lon="3.890420000">
        <ele>694.000</ele>
      </trkpt>
      <trkpt lat="45.127810000" lon="3.890370000">
        <ele>696.000</ele>
      </trkpt>
      <trkpt lat="45.127910000" lon="3.890380000">
        <ele>698.000</ele>
      </trkpt>
      <trkpt lat="45.128030000" lon="3.890450000">
        <ele>699.000</ele>
      </trkpt>
      <trkpt lat="45.128140000" lon="3.890490000">
        <ele>701.000</ele>
      </trkpt>
      <trkpt lat="45.128240000" lon="3.890520000">
        <ele>702.000</ele>
      </trkpt>
      <trkpt lat="45.128320000" lon="3.890490000">
        <ele>702.000</ele>
      </trkpt>
      <trkpt lat="45.128360000" lon="3.890350000">
        <ele>703.000</ele>
      </trkpt>
      <trkpt lat="45.128330000" lon="3.890190000">
        <ele>704.000</ele>
      </trkpt>
      <trkpt lat="45.128220000" lon="3.890050000">
        <ele>705.000</ele>
      </trkpt>
      <trkpt lat="45.127970000" lon="3.890020000">
        <ele>706.000</ele>
      </trkpt>
      <trkpt lat="45.127680000" lon="3.890040000">
        <ele>708.000</ele>
      </trkpt>
      <trkpt lat="45.127390000" lon="3.890200000">
        <ele>709.000</ele>
      </trkpt>
      <trkpt lat="45.127100000" lon="3.890470000">
        <ele>711.000</ele>
      </trkpt>
      <trkpt lat="45.126890000" lon="3.890590000">
        <ele>712.000</ele>
      </trkpt>
      <trkpt lat="45.126720000" lon="3.890550000">
        <ele>714.000</ele>
      </trkpt>
      <trkpt lat="45.126540000" lon="3.890460000">
        <ele>715.000</ele>
      </trkpt>
      <trkpt lat="45.126360000" lon="3.890310000">
        <ele>716.000</ele>
      </trkpt>
      <trkpt lat="45.126250000" lon="3.890280000">
        <ele>717.000</ele>
      </trkpt>
      <trkpt lat="45.126160000" lon="3.890360000">
        <ele>718.000</ele>
      </trkpt>
      <trkpt lat="45.126150000" lon="3.890630000">
        <ele>719.000</ele>
      </trkpt>
      <trkpt lat="45.126210000" lon="3.890820000">
        <ele>720.000</ele>
      </trkpt>
      <trkpt lat="45.126220000" lon="3.891080000">
        <ele>721.000</ele>
      </trkpt>
      <trkpt lat="45.126130000" lon="3.891310000">
        <ele>722.000</ele>
      </trkpt>
      <trkpt lat="45.126000000" lon="3.891470000">
        <ele>723.000</ele>
      </trkpt>
      <trkpt lat="45.125810000" lon="3.891560000">
        <ele>725.000</ele>
      </trkpt>
      <trkpt lat="45.125140000" lon="3.891610000">
        <ele>727.000</ele>
      </trkpt>
      <trkpt lat="45.124900000" lon="3.891490000">
        <ele>730.000</ele>
      </trkpt>
      <trkpt lat="45.124720000" lon="3.891370000">
        <ele>732.000</ele>
      </trkpt>
      <trkpt lat="45.124440000" lon="3.891380000">
        <ele>735.000</ele>
      </trkpt>
      <trkpt lat="45.124110000" lon="3.891390000">
        <ele>737.000</ele>
      </trkpt>
      <trkpt lat="45.123880000" lon="3.891280000">
        <ele>740.000</ele>
      </trkpt>
      <trkpt lat="45.123790000" lon="3.891130000">
        <ele>742.000</ele>
      </trkpt>
      <trkpt lat="45.123780000" lon="3.890980000">
        <ele>743.000</ele>
      </trkpt>
      <trkpt lat="45.123880000" lon="3.890890000">
        <ele>745.000</ele>
      </trkpt>
      <trkpt lat="45.124030000" lon="3.890930000">
        <ele>746.000</ele>
      </trkpt>
      <trkpt lat="45.124190000" lon="3.891000000">
        <ele>748.000</ele>
      </trkpt>
      <trkpt lat="45.124380000" lon="3.890960000">
        <ele>749.000</ele>
      </trkpt>
      <trkpt lat="45.124620000" lon="3.890780000">
        <ele>751.000</ele>
      </trkpt>
      <trkpt lat="45.124810000" lon="3.890640000">
        <ele>753.000</ele>
      </trkpt>
      <trkpt lat="45.124990000" lon="3.890630000">
        <ele>754.000</ele>
      </trkpt>
      <trkpt lat="45.125140000" lon="3.890640000">
        <ele>756.000</ele>
      </trkpt>
      <trkpt lat="45.125340000" lon="3.890590000">
        <ele>757.000</ele>
      </trkpt>
      <trkpt lat="45.125490000" lon="3.890470000">
        <ele>758.000</ele>
      </trkpt>
      <trkpt lat="45.125520000" lon="3.890290000">
        <ele>760.000</ele>
      </trkpt>
      <trkpt lat="45.125440000" lon="3.890160000">
        <ele>761.000</ele>
      </trkpt>
      <trkpt lat="45.125280000" lon="3.890120000">
        <ele>762.000</ele>
      </trkpt>
      <trkpt lat="45.124980000" lon="3.890120000">
        <ele>763.000</ele>
      </trkpt>
      <trkpt lat="45.124670000" lon="3.890130000">
        <ele>764.000</ele>
      </trkpt>
      <trkpt lat="45.124370000" lon="3.890180000">
        <ele>766.000</ele>
      </trkpt>
      <trkpt lat="45.124150000" lon="3.890160000">
        <ele>768.000</ele>
      </trkpt>
      <trkpt lat="45.124040000" lon="3.890010000">
        <ele>770.000</ele>
      </trkpt>
      <trkpt lat="45.124030000" lon="3.889900000">
        <ele>771.000</ele>
      </trkpt>
      <trkpt lat="45.124190000" lon="3.889420000">
        <ele>774.000</ele>
      </trkpt>
      <trkpt lat="45.124280000" lon="3.889040000">
        <ele>776.000</ele>
      </trkpt>
      <trkpt lat="45.124160000" lon="3.888730000">
        <ele>779.000</ele>
      </trkpt>
      <trkpt lat="45.123990000" lon="3.888530000">
        <ele>781.000</ele>
      </trkpt>
      <trkpt lat="45.123840000" lon="3.888460000">
        <ele>783.000</ele>
      </trkpt>
      <trkpt lat="45.123360000" lon="3.888520000">
        <ele>786.000</ele>
      </trkpt>
      <trkpt lat="45.123140000" lon="3.888520000">
        <ele>789.000</ele>
      </trkpt>
      <trkpt lat="45.123010000" lon="3.888430000">
        <ele>791.000</ele>
      </trkpt>
      <trkpt lat="45.122970000" lon="3.888230000">
        <ele>793.000</ele>
      </trkpt>
      <trkpt lat="45.123100000" lon="3.887990000">
        <ele>794.000</ele>
      </trkpt>
      <trkpt lat="45.123270000" lon="3.887760000">
        <ele>796.000</ele>
      </trkpt>
      <trkpt lat="45.123560000" lon="3.886970000">
        <ele>798.000</ele>
      </trkpt>
      <trkpt lat="45.123690000" lon="3.886600000">
        <ele>801.000</ele>
      </trkpt>
      <trkpt lat="45.123920000" lon="3.886240000">
        <ele>803.000</ele>
      </trkpt>
      <trkpt lat="45.124000000" lon="3.885820000">
        <ele>806.000</ele>
      </trkpt>
      <trkpt lat="45.124090000" lon="3.884810000">
        <ele>810.000</ele>
      </trkpt>
      <trkpt lat="45.124060000" lon="3.884500000">
        <ele>814.000</ele>
      </trkpt>
      <trkpt lat="45.123940000" lon="3.884320000">
        <ele>817.000</ele>
      </trkpt>
      <trkpt lat="45.123760000" lon="3.884200000">
        <ele>819.000</ele>
      </trkpt>
      <trkpt lat="45.123650000" lon="3.884110000">
        <ele>821.000</ele>
      </trkpt>
      <trkpt lat="45.123570000" lon="3.883970000">
        <ele>823.000</ele>
      </trkpt>
      <trkpt lat="45.123570000" lon="3.883800000">
        <ele>824.000</ele>
      </trkpt>
      <trkpt lat="45.123650000" lon="3.883650000">
        <ele>825.000</ele>
      </trkpt>
      <trkpt lat="45.123780000" lon="3.883450000">
        <ele>826.000</ele>
      </trkpt>
      <trkpt lat="45.124160000" lon="3.881930000">
        <ele>829.000</ele>
      </trkpt>
      <trkpt lat="45.124190000" lon="3.881600000">
        <ele>831.000</ele>
      </trkpt>
      <trkpt lat="45.124140000" lon="3.881170000">
        <ele>833.000</ele>
      </trkpt>
      <trkpt lat="45.124100000" lon="3.880880000">
        <ele>834.000</ele>
      </trkpt>
      <trkpt lat="45.124120000" lon="3.880490000">
        <ele>835.000</ele>
      </trkpt>
      <trkpt lat="45.124240000" lon="3.879770000">
        <ele>836.000</ele>
      </trkpt>
      <trkpt lat="45.124410000" lon="3.878940000">
        <ele>838.000</ele>
      </trkpt>
      <trkpt lat="45.124520000" lon="3.878740000">
        <ele>839.000</ele>
      </trkpt>
      <trkpt lat="45.124660000" lon="3.878600000">
        <ele>840.000</ele>
      </trkpt>
      <trkpt lat="45.125180000" lon="3.878490000">
        <ele>841.000</ele>
      </trkpt>
      <trkpt lat="45.125370000" lon="3.878390000">
        <ele>842.000</ele>
      </trkpt>
      <trkpt lat="45.125500000" lon="3.878230000">
        <ele>843.000</ele>
      </trkpt>
      <trkpt lat="45.125530000" lon="3.877960000">
        <ele>843.000</ele>
      </trkpt>
      <trkpt lat="45.125490000" lon="3.877280000">
        <ele>844.000</ele>
      </trkpt>
      <trkpt lat="45.125280000" lon="3.875940000">
        <ele>845.000</ele>
      </trkpt>
      <trkpt lat="45.125250000" lon="3.875730000">
        <ele>845.000</ele>
      </trkpt>
      <trkpt lat="45.125250000" lon="3.875650000">
        <ele>845.000</ele>
      </trkpt>
      <trkpt lat="45.125250000" lon="3.875650000">
        <ele>845.000</ele>
      </trkpt>
      <trkpt lat="45.125200000" lon="3.872140000">
        <ele>844.000</ele>
      </trkpt>
      <trkpt lat="45.125180000" lon="3.871870000">
        <ele>843.000</ele>
      </trkpt>
      <trkpt lat="45.125090000" lon="3.871540000">
        <ele>842.000</ele>
      </trkpt>
      <trkpt lat="45.123930000" lon="3.869380000">
        <ele>839.000</ele>
      </trkpt>
      <trkpt lat="45.123770000" lon="3.868980000">
        <ele>836.000</ele>
      </trkpt>
      <trkpt lat="45.123710000" lon="3.868540000">
        <ele>833.000</ele>
      </trkpt>
      <trkpt lat="45.123780000" lon="3.867420000">
        <ele>830.000</ele>
      </trkpt>
      <trkpt lat="45.124120000" lon="3.865760000">
        <ele>826.000</ele>
      </trkpt>
      <trkpt lat="45.124100000" lon="3.865510000">
        <ele>823.000</ele>
      </trkpt>
      <trkpt lat="45.124060000" lon="3.865310000">
        <ele>821.000</ele>
      </trkpt>
      <trkpt lat="45.123530000" lon="3.865020000">
        <ele>819.000</ele>
      </trkpt>
      <trkpt lat="45.123340000" lon="3.864870000">
        <ele>817.000</ele>
      </trkpt>
      <trkpt lat="45.122930000" lon="3.864440000">
        <ele>816.000</ele>
      </trkpt>
      <trkpt lat="45.122780000" lon="3.864280000">
        <ele>815.000</ele>
      </trkpt>
      <trkpt lat="45.122690000" lon="3.864130000">
        <ele>814.000</ele>
      </trkpt>
      <trkpt lat="45.122610000" lon="3.863940000">
        <ele>813.000</ele>
      </trkpt>
      <trkpt lat="45.122540000" lon="3.863680000">
        <ele>812.000</ele>
      </trkpt>
      <trkpt lat="45.122440000" lon="3.863210000">
        <ele>811.000</ele>
      </trkpt>
      <trkpt lat="45.122420000" lon="3.862950000">
        <ele>810.000</ele>
      </trkpt>
      <trkpt lat="45.122440000" lon="3.862670000">
        <ele>809.000</ele>
      </trkpt>
      <trkpt lat="45.122500000" lon="3.862030000">
        <ele>808.000</ele>
      </trkpt>
      <trkpt lat="45.122540000" lon="3.861810000">
        <ele>807.000</ele>
      </trkpt>
      <trkpt lat="45.122610000" lon="3.861590000">
        <ele>806.000</ele>
      </trkpt>
      <trkpt lat="45.122740000" lon="3.861330000">
        <ele>805.000</ele>
      </trkpt>
      <trkpt lat="45.122870000" lon="3.861130000">
        <ele>804.000</ele>
      </trkpt>
      <trkpt lat="45.123170000" lon="3.860740000">
        <ele>803.000</ele>
      </trkpt>
      <trkpt lat="45.123280000" lon="3.860640000">
        <ele>802.000</ele>
      </trkpt>
      <trkpt lat="45.123380000" lon="3.860570000">
        <ele>801.000</ele>
      </trkpt>
      <trkpt lat="45.123560000" lon="3.860500000">
        <ele>801.000</ele>
      </trkpt>
      <trkpt lat="45.123890000" lon="3.860360000">
        <ele>800.000</ele>
      </trkpt>
      <trkpt lat="45.124050000" lon="3.860280000">
        <ele>799.000</ele>
      </trkpt>
      <trkpt lat="45.124180000" lon="3.860180000">
        <ele>798.000</ele>
      </trkpt>
      <trkpt lat="45.124290000" lon="3.860080000">
        <ele>798.000</ele>
      </trkpt>
      <trkpt lat="45.124400000" lon="3.859950000">
        <ele>797.000</ele>
      </trkpt>
      <trkpt lat="45.124500000" lon="3.859800000">
        <ele>796.000</ele>
      </trkpt>
      <trkpt lat="45.124610000" lon="3.859600000">
        <ele>796.000</ele>
      </trkpt>
      <trkpt lat="45.124720000" lon="3.859310000">
        <ele>795.000</ele>
      </trkpt>
      <trkpt lat="45.124920000" lon="3.858600000">
        <ele>794.000</ele>
      </trkpt>
      <trkpt lat="45.125520000" lon="3.856470000">
        <ele>791.000</ele>
      </trkpt>
      <trkpt lat="45.125550000" lon="3.856270000">
        <ele>788.000</ele>
      </trkpt>
      <trkpt lat="45.125560000" lon="3.856130000">
        <ele>787.000</ele>
      </trkpt>
      <trkpt lat="45.125540000" lon="3.855950000">
        <ele>786.000</ele>
      </trkpt>
      <trkpt lat="45.125490000" lon="3.855680000">
        <ele>785.000</ele>
      </trkpt>
      <trkpt lat="45.125200000" lon="3.854650000">
        <ele>783.000</ele>
      </trkpt>
      <trkpt lat="45.125100000" lon="3.854240000">
        <ele>782.000</ele>
      </trkpt>
      <trkpt lat="45.125070000" lon="3.853900000">
        <ele>781.000</ele>
      </trkpt>
      <trkpt lat="45.125080000" lon="3.853650000">
        <ele>780.000</ele>
      </trkpt>
      <trkpt lat="45.125170000" lon="3.852980000">
        <ele>778.000</ele>
      </trkpt>
      <trkpt lat="45.125380000" lon="3.851670000">
        <ele>776.000</ele>
      </trkpt>
      <trkpt lat="45.125580000" lon="3.850610000">
        <ele>774.000</ele>
      </trkpt>
      <trkpt lat="45.125660000" lon="3.850100000">
        <ele>772.000</ele>
      </trkpt>
      <trkpt lat="45.125720000" lon="3.849520000">
        <ele>770.000</ele>
      </trkpt>
      <trkpt lat="45.125970000" lon="3.847930000">
        <ele>768.000</ele>
      </trkpt>
      <trkpt lat="45.126040000" lon="3.847640000">
        <ele>766.000</ele>
      </trkpt>
      <trkpt lat="45.126220000" lon="3.847140000">
        <ele>765.000</ele>
      </trkpt>
      <trkpt lat="45.126390000" lon="3.846820000">
        <ele>764.000</ele>
      </trkpt>
      <trkpt lat="45.126790000" lon="3.846070000">
        <ele>764.000</ele>
      </trkpt>
      <trkpt lat="45.127340000" lon="3.844960000">
        <ele>763.000</ele>
      </trkpt>
      <trkpt lat="45.127390000" lon="3.844820000">
        <ele>762.000</ele>
      </trkpt>
      <trkpt lat="45.127530000" lon="3.844460000">
        <ele>762.000</ele>
      </trkpt>
      <trkpt lat="45.127700000" lon="3.843640000">
        <ele>762.000</ele>
      </trkpt>
      <trkpt lat="45.127840000" lon="3.842620000">
        <ele>761.000</ele>
      </trkpt>
      <trkpt lat="45.127910000" lon="3.841760000">
        <ele>761.000</ele>
      </trkpt>
      <trkpt lat="45.127940000" lon="3.841130000">
        <ele>760.000</ele>
      </trkpt>
      <trkpt lat="45.127940000" lon="3.840650000">
        <ele>760.000</ele>
      </trkpt>
      <trkpt lat="45.127940000" lon="3.840150000">
        <ele>760.000</ele>
      </trkpt>
      <trkpt lat="45.127960000" lon="3.839820000">
        <ele>760.000</ele>
      </trkpt>
      <trkpt lat="45.128160000" lon="3.838360000">
        <ele>760.000</ele>
      </trkpt>
      <trkpt lat="45.128240000" lon="3.837900000">
        <ele>760.000</ele>
      </trkpt>
      <trkpt lat="45.128380000" lon="3.837400000">
        <ele>760.000</ele>
      </trkpt>
      <trkpt lat="45.128800000" lon="3.836240000">
        <ele>760.000</ele>
      </trkpt>
      <trkpt lat="45.129040000" lon="3.835490000">
        <ele>760.000</ele>
      </trkpt>
      <trkpt lat="45.129090000" lon="3.835210000">
        <ele>760.000</ele>
      </trkpt>
      <trkpt lat="45.129260000" lon="3.833040000">
        <ele>760.000</ele>
      </trkpt>
      <trkpt lat="45.129220000" lon="3.832700000">
        <ele>761.000</ele>
      </trkpt>
      <trkpt lat="45.129150000" lon="3.832520000">
        <ele>762.000</ele>
      </trkpt>
      <trkpt lat="45.129060000" lon="3.832350000">
        <ele>762.000</ele>
      </trkpt>
      <trkpt lat="45.128780000" lon="3.832050000">
        <ele>763.000</ele>
      </trkpt>
      <trkpt lat="45.128490000" lon="3.831820000">
        <ele>763.000</ele>
      </trkpt>
      <trkpt lat="45.128310000" lon="3.831640000">
        <ele>764.000</ele>
      </trkpt>
      <trkpt lat="45.128140000" lon="3.831410000">
        <ele>765.000</ele>
      </trkpt>
      <trkpt lat="45.128000000" lon="3.831080000">
        <ele>765.000</ele>
      </trkpt>
      <trkpt lat="45.127860000" lon="3.830390000">
        <ele>766.000</ele>
      </trkpt>
      <trkpt lat="45.127750000" lon="3.830020000">
        <ele>767.000</ele>
      </trkpt>
      <trkpt lat="45.127620000" lon="3.829760000">
        <ele>768.000</ele>
      </trkpt>
      <trkpt lat="45.127330000" lon="3.829240000">
        <ele>769.000</ele>
      </trkpt>
      <trkpt lat="45.127260000" lon="3.829040000">
        <ele>771.000</ele>
      </trkpt>
      <trkpt lat="45.127220000" lon="3.828830000">
        <ele>772.000</ele>
      </trkpt>
      <trkpt lat="45.127190000" lon="3.828570000">
        <ele>773.000</ele>
      </trkpt>
      <trkpt lat="45.127190000" lon="3.828200000">
        <ele>774.000</ele>
      </trkpt>
      <trkpt lat="45.127200000" lon="3.827880000">
        <ele>775.000</ele>
      </trkpt>
      <trkpt lat="45.127270000" lon="3.827550000">
        <ele>777.000</ele>
      </trkpt>
      <trkpt lat="45.127460000" lon="3.827130000">
        <ele>778.000</ele>
      </trkpt>
      <trkpt lat="45.128150000" lon="3.826390000">
        <ele>781.000</ele>
      </trkpt>
      <trkpt lat="45.128490000" lon="3.825880000">
        <ele>784.000</ele>
      </trkpt>
      <trkpt lat="45.129290000" lon="3.824170000">
        <ele>787.000</ele>
      </trkpt>
      <trkpt lat="45.129770000" lon="3.823390000">
        <ele>789.000</ele>
      </trkpt>
      <trkpt lat="45.129850000" lon="3.823300000">
        <ele>790.000</ele>
      </trkpt>
      <trkpt lat="45.129850000" lon="3.823300000">
        <ele>791.000</ele>
      </trkpt>
      <trkpt lat="45.130110000" lon="3.823000000">
        <ele>791.000</ele>
      </trkpt>
      <trkpt lat="45.130260000" lon="3.822830000">
        <ele>792.000</ele>
      </trkpt>
      <trkpt lat="45.130350000" lon="3.822610000">
        <ele>792.000</ele>
      </trkpt>
      <trkpt lat="45.130410000" lon="3.822210000">
        <ele>792.000</ele>
      </trkpt>
      <trkpt lat="45.130490000" lon="3.821980000">
        <ele>793.000</ele>
      </trkpt>
      <trkpt lat="45.130560000" lon="3.821860000">
        <ele>793.000</ele>
      </trkpt>
      <trkpt lat="45.130660000" lon="3.821760000">
        <ele>793.000</ele>
      </trkpt>
      <trkpt lat="45.131640000" lon="3.821030000">
        <ele>793.000</ele>
      </trkpt>
      <trkpt lat="45.131790000" lon="3.820790000">
        <ele>793.000</ele>
      </trkpt>
      <trkpt lat="45.131870000" lon="3.820550000">
        <ele>794.000</ele>
      </trkpt>
      <trkpt lat="45.132010000" lon="3.819840000">
        <ele>794.000</ele>
      </trkpt>
      <trkpt lat="45.132040000" lon="3.819690000">
        <ele>794.000</ele>
      </trkpt>
      <trkpt lat="45.132060000" lon="3.819600000">
        <ele>795.000</ele>
      </trkpt>
      <trkpt lat="45.132110000" lon="3.819390000">
        <ele>795.000</ele>
      </trkpt>
      <trkpt lat="45.132170000" lon="3.819010000">
        <ele>795.000</ele>
      </trkpt>
      <trkpt lat="45.132370000" lon="3.817670000">
        <ele>796.000</ele>
      </trkpt>
      <trkpt lat="45.132390000" lon="3.817520000">
        <ele>797.000</ele>
      </trkpt>
      <trkpt lat="45.132390000" lon="3.817360000">
        <ele>797.000</ele>
      </trkpt>
      <trkpt lat="45.132390000" lon="3.817360000">
        <ele>798.000</ele>
      </trkpt>
      <trkpt lat="45.132390000" lon="3.817160000">
        <ele>798.000</ele>
      </trkpt>
      <trkpt lat="45.132380000" lon="3.816670000">
        <ele>799.000</ele>
      </trkpt>
      <trkpt lat="45.132300000" lon="3.815920000">
        <ele>800.000</ele>
      </trkpt>
      <trkpt lat="45.132270000" lon="3.815810000">
        <ele>800.000</ele>
      </trkpt>
      <trkpt lat="45.132250000" lon="3.815680000">
        <ele>801.000</ele>
      </trkpt>
      <trkpt lat="45.132240000" lon="3.815620000">
        <ele>801.000</ele>
      </trkpt>
      <trkpt lat="45.132090000" lon="3.815710000">
        <ele>802.000</ele>
      </trkpt>
      <trkpt lat="45.131880000" lon="3.815850000">
        <ele>802.000</ele>
      </trkpt>
      <trkpt lat="45.131760000" lon="3.815930000">
        <ele>803.000</ele>
      </trkpt>
      <trkpt lat="45.131640000" lon="3.816040000">
        <ele>804.000</ele>
      </trkpt>
      <trkpt lat="45.131530000" lon="3.816180000">
        <ele>804.000</ele>
      </trkpt>
      <trkpt lat="45.131460000" lon="3.816310000">
        <ele>805.000</ele>
      </trkpt>
      <trkpt lat="45.131200000" lon="3.816800000">
        <ele>806.000</ele>
      </trkpt>
      <trkpt lat="45.130780000" lon="3.817620000">
        <ele>808.000</ele>
      </trkpt>
      <trkpt lat="45.130610000" lon="3.818010000">
        <ele>809.000</ele>
      </trkpt>
      <trkpt lat="45.130380000" lon="3.818540000">
        <ele>811.000</ele>
      </trkpt>
      <trkpt lat="45.130300000" lon="3.818720000">
        <ele>812.000</ele>
      </trkpt>
      <trkpt lat="45.130220000" lon="3.818860000">
        <ele>813.000</ele>
      </trkpt>
      <trkpt lat="45.130140000" lon="3.818970000">
        <ele>814.000</ele>
      </trkpt>
      <trkpt lat="45.129970000" lon="3.819180000">
        <ele>815.000</ele>
      </trkpt>
      <trkpt lat="45.129810000" lon="3.819330000">
        <ele>815.000</ele>
      </trkpt>
      <trkpt lat="45.129590000" lon="3.819490000">
        <ele>816.000</ele>
      </trkpt>
      <trkpt lat="45.129310000" lon="3.819640000">
        <ele>817.000</ele>
      </trkpt>
      <trkpt lat="45.129030000" lon="3.819730000">
        <ele>818.000</ele>
      </trkpt>
      <trkpt lat="45.128790000" lon="3.819750000">
        <ele>818.000</ele>
      </trkpt>
      <trkpt lat="45.128520000" lon="3.819740000">
        <ele>819.000</ele>
      </trkpt>
      <trkpt lat="45.128130000" lon="3.819670000">
        <ele>820.000</ele>
      </trkpt>
      <trkpt lat="45.127550000" lon="3.819550000">
        <ele>820.000</ele>
      </trkpt>
      <trkpt lat="45.127260000" lon="3.819500000">
        <ele>821.000</ele>
      </trkpt>
      <trkpt lat="45.127000000" lon="3.819500000">
        <ele>821.000</ele>
      </trkpt>
      <trkpt lat="45.126500000" lon="3.819530000">
        <ele>822.000</ele>
      </trkpt>
      <trkpt lat="45.125770000" lon="3.819590000">
        <ele>823.000</ele>
      </trkpt>
      <trkpt lat="45.125400000" lon="3.819660000">
        <ele>824.000</ele>
      </trkpt>
      <trkpt lat="45.124350000" lon="3.819960000">
        <ele>826.000</ele>
      </trkpt>
      <trkpt lat="45.123780000" lon="3.820120000">
        <ele>827.000</ele>
      </trkpt>
      <trkpt lat="45.122710000" lon="3.820430000">
        <ele>827.000</ele>
      </trkpt>
      <trkpt lat="45.122100000" lon="3.820610000">
        <ele>828.000</ele>
      </trkpt>
      <trkpt lat="45.122100000" lon="3.820610000">
        <ele>828.000</ele>
      </trkpt>
      <trkpt lat="45.120830000" lon="3.820990000">
        <ele>829.000</ele>
      </trkpt>
      <trkpt lat="45.120460000" lon="3.821080000">
        <ele>830.000</ele>
      </trkpt>
      <trkpt lat="45.120150000" lon="3.821130000">
        <ele>830.000</ele>
      </trkpt>
      <trkpt lat="45.119890000" lon="3.821120000">
        <ele>830.000</ele>
      </trkpt>
      <trkpt lat="45.119620000" lon="3.821070000">
        <ele>830.000</ele>
      </trkpt>
      <trkpt lat="45.119360000" lon="3.820990000">
        <ele>830.000</ele>
      </trkpt>
      <trkpt lat="45.118660000" lon="3.820610000">
        <ele>830.000</ele>
      </trkpt>
      <trkpt lat="45.117700000" lon="3.820080000">
        <ele>829.000</ele>
      </trkpt>
      <trkpt lat="45.116120000" lon="3.819200000">
        <ele>826.000</ele>
      </trkpt>
      <trkpt lat="45.113810000" lon="3.817920000">
        <ele>820.000</ele>
      </trkpt>
      <trkpt lat="45.112090000" lon="3.816970000">
        <ele>815.000</ele>
      </trkpt>
      <trkpt lat="45.111990000" lon="3.816890000">
        <ele>811.000</ele>
      </trkpt>
      <trkpt lat="45.111420000" lon="3.816530000">
        <ele>809.000</ele>
      </trkpt>
      <trkpt lat="45.111230000" lon="3.816420000">
        <ele>808.000</ele>
      </trkpt>
      <trkpt lat="45.111020000" lon="3.816300000">
        <ele>807.000</ele>
      </trkpt>
      <trkpt lat="45.110960000" lon="3.816270000">
        <ele>806.000</ele>
      </trkpt>
      <trkpt lat="45.110840000" lon="3.816200000">
        <ele>805.000</ele>
      </trkpt>
      <trkpt lat="45.110300000" lon="3.815900000">
        <ele>805.000</ele>
      </trkpt>
      <trkpt lat="45.109880000" lon="3.815710000">
        <ele>805.000</ele>
      </trkpt>
      <trkpt lat="45.109480000" lon="3.815510000">
        <ele>804.000</ele>
      </trkpt>
      <trkpt lat="45.108560000" lon="3.815000000">
        <ele>802.000</ele>
      </trkpt>
      <trkpt lat="45.108540000" lon="3.814980000">
        <ele>801.000</ele>
      </trkpt>
      <trkpt lat="45.108410000" lon="3.814920000">
        <ele>801.000</ele>
      </trkpt>
      <trkpt lat="45.108250000" lon="3.814830000">
        <ele>800.000</ele>
      </trkpt>
      <trkpt lat="45.106100000" lon="3.813640000">
        <ele>799.000</ele>
      </trkpt>
      <trkpt lat="45.106040000" lon="3.813600000">
        <ele>798.000</ele>
      </trkpt>
      <trkpt lat="45.105870000" lon="3.813510000">
        <ele>798.000</ele>
      </trkpt>
      <trkpt lat="45.105450000" lon="3.813270000">
        <ele>797.000</ele>
      </trkpt>
      <trkpt lat="45.104820000" lon="3.812910000">
        <ele>797.000</ele>
      </trkpt>
      <trkpt lat="45.104710000" lon="3.812850000">
        <ele>796.000</ele>
      </trkpt>
      <trkpt lat="45.104670000" lon="3.812820000">
        <ele>796.000</ele>
      </trkpt>
      <trkpt lat="45.104480000" lon="3.812720000">
        <ele>796.000</ele>
      </trkpt>
      <trkpt lat="45.104180000" lon="3.812560000">
        <ele>796.000</ele>
      </trkpt>
      <trkpt lat="45.104060000" lon="3.812480000">
        <ele>796.000</ele>
      </trkpt>
      <trkpt lat="45.103840000" lon="3.812270000">
        <ele>795.000</ele>
      </trkpt>
      <trkpt lat="45.103560000" lon="3.811940000">
        <ele>795.000</ele>
      </trkpt>
      <trkpt lat="45.103460000" lon="3.811690000">
        <ele>795.000</ele>
      </trkpt>
      <trkpt lat="45.103430000" lon="3.811640000">
        <ele>795.000</ele>
      </trkpt>
      <trkpt lat="45.103430000" lon="3.811620000">
        <ele>794.000</ele>
      </trkpt>
      <trkpt lat="45.103420000" lon="3.811550000">
        <ele>794.000</ele>
      </trkpt>
      <trkpt lat="45.103420000" lon="3.811500000">
        <ele>794.000</ele>
      </trkpt>
      <trkpt lat="45.103420000" lon="3.811460000">
        <ele>794.000</ele>
      </trkpt>
      <trkpt lat="45.103480000" lon="3.811360000">
        <ele>794.000</ele>
      </trkpt>
      <trkpt lat="45.103670000" lon="3.811170000">
        <ele>794.000</ele>
      </trkpt>
      <trkpt lat="45.104210000" lon="3.810810000">
        <ele>793.000</ele>
      </trkpt>
      <trkpt lat="45.104630000" lon="3.810490000">
        <ele>792.000</ele>
      </trkpt>
      <trkpt lat="45.104770000" lon="3.810360000">
        <ele>791.000</ele>
      </trkpt>
      <trkpt lat="45.104970000" lon="3.810100000">
        <ele>790.000</ele>
      </trkpt>
      <trkpt lat="45.105120000" lon="3.809840000">
        <ele>789.000</ele>
      </trkpt>
      <trkpt lat="45.105200000" lon="3.809640000">
        <ele>788.000</ele>
      </trkpt>
      <trkpt lat="45.105240000" lon="3.809570000">
        <ele>787.000</ele>
      </trkpt>
      <trkpt lat="45.105330000" lon="3.809260000">
        <ele>786.000</ele>
      </trkpt>
      <trkpt lat="45.105400000" lon="3.808930000">
        <ele>785.000</ele>
      </trkpt>
      <trkpt lat="45.105430000" lon="3.808630000">
        <ele>784.000</ele>
      </trkpt>
      <trkpt lat="45.105450000" lon="3.808290000">
        <ele>783.000</ele>
      </trkpt>
      <trkpt lat="45.105420000" lon="3.807940000">
        <ele>783.000</ele>
      </trkpt>
      <trkpt lat="45.105380000" lon="3.807590000">
        <ele>782.000</ele>
      </trkpt>
      <trkpt lat="45.105290000" lon="3.807240000">
        <ele>782.000</ele>
      </trkpt>
      <trkpt lat="45.105160000" lon="3.806920000">
        <ele>781.000</ele>
      </trkpt>
      <trkpt lat="45.105000000" lon="3.806650000">
        <ele>781.000</ele>
      </trkpt>
      <trkpt lat="45.104850000" lon="3.806450000">
        <ele>780.000</ele>
      </trkpt>
      <trkpt lat="45.104630000" lon="3.806250000">
        <ele>780.000</ele>
      </trkpt>
      <trkpt lat="45.104470000" lon="3.806140000">
        <ele>779.000</ele>
      </trkpt>
      <trkpt lat="45.103660000" lon="3.805710000">
        <ele>777.000</ele>
      </trkpt>
      <trkpt lat="45.103350000" lon="3.805520000">
        <ele>775.000</ele>
      </trkpt>
      <trkpt lat="45.103220000" lon="3.805410000">
        <ele>774.000</ele>
      </trkpt>
      <trkpt lat="45.102920000" lon="3.805160000">
        <ele>772.000</ele>
      </trkpt>
      <trkpt lat="45.102660000" lon="3.804920000">
        <ele>771.000</ele>
      </trkpt>
      <trkpt lat="45.102450000" lon="3.804650000">
        <ele>769.000</ele>
      </trkpt>
      <trkpt lat="45.102000000" lon="3.803970000">
        <ele>766.000</ele>
      </trkpt>
      <trkpt lat="45.101920000" lon="3.803880000">
        <ele>764.000</ele>
      </trkpt>
      <trkpt lat="45.101800000" lon="3.803790000">
        <ele>763.000</ele>
      </trkpt>
      <trkpt lat="45.101450000" lon="3.803560000">
        <ele>761.000</ele>
      </trkpt>
      <trkpt lat="45.101330000" lon="3.803450000">
        <ele>759.000</ele>
      </trkpt>
      <trkpt lat="45.101230000" lon="3.803330000">
        <ele>758.000</ele>
      </trkpt>
      <trkpt lat="45.101020000" lon="3.803020000">
        <ele>756.000</ele>
      </trkpt>
      <trkpt lat="45.101010000" lon="3.803000000">
        <ele>755.000</ele>
      </trkpt>
      <trkpt lat="45.100830000" lon="3.802700000">
        <ele>754.000</ele>
      </trkpt>
      <trkpt lat="45.100480000" lon="3.802140000">
        <ele>753.000</ele>
      </trkpt>
      <trkpt lat="45.100080000" lon="3.801800000">
        <ele>751.000</ele>
      </trkpt>
      <trkpt lat="45.099940000" lon="3.801670000">
        <ele>750.000</ele>
      </trkpt>
      <trkpt lat="45.099830000" lon="3.801530000">
        <ele>749.000</ele>
      </trkpt>
      <trkpt lat="45.099740000" lon="3.801390000">
        <ele>748.000</ele>
      </trkpt>
      <trkpt lat="45.099690000" lon="3.801190000">
        <ele>748.000</ele>
      </trkpt>
      <trkpt lat="45.099670000" lon="3.801050000">
        <ele>747.000</ele>
      </trkpt>
      <trkpt lat="45.099680000" lon="3.800870000">
        <ele>747.000</ele>
      </trkpt>
      <trkpt lat="45.099750000" lon="3.800420000">
        <ele>747.000</ele>
      </trkpt>
      <trkpt lat="45.099850000" lon="3.799840000">
        <ele>747.000</ele>
      </trkpt>
      <trkpt lat="45.099870000" lon="3.799650000">
        <ele>746.000</ele>
      </trkpt>
      <trkpt lat="45.099860000" lon="3.799530000">
        <ele>746.000</ele>
      </trkpt>
      <trkpt lat="45.099830000" lon="3.799440000">
        <ele>746.000</ele>
      </trkpt>
      <trkpt lat="45.099780000" lon="3.799350000">
        <ele>746.000</ele>
      </trkpt>
      <trkpt lat="45.099660000" lon="3.799230000">
        <ele>746.000</ele>
      </trkpt>
      <trkpt lat="45.099520000" lon="3.799110000">
        <ele>746.000</ele>
      </trkpt>
      <trkpt lat="45.099420000" lon="3.798970000">
        <ele>747.000</ele>
      </trkpt>
      <trkpt lat="45.099360000" lon="3.798850000">
        <ele>747.000</ele>
      </trkpt>
      <trkpt lat="45.099140000" lon="3.798370000">
        <ele>748.000</ele>
      </trkpt>
      <trkpt lat="45.099090000" lon="3.798240000">
        <ele>749.000</ele>
      </trkpt>
      <trkpt lat="45.098760000" lon="3.797510000">
        <ele>750.000</ele>
      </trkpt>
      <trkpt lat="45.098680000" lon="3.797340000">
        <ele>751.000</ele>
      </trkpt>
      <trkpt lat="45.098610000" lon="3.797230000">
        <ele>752.000</ele>
      </trkpt>
      <trkpt lat="45.098520000" lon="3.797100000">
        <ele>753.000</ele>
      </trkpt>
      <trkpt lat="45.098430000" lon="3.797000000">
        <ele>754.000</ele>
      </trkpt>
      <trkpt lat="45.098350000" lon="3.796920000">
        <ele>754.000</ele>
      </trkpt>
      <trkpt lat="45.098270000" lon="3.796870000">
        <ele>755.000</ele>
      </trkpt>
      <trkpt lat="45.098140000" lon="3.796790000">
        <ele>756.000</ele>
      </trkpt>
      <trkpt lat="45.097110000" lon="3.796260000">
        <ele>758.000</ele>
      </trkpt>
      <trkpt lat="45.097080000" lon="3.796240000">
        <ele>759.000</ele>
      </trkpt>
      <trkpt lat="45.097080000" lon="3.796240000">
        <ele>760.000</ele>
      </trkpt>
      <trkpt lat="45.096990000" lon="3.796190000">
        <ele>761.000</ele>
      </trkpt>
      <trkpt lat="45.096890000" lon="3.796110000">
        <ele>762.000</ele>
      </trkpt>
      <trkpt lat="45.096790000" lon="3.796010000">
        <ele>763.000</ele>
      </trkpt>
      <trkpt lat="45.096710000" lon="3.795920000">
        <ele>763.000</ele>
      </trkpt>
      <trkpt lat="45.096660000" lon="3.795830000">
        <ele>764.000</ele>
      </trkpt>
      <trkpt lat="45.096610000" lon="3.795740000">
        <ele>765.000</ele>
      </trkpt>
      <trkpt lat="45.096560000" lon="3.795620000">
        <ele>765.000</ele>
      </trkpt>
      <trkpt lat="45.096510000" lon="3.795450000">
        <ele>766.000</ele>
      </trkpt>
      <trkpt lat="45.096470000" lon="3.795270000">
        <ele>766.000</ele>
      </trkpt>
      <trkpt lat="45.096450000" lon="3.795140000">
        <ele>767.000</ele>
      </trkpt>
      <trkpt lat="45.096450000" lon="3.795010000">
        <ele>767.000</ele>
      </trkpt>
      <trkpt lat="45.096450000" lon="3.794900000">
        <ele>768.000</ele>
      </trkpt>
      <trkpt lat="45.096470000" lon="3.794770000">
        <ele>768.000</ele>
      </trkpt>
      <trkpt lat="45.096490000" lon="3.794640000">
        <ele>769.000</ele>
      </trkpt>
      <trkpt lat="45.096530000" lon="3.794510000">
        <ele>770.000</ele>
      </trkpt>
      <trkpt lat="45.096590000" lon="3.794360000">
        <ele>770.000</ele>
      </trkpt>
      <trkpt lat="45.096660000" lon="3.794210000">
        <ele>771.000</ele>
      </trkpt>
      <trkpt lat="45.096850000" lon="3.793850000">
        <ele>772.000</ele>
      </trkpt>
      <trkpt lat="45.097000000" lon="3.793580000">
        <ele>772.000</ele>
      </trkpt>
      <trkpt lat="45.097090000" lon="3.793380000">
        <ele>773.000</ele>
      </trkpt>
      <trkpt lat="45.097140000" lon="3.793230000">
        <ele>773.000</ele>
      </trkpt>
      <trkpt lat="45.097190000" lon="3.793050000">
        <ele>773.000</ele>
      </trkpt>
      <trkpt lat="45.097220000" lon="3.792860000">
        <ele>773.000</ele>
      </trkpt>
      <trkpt lat="45.097230000" lon="3.792700000">
        <ele>773.000</ele>
      </trkpt>
      <trkpt lat="45.097230000" lon="3.792490000">
        <ele>773.000</ele>
      </trkpt>
      <trkpt lat="45.097220000" lon="3.792260000">
        <ele>773.000</ele>
      </trkpt>
      <trkpt lat="45.097180000" lon="3.792030000">
        <ele>773.000</ele>
      </trkpt>
      <trkpt lat="45.097120000" lon="3.791840000">
        <ele>773.000</ele>
      </trkpt>
      <trkpt lat="45.097060000" lon="3.791650000">
        <ele>773.000</ele>
      </trkpt>
      <trkpt lat="45.096980000" lon="3.791460000">
        <ele>773.000</ele>
      </trkpt>
      <trkpt lat="45.096830000" lon="3.791040000">
        <ele>773.000</ele>
      </trkpt>
      <trkpt lat="45.096770000" lon="3.790870000">
        <ele>773.000</ele>
      </trkpt>
      <trkpt lat="45.096720000" lon="3.790670000">
        <ele>774.000</ele>
      </trkpt>
      <trkpt lat="45.096520000" lon="3.789590000">
        <ele>775.000</ele>
      </trkpt>
      <trkpt lat="45.096470000" lon="3.789340000">
        <ele>776.000</ele>
      </trkpt>
      <trkpt lat="45.096430000" lon="3.789130000">
        <ele>777.000</ele>
      </trkpt>
      <trkpt lat="45.096430000" lon="3.788980000">
        <ele>778.000</ele>
      </trkpt>
      <trkpt lat="45.096440000" lon="3.788840000">
        <ele>779.000</ele>
      </trkpt>
      <trkpt lat="45.096470000" lon="3.788740000">
        <ele>779.000</ele>
      </trkpt>
      <trkpt lat="45.096520000" lon="3.788540000">
        <ele>779.000</ele>
      </trkpt>
      <trkpt lat="45.096610000" lon="3.788360000">
        <ele>779.000</ele>
      </trkpt>
      <trkpt lat="45.096420000" lon="3.788170000">
        <ele>780.000</ele>
      </trkpt>
      <trkpt lat="45.096310000" lon="3.788100000">
        <ele>780.000</ele>
      </trkpt>
      <trkpt lat="45.096290000" lon="3.788080000">
        <ele>780.000</ele>
      </trkpt>
      <trkpt lat="45.096140000" lon="3.788080000">
        <ele>780.000</ele>
      </trkpt>
      <trkpt lat="45.095940000" lon="3.788180000">
        <ele>780.000</ele>
      </trkpt>
      <trkpt lat="45.095600000" lon="3.788310000">
        <ele>780.000</ele>
      </trkpt>
      <trkpt lat="45.095450000" lon="3.788320000">
        <ele>780.000</ele>
      </trkpt>
      <trkpt lat="45.095240000" lon="3.788260000">
        <ele>780.000</ele>
      </trkpt>
      <trkpt lat="45.094920000" lon="3.788070000">
        <ele>781.000</ele>
      </trkpt>
      <trkpt lat="45.093800000" lon="3.787280000">
        <ele>783.000</ele>
      </trkpt>
      <trkpt lat="45.093100000" lon="3.787000000">
        <ele>786.000</ele>
      </trkpt>
      <trkpt lat="45.093100000" lon="3.787000000">
        <ele>788.000</ele>
      </trkpt>
      <trkpt lat="45.092120000" lon="3.786600000">
        <ele>789.000</ele>
      </trkpt>
      <trkpt lat="45.091840000" lon="3.786350000">
        <ele>789.000</ele>
      </trkpt>
      <trkpt lat="45.091510000" lon="3.785910000">
        <ele>789.000</ele>
      </trkpt>
      <trkpt lat="45.090620000" lon="3.784630000">
        <ele>787.000</ele>
      </trkpt>
      <trkpt lat="45.090520000" lon="3.784330000">
        <ele>785.000</ele>
      </trkpt>
      <trkpt lat="45.090550000" lon="3.783800000">
        <ele>783.000</ele>
      </trkpt>
      <trkpt lat="45.090930000" lon="3.782610000">
        <ele>781.000</ele>
      </trkpt>
      <trkpt lat="45.090950000" lon="3.782290000">
        <ele>779.000</ele>
      </trkpt>
      <trkpt lat="45.090880000" lon="3.780750000">
        <ele>776.000</ele>
      </trkpt>
      <trkpt lat="45.090930000" lon="3.780390000">
        <ele>774.000</ele>
      </trkpt>
      <trkpt lat="45.091220000" lon="3.779600000">
        <ele>771.000</ele>
      </trkpt>
      <trkpt lat="45.091200000" lon="3.779000000">
        <ele>769.000</ele>
      </trkpt>
      <trkpt lat="45.091190000" lon="3.778640000">
        <ele>767.000</ele>
      </trkpt>
      <trkpt lat="45.091180000" lon="3.778470000">
        <ele>766.000</ele>
      </trkpt>
      <trkpt lat="45.091250000" lon="3.778130000">
        <ele>764.000</ele>
      </trkpt>
      <trkpt lat="45.091280000" lon="3.778020000">
        <ele>763.000</ele>
      </trkpt>
      <trkpt lat="45.091540000" lon="3.777260000">
        <ele>764.000</ele>
      </trkpt>
      <trkpt lat="45.091620000" lon="3.776910000">
        <ele>765.000</ele>
      </trkpt>
      <trkpt lat="45.091650000" lon="3.776720000">
        <ele>766.000</ele>
      </trkpt>
      <trkpt lat="45.091650000" lon="3.776490000">
        <ele>767.000</ele>
      </trkpt>
      <trkpt lat="45.091600000" lon="3.775650000">
        <ele>768.000</ele>
      </trkpt>
      <trkpt lat="45.091610000" lon="3.775520000">
        <ele>770.000</ele>
      </trkpt>
      <trkpt lat="45.091610000" lon="3.775210000">
        <ele>771.000</ele>
      </trkpt>
      <trkpt lat="45.091620000" lon="3.774900000">
        <ele>773.000</ele>
      </trkpt>
      <trkpt lat="45.091620000" lon="3.774670000">
        <ele>775.000</ele>
      </trkpt>
      <trkpt lat="45.091600000" lon="3.774530000">
        <ele>776.000</ele>
      </trkpt>
      <trkpt lat="45.091570000" lon="3.774460000">
        <ele>778.000</ele>
      </trkpt>
      <trkpt lat="45.091540000" lon="3.774400000">
        <ele>779.000</ele>
      </trkpt>
      <trkpt lat="45.091470000" lon="3.774330000">
        <ele>779.000</ele>
      </trkpt>
      <trkpt lat="45.091400000" lon="3.774290000">
        <ele>780.000</ele>
      </trkpt>
      <trkpt lat="45.091320000" lon="3.774280000">
        <ele>781.000</ele>
      </trkpt>
      <trkpt lat="45.091260000" lon="3.774300000">
        <ele>782.000</ele>
      </trkpt>
      <trkpt lat="45.091200000" lon="3.774350000">
        <ele>783.000</ele>
      </trkpt>
      <trkpt lat="45.091180000" lon="3.774370000">
        <ele>783.000</ele>
      </trkpt>
      <trkpt lat="45.091130000" lon="3.774440000">
        <ele>784.000</ele>
      </trkpt>
      <trkpt lat="45.091080000" lon="3.774550000">
        <ele>785.000</ele>
      </trkpt>
      <trkpt lat="45.091060000" lon="3.774650000">
        <ele>785.000</ele>
      </trkpt>
      <trkpt lat="45.091060000" lon="3.774760000">
        <ele>786.000</ele>
      </trkpt>
      <trkpt lat="45.091080000" lon="3.774930000">
        <ele>787.000</ele>
      </trkpt>
      <trkpt lat="45.091070000" lon="3.775030000">
        <ele>788.000</ele>
      </trkpt>
      <trkpt lat="45.091040000" lon="3.775160000">
        <ele>789.000</ele>
      </trkpt>
      <trkpt lat="45.091010000" lon="3.775230000">
        <ele>789.000</ele>
      </trkpt>
      <trkpt lat="45.090920000" lon="3.775440000">
        <ele>790.000</ele>
      </trkpt>
      <trkpt lat="45.090830000" lon="3.775610000">
        <ele>790.000</ele>
      </trkpt>
      <trkpt lat="45.090140000" lon="3.777140000">
        <ele>793.000</ele>
      </trkpt>
      <trkpt lat="45.090000000" lon="3.777390000">
        <ele>795.000</ele>
      </trkpt>
      <trkpt lat="45.089870000" lon="3.777510000">
        <ele>796.000</ele>
      </trkpt>
      <trkpt lat="45.089740000" lon="3.777580000">
        <ele>797.000</ele>
      </trkpt>
      <trkpt lat="45.089530000" lon="3.777580000">
        <ele>798.000</ele>
      </trkpt>
      <trkpt lat="45.089370000" lon="3.777610000">
        <ele>799.000</ele>
      </trkpt>
      <trkpt lat="45.089240000" lon="3.777660000">
        <ele>800.000</ele>
      </trkpt>
      <trkpt lat="45.089150000" lon="3.777720000">
        <ele>800.000</ele>
      </trkpt>
      <trkpt lat="45.089110000" lon="3.777760000">
        <ele>801.000</ele>
      </trkpt>
      <trkpt lat="45.088990000" lon="3.777890000">
        <ele>801.000</ele>
      </trkpt>
      <trkpt lat="45.088850000" lon="3.778110000">
        <ele>802.000</ele>
      </trkpt>
      <trkpt lat="45.088770000" lon="3.778190000">
        <ele>803.000</ele>
      </trkpt>
      <trkpt lat="45.088710000" lon="3.778220000">
        <ele>803.000</ele>
      </trkpt>
      <trkpt lat="45.088630000" lon="3.778260000">
        <ele>803.000</ele>
      </trkpt>
      <trkpt lat="45.088520000" lon="3.778360000">
        <ele>804.000</ele>
      </trkpt>
      <trkpt lat="45.088480000" lon="3.778450000">
        <ele>804.000</ele>
      </trkpt>
      <trkpt lat="45.088370000" lon="3.778680000">
        <ele>805.000</ele>
      </trkpt>
      <trkpt lat="45.088250000" lon="3.778930000">
        <ele>805.000</ele>
      </trkpt>
      <trkpt lat="45.088220000" lon="3.778990000">
        <ele>805.000</ele>
      </trkpt>
      <trkpt lat="45.087800000" lon="3.779850000">
        <ele>806.000</ele>
      </trkpt>
      <trkpt lat="45.087530000" lon="3.780380000">
        <ele>807.000</ele>
      </trkpt>
      <trkpt lat="45.087400000" lon="3.780600000">
        <ele>808.000</ele>
      </trkpt>
      <trkpt lat="45.087250000" lon="3.780770000">
        <ele>808.000</ele>
      </trkpt>
      <trkpt lat="45.086910000" lon="3.781060000">
        <ele>809.000</ele>
      </trkpt>
      <trkpt lat="45.086640000" lon="3.781210000">
        <ele>810.000</ele>
      </trkpt>
      <trkpt lat="45.084960000" lon="3.782100000">
        <ele>813.000</ele>
      </trkpt>
      <trkpt lat="45.084960000" lon="3.782100000">
        <ele>815.000</ele>
      </trkpt>
      <trkpt lat="45.083920000" lon="3.782640000">
        <ele>815.000</ele>
      </trkpt>
      <trkpt lat="45.083260000" lon="3.783040000">
        <ele>815.000</ele>
      </trkpt>
      <trkpt lat="45.082610000" lon="3.783450000">
        <ele>815.000</ele>
      </trkpt>
      <trkpt lat="45.082570000" lon="3.783490000">
        <ele>815.000</ele>
      </trkpt>
      <trkpt lat="45.082270000" lon="3.783750000">
        <ele>815.000</ele>
      </trkpt>
      <trkpt lat="45.082160000" lon="3.783910000">
        <ele>815.000</ele>
      </trkpt>
      <trkpt lat="45.081910000" lon="3.784280000">
        <ele>815.000</ele>
      </trkpt>
      <trkpt lat="45.081810000" lon="3.784420000">
        <ele>815.000</ele>
      </trkpt>
      <trkpt lat="45.081700000" lon="3.784550000">
        <ele>815.000</ele>
      </trkpt>
      <trkpt lat="45.081540000" lon="3.784720000">
        <ele>815.000</ele>
      </trkpt>
      <trkpt lat="45.080790000" lon="3.785350000">
        <ele>816.000</ele>
      </trkpt>
      <trkpt lat="45.080640000" lon="3.785460000">
        <ele>816.000</ele>
      </trkpt>
      <trkpt lat="45.080540000" lon="3.785520000">
        <ele>817.000</ele>
      </trkpt>
      <trkpt lat="45.080390000" lon="3.785590000">
        <ele>817.000</ele>
      </trkpt>
      <trkpt lat="45.079960000" lon="3.785760000">
        <ele>818.000</ele>
      </trkpt>
      <trkpt lat="45.079060000" lon="3.786130000">
        <ele>818.000</ele>
      </trkpt>
      <trkpt lat="45.078960000" lon="3.786160000">
        <ele>818.000</ele>
      </trkpt>
      <trkpt lat="45.078870000" lon="3.786180000">
        <ele>818.000</ele>
      </trkpt>
      <trkpt lat="45.078780000" lon="3.786170000">
        <ele>818.000</ele>
      </trkpt>
      <trkpt lat="45.078190000" lon="3.786020000">
        <ele>818.000</ele>
      </trkpt>
      <trkpt lat="45.078100000" lon="3.786010000">
        <ele>818.000</ele>
      </trkpt>
      <trkpt lat="45.077990000" lon="3.786020000">
        <ele>818.000</ele>
      </trkpt>
      <trkpt lat="45.077670000" lon="3.786090000">
        <ele>818.000</ele>
      </trkpt>
      <trkpt lat="45.077390000" lon="3.786160000">
        <ele>817.000</ele>
      </trkpt>
      <trkpt lat="45.077240000" lon="3.786200000">
        <ele>817.000</ele>
      </trkpt>
      <trkpt lat="45.076640000" lon="3.786440000">
        <ele>817.000</ele>
      </trkpt>
      <trkpt lat="45.075810000" lon="3.786720000">
        <ele>817.000</ele>
      </trkpt>
      <trkpt lat="45.075670000" lon="3.786760000">
        <ele>817.000</ele>
      </trkpt>
      <trkpt lat="45.075540000" lon="3.786780000">
        <ele>817.000</ele>
      </trkpt>
      <trkpt lat="45.075450000" lon="3.786770000">
        <ele>817.000</ele>
      </trkpt>
      <trkpt lat="45.075350000" lon="3.786750000">
        <ele>817.000</ele>
      </trkpt>
      <trkpt lat="45.074800000" lon="3.786470000">
        <ele>817.000</ele>
      </trkpt>
      <trkpt lat="45.074360000" lon="3.786260000">
        <ele>817.000</ele>
      </trkpt>
      <trkpt lat="45.074200000" lon="3.786190000">
        <ele>817.000</ele>
      </trkpt>
      <trkpt lat="45.074110000" lon="3.786180000">
        <ele>817.000</ele>
      </trkpt>
      <trkpt lat="45.074020000" lon="3.786190000">
        <ele>817.000</ele>
      </trkpt>
      <trkpt lat="45.073940000" lon="3.786230000">
        <ele>816.000</ele>
      </trkpt>
      <trkpt lat="45.073860000" lon="3.786270000">
        <ele>816.000</ele>
      </trkpt>
      <trkpt lat="45.073780000" lon="3.786370000">
        <ele>816.000</ele>
      </trkpt>
      <trkpt lat="45.073700000" lon="3.786470000">
        <ele>816.000</ele>
      </trkpt>
      <trkpt lat="45.073520000" lon="3.786720000">
        <ele>815.000</ele>
      </trkpt>
      <trkpt lat="45.073410000" lon="3.786880000">
        <ele>815.000</ele>
      </trkpt>
      <trkpt lat="45.073320000" lon="3.787020000">
        <ele>814.000</ele>
      </trkpt>
      <trkpt lat="45.073240000" lon="3.787100000">
        <ele>814.000</ele>
      </trkpt>
      <trkpt lat="45.073160000" lon="3.787180000">
        <ele>814.000</ele>
      </trkpt>
      <trkpt lat="45.073040000" lon="3.787250000">
        <ele>813.000</ele>
      </trkpt>
      <trkpt lat="45.072200000" lon="3.787730000">
        <ele>812.000</ele>
      </trkpt>
      <trkpt lat="45.071800000" lon="3.788100000">
        <ele>811.000</ele>
      </trkpt>
      <trkpt lat="45.071670000" lon="3.788190000">
        <ele>810.000</ele>
      </trkpt>
      <trkpt lat="45.071220000" lon="3.788500000">
        <ele>809.000</ele>
      </trkpt>
      <trkpt lat="45.070900000" lon="3.788710000">
        <ele>808.000</ele>
      </trkpt>
      <trkpt lat="45.070660000" lon="3.788930000">
        <ele>807.000</ele>
      </trkpt>
      <trkpt lat="45.070520000" lon="3.789100000">
        <ele>806.000</ele>
      </trkpt>
      <trkpt lat="45.070620000" lon="3.789190000">
        <ele>805.000</ele>
      </trkpt>
      <trkpt lat="45.070770000" lon="3.789310000">
        <ele>804.000</ele>
      </trkpt>
      <trkpt lat="45.070930000" lon="3.789370000">
        <ele>803.000</ele>
      </trkpt>
      <trkpt lat="45.071560000" lon="3.789430000">
        <ele>802.000</ele>
      </trkpt>
      <trkpt lat="45.071750000" lon="3.789540000">
        <ele>800.000</ele>
      </trkpt>
      <trkpt lat="45.072270000" lon="3.790040000">
        <ele>797.000</ele>
      </trkpt>
      <trkpt lat="45.072420000" lon="3.790210000">
        <ele>795.000</ele>
      </trkpt>
      <trkpt lat="45.072520000" lon="3.790390000">
        <ele>793.000</ele>
      </trkpt>
      <trkpt lat="45.072820000" lon="3.791150000">
        <ele>791.000</ele>
      </trkpt>
      <trkpt lat="45.072890000" lon="3.791450000">
        <ele>788.000</ele>
      </trkpt>
      <trkpt lat="45.072870000" lon="3.791730000">
        <ele>786.000</ele>
      </trkpt>
      <trkpt lat="45.072630000" lon="3.792560000">
        <ele>783.000</ele>
      </trkpt>
      <trkpt lat="45.072580000" lon="3.792760000">
        <ele>780.000</ele>
      </trkpt>
      <trkpt lat="45.072500000" lon="3.792930000">
        <ele>778.000</ele>
      </trkpt>
      <trkpt lat="45.072420000" lon="3.793090000">
        <ele>776.000</ele>
      </trkpt>
      <trkpt lat="45.072270000" lon="3.793330000">
        <ele>774.000</ele>
      </trkpt>
      <trkpt lat="45.072150000" lon="3.793470000">
        <ele>772.000</ele>
      </trkpt>
      <trkpt lat="45.071900000" lon="3.793620000">
        <ele>769.000</ele>
      </trkpt>
      <trkpt lat="45.071700000" lon="3.793630000">
        <ele>767.000</ele>
      </trkpt>
      <trkpt lat="45.071550000" lon="3.793740000">
        <ele>765.000</ele>
      </trkpt>
      <trkpt lat="45.071420000" lon="3.793970000">
        <ele>763.000</ele>
      </trkpt>
      <trkpt lat="45.071180000" lon="3.794700000">
        <ele>759.000</ele>
      </trkpt>
      <trkpt lat="45.071130000" lon="3.794990000">
        <ele>756.000</ele>
      </trkpt>
      <trkpt lat="45.071160000" lon="3.795140000">
        <ele>754.000</ele>
      </trkpt>
      <trkpt lat="45.071170000" lon="3.795230000">
        <ele>752.000</ele>
      </trkpt>
      <trkpt lat="45.071410000" lon="3.795790000">
        <ele>749.000</ele>
      </trkpt>
      <trkpt lat="45.071560000" lon="3.796040000">
        <ele>746.000</ele>
      </trkpt>
      <trkpt lat="45.071690000" lon="3.796180000">
        <ele>743.000</ele>
      </trkpt>
      <trkpt lat="45.071890000" lon="3.796250000">
        <ele>740.000</ele>
      </trkpt>
      <trkpt lat="45.072060000" lon="3.796280000">
        <ele>738.000</ele>
      </trkpt>
      <trkpt lat="45.072230000" lon="3.796270000">
        <ele>736.000</ele>
      </trkpt>
      <trkpt lat="45.072610000" lon="3.796240000">
        <ele>733.000</ele>
      </trkpt>
      <trkpt lat="45.072660000" lon="3.796230000">
        <ele>730.000</ele>
      </trkpt>
      <trkpt lat="45.072780000" lon="3.796240000">
        <ele>729.000</ele>
      </trkpt>
      <trkpt lat="45.072930000" lon="3.796180000">
        <ele>727.000</ele>
      </trkpt>
      <trkpt lat="45.073010000" lon="3.796090000">
        <ele>726.000</ele>
      </trkpt>
      <trkpt lat="45.073220000" lon="3.795710000">
        <ele>724.000</ele>
      </trkpt>
      <trkpt lat="45.073460000" lon="3.795390000">
        <ele>722.000</ele>
      </trkpt>
      <trkpt lat="45.073530000" lon="3.795380000">
        <ele>721.000</ele>
      </trkpt>
      <trkpt lat="45.073630000" lon="3.795440000">
        <ele>720.000</ele>
      </trkpt>
      <trkpt lat="45.073830000" lon="3.795740000">
        <ele>718.000</ele>
      </trkpt>
      <trkpt lat="45.073980000" lon="3.795960000">
        <ele>717.000</ele>
      </trkpt>
      <trkpt lat="45.074100000" lon="3.796150000">
        <ele>715.000</ele>
      </trkpt>
      <trkpt lat="45.074150000" lon="3.796220000">
        <ele>715.000</ele>
      </trkpt>
      <trkpt lat="45.074210000" lon="3.796290000">
        <ele>714.000</ele>
      </trkpt>
      <trkpt lat="45.074260000" lon="3.796330000">
        <ele>714.000</ele>
      </trkpt>
      <trkpt lat="45.074330000" lon="3.796370000">
        <ele>714.000</ele>
      </trkpt>
      <trkpt lat="45.074380000" lon="3.796380000">
        <ele>714.000</ele>
      </trkpt>
      <trkpt lat="45.074470000" lon="3.796390000">
        <ele>714.000</ele>
      </trkpt>
      <trkpt lat="45.075510000" lon="3.796300000">
        <ele>716.000</ele>
      </trkpt>
      <trkpt lat="45.075820000" lon="3.796270000">
        <ele>718.000</ele>
      </trkpt>
      <trkpt lat="45.075900000" lon="3.796280000">
        <ele>719.000</ele>
      </trkpt>
      <trkpt lat="45.075970000" lon="3.796300000">
        <ele>720.000</ele>
      </trkpt>
      <trkpt lat="45.076020000" lon="3.796320000">
        <ele>721.000</ele>
      </trkpt>
      <trkpt lat="45.076070000" lon="3.796370000">
        <ele>721.000</ele>
      </trkpt>
      <trkpt lat="45.076120000" lon="3.796420000">
        <ele>722.000</ele>
      </trkpt>
      <trkpt lat="45.076140000" lon="3.796490000">
        <ele>722.000</ele>
      </trkpt>
      <trkpt lat="45.076150000" lon="3.796570000">
        <ele>723.000</ele>
      </trkpt>
      <trkpt lat="45.076140000" lon="3.796650000">
        <ele>723.000</ele>
      </trkpt>
      <trkpt lat="45.076130000" lon="3.796710000">
        <ele>723.000</ele>
      </trkpt>
      <trkpt lat="45.076100000" lon="3.796770000">
        <ele>724.000</ele>
      </trkpt>
      <trkpt lat="45.076060000" lon="3.796810000">
        <ele>724.000</ele>
      </trkpt>
      <trkpt lat="45.075520000" lon="3.797140000">
        <ele>725.000</ele>
      </trkpt>
      <trkpt lat="45.075430000" lon="3.797180000">
        <ele>726.000</ele>
      </trkpt>
      <trkpt lat="45.075340000" lon="3.797210000">
        <ele>727.000</ele>
      </trkpt>
      <trkpt lat="45.075160000" lon="3.797240000">
        <ele>728.000</ele>
      </trkpt>
      <trkpt lat="45.075020000" lon="3.797250000">
        <ele>729.000</ele>
      </trkpt>
      <trkpt lat="45.074920000" lon="3.797280000">
        <ele>730.000</ele>
      </trkpt>
      <trkpt lat="45.074860000" lon="3.797310000">
        <ele>730.000</ele>
      </trkpt>
      <trkpt lat="45.074820000" lon="3.797340000">
        <ele>731.000</ele>
      </trkpt>
      <trkpt lat="45.074780000" lon="3.797400000">
        <ele>731.000</ele>
      </trkpt>
      <trkpt lat="45.074750000" lon="3.797450000">
        <ele>732.000</ele>
      </trkpt>
      <trkpt lat="45.074730000" lon="3.797530000">
        <ele>732.000</ele>
      </trkpt>
      <trkpt lat="45.074720000" lon="3.797600000">
        <ele>733.000</ele>
      </trkpt>
      <trkpt lat="45.074730000" lon="3.797690000">
        <ele>733.000</ele>
      </trkpt>
      <trkpt lat="45.074810000" lon="3.798030000">
        <ele>734.000</ele>
      </trkpt>
      <trkpt lat="45.074840000" lon="3.798140000">
        <ele>735.000</ele>
      </trkpt>
      <trkpt lat="45.074850000" lon="3.798240000">
        <ele>736.000</ele>
      </trkpt>
      <trkpt lat="45.074830000" lon="3.798320000">
        <ele>737.000</ele>
      </trkpt>
      <trkpt lat="45.074400000" lon="3.799210000">
        <ele>739.000</ele>
      </trkpt>
      <trkpt lat="45.074280000" lon="3.799430000">
        <ele>742.000</ele>
      </trkpt>
      <trkpt lat="45.074220000" lon="3.799650000">
        <ele>744.000</ele>
      </trkpt>
      <trkpt lat="45.074220000" lon="3.799730000">
        <ele>745.000</ele>
      </trkpt>
      <trkpt lat="45.074210000" lon="3.800060000">
        <ele>746.000</ele>
      </trkpt>
      <trkpt lat="45.074230000" lon="3.800180000">
        <ele>748.000</ele>
      </trkpt>
      <trkpt lat="45.074280000" lon="3.800370000">
        <ele>749.000</ele>
      </trkpt>
      <trkpt lat="45.074330000" lon="3.800620000">
        <ele>750.000</ele>
      </trkpt>
      <trkpt lat="45.074330000" lon="3.800710000">
        <ele>751.000</ele>
      </trkpt>
      <trkpt lat="45.074330000" lon="3.800770000">
        <ele>751.000</ele>
      </trkpt>
      <trkpt lat="45.074220000" lon="3.801130000">
        <ele>752.000</ele>
      </trkpt>
      <trkpt lat="45.074130000" lon="3.801430000">
        <ele>753.000</ele>
      </trkpt>
      <trkpt lat="45.074010000" lon="3.801780000">
        <ele>755.000</ele>
      </trkpt>
      <trkpt lat="45.073970000" lon="3.801900000">
        <ele>756.000</ele>
      </trkpt>
      <trkpt lat="45.073360000" lon="3.803190000">
        <ele>759.000</ele>
      </trkpt>
      <trkpt lat="45.072980000" lon="3.803790000">
        <ele>762.000</ele>
      </trkpt>
      <trkpt lat="45.072810000" lon="3.804040000">
        <ele>765.000</ele>
      </trkpt>
      <trkpt lat="45.072630000" lon="3.804300000">
        <ele>768.000</ele>
      </trkpt>
      <trkpt lat="45.072570000" lon="3.804400000">
        <ele>770.000</ele>
      </trkpt>
      <trkpt lat="45.072540000" lon="3.804500000">
        <ele>772.000</ele>
      </trkpt>
      <trkpt lat="45.072550000" lon="3.804590000">
        <ele>773.000</ele>
      </trkpt>
      <trkpt lat="45.072580000" lon="3.804640000">
        <ele>774.000</ele>
      </trkpt>
      <trkpt lat="45.072610000" lon="3.804680000">
        <ele>775.000</ele>
      </trkpt>
      <trkpt lat="45.072660000" lon="3.804700000">
        <ele>776.000</ele>
      </trkpt>
      <trkpt lat="45.072720000" lon="3.804690000">
        <ele>776.000</ele>
      </trkpt>
      <trkpt lat="45.072770000" lon="3.804670000">
        <ele>777.000</ele>
      </trkpt>
      <trkpt lat="45.073030000" lon="3.804500000">
        <ele>778.000</ele>
      </trkpt>
      <trkpt lat="45.073600000" lon="3.804300000">
        <ele>781.000</ele>
      </trkpt>
      <trkpt lat="45.073880000" lon="3.804130000">
        <ele>784.000</ele>
      </trkpt>
      <trkpt lat="45.074540000" lon="3.803510000">
        <ele>788.000</ele>
      </trkpt>
      <trkpt lat="45.074600000" lon="3.803440000">
        <ele>791.000</ele>
      </trkpt>
      <trkpt lat="45.074650000" lon="3.803400000">
        <ele>794.000</ele>
      </trkpt>
      <trkpt lat="45.074780000" lon="3.803180000">
        <ele>796.000</ele>
      </trkpt>
      <trkpt lat="45.074840000" lon="3.803120000">
        <ele>798.000</ele>
      </trkpt>
      <trkpt lat="45.074900000" lon="3.803110000">
        <ele>799.000</ele>
      </trkpt>
      <trkpt lat="45.074950000" lon="3.803160000">
        <ele>800.000</ele>
      </trkpt>
      <trkpt lat="45.074950000" lon="3.803250000">
        <ele>801.000</ele>
      </trkpt>
      <trkpt lat="45.074920000" lon="3.803320000">
        <ele>802.000</ele>
      </trkpt>
      <trkpt lat="45.074550000" lon="3.803930000">
        <ele>804.000</ele>
      </trkpt>
      <trkpt lat="45.074160000" lon="3.804430000">
        <ele>808.000</ele>
      </trkpt>
      <trkpt lat="45.074040000" lon="3.804580000">
        <ele>810.000</ele>
      </trkpt>
      <trkpt lat="45.073970000" lon="3.804680000">
        <ele>812.000</ele>
      </trkpt>
      <trkpt lat="45.073950000" lon="3.804770000">
        <ele>814.000</ele>
      </trkpt>
      <trkpt lat="45.073960000" lon="3.804880000">
        <ele>815.000</ele>
      </trkpt>
      <trkpt lat="45.074030000" lon="3.805010000">
        <ele>817.000</ele>
      </trkpt>
      <trkpt lat="45.074480000" lon="3.805650000">
        <ele>820.000</ele>
      </trkpt>
      <trkpt lat="45.074720000" lon="3.805850000">
        <ele>823.000</ele>
      </trkpt>
      <trkpt lat="45.075310000" lon="3.806180000">
        <ele>828.000</ele>
      </trkpt>
      <trkpt lat="45.075340000" lon="3.806260000">
        <ele>831.000</ele>
      </trkpt>
      <trkpt lat="45.075340000" lon="3.806370000">
        <ele>833.000</ele>
      </trkpt>
      <trkpt lat="45.075310000" lon="3.806670000">
        <ele>835.000</ele>
      </trkpt>
      <trkpt lat="45.075320000" lon="3.806890000">
        <ele>837.000</ele>
      </trkpt>
      <trkpt lat="45.075370000" lon="3.807000000">
        <ele>838.000</ele>
      </trkpt>
      <trkpt lat="45.075480000" lon="3.807120000">
        <ele>840.000</ele>
      </trkpt>
      <trkpt lat="45.075630000" lon="3.807490000">
        <ele>841.000</ele>
      </trkpt>
      <trkpt lat="45.075680000" lon="3.807800000">
        <ele>843.000</ele>
      </trkpt>
      <trkpt lat="45.075650000" lon="3.807980000">
        <ele>844.000</ele>
      </trkpt>
      <trkpt lat="45.075460000" lon="3.808480000">
        <ele>846.000</ele>
      </trkpt>
      <trkpt lat="45.075430000" lon="3.808610000">
        <ele>848.000</ele>
      </trkpt>
      <trkpt lat="45.075430000" lon="3.808750000">
        <ele>849.000</ele>
      </trkpt>
      <trkpt lat="45.075500000" lon="3.808840000">
        <ele>849.000</ele>
      </trkpt>
      <trkpt lat="45.075550000" lon="3.808880000">
        <ele>850.000</ele>
      </trkpt>
      <trkpt lat="45.075750000" lon="3.809040000">
        <ele>850.000</ele>
      </trkpt>
      <trkpt lat="45.075940000" lon="3.809200000">
        <ele>850.000</ele>
      </trkpt>
      <trkpt lat="45.076120000" lon="3.809340000">
        <ele>850.000</ele>
      </trkpt>
      <trkpt lat="45.076240000" lon="3.809460000">
        <ele>850.000</ele>
      </trkpt>
      <trkpt lat="45.076460000" lon="3.809570000">
        <ele>850.000</ele>
      </trkpt>
      <trkpt lat="45.076650000" lon="3.809620000">
        <ele>850.000</ele>
      </trkpt>
      <trkpt lat="45.077060000" lon="3.809660000">
        <ele>850.000</ele>
      </trkpt>
      <trkpt lat="45.077140000" lon="3.809700000">
        <ele>849.000</ele>
      </trkpt>
      <trkpt lat="45.077180000" lon="3.809810000">
        <ele>849.000</ele>
      </trkpt>
      <trkpt lat="45.077380000" lon="3.811430000">
        <ele>843.000</ele>
      </trkpt>
      <trkpt lat="45.077370000" lon="3.811900000">
        <ele>839.000</ele>
      </trkpt>
      <trkpt lat="45.077330000" lon="3.812320000">
        <ele>834.000</ele>
      </trkpt>
      <trkpt lat="45.077350000" lon="3.812710000">
        <ele>831.000</ele>
      </trkpt>
      <trkpt lat="45.077440000" lon="3.813260000">
        <ele>828.000</ele>
      </trkpt>
      <trkpt lat="45.077510000" lon="3.814220000">
        <ele>826.000</ele>
      </trkpt>
      <trkpt lat="45.077520000" lon="3.814270000">
        <ele>824.000</ele>
      </trkpt>
      <trkpt lat="45.077510000" lon="3.814270000">
        <ele>822.000</ele>
      </trkpt>
      <trkpt lat="45.077540000" lon="3.814600000">
        <ele>821.000</ele>
      </trkpt>
      <trkpt lat="45.077660000" lon="3.815100000">
        <ele>820.000</ele>
      </trkpt>
      <trkpt lat="45.077710000" lon="3.815310000">
        <ele>819.000</ele>
      </trkpt>
      <trkpt lat="45.077790000" lon="3.815500000">
        <ele>819.000</ele>
      </trkpt>
      <trkpt lat="45.077860000" lon="3.815610000">
        <ele>818.000</ele>
      </trkpt>
      <trkpt lat="45.077940000" lon="3.815700000">
        <ele>818.000</ele>
      </trkpt>
      <trkpt lat="45.078090000" lon="3.815880000">
        <ele>818.000</ele>
      </trkpt>
      <trkpt lat="45.078500000" lon="3.816590000">
        <ele>817.000</ele>
      </trkpt>
      <trkpt lat="45.078750000" lon="3.817210000">
        <ele>817.000</ele>
      </trkpt>
      <trkpt lat="45.078870000" lon="3.817690000">
        <ele>816.000</ele>
      </trkpt>
      <trkpt lat="45.078960000" lon="3.817850000">
        <ele>816.000</ele>
      </trkpt>
      <trkpt lat="45.079390000" lon="3.818310000">
        <ele>815.000</ele>
      </trkpt>
      <trkpt lat="45.079850000" lon="3.818800000">
        <ele>814.000</ele>
      </trkpt>
      <trkpt lat="45.080070000" lon="3.819180000">
        <ele>813.000</ele>
      </trkpt>
      <trkpt lat="45.080610000" lon="3.820150000">
        <ele>812.000</ele>
      </trkpt>
      <trkpt lat="45.080690000" lon="3.820380000">
        <ele>811.000</ele>
      </trkpt>
      <trkpt lat="45.080810000" lon="3.820530000">
        <ele>810.000</ele>
      </trkpt>
      <trkpt lat="45.081190000" lon="3.820710000">
        <ele>810.000</ele>
      </trkpt>
      <trkpt lat="45.081310000" lon="3.820790000">
        <ele>809.000</ele>
      </trkpt>
      <trkpt lat="45.081380000" lon="3.820910000">
        <ele>809.000</ele>
      </trkpt>
      <trkpt lat="45.081910000" lon="3.821710000">
        <ele>810.000</ele>
      </trkpt>
      <trkpt lat="45.082020000" lon="3.821900000">
        <ele>810.000</ele>
      </trkpt>
      <trkpt lat="45.082030000" lon="3.821910000">
        <ele>810.000</ele>
      </trkpt>
      <trkpt lat="45.082020000" lon="3.821950000">
        <ele>811.000</ele>
      </trkpt>
      <trkpt lat="45.081660000" lon="3.823030000">
        <ele>812.000</ele>
      </trkpt>
      <trkpt lat="45.081550000" lon="3.823420000">
        <ele>813.000</ele>
      </trkpt>
      <trkpt lat="45.081050000" lon="3.824860000">
        <ele>815.000</ele>
      </trkpt>
      <trkpt lat="45.080820000" lon="3.825640000">
        <ele>817.000</ele>
      </trkpt>
      <trkpt lat="45.080670000" lon="3.826290000">
        <ele>817.000</ele>
      </trkpt>
      <trkpt lat="45.080510000" lon="3.827090000">
        <ele>817.000</ele>
      </trkpt>
      <trkpt lat="45.080320000" lon="3.828060000">
        <ele>817.000</ele>
      </trkpt>
      <trkpt lat="45.080150000" lon="3.828810000">
        <ele>816.000</ele>
      </trkpt>
      <trkpt lat="45.079970000" lon="3.829460000">
        <ele>814.000</ele>
      </trkpt>
      <trkpt lat="45.079730000" lon="3.830350000">
        <ele>813.000</ele>
      </trkpt>
      <trkpt lat="45.079380000" lon="3.831600000">
        <ele>812.000</ele>
      </trkpt>
      <trkpt lat="45.078770000" lon="3.833880000">
        <ele>811.000</ele>
      </trkpt>
      <trkpt lat="45.078710000" lon="3.834100000">
        <ele>810.000</ele>
      </trkpt>
      <trkpt lat="45.078320000" lon="3.835750000">
        <ele>810.000</ele>
      </trkpt>
      <trkpt lat="45.078010000" lon="3.837090000">
        <ele>811.000</ele>
      </trkpt>
      <trkpt lat="45.077890000" lon="3.837590000">
        <ele>812.000</ele>
      </trkpt>
      <trkpt lat="45.077810000" lon="3.837960000">
        <ele>812.000</ele>
      </trkpt>
      <trkpt lat="45.077720000" lon="3.838340000">
        <ele>813.000</ele>
      </trkpt>
      <trkpt lat="45.077440000" lon="3.839460000">
        <ele>814.000</ele>
      </trkpt>
      <trkpt lat="45.077210000" lon="3.840350000">
        <ele>815.000</ele>
      </trkpt>
      <trkpt lat="45.077000000" lon="3.841060000">
        <ele>816.000</ele>
      </trkpt>
      <trkpt lat="45.076880000" lon="3.841400000">
        <ele>816.000</ele>
      </trkpt>
      <trkpt lat="45.076720000" lon="3.841840000">
        <ele>817.000</ele>
      </trkpt>
      <trkpt lat="45.076690000" lon="3.841930000">
        <ele>817.000</ele>
      </trkpt>
      <trkpt lat="45.076430000" lon="3.842610000">
        <ele>817.000</ele>
      </trkpt>
      <trkpt lat="45.076160000" lon="3.843240000">
        <ele>817.000</ele>
      </trkpt>
      <trkpt lat="45.075940000" lon="3.843680000">
        <ele>816.000</ele>
      </trkpt>
      <trkpt lat="45.075780000" lon="3.843930000">
        <ele>815.000</ele>
      </trkpt>
      <trkpt lat="45.075580000" lon="3.844180000">
        <ele>814.000</ele>
      </trkpt>
      <trkpt lat="45.075350000" lon="3.844420000">
        <ele>813.000</ele>
      </trkpt>
      <trkpt lat="45.075170000" lon="3.844580000">
        <ele>812.000</ele>
      </trkpt>
      <trkpt lat="45.074920000" lon="3.844740000">
        <ele>811.000</ele>
      </trkpt>
      <trkpt lat="45.074610000" lon="3.844900000">
        <ele>809.000</ele>
      </trkpt>
      <trkpt lat="45.072850000" lon="3.845650000">
        <ele>808.000</ele>
      </trkpt>
      <trkpt lat="45.072450000" lon="3.845840000">
        <ele>806.000</ele>
      </trkpt>
      <trkpt lat="45.072190000" lon="3.846010000">
        <ele>805.000</ele>
      </trkpt>
      <trkpt lat="45.071970000" lon="3.846200000">
        <ele>804.000</ele>
      </trkpt>
      <trkpt lat="45.071760000" lon="3.846420000">
        <ele>803.000</ele>
      </trkpt>
      <trkpt lat="45.071540000" lon="3.846710000">
        <ele>802.000</ele>
      </trkpt>
      <trkpt lat="45.071070000" lon="3.847460000">
        <ele>801.000</ele>
      </trkpt>
      <trkpt lat="45.070770000" lon="3.847910000">
        <ele>799.000</ele>
      </trkpt>
      <trkpt lat="45.070490000" lon="3.848230000">
        <ele>798.000</ele>
      </trkpt>
      <trkpt lat="45.070120000" lon="3.848500000">
        <ele>796.000</ele>
      </trkpt>
      <trkpt lat="45.069110000" lon="3.849090000">
        <ele>794.000</ele>
      </trkpt>
      <trkpt lat="45.069110000" lon="3.849090000">
        <ele>792.000</ele>
      </trkpt>
      <trkpt lat="45.069080000" lon="3.849110000">
        <ele>791.000</ele>
      </trkpt>
      <trkpt lat="45.068060000" lon="3.849690000">
        <ele>789.000</ele>
      </trkpt>
      <trkpt lat="45.067710000" lon="3.849890000">
        <ele>787.000</ele>
      </trkpt>
      <trkpt lat="45.067140000" lon="3.850140000">
        <ele>785.000</ele>
      </trkpt>
      <trkpt lat="45.067070000" lon="3.850170000">
        <ele>783.000</ele>
      </trkpt>
      <trkpt lat="45.066730000" lon="3.850310000">
        <ele>781.000</ele>
      </trkpt>
      <trkpt lat="45.066550000" lon="3.850380000">
        <ele>780.000</ele>
      </trkpt>
      <trkpt lat="45.066370000" lon="3.850410000">
        <ele>779.000</ele>
      </trkpt>
      <trkpt lat="45.066330000" lon="3.850360000">
        <ele>778.000</ele>
      </trkpt>
      <trkpt lat="45.066280000" lon="3.850330000">
        <ele>777.000</ele>
      </trkpt>
      <trkpt lat="45.066230000" lon="3.850320000">
        <ele>777.000</ele>
      </trkpt>
      <trkpt lat="45.066180000" lon="3.850330000">
        <ele>776.000</ele>
      </trkpt>
      <trkpt lat="45.066130000" lon="3.850370000">
        <ele>776.000</ele>
      </trkpt>
      <trkpt lat="45.066090000" lon="3.850420000">
        <ele>775.000</ele>
      </trkpt>
      <trkpt lat="45.066060000" lon="3.850490000">
        <ele>775.000</ele>
      </trkpt>
      <trkpt lat="45.066060000" lon="3.850580000">
        <ele>775.000</ele>
      </trkpt>
      <trkpt lat="45.066070000" lon="3.850660000">
        <ele>774.000</ele>
      </trkpt>
      <trkpt lat="45.066080000" lon="3.850700000">
        <ele>774.000</ele>
      </trkpt>
      <trkpt lat="45.066100000" lon="3.850740000">
        <ele>774.000</ele>
      </trkpt>
      <trkpt lat="45.066080000" lon="3.850910000">
        <ele>773.000</ele>
      </trkpt>
      <trkpt lat="45.065920000" lon="3.851400000">
        <ele>772.000</ele>
      </trkpt>
      <trkpt lat="45.065740000" lon="3.851720000">
        <ele>771.000</ele>
      </trkpt>
      <trkpt lat="45.065610000" lon="3.851910000">
        <ele>770.000</ele>
      </trkpt>
      <trkpt lat="45.065530000" lon="3.851970000">
        <ele>770.000</ele>
      </trkpt>
      <trkpt lat="45.065050000" lon="3.852250000">
        <ele>768.000</ele>
      </trkpt>
      <trkpt lat="45.064800000" lon="3.852410000">
        <ele>767.000</ele>
      </trkpt>
      <trkpt lat="45.064580000" lon="3.852580000">
        <ele>766.000</ele>
      </trkpt>
      <trkpt lat="45.064390000" lon="3.852790000">
        <ele>765.000</ele>
      </trkpt>
      <trkpt lat="45.064240000" lon="3.852990000">
        <ele>764.000</ele>
      </trkpt>
      <trkpt lat="45.064080000" lon="3.853320000">
        <ele>763.000</ele>
      </trkpt>
      <trkpt lat="45.063960000" lon="3.853640000">
        <ele>763.000</ele>
      </trkpt>
      <trkpt lat="45.063880000" lon="3.853980000">
        <ele>762.000</ele>
      </trkpt>
      <trkpt lat="45.063790000" lon="3.854890000">
        <ele>761.000</ele>
      </trkpt>
      <trkpt lat="45.063700000" lon="3.855540000">
        <ele>761.000</ele>
      </trkpt>
      <trkpt lat="45.063580000" lon="3.855990000">
        <ele>759.000</ele>
      </trkpt>
      <trkpt lat="45.063210000" lon="3.857010000">
        <ele>756.000</ele>
      </trkpt>
      <trkpt lat="45.063080000" lon="3.857450000">
        <ele>753.000</ele>
      </trkpt>
      <trkpt lat="45.062900000" lon="3.858280000">
        <ele>750.000</ele>
      </trkpt>
      <trkpt lat="45.062810000" lon="3.858610000">
        <ele>747.000</ele>
      </trkpt>
      <trkpt lat="45.062710000" lon="3.858890000">
        <ele>745.000</ele>
      </trkpt>
      <trkpt lat="45.062570000" lon="3.859180000">
        <ele>744.000</ele>
      </trkpt>
      <trkpt lat="45.062420000" lon="3.859420000">
        <ele>742.000</ele>
      </trkpt>
      <trkpt lat="45.062240000" lon="3.859650000">
        <ele>741.000</ele>
      </trkpt>
      <trkpt lat="45.061780000" lon="3.860120000">
        <ele>740.000</ele>
      </trkpt>
      <trkpt lat="45.061510000" lon="3.860460000">
        <ele>739.000</ele>
      </trkpt>
      <trkpt lat="45.061290000" lon="3.860850000">
        <ele>737.000</ele>
      </trkpt>
      <trkpt lat="45.061180000" lon="3.861190000">
        <ele>735.000</ele>
      </trkpt>
      <trkpt lat="45.061090000" lon="3.861640000">
        <ele>733.000</ele>
      </trkpt>
      <trkpt lat="45.061060000" lon="3.862140000">
        <ele>731.000</ele>
      </trkpt>
      <trkpt lat="45.061120000" lon="3.862610000">
        <ele>728.000</ele>
      </trkpt>
      <trkpt lat="45.061200000" lon="3.862960000">
        <ele>726.000</ele>
      </trkpt>
      <trkpt lat="45.061270000" lon="3.863170000">
        <ele>724.000</ele>
      </trkpt>
      <trkpt lat="45.061370000" lon="3.863400000">
        <ele>723.000</ele>
      </trkpt>
      <trkpt lat="45.061610000" lon="3.863750000">
        <ele>722.000</ele>
      </trkpt>
      <trkpt lat="45.061850000" lon="3.864010000">
        <ele>721.000</ele>
      </trkpt>
      <trkpt lat="45.062350000" lon="3.864440000">
        <ele>719.000</ele>
      </trkpt>
      <trkpt lat="45.062640000" lon="3.864730000">
        <ele>718.000</ele>
      </trkpt>
      <trkpt lat="45.062850000" lon="3.865030000">
        <ele>716.000</ele>
      </trkpt>
      <trkpt lat="45.063010000" lon="3.865370000">
        <ele>714.000</ele>
      </trkpt>
      <trkpt lat="45.063140000" lon="3.865760000">
        <ele>712.000</ele>
      </trkpt>
      <trkpt lat="45.063200000" lon="3.866150000">
        <ele>710.000</ele>
      </trkpt>
      <trkpt lat="45.063210000" lon="3.866560000">
        <ele>707.000</ele>
      </trkpt>
      <trkpt lat="45.063190000" lon="3.866930000">
        <ele>705.000</ele>
      </trkpt>
      <trkpt lat="45.063120000" lon="3.867270000">
        <ele>702.000</ele>
      </trkpt>
      <trkpt lat="45.063010000" lon="3.867620000">
        <ele>700.000</ele>
      </trkpt>
      <trkpt lat="45.062680000" lon="3.868350000">
        <ele>698.000</ele>
      </trkpt>
      <trkpt lat="45.062420000" lon="3.868920000">
        <ele>696.000</ele>
      </trkpt>
      <trkpt lat="45.062290000" lon="3.869210000">
        <ele>695.000</ele>
      </trkpt>
      <trkpt lat="45.062240000" lon="3.869300000">
        <ele>693.000</ele>
      </trkpt>
      <trkpt lat="45.062210000" lon="3.869320000">
        <ele>693.000</ele>
      </trkpt>
      <trkpt lat="45.062190000" lon="3.869350000">
        <ele>692.000</ele>
      </trkpt>
      <trkpt lat="45.062110000" lon="3.869360000">
        <ele>691.000</ele>
      </trkpt>
      <trkpt lat="45.061970000" lon="3.869380000">
        <ele>691.000</ele>
      </trkpt>
      <trkpt lat="45.061630000" lon="3.869330000">
        <ele>692.000</ele>
      </trkpt>
      <trkpt lat="45.061210000" lon="3.869240000">
        <ele>693.000</ele>
      </trkpt>
      <trkpt lat="45.060970000" lon="3.869190000">
        <ele>695.000</ele>
      </trkpt>
      <trkpt lat="45.060770000" lon="3.869190000">
        <ele>696.000</ele>
      </trkpt>
      <trkpt lat="45.060640000" lon="3.869210000">
        <ele>697.000</ele>
      </trkpt>
      <trkpt lat="45.060490000" lon="3.869290000">
        <ele>698.000</ele>
      </trkpt>
      <trkpt lat="45.060330000" lon="3.869450000">
        <ele>699.000</ele>
      </trkpt>
      <trkpt lat="45.060220000" lon="3.869630000">
        <ele>700.000</ele>
      </trkpt>
      <trkpt lat="45.060120000" lon="3.869860000">
        <ele>701.000</ele>
      </trkpt>
      <trkpt lat="45.060060000" lon="3.870060000">
        <ele>702.000</ele>
      </trkpt>
      <trkpt lat="45.060030000" lon="3.870270000">
        <ele>703.000</ele>
      </trkpt>
      <trkpt lat="45.060050000" lon="3.870450000">
        <ele>704.000</ele>
      </trkpt>
      <trkpt lat="45.060150000" lon="3.870850000">
        <ele>705.000</ele>
      </trkpt>
      <trkpt lat="45.060280000" lon="3.871270000">
        <ele>706.000</ele>
      </trkpt>
      <trkpt lat="45.060280000" lon="3.871370000">
        <ele>707.000</ele>
      </trkpt>
      <trkpt lat="45.060270000" lon="3.871490000">
        <ele>708.000</ele>
      </trkpt>
      <trkpt lat="45.060230000" lon="3.871710000">
        <ele>709.000</ele>
      </trkpt>
      <trkpt lat="45.060160000" lon="3.871980000">
        <ele>710.000</ele>
      </trkpt>
      <trkpt lat="45.060060000" lon="3.872390000">
        <ele>711.000</ele>
      </trkpt>
      <trkpt lat="45.059980000" lon="3.872730000">
        <ele>712.000</ele>
      </trkpt>
      <trkpt lat="45.059950000" lon="3.873020000">
        <ele>714.000</ele>
      </trkpt>
      <trkpt lat="45.059850000" lon="3.874360000">
        <ele>717.000</ele>
      </trkpt>
      <trkpt lat="45.059860000" lon="3.874990000">
        <ele>720.000</ele>
      </trkpt>
      <trkpt lat="45.059860000" lon="3.874990000">
        <ele>722.000</ele>
      </trkpt>
      <trkpt lat="45.059860000" lon="3.875040000">
        <ele>723.000</ele>
      </trkpt>
      <trkpt lat="45.059930000" lon="3.875870000">
        <ele>725.000</ele>
      </trkpt>
      <trkpt lat="45.059940000" lon="3.876220000">
        <ele>726.000</ele>
      </trkpt>
      <trkpt lat="45.059920000" lon="3.876400000">
        <ele>728.000</ele>
      </trkpt>
      <trkpt lat="45.059840000" lon="3.876550000">
        <ele>729.000</ele>
      </trkpt>
      <trkpt lat="45.059570000" lon="3.876870000">
        <ele>730.000</ele>
      </trkpt>
      <trkpt lat="45.059170000" lon="3.877330000">
        <ele>731.000</ele>
      </trkpt>
      <trkpt lat="45.059080000" lon="3.877400000">
        <ele>732.000</ele>
      </trkpt>
      <trkpt lat="45.059020000" lon="3.877430000">
        <ele>733.000</ele>
      </trkpt>
      <trkpt lat="45.058910000" lon="3.877440000">
        <ele>732.000</ele>
      </trkpt>
      <trkpt lat="45.058800000" lon="3.877430000">
        <ele>732.000</ele>
      </trkpt>
      <trkpt lat="45.058200000" lon="3.877250000">
        <ele>730.000</ele>
      </trkpt>
      <trkpt lat="45.058050000" lon="3.877190000">
        <ele>729.000</ele>
      </trkpt>
      <trkpt lat="45.057840000" lon="3.877130000">
        <ele>727.000</ele>
      </trkpt>
      <trkpt lat="45.057650000" lon="3.877080000">
        <ele>726.000</ele>
      </trkpt>
      <trkpt lat="45.057420000" lon="3.876980000">
        <ele>724.000</ele>
      </trkpt>
      <trkpt lat="45.057260000" lon="3.876890000">
        <ele>722.000</ele>
      </trkpt>
      <trkpt lat="45.057110000" lon="3.876730000">
        <ele>721.000</ele>
      </trkpt>
      <trkpt lat="45.056670000" lon="3.876130000">
        <ele>719.000</ele>
      </trkpt>
      <trkpt lat="45.056130000" lon="3.875590000">
        <ele>717.000</ele>
      </trkpt>
      <trkpt lat="45.055350000" lon="3.874900000">
        <ele>713.000</ele>
      </trkpt>
      <trkpt lat="45.055240000" lon="3.874780000">
        <ele>711.000</ele>
      </trkpt>
      <trkpt lat="45.055100000" lon="3.874580000">
        <ele>709.000</ele>
      </trkpt>
      <trkpt lat="45.054940000" lon="3.874460000">
        <ele>707.000</ele>
      </trkpt>
      <trkpt lat="45.054190000" lon="3.874200000">
        <ele>705.000</ele>
      </trkpt>
      <trkpt lat="45.054140000" lon="3.874170000">
        <ele>703.000</ele>
      </trkpt>
      <trkpt lat="45.054100000" lon="3.874140000">
        <ele>702.000</ele>
      </trkpt>
      <trkpt lat="45.054070000" lon="3.874110000">
        <ele>701.000</ele>
      </trkpt>
      <trkpt lat="45.054050000" lon="3.874050000">
        <ele>700.000</ele>
      </trkpt>
      <trkpt lat="45.054030000" lon="3.873970000">
        <ele>699.000</ele>
      </trkpt>
      <trkpt lat="45.053980000" lon="3.873660000">
        <ele>699.000</ele>
      </trkpt>
      <trkpt lat="45.053950000" lon="3.873520000">
        <ele>698.000</ele>
      </trkpt>
      <trkpt lat="45.053910000" lon="3.873410000">
        <ele>697.000</ele>
      </trkpt>
      <trkpt lat="45.053870000" lon="3.873280000">
        <ele>696.000</ele>
      </trkpt>
      <trkpt lat="45.053830000" lon="3.873190000">
        <ele>696.000</ele>
      </trkpt>
      <trkpt lat="45.053780000" lon="3.873110000">
        <ele>695.000</ele>
      </trkpt>
      <trkpt lat="45.053730000" lon="3.873050000">
        <ele>694.000</ele>
      </trkpt>
      <trkpt lat="45.053670000" lon="3.872980000">
        <ele>694.000</ele>
      </trkpt>
      <trkpt lat="45.053610000" lon="3.872920000">
        <ele>693.000</ele>
      </trkpt>
      <trkpt lat="45.053540000" lon="3.872880000">
        <ele>692.000</ele>
      </trkpt>
      <trkpt lat="45.053470000" lon="3.872830000">
        <ele>692.000</ele>
      </trkpt>
      <trkpt lat="45.053380000" lon="3.872800000">
        <ele>691.000</ele>
      </trkpt>
      <trkpt lat="45.053140000" lon="3.872710000">
        <ele>690.000</ele>
      </trkpt>
      <trkpt lat="45.053090000" lon="3.872700000">
        <ele>689.000</ele>
      </trkpt>
      <trkpt lat="45.053010000" lon="3.872680000">
        <ele>688.000</ele>
      </trkpt>
      <trkpt lat="45.052880000" lon="3.872690000">
        <ele>687.000</ele>
      </trkpt>
      <trkpt lat="45.052810000" lon="3.872680000">
        <ele>686.000</ele>
      </trkpt>
      <trkpt lat="45.052750000" lon="3.872670000">
        <ele>686.000</ele>
      </trkpt>
      <trkpt lat="45.052640000" lon="3.872620000">
        <ele>685.000</ele>
      </trkpt>
      <trkpt lat="45.052580000" lon="3.872570000">
        <ele>684.000</ele>
      </trkpt>
      <trkpt lat="45.052530000" lon="3.872540000">
        <ele>683.000</ele>
      </trkpt>
      <trkpt lat="45.052500000" lon="3.872480000">
        <ele>683.000</ele>
      </trkpt>
      <trkpt lat="45.052460000" lon="3.872410000">
        <ele>682.000</ele>
      </trkpt>
      <trkpt lat="45.052430000" lon="3.872320000">
        <ele>682.000</ele>
      </trkpt>
      <trkpt lat="45.052400000" lon="3.872200000">
        <ele>681.000</ele>
      </trkpt>
      <trkpt lat="45.052370000" lon="3.872020000">
        <ele>680.000</ele>
      </trkpt>
      <trkpt lat="45.052270000" lon="3.871350000">
        <ele>679.000</ele>
      </trkpt>
      <trkpt lat="45.052240000" lon="3.871220000">
        <ele>678.000</ele>
      </trkpt>
      <trkpt lat="45.052210000" lon="3.871120000">
        <ele>677.000</ele>
      </trkpt>
      <trkpt lat="45.052210000" lon="3.871100000">
        <ele>676.000</ele>
      </trkpt>
      <trkpt lat="45.052210000" lon="3.871100000">
        <ele>676.000</ele>
      </trkpt>
      <trkpt lat="45.052150000" lon="3.870910000">
        <ele>675.000</ele>
      </trkpt>
      <trkpt lat="45.051860000" lon="3.870330000">
        <ele>673.000</ele>
      </trkpt>
      <trkpt lat="45.051590000" lon="3.869890000">
        <ele>671.000</ele>
      </trkpt>
      <trkpt lat="45.051450000" lon="3.870120000">
        <ele>670.000</ele>
      </trkpt>
      <trkpt lat="45.051370000" lon="3.870230000">
        <ele>668.000</ele>
      </trkpt>
      <trkpt lat="45.051300000" lon="3.870320000">
        <ele>667.000</ele>
      </trkpt>
      <trkpt lat="45.051170000" lon="3.870480000">
        <ele>665.000</ele>
      </trkpt>
      <trkpt lat="45.051050000" lon="3.870620000">
        <ele>664.000</ele>
      </trkpt>
      <trkpt lat="45.050980000" lon="3.870680000">
        <ele>663.000</ele>
      </trkpt>
      <trkpt lat="45.050900000" lon="3.870760000">
        <ele>662.000</ele>
      </trkpt>
      <trkpt lat="45.050810000" lon="3.870850000">
        <ele>661.000</ele>
      </trkpt>
      <trkpt lat="45.050660000" lon="3.870970000">
        <ele>660.000</ele>
      </trkpt>
      <trkpt lat="45.050580000" lon="3.871030000">
        <ele>659.000</ele>
      </trkpt>
      <trkpt lat="45.050390000" lon="3.871140000">
        <ele>658.000</ele>
      </trkpt>
      <trkpt lat="45.050120000" lon="3.871300000">
        <ele>656.000</ele>
      </trkpt>
      <trkpt lat="45.050040000" lon="3.871350000">
        <ele>655.000</ele>
      </trkpt>
      <trkpt lat="45.049950000" lon="3.871410000">
        <ele>654.000</ele>
      </trkpt>
      <trkpt lat="45.049880000" lon="3.871480000">
        <ele>653.000</ele>
      </trkpt>
      <trkpt lat="45.049810000" lon="3.871580000">
        <ele>652.000</ele>
      </trkpt>
      <trkpt lat="45.049750000" lon="3.871680000">
        <ele>651.000</ele>
      </trkpt>
      <trkpt lat="45.049700000" lon="3.871820000">
        <ele>651.000</ele>
      </trkpt>
      <trkpt lat="45.049670000" lon="3.871960000">
        <ele>650.000</ele>
      </trkpt>
      <trkpt lat="45.049650000" lon="3.872100000">
        <ele>649.000</ele>
      </trkpt>
      <trkpt lat="45.049640000" lon="3.872270000">
        <ele>649.000</ele>
      </trkpt>
      <trkpt lat="45.049640000" lon="3.872470000">
        <ele>648.000</ele>
      </trkpt>
      <trkpt lat="45.049660000" lon="3.872670000">
        <ele>647.000</ele>
      </trkpt>
      <trkpt lat="45.049680000" lon="3.872880000">
        <ele>646.000</ele>
      </trkpt>
      <trkpt lat="45.049720000" lon="3.873120000">
        <ele>645.000</ele>
      </trkpt>
      <trkpt lat="45.049780000" lon="3.873340000">
        <ele>644.000</ele>
      </trkpt>
      <trkpt lat="45.049820000" lon="3.873450000">
        <ele>643.000</ele>
      </trkpt>
      <trkpt lat="45.049890000" lon="3.873610000">
        <ele>642.000</ele>
      </trkpt>
      <trkpt lat="45.050180000" lon="3.874290000">
        <ele>640.000</ele>
      </trkpt>
      <trkpt lat="45.050240000" lon="3.874440000">
        <ele>639.000</ele>
      </trkpt>
      <trkpt lat="45.050350000" lon="3.874670000">
        <ele>637.000</ele>
      </trkpt>
      <trkpt lat="45.050390000" lon="3.874800000">
        <ele>636.000</ele>
      </trkpt>
      <trkpt lat="45.050430000" lon="3.874930000">
        <ele>634.000</ele>
      </trkpt>
      <trkpt lat="45.050460000" lon="3.875060000">
        <ele>633.000</ele>
      </trkpt>
      <trkpt lat="45.050470000" lon="3.875170000">
        <ele>632.000</ele>
      </trkpt>
      <trkpt lat="45.050480000" lon="3.875300000">
        <ele>632.000</ele>
      </trkpt>
      <trkpt lat="45.050480000" lon="3.875430000">
        <ele>631.000</ele>
      </trkpt>
      <trkpt lat="45.050470000" lon="3.875590000">
        <ele>630.000</ele>
      </trkpt>
      <trkpt lat="45.050450000" lon="3.875710000">
        <ele>629.000</ele>
      </trkpt>
      <trkpt lat="45.050440000" lon="3.875810000">
        <ele>629.000</ele>
      </trkpt>
      <trkpt lat="45.050420000" lon="3.875890000">
        <ele>628.000</ele>
      </trkpt>
      <trkpt lat="45.050350000" lon="3.876090000">
        <ele>627.000</ele>
      </trkpt>
      <trkpt lat="45.050300000" lon="3.876190000">
        <ele>626.000</ele>
      </trkpt>
      <trkpt lat="45.050280000" lon="3.876240000">
        <ele>626.000</ele>
      </trkpt>
      <trkpt lat="45.050180000" lon="3.876380000">
        <ele>626.000</ele>
      </trkpt>
      <trkpt lat="45.050160000" lon="3.876410000">
        <ele>625.000</ele>
      </trkpt>
      <trkpt lat="45.050090000" lon="3.876500000">
        <ele>625.000</ele>
      </trkpt>
      <trkpt lat="45.049980000" lon="3.876600000">
        <ele>625.000</ele>
      </trkpt>
      <trkpt lat="45.049910000" lon="3.876660000">
        <ele>624.000</ele>
      </trkpt>
      <trkpt lat="45.049720000" lon="3.876810000">
        <ele>624.000</ele>
      </trkpt>
      <trkpt lat="45.049230000" lon="3.877190000">
        <ele>623.000</ele>
      </trkpt>
      <trkpt lat="45.049170000" lon="3.877240000">
        <ele>623.000</ele>
      </trkpt>
      <trkpt lat="45.049030000" lon="3.877350000">
        <ele>622.000</ele>
      </trkpt>
      <trkpt lat="45.048590000" lon="3.877700000">
        <ele>621.000</ele>
      </trkpt>
      <trkpt lat="45.048590000" lon="3.877700000">
        <ele>621.000</ele>
      </trkpt>
      <trkpt lat="45.048520000" lon="3.877750000">
        <ele>620.000</ele>
      </trkpt>
      <trkpt lat="45.048090000" lon="3.878090000">
        <ele>620.000</ele>
      </trkpt>
      <trkpt lat="45.047970000" lon="3.878180000">
        <ele>620.000</ele>
      </trkpt>
      <trkpt lat="45.047830000" lon="3.878300000">
        <ele>621.000</ele>
      </trkpt>
      <trkpt lat="45.047670000" lon="3.878410000">
        <ele>621.000</ele>
      </trkpt>
      <trkpt lat="45.047600000" lon="3.878460000">
        <ele>621.000</ele>
      </trkpt>
      <trkpt lat="45.047490000" lon="3.878540000">
        <ele>621.000</ele>
      </trkpt>
      <trkpt lat="45.047440000" lon="3.878590000">
        <ele>621.000</ele>
      </trkpt>
      <trkpt lat="45.047370000" lon="3.878710000">
        <ele>621.000</ele>
      </trkpt>
      <trkpt lat="45.047270000" lon="3.878920000">
        <ele>622.000</ele>
      </trkpt>
      <trkpt lat="45.047220000" lon="3.879000000">
        <ele>622.000</ele>
      </trkpt>
      <trkpt lat="45.047200000" lon="3.879040000">
        <ele>622.000</ele>
      </trkpt>
      <trkpt lat="45.047170000" lon="3.879100000">
        <ele>622.000</ele>
      </trkpt>
      <trkpt lat="45.047110000" lon="3.879200000">
        <ele>622.000</ele>
      </trkpt>
      <trkpt lat="45.047060000" lon="3.879270000">
        <ele>622.000</ele>
      </trkpt>
      <trkpt lat="45.047030000" lon="3.879380000">
        <ele>622.000</ele>
      </trkpt>
      <trkpt lat="45.047060000" lon="3.879430000">
        <ele>622.000</ele>
      </trkpt>
      <trkpt lat="45.047170000" lon="3.879590000">
        <ele>622.000</ele>
      </trkpt>
      <trkpt lat="45.047260000" lon="3.879800000">
        <ele>622.000</ele>
      </trkpt>
      <trkpt lat="45.047300000" lon="3.879940000">
        <ele>622.000</ele>
      </trkpt>
      <trkpt lat="45.047360000" lon="3.880420000">
        <ele>622.000</ele>
      </trkpt>
      <trkpt lat="45.047400000" lon="3.880630000">
        <ele>621.000</ele>
      </trkpt>
      <trkpt lat="45.047410000" lon="3.880650000">
        <ele>621.000</ele>
      </trkpt>
      <trkpt lat="45.047430000" lon="3.880690000">
        <ele>621.000</ele>
      </trkpt>
      <trkpt lat="45.047480000" lon="3.880710000">
        <ele>621.000</ele>
      </trkpt>
      <trkpt lat="45.047760000" lon="3.880790000">
        <ele>621.000</ele>
      </trkpt>
      <trkpt lat="45.047800000" lon="3.880800000">
        <ele>621.000</ele>
      </trkpt>
      <trkpt lat="45.048340000" lon="3.881040000">
        <ele>620.000</ele>
      </trkpt>
      <trkpt lat="45.048430000" lon="3.881080000">
        <ele>620.000</ele>
      </trkpt>
      <trkpt lat="45.048560000" lon="3.881130000">
        <ele>620.000</ele>
      </trkpt>
      <trkpt lat="45.048800000" lon="3.881240000">
        <ele>619.000</ele>
      </trkpt>
      <trkpt lat="45.049020000" lon="3.881370000">
        <ele>619.000</ele>
      </trkpt>
      <trkpt lat="45.049040000" lon="3.881380000">
        <ele>619.000</ele>
      </trkpt>
      <trkpt lat="45.049160000" lon="3.881430000">
        <ele>619.000</ele>
      </trkpt>
      <trkpt lat="45.049300000" lon="3.881490000">
        <ele>619.000</ele>
      </trkpt>
      <trkpt lat="45.049550000" lon="3.881530000">
        <ele>619.000</ele>
      </trkpt>
      <trkpt lat="45.049840000" lon="3.881580000">
        <ele>618.000</ele>
      </trkpt>
      <trkpt lat="45.049890000" lon="3.881610000">
        <ele>618.000</ele>
      </trkpt>
      <trkpt lat="45.049930000" lon="3.881630000">
        <ele>618.000</ele>
      </trkpt>
      <trkpt lat="45.049990000" lon="3.881670000">
        <ele>618.000</ele>
      </trkpt>
      <trkpt lat="45.050180000" lon="3.881780000">
        <ele>618.000</ele>
      </trkpt>
      <trkpt lat="45.050280000" lon="3.881860000">
        <ele>618.000</ele>
      </trkpt>
      <trkpt lat="45.050280000" lon="3.881860000">
        <ele>617.000</ele>
      </trkpt>
      <trkpt lat="45.050300000" lon="3.881880000">
        <ele>617.000</ele>
      </trkpt>
      <trkpt lat="45.050440000" lon="3.882030000">
        <ele>617.000</ele>
      </trkpt>
      <trkpt lat="45.050590000" lon="3.882270000">
        <ele>616.000</ele>
      </trkpt>
      <trkpt lat="45.050610000" lon="3.882320000">
        <ele>616.000</ele>
      </trkpt>
      <trkpt lat="45.050630000" lon="3.882370000">
        <ele>616.000</ele>
      </trkpt>
      <trkpt lat="45.050690000" lon="3.882530000">
        <ele>615.000</ele>
      </trkpt>
      <trkpt lat="45.050710000" lon="3.882570000">
        <ele>615.000</ele>
      </trkpt>
      <trkpt lat="45.050800000" lon="3.882980000">
        <ele>614.000</ele>
      </trkpt>
      <trkpt lat="45.050820000" lon="3.883100000">
        <ele>614.000</ele>
      </trkpt>
      <trkpt lat="45.050850000" lon="3.883230000">
        <ele>614.000</ele>
      </trkpt>
      <trkpt lat="45.050850000" lon="3.883280000">
        <ele>613.000</ele>
      </trkpt>
      <trkpt lat="45.050850000" lon="3.883470000">
        <ele>613.000</ele>
      </trkpt>
      <trkpt lat="45.050840000" lon="3.883730000">
        <ele>612.000</ele>
      </trkpt>
      <trkpt lat="45.050830000" lon="3.883900000">
        <ele>612.000</ele>
      </trkpt>
      <trkpt lat="45.050810000" lon="3.884010000">
        <ele>611.000</ele>
      </trkpt>
      <trkpt lat="45.050810000" lon="3.884010000">
        <ele>611.000</ele>
      </trkpt>
      <trkpt lat="45.050800000" lon="3.884120000">
        <ele>611.000</ele>
      </trkpt>
      <trkpt lat="45.050700000" lon="3.884470000">
        <ele>611.000</ele>
      </trkpt>
      <trkpt lat="45.050420000" lon="3.885270000">
        <ele>612.000</ele>
      </trkpt>
      <trkpt lat="45.050360000" lon="3.885420000">
        <ele>613.000</ele>
      </trkpt>
      <trkpt lat="45.050110000" lon="3.886100000">
        <ele>615.000</ele>
      </trkpt>
      <trkpt lat="45.049960000" lon="3.886490000">
        <ele>616.000</ele>
      </trkpt>
      <trkpt lat="45.049830000" lon="3.886860000">
        <ele>616.000</ele>
      </trkpt>
      <trkpt lat="45.049770000" lon="3.887040000">
        <ele>616.000</ele>
      </trkpt>
      <trkpt lat="45.049730000" lon="3.887110000">
        <ele>616.000</ele>
      </trkpt>
      <trkpt lat="45.049690000" lon="3.887220000">
        <ele>616.000</ele>
      </trkpt>
      <trkpt lat="45.049680000" lon="3.887300000">
        <ele>616.000</ele>
      </trkpt>
      <trkpt lat="45.049680000" lon="3.887320000">
        <ele>616.000</ele>
      </trkpt>
      <trkpt lat="45.049660000" lon="3.887410000">
        <ele>616.000</ele>
      </trkpt>
      <trkpt lat="45.049640000" lon="3.887510000">
        <ele>615.000</ele>
      </trkpt>
      <trkpt lat="45.049630000" lon="3.887550000">
        <ele>615.000</ele>
      </trkpt>
      <trkpt lat="45.049620000" lon="3.887570000">
        <ele>615.000</ele>
      </trkpt>
      <trkpt lat="45.049590000" lon="3.887630000">
        <ele>615.000</ele>
      </trkpt>
      <trkpt lat="45.049570000" lon="3.887670000">
        <ele>615.000</ele>
      </trkpt>
      <trkpt lat="45.049560000" lon="3.887710000">
        <ele>614.000</ele>
      </trkpt>
      <trkpt lat="45.049560000" lon="3.887760000">
        <ele>614.000</ele>
      </trkpt>
      <trkpt lat="45.049570000" lon="3.887800000">
        <ele>614.000</ele>
      </trkpt>
      <trkpt lat="45.049570000" lon="3.887810000">
        <ele>614.000</ele>
      </trkpt>
      <trkpt lat="45.049580000" lon="3.887890000">
        <ele>614.000</ele>
      </trkpt>
      <trkpt lat="45.049580000" lon="3.888010000">
        <ele>614.000</ele>
      </trkpt>
      <trkpt lat="45.049570000" lon="3.888090000">
        <ele>613.000</ele>
      </trkpt>
      <trkpt lat="45.049570000" lon="3.888160000">
        <ele>613.000</ele>
      </trkpt>
      <trkpt lat="45.049550000" lon="3.888310000">
        <ele>613.000</ele>
      </trkpt>
      <trkpt lat="45.049550000" lon="3.888350000">
        <ele>613.000</ele>
      </trkpt>
      <trkpt lat="45.049540000" lon="3.888480000">
        <ele>612.000</ele>
      </trkpt>
      <trkpt lat="45.049540000" lon="3.888650000">
        <ele>612.000</ele>
      </trkpt>
      <trkpt lat="45.049550000" lon="3.888760000">
        <ele>611.000</ele>
      </trkpt>
      <trkpt lat="45.049550000" lon="3.888810000">
        <ele>611.000</ele>
      </trkpt>
      <trkpt lat="45.049530000" lon="3.889130000">
        <ele>611.000</ele>
      </trkpt>
      <trkpt lat="45.049520000" lon="3.889200000">
        <ele>610.000</ele>
      </trkpt>
      <trkpt lat="45.049510000" lon="3.889540000">
        <ele>610.000</ele>
      </trkpt>
      <trkpt lat="45.049430000" lon="3.890130000">
        <ele>610.000</ele>
      </trkpt>
      <trkpt lat="45.049280000" lon="3.890720000">
        <ele>610.000</ele>
      </trkpt>
      <trkpt lat="45.049190000" lon="3.890970000">
        <ele>610.000</ele>
      </trkpt>
      <trkpt lat="45.049130000" lon="3.891120000">
        <ele>610.000</ele>
      </trkpt>
      <trkpt lat="45.049030000" lon="3.891380000">
        <ele>610.000</ele>
      </trkpt>
      <trkpt lat="45.049000000" lon="3.891440000">
        <ele>610.000</ele>
      </trkpt>
      <trkpt lat="45.048700000" lon="3.892110000">
        <ele>610.000</ele>
      </trkpt>
      <trkpt lat="45.048580000" lon="3.892370000">
        <ele>610.000</ele>
      </trkpt>
      <trkpt lat="45.048490000" lon="3.892570000">
        <ele>611.000</ele>
      </trkpt>
      <trkpt lat="45.048430000" lon="3.892700000">
        <ele>611.000</ele>
      </trkpt>
      <trkpt lat="45.048430000" lon="3.892700000">
        <ele>611.000</ele>
      </trkpt>
      <trkpt lat="45.048300000" lon="3.892980000">
        <ele>611.000</ele>
      </trkpt>
      <trkpt lat="45.048180000" lon="3.893260000">
        <ele>611.000</ele>
      </trkpt>
      <trkpt lat="45.048070000" lon="3.893490000">
        <ele>611.000</ele>
      </trkpt>
      <trkpt lat="45.047900000" lon="3.893340000">
        <ele>611.000</ele>
      </trkpt>
      <trkpt lat="45.047590000" lon="3.893050000">
        <ele>612.000</ele>
      </trkpt>
      <trkpt lat="45.047190000" lon="3.892680000">
        <ele>612.000</ele>
      </trkpt>
      <trkpt lat="45.047020000" lon="3.892510000">
        <ele>612.000</ele>
      </trkpt>
      <trkpt lat="45.047020000" lon="3.892510000">
        <ele>612.000</ele>
      </trkpt>
      <trkpt lat="45.047020000" lon="3.892500000">
        <ele>613.000</ele>
      </trkpt>
      <trkpt lat="45.046850000" lon="3.892340000">
        <ele>613.000</ele>
      </trkpt>
      <trkpt lat="45.046820000" lon="3.892310000">
        <ele>613.000</ele>
      </trkpt>
      <trkpt lat="45.046790000" lon="3.892290000">
        <ele>613.000</ele>
      </trkpt>
      <trkpt lat="45.046710000" lon="3.892210000">
        <ele>613.000</ele>
      </trkpt>
      <trkpt lat="45.046600000" lon="3.892100000">
        <ele>614.000</ele>
      </trkpt>
      <trkpt lat="45.046530000" lon="3.892030000">
        <ele>614.000</ele>
      </trkpt>
      <trkpt lat="45.046460000" lon="3.891950000">
        <ele>614.000</ele>
      </trkpt>
      <trkpt lat="45.046390000" lon="3.891820000">
        <ele>614.000</ele>
      </trkpt>
      <trkpt lat="45.046340000" lon="3.891690000">
        <ele>614.000</ele>
      </trkpt>
      <trkpt lat="45.046300000" lon="3.891620000">
        <ele>615.000</ele>
      </trkpt>
      <trkpt lat="45.046260000" lon="3.891540000">
        <ele>615.000</ele>
      </trkpt>
      <trkpt lat="45.046260000" lon="3.891510000">
        <ele>615.000</ele>
      </trkpt>
      <trkpt lat="45.046190000" lon="3.891370000">
        <ele>615.000</ele>
      </trkpt>
      <trkpt lat="45.046060000" lon="3.891160000">
        <ele>615.000</ele>
      </trkpt>
      <trkpt lat="45.045800000" lon="3.890850000">
        <ele>616.000</ele>
      </trkpt>
      <trkpt lat="45.045650000" lon="3.890670000">
        <ele>616.000</ele>
      </trkpt>
      <trkpt lat="45.045100000" lon="3.890090000">
        <ele>617.000</ele>
      </trkpt>
      <trkpt lat="45.045020000" lon="3.890030000">
        <ele>618.000</ele>
      </trkpt>
      <trkpt lat="45.044670000" lon="3.889770000">
        <ele>619.000</ele>
      </trkpt>
      <trkpt lat="45.044430000" lon="3.889600000">
        <ele>620.000</ele>
      </trkpt>
      <trkpt lat="45.044150000" lon="3.889410000">
        <ele>621.000</ele>
      </trkpt>
      <trkpt lat="45.043850000" lon="3.889200000">
        <ele>621.000</ele>
      </trkpt>
      <trkpt lat="45.043420000" lon="3.888880000">
        <ele>622.000</ele>
      </trkpt>
      <trkpt lat="45.043420000" lon="3.888880000">
        <ele>622.000</ele>
      </trkpt>
      <trkpt lat="45.043310000" lon="3.888800000">
        <ele>622.000</ele>
      </trkpt>
      <trkpt lat="45.043260000" lon="3.888770000">
        <ele>622.000</ele>
      </trkpt>
      <trkpt lat="45.043100000" lon="3.888650000">
        <ele>622.000</ele>
      </trkpt>
      <trkpt lat="45.042990000" lon="3.888560000">
        <ele>622.000</ele>
      </trkpt>
      <trkpt lat="45.042970000" lon="3.888550000">
        <ele>622.000</ele>
      </trkpt>
      <trkpt lat="45.042900000" lon="3.888470000">
        <ele>622.000</ele>
      </trkpt>
      <trkpt lat="45.042520000" lon="3.887850000">
        <ele>622.000</ele>
      </trkpt>
      <trkpt lat="45.042490000" lon="3.887790000">
        <ele>622.000</ele>
      </trkpt>
      <trkpt lat="45.042410000" lon="3.887630000">
        <ele>622.000</ele>
      </trkpt>
      <trkpt lat="45.042330000" lon="3.887460000">
        <ele>622.000</ele>
      </trkpt>
      <trkpt lat="45.042300000" lon="3.887370000">
        <ele>622.000</ele>
      </trkpt>
      <trkpt lat="45.042240000" lon="3.887180000">
        <ele>622.000</ele>
      </trkpt>
      <trkpt lat="45.042210000" lon="3.887040000">
        <ele>622.000</ele>
      </trkpt>
      <trkpt lat="45.042210000" lon="3.887020000">
        <ele>622.000</ele>
      </trkpt>
      <trkpt lat="45.042200000" lon="3.886990000">
        <ele>622.000</ele>
      </trkpt>
      <trkpt lat="45.042180000" lon="3.886900000">
        <ele>623.000</ele>
      </trkpt>
      <trkpt lat="45.042150000" lon="3.886750000">
        <ele>623.000</ele>
      </trkpt>
      <trkpt lat="45.042100000" lon="3.885950000">
        <ele>623.000</ele>
      </trkpt>
      <trkpt lat="45.042100000" lon="3.885920000">
        <ele>623.000</ele>
      </trkpt>
      <trkpt lat="45.042080000" lon="3.885550000">
        <ele>624.000</ele>
      </trkpt>
      <trkpt lat="45.042070000" lon="3.885400000">
        <ele>624.000</ele>
      </trkpt>
      <trkpt lat="45.042060000" lon="3.885200000">
        <ele>624.000</ele>
      </trkpt>
      <trkpt lat="45.042030000" lon="3.884720000">
        <ele>625.000</ele>
      </trkpt>
      <trkpt lat="45.042000000" lon="3.884310000">
        <ele>626.000</ele>
      </trkpt>
      <trkpt lat="45.042000000" lon="3.884180000">
        <ele>627.000</ele>
      </trkpt>
      <trkpt lat="45.042000000" lon="3.884020000">
        <ele>627.000</ele>
      </trkpt>
    </trkseg>
  </trk>
</gpx>
