<?xml version="1.0" encoding="UTF-8"?>
<gpx version="1.0" creator="GPSBabel - https://www.gpsbabel.org" xmlns="http://www.topografix.com/GPX/1/0">
  <time>2026-05-27T10:13:52.177Z</time>
  <bounds minlat="45.415220000" minlon="5.296550000" maxlat="45.884730000" maxlon="6.503800000"/>
  <trk>
    <trkseg>
      <trkpt lat="45.846270000" lon="5.296550000">
        <ele>207.000</ele>
      </trkpt>
      <trkpt lat="45.846490000" lon="5.296640000">
        <ele>207.000</ele>
      </trkpt>
      <trkpt lat="45.847020000" lon="5.296760000">
        <ele>207.000</ele>
      </trkpt>
      <trkpt lat="45.847960000" lon="5.296670000">
        <ele>207.000</ele>
      </trkpt>
      <trkpt lat="45.848420000" lon="5.296770000">
        <ele>207.000</ele>
      </trkpt>
      <trkpt lat="45.848690000" lon="5.296880000">
        <ele>207.000</ele>
      </trkpt>
      <trkpt lat="45.848850000" lon="5.296940000">
        <ele>207.000</ele>
      </trkpt>
      <trkpt lat="45.850080000" lon="5.297500000">
        <ele>208.000</ele>
      </trkpt>
      <trkpt lat="45.850320000" lon="5.297620000">
        <ele>208.000</ele>
      </trkpt>
      <trkpt lat="45.850890000" lon="5.297880000">
        <ele>208.000</ele>
      </trkpt>
      <trkpt lat="45.850970000" lon="5.297910000">
        <ele>209.000</ele>
      </trkpt>
      <trkpt lat="45.851870000" lon="5.298270000">
        <ele>209.000</ele>
      </trkpt>
      <trkpt lat="45.853160000" lon="5.298950000">
        <ele>209.000</ele>
      </trkpt>
      <trkpt lat="45.853530000" lon="5.299220000">
        <ele>210.000</ele>
      </trkpt>
      <trkpt lat="45.853680000" lon="5.299330000">
        <ele>210.000</ele>
      </trkpt>
      <trkpt lat="45.854010000" lon="5.299580000">
        <ele>210.000</ele>
      </trkpt>
      <trkpt lat="45.854490000" lon="5.299990000">
        <ele>211.000</ele>
      </trkpt>
      <trkpt lat="45.855140000" lon="5.300760000">
        <ele>211.000</ele>
      </trkpt>
      <trkpt lat="45.855720000" lon="5.301510000">
        <ele>211.000</ele>
      </trkpt>
      <trkpt lat="45.856330000" lon="5.302250000">
        <ele>212.000</ele>
      </trkpt>
      <trkpt lat="45.856810000" lon="5.303100000">
        <ele>212.000</ele>
      </trkpt>
      <trkpt lat="45.857230000" lon="5.303930000">
        <ele>212.000</ele>
      </trkpt>
      <trkpt lat="45.859220000" lon="5.308230000">
        <ele>212.000</ele>
      </trkpt>
      <trkpt lat="45.861350000" lon="5.312640000">
        <ele>212.000</ele>
      </trkpt>
      <trkpt lat="45.861700000" lon="5.313230000">
        <ele>212.000</ele>
      </trkpt>
      <trkpt lat="45.861680000" lon="5.313290000">
        <ele>212.000</ele>
      </trkpt>
      <trkpt lat="45.861670000" lon="5.313350000">
        <ele>211.000</ele>
      </trkpt>
      <trkpt lat="45.861660000" lon="5.313420000">
        <ele>211.000</ele>
      </trkpt>
      <trkpt lat="45.861670000" lon="5.313480000">
        <ele>211.000</ele>
      </trkpt>
      <trkpt lat="45.861690000" lon="5.313540000">
        <ele>211.000</ele>
      </trkpt>
      <trkpt lat="45.861720000" lon="5.313590000">
        <ele>211.000</ele>
      </trkpt>
      <trkpt lat="45.861760000" lon="5.313630000">
        <ele>210.000</ele>
      </trkpt>
      <trkpt lat="45.861800000" lon="5.313650000">
        <ele>210.000</ele>
      </trkpt>
      <trkpt lat="45.861850000" lon="5.313660000">
        <ele>210.000</ele>
      </trkpt>
      <trkpt lat="45.861890000" lon="5.313660000">
        <ele>210.000</ele>
      </trkpt>
      <trkpt lat="45.861930000" lon="5.313630000">
        <ele>210.000</ele>
      </trkpt>
      <trkpt lat="45.861970000" lon="5.313600000">
        <ele>210.000</ele>
      </trkpt>
      <trkpt lat="45.862000000" lon="5.313550000">
        <ele>210.000</ele>
      </trkpt>
      <trkpt lat="45.862020000" lon="5.313490000">
        <ele>210.000</ele>
      </trkpt>
      <trkpt lat="45.862030000" lon="5.313430000">
        <ele>209.000</ele>
      </trkpt>
      <trkpt lat="45.862030000" lon="5.313370000">
        <ele>209.000</ele>
      </trkpt>
      <trkpt lat="45.862620000" lon="5.313270000">
        <ele>209.000</ele>
      </trkpt>
      <trkpt lat="45.864170000" lon="5.312970000">
        <ele>208.000</ele>
      </trkpt>
      <trkpt lat="45.864420000" lon="5.312950000">
        <ele>208.000</ele>
      </trkpt>
      <trkpt lat="45.864660000" lon="5.312970000">
        <ele>207.000</ele>
      </trkpt>
      <trkpt lat="45.864790000" lon="5.312990000">
        <ele>207.000</ele>
      </trkpt>
      <trkpt lat="45.864940000" lon="5.313040000">
        <ele>207.000</ele>
      </trkpt>
      <trkpt lat="45.865330000" lon="5.313210000">
        <ele>208.000</ele>
      </trkpt>
      <trkpt lat="45.865480000" lon="5.313310000">
        <ele>208.000</ele>
      </trkpt>
      <trkpt lat="45.865810000" lon="5.313600000">
        <ele>209.000</ele>
      </trkpt>
      <trkpt lat="45.867290000" lon="5.314980000">
        <ele>210.000</ele>
      </trkpt>
      <trkpt lat="45.867480000" lon="5.315190000">
        <ele>211.000</ele>
      </trkpt>
      <trkpt lat="45.867590000" lon="5.315330000">
        <ele>212.000</ele>
      </trkpt>
      <trkpt lat="45.867730000" lon="5.315520000">
        <ele>212.000</ele>
      </trkpt>
      <trkpt lat="45.867780000" lon="5.315600000">
        <ele>212.000</ele>
      </trkpt>
      <trkpt lat="45.867820000" lon="5.315650000">
        <ele>212.000</ele>
      </trkpt>
      <trkpt lat="45.867960000" lon="5.315910000">
        <ele>212.000</ele>
      </trkpt>
      <trkpt lat="45.868080000" lon="5.316170000">
        <ele>212.000</ele>
      </trkpt>
      <trkpt lat="45.868150000" lon="5.316350000">
        <ele>211.000</ele>
      </trkpt>
      <trkpt lat="45.868240000" lon="5.316610000">
        <ele>211.000</ele>
      </trkpt>
      <trkpt lat="45.868300000" lon="5.316820000">
        <ele>211.000</ele>
      </trkpt>
      <trkpt lat="45.868360000" lon="5.317100000">
        <ele>210.000</ele>
      </trkpt>
      <trkpt lat="45.868720000" lon="5.318610000">
        <ele>210.000</ele>
      </trkpt>
      <trkpt lat="45.868860000" lon="5.319190000">
        <ele>210.000</ele>
      </trkpt>
      <trkpt lat="45.868940000" lon="5.319510000">
        <ele>211.000</ele>
      </trkpt>
      <trkpt lat="45.869210000" lon="5.320610000">
        <ele>211.000</ele>
      </trkpt>
      <trkpt lat="45.869480000" lon="5.321980000">
        <ele>211.000</ele>
      </trkpt>
      <trkpt lat="45.869590000" lon="5.322850000">
        <ele>211.000</ele>
      </trkpt>
      <trkpt lat="45.869640000" lon="5.323420000">
        <ele>211.000</ele>
      </trkpt>
      <trkpt lat="45.869680000" lon="5.323980000">
        <ele>211.000</ele>
      </trkpt>
      <trkpt lat="45.869680000" lon="5.324730000">
        <ele>211.000</ele>
      </trkpt>
      <trkpt lat="45.869620000" lon="5.324750000">
        <ele>211.000</ele>
      </trkpt>
      <trkpt lat="45.869570000" lon="5.324780000">
        <ele>211.000</ele>
      </trkpt>
      <trkpt lat="45.869530000" lon="5.324840000">
        <ele>211.000</ele>
      </trkpt>
      <trkpt lat="45.869500000" lon="5.324920000">
        <ele>211.000</ele>
      </trkpt>
      <trkpt lat="45.869490000" lon="5.325000000">
        <ele>211.000</ele>
      </trkpt>
      <trkpt lat="45.869490000" lon="5.325070000">
        <ele>211.000</ele>
      </trkpt>
      <trkpt lat="45.869510000" lon="5.325150000">
        <ele>211.000</ele>
      </trkpt>
      <trkpt lat="45.869550000" lon="5.325210000">
        <ele>211.000</ele>
      </trkpt>
      <trkpt lat="45.869590000" lon="5.325260000">
        <ele>211.000</ele>
      </trkpt>
      <trkpt lat="45.869640000" lon="5.325280000">
        <ele>211.000</ele>
      </trkpt>
      <trkpt lat="45.869700000" lon="5.325290000">
        <ele>211.000</ele>
      </trkpt>
      <trkpt lat="45.869750000" lon="5.325270000">
        <ele>211.000</ele>
      </trkpt>
      <trkpt lat="45.869800000" lon="5.325230000">
        <ele>211.000</ele>
      </trkpt>
      <trkpt lat="45.869840000" lon="5.325180000">
        <ele>211.000</ele>
      </trkpt>
      <trkpt lat="45.869860000" lon="5.325110000">
        <ele>211.000</ele>
      </trkpt>
      <trkpt lat="45.870520000" lon="5.325470000">
        <ele>211.000</ele>
      </trkpt>
      <trkpt lat="45.872260000" lon="5.326460000">
        <ele>212.000</ele>
      </trkpt>
      <trkpt lat="45.872640000" lon="5.326800000">
        <ele>212.000</ele>
      </trkpt>
      <trkpt lat="45.874960000" lon="5.329930000">
        <ele>214.000</ele>
      </trkpt>
      <trkpt lat="45.875260000" lon="5.330230000">
        <ele>215.000</ele>
      </trkpt>
      <trkpt lat="45.875890000" lon="5.330660000">
        <ele>215.000</ele>
      </trkpt>
      <trkpt lat="45.876510000" lon="5.331240000">
        <ele>216.000</ele>
      </trkpt>
      <trkpt lat="45.876980000" lon="5.331940000">
        <ele>215.000</ele>
      </trkpt>
      <trkpt lat="45.877340000" lon="5.332610000">
        <ele>214.000</ele>
      </trkpt>
      <trkpt lat="45.877460000" lon="5.332850000">
        <ele>213.000</ele>
      </trkpt>
      <trkpt lat="45.877640000" lon="5.333210000">
        <ele>212.000</ele>
      </trkpt>
      <trkpt lat="45.878260000" lon="5.334390000">
        <ele>210.000</ele>
      </trkpt>
      <trkpt lat="45.879340000" lon="5.336500000">
        <ele>208.000</ele>
      </trkpt>
      <trkpt lat="45.879930000" lon="5.337390000">
        <ele>206.000</ele>
      </trkpt>
      <trkpt lat="45.880270000" lon="5.337810000">
        <ele>205.000</ele>
      </trkpt>
      <trkpt lat="45.880590000" lon="5.338200000">
        <ele>204.000</ele>
      </trkpt>
      <trkpt lat="45.880680000" lon="5.338290000">
        <ele>204.000</ele>
      </trkpt>
      <trkpt lat="45.881210000" lon="5.338870000">
        <ele>203.000</ele>
      </trkpt>
      <trkpt lat="45.881550000" lon="5.339310000">
        <ele>202.000</ele>
      </trkpt>
      <trkpt lat="45.881700000" lon="5.339530000">
        <ele>202.000</ele>
      </trkpt>
      <trkpt lat="45.882020000" lon="5.340140000">
        <ele>201.000</ele>
      </trkpt>
      <trkpt lat="45.883970000" lon="5.345030000">
        <ele>201.000</ele>
      </trkpt>
      <trkpt lat="45.884060000" lon="5.345280000">
        <ele>201.000</ele>
      </trkpt>
      <trkpt lat="45.884300000" lon="5.345840000">
        <ele>201.000</ele>
      </trkpt>
      <trkpt lat="45.884470000" lon="5.346170000">
        <ele>201.000</ele>
      </trkpt>
      <trkpt lat="45.884530000" lon="5.346290000">
        <ele>201.000</ele>
      </trkpt>
      <trkpt lat="45.884670000" lon="5.346610000">
        <ele>201.000</ele>
      </trkpt>
      <trkpt lat="45.884710000" lon="5.346760000">
        <ele>201.000</ele>
      </trkpt>
      <trkpt lat="45.884720000" lon="5.346850000">
        <ele>201.000</ele>
      </trkpt>
      <trkpt lat="45.884730000" lon="5.346930000">
        <ele>201.000</ele>
      </trkpt>
      <trkpt lat="45.884710000" lon="5.346960000">
        <ele>201.000</ele>
      </trkpt>
      <trkpt lat="45.884700000" lon="5.347000000">
        <ele>201.000</ele>
      </trkpt>
      <trkpt lat="45.884700000" lon="5.347030000">
        <ele>201.000</ele>
      </trkpt>
      <trkpt lat="45.884690000" lon="5.347070000">
        <ele>201.000</ele>
      </trkpt>
      <trkpt lat="45.884690000" lon="5.347110000">
        <ele>201.000</ele>
      </trkpt>
      <trkpt lat="45.884600000" lon="5.347220000">
        <ele>201.000</ele>
      </trkpt>
      <trkpt lat="45.884520000" lon="5.347310000">
        <ele>201.000</ele>
      </trkpt>
      <trkpt lat="45.884320000" lon="5.347410000">
        <ele>201.000</ele>
      </trkpt>
      <trkpt lat="45.884180000" lon="5.347490000">
        <ele>201.000</ele>
      </trkpt>
      <trkpt lat="45.883980000" lon="5.347510000">
        <ele>200.000</ele>
      </trkpt>
      <trkpt lat="45.883420000" lon="5.347530000">
        <ele>199.000</ele>
      </trkpt>
      <trkpt lat="45.882620000" lon="5.347550000">
        <ele>198.000</ele>
      </trkpt>
      <trkpt lat="45.882620000" lon="5.347550000">
        <ele>197.000</ele>
      </trkpt>
      <trkpt lat="45.882580000" lon="5.347550000">
        <ele>196.000</ele>
      </trkpt>
      <trkpt lat="45.881940000" lon="5.347570000">
        <ele>196.000</ele>
      </trkpt>
      <trkpt lat="45.879860000" lon="5.347620000">
        <ele>197.000</ele>
      </trkpt>
      <trkpt lat="45.879710000" lon="5.347620000">
        <ele>197.000</ele>
      </trkpt>
      <trkpt lat="45.879120000" lon="5.347590000">
        <ele>197.000</ele>
      </trkpt>
      <trkpt lat="45.878950000" lon="5.347600000">
        <ele>197.000</ele>
      </trkpt>
      <trkpt lat="45.878860000" lon="5.347600000">
        <ele>197.000</ele>
      </trkpt>
      <trkpt lat="45.878760000" lon="5.347610000">
        <ele>197.000</ele>
      </trkpt>
      <trkpt lat="45.878640000" lon="5.347640000">
        <ele>197.000</ele>
      </trkpt>
      <trkpt lat="45.878540000" lon="5.347680000">
        <ele>197.000</ele>
      </trkpt>
      <trkpt lat="45.878400000" lon="5.347770000">
        <ele>197.000</ele>
      </trkpt>
      <trkpt lat="45.878320000" lon="5.347840000">
        <ele>197.000</ele>
      </trkpt>
      <trkpt lat="45.878210000" lon="5.347950000">
        <ele>197.000</ele>
      </trkpt>
      <trkpt lat="45.878120000" lon="5.348080000">
        <ele>197.000</ele>
      </trkpt>
      <trkpt lat="45.878020000" lon="5.348230000">
        <ele>197.000</ele>
      </trkpt>
      <trkpt lat="45.877950000" lon="5.348400000">
        <ele>197.000</ele>
      </trkpt>
      <trkpt lat="45.877890000" lon="5.348570000">
        <ele>197.000</ele>
      </trkpt>
      <trkpt lat="45.877860000" lon="5.348690000">
        <ele>197.000</ele>
      </trkpt>
      <trkpt lat="45.877830000" lon="5.348820000">
        <ele>197.000</ele>
      </trkpt>
      <trkpt lat="45.877810000" lon="5.348980000">
        <ele>197.000</ele>
      </trkpt>
      <trkpt lat="45.877760000" lon="5.349320000">
        <ele>197.000</ele>
      </trkpt>
      <trkpt lat="45.877740000" lon="5.349650000">
        <ele>198.000</ele>
      </trkpt>
      <trkpt lat="45.877670000" lon="5.350140000">
        <ele>198.000</ele>
      </trkpt>
      <trkpt lat="45.877530000" lon="5.351250000">
        <ele>198.000</ele>
      </trkpt>
      <trkpt lat="45.877480000" lon="5.351640000">
        <ele>199.000</ele>
      </trkpt>
      <trkpt lat="45.877430000" lon="5.351940000">
        <ele>200.000</ele>
      </trkpt>
      <trkpt lat="45.877380000" lon="5.352210000">
        <ele>200.000</ele>
      </trkpt>
      <trkpt lat="45.877330000" lon="5.352410000">
        <ele>200.000</ele>
      </trkpt>
      <trkpt lat="45.877270000" lon="5.352620000">
        <ele>201.000</ele>
      </trkpt>
      <trkpt lat="45.877200000" lon="5.352870000">
        <ele>201.000</ele>
      </trkpt>
      <trkpt lat="45.877130000" lon="5.353080000">
        <ele>202.000</ele>
      </trkpt>
      <trkpt lat="45.877050000" lon="5.353280000">
        <ele>202.000</ele>
      </trkpt>
      <trkpt lat="45.876970000" lon="5.353510000">
        <ele>202.000</ele>
      </trkpt>
      <trkpt lat="45.876880000" lon="5.353710000">
        <ele>203.000</ele>
      </trkpt>
      <trkpt lat="45.876740000" lon="5.354000000">
        <ele>203.000</ele>
      </trkpt>
      <trkpt lat="45.876410000" lon="5.354670000">
        <ele>204.000</ele>
      </trkpt>
      <trkpt lat="45.876050000" lon="5.355370000">
        <ele>204.000</ele>
      </trkpt>
      <trkpt lat="45.875880000" lon="5.355700000">
        <ele>205.000</ele>
      </trkpt>
      <trkpt lat="45.875780000" lon="5.355910000">
        <ele>205.000</ele>
      </trkpt>
      <trkpt lat="45.875680000" lon="5.356130000">
        <ele>206.000</ele>
      </trkpt>
      <trkpt lat="45.875600000" lon="5.356340000">
        <ele>206.000</ele>
      </trkpt>
      <trkpt lat="45.875530000" lon="5.356540000">
        <ele>206.000</ele>
      </trkpt>
      <trkpt lat="45.875450000" lon="5.356800000">
        <ele>206.000</ele>
      </trkpt>
      <trkpt lat="45.875220000" lon="5.357660000">
        <ele>206.000</ele>
      </trkpt>
      <trkpt lat="45.875070000" lon="5.358230000">
        <ele>206.000</ele>
      </trkpt>
      <trkpt lat="45.874910000" lon="5.358830000">
        <ele>206.000</ele>
      </trkpt>
      <trkpt lat="45.874820000" lon="5.359130000">
        <ele>207.000</ele>
      </trkpt>
      <trkpt lat="45.874730000" lon="5.359430000">
        <ele>207.000</ele>
      </trkpt>
      <trkpt lat="45.874630000" lon="5.359730000">
        <ele>207.000</ele>
      </trkpt>
      <trkpt lat="45.874500000" lon="5.360100000">
        <ele>208.000</ele>
      </trkpt>
      <trkpt lat="45.874390000" lon="5.360380000">
        <ele>208.000</ele>
      </trkpt>
      <trkpt lat="45.874220000" lon="5.360760000">
        <ele>208.000</ele>
      </trkpt>
      <trkpt lat="45.873910000" lon="5.361420000">
        <ele>209.000</ele>
      </trkpt>
      <trkpt lat="45.873310000" lon="5.362670000">
        <ele>210.000</ele>
      </trkpt>
      <trkpt lat="45.873180000" lon="5.362930000">
        <ele>211.000</ele>
      </trkpt>
      <trkpt lat="45.873050000" lon="5.363180000">
        <ele>211.000</ele>
      </trkpt>
      <trkpt lat="45.872920000" lon="5.363470000">
        <ele>211.000</ele>
      </trkpt>
      <trkpt lat="45.872810000" lon="5.363710000">
        <ele>212.000</ele>
      </trkpt>
      <trkpt lat="45.872530000" lon="5.364300000">
        <ele>213.000</ele>
      </trkpt>
      <trkpt lat="45.872420000" lon="5.364560000">
        <ele>214.000</ele>
      </trkpt>
      <trkpt lat="45.872320000" lon="5.364820000">
        <ele>215.000</ele>
      </trkpt>
      <trkpt lat="45.872250000" lon="5.365010000">
        <ele>216.000</ele>
      </trkpt>
      <trkpt lat="45.872190000" lon="5.365210000">
        <ele>217.000</ele>
      </trkpt>
      <trkpt lat="45.872110000" lon="5.365500000">
        <ele>218.000</ele>
      </trkpt>
      <trkpt lat="45.872050000" lon="5.365760000">
        <ele>219.000</ele>
      </trkpt>
      <trkpt lat="45.872020000" lon="5.365900000">
        <ele>219.000</ele>
      </trkpt>
      <trkpt lat="45.871990000" lon="5.366010000">
        <ele>220.000</ele>
      </trkpt>
      <trkpt lat="45.871950000" lon="5.366270000">
        <ele>221.000</ele>
      </trkpt>
      <trkpt lat="45.871920000" lon="5.366510000">
        <ele>221.000</ele>
      </trkpt>
      <trkpt lat="45.871880000" lon="5.366960000">
        <ele>221.000</ele>
      </trkpt>
      <trkpt lat="45.871820000" lon="5.367790000">
        <ele>221.000</ele>
      </trkpt>
      <trkpt lat="45.871810000" lon="5.367890000">
        <ele>221.000</ele>
      </trkpt>
      <trkpt lat="45.871800000" lon="5.368070000">
        <ele>221.000</ele>
      </trkpt>
      <trkpt lat="45.871790000" lon="5.368120000">
        <ele>221.000</ele>
      </trkpt>
      <trkpt lat="45.871770000" lon="5.368400000">
        <ele>221.000</ele>
      </trkpt>
      <trkpt lat="45.871750000" lon="5.368640000">
        <ele>221.000</ele>
      </trkpt>
      <trkpt lat="45.871720000" lon="5.368800000">
        <ele>221.000</ele>
      </trkpt>
      <trkpt lat="45.871680000" lon="5.368990000">
        <ele>221.000</ele>
      </trkpt>
      <trkpt lat="45.871520000" lon="5.369510000">
        <ele>221.000</ele>
      </trkpt>
      <trkpt lat="45.869110000" lon="5.376730000">
        <ele>218.000</ele>
      </trkpt>
      <trkpt lat="45.869040000" lon="5.376920000">
        <ele>216.000</ele>
      </trkpt>
      <trkpt lat="45.868940000" lon="5.377170000">
        <ele>215.000</ele>
      </trkpt>
      <trkpt lat="45.868800000" lon="5.377440000">
        <ele>214.000</ele>
      </trkpt>
      <trkpt lat="45.868670000" lon="5.377660000">
        <ele>214.000</ele>
      </trkpt>
      <trkpt lat="45.868570000" lon="5.377820000">
        <ele>214.000</ele>
      </trkpt>
      <trkpt lat="45.868410000" lon="5.378020000">
        <ele>214.000</ele>
      </trkpt>
      <trkpt lat="45.868010000" lon="5.378430000">
        <ele>214.000</ele>
      </trkpt>
      <trkpt lat="45.867570000" lon="5.378790000">
        <ele>215.000</ele>
      </trkpt>
      <trkpt lat="45.867380000" lon="5.378980000">
        <ele>215.000</ele>
      </trkpt>
      <trkpt lat="45.867210000" lon="5.379160000">
        <ele>215.000</ele>
      </trkpt>
      <trkpt lat="45.866960000" lon="5.379430000">
        <ele>215.000</ele>
      </trkpt>
      <trkpt lat="45.866620000" lon="5.379820000">
        <ele>214.000</ele>
      </trkpt>
      <trkpt lat="45.866260000" lon="5.380240000">
        <ele>214.000</ele>
      </trkpt>
      <trkpt lat="45.866080000" lon="5.380470000">
        <ele>213.000</ele>
      </trkpt>
      <trkpt lat="45.865910000" lon="5.380690000">
        <ele>213.000</ele>
      </trkpt>
      <trkpt lat="45.865700000" lon="5.381000000">
        <ele>213.000</ele>
      </trkpt>
      <trkpt lat="45.865040000" lon="5.382020000">
        <ele>214.000</ele>
      </trkpt>
      <trkpt lat="45.864130000" lon="5.383480000">
        <ele>216.000</ele>
      </trkpt>
      <trkpt lat="45.863360000" lon="5.384690000">
        <ele>217.000</ele>
      </trkpt>
      <trkpt lat="45.862940000" lon="5.385330000">
        <ele>218.000</ele>
      </trkpt>
      <trkpt lat="45.862570000" lon="5.385860000">
        <ele>218.000</ele>
      </trkpt>
      <trkpt lat="45.862280000" lon="5.386260000">
        <ele>218.000</ele>
      </trkpt>
      <trkpt lat="45.862090000" lon="5.386520000">
        <ele>217.000</ele>
      </trkpt>
      <trkpt lat="45.861960000" lon="5.386730000">
        <ele>217.000</ele>
      </trkpt>
      <trkpt lat="45.861810000" lon="5.387000000">
        <ele>216.000</ele>
      </trkpt>
      <trkpt lat="45.861140000" lon="5.388340000">
        <ele>214.000</ele>
      </trkpt>
      <trkpt lat="45.860470000" lon="5.389670000">
        <ele>213.000</ele>
      </trkpt>
      <trkpt lat="45.860180000" lon="5.390230000">
        <ele>213.000</ele>
      </trkpt>
      <trkpt lat="45.859970000" lon="5.390630000">
        <ele>213.000</ele>
      </trkpt>
      <trkpt lat="45.859770000" lon="5.390960000">
        <ele>212.000</ele>
      </trkpt>
      <trkpt lat="45.859620000" lon="5.391200000">
        <ele>212.000</ele>
      </trkpt>
      <trkpt lat="45.859430000" lon="5.391490000">
        <ele>211.000</ele>
      </trkpt>
      <trkpt lat="45.858890000" lon="5.392240000">
        <ele>210.000</ele>
      </trkpt>
      <trkpt lat="45.858810000" lon="5.392340000">
        <ele>210.000</ele>
      </trkpt>
      <trkpt lat="45.858740000" lon="5.392460000">
        <ele>209.000</ele>
      </trkpt>
      <trkpt lat="45.858650000" lon="5.392600000">
        <ele>209.000</ele>
      </trkpt>
      <trkpt lat="45.858540000" lon="5.392820000">
        <ele>208.000</ele>
      </trkpt>
      <trkpt lat="45.858340000" lon="5.393300000">
        <ele>208.000</ele>
      </trkpt>
      <trkpt lat="45.858090000" lon="5.393910000">
        <ele>209.000</ele>
      </trkpt>
      <trkpt lat="45.857990000" lon="5.394170000">
        <ele>209.000</ele>
      </trkpt>
      <trkpt lat="45.857930000" lon="5.394360000">
        <ele>209.000</ele>
      </trkpt>
      <trkpt lat="45.857860000" lon="5.394600000">
        <ele>209.000</ele>
      </trkpt>
      <trkpt lat="45.857810000" lon="5.394830000">
        <ele>210.000</ele>
      </trkpt>
      <trkpt lat="45.857740000" lon="5.395140000">
        <ele>210.000</ele>
      </trkpt>
      <trkpt lat="45.857290000" lon="5.397460000">
        <ele>210.000</ele>
      </trkpt>
      <trkpt lat="45.857080000" lon="5.398560000">
        <ele>210.000</ele>
      </trkpt>
      <trkpt lat="45.856970000" lon="5.399120000">
        <ele>210.000</ele>
      </trkpt>
      <trkpt lat="45.856910000" lon="5.399420000">
        <ele>209.000</ele>
      </trkpt>
      <trkpt lat="45.856830000" lon="5.399730000">
        <ele>208.000</ele>
      </trkpt>
      <trkpt lat="45.856750000" lon="5.400050000">
        <ele>207.000</ele>
      </trkpt>
      <trkpt lat="45.856650000" lon="5.400380000">
        <ele>206.000</ele>
      </trkpt>
      <trkpt lat="45.856540000" lon="5.400670000">
        <ele>205.000</ele>
      </trkpt>
      <trkpt lat="45.856390000" lon="5.401010000">
        <ele>204.000</ele>
      </trkpt>
      <trkpt lat="45.856230000" lon="5.401320000">
        <ele>203.000</ele>
      </trkpt>
      <trkpt lat="45.856090000" lon="5.401570000">
        <ele>202.000</ele>
      </trkpt>
      <trkpt lat="45.855980000" lon="5.401730000">
        <ele>202.000</ele>
      </trkpt>
      <trkpt lat="45.855830000" lon="5.401940000">
        <ele>201.000</ele>
      </trkpt>
      <trkpt lat="45.855630000" lon="5.402190000">
        <ele>201.000</ele>
      </trkpt>
      <trkpt lat="45.855440000" lon="5.402400000">
        <ele>200.000</ele>
      </trkpt>
      <trkpt lat="45.855240000" lon="5.402590000">
        <ele>200.000</ele>
      </trkpt>
      <trkpt lat="45.855060000" lon="5.402760000">
        <ele>199.000</ele>
      </trkpt>
      <trkpt lat="45.854520000" lon="5.403270000">
        <ele>199.000</ele>
      </trkpt>
      <trkpt lat="45.854070000" lon="5.403700000">
        <ele>200.000</ele>
      </trkpt>
      <trkpt lat="45.853400000" lon="5.404340000">
        <ele>200.000</ele>
      </trkpt>
      <trkpt lat="45.852850000" lon="5.404860000">
        <ele>200.000</ele>
      </trkpt>
      <trkpt lat="45.852790000" lon="5.404920000">
        <ele>200.000</ele>
      </trkpt>
      <trkpt lat="45.852790000" lon="5.405010000">
        <ele>200.000</ele>
      </trkpt>
      <trkpt lat="45.852790000" lon="5.405090000">
        <ele>200.000</ele>
      </trkpt>
      <trkpt lat="45.852810000" lon="5.405140000">
        <ele>200.000</ele>
      </trkpt>
      <trkpt lat="45.852840000" lon="5.405220000">
        <ele>200.000</ele>
      </trkpt>
      <trkpt lat="45.852850000" lon="5.405240000">
        <ele>200.000</ele>
      </trkpt>
      <trkpt lat="45.852920000" lon="5.405350000">
        <ele>199.000</ele>
      </trkpt>
      <trkpt lat="45.853070000" lon="5.405570000">
        <ele>199.000</ele>
      </trkpt>
      <trkpt lat="45.853350000" lon="5.406240000">
        <ele>199.000</ele>
      </trkpt>
      <trkpt lat="45.853590000" lon="5.406810000">
        <ele>199.000</ele>
      </trkpt>
      <trkpt lat="45.853670000" lon="5.406950000">
        <ele>198.000</ele>
      </trkpt>
      <trkpt lat="45.853860000" lon="5.407290000">
        <ele>199.000</ele>
      </trkpt>
      <trkpt lat="45.853920000" lon="5.407400000">
        <ele>199.000</ele>
      </trkpt>
      <trkpt lat="45.853950000" lon="5.407470000">
        <ele>199.000</ele>
      </trkpt>
      <trkpt lat="45.854370000" lon="5.408400000">
        <ele>199.000</ele>
      </trkpt>
      <trkpt lat="45.854480000" lon="5.408650000">
        <ele>200.000</ele>
      </trkpt>
      <trkpt lat="45.854620000" lon="5.408990000">
        <ele>200.000</ele>
      </trkpt>
      <trkpt lat="45.854690000" lon="5.409150000">
        <ele>201.000</ele>
      </trkpt>
      <trkpt lat="45.854720000" lon="5.409220000">
        <ele>201.000</ele>
      </trkpt>
      <trkpt lat="45.854670000" lon="5.409310000">
        <ele>201.000</ele>
      </trkpt>
      <trkpt lat="45.854600000" lon="5.409420000">
        <ele>201.000</ele>
      </trkpt>
      <trkpt lat="45.854380000" lon="5.409810000">
        <ele>202.000</ele>
      </trkpt>
      <trkpt lat="45.854230000" lon="5.410220000">
        <ele>202.000</ele>
      </trkpt>
      <trkpt lat="45.854080000" lon="5.410730000">
        <ele>203.000</ele>
      </trkpt>
      <trkpt lat="45.853890000" lon="5.411410000">
        <ele>203.000</ele>
      </trkpt>
      <trkpt lat="45.853850000" lon="5.411550000">
        <ele>203.000</ele>
      </trkpt>
      <trkpt lat="45.853820000" lon="5.411690000">
        <ele>203.000</ele>
      </trkpt>
      <trkpt lat="45.853690000" lon="5.412160000">
        <ele>203.000</ele>
      </trkpt>
      <trkpt lat="45.853560000" lon="5.412550000">
        <ele>202.000</ele>
      </trkpt>
      <trkpt lat="45.853430000" lon="5.412860000">
        <ele>202.000</ele>
      </trkpt>
      <trkpt lat="45.853280000" lon="5.413200000">
        <ele>202.000</ele>
      </trkpt>
      <trkpt lat="45.853210000" lon="5.413370000">
        <ele>202.000</ele>
      </trkpt>
      <trkpt lat="45.853160000" lon="5.413450000">
        <ele>202.000</ele>
      </trkpt>
      <trkpt lat="45.853130000" lon="5.413490000">
        <ele>202.000</ele>
      </trkpt>
      <trkpt lat="45.853000000" lon="5.413700000">
        <ele>202.000</ele>
      </trkpt>
      <trkpt lat="45.852730000" lon="5.414110000">
        <ele>202.000</ele>
      </trkpt>
      <trkpt lat="45.852420000" lon="5.414560000">
        <ele>202.000</ele>
      </trkpt>
      <trkpt lat="45.852270000" lon="5.414760000">
        <ele>203.000</ele>
      </trkpt>
      <trkpt lat="45.852070000" lon="5.415000000">
        <ele>203.000</ele>
      </trkpt>
      <trkpt lat="45.851860000" lon="5.415190000">
        <ele>203.000</ele>
      </trkpt>
      <trkpt lat="45.851640000" lon="5.415370000">
        <ele>203.000</ele>
      </trkpt>
      <trkpt lat="45.851430000" lon="5.415510000">
        <ele>203.000</ele>
      </trkpt>
      <trkpt lat="45.851200000" lon="5.415640000">
        <ele>203.000</ele>
      </trkpt>
      <trkpt lat="45.851080000" lon="5.415710000">
        <ele>203.000</ele>
      </trkpt>
      <trkpt lat="45.850850000" lon="5.415850000">
        <ele>202.000</ele>
      </trkpt>
      <trkpt lat="45.850210000" lon="5.416160000">
        <ele>202.000</ele>
      </trkpt>
      <trkpt lat="45.850060000" lon="5.416220000">
        <ele>201.000</ele>
      </trkpt>
      <trkpt lat="45.849570000" lon="5.416450000">
        <ele>201.000</ele>
      </trkpt>
      <trkpt lat="45.849330000" lon="5.416560000">
        <ele>201.000</ele>
      </trkpt>
      <trkpt lat="45.849120000" lon="5.416680000">
        <ele>201.000</ele>
      </trkpt>
      <trkpt lat="45.848860000" lon="5.416840000">
        <ele>201.000</ele>
      </trkpt>
      <trkpt lat="45.848710000" lon="5.416980000">
        <ele>201.000</ele>
      </trkpt>
      <trkpt lat="45.848490000" lon="5.417160000">
        <ele>201.000</ele>
      </trkpt>
      <trkpt lat="45.848250000" lon="5.417410000">
        <ele>201.000</ele>
      </trkpt>
      <trkpt lat="45.847980000" lon="5.417680000">
        <ele>201.000</ele>
      </trkpt>
      <trkpt lat="45.847780000" lon="5.417850000">
        <ele>201.000</ele>
      </trkpt>
      <trkpt lat="45.847620000" lon="5.417970000">
        <ele>201.000</ele>
      </trkpt>
      <trkpt lat="45.847410000" lon="5.418100000">
        <ele>201.000</ele>
      </trkpt>
      <trkpt lat="45.846810000" lon="5.418440000">
        <ele>201.000</ele>
      </trkpt>
      <trkpt lat="45.846530000" lon="5.418630000">
        <ele>201.000</ele>
      </trkpt>
      <trkpt lat="45.846270000" lon="5.418880000">
        <ele>202.000</ele>
      </trkpt>
      <trkpt lat="45.846080000" lon="5.419100000">
        <ele>202.000</ele>
      </trkpt>
      <trkpt lat="45.845880000" lon="5.419360000">
        <ele>203.000</ele>
      </trkpt>
      <trkpt lat="45.845820000" lon="5.419450000">
        <ele>203.000</ele>
      </trkpt>
      <trkpt lat="45.845740000" lon="5.419560000">
        <ele>203.000</ele>
      </trkpt>
      <trkpt lat="45.845630000" lon="5.419730000">
        <ele>204.000</ele>
      </trkpt>
      <trkpt lat="45.845450000" lon="5.420120000">
        <ele>204.000</ele>
      </trkpt>
      <trkpt lat="45.845090000" lon="5.420790000">
        <ele>205.000</ele>
      </trkpt>
      <trkpt lat="45.844900000" lon="5.421060000">
        <ele>206.000</ele>
      </trkpt>
      <trkpt lat="45.844770000" lon="5.421180000">
        <ele>206.000</ele>
      </trkpt>
      <trkpt lat="45.844730000" lon="5.421200000">
        <ele>207.000</ele>
      </trkpt>
      <trkpt lat="45.844500000" lon="5.421400000">
        <ele>207.000</ele>
      </trkpt>
      <trkpt lat="45.844070000" lon="5.421560000">
        <ele>208.000</ele>
      </trkpt>
      <trkpt lat="45.843980000" lon="5.421590000">
        <ele>208.000</ele>
      </trkpt>
      <trkpt lat="45.843820000" lon="5.421640000">
        <ele>209.000</ele>
      </trkpt>
      <trkpt lat="45.843750000" lon="5.421660000">
        <ele>209.000</ele>
      </trkpt>
      <trkpt lat="45.843530000" lon="5.421710000">
        <ele>210.000</ele>
      </trkpt>
      <trkpt lat="45.843480000" lon="5.421730000">
        <ele>210.000</ele>
      </trkpt>
      <trkpt lat="45.843100000" lon="5.421850000">
        <ele>210.000</ele>
      </trkpt>
      <trkpt lat="45.843020000" lon="5.421880000">
        <ele>211.000</ele>
      </trkpt>
      <trkpt lat="45.842890000" lon="5.421950000">
        <ele>211.000</ele>
      </trkpt>
      <trkpt lat="45.842710000" lon="5.422040000">
        <ele>211.000</ele>
      </trkpt>
      <trkpt lat="45.842100000" lon="5.422450000">
        <ele>212.000</ele>
      </trkpt>
      <trkpt lat="45.841850000" lon="5.422620000">
        <ele>212.000</ele>
      </trkpt>
      <trkpt lat="45.841640000" lon="5.422750000">
        <ele>212.000</ele>
      </trkpt>
      <trkpt lat="45.841540000" lon="5.422810000">
        <ele>212.000</ele>
      </trkpt>
      <trkpt lat="45.841440000" lon="5.422900000">
        <ele>212.000</ele>
      </trkpt>
      <trkpt lat="45.841340000" lon="5.423030000">
        <ele>212.000</ele>
      </trkpt>
      <trkpt lat="45.841240000" lon="5.423170000">
        <ele>213.000</ele>
      </trkpt>
      <trkpt lat="45.841150000" lon="5.423370000">
        <ele>213.000</ele>
      </trkpt>
      <trkpt lat="45.841070000" lon="5.423520000">
        <ele>213.000</ele>
      </trkpt>
      <trkpt lat="45.840980000" lon="5.423710000">
        <ele>213.000</ele>
      </trkpt>
      <trkpt lat="45.840580000" lon="5.425000000">
        <ele>213.000</ele>
      </trkpt>
      <trkpt lat="45.840550000" lon="5.425110000">
        <ele>214.000</ele>
      </trkpt>
      <trkpt lat="45.840460000" lon="5.425390000">
        <ele>214.000</ele>
      </trkpt>
      <trkpt lat="45.840190000" lon="5.426230000">
        <ele>214.000</ele>
      </trkpt>
      <trkpt lat="45.840070000" lon="5.426690000">
        <ele>214.000</ele>
      </trkpt>
      <trkpt lat="45.839830000" lon="5.427390000">
        <ele>214.000</ele>
      </trkpt>
      <trkpt lat="45.839760000" lon="5.427600000">
        <ele>214.000</ele>
      </trkpt>
      <trkpt lat="45.838100000" lon="5.432640000">
        <ele>213.000</ele>
      </trkpt>
      <trkpt lat="45.838080000" lon="5.432700000">
        <ele>212.000</ele>
      </trkpt>
      <trkpt lat="45.836950000" lon="5.436130000">
        <ele>210.000</ele>
      </trkpt>
      <trkpt lat="45.836860000" lon="5.436360000">
        <ele>209.000</ele>
      </trkpt>
      <trkpt lat="45.836770000" lon="5.436560000">
        <ele>208.000</ele>
      </trkpt>
      <trkpt lat="45.836670000" lon="5.436740000">
        <ele>207.000</ele>
      </trkpt>
      <trkpt lat="45.836530000" lon="5.436940000">
        <ele>206.000</ele>
      </trkpt>
      <trkpt lat="45.836340000" lon="5.437150000">
        <ele>206.000</ele>
      </trkpt>
      <trkpt lat="45.836120000" lon="5.437370000">
        <ele>206.000</ele>
      </trkpt>
      <trkpt lat="45.835660000" lon="5.437790000">
        <ele>206.000</ele>
      </trkpt>
      <trkpt lat="45.835190000" lon="5.438180000">
        <ele>206.000</ele>
      </trkpt>
      <trkpt lat="45.834560000" lon="5.438680000">
        <ele>206.000</ele>
      </trkpt>
      <trkpt lat="45.834100000" lon="5.439030000">
        <ele>206.000</ele>
      </trkpt>
      <trkpt lat="45.833860000" lon="5.439170000">
        <ele>206.000</ele>
      </trkpt>
      <trkpt lat="45.833580000" lon="5.439310000">
        <ele>206.000</ele>
      </trkpt>
      <trkpt lat="45.833310000" lon="5.439420000">
        <ele>206.000</ele>
      </trkpt>
      <trkpt lat="45.832950000" lon="5.439550000">
        <ele>206.000</ele>
      </trkpt>
      <trkpt lat="45.832370000" lon="5.439690000">
        <ele>205.000</ele>
      </trkpt>
      <trkpt lat="45.831870000" lon="5.439850000">
        <ele>204.000</ele>
      </trkpt>
      <trkpt lat="45.831610000" lon="5.439960000">
        <ele>203.000</ele>
      </trkpt>
      <trkpt lat="45.831290000" lon="5.440140000">
        <ele>203.000</ele>
      </trkpt>
      <trkpt lat="45.830970000" lon="5.440340000">
        <ele>203.000</ele>
      </trkpt>
      <trkpt lat="45.830690000" lon="5.440550000">
        <ele>203.000</ele>
      </trkpt>
      <trkpt lat="45.830330000" lon="5.440870000">
        <ele>203.000</ele>
      </trkpt>
      <trkpt lat="45.829950000" lon="5.441220000">
        <ele>203.000</ele>
      </trkpt>
      <trkpt lat="45.828750000" lon="5.442280000">
        <ele>205.000</ele>
      </trkpt>
      <trkpt lat="45.828640000" lon="5.442370000">
        <ele>206.000</ele>
      </trkpt>
      <trkpt lat="45.827600000" lon="5.443260000">
        <ele>208.000</ele>
      </trkpt>
      <trkpt lat="45.827540000" lon="5.443300000">
        <ele>209.000</ele>
      </trkpt>
      <trkpt lat="45.826910000" lon="5.443810000">
        <ele>210.000</ele>
      </trkpt>
      <trkpt lat="45.825260000" lon="5.444680000">
        <ele>211.000</ele>
      </trkpt>
      <trkpt lat="45.825200000" lon="5.444710000">
        <ele>212.000</ele>
      </trkpt>
      <trkpt lat="45.824610000" lon="5.445180000">
        <ele>213.000</ele>
      </trkpt>
      <trkpt lat="45.822530000" lon="5.446930000">
        <ele>214.000</ele>
      </trkpt>
      <trkpt lat="45.822040000" lon="5.447240000">
        <ele>214.000</ele>
      </trkpt>
      <trkpt lat="45.820890000" lon="5.447610000">
        <ele>215.000</ele>
      </trkpt>
      <trkpt lat="45.820150000" lon="5.447940000">
        <ele>215.000</ele>
      </trkpt>
      <trkpt lat="45.819340000" lon="5.448330000">
        <ele>215.000</ele>
      </trkpt>
      <trkpt lat="45.819340000" lon="5.448330000">
        <ele>215.000</ele>
      </trkpt>
      <trkpt lat="45.818770000" lon="5.448610000">
        <ele>215.000</ele>
      </trkpt>
      <trkpt lat="45.818090000" lon="5.448880000">
        <ele>215.000</ele>
      </trkpt>
      <trkpt lat="45.817440000" lon="5.449110000">
        <ele>215.000</ele>
      </trkpt>
      <trkpt lat="45.816630000" lon="5.449430000">
        <ele>215.000</ele>
      </trkpt>
      <trkpt lat="45.815520000" lon="5.450040000">
        <ele>217.000</ele>
      </trkpt>
      <trkpt lat="45.814610000" lon="5.450590000">
        <ele>219.000</ele>
      </trkpt>
      <trkpt lat="45.813880000" lon="5.451230000">
        <ele>221.000</ele>
      </trkpt>
      <trkpt lat="45.813220000" lon="5.451700000">
        <ele>224.000</ele>
      </trkpt>
      <trkpt lat="45.813020000" lon="5.451840000">
        <ele>225.000</ele>
      </trkpt>
      <trkpt lat="45.812730000" lon="5.451990000">
        <ele>226.000</ele>
      </trkpt>
      <trkpt lat="45.812440000" lon="5.452150000">
        <ele>227.000</ele>
      </trkpt>
      <trkpt lat="45.812080000" lon="5.452290000">
        <ele>228.000</ele>
      </trkpt>
      <trkpt lat="45.810730000" lon="5.452810000">
        <ele>230.000</ele>
      </trkpt>
      <trkpt lat="45.810450000" lon="5.452910000">
        <ele>231.000</ele>
      </trkpt>
      <trkpt lat="45.810250000" lon="5.452980000">
        <ele>232.000</ele>
      </trkpt>
      <trkpt lat="45.810130000" lon="5.453000000">
        <ele>233.000</ele>
      </trkpt>
      <trkpt lat="45.810020000" lon="5.453000000">
        <ele>234.000</ele>
      </trkpt>
      <trkpt lat="45.809930000" lon="5.452980000">
        <ele>234.000</ele>
      </trkpt>
      <trkpt lat="45.809820000" lon="5.452950000">
        <ele>234.000</ele>
      </trkpt>
      <trkpt lat="45.809610000" lon="5.452850000">
        <ele>235.000</ele>
      </trkpt>
      <trkpt lat="45.809440000" lon="5.452780000">
        <ele>235.000</ele>
      </trkpt>
      <trkpt lat="45.809390000" lon="5.452770000">
        <ele>235.000</ele>
      </trkpt>
      <trkpt lat="45.809350000" lon="5.452760000">
        <ele>236.000</ele>
      </trkpt>
      <trkpt lat="45.809250000" lon="5.452750000">
        <ele>236.000</ele>
      </trkpt>
      <trkpt lat="45.809140000" lon="5.452790000">
        <ele>236.000</ele>
      </trkpt>
      <trkpt lat="45.809020000" lon="5.452860000">
        <ele>236.000</ele>
      </trkpt>
      <trkpt lat="45.809000000" lon="5.452880000">
        <ele>236.000</ele>
      </trkpt>
      <trkpt lat="45.808920000" lon="5.452930000">
        <ele>236.000</ele>
      </trkpt>
      <trkpt lat="45.808450000" lon="5.453240000">
        <ele>237.000</ele>
      </trkpt>
      <trkpt lat="45.808260000" lon="5.453350000">
        <ele>237.000</ele>
      </trkpt>
      <trkpt lat="45.808190000" lon="5.453410000">
        <ele>237.000</ele>
      </trkpt>
      <trkpt lat="45.808140000" lon="5.453440000">
        <ele>237.000</ele>
      </trkpt>
      <trkpt lat="45.808000000" lon="5.453450000">
        <ele>237.000</ele>
      </trkpt>
      <trkpt lat="45.807900000" lon="5.453460000">
        <ele>237.000</ele>
      </trkpt>
      <trkpt lat="45.807650000" lon="5.453500000">
        <ele>236.000</ele>
      </trkpt>
      <trkpt lat="45.807570000" lon="5.453520000">
        <ele>236.000</ele>
      </trkpt>
      <trkpt lat="45.807140000" lon="5.453590000">
        <ele>236.000</ele>
      </trkpt>
      <trkpt lat="45.807070000" lon="5.453600000">
        <ele>235.000</ele>
      </trkpt>
      <trkpt lat="45.807050000" lon="5.453610000">
        <ele>235.000</ele>
      </trkpt>
      <trkpt lat="45.807030000" lon="5.453610000">
        <ele>235.000</ele>
      </trkpt>
      <trkpt lat="45.807010000" lon="5.453620000">
        <ele>235.000</ele>
      </trkpt>
      <trkpt lat="45.806950000" lon="5.453620000">
        <ele>235.000</ele>
      </trkpt>
      <trkpt lat="45.806800000" lon="5.453670000">
        <ele>234.000</ele>
      </trkpt>
      <trkpt lat="45.806580000" lon="5.453730000">
        <ele>234.000</ele>
      </trkpt>
      <trkpt lat="45.806120000" lon="5.453910000">
        <ele>234.000</ele>
      </trkpt>
      <trkpt lat="45.806000000" lon="5.453930000">
        <ele>234.000</ele>
      </trkpt>
      <trkpt lat="45.805910000" lon="5.453950000">
        <ele>234.000</ele>
      </trkpt>
      <trkpt lat="45.805610000" lon="5.453880000">
        <ele>234.000</ele>
      </trkpt>
      <trkpt lat="45.805510000" lon="5.453860000">
        <ele>234.000</ele>
      </trkpt>
      <trkpt lat="45.805370000" lon="5.453830000">
        <ele>234.000</ele>
      </trkpt>
      <trkpt lat="45.805310000" lon="5.453860000">
        <ele>234.000</ele>
      </trkpt>
      <trkpt lat="45.804970000" lon="5.454010000">
        <ele>235.000</ele>
      </trkpt>
      <trkpt lat="45.804470000" lon="5.454400000">
        <ele>235.000</ele>
      </trkpt>
      <trkpt lat="45.804280000" lon="5.454540000">
        <ele>235.000</ele>
      </trkpt>
      <trkpt lat="45.804070000" lon="5.454750000">
        <ele>235.000</ele>
      </trkpt>
      <trkpt lat="45.803730000" lon="5.455140000">
        <ele>234.000</ele>
      </trkpt>
      <trkpt lat="45.803690000" lon="5.455170000">
        <ele>233.000</ele>
      </trkpt>
      <trkpt lat="45.803510000" lon="5.455290000">
        <ele>233.000</ele>
      </trkpt>
      <trkpt lat="45.803330000" lon="5.455420000">
        <ele>232.000</ele>
      </trkpt>
      <trkpt lat="45.802840000" lon="5.455750000">
        <ele>231.000</ele>
      </trkpt>
      <trkpt lat="45.802450000" lon="5.455940000">
        <ele>231.000</ele>
      </trkpt>
      <trkpt lat="45.801980000" lon="5.456290000">
        <ele>230.000</ele>
      </trkpt>
      <trkpt lat="45.801550000" lon="5.456600000">
        <ele>229.000</ele>
      </trkpt>
      <trkpt lat="45.801100000" lon="5.456890000">
        <ele>228.000</ele>
      </trkpt>
      <trkpt lat="45.800620000" lon="5.457120000">
        <ele>228.000</ele>
      </trkpt>
      <trkpt lat="45.800020000" lon="5.457390000">
        <ele>228.000</ele>
      </trkpt>
      <trkpt lat="45.799440000" lon="5.457700000">
        <ele>228.000</ele>
      </trkpt>
      <trkpt lat="45.798520000" lon="5.458230000">
        <ele>228.000</ele>
      </trkpt>
      <trkpt lat="45.798430000" lon="5.458250000">
        <ele>228.000</ele>
      </trkpt>
      <trkpt lat="45.797800000" lon="5.458320000">
        <ele>228.000</ele>
      </trkpt>
      <trkpt lat="45.797210000" lon="5.458380000">
        <ele>228.000</ele>
      </trkpt>
      <trkpt lat="45.797030000" lon="5.458410000">
        <ele>227.000</ele>
      </trkpt>
      <trkpt lat="45.796850000" lon="5.458500000">
        <ele>227.000</ele>
      </trkpt>
      <trkpt lat="45.795970000" lon="5.459130000">
        <ele>227.000</ele>
      </trkpt>
      <trkpt lat="45.795840000" lon="5.459250000">
        <ele>226.000</ele>
      </trkpt>
      <trkpt lat="45.795680000" lon="5.459510000">
        <ele>226.000</ele>
      </trkpt>
      <trkpt lat="45.795620000" lon="5.459620000">
        <ele>226.000</ele>
      </trkpt>
      <trkpt lat="45.795440000" lon="5.460020000">
        <ele>226.000</ele>
      </trkpt>
      <trkpt lat="45.795420000" lon="5.460070000">
        <ele>226.000</ele>
      </trkpt>
      <trkpt lat="45.795400000" lon="5.460100000">
        <ele>226.000</ele>
      </trkpt>
      <trkpt lat="45.795160000" lon="5.460660000">
        <ele>226.000</ele>
      </trkpt>
      <trkpt lat="45.795100000" lon="5.460960000">
        <ele>226.000</ele>
      </trkpt>
      <trkpt lat="45.795030000" lon="5.461510000">
        <ele>226.000</ele>
      </trkpt>
      <trkpt lat="45.795000000" lon="5.461610000">
        <ele>226.000</ele>
      </trkpt>
      <trkpt lat="45.794950000" lon="5.461690000">
        <ele>226.000</ele>
      </trkpt>
      <trkpt lat="45.794890000" lon="5.461770000">
        <ele>226.000</ele>
      </trkpt>
      <trkpt lat="45.794830000" lon="5.461810000">
        <ele>226.000</ele>
      </trkpt>
      <trkpt lat="45.794850000" lon="5.461910000">
        <ele>226.000</ele>
      </trkpt>
      <trkpt lat="45.794860000" lon="5.462030000">
        <ele>226.000</ele>
      </trkpt>
      <trkpt lat="45.794840000" lon="5.462110000">
        <ele>226.000</ele>
      </trkpt>
      <trkpt lat="45.794780000" lon="5.462190000">
        <ele>226.000</ele>
      </trkpt>
      <trkpt lat="45.794600000" lon="5.462430000">
        <ele>226.000</ele>
      </trkpt>
      <trkpt lat="45.793710000" lon="5.463730000">
        <ele>227.000</ele>
      </trkpt>
      <trkpt lat="45.793590000" lon="5.463890000">
        <ele>227.000</ele>
      </trkpt>
      <trkpt lat="45.792680000" lon="5.464850000">
        <ele>228.000</ele>
      </trkpt>
      <trkpt lat="45.792250000" lon="5.465320000">
        <ele>229.000</ele>
      </trkpt>
      <trkpt lat="45.791810000" lon="5.465860000">
        <ele>230.000</ele>
      </trkpt>
      <trkpt lat="45.791350000" lon="5.466450000">
        <ele>232.000</ele>
      </trkpt>
      <trkpt lat="45.791050000" lon="5.466910000">
        <ele>234.000</ele>
      </trkpt>
      <trkpt lat="45.790770000" lon="5.467640000">
        <ele>237.000</ele>
      </trkpt>
      <trkpt lat="45.790550000" lon="5.468060000">
        <ele>238.000</ele>
      </trkpt>
      <trkpt lat="45.788650000" lon="5.469460000">
        <ele>240.000</ele>
      </trkpt>
      <trkpt lat="45.786850000" lon="5.471820000">
        <ele>244.000</ele>
      </trkpt>
      <trkpt lat="45.786170000" lon="5.473060000">
        <ele>247.000</ele>
      </trkpt>
      <trkpt lat="45.786060000" lon="5.473360000">
        <ele>249.000</ele>
      </trkpt>
      <trkpt lat="45.785870000" lon="5.474010000">
        <ele>250.000</ele>
      </trkpt>
      <trkpt lat="45.785660000" lon="5.474350000">
        <ele>252.000</ele>
      </trkpt>
      <trkpt lat="45.785280000" lon="5.474590000">
        <ele>253.000</ele>
      </trkpt>
      <trkpt lat="45.784880000" lon="5.474800000">
        <ele>254.000</ele>
      </trkpt>
      <trkpt lat="45.784500000" lon="5.475120000">
        <ele>254.000</ele>
      </trkpt>
      <trkpt lat="45.784390000" lon="5.475370000">
        <ele>255.000</ele>
      </trkpt>
      <trkpt lat="45.784250000" lon="5.475670000">
        <ele>256.000</ele>
      </trkpt>
      <trkpt lat="45.783880000" lon="5.476560000">
        <ele>256.000</ele>
      </trkpt>
      <trkpt lat="45.783010000" lon="5.478000000">
        <ele>257.000</ele>
      </trkpt>
      <trkpt lat="45.783010000" lon="5.478000000">
        <ele>257.000</ele>
      </trkpt>
      <trkpt lat="45.782480000" lon="5.478890000">
        <ele>259.000</ele>
      </trkpt>
      <trkpt lat="45.782370000" lon="5.479080000">
        <ele>259.000</ele>
      </trkpt>
      <trkpt lat="45.782330000" lon="5.479240000">
        <ele>260.000</ele>
      </trkpt>
      <trkpt lat="45.782300000" lon="5.479540000">
        <ele>261.000</ele>
      </trkpt>
      <trkpt lat="45.782300000" lon="5.479800000">
        <ele>261.000</ele>
      </trkpt>
      <trkpt lat="45.782280000" lon="5.480060000">
        <ele>262.000</ele>
      </trkpt>
      <trkpt lat="45.782230000" lon="5.480270000">
        <ele>262.000</ele>
      </trkpt>
      <trkpt lat="45.782120000" lon="5.480550000">
        <ele>263.000</ele>
      </trkpt>
      <trkpt lat="45.781620000" lon="5.481540000">
        <ele>262.000</ele>
      </trkpt>
      <trkpt lat="45.781470000" lon="5.481870000">
        <ele>262.000</ele>
      </trkpt>
      <trkpt lat="45.781200000" lon="5.482550000">
        <ele>262.000</ele>
      </trkpt>
      <trkpt lat="45.781120000" lon="5.482690000">
        <ele>261.000</ele>
      </trkpt>
      <trkpt lat="45.781010000" lon="5.482750000">
        <ele>261.000</ele>
      </trkpt>
      <trkpt lat="45.780930000" lon="5.482770000">
        <ele>262.000</ele>
      </trkpt>
      <trkpt lat="45.780900000" lon="5.482780000">
        <ele>262.000</ele>
      </trkpt>
      <trkpt lat="45.780450000" lon="5.482850000">
        <ele>263.000</ele>
      </trkpt>
      <trkpt lat="45.780300000" lon="5.482900000">
        <ele>264.000</ele>
      </trkpt>
      <trkpt lat="45.780250000" lon="5.482910000">
        <ele>264.000</ele>
      </trkpt>
      <trkpt lat="45.780110000" lon="5.482990000">
        <ele>265.000</ele>
      </trkpt>
      <trkpt lat="45.779950000" lon="5.483110000">
        <ele>266.000</ele>
      </trkpt>
      <trkpt lat="45.779140000" lon="5.483790000">
        <ele>268.000</ele>
      </trkpt>
      <trkpt lat="45.778790000" lon="5.484090000">
        <ele>269.000</ele>
      </trkpt>
      <trkpt lat="45.778760000" lon="5.484120000">
        <ele>270.000</ele>
      </trkpt>
      <trkpt lat="45.778730000" lon="5.484170000">
        <ele>271.000</ele>
      </trkpt>
      <trkpt lat="45.778720000" lon="5.484240000">
        <ele>272.000</ele>
      </trkpt>
      <trkpt lat="45.778720000" lon="5.484330000">
        <ele>272.000</ele>
      </trkpt>
      <trkpt lat="45.778730000" lon="5.484440000">
        <ele>273.000</ele>
      </trkpt>
      <trkpt lat="45.778760000" lon="5.484650000">
        <ele>273.000</ele>
      </trkpt>
      <trkpt lat="45.778810000" lon="5.484890000">
        <ele>274.000</ele>
      </trkpt>
      <trkpt lat="45.778870000" lon="5.485080000">
        <ele>274.000</ele>
      </trkpt>
      <trkpt lat="45.778890000" lon="5.485130000">
        <ele>274.000</ele>
      </trkpt>
      <trkpt lat="45.778960000" lon="5.485290000">
        <ele>275.000</ele>
      </trkpt>
      <trkpt lat="45.779050000" lon="5.485500000">
        <ele>275.000</ele>
      </trkpt>
      <trkpt lat="45.779310000" lon="5.486090000">
        <ele>276.000</ele>
      </trkpt>
      <trkpt lat="45.779410000" lon="5.486230000">
        <ele>277.000</ele>
      </trkpt>
      <trkpt lat="45.779520000" lon="5.486300000">
        <ele>277.000</ele>
      </trkpt>
      <trkpt lat="45.779610000" lon="5.486310000">
        <ele>278.000</ele>
      </trkpt>
      <trkpt lat="45.779740000" lon="5.486340000">
        <ele>279.000</ele>
      </trkpt>
      <trkpt lat="45.779890000" lon="5.486360000">
        <ele>280.000</ele>
      </trkpt>
      <trkpt lat="45.780250000" lon="5.486380000">
        <ele>281.000</ele>
      </trkpt>
      <trkpt lat="45.780540000" lon="5.486350000">
        <ele>282.000</ele>
      </trkpt>
      <trkpt lat="45.780750000" lon="5.486340000">
        <ele>284.000</ele>
      </trkpt>
      <trkpt lat="45.781030000" lon="5.486330000">
        <ele>285.000</ele>
      </trkpt>
      <trkpt lat="45.781130000" lon="5.486350000">
        <ele>286.000</ele>
      </trkpt>
      <trkpt lat="45.781550000" lon="5.486690000">
        <ele>288.000</ele>
      </trkpt>
      <trkpt lat="45.781710000" lon="5.486820000">
        <ele>290.000</ele>
      </trkpt>
      <trkpt lat="45.781880000" lon="5.487030000">
        <ele>291.000</ele>
      </trkpt>
      <trkpt lat="45.782010000" lon="5.487150000">
        <ele>293.000</ele>
      </trkpt>
      <trkpt lat="45.782270000" lon="5.487300000">
        <ele>295.000</ele>
      </trkpt>
      <trkpt lat="45.782440000" lon="5.487460000">
        <ele>296.000</ele>
      </trkpt>
      <trkpt lat="45.782580000" lon="5.487650000">
        <ele>298.000</ele>
      </trkpt>
      <trkpt lat="45.782640000" lon="5.487800000">
        <ele>299.000</ele>
      </trkpt>
      <trkpt lat="45.782660000" lon="5.487930000">
        <ele>300.000</ele>
      </trkpt>
      <trkpt lat="45.782660000" lon="5.488030000">
        <ele>301.000</ele>
      </trkpt>
      <trkpt lat="45.782610000" lon="5.488210000">
        <ele>302.000</ele>
      </trkpt>
      <trkpt lat="45.782470000" lon="5.488570000">
        <ele>304.000</ele>
      </trkpt>
      <trkpt lat="45.782340000" lon="5.488790000">
        <ele>306.000</ele>
      </trkpt>
      <trkpt lat="45.782260000" lon="5.488890000">
        <ele>308.000</ele>
      </trkpt>
      <trkpt lat="45.782200000" lon="5.488930000">
        <ele>310.000</ele>
      </trkpt>
      <trkpt lat="45.782130000" lon="5.488940000">
        <ele>311.000</ele>
      </trkpt>
      <trkpt lat="45.782070000" lon="5.488930000">
        <ele>312.000</ele>
      </trkpt>
      <trkpt lat="45.781970000" lon="5.488910000">
        <ele>313.000</ele>
      </trkpt>
      <trkpt lat="45.781890000" lon="5.488910000">
        <ele>314.000</ele>
      </trkpt>
      <trkpt lat="45.781830000" lon="5.488930000">
        <ele>315.000</ele>
      </trkpt>
      <trkpt lat="45.781780000" lon="5.488960000">
        <ele>316.000</ele>
      </trkpt>
      <trkpt lat="45.781710000" lon="5.489040000">
        <ele>317.000</ele>
      </trkpt>
      <trkpt lat="45.781550000" lon="5.489340000">
        <ele>318.000</ele>
      </trkpt>
      <trkpt lat="45.781440000" lon="5.489500000">
        <ele>320.000</ele>
      </trkpt>
      <trkpt lat="45.781290000" lon="5.489680000">
        <ele>322.000</ele>
      </trkpt>
      <trkpt lat="45.781190000" lon="5.489880000">
        <ele>323.000</ele>
      </trkpt>
      <trkpt lat="45.781100000" lon="5.490070000">
        <ele>324.000</ele>
      </trkpt>
      <trkpt lat="45.780780000" lon="5.490620000">
        <ele>325.000</ele>
      </trkpt>
      <trkpt lat="45.780570000" lon="5.491050000">
        <ele>327.000</ele>
      </trkpt>
      <trkpt lat="45.780450000" lon="5.491320000">
        <ele>328.000</ele>
      </trkpt>
      <trkpt lat="45.780340000" lon="5.491630000">
        <ele>330.000</ele>
      </trkpt>
      <trkpt lat="45.780290000" lon="5.491840000">
        <ele>331.000</ele>
      </trkpt>
      <trkpt lat="45.780230000" lon="5.492130000">
        <ele>332.000</ele>
      </trkpt>
      <trkpt lat="45.780190000" lon="5.492280000">
        <ele>333.000</ele>
      </trkpt>
      <trkpt lat="45.780120000" lon="5.492440000">
        <ele>334.000</ele>
      </trkpt>
      <trkpt lat="45.780000000" lon="5.492650000">
        <ele>335.000</ele>
      </trkpt>
      <trkpt lat="45.779930000" lon="5.492820000">
        <ele>336.000</ele>
      </trkpt>
      <trkpt lat="45.779880000" lon="5.493010000">
        <ele>337.000</ele>
      </trkpt>
      <trkpt lat="45.779860000" lon="5.493180000">
        <ele>338.000</ele>
      </trkpt>
      <trkpt lat="45.779850000" lon="5.493320000">
        <ele>339.000</ele>
      </trkpt>
      <trkpt lat="45.779880000" lon="5.493710000">
        <ele>340.000</ele>
      </trkpt>
      <trkpt lat="45.779890000" lon="5.493890000">
        <ele>341.000</ele>
      </trkpt>
      <trkpt lat="45.779890000" lon="5.494010000">
        <ele>342.000</ele>
      </trkpt>
      <trkpt lat="45.779830000" lon="5.494360000">
        <ele>343.000</ele>
      </trkpt>
      <trkpt lat="45.779810000" lon="5.494510000">
        <ele>344.000</ele>
      </trkpt>
      <trkpt lat="45.779810000" lon="5.494650000">
        <ele>345.000</ele>
      </trkpt>
      <trkpt lat="45.779830000" lon="5.494860000">
        <ele>346.000</ele>
      </trkpt>
      <trkpt lat="45.779890000" lon="5.495280000">
        <ele>346.000</ele>
      </trkpt>
      <trkpt lat="45.779890000" lon="5.495380000">
        <ele>347.000</ele>
      </trkpt>
      <trkpt lat="45.779870000" lon="5.495480000">
        <ele>348.000</ele>
      </trkpt>
      <trkpt lat="45.779840000" lon="5.495580000">
        <ele>348.000</ele>
      </trkpt>
      <trkpt lat="45.779790000" lon="5.495680000">
        <ele>349.000</ele>
      </trkpt>
      <trkpt lat="45.779650000" lon="5.495880000">
        <ele>349.000</ele>
      </trkpt>
      <trkpt lat="45.779400000" lon="5.496220000">
        <ele>350.000</ele>
      </trkpt>
      <trkpt lat="45.779290000" lon="5.496350000">
        <ele>351.000</ele>
      </trkpt>
      <trkpt lat="45.779200000" lon="5.496410000">
        <ele>351.000</ele>
      </trkpt>
      <trkpt lat="45.779050000" lon="5.496510000">
        <ele>352.000</ele>
      </trkpt>
      <trkpt lat="45.778930000" lon="5.496600000">
        <ele>353.000</ele>
      </trkpt>
      <trkpt lat="45.778730000" lon="5.496820000">
        <ele>353.000</ele>
      </trkpt>
      <trkpt lat="45.778610000" lon="5.496910000">
        <ele>354.000</ele>
      </trkpt>
      <trkpt lat="45.778440000" lon="5.496990000">
        <ele>355.000</ele>
      </trkpt>
      <trkpt lat="45.778360000" lon="5.497050000">
        <ele>355.000</ele>
      </trkpt>
      <trkpt lat="45.778310000" lon="5.497110000">
        <ele>355.000</ele>
      </trkpt>
      <trkpt lat="45.778260000" lon="5.497200000">
        <ele>356.000</ele>
      </trkpt>
      <trkpt lat="45.778230000" lon="5.497340000">
        <ele>356.000</ele>
      </trkpt>
      <trkpt lat="45.778220000" lon="5.497470000">
        <ele>356.000</ele>
      </trkpt>
      <trkpt lat="45.778210000" lon="5.497700000">
        <ele>357.000</ele>
      </trkpt>
      <trkpt lat="45.778190000" lon="5.497830000">
        <ele>357.000</ele>
      </trkpt>
      <trkpt lat="45.778160000" lon="5.497940000">
        <ele>357.000</ele>
      </trkpt>
      <trkpt lat="45.778120000" lon="5.498020000">
        <ele>358.000</ele>
      </trkpt>
      <trkpt lat="45.778010000" lon="5.498140000">
        <ele>358.000</ele>
      </trkpt>
      <trkpt lat="45.777730000" lon="5.498380000">
        <ele>358.000</ele>
      </trkpt>
      <trkpt lat="45.777660000" lon="5.498420000">
        <ele>359.000</ele>
      </trkpt>
      <trkpt lat="45.777600000" lon="5.498450000">
        <ele>359.000</ele>
      </trkpt>
      <trkpt lat="45.777510000" lon="5.498450000">
        <ele>359.000</ele>
      </trkpt>
      <trkpt lat="45.777280000" lon="5.498430000">
        <ele>360.000</ele>
      </trkpt>
      <trkpt lat="45.777170000" lon="5.498430000">
        <ele>360.000</ele>
      </trkpt>
      <trkpt lat="45.777080000" lon="5.498460000">
        <ele>361.000</ele>
      </trkpt>
      <trkpt lat="45.776990000" lon="5.498500000">
        <ele>361.000</ele>
      </trkpt>
      <trkpt lat="45.776710000" lon="5.498700000">
        <ele>361.000</ele>
      </trkpt>
      <trkpt lat="45.776470000" lon="5.498840000">
        <ele>362.000</ele>
      </trkpt>
      <trkpt lat="45.776350000" lon="5.498910000">
        <ele>362.000</ele>
      </trkpt>
      <trkpt lat="45.776280000" lon="5.498990000">
        <ele>363.000</ele>
      </trkpt>
      <trkpt lat="45.776190000" lon="5.499070000">
        <ele>363.000</ele>
      </trkpt>
      <trkpt lat="45.776100000" lon="5.499140000">
        <ele>363.000</ele>
      </trkpt>
      <trkpt lat="45.775940000" lon="5.499230000">
        <ele>364.000</ele>
      </trkpt>
      <trkpt lat="45.775830000" lon="5.499300000">
        <ele>364.000</ele>
      </trkpt>
      <trkpt lat="45.775600000" lon="5.499490000">
        <ele>365.000</ele>
      </trkpt>
      <trkpt lat="45.775440000" lon="5.499600000">
        <ele>366.000</ele>
      </trkpt>
      <trkpt lat="45.775150000" lon="5.499710000">
        <ele>367.000</ele>
      </trkpt>
      <trkpt lat="45.775040000" lon="5.499770000">
        <ele>368.000</ele>
      </trkpt>
      <trkpt lat="45.774970000" lon="5.499830000">
        <ele>369.000</ele>
      </trkpt>
      <trkpt lat="45.774780000" lon="5.500050000">
        <ele>370.000</ele>
      </trkpt>
      <trkpt lat="45.774550000" lon="5.500380000">
        <ele>372.000</ele>
      </trkpt>
      <trkpt lat="45.774470000" lon="5.500520000">
        <ele>373.000</ele>
      </trkpt>
      <trkpt lat="45.774370000" lon="5.500790000">
        <ele>374.000</ele>
      </trkpt>
      <trkpt lat="45.774280000" lon="5.501060000">
        <ele>375.000</ele>
      </trkpt>
      <trkpt lat="45.774170000" lon="5.501440000">
        <ele>377.000</ele>
      </trkpt>
      <trkpt lat="45.774110000" lon="5.501590000">
        <ele>378.000</ele>
      </trkpt>
      <trkpt lat="45.774020000" lon="5.501740000">
        <ele>379.000</ele>
      </trkpt>
      <trkpt lat="45.773600000" lon="5.502470000">
        <ele>382.000</ele>
      </trkpt>
      <trkpt lat="45.773300000" lon="5.502980000">
        <ele>384.000</ele>
      </trkpt>
      <trkpt lat="45.773060000" lon="5.503380000">
        <ele>387.000</ele>
      </trkpt>
      <trkpt lat="45.772930000" lon="5.503560000">
        <ele>388.000</ele>
      </trkpt>
      <trkpt lat="45.772500000" lon="5.504040000">
        <ele>390.000</ele>
      </trkpt>
      <trkpt lat="45.772330000" lon="5.504260000">
        <ele>392.000</ele>
      </trkpt>
      <trkpt lat="45.772150000" lon="5.504560000">
        <ele>393.000</ele>
      </trkpt>
      <trkpt lat="45.771840000" lon="5.505270000">
        <ele>395.000</ele>
      </trkpt>
      <trkpt lat="45.771500000" lon="5.506060000">
        <ele>396.000</ele>
      </trkpt>
      <trkpt lat="45.771340000" lon="5.506550000">
        <ele>397.000</ele>
      </trkpt>
      <trkpt lat="45.771200000" lon="5.507100000">
        <ele>398.000</ele>
      </trkpt>
      <trkpt lat="45.771120000" lon="5.507310000">
        <ele>398.000</ele>
      </trkpt>
      <trkpt lat="45.770990000" lon="5.507530000">
        <ele>399.000</ele>
      </trkpt>
      <trkpt lat="45.770870000" lon="5.507690000">
        <ele>399.000</ele>
      </trkpt>
      <trkpt lat="45.770680000" lon="5.507870000">
        <ele>400.000</ele>
      </trkpt>
      <trkpt lat="45.770520000" lon="5.508030000">
        <ele>401.000</ele>
      </trkpt>
      <trkpt lat="45.770410000" lon="5.508190000">
        <ele>402.000</ele>
      </trkpt>
      <trkpt lat="45.770330000" lon="5.508330000">
        <ele>403.000</ele>
      </trkpt>
      <trkpt lat="45.770280000" lon="5.508480000">
        <ele>404.000</ele>
      </trkpt>
      <trkpt lat="45.770270000" lon="5.508580000">
        <ele>404.000</ele>
      </trkpt>
      <trkpt lat="45.770220000" lon="5.509100000">
        <ele>405.000</ele>
      </trkpt>
      <trkpt lat="45.770160000" lon="5.509570000">
        <ele>407.000</ele>
      </trkpt>
      <trkpt lat="45.769980000" lon="5.510250000">
        <ele>409.000</ele>
      </trkpt>
      <trkpt lat="45.769780000" lon="5.510930000">
        <ele>410.000</ele>
      </trkpt>
      <trkpt lat="45.769600000" lon="5.511410000">
        <ele>411.000</ele>
      </trkpt>
      <trkpt lat="45.769450000" lon="5.511690000">
        <ele>412.000</ele>
      </trkpt>
      <trkpt lat="45.769270000" lon="5.511950000">
        <ele>413.000</ele>
      </trkpt>
      <trkpt lat="45.769040000" lon="5.512250000">
        <ele>413.000</ele>
      </trkpt>
      <trkpt lat="45.768540000" lon="5.512870000">
        <ele>414.000</ele>
      </trkpt>
      <trkpt lat="45.767440000" lon="5.514270000">
        <ele>415.000</ele>
      </trkpt>
      <trkpt lat="45.766980000" lon="5.514890000">
        <ele>416.000</ele>
      </trkpt>
      <trkpt lat="45.766250000" lon="5.515720000">
        <ele>417.000</ele>
      </trkpt>
      <trkpt lat="45.765610000" lon="5.516410000">
        <ele>419.000</ele>
      </trkpt>
      <trkpt lat="45.765380000" lon="5.516680000">
        <ele>420.000</ele>
      </trkpt>
      <trkpt lat="45.764960000" lon="5.517210000">
        <ele>421.000</ele>
      </trkpt>
      <trkpt lat="45.764670000" lon="5.517590000">
        <ele>422.000</ele>
      </trkpt>
      <trkpt lat="45.764510000" lon="5.517760000">
        <ele>422.000</ele>
      </trkpt>
      <trkpt lat="45.764360000" lon="5.517890000">
        <ele>422.000</ele>
      </trkpt>
      <trkpt lat="45.763650000" lon="5.518400000">
        <ele>423.000</ele>
      </trkpt>
      <trkpt lat="45.763220000" lon="5.518750000">
        <ele>423.000</ele>
      </trkpt>
      <trkpt lat="45.762880000" lon="5.519090000">
        <ele>424.000</ele>
      </trkpt>
      <trkpt lat="45.762310000" lon="5.519700000">
        <ele>424.000</ele>
      </trkpt>
      <trkpt lat="45.761920000" lon="5.520120000">
        <ele>425.000</ele>
      </trkpt>
      <trkpt lat="45.761660000" lon="5.520450000">
        <ele>426.000</ele>
      </trkpt>
      <trkpt lat="45.760640000" lon="5.521860000">
        <ele>427.000</ele>
      </trkpt>
      <trkpt lat="45.760530000" lon="5.521980000">
        <ele>428.000</ele>
      </trkpt>
      <trkpt lat="45.760440000" lon="5.522070000">
        <ele>428.000</ele>
      </trkpt>
      <trkpt lat="45.759940000" lon="5.522510000">
        <ele>428.000</ele>
      </trkpt>
      <trkpt lat="45.759880000" lon="5.522570000">
        <ele>428.000</ele>
      </trkpt>
      <trkpt lat="45.759810000" lon="5.522630000">
        <ele>428.000</ele>
      </trkpt>
      <trkpt lat="45.759610000" lon="5.522800000">
        <ele>428.000</ele>
      </trkpt>
      <trkpt lat="45.759430000" lon="5.523020000">
        <ele>428.000</ele>
      </trkpt>
      <trkpt lat="45.758150000" lon="5.525090000">
        <ele>426.000</ele>
      </trkpt>
      <trkpt lat="45.758010000" lon="5.525250000">
        <ele>425.000</ele>
      </trkpt>
      <trkpt lat="45.757370000" lon="5.525850000">
        <ele>425.000</ele>
      </trkpt>
      <trkpt lat="45.757060000" lon="5.526100000">
        <ele>424.000</ele>
      </trkpt>
      <trkpt lat="45.756200000" lon="5.526620000">
        <ele>424.000</ele>
      </trkpt>
      <trkpt lat="45.755890000" lon="5.526890000">
        <ele>424.000</ele>
      </trkpt>
      <trkpt lat="45.755690000" lon="5.527240000">
        <ele>424.000</ele>
      </trkpt>
      <trkpt lat="45.755390000" lon="5.527720000">
        <ele>424.000</ele>
      </trkpt>
      <trkpt lat="45.754780000" lon="5.528840000">
        <ele>424.000</ele>
      </trkpt>
      <trkpt lat="45.754120000" lon="5.529670000">
        <ele>423.000</ele>
      </trkpt>
      <trkpt lat="45.753850000" lon="5.529890000">
        <ele>422.000</ele>
      </trkpt>
      <trkpt lat="45.753040000" lon="5.530120000">
        <ele>420.000</ele>
      </trkpt>
      <trkpt lat="45.752880000" lon="5.530140000">
        <ele>420.000</ele>
      </trkpt>
      <trkpt lat="45.752080000" lon="5.530660000">
        <ele>420.000</ele>
      </trkpt>
      <trkpt lat="45.751450000" lon="5.531180000">
        <ele>422.000</ele>
      </trkpt>
      <trkpt lat="45.751090000" lon="5.531620000">
        <ele>423.000</ele>
      </trkpt>
      <trkpt lat="45.750900000" lon="5.531840000">
        <ele>424.000</ele>
      </trkpt>
      <trkpt lat="45.750590000" lon="5.532090000">
        <ele>424.000</ele>
      </trkpt>
      <trkpt lat="45.750120000" lon="5.532460000">
        <ele>424.000</ele>
      </trkpt>
      <trkpt lat="45.749710000" lon="5.533050000">
        <ele>423.000</ele>
      </trkpt>
      <trkpt lat="45.749290000" lon="5.533570000">
        <ele>421.000</ele>
      </trkpt>
      <trkpt lat="45.748810000" lon="5.533930000">
        <ele>419.000</ele>
      </trkpt>
      <trkpt lat="45.748270000" lon="5.534200000">
        <ele>417.000</ele>
      </trkpt>
      <trkpt lat="45.747540000" lon="5.534430000">
        <ele>414.000</ele>
      </trkpt>
      <trkpt lat="45.747090000" lon="5.534530000">
        <ele>411.000</ele>
      </trkpt>
      <trkpt lat="45.746910000" lon="5.534560000">
        <ele>408.000</ele>
      </trkpt>
      <trkpt lat="45.746700000" lon="5.534550000">
        <ele>406.000</ele>
      </trkpt>
      <trkpt lat="45.746590000" lon="5.534580000">
        <ele>405.000</ele>
      </trkpt>
      <trkpt lat="45.746410000" lon="5.534620000">
        <ele>403.000</ele>
      </trkpt>
      <trkpt lat="45.746100000" lon="5.534860000">
        <ele>401.000</ele>
      </trkpt>
      <trkpt lat="45.745970000" lon="5.534830000">
        <ele>400.000</ele>
      </trkpt>
      <trkpt lat="45.745940000" lon="5.534940000">
        <ele>399.000</ele>
      </trkpt>
      <trkpt lat="45.745890000" lon="5.535000000">
        <ele>398.000</ele>
      </trkpt>
      <trkpt lat="45.745650000" lon="5.535200000">
        <ele>397.000</ele>
      </trkpt>
      <trkpt lat="45.745500000" lon="5.535310000">
        <ele>396.000</ele>
      </trkpt>
      <trkpt lat="45.745130000" lon="5.535390000">
        <ele>395.000</ele>
      </trkpt>
      <trkpt lat="45.745130000" lon="5.535390000">
        <ele>395.000</ele>
      </trkpt>
      <trkpt lat="45.745040000" lon="5.535410000">
        <ele>395.000</ele>
      </trkpt>
      <trkpt lat="45.744910000" lon="5.535450000">
        <ele>395.000</ele>
      </trkpt>
      <trkpt lat="45.744390000" lon="5.535650000">
        <ele>394.000</ele>
      </trkpt>
      <trkpt lat="45.743980000" lon="5.535860000">
        <ele>394.000</ele>
      </trkpt>
      <trkpt lat="45.743640000" lon="5.536100000">
        <ele>394.000</ele>
      </trkpt>
      <trkpt lat="45.743380000" lon="5.536310000">
        <ele>393.000</ele>
      </trkpt>
      <trkpt lat="45.743140000" lon="5.536500000">
        <ele>392.000</ele>
      </trkpt>
      <trkpt lat="45.742860000" lon="5.536620000">
        <ele>391.000</ele>
      </trkpt>
      <trkpt lat="45.742610000" lon="5.536700000">
        <ele>389.000</ele>
      </trkpt>
      <trkpt lat="45.742400000" lon="5.536780000">
        <ele>388.000</ele>
      </trkpt>
      <trkpt lat="45.742230000" lon="5.536880000">
        <ele>386.000</ele>
      </trkpt>
      <trkpt lat="45.742040000" lon="5.537050000">
        <ele>385.000</ele>
      </trkpt>
      <trkpt lat="45.741830000" lon="5.537290000">
        <ele>384.000</ele>
      </trkpt>
      <trkpt lat="45.741770000" lon="5.537380000">
        <ele>383.000</ele>
      </trkpt>
      <trkpt lat="45.741580000" lon="5.537620000">
        <ele>382.000</ele>
      </trkpt>
      <trkpt lat="45.741340000" lon="5.537950000">
        <ele>382.000</ele>
      </trkpt>
      <trkpt lat="45.741360000" lon="5.538090000">
        <ele>381.000</ele>
      </trkpt>
      <trkpt lat="45.741390000" lon="5.538370000">
        <ele>381.000</ele>
      </trkpt>
      <trkpt lat="45.741380000" lon="5.538650000">
        <ele>381.000</ele>
      </trkpt>
      <trkpt lat="45.741380000" lon="5.538830000">
        <ele>381.000</ele>
      </trkpt>
      <trkpt lat="45.741280000" lon="5.539230000">
        <ele>381.000</ele>
      </trkpt>
      <trkpt lat="45.741060000" lon="5.539730000">
        <ele>381.000</ele>
      </trkpt>
      <trkpt lat="45.740790000" lon="5.540140000">
        <ele>382.000</ele>
      </trkpt>
      <trkpt lat="45.740210000" lon="5.541050000">
        <ele>382.000</ele>
      </trkpt>
      <trkpt lat="45.739410000" lon="5.542800000">
        <ele>383.000</ele>
      </trkpt>
      <trkpt lat="45.738960000" lon="5.543900000">
        <ele>384.000</ele>
      </trkpt>
      <trkpt lat="45.738500000" lon="5.544770000">
        <ele>385.000</ele>
      </trkpt>
      <trkpt lat="45.738470000" lon="5.544820000">
        <ele>385.000</ele>
      </trkpt>
      <trkpt lat="45.738220000" lon="5.545300000">
        <ele>385.000</ele>
      </trkpt>
      <trkpt lat="45.738040000" lon="5.545720000">
        <ele>385.000</ele>
      </trkpt>
      <trkpt lat="45.737980000" lon="5.545900000">
        <ele>386.000</ele>
      </trkpt>
      <trkpt lat="45.737890000" lon="5.546170000">
        <ele>386.000</ele>
      </trkpt>
      <trkpt lat="45.737740000" lon="5.546810000">
        <ele>386.000</ele>
      </trkpt>
      <trkpt lat="45.737600000" lon="5.547260000">
        <ele>386.000</ele>
      </trkpt>
      <trkpt lat="45.737470000" lon="5.547680000">
        <ele>387.000</ele>
      </trkpt>
      <trkpt lat="45.737360000" lon="5.547940000">
        <ele>387.000</ele>
      </trkpt>
      <trkpt lat="45.737190000" lon="5.548280000">
        <ele>386.000</ele>
      </trkpt>
      <trkpt lat="45.737010000" lon="5.548590000">
        <ele>384.000</ele>
      </trkpt>
      <trkpt lat="45.736650000" lon="5.549540000">
        <ele>382.000</ele>
      </trkpt>
      <trkpt lat="45.736610000" lon="5.549760000">
        <ele>380.000</ele>
      </trkpt>
      <trkpt lat="45.736610000" lon="5.549910000">
        <ele>378.000</ele>
      </trkpt>
      <trkpt lat="45.736670000" lon="5.550200000">
        <ele>377.000</ele>
      </trkpt>
      <trkpt lat="45.736730000" lon="5.550510000">
        <ele>376.000</ele>
      </trkpt>
      <trkpt lat="45.736740000" lon="5.550700000">
        <ele>376.000</ele>
      </trkpt>
      <trkpt lat="45.736710000" lon="5.550860000">
        <ele>376.000</ele>
      </trkpt>
      <trkpt lat="45.736610000" lon="5.551210000">
        <ele>376.000</ele>
      </trkpt>
      <trkpt lat="45.736100000" lon="5.552160000">
        <ele>376.000</ele>
      </trkpt>
      <trkpt lat="45.735880000" lon="5.552710000">
        <ele>377.000</ele>
      </trkpt>
      <trkpt lat="45.735620000" lon="5.553330000">
        <ele>378.000</ele>
      </trkpt>
      <trkpt lat="45.735360000" lon="5.553760000">
        <ele>379.000</ele>
      </trkpt>
      <trkpt lat="45.735170000" lon="5.554080000">
        <ele>380.000</ele>
      </trkpt>
      <trkpt lat="45.734780000" lon="5.554700000">
        <ele>382.000</ele>
      </trkpt>
      <trkpt lat="45.734620000" lon="5.554900000">
        <ele>384.000</ele>
      </trkpt>
      <trkpt lat="45.733640000" lon="5.556110000">
        <ele>385.000</ele>
      </trkpt>
      <trkpt lat="45.732830000" lon="5.557010000">
        <ele>386.000</ele>
      </trkpt>
      <trkpt lat="45.732620000" lon="5.557430000">
        <ele>386.000</ele>
      </trkpt>
      <trkpt lat="45.731960000" lon="5.558720000">
        <ele>384.000</ele>
      </trkpt>
      <trkpt lat="45.731800000" lon="5.559040000">
        <ele>382.000</ele>
      </trkpt>
      <trkpt lat="45.731320000" lon="5.559620000">
        <ele>380.000</ele>
      </trkpt>
      <trkpt lat="45.730730000" lon="5.560350000">
        <ele>377.000</ele>
      </trkpt>
      <trkpt lat="45.730500000" lon="5.560690000">
        <ele>374.000</ele>
      </trkpt>
      <trkpt lat="45.730420000" lon="5.560770000">
        <ele>372.000</ele>
      </trkpt>
      <trkpt lat="45.730300000" lon="5.560880000">
        <ele>371.000</ele>
      </trkpt>
      <trkpt lat="45.730030000" lon="5.561390000">
        <ele>369.000</ele>
      </trkpt>
      <trkpt lat="45.729870000" lon="5.561720000">
        <ele>368.000</ele>
      </trkpt>
      <trkpt lat="45.729840000" lon="5.561790000">
        <ele>367.000</ele>
      </trkpt>
      <trkpt lat="45.729750000" lon="5.562020000">
        <ele>366.000</ele>
      </trkpt>
      <trkpt lat="45.729690000" lon="5.562250000">
        <ele>365.000</ele>
      </trkpt>
      <trkpt lat="45.729580000" lon="5.562730000">
        <ele>364.000</ele>
      </trkpt>
      <trkpt lat="45.729530000" lon="5.563020000">
        <ele>363.000</ele>
      </trkpt>
      <trkpt lat="45.729450000" lon="5.563320000">
        <ele>363.000</ele>
      </trkpt>
      <trkpt lat="45.729370000" lon="5.563510000">
        <ele>362.000</ele>
      </trkpt>
      <trkpt lat="45.729260000" lon="5.563700000">
        <ele>362.000</ele>
      </trkpt>
      <trkpt lat="45.729070000" lon="5.564020000">
        <ele>360.000</ele>
      </trkpt>
      <trkpt lat="45.728840000" lon="5.564350000">
        <ele>359.000</ele>
      </trkpt>
      <trkpt lat="45.728730000" lon="5.564500000">
        <ele>357.000</ele>
      </trkpt>
      <trkpt lat="45.728610000" lon="5.564640000">
        <ele>355.000</ele>
      </trkpt>
      <trkpt lat="45.728360000" lon="5.564830000">
        <ele>353.000</ele>
      </trkpt>
      <trkpt lat="45.728010000" lon="5.565070000">
        <ele>351.000</ele>
      </trkpt>
      <trkpt lat="45.727880000" lon="5.565190000">
        <ele>349.000</ele>
      </trkpt>
      <trkpt lat="45.727800000" lon="5.565320000">
        <ele>347.000</ele>
      </trkpt>
      <trkpt lat="45.727640000" lon="5.565680000">
        <ele>346.000</ele>
      </trkpt>
      <trkpt lat="45.727400000" lon="5.566260000">
        <ele>344.000</ele>
      </trkpt>
      <trkpt lat="45.727140000" lon="5.566830000">
        <ele>342.000</ele>
      </trkpt>
      <trkpt lat="45.726390000" lon="5.568510000">
        <ele>340.000</ele>
      </trkpt>
      <trkpt lat="45.726200000" lon="5.568910000">
        <ele>337.000</ele>
      </trkpt>
      <trkpt lat="45.726060000" lon="5.569250000">
        <ele>335.000</ele>
      </trkpt>
      <trkpt lat="45.725960000" lon="5.569500000">
        <ele>333.000</ele>
      </trkpt>
      <trkpt lat="45.725860000" lon="5.569840000">
        <ele>331.000</ele>
      </trkpt>
      <trkpt lat="45.725780000" lon="5.570060000">
        <ele>330.000</ele>
      </trkpt>
      <trkpt lat="45.725660000" lon="5.570240000">
        <ele>328.000</ele>
      </trkpt>
      <trkpt lat="45.725410000" lon="5.570620000">
        <ele>326.000</ele>
      </trkpt>
      <trkpt lat="45.725250000" lon="5.570850000">
        <ele>325.000</ele>
      </trkpt>
      <trkpt lat="45.725050000" lon="5.571090000">
        <ele>323.000</ele>
      </trkpt>
      <trkpt lat="45.724790000" lon="5.571320000">
        <ele>320.000</ele>
      </trkpt>
      <trkpt lat="45.724620000" lon="5.571440000">
        <ele>318.000</ele>
      </trkpt>
      <trkpt lat="45.724480000" lon="5.571530000">
        <ele>316.000</ele>
      </trkpt>
      <trkpt lat="45.724160000" lon="5.571650000">
        <ele>314.000</ele>
      </trkpt>
      <trkpt lat="45.724000000" lon="5.571750000">
        <ele>312.000</ele>
      </trkpt>
      <trkpt lat="45.723870000" lon="5.571860000">
        <ele>310.000</ele>
      </trkpt>
      <trkpt lat="45.723740000" lon="5.572000000">
        <ele>308.000</ele>
      </trkpt>
      <trkpt lat="45.723540000" lon="5.572240000">
        <ele>306.000</ele>
      </trkpt>
      <trkpt lat="45.723180000" lon="5.572710000">
        <ele>304.000</ele>
      </trkpt>
      <trkpt lat="45.723020000" lon="5.572980000">
        <ele>302.000</ele>
      </trkpt>
      <trkpt lat="45.722920000" lon="5.573180000">
        <ele>301.000</ele>
      </trkpt>
      <trkpt lat="45.722830000" lon="5.573470000">
        <ele>299.000</ele>
      </trkpt>
      <trkpt lat="45.722760000" lon="5.573620000">
        <ele>298.000</ele>
      </trkpt>
      <trkpt lat="45.722740000" lon="5.573660000">
        <ele>298.000</ele>
      </trkpt>
      <trkpt lat="45.722690000" lon="5.573720000">
        <ele>297.000</ele>
      </trkpt>
      <trkpt lat="45.722400000" lon="5.573960000">
        <ele>296.000</ele>
      </trkpt>
      <trkpt lat="45.721990000" lon="5.574410000">
        <ele>295.000</ele>
      </trkpt>
      <trkpt lat="45.721720000" lon="5.574620000">
        <ele>293.000</ele>
      </trkpt>
      <trkpt lat="45.721460000" lon="5.574790000">
        <ele>290.000</ele>
      </trkpt>
      <trkpt lat="45.721150000" lon="5.574930000">
        <ele>286.000</ele>
      </trkpt>
      <trkpt lat="45.721000000" lon="5.575060000">
        <ele>283.000</ele>
      </trkpt>
      <trkpt lat="45.720780000" lon="5.575360000">
        <ele>280.000</ele>
      </trkpt>
      <trkpt lat="45.720710000" lon="5.575450000">
        <ele>277.000</ele>
      </trkpt>
      <trkpt lat="45.720620000" lon="5.575540000">
        <ele>274.000</ele>
      </trkpt>
      <trkpt lat="45.720380000" lon="5.575730000">
        <ele>271.000</ele>
      </trkpt>
      <trkpt lat="45.720380000" lon="5.575730000">
        <ele>269.000</ele>
      </trkpt>
      <trkpt lat="45.719890000" lon="5.576110000">
        <ele>268.000</ele>
      </trkpt>
      <trkpt lat="45.719630000" lon="5.576310000">
        <ele>267.000</ele>
      </trkpt>
      <trkpt lat="45.719450000" lon="5.576410000">
        <ele>266.000</ele>
      </trkpt>
      <trkpt lat="45.719290000" lon="5.576490000">
        <ele>265.000</ele>
      </trkpt>
      <trkpt lat="45.719200000" lon="5.576530000">
        <ele>265.000</ele>
      </trkpt>
      <trkpt lat="45.718850000" lon="5.576620000">
        <ele>264.000</ele>
      </trkpt>
      <trkpt lat="45.717740000" lon="5.576900000">
        <ele>263.000</ele>
      </trkpt>
      <trkpt lat="45.717550000" lon="5.576990000">
        <ele>262.000</ele>
      </trkpt>
      <trkpt lat="45.717440000" lon="5.577140000">
        <ele>262.000</ele>
      </trkpt>
      <trkpt lat="45.717370000" lon="5.577220000">
        <ele>261.000</ele>
      </trkpt>
      <trkpt lat="45.717340000" lon="5.577260000">
        <ele>261.000</ele>
      </trkpt>
      <trkpt lat="45.717040000" lon="5.577680000">
        <ele>260.000</ele>
      </trkpt>
      <trkpt lat="45.716790000" lon="5.577970000">
        <ele>260.000</ele>
      </trkpt>
      <trkpt lat="45.716710000" lon="5.578110000">
        <ele>259.000</ele>
      </trkpt>
      <trkpt lat="45.716500000" lon="5.578560000">
        <ele>258.000</ele>
      </trkpt>
      <trkpt lat="45.716480000" lon="5.578600000">
        <ele>258.000</ele>
      </trkpt>
      <trkpt lat="45.716290000" lon="5.579000000">
        <ele>257.000</ele>
      </trkpt>
      <trkpt lat="45.715590000" lon="5.580010000">
        <ele>255.000</ele>
      </trkpt>
      <trkpt lat="45.715410000" lon="5.580270000">
        <ele>253.000</ele>
      </trkpt>
      <trkpt lat="45.715220000" lon="5.580550000">
        <ele>251.000</ele>
      </trkpt>
      <trkpt lat="45.714790000" lon="5.581010000">
        <ele>249.000</ele>
      </trkpt>
      <trkpt lat="45.712930000" lon="5.583100000">
        <ele>245.000</ele>
      </trkpt>
      <trkpt lat="45.712620000" lon="5.583500000">
        <ele>243.000</ele>
      </trkpt>
      <trkpt lat="45.712260000" lon="5.584220000">
        <ele>244.000</ele>
      </trkpt>
      <trkpt lat="45.712230000" lon="5.584300000">
        <ele>244.000</ele>
      </trkpt>
      <trkpt lat="45.712110000" lon="5.584590000">
        <ele>245.000</ele>
      </trkpt>
      <trkpt lat="45.711880000" lon="5.585250000">
        <ele>247.000</ele>
      </trkpt>
      <trkpt lat="45.711580000" lon="5.585720000">
        <ele>248.000</ele>
      </trkpt>
      <trkpt lat="45.711360000" lon="5.585940000">
        <ele>248.000</ele>
      </trkpt>
      <trkpt lat="45.711080000" lon="5.586140000">
        <ele>247.000</ele>
      </trkpt>
      <trkpt lat="45.710740000" lon="5.586320000">
        <ele>247.000</ele>
      </trkpt>
      <trkpt lat="45.710430000" lon="5.586390000">
        <ele>246.000</ele>
      </trkpt>
      <trkpt lat="45.710070000" lon="5.586370000">
        <ele>245.000</ele>
      </trkpt>
      <trkpt lat="45.709780000" lon="5.586480000">
        <ele>244.000</ele>
      </trkpt>
      <trkpt lat="45.709580000" lon="5.586530000">
        <ele>243.000</ele>
      </trkpt>
      <trkpt lat="45.708420000" lon="5.586640000">
        <ele>241.000</ele>
      </trkpt>
      <trkpt lat="45.708140000" lon="5.586640000">
        <ele>239.000</ele>
      </trkpt>
      <trkpt lat="45.708000000" lon="5.586610000">
        <ele>238.000</ele>
      </trkpt>
      <trkpt lat="45.707680000" lon="5.586470000">
        <ele>236.000</ele>
      </trkpt>
      <trkpt lat="45.707420000" lon="5.586400000">
        <ele>235.000</ele>
      </trkpt>
      <trkpt lat="45.707360000" lon="5.586380000">
        <ele>234.000</ele>
      </trkpt>
      <trkpt lat="45.707250000" lon="5.586390000">
        <ele>233.000</ele>
      </trkpt>
      <trkpt lat="45.707130000" lon="5.586430000">
        <ele>232.000</ele>
      </trkpt>
      <trkpt lat="45.706060000" lon="5.587050000">
        <ele>230.000</ele>
      </trkpt>
      <trkpt lat="45.705940000" lon="5.587110000">
        <ele>228.000</ele>
      </trkpt>
      <trkpt lat="45.704970000" lon="5.587650000">
        <ele>227.000</ele>
      </trkpt>
      <trkpt lat="45.704600000" lon="5.587740000">
        <ele>225.000</ele>
      </trkpt>
      <trkpt lat="45.704040000" lon="5.587810000">
        <ele>224.000</ele>
      </trkpt>
      <trkpt lat="45.703110000" lon="5.587860000">
        <ele>223.000</ele>
      </trkpt>
      <trkpt lat="45.702180000" lon="5.587750000">
        <ele>222.000</ele>
      </trkpt>
      <trkpt lat="45.701370000" lon="5.587530000">
        <ele>220.000</ele>
      </trkpt>
      <trkpt lat="45.700640000" lon="5.587130000">
        <ele>219.000</ele>
      </trkpt>
      <trkpt lat="45.698640000" lon="5.585670000">
        <ele>217.000</ele>
      </trkpt>
      <trkpt lat="45.697900000" lon="5.585140000">
        <ele>214.000</ele>
      </trkpt>
      <trkpt lat="45.697630000" lon="5.584870000">
        <ele>213.000</ele>
      </trkpt>
      <trkpt lat="45.696940000" lon="5.585500000">
        <ele>211.000</ele>
      </trkpt>
      <trkpt lat="45.695650000" lon="5.586690000">
        <ele>210.000</ele>
      </trkpt>
      <trkpt lat="45.695170000" lon="5.587130000">
        <ele>210.000</ele>
      </trkpt>
      <trkpt lat="45.694770000" lon="5.587490000">
        <ele>209.000</ele>
      </trkpt>
      <trkpt lat="45.694670000" lon="5.587550000">
        <ele>209.000</ele>
      </trkpt>
      <trkpt lat="45.694560000" lon="5.587560000">
        <ele>209.000</ele>
      </trkpt>
      <trkpt lat="45.694490000" lon="5.587570000">
        <ele>209.000</ele>
      </trkpt>
      <trkpt lat="45.694380000" lon="5.587580000">
        <ele>209.000</ele>
      </trkpt>
      <trkpt lat="45.694260000" lon="5.587620000">
        <ele>209.000</ele>
      </trkpt>
      <trkpt lat="45.694200000" lon="5.587650000">
        <ele>209.000</ele>
      </trkpt>
      <trkpt lat="45.694070000" lon="5.587710000">
        <ele>209.000</ele>
      </trkpt>
      <trkpt lat="45.693930000" lon="5.587790000">
        <ele>209.000</ele>
      </trkpt>
      <trkpt lat="45.693670000" lon="5.587960000">
        <ele>209.000</ele>
      </trkpt>
      <trkpt lat="45.693440000" lon="5.588140000">
        <ele>209.000</ele>
      </trkpt>
      <trkpt lat="45.692860000" lon="5.588550000">
        <ele>209.000</ele>
      </trkpt>
      <trkpt lat="45.692350000" lon="5.588910000">
        <ele>209.000</ele>
      </trkpt>
      <trkpt lat="45.692240000" lon="5.588990000">
        <ele>209.000</ele>
      </trkpt>
      <trkpt lat="45.692120000" lon="5.589070000">
        <ele>209.000</ele>
      </trkpt>
      <trkpt lat="45.691100000" lon="5.589800000">
        <ele>209.000</ele>
      </trkpt>
      <trkpt lat="45.690410000" lon="5.590450000">
        <ele>209.000</ele>
      </trkpt>
      <trkpt lat="45.689000000" lon="5.591840000">
        <ele>210.000</ele>
      </trkpt>
      <trkpt lat="45.688720000" lon="5.592110000">
        <ele>211.000</ele>
      </trkpt>
      <trkpt lat="45.686900000" lon="5.593850000">
        <ele>211.000</ele>
      </trkpt>
      <trkpt lat="45.685740000" lon="5.594980000">
        <ele>211.000</ele>
      </trkpt>
      <trkpt lat="45.685140000" lon="5.595560000">
        <ele>211.000</ele>
      </trkpt>
      <trkpt lat="45.684870000" lon="5.595840000">
        <ele>211.000</ele>
      </trkpt>
      <trkpt lat="45.684670000" lon="5.596150000">
        <ele>211.000</ele>
      </trkpt>
      <trkpt lat="45.682820000" lon="5.599510000">
        <ele>211.000</ele>
      </trkpt>
      <trkpt lat="45.681110000" lon="5.602590000">
        <ele>211.000</ele>
      </trkpt>
      <trkpt lat="45.680840000" lon="5.602970000">
        <ele>212.000</ele>
      </trkpt>
      <trkpt lat="45.680640000" lon="5.603200000">
        <ele>212.000</ele>
      </trkpt>
      <trkpt lat="45.680330000" lon="5.603440000">
        <ele>212.000</ele>
      </trkpt>
      <trkpt lat="45.679590000" lon="5.603800000">
        <ele>213.000</ele>
      </trkpt>
      <trkpt lat="45.677980000" lon="5.604680000">
        <ele>213.000</ele>
      </trkpt>
      <trkpt lat="45.677980000" lon="5.604680000">
        <ele>213.000</ele>
      </trkpt>
      <trkpt lat="45.677890000" lon="5.604730000">
        <ele>213.000</ele>
      </trkpt>
      <trkpt lat="45.677600000" lon="5.604880000">
        <ele>213.000</ele>
      </trkpt>
      <trkpt lat="45.676900000" lon="5.605360000">
        <ele>214.000</ele>
      </trkpt>
      <trkpt lat="45.676330000" lon="5.605760000">
        <ele>214.000</ele>
      </trkpt>
      <trkpt lat="45.676220000" lon="5.605860000">
        <ele>215.000</ele>
      </trkpt>
      <trkpt lat="45.676020000" lon="5.606100000">
        <ele>215.000</ele>
      </trkpt>
      <trkpt lat="45.674930000" lon="5.607570000">
        <ele>216.000</ele>
      </trkpt>
      <trkpt lat="45.674480000" lon="5.608080000">
        <ele>216.000</ele>
      </trkpt>
      <trkpt lat="45.674100000" lon="5.608400000">
        <ele>216.000</ele>
      </trkpt>
      <trkpt lat="45.673750000" lon="5.608620000">
        <ele>215.000</ele>
      </trkpt>
      <trkpt lat="45.673250000" lon="5.608890000">
        <ele>213.000</ele>
      </trkpt>
      <trkpt lat="45.672750000" lon="5.609190000">
        <ele>213.000</ele>
      </trkpt>
      <trkpt lat="45.672170000" lon="5.609570000">
        <ele>213.000</ele>
      </trkpt>
      <trkpt lat="45.671910000" lon="5.609720000">
        <ele>213.000</ele>
      </trkpt>
      <trkpt lat="45.671670000" lon="5.609840000">
        <ele>213.000</ele>
      </trkpt>
      <trkpt lat="45.671350000" lon="5.609940000">
        <ele>214.000</ele>
      </trkpt>
      <trkpt lat="45.670930000" lon="5.610030000">
        <ele>214.000</ele>
      </trkpt>
      <trkpt lat="45.670540000" lon="5.610030000">
        <ele>214.000</ele>
      </trkpt>
      <trkpt lat="45.670140000" lon="5.610020000">
        <ele>214.000</ele>
      </trkpt>
      <trkpt lat="45.668620000" lon="5.609920000">
        <ele>213.000</ele>
      </trkpt>
      <trkpt lat="45.668230000" lon="5.609880000">
        <ele>212.000</ele>
      </trkpt>
      <trkpt lat="45.667940000" lon="5.609880000">
        <ele>212.000</ele>
      </trkpt>
      <trkpt lat="45.666670000" lon="5.609880000">
        <ele>211.000</ele>
      </trkpt>
      <trkpt lat="45.665840000" lon="5.609880000">
        <ele>210.000</ele>
      </trkpt>
      <trkpt lat="45.665420000" lon="5.609870000">
        <ele>209.000</ele>
      </trkpt>
      <trkpt lat="45.664840000" lon="5.609860000">
        <ele>209.000</ele>
      </trkpt>
      <trkpt lat="45.664650000" lon="5.609860000">
        <ele>209.000</ele>
      </trkpt>
      <trkpt lat="45.664220000" lon="5.609820000">
        <ele>209.000</ele>
      </trkpt>
      <trkpt lat="45.663850000" lon="5.609730000">
        <ele>208.000</ele>
      </trkpt>
      <trkpt lat="45.663540000" lon="5.609610000">
        <ele>208.000</ele>
      </trkpt>
      <trkpt lat="45.663330000" lon="5.609510000">
        <ele>208.000</ele>
      </trkpt>
      <trkpt lat="45.663120000" lon="5.609390000">
        <ele>207.000</ele>
      </trkpt>
      <trkpt lat="45.662850000" lon="5.609210000">
        <ele>207.000</ele>
      </trkpt>
      <trkpt lat="45.662760000" lon="5.609140000">
        <ele>207.000</ele>
      </trkpt>
      <trkpt lat="45.662290000" lon="5.608670000">
        <ele>207.000</ele>
      </trkpt>
      <trkpt lat="45.660990000" lon="5.607040000">
        <ele>208.000</ele>
      </trkpt>
      <trkpt lat="45.660820000" lon="5.606810000">
        <ele>209.000</ele>
      </trkpt>
      <trkpt lat="45.660440000" lon="5.606340000">
        <ele>209.000</ele>
      </trkpt>
      <trkpt lat="45.660060000" lon="5.605880000">
        <ele>209.000</ele>
      </trkpt>
      <trkpt lat="45.659800000" lon="5.605610000">
        <ele>208.000</ele>
      </trkpt>
      <trkpt lat="45.659530000" lon="5.605360000">
        <ele>208.000</ele>
      </trkpt>
      <trkpt lat="45.659260000" lon="5.605160000">
        <ele>207.000</ele>
      </trkpt>
      <trkpt lat="45.658890000" lon="5.604960000">
        <ele>207.000</ele>
      </trkpt>
      <trkpt lat="45.658840000" lon="5.604930000">
        <ele>207.000</ele>
      </trkpt>
      <trkpt lat="45.658460000" lon="5.604790000">
        <ele>207.000</ele>
      </trkpt>
      <trkpt lat="45.658060000" lon="5.604700000">
        <ele>208.000</ele>
      </trkpt>
      <trkpt lat="45.657660000" lon="5.604660000">
        <ele>208.000</ele>
      </trkpt>
      <trkpt lat="45.657200000" lon="5.604690000">
        <ele>208.000</ele>
      </trkpt>
      <trkpt lat="45.656790000" lon="5.604770000">
        <ele>208.000</ele>
      </trkpt>
      <trkpt lat="45.656310000" lon="5.604930000">
        <ele>208.000</ele>
      </trkpt>
      <trkpt lat="45.656060000" lon="5.605060000">
        <ele>208.000</ele>
      </trkpt>
      <trkpt lat="45.655770000" lon="5.605260000">
        <ele>208.000</ele>
      </trkpt>
      <trkpt lat="45.655270000" lon="5.605640000">
        <ele>208.000</ele>
      </trkpt>
      <trkpt lat="45.654720000" lon="5.606000000">
        <ele>208.000</ele>
      </trkpt>
      <trkpt lat="45.654160000" lon="5.606310000">
        <ele>208.000</ele>
      </trkpt>
      <trkpt lat="45.653920000" lon="5.606410000">
        <ele>209.000</ele>
      </trkpt>
      <trkpt lat="45.653690000" lon="5.606480000">
        <ele>209.000</ele>
      </trkpt>
      <trkpt lat="45.653140000" lon="5.606560000">
        <ele>209.000</ele>
      </trkpt>
      <trkpt lat="45.652860000" lon="5.606620000">
        <ele>210.000</ele>
      </trkpt>
      <trkpt lat="45.652610000" lon="5.606710000">
        <ele>210.000</ele>
      </trkpt>
      <trkpt lat="45.652340000" lon="5.606850000">
        <ele>210.000</ele>
      </trkpt>
      <trkpt lat="45.652060000" lon="5.607010000">
        <ele>210.000</ele>
      </trkpt>
      <trkpt lat="45.651440000" lon="5.607410000">
        <ele>210.000</ele>
      </trkpt>
      <trkpt lat="45.651040000" lon="5.607650000">
        <ele>210.000</ele>
      </trkpt>
      <trkpt lat="45.650620000" lon="5.607910000">
        <ele>210.000</ele>
      </trkpt>
      <trkpt lat="45.647600000" lon="5.609780000">
        <ele>210.000</ele>
      </trkpt>
      <trkpt lat="45.644670000" lon="5.611610000">
        <ele>209.000</ele>
      </trkpt>
      <trkpt lat="45.643210000" lon="5.612520000">
        <ele>210.000</ele>
      </trkpt>
      <trkpt lat="45.642100000" lon="5.613200000">
        <ele>212.000</ele>
      </trkpt>
      <trkpt lat="45.641740000" lon="5.613420000">
        <ele>214.000</ele>
      </trkpt>
      <trkpt lat="45.641360000" lon="5.613690000">
        <ele>215.000</ele>
      </trkpt>
      <trkpt lat="45.641130000" lon="5.613870000">
        <ele>215.000</ele>
      </trkpt>
      <trkpt lat="45.640920000" lon="5.614070000">
        <ele>216.000</ele>
      </trkpt>
      <trkpt lat="45.640680000" lon="5.614330000">
        <ele>216.000</ele>
      </trkpt>
      <trkpt lat="45.640440000" lon="5.614610000">
        <ele>216.000</ele>
      </trkpt>
      <trkpt lat="45.640220000" lon="5.614900000">
        <ele>216.000</ele>
      </trkpt>
      <trkpt lat="45.639980000" lon="5.615250000">
        <ele>217.000</ele>
      </trkpt>
      <trkpt lat="45.639750000" lon="5.615650000">
        <ele>217.000</ele>
      </trkpt>
      <trkpt lat="45.639530000" lon="5.616060000">
        <ele>218.000</ele>
      </trkpt>
      <trkpt lat="45.639380000" lon="5.616390000">
        <ele>218.000</ele>
      </trkpt>
      <trkpt lat="45.639250000" lon="5.616710000">
        <ele>219.000</ele>
      </trkpt>
      <trkpt lat="45.639100000" lon="5.617150000">
        <ele>219.000</ele>
      </trkpt>
      <trkpt lat="45.638980000" lon="5.617580000">
        <ele>218.000</ele>
      </trkpt>
      <trkpt lat="45.638880000" lon="5.617990000">
        <ele>218.000</ele>
      </trkpt>
      <trkpt lat="45.638780000" lon="5.618570000">
        <ele>217.000</ele>
      </trkpt>
      <trkpt lat="45.638730000" lon="5.619110000">
        <ele>216.000</ele>
      </trkpt>
      <trkpt lat="45.638690000" lon="5.619640000">
        <ele>215.000</ele>
      </trkpt>
      <trkpt lat="45.638690000" lon="5.620190000">
        <ele>215.000</ele>
      </trkpt>
      <trkpt lat="45.638710000" lon="5.620760000">
        <ele>216.000</ele>
      </trkpt>
      <trkpt lat="45.638750000" lon="5.621250000">
        <ele>217.000</ele>
      </trkpt>
      <trkpt lat="45.638820000" lon="5.621860000">
        <ele>218.000</ele>
      </trkpt>
      <trkpt lat="45.638920000" lon="5.622540000">
        <ele>219.000</ele>
      </trkpt>
      <trkpt lat="45.638980000" lon="5.622980000">
        <ele>220.000</ele>
      </trkpt>
      <trkpt lat="45.639070000" lon="5.623340000">
        <ele>221.000</ele>
      </trkpt>
      <trkpt lat="45.639140000" lon="5.623560000">
        <ele>221.000</ele>
      </trkpt>
      <trkpt lat="45.639220000" lon="5.623790000">
        <ele>221.000</ele>
      </trkpt>
      <trkpt lat="45.639320000" lon="5.623990000">
        <ele>221.000</ele>
      </trkpt>
      <trkpt lat="45.639460000" lon="5.624230000">
        <ele>221.000</ele>
      </trkpt>
      <trkpt lat="45.639650000" lon="5.624510000">
        <ele>221.000</ele>
      </trkpt>
      <trkpt lat="45.639870000" lon="5.624800000">
        <ele>221.000</ele>
      </trkpt>
      <trkpt lat="45.640080000" lon="5.625100000">
        <ele>221.000</ele>
      </trkpt>
      <trkpt lat="45.640210000" lon="5.625350000">
        <ele>221.000</ele>
      </trkpt>
      <trkpt lat="45.640330000" lon="5.625600000">
        <ele>221.000</ele>
      </trkpt>
      <trkpt lat="45.640460000" lon="5.625960000">
        <ele>222.000</ele>
      </trkpt>
      <trkpt lat="45.640580000" lon="5.626440000">
        <ele>222.000</ele>
      </trkpt>
      <trkpt lat="45.640890000" lon="5.626270000">
        <ele>223.000</ele>
      </trkpt>
      <trkpt lat="45.641090000" lon="5.626130000">
        <ele>223.000</ele>
      </trkpt>
      <trkpt lat="45.641230000" lon="5.626000000">
        <ele>224.000</ele>
      </trkpt>
      <trkpt lat="45.641420000" lon="5.625850000">
        <ele>224.000</ele>
      </trkpt>
      <trkpt lat="45.641320000" lon="5.625650000">
        <ele>224.000</ele>
      </trkpt>
      <trkpt lat="45.641170000" lon="5.625480000">
        <ele>224.000</ele>
      </trkpt>
      <trkpt lat="45.641070000" lon="5.625370000">
        <ele>225.000</ele>
      </trkpt>
      <trkpt lat="45.640970000" lon="5.625250000">
        <ele>225.000</ele>
      </trkpt>
      <trkpt lat="45.640810000" lon="5.625040000">
        <ele>225.000</ele>
      </trkpt>
      <trkpt lat="45.640600000" lon="5.624760000">
        <ele>225.000</ele>
      </trkpt>
      <trkpt lat="45.640540000" lon="5.624660000">
        <ele>225.000</ele>
      </trkpt>
      <trkpt lat="45.640480000" lon="5.624550000">
        <ele>225.000</ele>
      </trkpt>
      <trkpt lat="45.640230000" lon="5.624050000">
        <ele>225.000</ele>
      </trkpt>
      <trkpt lat="45.640170000" lon="5.623920000">
        <ele>225.000</ele>
      </trkpt>
      <trkpt lat="45.640060000" lon="5.623780000">
        <ele>225.000</ele>
      </trkpt>
      <trkpt lat="45.639950000" lon="5.623630000">
        <ele>225.000</ele>
      </trkpt>
      <trkpt lat="45.639870000" lon="5.623560000">
        <ele>225.000</ele>
      </trkpt>
      <trkpt lat="45.639790000" lon="5.623480000">
        <ele>225.000</ele>
      </trkpt>
      <trkpt lat="45.639660000" lon="5.623390000">
        <ele>225.000</ele>
      </trkpt>
      <trkpt lat="45.639580000" lon="5.623350000">
        <ele>225.000</ele>
      </trkpt>
      <trkpt lat="45.639250000" lon="5.623230000">
        <ele>224.000</ele>
      </trkpt>
      <trkpt lat="45.637780000" lon="5.622800000">
        <ele>223.000</ele>
      </trkpt>
      <trkpt lat="45.637700000" lon="5.622770000">
        <ele>223.000</ele>
      </trkpt>
      <trkpt lat="45.637030000" lon="5.622550000">
        <ele>223.000</ele>
      </trkpt>
      <trkpt lat="45.636850000" lon="5.622500000">
        <ele>223.000</ele>
      </trkpt>
      <trkpt lat="45.636830000" lon="5.622490000">
        <ele>223.000</ele>
      </trkpt>
      <trkpt lat="45.636610000" lon="5.622410000">
        <ele>223.000</ele>
      </trkpt>
      <trkpt lat="45.636320000" lon="5.622290000">
        <ele>224.000</ele>
      </trkpt>
      <trkpt lat="45.636110000" lon="5.622170000">
        <ele>224.000</ele>
      </trkpt>
      <trkpt lat="45.635880000" lon="5.622000000">
        <ele>225.000</ele>
      </trkpt>
      <trkpt lat="45.635590000" lon="5.621770000">
        <ele>225.000</ele>
      </trkpt>
      <trkpt lat="45.635390000" lon="5.621630000">
        <ele>225.000</ele>
      </trkpt>
      <trkpt lat="45.635130000" lon="5.621450000">
        <ele>225.000</ele>
      </trkpt>
      <trkpt lat="45.634830000" lon="5.621290000">
        <ele>224.000</ele>
      </trkpt>
      <trkpt lat="45.634690000" lon="5.621230000">
        <ele>224.000</ele>
      </trkpt>
      <trkpt lat="45.634540000" lon="5.621190000">
        <ele>224.000</ele>
      </trkpt>
      <trkpt lat="45.634310000" lon="5.621150000">
        <ele>223.000</ele>
      </trkpt>
      <trkpt lat="45.634080000" lon="5.621140000">
        <ele>223.000</ele>
      </trkpt>
      <trkpt lat="45.633510000" lon="5.621100000">
        <ele>223.000</ele>
      </trkpt>
      <trkpt lat="45.633110000" lon="5.621110000">
        <ele>224.000</ele>
      </trkpt>
      <trkpt lat="45.632720000" lon="5.621130000">
        <ele>224.000</ele>
      </trkpt>
      <trkpt lat="45.632380000" lon="5.621150000">
        <ele>225.000</ele>
      </trkpt>
      <trkpt lat="45.632150000" lon="5.621170000">
        <ele>225.000</ele>
      </trkpt>
      <trkpt lat="45.632050000" lon="5.621200000">
        <ele>226.000</ele>
      </trkpt>
      <trkpt lat="45.631890000" lon="5.621260000">
        <ele>226.000</ele>
      </trkpt>
      <trkpt lat="45.631720000" lon="5.621350000">
        <ele>226.000</ele>
      </trkpt>
      <trkpt lat="45.631520000" lon="5.621470000">
        <ele>226.000</ele>
      </trkpt>
      <trkpt lat="45.631080000" lon="5.621710000">
        <ele>225.000</ele>
      </trkpt>
      <trkpt lat="45.630890000" lon="5.621830000">
        <ele>225.000</ele>
      </trkpt>
      <trkpt lat="45.630770000" lon="5.621920000">
        <ele>224.000</ele>
      </trkpt>
      <trkpt lat="45.630630000" lon="5.622050000">
        <ele>224.000</ele>
      </trkpt>
      <trkpt lat="45.630410000" lon="5.622330000">
        <ele>223.000</ele>
      </trkpt>
      <trkpt lat="45.630280000" lon="5.622470000">
        <ele>223.000</ele>
      </trkpt>
      <trkpt lat="45.630160000" lon="5.622570000">
        <ele>223.000</ele>
      </trkpt>
      <trkpt lat="45.630010000" lon="5.622680000">
        <ele>223.000</ele>
      </trkpt>
      <trkpt lat="45.629960000" lon="5.622700000">
        <ele>223.000</ele>
      </trkpt>
      <trkpt lat="45.629960000" lon="5.622700000">
        <ele>223.000</ele>
      </trkpt>
      <trkpt lat="45.629820000" lon="5.622780000">
        <ele>223.000</ele>
      </trkpt>
      <trkpt lat="45.629390000" lon="5.622990000">
        <ele>223.000</ele>
      </trkpt>
      <trkpt lat="45.629230000" lon="5.623080000">
        <ele>223.000</ele>
      </trkpt>
      <trkpt lat="45.629020000" lon="5.623220000">
        <ele>223.000</ele>
      </trkpt>
      <trkpt lat="45.628550000" lon="5.623560000">
        <ele>223.000</ele>
      </trkpt>
      <trkpt lat="45.628070000" lon="5.623920000">
        <ele>222.000</ele>
      </trkpt>
      <trkpt lat="45.627960000" lon="5.623970000">
        <ele>222.000</ele>
      </trkpt>
      <trkpt lat="45.627880000" lon="5.624010000">
        <ele>221.000</ele>
      </trkpt>
      <trkpt lat="45.627790000" lon="5.624020000">
        <ele>220.000</ele>
      </trkpt>
      <trkpt lat="45.627470000" lon="5.624040000">
        <ele>220.000</ele>
      </trkpt>
      <trkpt lat="45.627460000" lon="5.623950000">
        <ele>219.000</ele>
      </trkpt>
      <trkpt lat="45.627440000" lon="5.623870000">
        <ele>218.000</ele>
      </trkpt>
      <trkpt lat="45.627400000" lon="5.623720000">
        <ele>218.000</ele>
      </trkpt>
      <trkpt lat="45.627360000" lon="5.623590000">
        <ele>217.000</ele>
      </trkpt>
      <trkpt lat="45.627060000" lon="5.622700000">
        <ele>216.000</ele>
      </trkpt>
      <trkpt lat="45.627000000" lon="5.622520000">
        <ele>215.000</ele>
      </trkpt>
      <trkpt lat="45.626730000" lon="5.621750000">
        <ele>214.000</ele>
      </trkpt>
      <trkpt lat="45.626020000" lon="5.619760000">
        <ele>214.000</ele>
      </trkpt>
      <trkpt lat="45.625370000" lon="5.617900000">
        <ele>213.000</ele>
      </trkpt>
      <trkpt lat="45.624960000" lon="5.616740000">
        <ele>212.000</ele>
      </trkpt>
      <trkpt lat="45.624580000" lon="5.615670000">
        <ele>211.000</ele>
      </trkpt>
      <trkpt lat="45.624200000" lon="5.614610000">
        <ele>211.000</ele>
      </trkpt>
      <trkpt lat="45.624120000" lon="5.614370000">
        <ele>211.000</ele>
      </trkpt>
      <trkpt lat="45.624070000" lon="5.614250000">
        <ele>211.000</ele>
      </trkpt>
      <trkpt lat="45.623940000" lon="5.614000000">
        <ele>210.000</ele>
      </trkpt>
      <trkpt lat="45.623880000" lon="5.613890000">
        <ele>210.000</ele>
      </trkpt>
      <trkpt lat="45.623780000" lon="5.613780000">
        <ele>210.000</ele>
      </trkpt>
      <trkpt lat="45.623600000" lon="5.613590000">
        <ele>210.000</ele>
      </trkpt>
      <trkpt lat="45.623330000" lon="5.613410000">
        <ele>210.000</ele>
      </trkpt>
      <trkpt lat="45.622970000" lon="5.613250000">
        <ele>210.000</ele>
      </trkpt>
      <trkpt lat="45.621880000" lon="5.612750000">
        <ele>210.000</ele>
      </trkpt>
      <trkpt lat="45.619760000" lon="5.611440000">
        <ele>211.000</ele>
      </trkpt>
      <trkpt lat="45.619450000" lon="5.611250000">
        <ele>212.000</ele>
      </trkpt>
      <trkpt lat="45.618820000" lon="5.610850000">
        <ele>211.000</ele>
      </trkpt>
      <trkpt lat="45.618720000" lon="5.610790000">
        <ele>211.000</ele>
      </trkpt>
      <trkpt lat="45.618640000" lon="5.610750000">
        <ele>211.000</ele>
      </trkpt>
      <trkpt lat="45.618400000" lon="5.610690000">
        <ele>210.000</ele>
      </trkpt>
      <trkpt lat="45.618180000" lon="5.610650000">
        <ele>210.000</ele>
      </trkpt>
      <trkpt lat="45.618140000" lon="5.610790000">
        <ele>209.000</ele>
      </trkpt>
      <trkpt lat="45.618110000" lon="5.610860000">
        <ele>209.000</ele>
      </trkpt>
      <trkpt lat="45.618040000" lon="5.610950000">
        <ele>209.000</ele>
      </trkpt>
      <trkpt lat="45.618030000" lon="5.610960000">
        <ele>209.000</ele>
      </trkpt>
      <trkpt lat="45.617960000" lon="5.611000000">
        <ele>209.000</ele>
      </trkpt>
      <trkpt lat="45.617850000" lon="5.611020000">
        <ele>209.000</ele>
      </trkpt>
      <trkpt lat="45.617750000" lon="5.611040000">
        <ele>209.000</ele>
      </trkpt>
      <trkpt lat="45.617690000" lon="5.611050000">
        <ele>209.000</ele>
      </trkpt>
      <trkpt lat="45.617610000" lon="5.611060000">
        <ele>209.000</ele>
      </trkpt>
      <trkpt lat="45.617420000" lon="5.611110000">
        <ele>209.000</ele>
      </trkpt>
      <trkpt lat="45.617160000" lon="5.611240000">
        <ele>209.000</ele>
      </trkpt>
      <trkpt lat="45.617080000" lon="5.611300000">
        <ele>209.000</ele>
      </trkpt>
      <trkpt lat="45.616470000" lon="5.611720000">
        <ele>210.000</ele>
      </trkpt>
      <trkpt lat="45.616090000" lon="5.612040000">
        <ele>210.000</ele>
      </trkpt>
      <trkpt lat="45.615730000" lon="5.612290000">
        <ele>210.000</ele>
      </trkpt>
      <trkpt lat="45.615110000" lon="5.612550000">
        <ele>211.000</ele>
      </trkpt>
      <trkpt lat="45.614980000" lon="5.612620000">
        <ele>211.000</ele>
      </trkpt>
      <trkpt lat="45.614880000" lon="5.612690000">
        <ele>211.000</ele>
      </trkpt>
      <trkpt lat="45.614740000" lon="5.612800000">
        <ele>211.000</ele>
      </trkpt>
      <trkpt lat="45.614590000" lon="5.612950000">
        <ele>211.000</ele>
      </trkpt>
      <trkpt lat="45.613550000" lon="5.613990000">
        <ele>212.000</ele>
      </trkpt>
      <trkpt lat="45.613120000" lon="5.614400000">
        <ele>212.000</ele>
      </trkpt>
      <trkpt lat="45.613050000" lon="5.614480000">
        <ele>212.000</ele>
      </trkpt>
      <trkpt lat="45.612570000" lon="5.614950000">
        <ele>212.000</ele>
      </trkpt>
      <trkpt lat="45.612230000" lon="5.615330000">
        <ele>212.000</ele>
      </trkpt>
      <trkpt lat="45.611780000" lon="5.616060000">
        <ele>212.000</ele>
      </trkpt>
      <trkpt lat="45.610800000" lon="5.617770000">
        <ele>212.000</ele>
      </trkpt>
      <trkpt lat="45.610390000" lon="5.618370000">
        <ele>213.000</ele>
      </trkpt>
      <trkpt lat="45.609950000" lon="5.618790000">
        <ele>213.000</ele>
      </trkpt>
      <trkpt lat="45.608350000" lon="5.619980000">
        <ele>212.000</ele>
      </trkpt>
      <trkpt lat="45.608040000" lon="5.620100000">
        <ele>211.000</ele>
      </trkpt>
      <trkpt lat="45.607600000" lon="5.620220000">
        <ele>211.000</ele>
      </trkpt>
      <trkpt lat="45.607310000" lon="5.620260000">
        <ele>211.000</ele>
      </trkpt>
      <trkpt lat="45.607170000" lon="5.620280000">
        <ele>211.000</ele>
      </trkpt>
      <trkpt lat="45.607010000" lon="5.620300000">
        <ele>211.000</ele>
      </trkpt>
      <trkpt lat="45.604510000" lon="5.620360000">
        <ele>211.000</ele>
      </trkpt>
      <trkpt lat="45.604240000" lon="5.620430000">
        <ele>211.000</ele>
      </trkpt>
      <trkpt lat="45.604010000" lon="5.620490000">
        <ele>211.000</ele>
      </trkpt>
      <trkpt lat="45.603550000" lon="5.620720000">
        <ele>211.000</ele>
      </trkpt>
      <trkpt lat="45.603390000" lon="5.620800000">
        <ele>211.000</ele>
      </trkpt>
      <trkpt lat="45.602250000" lon="5.621750000">
        <ele>212.000</ele>
      </trkpt>
      <trkpt lat="45.602130000" lon="5.621850000">
        <ele>212.000</ele>
      </trkpt>
      <trkpt lat="45.601500000" lon="5.622380000">
        <ele>213.000</ele>
      </trkpt>
      <trkpt lat="45.601450000" lon="5.622420000">
        <ele>213.000</ele>
      </trkpt>
      <trkpt lat="45.600840000" lon="5.622950000">
        <ele>214.000</ele>
      </trkpt>
      <trkpt lat="45.600370000" lon="5.623400000">
        <ele>215.000</ele>
      </trkpt>
      <trkpt lat="45.600120000" lon="5.623750000">
        <ele>215.000</ele>
      </trkpt>
      <trkpt lat="45.600080000" lon="5.623810000">
        <ele>216.000</ele>
      </trkpt>
      <trkpt lat="45.599840000" lon="5.624230000">
        <ele>216.000</ele>
      </trkpt>
      <trkpt lat="45.599750000" lon="5.624460000">
        <ele>216.000</ele>
      </trkpt>
      <trkpt lat="45.599740000" lon="5.624480000">
        <ele>216.000</ele>
      </trkpt>
      <trkpt lat="45.599300000" lon="5.625610000">
        <ele>216.000</ele>
      </trkpt>
      <trkpt lat="45.598950000" lon="5.626500000">
        <ele>216.000</ele>
      </trkpt>
      <trkpt lat="45.598880000" lon="5.626690000">
        <ele>216.000</ele>
      </trkpt>
      <trkpt lat="45.598880000" lon="5.626690000">
        <ele>216.000</ele>
      </trkpt>
      <trkpt lat="45.598510000" lon="5.627630000">
        <ele>216.000</ele>
      </trkpt>
      <trkpt lat="45.598450000" lon="5.627790000">
        <ele>216.000</ele>
      </trkpt>
      <trkpt lat="45.598320000" lon="5.628140000">
        <ele>216.000</ele>
      </trkpt>
      <trkpt lat="45.598310000" lon="5.628170000">
        <ele>216.000</ele>
      </trkpt>
      <trkpt lat="45.598100000" lon="5.628720000">
        <ele>216.000</ele>
      </trkpt>
      <trkpt lat="45.597790000" lon="5.629520000">
        <ele>216.000</ele>
      </trkpt>
      <trkpt lat="45.597720000" lon="5.629640000">
        <ele>216.000</ele>
      </trkpt>
      <trkpt lat="45.597610000" lon="5.629710000">
        <ele>216.000</ele>
      </trkpt>
      <trkpt lat="45.597560000" lon="5.629730000">
        <ele>217.000</ele>
      </trkpt>
      <trkpt lat="45.597530000" lon="5.629720000">
        <ele>217.000</ele>
      </trkpt>
      <trkpt lat="45.597490000" lon="5.629740000">
        <ele>217.000</ele>
      </trkpt>
      <trkpt lat="45.597460000" lon="5.629770000">
        <ele>217.000</ele>
      </trkpt>
      <trkpt lat="45.597440000" lon="5.629810000">
        <ele>217.000</ele>
      </trkpt>
      <trkpt lat="45.597430000" lon="5.629860000">
        <ele>217.000</ele>
      </trkpt>
      <trkpt lat="45.597440000" lon="5.629910000">
        <ele>217.000</ele>
      </trkpt>
      <trkpt lat="45.597450000" lon="5.629950000">
        <ele>217.000</ele>
      </trkpt>
      <trkpt lat="45.597470000" lon="5.629980000">
        <ele>217.000</ele>
      </trkpt>
      <trkpt lat="45.597490000" lon="5.630000000">
        <ele>217.000</ele>
      </trkpt>
      <trkpt lat="45.597550000" lon="5.630110000">
        <ele>217.000</ele>
      </trkpt>
      <trkpt lat="45.597610000" lon="5.630230000">
        <ele>217.000</ele>
      </trkpt>
      <trkpt lat="45.597640000" lon="5.630340000">
        <ele>218.000</ele>
      </trkpt>
      <trkpt lat="45.597800000" lon="5.630610000">
        <ele>218.000</ele>
      </trkpt>
      <trkpt lat="45.597910000" lon="5.630800000">
        <ele>219.000</ele>
      </trkpt>
      <trkpt lat="45.598360000" lon="5.631610000">
        <ele>220.000</ele>
      </trkpt>
      <trkpt lat="45.598500000" lon="5.631840000">
        <ele>222.000</ele>
      </trkpt>
      <trkpt lat="45.598520000" lon="5.631870000">
        <ele>223.000</ele>
      </trkpt>
      <trkpt lat="45.598530000" lon="5.631890000">
        <ele>223.000</ele>
      </trkpt>
      <trkpt lat="45.598520000" lon="5.631940000">
        <ele>224.000</ele>
      </trkpt>
      <trkpt lat="45.598520000" lon="5.632020000">
        <ele>224.000</ele>
      </trkpt>
      <trkpt lat="45.598520000" lon="5.632040000">
        <ele>225.000</ele>
      </trkpt>
      <trkpt lat="45.598510000" lon="5.632110000">
        <ele>225.000</ele>
      </trkpt>
      <trkpt lat="45.598490000" lon="5.632130000">
        <ele>225.000</ele>
      </trkpt>
      <trkpt lat="45.598470000" lon="5.632160000">
        <ele>225.000</ele>
      </trkpt>
      <trkpt lat="45.598470000" lon="5.632190000">
        <ele>226.000</ele>
      </trkpt>
      <trkpt lat="45.598470000" lon="5.632230000">
        <ele>226.000</ele>
      </trkpt>
      <trkpt lat="45.598440000" lon="5.632290000">
        <ele>226.000</ele>
      </trkpt>
      <trkpt lat="45.598400000" lon="5.632340000">
        <ele>226.000</ele>
      </trkpt>
      <trkpt lat="45.598370000" lon="5.632390000">
        <ele>226.000</ele>
      </trkpt>
      <trkpt lat="45.598340000" lon="5.632440000">
        <ele>226.000</ele>
      </trkpt>
      <trkpt lat="45.598240000" lon="5.632490000">
        <ele>226.000</ele>
      </trkpt>
      <trkpt lat="45.598090000" lon="5.632560000">
        <ele>227.000</ele>
      </trkpt>
      <trkpt lat="45.597950000" lon="5.632620000">
        <ele>227.000</ele>
      </trkpt>
      <trkpt lat="45.597860000" lon="5.632750000">
        <ele>227.000</ele>
      </trkpt>
      <trkpt lat="45.597810000" lon="5.632840000">
        <ele>227.000</ele>
      </trkpt>
      <trkpt lat="45.597760000" lon="5.632970000">
        <ele>227.000</ele>
      </trkpt>
      <trkpt lat="45.597740000" lon="5.633190000">
        <ele>227.000</ele>
      </trkpt>
      <trkpt lat="45.597730000" lon="5.633230000">
        <ele>227.000</ele>
      </trkpt>
      <trkpt lat="45.597720000" lon="5.633330000">
        <ele>228.000</ele>
      </trkpt>
      <trkpt lat="45.597710000" lon="5.633330000">
        <ele>228.000</ele>
      </trkpt>
      <trkpt lat="45.597680000" lon="5.633360000">
        <ele>228.000</ele>
      </trkpt>
      <trkpt lat="45.597660000" lon="5.633390000">
        <ele>228.000</ele>
      </trkpt>
      <trkpt lat="45.597650000" lon="5.633430000">
        <ele>228.000</ele>
      </trkpt>
      <trkpt lat="45.597650000" lon="5.633480000">
        <ele>228.000</ele>
      </trkpt>
      <trkpt lat="45.597650000" lon="5.633520000">
        <ele>228.000</ele>
      </trkpt>
      <trkpt lat="45.597620000" lon="5.633580000">
        <ele>228.000</ele>
      </trkpt>
      <trkpt lat="45.597460000" lon="5.633870000">
        <ele>228.000</ele>
      </trkpt>
      <trkpt lat="45.596790000" lon="5.634980000">
        <ele>229.000</ele>
      </trkpt>
      <trkpt lat="45.595580000" lon="5.636940000">
        <ele>229.000</ele>
      </trkpt>
      <trkpt lat="45.595150000" lon="5.637690000">
        <ele>229.000</ele>
      </trkpt>
      <trkpt lat="45.594920000" lon="5.638000000">
        <ele>228.000</ele>
      </trkpt>
      <trkpt lat="45.594700000" lon="5.638230000">
        <ele>228.000</ele>
      </trkpt>
      <trkpt lat="45.594230000" lon="5.638560000">
        <ele>227.000</ele>
      </trkpt>
      <trkpt lat="45.593740000" lon="5.638910000">
        <ele>226.000</ele>
      </trkpt>
      <trkpt lat="45.592080000" lon="5.640050000">
        <ele>225.000</ele>
      </trkpt>
      <trkpt lat="45.592020000" lon="5.640090000">
        <ele>224.000</ele>
      </trkpt>
      <trkpt lat="45.591470000" lon="5.640480000">
        <ele>223.000</ele>
      </trkpt>
      <trkpt lat="45.591180000" lon="5.640690000">
        <ele>223.000</ele>
      </trkpt>
      <trkpt lat="45.590240000" lon="5.641440000">
        <ele>223.000</ele>
      </trkpt>
      <trkpt lat="45.588750000" lon="5.642570000">
        <ele>223.000</ele>
      </trkpt>
      <trkpt lat="45.587910000" lon="5.643220000">
        <ele>223.000</ele>
      </trkpt>
      <trkpt lat="45.587510000" lon="5.643540000">
        <ele>223.000</ele>
      </trkpt>
      <trkpt lat="45.587370000" lon="5.643660000">
        <ele>223.000</ele>
      </trkpt>
      <trkpt lat="45.587020000" lon="5.643920000">
        <ele>223.000</ele>
      </trkpt>
      <trkpt lat="45.586560000" lon="5.644270000">
        <ele>223.000</ele>
      </trkpt>
      <trkpt lat="45.586410000" lon="5.644400000">
        <ele>223.000</ele>
      </trkpt>
      <trkpt lat="45.585600000" lon="5.645090000">
        <ele>223.000</ele>
      </trkpt>
      <trkpt lat="45.584990000" lon="5.645700000">
        <ele>223.000</ele>
      </trkpt>
      <trkpt lat="45.584500000" lon="5.646220000">
        <ele>224.000</ele>
      </trkpt>
      <trkpt lat="45.584090000" lon="5.646560000">
        <ele>224.000</ele>
      </trkpt>
      <trkpt lat="45.583950000" lon="5.646680000">
        <ele>224.000</ele>
      </trkpt>
      <trkpt lat="45.583600000" lon="5.646960000">
        <ele>224.000</ele>
      </trkpt>
      <trkpt lat="45.582910000" lon="5.647300000">
        <ele>224.000</ele>
      </trkpt>
      <trkpt lat="45.582360000" lon="5.647520000">
        <ele>224.000</ele>
      </trkpt>
      <trkpt lat="45.582300000" lon="5.647540000">
        <ele>224.000</ele>
      </trkpt>
      <trkpt lat="45.580950000" lon="5.648050000">
        <ele>224.000</ele>
      </trkpt>
      <trkpt lat="45.580170000" lon="5.648350000">
        <ele>224.000</ele>
      </trkpt>
      <trkpt lat="45.579830000" lon="5.648480000">
        <ele>224.000</ele>
      </trkpt>
      <trkpt lat="45.578870000" lon="5.648870000">
        <ele>224.000</ele>
      </trkpt>
      <trkpt lat="45.578790000" lon="5.648920000">
        <ele>225.000</ele>
      </trkpt>
      <trkpt lat="45.578370000" lon="5.649150000">
        <ele>225.000</ele>
      </trkpt>
      <trkpt lat="45.577610000" lon="5.649680000">
        <ele>225.000</ele>
      </trkpt>
      <trkpt lat="45.576970000" lon="5.650180000">
        <ele>225.000</ele>
      </trkpt>
      <trkpt lat="45.576550000" lon="5.650490000">
        <ele>225.000</ele>
      </trkpt>
      <trkpt lat="45.576500000" lon="5.650530000">
        <ele>225.000</ele>
      </trkpt>
      <trkpt lat="45.575810000" lon="5.651040000">
        <ele>226.000</ele>
      </trkpt>
      <trkpt lat="45.575710000" lon="5.651110000">
        <ele>226.000</ele>
      </trkpt>
      <trkpt lat="45.575000000" lon="5.651650000">
        <ele>227.000</ele>
      </trkpt>
      <trkpt lat="45.574710000" lon="5.651890000">
        <ele>227.000</ele>
      </trkpt>
      <trkpt lat="45.574670000" lon="5.651930000">
        <ele>228.000</ele>
      </trkpt>
      <trkpt lat="45.574530000" lon="5.652050000">
        <ele>228.000</ele>
      </trkpt>
      <trkpt lat="45.574140000" lon="5.652350000">
        <ele>229.000</ele>
      </trkpt>
      <trkpt lat="45.573030000" lon="5.653160000">
        <ele>230.000</ele>
      </trkpt>
      <trkpt lat="45.572650000" lon="5.653460000">
        <ele>230.000</ele>
      </trkpt>
      <trkpt lat="45.572410000" lon="5.653650000">
        <ele>230.000</ele>
      </trkpt>
      <trkpt lat="45.572220000" lon="5.653820000">
        <ele>230.000</ele>
      </trkpt>
      <trkpt lat="45.572060000" lon="5.653970000">
        <ele>230.000</ele>
      </trkpt>
      <trkpt lat="45.571920000" lon="5.654130000">
        <ele>229.000</ele>
      </trkpt>
      <trkpt lat="45.571780000" lon="5.654310000">
        <ele>229.000</ele>
      </trkpt>
      <trkpt lat="45.571650000" lon="5.654490000">
        <ele>229.000</ele>
      </trkpt>
      <trkpt lat="45.571460000" lon="5.654800000">
        <ele>228.000</ele>
      </trkpt>
      <trkpt lat="45.571330000" lon="5.655020000">
        <ele>228.000</ele>
      </trkpt>
      <trkpt lat="45.571220000" lon="5.655260000">
        <ele>228.000</ele>
      </trkpt>
      <trkpt lat="45.571110000" lon="5.655500000">
        <ele>229.000</ele>
      </trkpt>
      <trkpt lat="45.571050000" lon="5.655660000">
        <ele>229.000</ele>
      </trkpt>
      <trkpt lat="45.570980000" lon="5.655850000">
        <ele>229.000</ele>
      </trkpt>
      <trkpt lat="45.570920000" lon="5.656050000">
        <ele>229.000</ele>
      </trkpt>
      <trkpt lat="45.570830000" lon="5.656400000">
        <ele>230.000</ele>
      </trkpt>
      <trkpt lat="45.570730000" lon="5.656810000">
        <ele>230.000</ele>
      </trkpt>
      <trkpt lat="45.570590000" lon="5.657360000">
        <ele>231.000</ele>
      </trkpt>
      <trkpt lat="45.570450000" lon="5.657950000">
        <ele>231.000</ele>
      </trkpt>
      <trkpt lat="45.570390000" lon="5.658170000">
        <ele>232.000</ele>
      </trkpt>
      <trkpt lat="45.570300000" lon="5.658460000">
        <ele>232.000</ele>
      </trkpt>
      <trkpt lat="45.570150000" lon="5.658930000">
        <ele>231.000</ele>
      </trkpt>
      <trkpt lat="45.570040000" lon="5.659270000">
        <ele>231.000</ele>
      </trkpt>
      <trkpt lat="45.569910000" lon="5.659610000">
        <ele>231.000</ele>
      </trkpt>
      <trkpt lat="45.569800000" lon="5.659860000">
        <ele>231.000</ele>
      </trkpt>
      <trkpt lat="45.569690000" lon="5.660080000">
        <ele>231.000</ele>
      </trkpt>
      <trkpt lat="45.567660000" lon="5.663610000">
        <ele>231.000</ele>
      </trkpt>
      <trkpt lat="45.566880000" lon="5.664970000">
        <ele>232.000</ele>
      </trkpt>
      <trkpt lat="45.566130000" lon="5.666200000">
        <ele>232.000</ele>
      </trkpt>
      <trkpt lat="45.565770000" lon="5.666840000">
        <ele>233.000</ele>
      </trkpt>
      <trkpt lat="45.565620000" lon="5.667120000">
        <ele>233.000</ele>
      </trkpt>
      <trkpt lat="45.564710000" lon="5.668700000">
        <ele>234.000</ele>
      </trkpt>
      <trkpt lat="45.563410000" lon="5.670890000">
        <ele>235.000</ele>
      </trkpt>
      <trkpt lat="45.562050000" lon="5.673210000">
        <ele>236.000</ele>
      </trkpt>
      <trkpt lat="45.561180000" lon="5.674610000">
        <ele>238.000</ele>
      </trkpt>
      <trkpt lat="45.561050000" lon="5.674810000">
        <ele>240.000</ele>
      </trkpt>
      <trkpt lat="45.560670000" lon="5.675340000">
        <ele>242.000</ele>
      </trkpt>
      <trkpt lat="45.560340000" lon="5.675800000">
        <ele>243.000</ele>
      </trkpt>
      <trkpt lat="45.560270000" lon="5.675880000">
        <ele>243.000</ele>
      </trkpt>
      <trkpt lat="45.560190000" lon="5.675960000">
        <ele>243.000</ele>
      </trkpt>
      <trkpt lat="45.560060000" lon="5.676050000">
        <ele>243.000</ele>
      </trkpt>
      <trkpt lat="45.559940000" lon="5.676090000">
        <ele>243.000</ele>
      </trkpt>
      <trkpt lat="45.559750000" lon="5.676120000">
        <ele>243.000</ele>
      </trkpt>
      <trkpt lat="45.559550000" lon="5.676130000">
        <ele>242.000</ele>
      </trkpt>
      <trkpt lat="45.559450000" lon="5.676130000">
        <ele>241.000</ele>
      </trkpt>
      <trkpt lat="45.559180000" lon="5.676140000">
        <ele>241.000</ele>
      </trkpt>
      <trkpt lat="45.558810000" lon="5.676160000">
        <ele>240.000</ele>
      </trkpt>
      <trkpt lat="45.558610000" lon="5.676170000">
        <ele>239.000</ele>
      </trkpt>
      <trkpt lat="45.558380000" lon="5.676220000">
        <ele>239.000</ele>
      </trkpt>
      <trkpt lat="45.558270000" lon="5.676230000">
        <ele>239.000</ele>
      </trkpt>
      <trkpt lat="45.558140000" lon="5.676200000">
        <ele>239.000</ele>
      </trkpt>
      <trkpt lat="45.558050000" lon="5.676160000">
        <ele>239.000</ele>
      </trkpt>
      <trkpt lat="45.557940000" lon="5.676150000">
        <ele>239.000</ele>
      </trkpt>
      <trkpt lat="45.557830000" lon="5.676140000">
        <ele>239.000</ele>
      </trkpt>
      <trkpt lat="45.557480000" lon="5.676090000">
        <ele>240.000</ele>
      </trkpt>
      <trkpt lat="45.557100000" lon="5.675970000">
        <ele>240.000</ele>
      </trkpt>
      <trkpt lat="45.556950000" lon="5.675970000">
        <ele>241.000</ele>
      </trkpt>
      <trkpt lat="45.556730000" lon="5.675900000">
        <ele>241.000</ele>
      </trkpt>
      <trkpt lat="45.556560000" lon="5.675820000">
        <ele>241.000</ele>
      </trkpt>
      <trkpt lat="45.556410000" lon="5.675740000">
        <ele>241.000</ele>
      </trkpt>
      <trkpt lat="45.556250000" lon="5.675680000">
        <ele>242.000</ele>
      </trkpt>
      <trkpt lat="45.556080000" lon="5.675620000">
        <ele>242.000</ele>
      </trkpt>
      <trkpt lat="45.555740000" lon="5.675500000">
        <ele>242.000</ele>
      </trkpt>
      <trkpt lat="45.555600000" lon="5.675440000">
        <ele>242.000</ele>
      </trkpt>
      <trkpt lat="45.555670000" lon="5.676040000">
        <ele>242.000</ele>
      </trkpt>
      <trkpt lat="45.555630000" lon="5.676890000">
        <ele>242.000</ele>
      </trkpt>
      <trkpt lat="45.555590000" lon="5.677610000">
        <ele>241.000</ele>
      </trkpt>
      <trkpt lat="45.555570000" lon="5.677930000">
        <ele>241.000</ele>
      </trkpt>
      <trkpt lat="45.555570000" lon="5.677990000">
        <ele>240.000</ele>
      </trkpt>
      <trkpt lat="45.555570000" lon="5.678050000">
        <ele>240.000</ele>
      </trkpt>
      <trkpt lat="45.555560000" lon="5.678160000">
        <ele>240.000</ele>
      </trkpt>
      <trkpt lat="45.555540000" lon="5.678510000">
        <ele>240.000</ele>
      </trkpt>
      <trkpt lat="45.555520000" lon="5.678880000">
        <ele>239.000</ele>
      </trkpt>
      <trkpt lat="45.555450000" lon="5.680370000">
        <ele>239.000</ele>
      </trkpt>
      <trkpt lat="45.555320000" lon="5.682820000">
        <ele>238.000</ele>
      </trkpt>
      <trkpt lat="45.555230000" lon="5.684480000">
        <ele>239.000</ele>
      </trkpt>
      <trkpt lat="45.555110000" lon="5.686840000">
        <ele>239.000</ele>
      </trkpt>
      <trkpt lat="45.555090000" lon="5.687210000">
        <ele>240.000</ele>
      </trkpt>
      <trkpt lat="45.555090000" lon="5.687460000">
        <ele>240.000</ele>
      </trkpt>
      <trkpt lat="45.555060000" lon="5.687620000">
        <ele>241.000</ele>
      </trkpt>
      <trkpt lat="45.555050000" lon="5.687670000">
        <ele>241.000</ele>
      </trkpt>
      <trkpt lat="45.554990000" lon="5.687780000">
        <ele>242.000</ele>
      </trkpt>
      <trkpt lat="45.554810000" lon="5.688010000">
        <ele>242.000</ele>
      </trkpt>
      <trkpt lat="45.554670000" lon="5.688250000">
        <ele>243.000</ele>
      </trkpt>
      <trkpt lat="45.554490000" lon="5.688670000">
        <ele>243.000</ele>
      </trkpt>
      <trkpt lat="45.554080000" lon="5.689400000">
        <ele>244.000</ele>
      </trkpt>
      <trkpt lat="45.553820000" lon="5.689910000">
        <ele>246.000</ele>
      </trkpt>
      <trkpt lat="45.553720000" lon="5.690220000">
        <ele>248.000</ele>
      </trkpt>
      <trkpt lat="45.553640000" lon="5.690400000">
        <ele>249.000</ele>
      </trkpt>
      <trkpt lat="45.553580000" lon="5.690470000">
        <ele>250.000</ele>
      </trkpt>
      <trkpt lat="45.553500000" lon="5.690530000">
        <ele>251.000</ele>
      </trkpt>
      <trkpt lat="45.552580000" lon="5.690860000">
        <ele>253.000</ele>
      </trkpt>
      <trkpt lat="45.552240000" lon="5.690980000">
        <ele>255.000</ele>
      </trkpt>
      <trkpt lat="45.552010000" lon="5.691110000">
        <ele>257.000</ele>
      </trkpt>
      <trkpt lat="45.551750000" lon="5.691360000">
        <ele>258.000</ele>
      </trkpt>
      <trkpt lat="45.551450000" lon="5.691670000">
        <ele>260.000</ele>
      </trkpt>
      <trkpt lat="45.551110000" lon="5.691980000">
        <ele>261.000</ele>
      </trkpt>
      <trkpt lat="45.550690000" lon="5.692280000">
        <ele>262.000</ele>
      </trkpt>
      <trkpt lat="45.550440000" lon="5.692530000">
        <ele>263.000</ele>
      </trkpt>
      <trkpt lat="45.550290000" lon="5.692750000">
        <ele>264.000</ele>
      </trkpt>
      <trkpt lat="45.550220000" lon="5.692860000">
        <ele>265.000</ele>
      </trkpt>
      <trkpt lat="45.550060000" lon="5.693200000">
        <ele>266.000</ele>
      </trkpt>
      <trkpt lat="45.550030000" lon="5.693260000">
        <ele>266.000</ele>
      </trkpt>
      <trkpt lat="45.549810000" lon="5.693670000">
        <ele>267.000</ele>
      </trkpt>
      <trkpt lat="45.548910000" lon="5.695310000">
        <ele>269.000</ele>
      </trkpt>
      <trkpt lat="45.548260000" lon="5.696470000">
        <ele>273.000</ele>
      </trkpt>
      <trkpt lat="45.548130000" lon="5.696700000">
        <ele>276.000</ele>
      </trkpt>
      <trkpt lat="45.547860000" lon="5.697190000">
        <ele>279.000</ele>
      </trkpt>
      <trkpt lat="45.547450000" lon="5.697840000">
        <ele>282.000</ele>
      </trkpt>
      <trkpt lat="45.547210000" lon="5.698140000">
        <ele>284.000</ele>
      </trkpt>
      <trkpt lat="45.546980000" lon="5.698570000">
        <ele>286.000</ele>
      </trkpt>
      <trkpt lat="45.546700000" lon="5.698950000">
        <ele>288.000</ele>
      </trkpt>
      <trkpt lat="45.546620000" lon="5.699060000">
        <ele>289.000</ele>
      </trkpt>
      <trkpt lat="45.545800000" lon="5.700070000">
        <ele>291.000</ele>
      </trkpt>
      <trkpt lat="45.545640000" lon="5.700260000">
        <ele>293.000</ele>
      </trkpt>
      <trkpt lat="45.545180000" lon="5.700820000">
        <ele>295.000</ele>
      </trkpt>
      <trkpt lat="45.544070000" lon="5.702150000">
        <ele>300.000</ele>
      </trkpt>
      <trkpt lat="45.543420000" lon="5.702930000">
        <ele>305.000</ele>
      </trkpt>
      <trkpt lat="45.543350000" lon="5.703020000">
        <ele>309.000</ele>
      </trkpt>
      <trkpt lat="45.543300000" lon="5.702990000">
        <ele>312.000</ele>
      </trkpt>
      <trkpt lat="45.543250000" lon="5.703010000">
        <ele>314.000</ele>
      </trkpt>
      <trkpt lat="45.543220000" lon="5.703050000">
        <ele>315.000</ele>
      </trkpt>
      <trkpt lat="45.543220000" lon="5.703110000">
        <ele>316.000</ele>
      </trkpt>
      <trkpt lat="45.543230000" lon="5.703160000">
        <ele>317.000</ele>
      </trkpt>
      <trkpt lat="45.543180000" lon="5.703210000">
        <ele>317.000</ele>
      </trkpt>
      <trkpt lat="45.542760000" lon="5.703620000">
        <ele>319.000</ele>
      </trkpt>
      <trkpt lat="45.542480000" lon="5.703980000">
        <ele>321.000</ele>
      </trkpt>
      <trkpt lat="45.542210000" lon="5.704510000">
        <ele>323.000</ele>
      </trkpt>
      <trkpt lat="45.542160000" lon="5.704610000">
        <ele>325.000</ele>
      </trkpt>
      <trkpt lat="45.542090000" lon="5.704800000">
        <ele>326.000</ele>
      </trkpt>
      <trkpt lat="45.541790000" lon="5.705510000">
        <ele>327.000</ele>
      </trkpt>
      <trkpt lat="45.541740000" lon="5.705640000">
        <ele>328.000</ele>
      </trkpt>
      <trkpt lat="45.541590000" lon="5.705960000">
        <ele>329.000</ele>
      </trkpt>
      <trkpt lat="45.541430000" lon="5.706280000">
        <ele>330.000</ele>
      </trkpt>
      <trkpt lat="45.541340000" lon="5.706450000">
        <ele>331.000</ele>
      </trkpt>
      <trkpt lat="45.541200000" lon="5.706730000">
        <ele>333.000</ele>
      </trkpt>
      <trkpt lat="45.541120000" lon="5.706840000">
        <ele>334.000</ele>
      </trkpt>
      <trkpt lat="45.541030000" lon="5.706960000">
        <ele>335.000</ele>
      </trkpt>
      <trkpt lat="45.540690000" lon="5.707360000">
        <ele>337.000</ele>
      </trkpt>
      <trkpt lat="45.540460000" lon="5.707630000">
        <ele>339.000</ele>
      </trkpt>
      <trkpt lat="45.540370000" lon="5.707710000">
        <ele>340.000</ele>
      </trkpt>
      <trkpt lat="45.540340000" lon="5.707730000">
        <ele>341.000</ele>
      </trkpt>
      <trkpt lat="45.540330000" lon="5.707750000">
        <ele>342.000</ele>
      </trkpt>
      <trkpt lat="45.540180000" lon="5.707850000">
        <ele>343.000</ele>
      </trkpt>
      <trkpt lat="45.539960000" lon="5.707990000">
        <ele>344.000</ele>
      </trkpt>
      <trkpt lat="45.539750000" lon="5.708110000">
        <ele>345.000</ele>
      </trkpt>
      <trkpt lat="45.539720000" lon="5.708130000">
        <ele>345.000</ele>
      </trkpt>
      <trkpt lat="45.539680000" lon="5.708150000">
        <ele>345.000</ele>
      </trkpt>
      <trkpt lat="45.539650000" lon="5.708170000">
        <ele>345.000</ele>
      </trkpt>
      <trkpt lat="45.539570000" lon="5.708230000">
        <ele>345.000</ele>
      </trkpt>
      <trkpt lat="45.539540000" lon="5.708260000">
        <ele>345.000</ele>
      </trkpt>
      <trkpt lat="45.539330000" lon="5.708420000">
        <ele>345.000</ele>
      </trkpt>
      <trkpt lat="45.539110000" lon="5.708570000">
        <ele>344.000</ele>
      </trkpt>
      <trkpt lat="45.539020000" lon="5.708640000">
        <ele>344.000</ele>
      </trkpt>
      <trkpt lat="45.538860000" lon="5.708760000">
        <ele>343.000</ele>
      </trkpt>
      <trkpt lat="45.538850000" lon="5.708770000">
        <ele>343.000</ele>
      </trkpt>
      <trkpt lat="45.538800000" lon="5.708810000">
        <ele>342.000</ele>
      </trkpt>
      <trkpt lat="45.538720000" lon="5.708860000">
        <ele>342.000</ele>
      </trkpt>
      <trkpt lat="45.538530000" lon="5.708940000">
        <ele>342.000</ele>
      </trkpt>
      <trkpt lat="45.538360000" lon="5.709020000">
        <ele>341.000</ele>
      </trkpt>
      <trkpt lat="45.538240000" lon="5.709070000">
        <ele>341.000</ele>
      </trkpt>
      <trkpt lat="45.538140000" lon="5.709120000">
        <ele>340.000</ele>
      </trkpt>
      <trkpt lat="45.537770000" lon="5.709270000">
        <ele>339.000</ele>
      </trkpt>
      <trkpt lat="45.537560000" lon="5.709370000">
        <ele>338.000</ele>
      </trkpt>
      <trkpt lat="45.537530000" lon="5.709380000">
        <ele>337.000</ele>
      </trkpt>
      <trkpt lat="45.537360000" lon="5.709480000">
        <ele>336.000</ele>
      </trkpt>
      <trkpt lat="45.537190000" lon="5.709590000">
        <ele>335.000</ele>
      </trkpt>
      <trkpt lat="45.537050000" lon="5.709740000">
        <ele>334.000</ele>
      </trkpt>
      <trkpt lat="45.536880000" lon="5.709940000">
        <ele>333.000</ele>
      </trkpt>
      <trkpt lat="45.536530000" lon="5.710370000">
        <ele>332.000</ele>
      </trkpt>
      <trkpt lat="45.536430000" lon="5.710500000">
        <ele>331.000</ele>
      </trkpt>
      <trkpt lat="45.536250000" lon="5.710740000">
        <ele>330.000</ele>
      </trkpt>
      <trkpt lat="45.536110000" lon="5.710990000">
        <ele>329.000</ele>
      </trkpt>
      <trkpt lat="45.535890000" lon="5.711520000">
        <ele>329.000</ele>
      </trkpt>
      <trkpt lat="45.535780000" lon="5.711760000">
        <ele>329.000</ele>
      </trkpt>
      <trkpt lat="45.535570000" lon="5.712160000">
        <ele>329.000</ele>
      </trkpt>
      <trkpt lat="45.535230000" lon="5.712810000">
        <ele>329.000</ele>
      </trkpt>
      <trkpt lat="45.535100000" lon="5.713060000">
        <ele>329.000</ele>
      </trkpt>
      <trkpt lat="45.535010000" lon="5.713290000">
        <ele>329.000</ele>
      </trkpt>
      <trkpt lat="45.534890000" lon="5.713640000">
        <ele>329.000</ele>
      </trkpt>
      <trkpt lat="45.534770000" lon="5.713930000">
        <ele>329.000</ele>
      </trkpt>
      <trkpt lat="45.534650000" lon="5.714140000">
        <ele>329.000</ele>
      </trkpt>
      <trkpt lat="45.534510000" lon="5.714350000">
        <ele>329.000</ele>
      </trkpt>
      <trkpt lat="45.534100000" lon="5.714890000">
        <ele>329.000</ele>
      </trkpt>
      <trkpt lat="45.533810000" lon="5.715290000">
        <ele>328.000</ele>
      </trkpt>
      <trkpt lat="45.533590000" lon="5.715730000">
        <ele>328.000</ele>
      </trkpt>
      <trkpt lat="45.533330000" lon="5.716300000">
        <ele>328.000</ele>
      </trkpt>
      <trkpt lat="45.533220000" lon="5.716460000">
        <ele>328.000</ele>
      </trkpt>
      <trkpt lat="45.533170000" lon="5.716490000">
        <ele>328.000</ele>
      </trkpt>
      <trkpt lat="45.533080000" lon="5.716520000">
        <ele>328.000</ele>
      </trkpt>
      <trkpt lat="45.532820000" lon="5.716490000">
        <ele>328.000</ele>
      </trkpt>
      <trkpt lat="45.532430000" lon="5.716430000">
        <ele>328.000</ele>
      </trkpt>
      <trkpt lat="45.532100000" lon="5.716370000">
        <ele>329.000</ele>
      </trkpt>
      <trkpt lat="45.531630000" lon="5.716290000">
        <ele>330.000</ele>
      </trkpt>
      <trkpt lat="45.531600000" lon="5.716280000">
        <ele>331.000</ele>
      </trkpt>
      <trkpt lat="45.531060000" lon="5.718330000">
        <ele>333.000</ele>
      </trkpt>
      <trkpt lat="45.530380000" lon="5.719280000">
        <ele>335.000</ele>
      </trkpt>
      <trkpt lat="45.530380000" lon="5.719280000">
        <ele>336.000</ele>
      </trkpt>
      <trkpt lat="45.530220000" lon="5.719520000">
        <ele>337.000</ele>
      </trkpt>
      <trkpt lat="45.529670000" lon="5.720300000">
        <ele>337.000</ele>
      </trkpt>
      <trkpt lat="45.529470000" lon="5.720580000">
        <ele>337.000</ele>
      </trkpt>
      <trkpt lat="45.529400000" lon="5.720680000">
        <ele>336.000</ele>
      </trkpt>
      <trkpt lat="45.529360000" lon="5.720830000">
        <ele>336.000</ele>
      </trkpt>
      <trkpt lat="45.529270000" lon="5.721100000">
        <ele>336.000</ele>
      </trkpt>
      <trkpt lat="45.529200000" lon="5.721570000">
        <ele>335.000</ele>
      </trkpt>
      <trkpt lat="45.529090000" lon="5.722460000">
        <ele>334.000</ele>
      </trkpt>
      <trkpt lat="45.529030000" lon="5.723010000">
        <ele>332.000</ele>
      </trkpt>
      <trkpt lat="45.528890000" lon="5.724150000">
        <ele>330.000</ele>
      </trkpt>
      <trkpt lat="45.528840000" lon="5.724630000">
        <ele>329.000</ele>
      </trkpt>
      <trkpt lat="45.528840000" lon="5.724730000">
        <ele>328.000</ele>
      </trkpt>
      <trkpt lat="45.528830000" lon="5.724830000">
        <ele>327.000</ele>
      </trkpt>
      <trkpt lat="45.528840000" lon="5.724900000">
        <ele>326.000</ele>
      </trkpt>
      <trkpt lat="45.528860000" lon="5.724990000">
        <ele>326.000</ele>
      </trkpt>
      <trkpt lat="45.528920000" lon="5.725150000">
        <ele>325.000</ele>
      </trkpt>
      <trkpt lat="45.528980000" lon="5.725310000">
        <ele>325.000</ele>
      </trkpt>
      <trkpt lat="45.529050000" lon="5.725450000">
        <ele>324.000</ele>
      </trkpt>
      <trkpt lat="45.529210000" lon="5.725740000">
        <ele>324.000</ele>
      </trkpt>
      <trkpt lat="45.529330000" lon="5.726140000">
        <ele>322.000</ele>
      </trkpt>
      <trkpt lat="45.529350000" lon="5.726470000">
        <ele>321.000</ele>
      </trkpt>
      <trkpt lat="45.529320000" lon="5.727020000">
        <ele>319.000</ele>
      </trkpt>
      <trkpt lat="45.529330000" lon="5.727320000">
        <ele>317.000</ele>
      </trkpt>
      <trkpt lat="45.529550000" lon="5.728230000">
        <ele>314.000</ele>
      </trkpt>
      <trkpt lat="45.529560000" lon="5.728490000">
        <ele>311.000</ele>
      </trkpt>
      <trkpt lat="45.529520000" lon="5.728680000">
        <ele>309.000</ele>
      </trkpt>
      <trkpt lat="45.529460000" lon="5.728860000">
        <ele>308.000</ele>
      </trkpt>
      <trkpt lat="45.529350000" lon="5.729040000">
        <ele>306.000</ele>
      </trkpt>
      <trkpt lat="45.529190000" lon="5.729180000">
        <ele>305.000</ele>
      </trkpt>
      <trkpt lat="45.528800000" lon="5.729360000">
        <ele>303.000</ele>
      </trkpt>
      <trkpt lat="45.528650000" lon="5.729500000">
        <ele>302.000</ele>
      </trkpt>
      <trkpt lat="45.528410000" lon="5.729830000">
        <ele>300.000</ele>
      </trkpt>
      <trkpt lat="45.528240000" lon="5.730020000">
        <ele>299.000</ele>
      </trkpt>
      <trkpt lat="45.527880000" lon="5.730240000">
        <ele>297.000</ele>
      </trkpt>
      <trkpt lat="45.527750000" lon="5.730380000">
        <ele>296.000</ele>
      </trkpt>
      <trkpt lat="45.527680000" lon="5.730590000">
        <ele>295.000</ele>
      </trkpt>
      <trkpt lat="45.527650000" lon="5.730870000">
        <ele>294.000</ele>
      </trkpt>
      <trkpt lat="45.527590000" lon="5.731580000">
        <ele>292.000</ele>
      </trkpt>
      <trkpt lat="45.527520000" lon="5.731790000">
        <ele>291.000</ele>
      </trkpt>
      <trkpt lat="45.527410000" lon="5.731940000">
        <ele>290.000</ele>
      </trkpt>
      <trkpt lat="45.527220000" lon="5.732080000">
        <ele>289.000</ele>
      </trkpt>
      <trkpt lat="45.526980000" lon="5.732220000">
        <ele>288.000</ele>
      </trkpt>
      <trkpt lat="45.526810000" lon="5.732260000">
        <ele>287.000</ele>
      </trkpt>
      <trkpt lat="45.526540000" lon="5.732280000">
        <ele>285.000</ele>
      </trkpt>
      <trkpt lat="45.526400000" lon="5.732340000">
        <ele>284.000</ele>
      </trkpt>
      <trkpt lat="45.526280000" lon="5.732450000">
        <ele>283.000</ele>
      </trkpt>
      <trkpt lat="45.526170000" lon="5.732620000">
        <ele>281.000</ele>
      </trkpt>
      <trkpt lat="45.525870000" lon="5.733330000">
        <ele>279.000</ele>
      </trkpt>
      <trkpt lat="45.525760000" lon="5.733470000">
        <ele>277.000</ele>
      </trkpt>
      <trkpt lat="45.525660000" lon="5.733550000">
        <ele>276.000</ele>
      </trkpt>
      <trkpt lat="45.525560000" lon="5.733590000">
        <ele>275.000</ele>
      </trkpt>
      <trkpt lat="45.525140000" lon="5.733630000">
        <ele>274.000</ele>
      </trkpt>
      <trkpt lat="45.525020000" lon="5.733650000">
        <ele>273.000</ele>
      </trkpt>
      <trkpt lat="45.524930000" lon="5.733690000">
        <ele>272.000</ele>
      </trkpt>
      <trkpt lat="45.524880000" lon="5.733740000">
        <ele>272.000</ele>
      </trkpt>
      <trkpt lat="45.524840000" lon="5.733810000">
        <ele>271.000</ele>
      </trkpt>
      <trkpt lat="45.524790000" lon="5.733950000">
        <ele>271.000</ele>
      </trkpt>
      <trkpt lat="45.524760000" lon="5.734100000">
        <ele>270.000</ele>
      </trkpt>
      <trkpt lat="45.524750000" lon="5.734260000">
        <ele>270.000</ele>
      </trkpt>
      <trkpt lat="45.524760000" lon="5.734450000">
        <ele>270.000</ele>
      </trkpt>
      <trkpt lat="45.524800000" lon="5.735010000">
        <ele>269.000</ele>
      </trkpt>
      <trkpt lat="45.524850000" lon="5.735570000">
        <ele>268.000</ele>
      </trkpt>
      <trkpt lat="45.524860000" lon="5.735700000">
        <ele>268.000</ele>
      </trkpt>
      <trkpt lat="45.524920000" lon="5.736330000">
        <ele>267.000</ele>
      </trkpt>
      <trkpt lat="45.524990000" lon="5.737210000">
        <ele>266.000</ele>
      </trkpt>
      <trkpt lat="45.525030000" lon="5.737540000">
        <ele>266.000</ele>
      </trkpt>
      <trkpt lat="45.525120000" lon="5.738170000">
        <ele>265.000</ele>
      </trkpt>
      <trkpt lat="45.525140000" lon="5.738380000">
        <ele>265.000</ele>
      </trkpt>
      <trkpt lat="45.525140000" lon="5.738600000">
        <ele>264.000</ele>
      </trkpt>
      <trkpt lat="45.525130000" lon="5.738660000">
        <ele>264.000</ele>
      </trkpt>
      <trkpt lat="45.525120000" lon="5.738680000">
        <ele>264.000</ele>
      </trkpt>
      <trkpt lat="45.525080000" lon="5.738790000">
        <ele>264.000</ele>
      </trkpt>
      <trkpt lat="45.525060000" lon="5.738870000">
        <ele>264.000</ele>
      </trkpt>
      <trkpt lat="45.525010000" lon="5.738830000">
        <ele>264.000</ele>
      </trkpt>
      <trkpt lat="45.524940000" lon="5.738820000">
        <ele>265.000</ele>
      </trkpt>
      <trkpt lat="45.524880000" lon="5.738820000">
        <ele>265.000</ele>
      </trkpt>
      <trkpt lat="45.524300000" lon="5.738920000">
        <ele>265.000</ele>
      </trkpt>
      <trkpt lat="45.522670000" lon="5.739230000">
        <ele>267.000</ele>
      </trkpt>
      <trkpt lat="45.522570000" lon="5.739240000">
        <ele>268.000</ele>
      </trkpt>
      <trkpt lat="45.521420000" lon="5.739460000">
        <ele>272.000</ele>
      </trkpt>
      <trkpt lat="45.521420000" lon="5.739460000">
        <ele>274.000</ele>
      </trkpt>
      <trkpt lat="45.521350000" lon="5.739470000">
        <ele>276.000</ele>
      </trkpt>
      <trkpt lat="45.521140000" lon="5.739470000">
        <ele>278.000</ele>
      </trkpt>
      <trkpt lat="45.520710000" lon="5.739390000">
        <ele>281.000</ele>
      </trkpt>
      <trkpt lat="45.519890000" lon="5.739170000">
        <ele>283.000</ele>
      </trkpt>
      <trkpt lat="45.519670000" lon="5.739150000">
        <ele>284.000</ele>
      </trkpt>
      <trkpt lat="45.519490000" lon="5.739250000">
        <ele>285.000</ele>
      </trkpt>
      <trkpt lat="45.519350000" lon="5.739370000">
        <ele>286.000</ele>
      </trkpt>
      <trkpt lat="45.519080000" lon="5.739550000">
        <ele>286.000</ele>
      </trkpt>
      <trkpt lat="45.518860000" lon="5.739590000">
        <ele>287.000</ele>
      </trkpt>
      <trkpt lat="45.518560000" lon="5.739490000">
        <ele>287.000</ele>
      </trkpt>
      <trkpt lat="45.517200000" lon="5.738670000">
        <ele>286.000</ele>
      </trkpt>
      <trkpt lat="45.516500000" lon="5.738270000">
        <ele>286.000</ele>
      </trkpt>
      <trkpt lat="45.516360000" lon="5.738190000">
        <ele>285.000</ele>
      </trkpt>
      <trkpt lat="45.516300000" lon="5.738150000">
        <ele>285.000</ele>
      </trkpt>
      <trkpt lat="45.515680000" lon="5.737950000">
        <ele>286.000</ele>
      </trkpt>
      <trkpt lat="45.514270000" lon="5.737250000">
        <ele>288.000</ele>
      </trkpt>
      <trkpt lat="45.513960000" lon="5.737200000">
        <ele>290.000</ele>
      </trkpt>
      <trkpt lat="45.513070000" lon="5.737070000">
        <ele>293.000</ele>
      </trkpt>
      <trkpt lat="45.512030000" lon="5.736610000">
        <ele>296.000</ele>
      </trkpt>
      <trkpt lat="45.510910000" lon="5.735780000">
        <ele>300.000</ele>
      </trkpt>
      <trkpt lat="45.510730000" lon="5.735640000">
        <ele>302.000</ele>
      </trkpt>
      <trkpt lat="45.510480000" lon="5.735530000">
        <ele>304.000</ele>
      </trkpt>
      <trkpt lat="45.510170000" lon="5.735450000">
        <ele>305.000</ele>
      </trkpt>
      <trkpt lat="45.509920000" lon="5.735360000">
        <ele>306.000</ele>
      </trkpt>
      <trkpt lat="45.509770000" lon="5.735310000">
        <ele>307.000</ele>
      </trkpt>
      <trkpt lat="45.508330000" lon="5.734530000">
        <ele>308.000</ele>
      </trkpt>
      <trkpt lat="45.507400000" lon="5.734200000">
        <ele>309.000</ele>
      </trkpt>
      <trkpt lat="45.506810000" lon="5.734000000">
        <ele>310.000</ele>
      </trkpt>
      <trkpt lat="45.506610000" lon="5.733910000">
        <ele>310.000</ele>
      </trkpt>
      <trkpt lat="45.506330000" lon="5.733750000">
        <ele>310.000</ele>
      </trkpt>
      <trkpt lat="45.504840000" lon="5.732690000">
        <ele>311.000</ele>
      </trkpt>
      <trkpt lat="45.504670000" lon="5.732610000">
        <ele>311.000</ele>
      </trkpt>
      <trkpt lat="45.504500000" lon="5.732640000">
        <ele>312.000</ele>
      </trkpt>
      <trkpt lat="45.504350000" lon="5.732700000">
        <ele>312.000</ele>
      </trkpt>
      <trkpt lat="45.504310000" lon="5.732720000">
        <ele>312.000</ele>
      </trkpt>
      <trkpt lat="45.504200000" lon="5.732790000">
        <ele>312.000</ele>
      </trkpt>
      <trkpt lat="45.504160000" lon="5.732800000">
        <ele>312.000</ele>
      </trkpt>
      <trkpt lat="45.504110000" lon="5.732830000">
        <ele>312.000</ele>
      </trkpt>
      <trkpt lat="45.504090000" lon="5.732830000">
        <ele>312.000</ele>
      </trkpt>
      <trkpt lat="45.504080000" lon="5.732840000">
        <ele>312.000</ele>
      </trkpt>
      <trkpt lat="45.504030000" lon="5.732840000">
        <ele>312.000</ele>
      </trkpt>
      <trkpt lat="45.503980000" lon="5.732820000">
        <ele>312.000</ele>
      </trkpt>
      <trkpt lat="45.503930000" lon="5.732800000">
        <ele>312.000</ele>
      </trkpt>
      <trkpt lat="45.503900000" lon="5.732760000">
        <ele>312.000</ele>
      </trkpt>
      <trkpt lat="45.503870000" lon="5.732710000">
        <ele>312.000</ele>
      </trkpt>
      <trkpt lat="45.503850000" lon="5.732650000">
        <ele>312.000</ele>
      </trkpt>
      <trkpt lat="45.503820000" lon="5.732530000">
        <ele>312.000</ele>
      </trkpt>
      <trkpt lat="45.503700000" lon="5.731990000">
        <ele>312.000</ele>
      </trkpt>
      <trkpt lat="45.503650000" lon="5.731820000">
        <ele>312.000</ele>
      </trkpt>
      <trkpt lat="45.503630000" lon="5.731740000">
        <ele>312.000</ele>
      </trkpt>
      <trkpt lat="45.503530000" lon="5.731420000">
        <ele>312.000</ele>
      </trkpt>
      <trkpt lat="45.503480000" lon="5.731230000">
        <ele>313.000</ele>
      </trkpt>
      <trkpt lat="45.503330000" lon="5.730720000">
        <ele>313.000</ele>
      </trkpt>
      <trkpt lat="45.502760000" lon="5.729690000">
        <ele>314.000</ele>
      </trkpt>
      <trkpt lat="45.502620000" lon="5.729420000">
        <ele>314.000</ele>
      </trkpt>
      <trkpt lat="45.502530000" lon="5.729230000">
        <ele>315.000</ele>
      </trkpt>
      <trkpt lat="45.502550000" lon="5.729180000">
        <ele>315.000</ele>
      </trkpt>
      <trkpt lat="45.502550000" lon="5.729120000">
        <ele>315.000</ele>
      </trkpt>
      <trkpt lat="45.502520000" lon="5.729060000">
        <ele>315.000</ele>
      </trkpt>
      <trkpt lat="45.502480000" lon="5.729020000">
        <ele>315.000</ele>
      </trkpt>
      <trkpt lat="45.502430000" lon="5.729020000">
        <ele>316.000</ele>
      </trkpt>
      <trkpt lat="45.502390000" lon="5.729060000">
        <ele>316.000</ele>
      </trkpt>
      <trkpt lat="45.502210000" lon="5.728600000">
        <ele>316.000</ele>
      </trkpt>
      <trkpt lat="45.501920000" lon="5.727700000">
        <ele>316.000</ele>
      </trkpt>
      <trkpt lat="45.501740000" lon="5.727120000">
        <ele>317.000</ele>
      </trkpt>
      <trkpt lat="45.501670000" lon="5.726870000">
        <ele>318.000</ele>
      </trkpt>
      <trkpt lat="45.501510000" lon="5.726550000">
        <ele>318.000</ele>
      </trkpt>
      <trkpt lat="45.501440000" lon="5.726410000">
        <ele>318.000</ele>
      </trkpt>
      <trkpt lat="45.501340000" lon="5.726300000">
        <ele>318.000</ele>
      </trkpt>
      <trkpt lat="45.501220000" lon="5.726220000">
        <ele>319.000</ele>
      </trkpt>
      <trkpt lat="45.501110000" lon="5.726140000">
        <ele>319.000</ele>
      </trkpt>
      <trkpt lat="45.500980000" lon="5.725990000">
        <ele>319.000</ele>
      </trkpt>
      <trkpt lat="45.500960000" lon="5.725960000">
        <ele>319.000</ele>
      </trkpt>
      <trkpt lat="45.500900000" lon="5.725970000">
        <ele>319.000</ele>
      </trkpt>
      <trkpt lat="45.500830000" lon="5.725980000">
        <ele>319.000</ele>
      </trkpt>
      <trkpt lat="45.500780000" lon="5.726060000">
        <ele>319.000</ele>
      </trkpt>
      <trkpt lat="45.500150000" lon="5.726980000">
        <ele>319.000</ele>
      </trkpt>
      <trkpt lat="45.499700000" lon="5.727690000">
        <ele>321.000</ele>
      </trkpt>
      <trkpt lat="45.499490000" lon="5.727980000">
        <ele>323.000</ele>
      </trkpt>
      <trkpt lat="45.499400000" lon="5.728110000">
        <ele>324.000</ele>
      </trkpt>
      <trkpt lat="45.499000000" lon="5.728710000">
        <ele>327.000</ele>
      </trkpt>
      <trkpt lat="45.498400000" lon="5.729580000">
        <ele>330.000</ele>
      </trkpt>
      <trkpt lat="45.498280000" lon="5.729730000">
        <ele>333.000</ele>
      </trkpt>
      <trkpt lat="45.498180000" lon="5.729820000">
        <ele>335.000</ele>
      </trkpt>
      <trkpt lat="45.498060000" lon="5.729890000">
        <ele>337.000</ele>
      </trkpt>
      <trkpt lat="45.497980000" lon="5.729930000">
        <ele>338.000</ele>
      </trkpt>
      <trkpt lat="45.497850000" lon="5.729960000">
        <ele>339.000</ele>
      </trkpt>
      <trkpt lat="45.497750000" lon="5.729960000">
        <ele>340.000</ele>
      </trkpt>
      <trkpt lat="45.497690000" lon="5.729950000">
        <ele>340.000</ele>
      </trkpt>
      <trkpt lat="45.497630000" lon="5.729930000">
        <ele>341.000</ele>
      </trkpt>
      <trkpt lat="45.497520000" lon="5.729880000">
        <ele>341.000</ele>
      </trkpt>
      <trkpt lat="45.497280000" lon="5.729720000">
        <ele>342.000</ele>
      </trkpt>
      <trkpt lat="45.494810000" lon="5.728000000">
        <ele>348.000</ele>
      </trkpt>
      <trkpt lat="45.494710000" lon="5.727910000">
        <ele>351.000</ele>
      </trkpt>
      <trkpt lat="45.494590000" lon="5.727790000">
        <ele>354.000</ele>
      </trkpt>
      <trkpt lat="45.493410000" lon="5.726400000">
        <ele>358.000</ele>
      </trkpt>
      <trkpt lat="45.492710000" lon="5.725580000">
        <ele>361.000</ele>
      </trkpt>
      <trkpt lat="45.492180000" lon="5.724970000">
        <ele>364.000</ele>
      </trkpt>
      <trkpt lat="45.491650000" lon="5.724220000">
        <ele>367.000</ele>
      </trkpt>
      <trkpt lat="45.491380000" lon="5.723830000">
        <ele>369.000</ele>
      </trkpt>
      <trkpt lat="45.491260000" lon="5.723650000">
        <ele>371.000</ele>
      </trkpt>
      <trkpt lat="45.491130000" lon="5.723460000">
        <ele>372.000</ele>
      </trkpt>
      <trkpt lat="45.490940000" lon="5.723120000">
        <ele>373.000</ele>
      </trkpt>
      <trkpt lat="45.490750000" lon="5.722780000">
        <ele>374.000</ele>
      </trkpt>
      <trkpt lat="45.490530000" lon="5.722390000">
        <ele>376.000</ele>
      </trkpt>
      <trkpt lat="45.490370000" lon="5.722110000">
        <ele>377.000</ele>
      </trkpt>
      <trkpt lat="45.490190000" lon="5.721810000">
        <ele>378.000</ele>
      </trkpt>
      <trkpt lat="45.490090000" lon="5.721680000">
        <ele>379.000</ele>
      </trkpt>
      <trkpt lat="45.489970000" lon="5.721560000">
        <ele>380.000</ele>
      </trkpt>
      <trkpt lat="45.489860000" lon="5.721470000">
        <ele>382.000</ele>
      </trkpt>
      <trkpt lat="45.489750000" lon="5.721390000">
        <ele>383.000</ele>
      </trkpt>
      <trkpt lat="45.489670000" lon="5.721370000">
        <ele>384.000</ele>
      </trkpt>
      <trkpt lat="45.489590000" lon="5.721370000">
        <ele>385.000</ele>
      </trkpt>
      <trkpt lat="45.489510000" lon="5.721400000">
        <ele>387.000</ele>
      </trkpt>
      <trkpt lat="45.489430000" lon="5.721440000">
        <ele>388.000</ele>
      </trkpt>
      <trkpt lat="45.489040000" lon="5.721760000">
        <ele>390.000</ele>
      </trkpt>
      <trkpt lat="45.488950000" lon="5.721770000">
        <ele>392.000</ele>
      </trkpt>
      <trkpt lat="45.488880000" lon="5.721760000">
        <ele>394.000</ele>
      </trkpt>
      <trkpt lat="45.488770000" lon="5.721720000">
        <ele>395.000</ele>
      </trkpt>
      <trkpt lat="45.488680000" lon="5.721660000">
        <ele>397.000</ele>
      </trkpt>
      <trkpt lat="45.488320000" lon="5.721420000">
        <ele>399.000</ele>
      </trkpt>
      <trkpt lat="45.488130000" lon="5.721350000">
        <ele>402.000</ele>
      </trkpt>
      <trkpt lat="45.487120000" lon="5.721210000">
        <ele>405.000</ele>
      </trkpt>
      <trkpt lat="45.486760000" lon="5.721210000">
        <ele>408.000</ele>
      </trkpt>
      <trkpt lat="45.485340000" lon="5.721280000">
        <ele>413.000</ele>
      </trkpt>
      <trkpt lat="45.485270000" lon="5.721260000">
        <ele>417.000</ele>
      </trkpt>
      <trkpt lat="45.485190000" lon="5.721220000">
        <ele>419.000</ele>
      </trkpt>
      <trkpt lat="45.484980000" lon="5.721060000">
        <ele>421.000</ele>
      </trkpt>
      <trkpt lat="45.484370000" lon="5.720570000">
        <ele>423.000</ele>
      </trkpt>
      <trkpt lat="45.484170000" lon="5.720460000">
        <ele>424.000</ele>
      </trkpt>
      <trkpt lat="45.484010000" lon="5.720430000">
        <ele>425.000</ele>
      </trkpt>
      <trkpt lat="45.483880000" lon="5.720440000">
        <ele>426.000</ele>
      </trkpt>
      <trkpt lat="45.483780000" lon="5.720550000">
        <ele>427.000</ele>
      </trkpt>
      <trkpt lat="45.483720000" lon="5.720730000">
        <ele>427.000</ele>
      </trkpt>
      <trkpt lat="45.483670000" lon="5.720820000">
        <ele>428.000</ele>
      </trkpt>
      <trkpt lat="45.483510000" lon="5.720980000">
        <ele>428.000</ele>
      </trkpt>
      <trkpt lat="45.483370000" lon="5.721130000">
        <ele>429.000</ele>
      </trkpt>
      <trkpt lat="45.483290000" lon="5.721320000">
        <ele>429.000</ele>
      </trkpt>
      <trkpt lat="45.483240000" lon="5.721450000">
        <ele>430.000</ele>
      </trkpt>
      <trkpt lat="45.483190000" lon="5.721570000">
        <ele>430.000</ele>
      </trkpt>
      <trkpt lat="45.483150000" lon="5.721700000">
        <ele>431.000</ele>
      </trkpt>
      <trkpt lat="45.483120000" lon="5.721920000">
        <ele>431.000</ele>
      </trkpt>
      <trkpt lat="45.483130000" lon="5.722060000">
        <ele>431.000</ele>
      </trkpt>
      <trkpt lat="45.483130000" lon="5.722170000">
        <ele>432.000</ele>
      </trkpt>
      <trkpt lat="45.483110000" lon="5.722310000">
        <ele>432.000</ele>
      </trkpt>
      <trkpt lat="45.483060000" lon="5.722440000">
        <ele>432.000</ele>
      </trkpt>
      <trkpt lat="45.483000000" lon="5.722530000">
        <ele>433.000</ele>
      </trkpt>
      <trkpt lat="45.482810000" lon="5.722770000">
        <ele>433.000</ele>
      </trkpt>
      <trkpt lat="45.482680000" lon="5.722890000">
        <ele>434.000</ele>
      </trkpt>
      <trkpt lat="45.482390000" lon="5.723080000">
        <ele>434.000</ele>
      </trkpt>
      <trkpt lat="45.482330000" lon="5.723160000">
        <ele>434.000</ele>
      </trkpt>
      <trkpt lat="45.482170000" lon="5.723430000">
        <ele>434.000</ele>
      </trkpt>
      <trkpt lat="45.482050000" lon="5.723620000">
        <ele>434.000</ele>
      </trkpt>
      <trkpt lat="45.482010000" lon="5.723660000">
        <ele>434.000</ele>
      </trkpt>
      <trkpt lat="45.481940000" lon="5.723690000">
        <ele>434.000</ele>
      </trkpt>
      <trkpt lat="45.481530000" lon="5.723740000">
        <ele>434.000</ele>
      </trkpt>
      <trkpt lat="45.481370000" lon="5.723780000">
        <ele>434.000</ele>
      </trkpt>
      <trkpt lat="45.481250000" lon="5.723870000">
        <ele>434.000</ele>
      </trkpt>
      <trkpt lat="45.481160000" lon="5.723980000">
        <ele>434.000</ele>
      </trkpt>
      <trkpt lat="45.481040000" lon="5.724150000">
        <ele>434.000</ele>
      </trkpt>
      <trkpt lat="45.480980000" lon="5.724200000">
        <ele>434.000</ele>
      </trkpt>
      <trkpt lat="45.480900000" lon="5.724240000">
        <ele>434.000</ele>
      </trkpt>
      <trkpt lat="45.480800000" lon="5.724250000">
        <ele>433.000</ele>
      </trkpt>
      <trkpt lat="45.480600000" lon="5.724230000">
        <ele>433.000</ele>
      </trkpt>
      <trkpt lat="45.480530000" lon="5.724230000">
        <ele>432.000</ele>
      </trkpt>
      <trkpt lat="45.480460000" lon="5.724240000">
        <ele>431.000</ele>
      </trkpt>
      <trkpt lat="45.480390000" lon="5.724260000">
        <ele>430.000</ele>
      </trkpt>
      <trkpt lat="45.480320000" lon="5.724300000">
        <ele>430.000</ele>
      </trkpt>
      <trkpt lat="45.480220000" lon="5.724380000">
        <ele>429.000</ele>
      </trkpt>
      <trkpt lat="45.480090000" lon="5.724510000">
        <ele>428.000</ele>
      </trkpt>
      <trkpt lat="45.479880000" lon="5.724730000">
        <ele>427.000</ele>
      </trkpt>
      <trkpt lat="45.479400000" lon="5.725440000">
        <ele>424.000</ele>
      </trkpt>
      <trkpt lat="45.479020000" lon="5.726000000">
        <ele>421.000</ele>
      </trkpt>
      <trkpt lat="45.478880000" lon="5.726250000">
        <ele>418.000</ele>
      </trkpt>
      <trkpt lat="45.478470000" lon="5.727140000">
        <ele>414.000</ele>
      </trkpt>
      <trkpt lat="45.478020000" lon="5.728090000">
        <ele>409.000</ele>
      </trkpt>
      <trkpt lat="45.477910000" lon="5.728340000">
        <ele>406.000</ele>
      </trkpt>
      <trkpt lat="45.477820000" lon="5.728670000">
        <ele>404.000</ele>
      </trkpt>
      <trkpt lat="45.477730000" lon="5.729050000">
        <ele>403.000</ele>
      </trkpt>
      <trkpt lat="45.477640000" lon="5.729300000">
        <ele>402.000</ele>
      </trkpt>
      <trkpt lat="45.477500000" lon="5.729580000">
        <ele>402.000</ele>
      </trkpt>
      <trkpt lat="45.477360000" lon="5.729810000">
        <ele>402.000</ele>
      </trkpt>
      <trkpt lat="45.477150000" lon="5.730140000">
        <ele>402.000</ele>
      </trkpt>
      <trkpt lat="45.476940000" lon="5.730450000">
        <ele>402.000</ele>
      </trkpt>
      <trkpt lat="45.476760000" lon="5.730730000">
        <ele>402.000</ele>
      </trkpt>
      <trkpt lat="45.476670000" lon="5.730990000">
        <ele>401.000</ele>
      </trkpt>
      <trkpt lat="45.476590000" lon="5.731330000">
        <ele>399.000</ele>
      </trkpt>
      <trkpt lat="45.476550000" lon="5.731540000">
        <ele>398.000</ele>
      </trkpt>
      <trkpt lat="45.476490000" lon="5.731720000">
        <ele>397.000</ele>
      </trkpt>
      <trkpt lat="45.476420000" lon="5.731890000">
        <ele>396.000</ele>
      </trkpt>
      <trkpt lat="45.476330000" lon="5.732030000">
        <ele>395.000</ele>
      </trkpt>
      <trkpt lat="45.476220000" lon="5.732140000">
        <ele>394.000</ele>
      </trkpt>
      <trkpt lat="45.476120000" lon="5.732240000">
        <ele>393.000</ele>
      </trkpt>
      <trkpt lat="45.476030000" lon="5.732310000">
        <ele>392.000</ele>
      </trkpt>
      <trkpt lat="45.475920000" lon="5.732380000">
        <ele>391.000</ele>
      </trkpt>
      <trkpt lat="45.475850000" lon="5.732420000">
        <ele>390.000</ele>
      </trkpt>
      <trkpt lat="45.475780000" lon="5.732460000">
        <ele>390.000</ele>
      </trkpt>
      <trkpt lat="45.475730000" lon="5.732520000">
        <ele>390.000</ele>
      </trkpt>
      <trkpt lat="45.475680000" lon="5.732620000">
        <ele>390.000</ele>
      </trkpt>
      <trkpt lat="45.475650000" lon="5.732740000">
        <ele>390.000</ele>
      </trkpt>
      <trkpt lat="45.475650000" lon="5.732870000">
        <ele>391.000</ele>
      </trkpt>
      <trkpt lat="45.475660000" lon="5.732970000">
        <ele>391.000</ele>
      </trkpt>
      <trkpt lat="45.475770000" lon="5.733240000">
        <ele>392.000</ele>
      </trkpt>
      <trkpt lat="45.475780000" lon="5.733370000">
        <ele>393.000</ele>
      </trkpt>
      <trkpt lat="45.475770000" lon="5.733480000">
        <ele>394.000</ele>
      </trkpt>
      <trkpt lat="45.475730000" lon="5.733620000">
        <ele>395.000</ele>
      </trkpt>
      <trkpt lat="45.475420000" lon="5.734330000">
        <ele>397.000</ele>
      </trkpt>
      <trkpt lat="45.475350000" lon="5.734440000">
        <ele>399.000</ele>
      </trkpt>
      <trkpt lat="45.475270000" lon="5.734510000">
        <ele>401.000</ele>
      </trkpt>
      <trkpt lat="45.475150000" lon="5.734550000">
        <ele>402.000</ele>
      </trkpt>
      <trkpt lat="45.474960000" lon="5.734600000">
        <ele>402.000</ele>
      </trkpt>
      <trkpt lat="45.474820000" lon="5.734640000">
        <ele>402.000</ele>
      </trkpt>
      <trkpt lat="45.474590000" lon="5.734710000">
        <ele>401.000</ele>
      </trkpt>
      <trkpt lat="45.474450000" lon="5.734750000">
        <ele>399.000</ele>
      </trkpt>
      <trkpt lat="45.474360000" lon="5.734800000">
        <ele>398.000</ele>
      </trkpt>
      <trkpt lat="45.474210000" lon="5.734910000">
        <ele>397.000</ele>
      </trkpt>
      <trkpt lat="45.474000000" lon="5.735050000">
        <ele>395.000</ele>
      </trkpt>
      <trkpt lat="45.473740000" lon="5.735170000">
        <ele>393.000</ele>
      </trkpt>
      <trkpt lat="45.473570000" lon="5.735220000">
        <ele>391.000</ele>
      </trkpt>
      <trkpt lat="45.473390000" lon="5.735250000">
        <ele>389.000</ele>
      </trkpt>
      <trkpt lat="45.473310000" lon="5.735280000">
        <ele>387.000</ele>
      </trkpt>
      <trkpt lat="45.473230000" lon="5.735340000">
        <ele>386.000</ele>
      </trkpt>
      <trkpt lat="45.473160000" lon="5.735420000">
        <ele>385.000</ele>
      </trkpt>
      <trkpt lat="45.473100000" lon="5.735520000">
        <ele>384.000</ele>
      </trkpt>
      <trkpt lat="45.473050000" lon="5.735650000">
        <ele>383.000</ele>
      </trkpt>
      <trkpt lat="45.473020000" lon="5.735780000">
        <ele>383.000</ele>
      </trkpt>
      <trkpt lat="45.472970000" lon="5.736150000">
        <ele>382.000</ele>
      </trkpt>
      <trkpt lat="45.472950000" lon="5.736340000">
        <ele>381.000</ele>
      </trkpt>
      <trkpt lat="45.472920000" lon="5.736480000">
        <ele>380.000</ele>
      </trkpt>
      <trkpt lat="45.472880000" lon="5.736570000">
        <ele>380.000</ele>
      </trkpt>
      <trkpt lat="45.472830000" lon="5.736680000">
        <ele>379.000</ele>
      </trkpt>
      <trkpt lat="45.472670000" lon="5.736950000">
        <ele>378.000</ele>
      </trkpt>
      <trkpt lat="45.472650000" lon="5.737030000">
        <ele>377.000</ele>
      </trkpt>
      <trkpt lat="45.472630000" lon="5.737120000">
        <ele>377.000</ele>
      </trkpt>
      <trkpt lat="45.472630000" lon="5.737200000">
        <ele>376.000</ele>
      </trkpt>
      <trkpt lat="45.472640000" lon="5.737290000">
        <ele>376.000</ele>
      </trkpt>
      <trkpt lat="45.472670000" lon="5.737450000">
        <ele>376.000</ele>
      </trkpt>
      <trkpt lat="45.472750000" lon="5.737780000">
        <ele>375.000</ele>
      </trkpt>
      <trkpt lat="45.472780000" lon="5.737940000">
        <ele>375.000</ele>
      </trkpt>
      <trkpt lat="45.472780000" lon="5.738010000">
        <ele>375.000</ele>
      </trkpt>
      <trkpt lat="45.472780000" lon="5.738070000">
        <ele>374.000</ele>
      </trkpt>
      <trkpt lat="45.472780000" lon="5.738100000">
        <ele>374.000</ele>
      </trkpt>
      <trkpt lat="45.472760000" lon="5.738230000">
        <ele>374.000</ele>
      </trkpt>
      <trkpt lat="45.472730000" lon="5.738370000">
        <ele>374.000</ele>
      </trkpt>
      <trkpt lat="45.472670000" lon="5.738530000">
        <ele>374.000</ele>
      </trkpt>
      <trkpt lat="45.472590000" lon="5.738680000">
        <ele>374.000</ele>
      </trkpt>
      <trkpt lat="45.472500000" lon="5.738790000">
        <ele>374.000</ele>
      </trkpt>
      <trkpt lat="45.472420000" lon="5.738850000">
        <ele>374.000</ele>
      </trkpt>
      <trkpt lat="45.472330000" lon="5.738880000">
        <ele>373.000</ele>
      </trkpt>
      <trkpt lat="45.472240000" lon="5.738900000">
        <ele>373.000</ele>
      </trkpt>
      <trkpt lat="45.472150000" lon="5.738890000">
        <ele>373.000</ele>
      </trkpt>
      <trkpt lat="45.472060000" lon="5.738860000">
        <ele>373.000</ele>
      </trkpt>
      <trkpt lat="45.471980000" lon="5.738810000">
        <ele>373.000</ele>
      </trkpt>
      <trkpt lat="45.471920000" lon="5.738750000">
        <ele>373.000</ele>
      </trkpt>
      <trkpt lat="45.471850000" lon="5.738650000">
        <ele>373.000</ele>
      </trkpt>
      <trkpt lat="45.471780000" lon="5.738550000">
        <ele>373.000</ele>
      </trkpt>
      <trkpt lat="45.471720000" lon="5.738420000">
        <ele>373.000</ele>
      </trkpt>
      <trkpt lat="45.471390000" lon="5.737700000">
        <ele>372.000</ele>
      </trkpt>
      <trkpt lat="45.471250000" lon="5.737510000">
        <ele>371.000</ele>
      </trkpt>
      <trkpt lat="45.471040000" lon="5.737350000">
        <ele>371.000</ele>
      </trkpt>
      <trkpt lat="45.470460000" lon="5.736910000">
        <ele>370.000</ele>
      </trkpt>
      <trkpt lat="45.470400000" lon="5.736860000">
        <ele>370.000</ele>
      </trkpt>
      <trkpt lat="45.470170000" lon="5.736700000">
        <ele>369.000</ele>
      </trkpt>
      <trkpt lat="45.469900000" lon="5.736540000">
        <ele>369.000</ele>
      </trkpt>
      <trkpt lat="45.469820000" lon="5.736510000">
        <ele>369.000</ele>
      </trkpt>
      <trkpt lat="45.469560000" lon="5.736390000">
        <ele>368.000</ele>
      </trkpt>
      <trkpt lat="45.469120000" lon="5.736270000">
        <ele>368.000</ele>
      </trkpt>
      <trkpt lat="45.468870000" lon="5.736230000">
        <ele>368.000</ele>
      </trkpt>
      <trkpt lat="45.468600000" lon="5.736200000">
        <ele>368.000</ele>
      </trkpt>
      <trkpt lat="45.468350000" lon="5.736210000">
        <ele>368.000</ele>
      </trkpt>
      <trkpt lat="45.468090000" lon="5.736230000">
        <ele>369.000</ele>
      </trkpt>
      <trkpt lat="45.466410000" lon="5.736500000">
        <ele>371.000</ele>
      </trkpt>
      <trkpt lat="45.466140000" lon="5.736550000">
        <ele>373.000</ele>
      </trkpt>
      <trkpt lat="45.466000000" lon="5.736570000">
        <ele>374.000</ele>
      </trkpt>
      <trkpt lat="45.464970000" lon="5.736730000">
        <ele>375.000</ele>
      </trkpt>
      <trkpt lat="45.464810000" lon="5.736760000">
        <ele>375.000</ele>
      </trkpt>
      <trkpt lat="45.463960000" lon="5.736890000">
        <ele>375.000</ele>
      </trkpt>
      <trkpt lat="45.463880000" lon="5.736910000">
        <ele>375.000</ele>
      </trkpt>
      <trkpt lat="45.463790000" lon="5.736920000">
        <ele>375.000</ele>
      </trkpt>
      <trkpt lat="45.461800000" lon="5.737240000">
        <ele>376.000</ele>
      </trkpt>
      <trkpt lat="45.461280000" lon="5.737330000">
        <ele>377.000</ele>
      </trkpt>
      <trkpt lat="45.460750000" lon="5.737410000">
        <ele>378.000</ele>
      </trkpt>
      <trkpt lat="45.460150000" lon="5.737510000">
        <ele>379.000</ele>
      </trkpt>
      <trkpt lat="45.459920000" lon="5.737530000">
        <ele>380.000</ele>
      </trkpt>
      <trkpt lat="45.459710000" lon="5.737550000">
        <ele>380.000</ele>
      </trkpt>
      <trkpt lat="45.459340000" lon="5.737530000">
        <ele>381.000</ele>
      </trkpt>
      <trkpt lat="45.459250000" lon="5.737520000">
        <ele>381.000</ele>
      </trkpt>
      <trkpt lat="45.459170000" lon="5.737510000">
        <ele>381.000</ele>
      </trkpt>
      <trkpt lat="45.458990000" lon="5.737480000">
        <ele>381.000</ele>
      </trkpt>
      <trkpt lat="45.458780000" lon="5.737420000">
        <ele>381.000</ele>
      </trkpt>
      <trkpt lat="45.458570000" lon="5.737330000">
        <ele>381.000</ele>
      </trkpt>
      <trkpt lat="45.458150000" lon="5.737070000">
        <ele>381.000</ele>
      </trkpt>
      <trkpt lat="45.456620000" lon="5.736070000">
        <ele>381.000</ele>
      </trkpt>
      <trkpt lat="45.455750000" lon="5.735510000">
        <ele>382.000</ele>
      </trkpt>
      <trkpt lat="45.455590000" lon="5.735430000">
        <ele>382.000</ele>
      </trkpt>
      <trkpt lat="45.455440000" lon="5.735370000">
        <ele>382.000</ele>
      </trkpt>
      <trkpt lat="45.455270000" lon="5.735340000">
        <ele>382.000</ele>
      </trkpt>
      <trkpt lat="45.455110000" lon="5.735330000">
        <ele>382.000</ele>
      </trkpt>
      <trkpt lat="45.454970000" lon="5.735330000">
        <ele>381.000</ele>
      </trkpt>
      <trkpt lat="45.454830000" lon="5.735360000">
        <ele>381.000</ele>
      </trkpt>
      <trkpt lat="45.454630000" lon="5.735410000">
        <ele>380.000</ele>
      </trkpt>
      <trkpt lat="45.454470000" lon="5.735470000">
        <ele>380.000</ele>
      </trkpt>
      <trkpt lat="45.452620000" lon="5.736150000">
        <ele>377.000</ele>
      </trkpt>
      <trkpt lat="45.450060000" lon="5.737080000">
        <ele>376.000</ele>
      </trkpt>
      <trkpt lat="45.449270000" lon="5.737370000">
        <ele>376.000</ele>
      </trkpt>
      <trkpt lat="45.448270000" lon="5.737730000">
        <ele>377.000</ele>
      </trkpt>
      <trkpt lat="45.447500000" lon="5.738020000">
        <ele>378.000</ele>
      </trkpt>
      <trkpt lat="45.446780000" lon="5.738280000">
        <ele>378.000</ele>
      </trkpt>
      <trkpt lat="45.446480000" lon="5.738410000">
        <ele>379.000</ele>
      </trkpt>
      <trkpt lat="45.446360000" lon="5.738500000">
        <ele>379.000</ele>
      </trkpt>
      <trkpt lat="45.446240000" lon="5.738600000">
        <ele>379.000</ele>
      </trkpt>
      <trkpt lat="45.446120000" lon="5.738750000">
        <ele>380.000</ele>
      </trkpt>
      <trkpt lat="45.446020000" lon="5.738880000">
        <ele>380.000</ele>
      </trkpt>
      <trkpt lat="45.445130000" lon="5.740340000">
        <ele>381.000</ele>
      </trkpt>
      <trkpt lat="45.443400000" lon="5.743170000">
        <ele>381.000</ele>
      </trkpt>
      <trkpt lat="45.443060000" lon="5.743740000">
        <ele>381.000</ele>
      </trkpt>
      <trkpt lat="45.442200000" lon="5.745140000">
        <ele>381.000</ele>
      </trkpt>
      <trkpt lat="45.441730000" lon="5.745920000">
        <ele>381.000</ele>
      </trkpt>
      <trkpt lat="45.441200000" lon="5.746790000">
        <ele>382.000</ele>
      </trkpt>
      <trkpt lat="45.441160000" lon="5.746860000">
        <ele>382.000</ele>
      </trkpt>
      <trkpt lat="45.440580000" lon="5.747790000">
        <ele>382.000</ele>
      </trkpt>
      <trkpt lat="45.440490000" lon="5.747940000">
        <ele>382.000</ele>
      </trkpt>
      <trkpt lat="45.440040000" lon="5.748680000">
        <ele>383.000</ele>
      </trkpt>
      <trkpt lat="45.439870000" lon="5.748970000">
        <ele>383.000</ele>
      </trkpt>
      <trkpt lat="45.439790000" lon="5.749100000">
        <ele>383.000</ele>
      </trkpt>
      <trkpt lat="45.439710000" lon="5.749230000">
        <ele>383.000</ele>
      </trkpt>
      <trkpt lat="45.439330000" lon="5.749850000">
        <ele>384.000</ele>
      </trkpt>
      <trkpt lat="45.438980000" lon="5.750440000">
        <ele>384.000</ele>
      </trkpt>
      <trkpt lat="45.438680000" lon="5.750930000">
        <ele>384.000</ele>
      </trkpt>
      <trkpt lat="45.438590000" lon="5.751070000">
        <ele>384.000</ele>
      </trkpt>
      <trkpt lat="45.438370000" lon="5.751070000">
        <ele>384.000</ele>
      </trkpt>
      <trkpt lat="45.438250000" lon="5.751080000">
        <ele>384.000</ele>
      </trkpt>
      <trkpt lat="45.438070000" lon="5.751040000">
        <ele>384.000</ele>
      </trkpt>
      <trkpt lat="45.437840000" lon="5.751020000">
        <ele>384.000</ele>
      </trkpt>
      <trkpt lat="45.437720000" lon="5.751050000">
        <ele>384.000</ele>
      </trkpt>
      <trkpt lat="45.437610000" lon="5.751100000">
        <ele>384.000</ele>
      </trkpt>
      <trkpt lat="45.437180000" lon="5.751370000">
        <ele>384.000</ele>
      </trkpt>
      <trkpt lat="45.437150000" lon="5.751390000">
        <ele>384.000</ele>
      </trkpt>
      <trkpt lat="45.436640000" lon="5.751720000">
        <ele>384.000</ele>
      </trkpt>
      <trkpt lat="45.436590000" lon="5.751760000">
        <ele>384.000</ele>
      </trkpt>
      <trkpt lat="45.436010000" lon="5.752130000">
        <ele>384.000</ele>
      </trkpt>
      <trkpt lat="45.435730000" lon="5.752310000">
        <ele>384.000</ele>
      </trkpt>
      <trkpt lat="45.435580000" lon="5.752410000">
        <ele>384.000</ele>
      </trkpt>
      <trkpt lat="45.435450000" lon="5.752470000">
        <ele>384.000</ele>
      </trkpt>
      <trkpt lat="45.435380000" lon="5.752500000">
        <ele>384.000</ele>
      </trkpt>
      <trkpt lat="45.435280000" lon="5.752520000">
        <ele>384.000</ele>
      </trkpt>
      <trkpt lat="45.435160000" lon="5.752520000">
        <ele>384.000</ele>
      </trkpt>
      <trkpt lat="45.435040000" lon="5.752520000">
        <ele>384.000</ele>
      </trkpt>
      <trkpt lat="45.434700000" lon="5.752500000">
        <ele>384.000</ele>
      </trkpt>
      <trkpt lat="45.434560000" lon="5.752490000">
        <ele>384.000</ele>
      </trkpt>
      <trkpt lat="45.434290000" lon="5.752470000">
        <ele>384.000</ele>
      </trkpt>
      <trkpt lat="45.434150000" lon="5.752460000">
        <ele>384.000</ele>
      </trkpt>
      <trkpt lat="45.434010000" lon="5.752440000">
        <ele>385.000</ele>
      </trkpt>
      <trkpt lat="45.433680000" lon="5.752420000">
        <ele>385.000</ele>
      </trkpt>
      <trkpt lat="45.433640000" lon="5.752410000">
        <ele>385.000</ele>
      </trkpt>
      <trkpt lat="45.433540000" lon="5.752400000">
        <ele>385.000</ele>
      </trkpt>
      <trkpt lat="45.433430000" lon="5.752380000">
        <ele>385.000</ele>
      </trkpt>
      <trkpt lat="45.433210000" lon="5.752360000">
        <ele>386.000</ele>
      </trkpt>
      <trkpt lat="45.433060000" lon="5.752380000">
        <ele>386.000</ele>
      </trkpt>
      <trkpt lat="45.432970000" lon="5.752380000">
        <ele>386.000</ele>
      </trkpt>
      <trkpt lat="45.433010000" lon="5.752530000">
        <ele>386.000</ele>
      </trkpt>
      <trkpt lat="45.433040000" lon="5.752630000">
        <ele>386.000</ele>
      </trkpt>
      <trkpt lat="45.433050000" lon="5.752720000">
        <ele>386.000</ele>
      </trkpt>
      <trkpt lat="45.433090000" lon="5.752860000">
        <ele>387.000</ele>
      </trkpt>
      <trkpt lat="45.433190000" lon="5.753080000">
        <ele>387.000</ele>
      </trkpt>
      <trkpt lat="45.433300000" lon="5.753280000">
        <ele>387.000</ele>
      </trkpt>
      <trkpt lat="45.433350000" lon="5.753380000">
        <ele>387.000</ele>
      </trkpt>
      <trkpt lat="45.433430000" lon="5.753500000">
        <ele>388.000</ele>
      </trkpt>
      <trkpt lat="45.433490000" lon="5.753630000">
        <ele>388.000</ele>
      </trkpt>
      <trkpt lat="45.433540000" lon="5.753800000">
        <ele>388.000</ele>
      </trkpt>
      <trkpt lat="45.433610000" lon="5.754050000">
        <ele>388.000</ele>
      </trkpt>
      <trkpt lat="45.433630000" lon="5.754330000">
        <ele>389.000</ele>
      </trkpt>
      <trkpt lat="45.433500000" lon="5.754290000">
        <ele>389.000</ele>
      </trkpt>
      <trkpt lat="45.433480000" lon="5.754220000">
        <ele>390.000</ele>
      </trkpt>
      <trkpt lat="45.433480000" lon="5.754220000">
        <ele>390.000</ele>
      </trkpt>
      <trkpt lat="45.433500000" lon="5.754290000">
        <ele>390.000</ele>
      </trkpt>
      <trkpt lat="45.433630000" lon="5.754330000">
        <ele>390.000</ele>
      </trkpt>
      <trkpt lat="45.433650000" lon="5.754610000">
        <ele>391.000</ele>
      </trkpt>
      <trkpt lat="45.433730000" lon="5.754970000">
        <ele>391.000</ele>
      </trkpt>
      <trkpt lat="45.433810000" lon="5.755220000">
        <ele>392.000</ele>
      </trkpt>
      <trkpt lat="45.433780000" lon="5.755250000">
        <ele>392.000</ele>
      </trkpt>
      <trkpt lat="45.433610000" lon="5.755410000">
        <ele>392.000</ele>
      </trkpt>
      <trkpt lat="45.433640000" lon="5.755450000">
        <ele>392.000</ele>
      </trkpt>
      <trkpt lat="45.433690000" lon="5.755610000">
        <ele>392.000</ele>
      </trkpt>
      <trkpt lat="45.433690000" lon="5.755720000">
        <ele>392.000</ele>
      </trkpt>
      <trkpt lat="45.433670000" lon="5.755810000">
        <ele>392.000</ele>
      </trkpt>
      <trkpt lat="45.433600000" lon="5.755950000">
        <ele>392.000</ele>
      </trkpt>
      <trkpt lat="45.433560000" lon="5.756110000">
        <ele>392.000</ele>
      </trkpt>
      <trkpt lat="45.433570000" lon="5.756200000">
        <ele>392.000</ele>
      </trkpt>
      <trkpt lat="45.433760000" lon="5.756760000">
        <ele>392.000</ele>
      </trkpt>
      <trkpt lat="45.433890000" lon="5.757130000">
        <ele>392.000</ele>
      </trkpt>
      <trkpt lat="45.434010000" lon="5.757550000">
        <ele>392.000</ele>
      </trkpt>
      <trkpt lat="45.434060000" lon="5.757740000">
        <ele>392.000</ele>
      </trkpt>
      <trkpt lat="45.434070000" lon="5.757950000">
        <ele>392.000</ele>
      </trkpt>
      <trkpt lat="45.434100000" lon="5.758110000">
        <ele>392.000</ele>
      </trkpt>
      <trkpt lat="45.434150000" lon="5.758260000">
        <ele>392.000</ele>
      </trkpt>
      <trkpt lat="45.434200000" lon="5.758370000">
        <ele>392.000</ele>
      </trkpt>
      <trkpt lat="45.434270000" lon="5.758500000">
        <ele>393.000</ele>
      </trkpt>
      <trkpt lat="45.434310000" lon="5.758540000">
        <ele>393.000</ele>
      </trkpt>
      <trkpt lat="45.434350000" lon="5.758610000">
        <ele>393.000</ele>
      </trkpt>
      <trkpt lat="45.434390000" lon="5.758690000">
        <ele>393.000</ele>
      </trkpt>
      <trkpt lat="45.434420000" lon="5.758760000">
        <ele>393.000</ele>
      </trkpt>
      <trkpt lat="45.434480000" lon="5.758880000">
        <ele>393.000</ele>
      </trkpt>
      <trkpt lat="45.434500000" lon="5.758960000">
        <ele>393.000</ele>
      </trkpt>
      <trkpt lat="45.434530000" lon="5.759040000">
        <ele>394.000</ele>
      </trkpt>
      <trkpt lat="45.434540000" lon="5.759130000">
        <ele>394.000</ele>
      </trkpt>
      <trkpt lat="45.434560000" lon="5.759220000">
        <ele>394.000</ele>
      </trkpt>
      <trkpt lat="45.434630000" lon="5.759760000">
        <ele>394.000</ele>
      </trkpt>
      <trkpt lat="45.434710000" lon="5.760170000">
        <ele>395.000</ele>
      </trkpt>
      <trkpt lat="45.434830000" lon="5.760640000">
        <ele>395.000</ele>
      </trkpt>
      <trkpt lat="45.434920000" lon="5.760970000">
        <ele>395.000</ele>
      </trkpt>
      <trkpt lat="45.434950000" lon="5.761150000">
        <ele>395.000</ele>
      </trkpt>
      <trkpt lat="45.434960000" lon="5.761300000">
        <ele>395.000</ele>
      </trkpt>
      <trkpt lat="45.434990000" lon="5.761600000">
        <ele>395.000</ele>
      </trkpt>
      <trkpt lat="45.435010000" lon="5.762050000">
        <ele>395.000</ele>
      </trkpt>
      <trkpt lat="45.435050000" lon="5.762440000">
        <ele>395.000</ele>
      </trkpt>
      <trkpt lat="45.435120000" lon="5.762750000">
        <ele>395.000</ele>
      </trkpt>
      <trkpt lat="45.435200000" lon="5.762930000">
        <ele>396.000</ele>
      </trkpt>
      <trkpt lat="45.435290000" lon="5.763090000">
        <ele>396.000</ele>
      </trkpt>
      <trkpt lat="45.435660000" lon="5.763790000">
        <ele>396.000</ele>
      </trkpt>
      <trkpt lat="45.435770000" lon="5.763980000">
        <ele>396.000</ele>
      </trkpt>
      <trkpt lat="45.435910000" lon="5.764180000">
        <ele>396.000</ele>
      </trkpt>
      <trkpt lat="45.436100000" lon="5.764400000">
        <ele>397.000</ele>
      </trkpt>
      <trkpt lat="45.436230000" lon="5.764510000">
        <ele>397.000</ele>
      </trkpt>
      <trkpt lat="45.436440000" lon="5.764660000">
        <ele>397.000</ele>
      </trkpt>
      <trkpt lat="45.436590000" lon="5.764810000">
        <ele>397.000</ele>
      </trkpt>
      <trkpt lat="45.436670000" lon="5.764930000">
        <ele>398.000</ele>
      </trkpt>
      <trkpt lat="45.436730000" lon="5.765090000">
        <ele>398.000</ele>
      </trkpt>
      <trkpt lat="45.436760000" lon="5.765230000">
        <ele>398.000</ele>
      </trkpt>
      <trkpt lat="45.436780000" lon="5.765360000">
        <ele>398.000</ele>
      </trkpt>
      <trkpt lat="45.436790000" lon="5.765740000">
        <ele>398.000</ele>
      </trkpt>
      <trkpt lat="45.436810000" lon="5.766220000">
        <ele>399.000</ele>
      </trkpt>
      <trkpt lat="45.436820000" lon="5.766420000">
        <ele>399.000</ele>
      </trkpt>
      <trkpt lat="45.436840000" lon="5.766630000">
        <ele>399.000</ele>
      </trkpt>
      <trkpt lat="45.436890000" lon="5.766940000">
        <ele>400.000</ele>
      </trkpt>
      <trkpt lat="45.436940000" lon="5.767220000">
        <ele>400.000</ele>
      </trkpt>
      <trkpt lat="45.436970000" lon="5.767350000">
        <ele>400.000</ele>
      </trkpt>
      <trkpt lat="45.436990000" lon="5.767470000">
        <ele>400.000</ele>
      </trkpt>
      <trkpt lat="45.437000000" lon="5.767630000">
        <ele>401.000</ele>
      </trkpt>
      <trkpt lat="45.437000000" lon="5.767800000">
        <ele>401.000</ele>
      </trkpt>
      <trkpt lat="45.437020000" lon="5.768360000">
        <ele>401.000</ele>
      </trkpt>
      <trkpt lat="45.437030000" lon="5.768650000">
        <ele>401.000</ele>
      </trkpt>
      <trkpt lat="45.437070000" lon="5.768930000">
        <ele>402.000</ele>
      </trkpt>
      <trkpt lat="45.437110000" lon="5.769210000">
        <ele>402.000</ele>
      </trkpt>
      <trkpt lat="45.437130000" lon="5.769290000">
        <ele>402.000</ele>
      </trkpt>
      <trkpt lat="45.437170000" lon="5.769440000">
        <ele>403.000</ele>
      </trkpt>
      <trkpt lat="45.437230000" lon="5.769560000">
        <ele>403.000</ele>
      </trkpt>
      <trkpt lat="45.437310000" lon="5.769680000">
        <ele>403.000</ele>
      </trkpt>
      <trkpt lat="45.437410000" lon="5.769780000">
        <ele>403.000</ele>
      </trkpt>
      <trkpt lat="45.437440000" lon="5.769800000">
        <ele>403.000</ele>
      </trkpt>
      <trkpt lat="45.437940000" lon="5.770130000">
        <ele>404.000</ele>
      </trkpt>
      <trkpt lat="45.438020000" lon="5.770190000">
        <ele>404.000</ele>
      </trkpt>
      <trkpt lat="45.438140000" lon="5.770310000">
        <ele>404.000</ele>
      </trkpt>
      <trkpt lat="45.438210000" lon="5.770410000">
        <ele>404.000</ele>
      </trkpt>
      <trkpt lat="45.438230000" lon="5.770460000">
        <ele>404.000</ele>
      </trkpt>
      <trkpt lat="45.438260000" lon="5.770530000">
        <ele>405.000</ele>
      </trkpt>
      <trkpt lat="45.438290000" lon="5.770660000">
        <ele>405.000</ele>
      </trkpt>
      <trkpt lat="45.438380000" lon="5.771110000">
        <ele>405.000</ele>
      </trkpt>
      <trkpt lat="45.438410000" lon="5.771310000">
        <ele>405.000</ele>
      </trkpt>
      <trkpt lat="45.438430000" lon="5.771470000">
        <ele>405.000</ele>
      </trkpt>
      <trkpt lat="45.438440000" lon="5.771640000">
        <ele>405.000</ele>
      </trkpt>
      <trkpt lat="45.438420000" lon="5.772150000">
        <ele>406.000</ele>
      </trkpt>
      <trkpt lat="45.438390000" lon="5.772510000">
        <ele>407.000</ele>
      </trkpt>
      <trkpt lat="45.438380000" lon="5.772670000">
        <ele>407.000</ele>
      </trkpt>
      <trkpt lat="45.438390000" lon="5.772760000">
        <ele>408.000</ele>
      </trkpt>
      <trkpt lat="45.438410000" lon="5.772840000">
        <ele>408.000</ele>
      </trkpt>
      <trkpt lat="45.438450000" lon="5.772910000">
        <ele>408.000</ele>
      </trkpt>
      <trkpt lat="45.438530000" lon="5.772970000">
        <ele>409.000</ele>
      </trkpt>
      <trkpt lat="45.438730000" lon="5.773100000">
        <ele>409.000</ele>
      </trkpt>
      <trkpt lat="45.438780000" lon="5.773150000">
        <ele>409.000</ele>
      </trkpt>
      <trkpt lat="45.438820000" lon="5.773200000">
        <ele>410.000</ele>
      </trkpt>
      <trkpt lat="45.438850000" lon="5.773290000">
        <ele>410.000</ele>
      </trkpt>
      <trkpt lat="45.438860000" lon="5.773380000">
        <ele>410.000</ele>
      </trkpt>
      <trkpt lat="45.438850000" lon="5.773490000">
        <ele>411.000</ele>
      </trkpt>
      <trkpt lat="45.438800000" lon="5.773650000">
        <ele>411.000</ele>
      </trkpt>
      <trkpt lat="45.438790000" lon="5.773680000">
        <ele>411.000</ele>
      </trkpt>
      <trkpt lat="45.438770000" lon="5.773720000">
        <ele>411.000</ele>
      </trkpt>
      <trkpt lat="45.438650000" lon="5.774060000">
        <ele>411.000</ele>
      </trkpt>
      <trkpt lat="45.438610000" lon="5.774170000">
        <ele>412.000</ele>
      </trkpt>
      <trkpt lat="45.438580000" lon="5.774300000">
        <ele>412.000</ele>
      </trkpt>
      <trkpt lat="45.438500000" lon="5.774660000">
        <ele>412.000</ele>
      </trkpt>
      <trkpt lat="45.438460000" lon="5.774790000">
        <ele>412.000</ele>
      </trkpt>
      <trkpt lat="45.438410000" lon="5.774990000">
        <ele>412.000</ele>
      </trkpt>
      <trkpt lat="45.438390000" lon="5.775080000">
        <ele>412.000</ele>
      </trkpt>
      <trkpt lat="45.438300000" lon="5.775440000">
        <ele>413.000</ele>
      </trkpt>
      <trkpt lat="45.438220000" lon="5.775730000">
        <ele>413.000</ele>
      </trkpt>
      <trkpt lat="45.438130000" lon="5.776050000">
        <ele>413.000</ele>
      </trkpt>
      <trkpt lat="45.438050000" lon="5.776240000">
        <ele>413.000</ele>
      </trkpt>
      <trkpt lat="45.438000000" lon="5.776310000">
        <ele>413.000</ele>
      </trkpt>
      <trkpt lat="45.437910000" lon="5.776390000">
        <ele>413.000</ele>
      </trkpt>
      <trkpt lat="45.437870000" lon="5.776420000">
        <ele>413.000</ele>
      </trkpt>
      <trkpt lat="45.437770000" lon="5.776440000">
        <ele>413.000</ele>
      </trkpt>
      <trkpt lat="45.437640000" lon="5.776450000">
        <ele>413.000</ele>
      </trkpt>
      <trkpt lat="45.437460000" lon="5.776480000">
        <ele>413.000</ele>
      </trkpt>
      <trkpt lat="45.437310000" lon="5.776520000">
        <ele>413.000</ele>
      </trkpt>
      <trkpt lat="45.437070000" lon="5.776700000">
        <ele>412.000</ele>
      </trkpt>
      <trkpt lat="45.436960000" lon="5.776810000">
        <ele>412.000</ele>
      </trkpt>
      <trkpt lat="45.436860000" lon="5.776930000">
        <ele>412.000</ele>
      </trkpt>
      <trkpt lat="45.436780000" lon="5.777080000">
        <ele>412.000</ele>
      </trkpt>
      <trkpt lat="45.436710000" lon="5.777270000">
        <ele>411.000</ele>
      </trkpt>
      <trkpt lat="45.436640000" lon="5.777570000">
        <ele>411.000</ele>
      </trkpt>
      <trkpt lat="45.436500000" lon="5.778180000">
        <ele>413.000</ele>
      </trkpt>
      <trkpt lat="45.436350000" lon="5.778870000">
        <ele>416.000</ele>
      </trkpt>
      <trkpt lat="45.436260000" lon="5.779200000">
        <ele>420.000</ele>
      </trkpt>
      <trkpt lat="45.436240000" lon="5.779230000">
        <ele>422.000</ele>
      </trkpt>
      <trkpt lat="45.436150000" lon="5.779360000">
        <ele>424.000</ele>
      </trkpt>
      <trkpt lat="45.436070000" lon="5.779450000">
        <ele>426.000</ele>
      </trkpt>
      <trkpt lat="45.435940000" lon="5.779520000">
        <ele>428.000</ele>
      </trkpt>
      <trkpt lat="45.435840000" lon="5.779530000">
        <ele>430.000</ele>
      </trkpt>
      <trkpt lat="45.435520000" lon="5.779480000">
        <ele>432.000</ele>
      </trkpt>
      <trkpt lat="45.435320000" lon="5.779560000">
        <ele>435.000</ele>
      </trkpt>
      <trkpt lat="45.435200000" lon="5.779590000">
        <ele>438.000</ele>
      </trkpt>
      <trkpt lat="45.435140000" lon="5.779590000">
        <ele>440.000</ele>
      </trkpt>
      <trkpt lat="45.434960000" lon="5.779470000">
        <ele>442.000</ele>
      </trkpt>
      <trkpt lat="45.433820000" lon="5.778660000">
        <ele>451.000</ele>
      </trkpt>
      <trkpt lat="45.433370000" lon="5.778250000">
        <ele>459.000</ele>
      </trkpt>
      <trkpt lat="45.432780000" lon="5.777540000">
        <ele>467.000</ele>
      </trkpt>
      <trkpt lat="45.432520000" lon="5.777370000">
        <ele>473.000</ele>
      </trkpt>
      <trkpt lat="45.432260000" lon="5.777280000">
        <ele>478.000</ele>
      </trkpt>
      <trkpt lat="45.431970000" lon="5.776980000">
        <ele>481.000</ele>
      </trkpt>
      <trkpt lat="45.431650000" lon="5.776490000">
        <ele>482.000</ele>
      </trkpt>
      <trkpt lat="45.431530000" lon="5.776220000">
        <ele>482.000</ele>
      </trkpt>
      <trkpt lat="45.431420000" lon="5.775930000">
        <ele>482.000</ele>
      </trkpt>
      <trkpt lat="45.431280000" lon="5.775750000">
        <ele>481.000</ele>
      </trkpt>
      <trkpt lat="45.431130000" lon="5.775640000">
        <ele>480.000</ele>
      </trkpt>
      <trkpt lat="45.430960000" lon="5.775530000">
        <ele>479.000</ele>
      </trkpt>
      <trkpt lat="45.430860000" lon="5.775480000">
        <ele>479.000</ele>
      </trkpt>
      <trkpt lat="45.430770000" lon="5.775380000">
        <ele>479.000</ele>
      </trkpt>
      <trkpt lat="45.430700000" lon="5.775180000">
        <ele>479.000</ele>
      </trkpt>
      <trkpt lat="45.430570000" lon="5.775080000">
        <ele>479.000</ele>
      </trkpt>
      <trkpt lat="45.430470000" lon="5.775110000">
        <ele>480.000</ele>
      </trkpt>
      <trkpt lat="45.430440000" lon="5.775180000">
        <ele>480.000</ele>
      </trkpt>
      <trkpt lat="45.430430000" lon="5.775300000">
        <ele>480.000</ele>
      </trkpt>
      <trkpt lat="45.430500000" lon="5.775510000">
        <ele>481.000</ele>
      </trkpt>
      <trkpt lat="45.430630000" lon="5.775640000">
        <ele>481.000</ele>
      </trkpt>
      <trkpt lat="45.430730000" lon="5.775730000">
        <ele>482.000</ele>
      </trkpt>
      <trkpt lat="45.430810000" lon="5.775770000">
        <ele>482.000</ele>
      </trkpt>
      <trkpt lat="45.430880000" lon="5.775820000">
        <ele>483.000</ele>
      </trkpt>
      <trkpt lat="45.430970000" lon="5.775850000">
        <ele>483.000</ele>
      </trkpt>
      <trkpt lat="45.431050000" lon="5.775870000">
        <ele>483.000</ele>
      </trkpt>
      <trkpt lat="45.431160000" lon="5.775930000">
        <ele>484.000</ele>
      </trkpt>
      <trkpt lat="45.431250000" lon="5.775980000">
        <ele>484.000</ele>
      </trkpt>
      <trkpt lat="45.431300000" lon="5.776030000">
        <ele>485.000</ele>
      </trkpt>
      <trkpt lat="45.431320000" lon="5.776160000">
        <ele>485.000</ele>
      </trkpt>
      <trkpt lat="45.431300000" lon="5.776270000">
        <ele>486.000</ele>
      </trkpt>
      <trkpt lat="45.431190000" lon="5.776290000">
        <ele>487.000</ele>
      </trkpt>
      <trkpt lat="45.431100000" lon="5.776250000">
        <ele>488.000</ele>
      </trkpt>
      <trkpt lat="45.430980000" lon="5.776230000">
        <ele>488.000</ele>
      </trkpt>
      <trkpt lat="45.430910000" lon="5.776220000">
        <ele>489.000</ele>
      </trkpt>
      <trkpt lat="45.430830000" lon="5.776280000">
        <ele>490.000</ele>
      </trkpt>
      <trkpt lat="45.430660000" lon="5.776420000">
        <ele>491.000</ele>
      </trkpt>
      <trkpt lat="45.430480000" lon="5.776460000">
        <ele>493.000</ele>
      </trkpt>
      <trkpt lat="45.430290000" lon="5.776510000">
        <ele>494.000</ele>
      </trkpt>
      <trkpt lat="45.430200000" lon="5.776540000">
        <ele>496.000</ele>
      </trkpt>
      <trkpt lat="45.430100000" lon="5.776620000">
        <ele>497.000</ele>
      </trkpt>
      <trkpt lat="45.429870000" lon="5.776940000">
        <ele>499.000</ele>
      </trkpt>
      <trkpt lat="45.429730000" lon="5.777160000">
        <ele>501.000</ele>
      </trkpt>
      <trkpt lat="45.429710000" lon="5.777200000">
        <ele>502.000</ele>
      </trkpt>
      <trkpt lat="45.429680000" lon="5.777250000">
        <ele>503.000</ele>
      </trkpt>
      <trkpt lat="45.429510000" lon="5.777530000">
        <ele>504.000</ele>
      </trkpt>
      <trkpt lat="45.429500000" lon="5.777550000">
        <ele>504.000</ele>
      </trkpt>
      <trkpt lat="45.429350000" lon="5.777790000">
        <ele>504.000</ele>
      </trkpt>
      <trkpt lat="45.429220000" lon="5.777980000">
        <ele>505.000</ele>
      </trkpt>
      <trkpt lat="45.429120000" lon="5.778110000">
        <ele>505.000</ele>
      </trkpt>
      <trkpt lat="45.428880000" lon="5.778450000">
        <ele>505.000</ele>
      </trkpt>
      <trkpt lat="45.428820000" lon="5.778560000">
        <ele>505.000</ele>
      </trkpt>
      <trkpt lat="45.428770000" lon="5.778730000">
        <ele>506.000</ele>
      </trkpt>
      <trkpt lat="45.428720000" lon="5.778900000">
        <ele>506.000</ele>
      </trkpt>
      <trkpt lat="45.428690000" lon="5.779060000">
        <ele>506.000</ele>
      </trkpt>
      <trkpt lat="45.428670000" lon="5.779160000">
        <ele>506.000</ele>
      </trkpt>
      <trkpt lat="45.428670000" lon="5.779260000">
        <ele>506.000</ele>
      </trkpt>
      <trkpt lat="45.428680000" lon="5.779350000">
        <ele>506.000</ele>
      </trkpt>
      <trkpt lat="45.428700000" lon="5.779450000">
        <ele>507.000</ele>
      </trkpt>
      <trkpt lat="45.428870000" lon="5.780000000">
        <ele>508.000</ele>
      </trkpt>
      <trkpt lat="45.428980000" lon="5.780250000">
        <ele>509.000</ele>
      </trkpt>
      <trkpt lat="45.429080000" lon="5.780430000">
        <ele>510.000</ele>
      </trkpt>
      <trkpt lat="45.429180000" lon="5.780550000">
        <ele>511.000</ele>
      </trkpt>
      <trkpt lat="45.429670000" lon="5.781040000">
        <ele>513.000</ele>
      </trkpt>
      <trkpt lat="45.429760000" lon="5.781180000">
        <ele>514.000</ele>
      </trkpt>
      <trkpt lat="45.429810000" lon="5.781310000">
        <ele>515.000</ele>
      </trkpt>
      <trkpt lat="45.429850000" lon="5.781450000">
        <ele>516.000</ele>
      </trkpt>
      <trkpt lat="45.429870000" lon="5.781740000">
        <ele>517.000</ele>
      </trkpt>
      <trkpt lat="45.429890000" lon="5.782020000">
        <ele>519.000</ele>
      </trkpt>
      <trkpt lat="45.429890000" lon="5.782520000">
        <ele>521.000</ele>
      </trkpt>
      <trkpt lat="45.429830000" lon="5.783100000">
        <ele>523.000</ele>
      </trkpt>
      <trkpt lat="45.429830000" lon="5.783240000">
        <ele>525.000</ele>
      </trkpt>
      <trkpt lat="45.429850000" lon="5.783380000">
        <ele>526.000</ele>
      </trkpt>
      <trkpt lat="45.429950000" lon="5.783770000">
        <ele>528.000</ele>
      </trkpt>
      <trkpt lat="45.430000000" lon="5.783970000">
        <ele>529.000</ele>
      </trkpt>
      <trkpt lat="45.430030000" lon="5.784180000">
        <ele>531.000</ele>
      </trkpt>
      <trkpt lat="45.430020000" lon="5.785300000">
        <ele>532.000</ele>
      </trkpt>
      <trkpt lat="45.429990000" lon="5.785590000">
        <ele>533.000</ele>
      </trkpt>
      <trkpt lat="45.429950000" lon="5.786120000">
        <ele>535.000</ele>
      </trkpt>
      <trkpt lat="45.429960000" lon="5.786330000">
        <ele>536.000</ele>
      </trkpt>
      <trkpt lat="45.429990000" lon="5.786500000">
        <ele>536.000</ele>
      </trkpt>
      <trkpt lat="45.430060000" lon="5.786770000">
        <ele>537.000</ele>
      </trkpt>
      <trkpt lat="45.430350000" lon="5.787340000">
        <ele>538.000</ele>
      </trkpt>
      <trkpt lat="45.430380000" lon="5.787410000">
        <ele>539.000</ele>
      </trkpt>
      <trkpt lat="45.430400000" lon="5.787480000">
        <ele>540.000</ele>
      </trkpt>
      <trkpt lat="45.430410000" lon="5.787550000">
        <ele>540.000</ele>
      </trkpt>
      <trkpt lat="45.430400000" lon="5.787640000">
        <ele>541.000</ele>
      </trkpt>
      <trkpt lat="45.430350000" lon="5.787870000">
        <ele>541.000</ele>
      </trkpt>
      <trkpt lat="45.430320000" lon="5.788010000">
        <ele>542.000</ele>
      </trkpt>
      <trkpt lat="45.430300000" lon="5.788170000">
        <ele>542.000</ele>
      </trkpt>
      <trkpt lat="45.430300000" lon="5.788280000">
        <ele>542.000</ele>
      </trkpt>
      <trkpt lat="45.430320000" lon="5.788380000">
        <ele>543.000</ele>
      </trkpt>
      <trkpt lat="45.430340000" lon="5.788500000">
        <ele>543.000</ele>
      </trkpt>
      <trkpt lat="45.430370000" lon="5.788620000">
        <ele>544.000</ele>
      </trkpt>
      <trkpt lat="45.430410000" lon="5.788710000">
        <ele>544.000</ele>
      </trkpt>
      <trkpt lat="45.430450000" lon="5.788800000">
        <ele>544.000</ele>
      </trkpt>
      <trkpt lat="45.430940000" lon="5.789410000">
        <ele>545.000</ele>
      </trkpt>
      <trkpt lat="45.431090000" lon="5.789610000">
        <ele>547.000</ele>
      </trkpt>
      <trkpt lat="45.431170000" lon="5.789730000">
        <ele>548.000</ele>
      </trkpt>
      <trkpt lat="45.431230000" lon="5.789880000">
        <ele>549.000</ele>
      </trkpt>
      <trkpt lat="45.431240000" lon="5.789930000">
        <ele>549.000</ele>
      </trkpt>
      <trkpt lat="45.431270000" lon="5.790060000">
        <ele>550.000</ele>
      </trkpt>
      <trkpt lat="45.431410000" lon="5.791090000">
        <ele>552.000</ele>
      </trkpt>
      <trkpt lat="45.431410000" lon="5.791270000">
        <ele>554.000</ele>
      </trkpt>
      <trkpt lat="45.431390000" lon="5.791460000">
        <ele>556.000</ele>
      </trkpt>
      <trkpt lat="45.431350000" lon="5.791610000">
        <ele>557.000</ele>
      </trkpt>
      <trkpt lat="45.431260000" lon="5.792000000">
        <ele>558.000</ele>
      </trkpt>
      <trkpt lat="45.431250000" lon="5.792020000">
        <ele>559.000</ele>
      </trkpt>
      <trkpt lat="45.431090000" lon="5.792680000">
        <ele>560.000</ele>
      </trkpt>
      <trkpt lat="45.430920000" lon="5.793340000">
        <ele>561.000</ele>
      </trkpt>
      <trkpt lat="45.430910000" lon="5.793380000">
        <ele>561.000</ele>
      </trkpt>
      <trkpt lat="45.430860000" lon="5.793700000">
        <ele>562.000</ele>
      </trkpt>
      <trkpt lat="45.430850000" lon="5.794000000">
        <ele>562.000</ele>
      </trkpt>
      <trkpt lat="45.430830000" lon="5.794220000">
        <ele>562.000</ele>
      </trkpt>
      <trkpt lat="45.430820000" lon="5.794430000">
        <ele>562.000</ele>
      </trkpt>
      <trkpt lat="45.430830000" lon="5.794490000">
        <ele>562.000</ele>
      </trkpt>
      <trkpt lat="45.430830000" lon="5.794610000">
        <ele>562.000</ele>
      </trkpt>
      <trkpt lat="45.431000000" lon="5.795570000">
        <ele>562.000</ele>
      </trkpt>
      <trkpt lat="45.431020000" lon="5.795680000">
        <ele>562.000</ele>
      </trkpt>
      <trkpt lat="45.431050000" lon="5.795810000">
        <ele>562.000</ele>
      </trkpt>
      <trkpt lat="45.431090000" lon="5.795900000">
        <ele>562.000</ele>
      </trkpt>
      <trkpt lat="45.431130000" lon="5.795970000">
        <ele>562.000</ele>
      </trkpt>
      <trkpt lat="45.431200000" lon="5.796060000">
        <ele>562.000</ele>
      </trkpt>
      <trkpt lat="45.431290000" lon="5.796170000">
        <ele>562.000</ele>
      </trkpt>
      <trkpt lat="45.431390000" lon="5.796270000">
        <ele>562.000</ele>
      </trkpt>
      <trkpt lat="45.431500000" lon="5.796350000">
        <ele>561.000</ele>
      </trkpt>
      <trkpt lat="45.432460000" lon="5.797070000">
        <ele>561.000</ele>
      </trkpt>
      <trkpt lat="45.432780000" lon="5.797330000">
        <ele>562.000</ele>
      </trkpt>
      <trkpt lat="45.432920000" lon="5.797460000">
        <ele>562.000</ele>
      </trkpt>
      <trkpt lat="45.433050000" lon="5.797590000">
        <ele>563.000</ele>
      </trkpt>
      <trkpt lat="45.433090000" lon="5.797650000">
        <ele>563.000</ele>
      </trkpt>
      <trkpt lat="45.433130000" lon="5.797710000">
        <ele>564.000</ele>
      </trkpt>
      <trkpt lat="45.433170000" lon="5.797810000">
        <ele>564.000</ele>
      </trkpt>
      <trkpt lat="45.433200000" lon="5.797900000">
        <ele>565.000</ele>
      </trkpt>
      <trkpt lat="45.433220000" lon="5.797990000">
        <ele>565.000</ele>
      </trkpt>
      <trkpt lat="45.433230000" lon="5.798060000">
        <ele>566.000</ele>
      </trkpt>
      <trkpt lat="45.433230000" lon="5.798120000">
        <ele>566.000</ele>
      </trkpt>
      <trkpt lat="45.433230000" lon="5.798170000">
        <ele>566.000</ele>
      </trkpt>
      <trkpt lat="45.433210000" lon="5.798220000">
        <ele>567.000</ele>
      </trkpt>
      <trkpt lat="45.433170000" lon="5.798270000">
        <ele>567.000</ele>
      </trkpt>
      <trkpt lat="45.433120000" lon="5.798300000">
        <ele>567.000</ele>
      </trkpt>
      <trkpt lat="45.433060000" lon="5.798310000">
        <ele>567.000</ele>
      </trkpt>
      <trkpt lat="45.432940000" lon="5.798300000">
        <ele>568.000</ele>
      </trkpt>
      <trkpt lat="45.432250000" lon="5.798160000">
        <ele>569.000</ele>
      </trkpt>
      <trkpt lat="45.432100000" lon="5.798140000">
        <ele>571.000</ele>
      </trkpt>
      <trkpt lat="45.432020000" lon="5.798160000">
        <ele>572.000</ele>
      </trkpt>
      <trkpt lat="45.431930000" lon="5.798190000">
        <ele>573.000</ele>
      </trkpt>
      <trkpt lat="45.431690000" lon="5.798360000">
        <ele>574.000</ele>
      </trkpt>
      <trkpt lat="45.431550000" lon="5.798520000">
        <ele>575.000</ele>
      </trkpt>
      <trkpt lat="45.431500000" lon="5.798590000">
        <ele>576.000</ele>
      </trkpt>
      <trkpt lat="45.431460000" lon="5.798700000">
        <ele>577.000</ele>
      </trkpt>
      <trkpt lat="45.431120000" lon="5.799580000">
        <ele>578.000</ele>
      </trkpt>
      <trkpt lat="45.430800000" lon="5.800460000">
        <ele>581.000</ele>
      </trkpt>
      <trkpt lat="45.430750000" lon="5.800550000">
        <ele>583.000</ele>
      </trkpt>
      <trkpt lat="45.430660000" lon="5.800630000">
        <ele>585.000</ele>
      </trkpt>
      <trkpt lat="45.430540000" lon="5.800680000">
        <ele>588.000</ele>
      </trkpt>
      <trkpt lat="45.430060000" lon="5.800730000">
        <ele>592.000</ele>
      </trkpt>
      <trkpt lat="45.429570000" lon="5.800790000">
        <ele>597.000</ele>
      </trkpt>
      <trkpt lat="45.429120000" lon="5.800770000">
        <ele>604.130</ele>
      </trkpt>
      <trkpt lat="45.429030000" lon="5.800770000">
        <ele>604.630</ele>
      </trkpt>
      <trkpt lat="45.428960000" lon="5.800790000">
        <ele>605.040</ele>
      </trkpt>
      <trkpt lat="45.428890000" lon="5.800830000">
        <ele>605.460</ele>
      </trkpt>
      <trkpt lat="45.428820000" lon="5.800870000">
        <ele>605.940</ele>
      </trkpt>
      <trkpt lat="45.428650000" lon="5.801020000">
        <ele>607.060</ele>
      </trkpt>
      <trkpt lat="45.428540000" lon="5.801080000">
        <ele>607.770</ele>
      </trkpt>
      <trkpt lat="45.428390000" lon="5.801160000">
        <ele>608.650</ele>
      </trkpt>
      <trkpt lat="45.427950000" lon="5.801440000">
        <ele>611.470</ele>
      </trkpt>
      <trkpt lat="45.427870000" lon="5.801530000">
        <ele>612.050</ele>
      </trkpt>
      <trkpt lat="45.427800000" lon="5.801640000">
        <ele>612.680</ele>
      </trkpt>
      <trkpt lat="45.427710000" lon="5.801790000">
        <ele>613.490</ele>
      </trkpt>
      <trkpt lat="45.427600000" lon="5.801900000">
        <ele>614.230</ele>
      </trkpt>
      <trkpt lat="45.427440000" lon="5.801970000">
        <ele>615.180</ele>
      </trkpt>
      <trkpt lat="45.427100000" lon="5.802040000">
        <ele>617.200</ele>
      </trkpt>
      <trkpt lat="45.426750000" lon="5.802090000">
        <ele>619.230</ele>
      </trkpt>
      <trkpt lat="45.426630000" lon="5.802110000">
        <ele>619.930</ele>
      </trkpt>
      <trkpt lat="45.426570000" lon="5.802130000">
        <ele>620.270</ele>
      </trkpt>
      <trkpt lat="45.426520000" lon="5.802170000">
        <ele>620.630</ele>
      </trkpt>
      <trkpt lat="45.426410000" lon="5.802290000">
        <ele>621.410</ele>
      </trkpt>
      <trkpt lat="45.426310000" lon="5.802420000">
        <ele>622.220</ele>
      </trkpt>
      <trkpt lat="45.426140000" lon="5.802740000">
        <ele>623.860</ele>
      </trkpt>
      <trkpt lat="45.426040000" lon="5.803020000">
        <ele>625.120</ele>
      </trkpt>
      <trkpt lat="45.425930000" lon="5.803420000">
        <ele>626.820</ele>
      </trkpt>
      <trkpt lat="45.425930000" lon="5.803420000">
        <ele>626.820</ele>
      </trkpt>
      <trkpt lat="45.425920000" lon="5.803450000">
        <ele>626.960</ele>
      </trkpt>
      <trkpt lat="45.425760000" lon="5.803930000">
        <ele>629.120</ele>
      </trkpt>
      <trkpt lat="45.425620000" lon="5.804340000">
        <ele>630.990</ele>
      </trkpt>
      <trkpt lat="45.425540000" lon="5.804480000">
        <ele>631.730</ele>
      </trkpt>
      <trkpt lat="45.425450000" lon="5.804580000">
        <ele>632.410</ele>
      </trkpt>
      <trkpt lat="45.425140000" lon="5.804780000">
        <ele>634.340</ele>
      </trkpt>
      <trkpt lat="45.425080000" lon="5.804850000">
        <ele>634.800</ele>
      </trkpt>
      <trkpt lat="45.425050000" lon="5.804920000">
        <ele>635.130</ele>
      </trkpt>
      <trkpt lat="45.425030000" lon="5.805020000">
        <ele>635.550</ele>
      </trkpt>
      <trkpt lat="45.425040000" lon="5.805150000">
        <ele>636.100</ele>
      </trkpt>
      <trkpt lat="45.425060000" lon="5.805400000">
        <ele>637.110</ele>
      </trkpt>
      <trkpt lat="45.425060000" lon="5.805760000">
        <ele>638.590</ele>
      </trkpt>
      <trkpt lat="45.425060000" lon="5.805860000">
        <ele>639.000</ele>
      </trkpt>
      <trkpt lat="45.425080000" lon="5.805980000">
        <ele>639.500</ele>
      </trkpt>
      <trkpt lat="45.425140000" lon="5.806210000">
        <ele>640.490</ele>
      </trkpt>
      <trkpt lat="45.425170000" lon="5.806370000">
        <ele>641.150</ele>
      </trkpt>
      <trkpt lat="45.425170000" lon="5.806460000">
        <ele>641.540</ele>
      </trkpt>
      <trkpt lat="45.425170000" lon="5.806680000">
        <ele>642.430</ele>
      </trkpt>
      <trkpt lat="45.425180000" lon="5.806880000">
        <ele>643.250</ele>
      </trkpt>
      <trkpt lat="45.425190000" lon="5.807070000">
        <ele>644.020</ele>
      </trkpt>
      <trkpt lat="45.425180000" lon="5.807320000">
        <ele>645.050</ele>
      </trkpt>
      <trkpt lat="45.425180000" lon="5.807460000">
        <ele>645.580</ele>
      </trkpt>
      <trkpt lat="45.425200000" lon="5.807600000">
        <ele>646.160</ele>
      </trkpt>
      <trkpt lat="45.425220000" lon="5.807740000">
        <ele>646.760</ele>
      </trkpt>
      <trkpt lat="45.425310000" lon="5.808140000">
        <ele>648.440</ele>
      </trkpt>
      <trkpt lat="45.425330000" lon="5.808270000">
        <ele>649.010</ele>
      </trkpt>
      <trkpt lat="45.425320000" lon="5.808420000">
        <ele>649.590</ele>
      </trkpt>
      <trkpt lat="45.425310000" lon="5.808510000">
        <ele>650.000</ele>
      </trkpt>
      <trkpt lat="45.425290000" lon="5.808580000">
        <ele>650.300</ele>
      </trkpt>
      <trkpt lat="45.425130000" lon="5.808960000">
        <ele>652.090</ele>
      </trkpt>
      <trkpt lat="45.425100000" lon="5.809060000">
        <ele>652.510</ele>
      </trkpt>
      <trkpt lat="45.425080000" lon="5.809150000">
        <ele>652.930</ele>
      </trkpt>
      <trkpt lat="45.425070000" lon="5.809240000">
        <ele>653.290</ele>
      </trkpt>
      <trkpt lat="45.425070000" lon="5.809350000">
        <ele>653.710</ele>
      </trkpt>
      <trkpt lat="45.425100000" lon="5.809670000">
        <ele>655.020</ele>
      </trkpt>
      <trkpt lat="45.425120000" lon="5.809850000">
        <ele>655.790</ele>
      </trkpt>
      <trkpt lat="45.425130000" lon="5.809940000">
        <ele>656.120</ele>
      </trkpt>
      <trkpt lat="45.425120000" lon="5.810010000">
        <ele>656.420</ele>
      </trkpt>
      <trkpt lat="45.425100000" lon="5.810160000">
        <ele>658.000</ele>
      </trkpt>
      <trkpt lat="45.425060000" lon="5.810270000">
        <ele>658.000</ele>
      </trkpt>
      <trkpt lat="45.424990000" lon="5.810380000">
        <ele>657.000</ele>
      </trkpt>
      <trkpt lat="45.424890000" lon="5.810450000">
        <ele>657.000</ele>
      </trkpt>
      <trkpt lat="45.424800000" lon="5.810490000">
        <ele>657.000</ele>
      </trkpt>
      <trkpt lat="45.424410000" lon="5.810550000">
        <ele>656.000</ele>
      </trkpt>
      <trkpt lat="45.424360000" lon="5.810570000">
        <ele>656.000</ele>
      </trkpt>
      <trkpt lat="45.424310000" lon="5.810600000">
        <ele>656.000</ele>
      </trkpt>
      <trkpt lat="45.424240000" lon="5.810670000">
        <ele>655.000</ele>
      </trkpt>
      <trkpt lat="45.424210000" lon="5.810720000">
        <ele>654.000</ele>
      </trkpt>
      <trkpt lat="45.424180000" lon="5.810790000">
        <ele>654.000</ele>
      </trkpt>
      <trkpt lat="45.424150000" lon="5.810890000">
        <ele>653.000</ele>
      </trkpt>
      <trkpt lat="45.424120000" lon="5.811030000">
        <ele>653.000</ele>
      </trkpt>
      <trkpt lat="45.424090000" lon="5.811260000">
        <ele>652.000</ele>
      </trkpt>
      <trkpt lat="45.424080000" lon="5.811470000">
        <ele>651.000</ele>
      </trkpt>
      <trkpt lat="45.424090000" lon="5.811640000">
        <ele>650.000</ele>
      </trkpt>
      <trkpt lat="45.424110000" lon="5.811780000">
        <ele>649.000</ele>
      </trkpt>
      <trkpt lat="45.424150000" lon="5.811970000">
        <ele>648.000</ele>
      </trkpt>
      <trkpt lat="45.424210000" lon="5.812150000">
        <ele>647.000</ele>
      </trkpt>
      <trkpt lat="45.424240000" lon="5.812260000">
        <ele>646.000</ele>
      </trkpt>
      <trkpt lat="45.424250000" lon="5.812320000">
        <ele>645.000</ele>
      </trkpt>
      <trkpt lat="45.424240000" lon="5.812370000">
        <ele>645.000</ele>
      </trkpt>
      <trkpt lat="45.424200000" lon="5.812480000">
        <ele>644.000</ele>
      </trkpt>
      <trkpt lat="45.424120000" lon="5.812530000">
        <ele>644.000</ele>
      </trkpt>
      <trkpt lat="45.423910000" lon="5.812600000">
        <ele>643.000</ele>
      </trkpt>
      <trkpt lat="45.423840000" lon="5.812630000">
        <ele>642.000</ele>
      </trkpt>
      <trkpt lat="45.423600000" lon="5.812780000">
        <ele>641.000</ele>
      </trkpt>
      <trkpt lat="45.423390000" lon="5.812890000">
        <ele>641.000</ele>
      </trkpt>
      <trkpt lat="45.423290000" lon="5.812940000">
        <ele>640.000</ele>
      </trkpt>
      <trkpt lat="45.423240000" lon="5.812990000">
        <ele>640.000</ele>
      </trkpt>
      <trkpt lat="45.423190000" lon="5.813060000">
        <ele>640.000</ele>
      </trkpt>
      <trkpt lat="45.423140000" lon="5.813170000">
        <ele>639.000</ele>
      </trkpt>
      <trkpt lat="45.423090000" lon="5.813270000">
        <ele>639.000</ele>
      </trkpt>
      <trkpt lat="45.423050000" lon="5.813330000">
        <ele>639.000</ele>
      </trkpt>
      <trkpt lat="45.423010000" lon="5.813380000">
        <ele>639.000</ele>
      </trkpt>
      <trkpt lat="45.422890000" lon="5.813470000">
        <ele>639.000</ele>
      </trkpt>
      <trkpt lat="45.422810000" lon="5.813530000">
        <ele>639.000</ele>
      </trkpt>
      <trkpt lat="45.422730000" lon="5.813590000">
        <ele>639.000</ele>
      </trkpt>
      <trkpt lat="45.422670000" lon="5.813660000">
        <ele>638.000</ele>
      </trkpt>
      <trkpt lat="45.422610000" lon="5.813730000">
        <ele>638.000</ele>
      </trkpt>
      <trkpt lat="45.422560000" lon="5.813830000">
        <ele>638.000</ele>
      </trkpt>
      <trkpt lat="45.422500000" lon="5.813940000">
        <ele>638.000</ele>
      </trkpt>
      <trkpt lat="45.422450000" lon="5.814050000">
        <ele>638.000</ele>
      </trkpt>
      <trkpt lat="45.422390000" lon="5.814140000">
        <ele>638.000</ele>
      </trkpt>
      <trkpt lat="45.422290000" lon="5.814250000">
        <ele>638.000</ele>
      </trkpt>
      <trkpt lat="45.422050000" lon="5.814420000">
        <ele>637.000</ele>
      </trkpt>
      <trkpt lat="45.421940000" lon="5.814520000">
        <ele>637.000</ele>
      </trkpt>
      <trkpt lat="45.421840000" lon="5.814660000">
        <ele>637.000</ele>
      </trkpt>
      <trkpt lat="45.421700000" lon="5.814900000">
        <ele>637.000</ele>
      </trkpt>
      <trkpt lat="45.421620000" lon="5.815040000">
        <ele>637.000</ele>
      </trkpt>
      <trkpt lat="45.421580000" lon="5.815210000">
        <ele>637.000</ele>
      </trkpt>
      <trkpt lat="45.421570000" lon="5.815290000">
        <ele>637.000</ele>
      </trkpt>
      <trkpt lat="45.421570000" lon="5.815390000">
        <ele>637.000</ele>
      </trkpt>
      <trkpt lat="45.421600000" lon="5.815500000">
        <ele>637.000</ele>
      </trkpt>
      <trkpt lat="45.421610000" lon="5.815580000">
        <ele>637.000</ele>
      </trkpt>
      <trkpt lat="45.421600000" lon="5.815660000">
        <ele>637.000</ele>
      </trkpt>
      <trkpt lat="45.421580000" lon="5.815730000">
        <ele>637.000</ele>
      </trkpt>
      <trkpt lat="45.421530000" lon="5.815780000">
        <ele>637.000</ele>
      </trkpt>
      <trkpt lat="45.421460000" lon="5.815820000">
        <ele>637.000</ele>
      </trkpt>
      <trkpt lat="45.421400000" lon="5.815840000">
        <ele>637.000</ele>
      </trkpt>
      <trkpt lat="45.421310000" lon="5.815860000">
        <ele>637.000</ele>
      </trkpt>
      <trkpt lat="45.420970000" lon="5.815920000">
        <ele>637.000</ele>
      </trkpt>
      <trkpt lat="45.420720000" lon="5.815970000">
        <ele>638.000</ele>
      </trkpt>
      <trkpt lat="45.420510000" lon="5.816020000">
        <ele>639.000</ele>
      </trkpt>
      <trkpt lat="45.420360000" lon="5.816060000">
        <ele>640.000</ele>
      </trkpt>
      <trkpt lat="45.420260000" lon="5.816090000">
        <ele>640.000</ele>
      </trkpt>
      <trkpt lat="45.420140000" lon="5.816120000">
        <ele>641.000</ele>
      </trkpt>
      <trkpt lat="45.420060000" lon="5.816130000">
        <ele>642.000</ele>
      </trkpt>
      <trkpt lat="45.419860000" lon="5.816130000">
        <ele>642.000</ele>
      </trkpt>
      <trkpt lat="45.419500000" lon="5.816090000">
        <ele>643.000</ele>
      </trkpt>
      <trkpt lat="45.419340000" lon="5.816100000">
        <ele>644.000</ele>
      </trkpt>
      <trkpt lat="45.419180000" lon="5.816140000">
        <ele>644.000</ele>
      </trkpt>
      <trkpt lat="45.418980000" lon="5.816210000">
        <ele>644.000</ele>
      </trkpt>
      <trkpt lat="45.418830000" lon="5.816260000">
        <ele>643.000</ele>
      </trkpt>
      <trkpt lat="45.418780000" lon="5.816270000">
        <ele>643.000</ele>
      </trkpt>
      <trkpt lat="45.418730000" lon="5.816290000">
        <ele>642.000</ele>
      </trkpt>
      <trkpt lat="45.418660000" lon="5.816370000">
        <ele>642.000</ele>
      </trkpt>
      <trkpt lat="45.418570000" lon="5.816550000">
        <ele>642.000</ele>
      </trkpt>
      <trkpt lat="45.418510000" lon="5.816680000">
        <ele>641.000</ele>
      </trkpt>
      <trkpt lat="45.418420000" lon="5.816890000">
        <ele>641.000</ele>
      </trkpt>
      <trkpt lat="45.418390000" lon="5.817020000">
        <ele>640.000</ele>
      </trkpt>
      <trkpt lat="45.418370000" lon="5.817130000">
        <ele>640.000</ele>
      </trkpt>
      <trkpt lat="45.418350000" lon="5.817360000">
        <ele>639.000</ele>
      </trkpt>
      <trkpt lat="45.418330000" lon="5.817540000">
        <ele>638.000</ele>
      </trkpt>
      <trkpt lat="45.418310000" lon="5.817740000">
        <ele>638.000</ele>
      </trkpt>
      <trkpt lat="45.418280000" lon="5.817860000">
        <ele>638.000</ele>
      </trkpt>
      <trkpt lat="45.418260000" lon="5.817930000">
        <ele>637.000</ele>
      </trkpt>
      <trkpt lat="45.418230000" lon="5.817980000">
        <ele>638.000</ele>
      </trkpt>
      <trkpt lat="45.418110000" lon="5.818170000">
        <ele>638.000</ele>
      </trkpt>
      <trkpt lat="45.418060000" lon="5.818240000">
        <ele>639.000</ele>
      </trkpt>
      <trkpt lat="45.418020000" lon="5.818330000">
        <ele>639.000</ele>
      </trkpt>
      <trkpt lat="45.417950000" lon="5.818510000">
        <ele>640.000</ele>
      </trkpt>
      <trkpt lat="45.417870000" lon="5.818670000">
        <ele>640.000</ele>
      </trkpt>
      <trkpt lat="45.417800000" lon="5.818800000">
        <ele>641.000</ele>
      </trkpt>
      <trkpt lat="45.417720000" lon="5.818910000">
        <ele>642.000</ele>
      </trkpt>
      <trkpt lat="45.417630000" lon="5.819040000">
        <ele>643.000</ele>
      </trkpt>
      <trkpt lat="45.417590000" lon="5.819120000">
        <ele>643.000</ele>
      </trkpt>
      <trkpt lat="45.417580000" lon="5.819190000">
        <ele>644.000</ele>
      </trkpt>
      <trkpt lat="45.417580000" lon="5.819240000">
        <ele>644.000</ele>
      </trkpt>
      <trkpt lat="45.417580000" lon="5.819290000">
        <ele>645.000</ele>
      </trkpt>
      <trkpt lat="45.417600000" lon="5.819370000">
        <ele>645.000</ele>
      </trkpt>
      <trkpt lat="45.417620000" lon="5.819450000">
        <ele>645.000</ele>
      </trkpt>
      <trkpt lat="45.417660000" lon="5.819550000">
        <ele>646.000</ele>
      </trkpt>
      <trkpt lat="45.417700000" lon="5.819650000">
        <ele>646.000</ele>
      </trkpt>
      <trkpt lat="45.417810000" lon="5.819830000">
        <ele>647.000</ele>
      </trkpt>
      <trkpt lat="45.417920000" lon="5.819980000">
        <ele>648.000</ele>
      </trkpt>
      <trkpt lat="45.417980000" lon="5.820050000">
        <ele>649.000</ele>
      </trkpt>
      <trkpt lat="45.418140000" lon="5.820220000">
        <ele>650.000</ele>
      </trkpt>
      <trkpt lat="45.418190000" lon="5.820320000">
        <ele>651.000</ele>
      </trkpt>
      <trkpt lat="45.418310000" lon="5.820720000">
        <ele>653.000</ele>
      </trkpt>
      <trkpt lat="45.418430000" lon="5.820970000">
        <ele>655.000</ele>
      </trkpt>
      <trkpt lat="45.418560000" lon="5.821200000">
        <ele>657.000</ele>
      </trkpt>
      <trkpt lat="45.418690000" lon="5.821380000">
        <ele>659.000</ele>
      </trkpt>
      <trkpt lat="45.418750000" lon="5.821490000">
        <ele>660.000</ele>
      </trkpt>
      <trkpt lat="45.418770000" lon="5.821540000">
        <ele>661.000</ele>
      </trkpt>
      <trkpt lat="45.418770000" lon="5.821600000">
        <ele>662.000</ele>
      </trkpt>
      <trkpt lat="45.418710000" lon="5.821930000">
        <ele>664.000</ele>
      </trkpt>
      <trkpt lat="45.418700000" lon="5.822070000">
        <ele>665.000</ele>
      </trkpt>
      <trkpt lat="45.418720000" lon="5.822180000">
        <ele>666.000</ele>
      </trkpt>
      <trkpt lat="45.418760000" lon="5.822280000">
        <ele>667.000</ele>
      </trkpt>
      <trkpt lat="45.418850000" lon="5.822390000">
        <ele>667.000</ele>
      </trkpt>
      <trkpt lat="45.418920000" lon="5.822430000">
        <ele>667.000</ele>
      </trkpt>
      <trkpt lat="45.419390000" lon="5.822620000">
        <ele>667.000</ele>
      </trkpt>
      <trkpt lat="45.419500000" lon="5.822700000">
        <ele>666.000</ele>
      </trkpt>
      <trkpt lat="45.419570000" lon="5.822800000">
        <ele>666.000</ele>
      </trkpt>
      <trkpt lat="45.419650000" lon="5.822930000">
        <ele>665.000</ele>
      </trkpt>
      <trkpt lat="45.419930000" lon="5.823530000">
        <ele>664.000</ele>
      </trkpt>
      <trkpt lat="45.420300000" lon="5.824230000">
        <ele>663.000</ele>
      </trkpt>
      <trkpt lat="45.420450000" lon="5.824500000">
        <ele>662.000</ele>
      </trkpt>
      <trkpt lat="45.420760000" lon="5.825050000">
        <ele>662.000</ele>
      </trkpt>
      <trkpt lat="45.420810000" lon="5.825150000">
        <ele>662.000</ele>
      </trkpt>
      <trkpt lat="45.420830000" lon="5.825240000">
        <ele>663.000</ele>
      </trkpt>
      <trkpt lat="45.420830000" lon="5.825310000">
        <ele>663.000</ele>
      </trkpt>
      <trkpt lat="45.420820000" lon="5.825360000">
        <ele>663.000</ele>
      </trkpt>
      <trkpt lat="45.420780000" lon="5.825420000">
        <ele>663.000</ele>
      </trkpt>
      <trkpt lat="45.420740000" lon="5.825470000">
        <ele>664.000</ele>
      </trkpt>
      <trkpt lat="45.420630000" lon="5.825540000">
        <ele>664.000</ele>
      </trkpt>
      <trkpt lat="45.420530000" lon="5.825570000">
        <ele>664.000</ele>
      </trkpt>
      <trkpt lat="45.420470000" lon="5.825580000">
        <ele>665.000</ele>
      </trkpt>
      <trkpt lat="45.420400000" lon="5.825610000">
        <ele>665.000</ele>
      </trkpt>
      <trkpt lat="45.420320000" lon="5.825680000">
        <ele>665.000</ele>
      </trkpt>
      <trkpt lat="45.420270000" lon="5.825790000">
        <ele>666.000</ele>
      </trkpt>
      <trkpt lat="45.420220000" lon="5.826020000">
        <ele>666.000</ele>
      </trkpt>
      <trkpt lat="45.420190000" lon="5.826170000">
        <ele>667.000</ele>
      </trkpt>
      <trkpt lat="45.420130000" lon="5.826670000">
        <ele>667.000</ele>
      </trkpt>
      <trkpt lat="45.420130000" lon="5.826830000">
        <ele>668.000</ele>
      </trkpt>
      <trkpt lat="45.420140000" lon="5.826950000">
        <ele>668.000</ele>
      </trkpt>
      <trkpt lat="45.420210000" lon="5.827180000">
        <ele>669.000</ele>
      </trkpt>
      <trkpt lat="45.420250000" lon="5.827360000">
        <ele>669.000</ele>
      </trkpt>
      <trkpt lat="45.420370000" lon="5.828510000">
        <ele>670.000</ele>
      </trkpt>
      <trkpt lat="45.420380000" lon="5.828670000">
        <ele>671.000</ele>
      </trkpt>
      <trkpt lat="45.420380000" lon="5.828800000">
        <ele>671.000</ele>
      </trkpt>
      <trkpt lat="45.420350000" lon="5.828900000">
        <ele>672.000</ele>
      </trkpt>
      <trkpt lat="45.420320000" lon="5.828980000">
        <ele>673.000</ele>
      </trkpt>
      <trkpt lat="45.420200000" lon="5.829110000">
        <ele>674.000</ele>
      </trkpt>
      <trkpt lat="45.419960000" lon="5.829300000">
        <ele>675.000</ele>
      </trkpt>
      <trkpt lat="45.419900000" lon="5.829410000">
        <ele>677.000</ele>
      </trkpt>
      <trkpt lat="45.419880000" lon="5.829500000">
        <ele>678.000</ele>
      </trkpt>
      <trkpt lat="45.419870000" lon="5.829620000">
        <ele>679.000</ele>
      </trkpt>
      <trkpt lat="45.419910000" lon="5.830040000">
        <ele>681.000</ele>
      </trkpt>
      <trkpt lat="45.419900000" lon="5.830100000">
        <ele>682.000</ele>
      </trkpt>
      <trkpt lat="45.419890000" lon="5.830140000">
        <ele>683.000</ele>
      </trkpt>
      <trkpt lat="45.419870000" lon="5.830190000">
        <ele>684.000</ele>
      </trkpt>
      <trkpt lat="45.419840000" lon="5.830220000">
        <ele>685.000</ele>
      </trkpt>
      <trkpt lat="45.419790000" lon="5.830260000">
        <ele>685.000</ele>
      </trkpt>
      <trkpt lat="45.419700000" lon="5.830300000">
        <ele>686.000</ele>
      </trkpt>
      <trkpt lat="45.419630000" lon="5.830350000">
        <ele>687.000</ele>
      </trkpt>
      <trkpt lat="45.419590000" lon="5.830400000">
        <ele>687.000</ele>
      </trkpt>
      <trkpt lat="45.419560000" lon="5.830460000">
        <ele>688.000</ele>
      </trkpt>
      <trkpt lat="45.419530000" lon="5.830630000">
        <ele>689.000</ele>
      </trkpt>
      <trkpt lat="45.419490000" lon="5.831000000">
        <ele>691.000</ele>
      </trkpt>
      <trkpt lat="45.419300000" lon="5.832240000">
        <ele>688.000</ele>
      </trkpt>
      <trkpt lat="45.419310000" lon="5.832370000">
        <ele>685.000</ele>
      </trkpt>
      <trkpt lat="45.419340000" lon="5.832500000">
        <ele>683.000</ele>
      </trkpt>
      <trkpt lat="45.419390000" lon="5.832610000">
        <ele>682.000</ele>
      </trkpt>
      <trkpt lat="45.419420000" lon="5.832720000">
        <ele>680.000</ele>
      </trkpt>
      <trkpt lat="45.419430000" lon="5.832780000">
        <ele>679.000</ele>
      </trkpt>
      <trkpt lat="45.419420000" lon="5.832830000">
        <ele>678.000</ele>
      </trkpt>
      <trkpt lat="45.419390000" lon="5.833100000">
        <ele>676.000</ele>
      </trkpt>
      <trkpt lat="45.419400000" lon="5.833250000">
        <ele>675.000</ele>
      </trkpt>
      <trkpt lat="45.419560000" lon="5.833690000">
        <ele>672.000</ele>
      </trkpt>
      <trkpt lat="45.419580000" lon="5.833790000">
        <ele>671.000</ele>
      </trkpt>
      <trkpt lat="45.419580000" lon="5.833870000">
        <ele>671.000</ele>
      </trkpt>
      <trkpt lat="45.419580000" lon="5.833930000">
        <ele>671.000</ele>
      </trkpt>
      <trkpt lat="45.419560000" lon="5.833970000">
        <ele>671.000</ele>
      </trkpt>
      <trkpt lat="45.419520000" lon="5.834000000">
        <ele>672.000</ele>
      </trkpt>
      <trkpt lat="45.419480000" lon="5.834010000">
        <ele>672.000</ele>
      </trkpt>
      <trkpt lat="45.419410000" lon="5.833970000">
        <ele>673.000</ele>
      </trkpt>
      <trkpt lat="45.419280000" lon="5.833870000">
        <ele>674.000</ele>
      </trkpt>
      <trkpt lat="45.419110000" lon="5.833780000">
        <ele>677.000</ele>
      </trkpt>
      <trkpt lat="45.418890000" lon="5.833750000">
        <ele>679.000</ele>
      </trkpt>
      <trkpt lat="45.418590000" lon="5.833720000">
        <ele>683.000</ele>
      </trkpt>
      <trkpt lat="45.418490000" lon="5.833720000">
        <ele>686.000</ele>
      </trkpt>
      <trkpt lat="45.418380000" lon="5.833740000">
        <ele>689.000</ele>
      </trkpt>
      <trkpt lat="45.418320000" lon="5.833750000">
        <ele>692.000</ele>
      </trkpt>
      <trkpt lat="45.418270000" lon="5.833770000">
        <ele>693.000</ele>
      </trkpt>
      <trkpt lat="45.418240000" lon="5.833800000">
        <ele>695.000</ele>
      </trkpt>
      <trkpt lat="45.418210000" lon="5.833840000">
        <ele>696.000</ele>
      </trkpt>
      <trkpt lat="45.418190000" lon="5.833880000">
        <ele>697.000</ele>
      </trkpt>
      <trkpt lat="45.418160000" lon="5.834000000">
        <ele>697.960</ele>
      </trkpt>
      <trkpt lat="45.418160000" lon="5.834060000">
        <ele>697.900</ele>
      </trkpt>
      <trkpt lat="45.418160000" lon="5.834110000">
        <ele>697.840</ele>
      </trkpt>
      <trkpt lat="45.418170000" lon="5.834170000">
        <ele>697.760</ele>
      </trkpt>
      <trkpt lat="45.418190000" lon="5.834240000">
        <ele>697.680</ele>
      </trkpt>
      <trkpt lat="45.418390000" lon="5.834780000">
        <ele>696.950</ele>
      </trkpt>
      <trkpt lat="45.418440000" lon="5.834900000">
        <ele>696.800</ele>
      </trkpt>
      <trkpt lat="45.418510000" lon="5.835080000">
        <ele>696.560</ele>
      </trkpt>
      <trkpt lat="45.418530000" lon="5.835170000">
        <ele>696.450</ele>
      </trkpt>
      <trkpt lat="45.418550000" lon="5.835250000">
        <ele>696.350</ele>
      </trkpt>
      <trkpt lat="45.418550000" lon="5.835320000">
        <ele>696.270</ele>
      </trkpt>
      <trkpt lat="45.418540000" lon="5.835390000">
        <ele>696.180</ele>
      </trkpt>
      <trkpt lat="45.418520000" lon="5.835480000">
        <ele>696.070</ele>
      </trkpt>
      <trkpt lat="45.418450000" lon="5.835610000">
        <ele>695.880</ele>
      </trkpt>
      <trkpt lat="45.418360000" lon="5.835800000">
        <ele>695.610</ele>
      </trkpt>
      <trkpt lat="45.418340000" lon="5.835880000">
        <ele>695.510</ele>
      </trkpt>
      <trkpt lat="45.418330000" lon="5.835990000">
        <ele>695.380</ele>
      </trkpt>
      <trkpt lat="45.418320000" lon="5.836140000">
        <ele>695.200</ele>
      </trkpt>
      <trkpt lat="45.418300000" lon="5.836250000">
        <ele>695.060</ele>
      </trkpt>
      <trkpt lat="45.418250000" lon="5.836370000">
        <ele>694.900</ele>
      </trkpt>
      <trkpt lat="45.418170000" lon="5.836540000">
        <ele>694.660</ele>
      </trkpt>
      <trkpt lat="45.418130000" lon="5.836660000">
        <ele>694.510</ele>
      </trkpt>
      <trkpt lat="45.418080000" lon="5.836830000">
        <ele>694.300</ele>
      </trkpt>
      <trkpt lat="45.418000000" lon="5.837170000">
        <ele>693.880</ele>
      </trkpt>
      <trkpt lat="45.417880000" lon="5.837660000">
        <ele>693.260</ele>
      </trkpt>
      <trkpt lat="45.417700000" lon="5.838420000">
        <ele>692.330</ele>
      </trkpt>
      <trkpt lat="45.417670000" lon="5.838560000">
        <ele>692.160</ele>
      </trkpt>
      <trkpt lat="45.417650000" lon="5.838720000">
        <ele>691.970</ele>
      </trkpt>
      <trkpt lat="45.417630000" lon="5.838870000">
        <ele>691.790</ele>
      </trkpt>
      <trkpt lat="45.417620000" lon="5.839020000">
        <ele>691.610</ele>
      </trkpt>
      <trkpt lat="45.417620000" lon="5.839200000">
        <ele>691.390</ele>
      </trkpt>
      <trkpt lat="45.417630000" lon="5.839390000">
        <ele>691.180</ele>
      </trkpt>
      <trkpt lat="45.417650000" lon="5.839600000">
        <ele>690.920</ele>
      </trkpt>
      <trkpt lat="45.417670000" lon="5.839780000">
        <ele>690.710</ele>
      </trkpt>
      <trkpt lat="45.417720000" lon="5.839990000">
        <ele>690.460</ele>
      </trkpt>
      <trkpt lat="45.417770000" lon="5.840170000">
        <ele>690.230</ele>
      </trkpt>
      <trkpt lat="45.417810000" lon="5.840310000">
        <ele>690.040</ele>
      </trkpt>
      <trkpt lat="45.417860000" lon="5.840440000">
        <ele>689.880</ele>
      </trkpt>
      <trkpt lat="45.417920000" lon="5.840610000">
        <ele>689.650</ele>
      </trkpt>
      <trkpt lat="45.417960000" lon="5.840770000">
        <ele>689.450</ele>
      </trkpt>
      <trkpt lat="45.417980000" lon="5.840900000">
        <ele>689.300</ele>
      </trkpt>
      <trkpt lat="45.417980000" lon="5.841050000">
        <ele>689.120</ele>
      </trkpt>
      <trkpt lat="45.417950000" lon="5.841240000">
        <ele>688.890</ele>
      </trkpt>
      <trkpt lat="45.417900000" lon="5.841400000">
        <ele>688.690</ele>
      </trkpt>
      <trkpt lat="45.417880000" lon="5.841520000">
        <ele>688.550</ele>
      </trkpt>
      <trkpt lat="45.417870000" lon="5.841710000">
        <ele>688.320</ele>
      </trkpt>
      <trkpt lat="45.417890000" lon="5.841980000">
        <ele>688.010</ele>
      </trkpt>
      <trkpt lat="45.417910000" lon="5.842140000">
        <ele>687.810</ele>
      </trkpt>
      <trkpt lat="45.417920000" lon="5.842250000">
        <ele>687.680</ele>
      </trkpt>
      <trkpt lat="45.417920000" lon="5.842330000">
        <ele>687.590</ele>
      </trkpt>
      <trkpt lat="45.417890000" lon="5.842400000">
        <ele>687.500</ele>
      </trkpt>
      <trkpt lat="45.417860000" lon="5.842430000">
        <ele>687.430</ele>
      </trkpt>
      <trkpt lat="45.417830000" lon="5.842450000">
        <ele>687.370</ele>
      </trkpt>
      <trkpt lat="45.417770000" lon="5.842450000">
        <ele>687.260</ele>
      </trkpt>
      <trkpt lat="45.417720000" lon="5.842440000">
        <ele>687.190</ele>
      </trkpt>
      <trkpt lat="45.417620000" lon="5.842430000">
        <ele>687.020</ele>
      </trkpt>
      <trkpt lat="45.417550000" lon="5.842450000">
        <ele>686.910</ele>
      </trkpt>
      <trkpt lat="45.417480000" lon="5.842480000">
        <ele>686.780</ele>
      </trkpt>
      <trkpt lat="45.417410000" lon="5.842540000">
        <ele>686.640</ele>
      </trkpt>
      <trkpt lat="45.417360000" lon="5.842620000">
        <ele>686.520</ele>
      </trkpt>
      <trkpt lat="45.417330000" lon="5.842710000">
        <ele>686.400</ele>
      </trkpt>
      <trkpt lat="45.417310000" lon="5.842830000">
        <ele>686.250</ele>
      </trkpt>
      <trkpt lat="45.417300000" lon="5.842950000">
        <ele>686.120</ele>
      </trkpt>
      <trkpt lat="45.417270000" lon="5.843030000">
        <ele>686.010</ele>
      </trkpt>
      <trkpt lat="45.417250000" lon="5.843080000">
        <ele>686.000</ele>
      </trkpt>
      <trkpt lat="45.417200000" lon="5.843140000">
        <ele>686.000</ele>
      </trkpt>
      <trkpt lat="45.417150000" lon="5.843170000">
        <ele>686.000</ele>
      </trkpt>
      <trkpt lat="45.417060000" lon="5.843230000">
        <ele>686.000</ele>
      </trkpt>
      <trkpt lat="45.417010000" lon="5.843280000">
        <ele>686.000</ele>
      </trkpt>
      <trkpt lat="45.416970000" lon="5.843380000">
        <ele>685.000</ele>
      </trkpt>
      <trkpt lat="45.416950000" lon="5.843490000">
        <ele>685.000</ele>
      </trkpt>
      <trkpt lat="45.416920000" lon="5.843640000">
        <ele>685.000</ele>
      </trkpt>
      <trkpt lat="45.416870000" lon="5.843830000">
        <ele>685.000</ele>
      </trkpt>
      <trkpt lat="45.416740000" lon="5.844240000">
        <ele>684.000</ele>
      </trkpt>
      <trkpt lat="45.416650000" lon="5.844500000">
        <ele>684.000</ele>
      </trkpt>
      <trkpt lat="45.416630000" lon="5.844560000">
        <ele>684.000</ele>
      </trkpt>
      <trkpt lat="45.416620000" lon="5.844620000">
        <ele>683.000</ele>
      </trkpt>
      <trkpt lat="45.416620000" lon="5.844690000">
        <ele>683.000</ele>
      </trkpt>
      <trkpt lat="45.416620000" lon="5.844760000">
        <ele>683.000</ele>
      </trkpt>
      <trkpt lat="45.416650000" lon="5.844860000">
        <ele>683.000</ele>
      </trkpt>
      <trkpt lat="45.416710000" lon="5.845070000">
        <ele>682.000</ele>
      </trkpt>
      <trkpt lat="45.416730000" lon="5.845160000">
        <ele>682.000</ele>
      </trkpt>
      <trkpt lat="45.416740000" lon="5.845230000">
        <ele>682.000</ele>
      </trkpt>
      <trkpt lat="45.416730000" lon="5.845300000">
        <ele>682.000</ele>
      </trkpt>
      <trkpt lat="45.416710000" lon="5.845350000">
        <ele>682.000</ele>
      </trkpt>
      <trkpt lat="45.416630000" lon="5.845460000">
        <ele>681.000</ele>
      </trkpt>
      <trkpt lat="45.416500000" lon="5.845650000">
        <ele>681.000</ele>
      </trkpt>
      <trkpt lat="45.416430000" lon="5.845760000">
        <ele>681.000</ele>
      </trkpt>
      <trkpt lat="45.416350000" lon="5.845930000">
        <ele>680.000</ele>
      </trkpt>
      <trkpt lat="45.416310000" lon="5.846040000">
        <ele>680.000</ele>
      </trkpt>
      <trkpt lat="45.416270000" lon="5.846180000">
        <ele>679.000</ele>
      </trkpt>
      <trkpt lat="45.416250000" lon="5.846300000">
        <ele>678.000</ele>
      </trkpt>
      <trkpt lat="45.416210000" lon="5.846520000">
        <ele>678.000</ele>
      </trkpt>
      <trkpt lat="45.416170000" lon="5.846820000">
        <ele>677.000</ele>
      </trkpt>
      <trkpt lat="45.416150000" lon="5.847000000">
        <ele>676.000</ele>
      </trkpt>
      <trkpt lat="45.416150000" lon="5.847210000">
        <ele>675.000</ele>
      </trkpt>
      <trkpt lat="45.416160000" lon="5.847540000">
        <ele>674.000</ele>
      </trkpt>
      <trkpt lat="45.416160000" lon="5.847830000">
        <ele>673.000</ele>
      </trkpt>
      <trkpt lat="45.416150000" lon="5.848150000">
        <ele>672.000</ele>
      </trkpt>
      <trkpt lat="45.416110000" lon="5.848840000">
        <ele>670.000</ele>
      </trkpt>
      <trkpt lat="45.416060000" lon="5.849300000">
        <ele>667.000</ele>
      </trkpt>
      <trkpt lat="45.416060000" lon="5.849400000">
        <ele>665.000</ele>
      </trkpt>
      <trkpt lat="45.416060000" lon="5.849500000">
        <ele>664.000</ele>
      </trkpt>
      <trkpt lat="45.416070000" lon="5.849550000">
        <ele>663.000</ele>
      </trkpt>
      <trkpt lat="45.416090000" lon="5.849610000">
        <ele>662.000</ele>
      </trkpt>
      <trkpt lat="45.416130000" lon="5.849740000">
        <ele>661.000</ele>
      </trkpt>
      <trkpt lat="45.416210000" lon="5.849920000">
        <ele>660.000</ele>
      </trkpt>
      <trkpt lat="45.416290000" lon="5.850140000">
        <ele>659.000</ele>
      </trkpt>
      <trkpt lat="45.416350000" lon="5.850340000">
        <ele>657.000</ele>
      </trkpt>
      <trkpt lat="45.416410000" lon="5.850570000">
        <ele>656.000</ele>
      </trkpt>
      <trkpt lat="45.416440000" lon="5.850680000">
        <ele>655.000</ele>
      </trkpt>
      <trkpt lat="45.416450000" lon="5.850730000">
        <ele>654.000</ele>
      </trkpt>
      <trkpt lat="45.416460000" lon="5.850800000">
        <ele>654.000</ele>
      </trkpt>
      <trkpt lat="45.416470000" lon="5.850870000">
        <ele>653.000</ele>
      </trkpt>
      <trkpt lat="45.416470000" lon="5.851010000">
        <ele>653.000</ele>
      </trkpt>
      <trkpt lat="45.416450000" lon="5.851130000">
        <ele>653.000</ele>
      </trkpt>
      <trkpt lat="45.416400000" lon="5.851400000">
        <ele>653.000</ele>
      </trkpt>
      <trkpt lat="45.416330000" lon="5.851630000">
        <ele>653.000</ele>
      </trkpt>
      <trkpt lat="45.416270000" lon="5.851740000">
        <ele>653.000</ele>
      </trkpt>
      <trkpt lat="45.416210000" lon="5.851840000">
        <ele>653.000</ele>
      </trkpt>
      <trkpt lat="45.416070000" lon="5.852000000">
        <ele>653.000</ele>
      </trkpt>
      <trkpt lat="45.415920000" lon="5.852150000">
        <ele>653.000</ele>
      </trkpt>
      <trkpt lat="45.415780000" lon="5.852290000">
        <ele>653.000</ele>
      </trkpt>
      <trkpt lat="45.415730000" lon="5.852360000">
        <ele>653.000</ele>
      </trkpt>
      <trkpt lat="45.415670000" lon="5.852460000">
        <ele>653.000</ele>
      </trkpt>
      <trkpt lat="45.415630000" lon="5.852540000">
        <ele>653.000</ele>
      </trkpt>
      <trkpt lat="45.415580000" lon="5.852700000">
        <ele>653.000</ele>
      </trkpt>
      <trkpt lat="45.415560000" lon="5.852770000">
        <ele>653.000</ele>
      </trkpt>
      <trkpt lat="45.415550000" lon="5.852820000">
        <ele>652.000</ele>
      </trkpt>
      <trkpt lat="45.415530000" lon="5.852950000">
        <ele>652.000</ele>
      </trkpt>
      <trkpt lat="45.415520000" lon="5.853040000">
        <ele>652.000</ele>
      </trkpt>
      <trkpt lat="45.415530000" lon="5.853080000">
        <ele>652.000</ele>
      </trkpt>
      <trkpt lat="45.415530000" lon="5.853140000">
        <ele>652.000</ele>
      </trkpt>
      <trkpt lat="45.415510000" lon="5.853260000">
        <ele>652.000</ele>
      </trkpt>
      <trkpt lat="45.415400000" lon="5.853750000">
        <ele>651.000</ele>
      </trkpt>
      <trkpt lat="45.415370000" lon="5.853950000">
        <ele>651.000</ele>
      </trkpt>
      <trkpt lat="45.415310000" lon="5.854310000">
        <ele>650.000</ele>
      </trkpt>
      <trkpt lat="45.415300000" lon="5.854350000">
        <ele>650.000</ele>
      </trkpt>
      <trkpt lat="45.415250000" lon="5.854530000">
        <ele>649.000</ele>
      </trkpt>
      <trkpt lat="45.415220000" lon="5.854600000">
        <ele>649.000</ele>
      </trkpt>
      <trkpt lat="45.415240000" lon="5.854630000">
        <ele>649.000</ele>
      </trkpt>
      <trkpt lat="45.415270000" lon="5.854660000">
        <ele>648.000</ele>
      </trkpt>
      <trkpt lat="45.415290000" lon="5.854680000">
        <ele>648.000</ele>
      </trkpt>
      <trkpt lat="45.415330000" lon="5.854690000">
        <ele>648.000</ele>
      </trkpt>
      <trkpt lat="45.415390000" lon="5.854690000">
        <ele>648.000</ele>
      </trkpt>
      <trkpt lat="45.415450000" lon="5.854680000">
        <ele>648.000</ele>
      </trkpt>
      <trkpt lat="45.415610000" lon="5.854620000">
        <ele>647.000</ele>
      </trkpt>
      <trkpt lat="45.415620000" lon="5.854620000">
        <ele>647.000</ele>
      </trkpt>
      <trkpt lat="45.415620000" lon="5.854620000">
        <ele>647.000</ele>
      </trkpt>
      <trkpt lat="45.415700000" lon="5.854590000">
        <ele>647.000</ele>
      </trkpt>
      <trkpt lat="45.415830000" lon="5.854550000">
        <ele>647.000</ele>
      </trkpt>
      <trkpt lat="45.415970000" lon="5.854510000">
        <ele>646.000</ele>
      </trkpt>
      <trkpt lat="45.416080000" lon="5.854490000">
        <ele>646.000</ele>
      </trkpt>
      <trkpt lat="45.416160000" lon="5.854450000">
        <ele>646.000</ele>
      </trkpt>
      <trkpt lat="45.416360000" lon="5.854320000">
        <ele>646.000</ele>
      </trkpt>
      <trkpt lat="45.416420000" lon="5.854290000">
        <ele>646.000</ele>
      </trkpt>
      <trkpt lat="45.416450000" lon="5.854280000">
        <ele>646.000</ele>
      </trkpt>
      <trkpt lat="45.416470000" lon="5.854290000">
        <ele>645.000</ele>
      </trkpt>
      <trkpt lat="45.416490000" lon="5.854290000">
        <ele>645.000</ele>
      </trkpt>
      <trkpt lat="45.416500000" lon="5.854310000">
        <ele>645.000</ele>
      </trkpt>
      <trkpt lat="45.416500000" lon="5.854310000">
        <ele>645.000</ele>
      </trkpt>
      <trkpt lat="45.416600000" lon="5.854420000">
        <ele>645.000</ele>
      </trkpt>
      <trkpt lat="45.416680000" lon="5.854520000">
        <ele>645.000</ele>
      </trkpt>
      <trkpt lat="45.416700000" lon="5.854530000">
        <ele>645.000</ele>
      </trkpt>
      <trkpt lat="45.416720000" lon="5.854550000">
        <ele>645.000</ele>
      </trkpt>
      <trkpt lat="45.416780000" lon="5.854570000">
        <ele>645.000</ele>
      </trkpt>
      <trkpt lat="45.416840000" lon="5.854590000">
        <ele>645.000</ele>
      </trkpt>
      <trkpt lat="45.417150000" lon="5.854680000">
        <ele>644.000</ele>
      </trkpt>
      <trkpt lat="45.417440000" lon="5.854760000">
        <ele>644.000</ele>
      </trkpt>
      <trkpt lat="45.417690000" lon="5.854860000">
        <ele>644.000</ele>
      </trkpt>
      <trkpt lat="45.417800000" lon="5.854900000">
        <ele>644.000</ele>
      </trkpt>
      <trkpt lat="45.417850000" lon="5.854960000">
        <ele>644.000</ele>
      </trkpt>
      <trkpt lat="45.417910000" lon="5.855030000">
        <ele>644.000</ele>
      </trkpt>
      <trkpt lat="45.417930000" lon="5.855060000">
        <ele>644.000</ele>
      </trkpt>
      <trkpt lat="45.417980000" lon="5.855170000">
        <ele>645.000</ele>
      </trkpt>
      <trkpt lat="45.418040000" lon="5.855260000">
        <ele>645.000</ele>
      </trkpt>
      <trkpt lat="45.418180000" lon="5.855440000">
        <ele>645.000</ele>
      </trkpt>
      <trkpt lat="45.418480000" lon="5.856000000">
        <ele>645.000</ele>
      </trkpt>
      <trkpt lat="45.418550000" lon="5.856110000">
        <ele>646.000</ele>
      </trkpt>
      <trkpt lat="45.418590000" lon="5.856170000">
        <ele>646.000</ele>
      </trkpt>
      <trkpt lat="45.418660000" lon="5.856250000">
        <ele>647.000</ele>
      </trkpt>
      <trkpt lat="45.418830000" lon="5.856430000">
        <ele>647.000</ele>
      </trkpt>
      <trkpt lat="45.418910000" lon="5.856520000">
        <ele>647.000</ele>
      </trkpt>
      <trkpt lat="45.418970000" lon="5.856610000">
        <ele>647.000</ele>
      </trkpt>
      <trkpt lat="45.419050000" lon="5.856750000">
        <ele>647.000</ele>
      </trkpt>
      <trkpt lat="45.419270000" lon="5.857140000">
        <ele>647.000</ele>
      </trkpt>
      <trkpt lat="45.419420000" lon="5.857420000">
        <ele>647.000</ele>
      </trkpt>
      <trkpt lat="45.419450000" lon="5.857470000">
        <ele>646.000</ele>
      </trkpt>
      <trkpt lat="45.419550000" lon="5.857630000">
        <ele>646.000</ele>
      </trkpt>
      <trkpt lat="45.419600000" lon="5.857690000">
        <ele>646.000</ele>
      </trkpt>
      <trkpt lat="45.419680000" lon="5.857780000">
        <ele>646.000</ele>
      </trkpt>
      <trkpt lat="45.419760000" lon="5.857840000">
        <ele>646.000</ele>
      </trkpt>
      <trkpt lat="45.420260000" lon="5.858140000">
        <ele>645.000</ele>
      </trkpt>
      <trkpt lat="45.420920000" lon="5.858540000">
        <ele>647.000</ele>
      </trkpt>
      <trkpt lat="45.421000000" lon="5.858600000">
        <ele>648.000</ele>
      </trkpt>
      <trkpt lat="45.421050000" lon="5.858660000">
        <ele>649.000</ele>
      </trkpt>
      <trkpt lat="45.421090000" lon="5.858710000">
        <ele>650.000</ele>
      </trkpt>
      <trkpt lat="45.421130000" lon="5.858770000">
        <ele>651.000</ele>
      </trkpt>
      <trkpt lat="45.421180000" lon="5.858900000">
        <ele>651.000</ele>
      </trkpt>
      <trkpt lat="45.421190000" lon="5.858970000">
        <ele>652.000</ele>
      </trkpt>
      <trkpt lat="45.421210000" lon="5.859040000">
        <ele>652.000</ele>
      </trkpt>
      <trkpt lat="45.421210000" lon="5.859120000">
        <ele>653.000</ele>
      </trkpt>
      <trkpt lat="45.421210000" lon="5.859200000">
        <ele>653.000</ele>
      </trkpt>
      <trkpt lat="45.421150000" lon="5.860000000">
        <ele>655.000</ele>
      </trkpt>
      <trkpt lat="45.421140000" lon="5.860290000">
        <ele>656.000</ele>
      </trkpt>
      <trkpt lat="45.421140000" lon="5.860380000">
        <ele>657.000</ele>
      </trkpt>
      <trkpt lat="45.421130000" lon="5.860590000">
        <ele>658.000</ele>
      </trkpt>
      <trkpt lat="45.421150000" lon="5.860830000">
        <ele>658.000</ele>
      </trkpt>
      <trkpt lat="45.421160000" lon="5.860910000">
        <ele>658.000</ele>
      </trkpt>
      <trkpt lat="45.421190000" lon="5.861020000">
        <ele>659.000</ele>
      </trkpt>
      <trkpt lat="45.421230000" lon="5.861100000">
        <ele>659.000</ele>
      </trkpt>
      <trkpt lat="45.421310000" lon="5.861200000">
        <ele>659.000</ele>
      </trkpt>
      <trkpt lat="45.421370000" lon="5.861260000">
        <ele>659.000</ele>
      </trkpt>
      <trkpt lat="45.421470000" lon="5.861310000">
        <ele>659.000</ele>
      </trkpt>
      <trkpt lat="45.421790000" lon="5.861400000">
        <ele>659.000</ele>
      </trkpt>
      <trkpt lat="45.422720000" lon="5.861670000">
        <ele>660.000</ele>
      </trkpt>
      <trkpt lat="45.422810000" lon="5.861720000">
        <ele>660.000</ele>
      </trkpt>
      <trkpt lat="45.422920000" lon="5.861790000">
        <ele>661.000</ele>
      </trkpt>
      <trkpt lat="45.423000000" lon="5.861850000">
        <ele>662.000</ele>
      </trkpt>
      <trkpt lat="45.423090000" lon="5.861940000">
        <ele>663.000</ele>
      </trkpt>
      <trkpt lat="45.423400000" lon="5.862320000">
        <ele>666.000</ele>
      </trkpt>
      <trkpt lat="45.423570000" lon="5.862490000">
        <ele>668.000</ele>
      </trkpt>
      <trkpt lat="45.423700000" lon="5.862640000">
        <ele>670.000</ele>
      </trkpt>
      <trkpt lat="45.423850000" lon="5.862840000">
        <ele>672.000</ele>
      </trkpt>
      <trkpt lat="45.423970000" lon="5.863040000">
        <ele>675.000</ele>
      </trkpt>
      <trkpt lat="45.424060000" lon="5.863210000">
        <ele>677.000</ele>
      </trkpt>
      <trkpt lat="45.424130000" lon="5.863400000">
        <ele>679.000</ele>
      </trkpt>
      <trkpt lat="45.424240000" lon="5.863800000">
        <ele>679.000</ele>
      </trkpt>
      <trkpt lat="45.424290000" lon="5.863910000">
        <ele>680.000</ele>
      </trkpt>
      <trkpt lat="45.424340000" lon="5.864010000">
        <ele>680.000</ele>
      </trkpt>
      <trkpt lat="45.424400000" lon="5.864100000">
        <ele>679.000</ele>
      </trkpt>
      <trkpt lat="45.424500000" lon="5.864180000">
        <ele>679.000</ele>
      </trkpt>
      <trkpt lat="45.424760000" lon="5.864340000">
        <ele>678.000</ele>
      </trkpt>
      <trkpt lat="45.424840000" lon="5.864420000">
        <ele>677.000</ele>
      </trkpt>
      <trkpt lat="45.424930000" lon="5.864530000">
        <ele>677.000</ele>
      </trkpt>
      <trkpt lat="45.424990000" lon="5.864640000">
        <ele>676.000</ele>
      </trkpt>
      <trkpt lat="45.425040000" lon="5.864800000">
        <ele>675.000</ele>
      </trkpt>
      <trkpt lat="45.425120000" lon="5.865100000">
        <ele>674.000</ele>
      </trkpt>
      <trkpt lat="45.425150000" lon="5.865270000">
        <ele>673.000</ele>
      </trkpt>
      <trkpt lat="45.425160000" lon="5.865530000">
        <ele>672.000</ele>
      </trkpt>
      <trkpt lat="45.425160000" lon="5.865670000">
        <ele>672.000</ele>
      </trkpt>
      <trkpt lat="45.425170000" lon="5.866020000">
        <ele>672.000</ele>
      </trkpt>
      <trkpt lat="45.425180000" lon="5.866220000">
        <ele>673.000</ele>
      </trkpt>
      <trkpt lat="45.425190000" lon="5.866380000">
        <ele>674.000</ele>
      </trkpt>
      <trkpt lat="45.425220000" lon="5.866490000">
        <ele>674.000</ele>
      </trkpt>
      <trkpt lat="45.425250000" lon="5.866570000">
        <ele>675.000</ele>
      </trkpt>
      <trkpt lat="45.425340000" lon="5.866690000">
        <ele>676.000</ele>
      </trkpt>
      <trkpt lat="45.425410000" lon="5.866750000">
        <ele>676.000</ele>
      </trkpt>
      <trkpt lat="45.425490000" lon="5.866790000">
        <ele>677.000</ele>
      </trkpt>
      <trkpt lat="45.425550000" lon="5.866810000">
        <ele>678.000</ele>
      </trkpt>
      <trkpt lat="45.425610000" lon="5.866810000">
        <ele>678.000</ele>
      </trkpt>
      <trkpt lat="45.425660000" lon="5.866800000">
        <ele>679.000</ele>
      </trkpt>
      <trkpt lat="45.425810000" lon="5.866760000">
        <ele>680.000</ele>
      </trkpt>
      <trkpt lat="45.425870000" lon="5.866740000">
        <ele>680.000</ele>
      </trkpt>
      <trkpt lat="45.425920000" lon="5.866730000">
        <ele>681.000</ele>
      </trkpt>
      <trkpt lat="45.426050000" lon="5.866730000">
        <ele>682.000</ele>
      </trkpt>
      <trkpt lat="45.426130000" lon="5.866740000">
        <ele>682.000</ele>
      </trkpt>
      <trkpt lat="45.426210000" lon="5.866770000">
        <ele>683.000</ele>
      </trkpt>
      <trkpt lat="45.426500000" lon="5.866890000">
        <ele>684.000</ele>
      </trkpt>
      <trkpt lat="45.426630000" lon="5.866930000">
        <ele>685.000</ele>
      </trkpt>
      <trkpt lat="45.426870000" lon="5.866980000">
        <ele>687.000</ele>
      </trkpt>
      <trkpt lat="45.426920000" lon="5.867000000">
        <ele>688.000</ele>
      </trkpt>
      <trkpt lat="45.427030000" lon="5.867040000">
        <ele>689.000</ele>
      </trkpt>
      <trkpt lat="45.427170000" lon="5.867100000">
        <ele>690.000</ele>
      </trkpt>
      <trkpt lat="45.427360000" lon="5.867210000">
        <ele>691.000</ele>
      </trkpt>
      <trkpt lat="45.427460000" lon="5.867260000">
        <ele>692.000</ele>
      </trkpt>
      <trkpt lat="45.427660000" lon="5.867320000">
        <ele>693.000</ele>
      </trkpt>
      <trkpt lat="45.427700000" lon="5.867350000">
        <ele>694.000</ele>
      </trkpt>
      <trkpt lat="45.427740000" lon="5.867380000">
        <ele>695.000</ele>
      </trkpt>
      <trkpt lat="45.427790000" lon="5.867440000">
        <ele>696.000</ele>
      </trkpt>
      <trkpt lat="45.427820000" lon="5.867500000">
        <ele>696.000</ele>
      </trkpt>
      <trkpt lat="45.427850000" lon="5.867610000">
        <ele>697.000</ele>
      </trkpt>
      <trkpt lat="45.427870000" lon="5.867670000">
        <ele>697.000</ele>
      </trkpt>
      <trkpt lat="45.427890000" lon="5.867700000">
        <ele>698.000</ele>
      </trkpt>
      <trkpt lat="45.427900000" lon="5.867710000">
        <ele>698.000</ele>
      </trkpt>
      <trkpt lat="45.427920000" lon="5.867720000">
        <ele>698.000</ele>
      </trkpt>
      <trkpt lat="45.427940000" lon="5.867730000">
        <ele>699.000</ele>
      </trkpt>
      <trkpt lat="45.428100000" lon="5.867720000">
        <ele>699.000</ele>
      </trkpt>
      <trkpt lat="45.428120000" lon="5.867730000">
        <ele>700.000</ele>
      </trkpt>
      <trkpt lat="45.428130000" lon="5.867750000">
        <ele>700.000</ele>
      </trkpt>
      <trkpt lat="45.428150000" lon="5.867790000">
        <ele>700.000</ele>
      </trkpt>
      <trkpt lat="45.428150000" lon="5.867840000">
        <ele>700.000</ele>
      </trkpt>
      <trkpt lat="45.428150000" lon="5.868000000">
        <ele>700.000</ele>
      </trkpt>
      <trkpt lat="45.428160000" lon="5.868140000">
        <ele>700.000</ele>
      </trkpt>
      <trkpt lat="45.428180000" lon="5.868340000">
        <ele>700.000</ele>
      </trkpt>
      <trkpt lat="45.428230000" lon="5.868680000">
        <ele>700.000</ele>
      </trkpt>
      <trkpt lat="45.428290000" lon="5.868960000">
        <ele>700.000</ele>
      </trkpt>
      <trkpt lat="45.428340000" lon="5.869100000">
        <ele>700.000</ele>
      </trkpt>
      <trkpt lat="45.428380000" lon="5.869150000">
        <ele>700.000</ele>
      </trkpt>
      <trkpt lat="45.428420000" lon="5.869200000">
        <ele>699.000</ele>
      </trkpt>
      <trkpt lat="45.428480000" lon="5.869280000">
        <ele>699.000</ele>
      </trkpt>
      <trkpt lat="45.428540000" lon="5.869310000">
        <ele>699.000</ele>
      </trkpt>
      <trkpt lat="45.428600000" lon="5.869330000">
        <ele>699.000</ele>
      </trkpt>
      <trkpt lat="45.428660000" lon="5.869340000">
        <ele>699.000</ele>
      </trkpt>
      <trkpt lat="45.428990000" lon="5.869350000">
        <ele>699.000</ele>
      </trkpt>
      <trkpt lat="45.429110000" lon="5.869360000">
        <ele>699.000</ele>
      </trkpt>
      <trkpt lat="45.429370000" lon="5.869420000">
        <ele>700.000</ele>
      </trkpt>
      <trkpt lat="45.429570000" lon="5.869440000">
        <ele>701.000</ele>
      </trkpt>
      <trkpt lat="45.429660000" lon="5.869420000">
        <ele>702.000</ele>
      </trkpt>
      <trkpt lat="45.429760000" lon="5.869390000">
        <ele>703.000</ele>
      </trkpt>
      <trkpt lat="45.429820000" lon="5.869380000">
        <ele>704.000</ele>
      </trkpt>
      <trkpt lat="45.429860000" lon="5.869380000">
        <ele>705.000</ele>
      </trkpt>
      <trkpt lat="45.429920000" lon="5.869400000">
        <ele>706.000</ele>
      </trkpt>
      <trkpt lat="45.429970000" lon="5.869420000">
        <ele>707.000</ele>
      </trkpt>
      <trkpt lat="45.430010000" lon="5.869450000">
        <ele>707.000</ele>
      </trkpt>
      <trkpt lat="45.430100000" lon="5.869570000">
        <ele>708.000</ele>
      </trkpt>
      <trkpt lat="45.430140000" lon="5.869670000">
        <ele>709.000</ele>
      </trkpt>
      <trkpt lat="45.430200000" lon="5.869800000">
        <ele>710.000</ele>
      </trkpt>
      <trkpt lat="45.430230000" lon="5.869860000">
        <ele>711.000</ele>
      </trkpt>
      <trkpt lat="45.430280000" lon="5.869930000">
        <ele>712.000</ele>
      </trkpt>
      <trkpt lat="45.430340000" lon="5.870000000">
        <ele>713.000</ele>
      </trkpt>
      <trkpt lat="45.430700000" lon="5.870200000">
        <ele>715.000</ele>
      </trkpt>
      <trkpt lat="45.430770000" lon="5.870250000">
        <ele>716.000</ele>
      </trkpt>
      <trkpt lat="45.430870000" lon="5.870320000">
        <ele>717.000</ele>
      </trkpt>
      <trkpt lat="45.430950000" lon="5.870380000">
        <ele>718.000</ele>
      </trkpt>
      <trkpt lat="45.431090000" lon="5.870460000">
        <ele>719.000</ele>
      </trkpt>
      <trkpt lat="45.431170000" lon="5.870490000">
        <ele>720.000</ele>
      </trkpt>
      <trkpt lat="45.431250000" lon="5.870510000">
        <ele>721.000</ele>
      </trkpt>
      <trkpt lat="45.431400000" lon="5.870570000">
        <ele>722.000</ele>
      </trkpt>
      <trkpt lat="45.431510000" lon="5.870650000">
        <ele>723.000</ele>
      </trkpt>
      <trkpt lat="45.431610000" lon="5.870720000">
        <ele>723.000</ele>
      </trkpt>
      <trkpt lat="45.431730000" lon="5.870760000">
        <ele>724.000</ele>
      </trkpt>
      <trkpt lat="45.431910000" lon="5.870830000">
        <ele>725.000</ele>
      </trkpt>
      <trkpt lat="45.432000000" lon="5.870900000">
        <ele>726.000</ele>
      </trkpt>
      <trkpt lat="45.432060000" lon="5.870960000">
        <ele>727.000</ele>
      </trkpt>
      <trkpt lat="45.432120000" lon="5.871050000">
        <ele>728.000</ele>
      </trkpt>
      <trkpt lat="45.432170000" lon="5.871150000">
        <ele>728.000</ele>
      </trkpt>
      <trkpt lat="45.432220000" lon="5.871240000">
        <ele>729.000</ele>
      </trkpt>
      <trkpt lat="45.432260000" lon="5.871320000">
        <ele>729.000</ele>
      </trkpt>
      <trkpt lat="45.432320000" lon="5.871420000">
        <ele>730.000</ele>
      </trkpt>
      <trkpt lat="45.432410000" lon="5.871590000">
        <ele>731.000</ele>
      </trkpt>
      <trkpt lat="45.432510000" lon="5.871740000">
        <ele>732.000</ele>
      </trkpt>
      <trkpt lat="45.432590000" lon="5.871840000">
        <ele>734.000</ele>
      </trkpt>
      <trkpt lat="45.432690000" lon="5.871950000">
        <ele>735.000</ele>
      </trkpt>
      <trkpt lat="45.432760000" lon="5.872000000">
        <ele>736.000</ele>
      </trkpt>
      <trkpt lat="45.432800000" lon="5.872030000">
        <ele>737.000</ele>
      </trkpt>
      <trkpt lat="45.432890000" lon="5.872050000">
        <ele>738.000</ele>
      </trkpt>
      <trkpt lat="45.433060000" lon="5.872090000">
        <ele>739.000</ele>
      </trkpt>
      <trkpt lat="45.433180000" lon="5.872140000">
        <ele>740.000</ele>
      </trkpt>
      <trkpt lat="45.433260000" lon="5.872190000">
        <ele>742.000</ele>
      </trkpt>
      <trkpt lat="45.433420000" lon="5.872310000">
        <ele>743.000</ele>
      </trkpt>
      <trkpt lat="45.433470000" lon="5.872370000">
        <ele>744.000</ele>
      </trkpt>
      <trkpt lat="45.433510000" lon="5.872430000">
        <ele>745.000</ele>
      </trkpt>
      <trkpt lat="45.433560000" lon="5.872520000">
        <ele>746.000</ele>
      </trkpt>
      <trkpt lat="45.433600000" lon="5.872630000">
        <ele>747.000</ele>
      </trkpt>
      <trkpt lat="45.433640000" lon="5.872760000">
        <ele>748.000</ele>
      </trkpt>
      <trkpt lat="45.433720000" lon="5.873150000">
        <ele>750.000</ele>
      </trkpt>
      <trkpt lat="45.433750000" lon="5.873410000">
        <ele>752.000</ele>
      </trkpt>
      <trkpt lat="45.433770000" lon="5.873740000">
        <ele>754.000</ele>
      </trkpt>
      <trkpt lat="45.433790000" lon="5.873820000">
        <ele>756.000</ele>
      </trkpt>
      <trkpt lat="45.433820000" lon="5.873900000">
        <ele>757.000</ele>
      </trkpt>
      <trkpt lat="45.433970000" lon="5.874130000">
        <ele>759.000</ele>
      </trkpt>
      <trkpt lat="45.434010000" lon="5.874230000">
        <ele>761.000</ele>
      </trkpt>
      <trkpt lat="45.434040000" lon="5.874340000">
        <ele>762.000</ele>
      </trkpt>
      <trkpt lat="45.434170000" lon="5.875000000">
        <ele>765.000</ele>
      </trkpt>
      <trkpt lat="45.434200000" lon="5.875130000">
        <ele>767.000</ele>
      </trkpt>
      <trkpt lat="45.434240000" lon="5.875250000">
        <ele>769.000</ele>
      </trkpt>
      <trkpt lat="45.434380000" lon="5.875590000">
        <ele>772.000</ele>
      </trkpt>
      <trkpt lat="45.434510000" lon="5.875900000">
        <ele>773.000</ele>
      </trkpt>
      <trkpt lat="45.434670000" lon="5.876260000">
        <ele>774.000</ele>
      </trkpt>
      <trkpt lat="45.434730000" lon="5.876370000">
        <ele>775.000</ele>
      </trkpt>
      <trkpt lat="45.434780000" lon="5.876430000">
        <ele>775.000</ele>
      </trkpt>
      <trkpt lat="45.434840000" lon="5.876480000">
        <ele>776.000</ele>
      </trkpt>
      <trkpt lat="45.434910000" lon="5.876520000">
        <ele>776.000</ele>
      </trkpt>
      <trkpt lat="45.435280000" lon="5.876660000">
        <ele>776.000</ele>
      </trkpt>
      <trkpt lat="45.435450000" lon="5.876720000">
        <ele>776.000</ele>
      </trkpt>
      <trkpt lat="45.435690000" lon="5.876780000">
        <ele>776.000</ele>
      </trkpt>
      <trkpt lat="45.436330000" lon="5.876930000">
        <ele>776.000</ele>
      </trkpt>
      <trkpt lat="45.436390000" lon="5.876950000">
        <ele>776.000</ele>
      </trkpt>
      <trkpt lat="45.436470000" lon="5.876990000">
        <ele>776.000</ele>
      </trkpt>
      <trkpt lat="45.436500000" lon="5.877030000">
        <ele>776.000</ele>
      </trkpt>
      <trkpt lat="45.436640000" lon="5.877280000">
        <ele>776.000</ele>
      </trkpt>
      <trkpt lat="45.436670000" lon="5.877310000">
        <ele>776.000</ele>
      </trkpt>
      <trkpt lat="45.436720000" lon="5.877340000">
        <ele>777.000</ele>
      </trkpt>
      <trkpt lat="45.436780000" lon="5.877360000">
        <ele>777.000</ele>
      </trkpt>
      <trkpt lat="45.436860000" lon="5.877360000">
        <ele>777.000</ele>
      </trkpt>
      <trkpt lat="45.437110000" lon="5.877360000">
        <ele>777.000</ele>
      </trkpt>
      <trkpt lat="45.437380000" lon="5.877360000">
        <ele>778.000</ele>
      </trkpt>
      <trkpt lat="45.437650000" lon="5.877340000">
        <ele>778.000</ele>
      </trkpt>
      <trkpt lat="45.437770000" lon="5.877330000">
        <ele>779.000</ele>
      </trkpt>
      <trkpt lat="45.437850000" lon="5.877340000">
        <ele>779.000</ele>
      </trkpt>
      <trkpt lat="45.437910000" lon="5.877360000">
        <ele>780.000</ele>
      </trkpt>
      <trkpt lat="45.438010000" lon="5.877400000">
        <ele>780.000</ele>
      </trkpt>
      <trkpt lat="45.438080000" lon="5.877440000">
        <ele>780.000</ele>
      </trkpt>
      <trkpt lat="45.438180000" lon="5.877500000">
        <ele>781.000</ele>
      </trkpt>
      <trkpt lat="45.438470000" lon="5.877740000">
        <ele>782.000</ele>
      </trkpt>
      <trkpt lat="45.438590000" lon="5.877870000">
        <ele>783.000</ele>
      </trkpt>
      <trkpt lat="45.438660000" lon="5.877940000">
        <ele>783.000</ele>
      </trkpt>
      <trkpt lat="45.438950000" lon="5.878140000">
        <ele>785.000</ele>
      </trkpt>
      <trkpt lat="45.439110000" lon="5.878240000">
        <ele>786.000</ele>
      </trkpt>
      <trkpt lat="45.439310000" lon="5.878340000">
        <ele>787.000</ele>
      </trkpt>
      <trkpt lat="45.439550000" lon="5.878440000">
        <ele>788.000</ele>
      </trkpt>
      <trkpt lat="45.439660000" lon="5.878490000">
        <ele>789.000</ele>
      </trkpt>
      <trkpt lat="45.439910000" lon="5.878680000">
        <ele>791.000</ele>
      </trkpt>
      <trkpt lat="45.440120000" lon="5.878800000">
        <ele>792.000</ele>
      </trkpt>
      <trkpt lat="45.440250000" lon="5.878880000">
        <ele>793.000</ele>
      </trkpt>
      <trkpt lat="45.440350000" lon="5.878980000">
        <ele>794.000</ele>
      </trkpt>
      <trkpt lat="45.440490000" lon="5.879150000">
        <ele>795.000</ele>
      </trkpt>
      <trkpt lat="45.440590000" lon="5.879250000">
        <ele>796.000</ele>
      </trkpt>
      <trkpt lat="45.440690000" lon="5.879340000">
        <ele>797.000</ele>
      </trkpt>
      <trkpt lat="45.440780000" lon="5.879410000">
        <ele>798.000</ele>
      </trkpt>
      <trkpt lat="45.440880000" lon="5.879460000">
        <ele>799.000</ele>
      </trkpt>
      <trkpt lat="45.440990000" lon="5.879510000">
        <ele>799.000</ele>
      </trkpt>
      <trkpt lat="45.441100000" lon="5.879540000">
        <ele>800.000</ele>
      </trkpt>
      <trkpt lat="45.441450000" lon="5.879610000">
        <ele>801.000</ele>
      </trkpt>
      <trkpt lat="45.441600000" lon="5.879640000">
        <ele>803.000</ele>
      </trkpt>
      <trkpt lat="45.441770000" lon="5.879700000">
        <ele>804.000</ele>
      </trkpt>
      <trkpt lat="45.442350000" lon="5.879970000">
        <ele>808.000</ele>
      </trkpt>
      <trkpt lat="45.442600000" lon="5.880070000">
        <ele>812.000</ele>
      </trkpt>
      <trkpt lat="45.442850000" lon="5.880170000">
        <ele>816.000</ele>
      </trkpt>
      <trkpt lat="45.443020000" lon="5.880210000">
        <ele>819.000</ele>
      </trkpt>
      <trkpt lat="45.443210000" lon="5.880240000">
        <ele>822.000</ele>
      </trkpt>
      <trkpt lat="45.443350000" lon="5.880280000">
        <ele>824.000</ele>
      </trkpt>
      <trkpt lat="45.443460000" lon="5.880320000">
        <ele>825.000</ele>
      </trkpt>
      <trkpt lat="45.443650000" lon="5.880430000">
        <ele>826.000</ele>
      </trkpt>
      <trkpt lat="45.443780000" lon="5.880510000">
        <ele>827.000</ele>
      </trkpt>
      <trkpt lat="45.443870000" lon="5.880530000">
        <ele>827.000</ele>
      </trkpt>
      <trkpt lat="45.443930000" lon="5.880530000">
        <ele>827.000</ele>
      </trkpt>
      <trkpt lat="45.443980000" lon="5.880520000">
        <ele>827.000</ele>
      </trkpt>
      <trkpt lat="45.444030000" lon="5.880490000">
        <ele>828.000</ele>
      </trkpt>
      <trkpt lat="45.444080000" lon="5.880440000">
        <ele>828.000</ele>
      </trkpt>
      <trkpt lat="45.444280000" lon="5.880160000">
        <ele>828.000</ele>
      </trkpt>
      <trkpt lat="45.444390000" lon="5.880030000">
        <ele>828.000</ele>
      </trkpt>
      <trkpt lat="45.444490000" lon="5.879950000">
        <ele>828.000</ele>
      </trkpt>
      <trkpt lat="45.444560000" lon="5.879920000">
        <ele>828.000</ele>
      </trkpt>
      <trkpt lat="45.444650000" lon="5.879890000">
        <ele>828.000</ele>
      </trkpt>
      <trkpt lat="45.444770000" lon="5.879880000">
        <ele>828.000</ele>
      </trkpt>
      <trkpt lat="45.445120000" lon="5.879900000">
        <ele>828.000</ele>
      </trkpt>
      <trkpt lat="45.445250000" lon="5.879920000">
        <ele>828.000</ele>
      </trkpt>
      <trkpt lat="45.445390000" lon="5.879960000">
        <ele>828.000</ele>
      </trkpt>
      <trkpt lat="45.445800000" lon="5.880190000">
        <ele>828.000</ele>
      </trkpt>
      <trkpt lat="45.445920000" lon="5.880230000">
        <ele>828.000</ele>
      </trkpt>
      <trkpt lat="45.446040000" lon="5.880250000">
        <ele>828.000</ele>
      </trkpt>
      <trkpt lat="45.446290000" lon="5.880240000">
        <ele>828.000</ele>
      </trkpt>
      <trkpt lat="45.446730000" lon="5.880190000">
        <ele>828.000</ele>
      </trkpt>
      <trkpt lat="45.446940000" lon="5.880200000">
        <ele>828.000</ele>
      </trkpt>
      <trkpt lat="45.447080000" lon="5.880210000">
        <ele>829.000</ele>
      </trkpt>
      <trkpt lat="45.447200000" lon="5.880250000">
        <ele>829.000</ele>
      </trkpt>
      <trkpt lat="45.447330000" lon="5.880330000">
        <ele>830.000</ele>
      </trkpt>
      <trkpt lat="45.447430000" lon="5.880390000">
        <ele>830.000</ele>
      </trkpt>
      <trkpt lat="45.447770000" lon="5.880660000">
        <ele>831.000</ele>
      </trkpt>
      <trkpt lat="45.448730000" lon="5.881590000">
        <ele>834.000</ele>
      </trkpt>
      <trkpt lat="45.448860000" lon="5.881750000">
        <ele>836.000</ele>
      </trkpt>
      <trkpt lat="45.449050000" lon="5.882020000">
        <ele>837.000</ele>
      </trkpt>
      <trkpt lat="45.449120000" lon="5.882100000">
        <ele>838.000</ele>
      </trkpt>
      <trkpt lat="45.449440000" lon="5.882360000">
        <ele>838.000</ele>
      </trkpt>
      <trkpt lat="45.449760000" lon="5.882620000">
        <ele>838.000</ele>
      </trkpt>
      <trkpt lat="45.449940000" lon="5.882750000">
        <ele>838.000</ele>
      </trkpt>
      <trkpt lat="45.450000000" lon="5.882810000">
        <ele>839.000</ele>
      </trkpt>
      <trkpt lat="45.450070000" lon="5.882880000">
        <ele>839.000</ele>
      </trkpt>
      <trkpt lat="45.450170000" lon="5.883040000">
        <ele>839.000</ele>
      </trkpt>
      <trkpt lat="45.450230000" lon="5.883120000">
        <ele>839.000</ele>
      </trkpt>
      <trkpt lat="45.450290000" lon="5.883170000">
        <ele>839.000</ele>
      </trkpt>
      <trkpt lat="45.450400000" lon="5.883240000">
        <ele>839.000</ele>
      </trkpt>
      <trkpt lat="45.450570000" lon="5.883330000">
        <ele>839.000</ele>
      </trkpt>
      <trkpt lat="45.450720000" lon="5.883390000">
        <ele>839.000</ele>
      </trkpt>
      <trkpt lat="45.451090000" lon="5.883570000">
        <ele>840.000</ele>
      </trkpt>
      <trkpt lat="45.451430000" lon="5.883740000">
        <ele>840.000</ele>
      </trkpt>
      <trkpt lat="45.451770000" lon="5.883880000">
        <ele>841.000</ele>
      </trkpt>
      <trkpt lat="45.451830000" lon="5.883900000">
        <ele>842.000</ele>
      </trkpt>
      <trkpt lat="45.451900000" lon="5.883900000">
        <ele>842.000</ele>
      </trkpt>
      <trkpt lat="45.452100000" lon="5.883900000">
        <ele>843.000</ele>
      </trkpt>
      <trkpt lat="45.452250000" lon="5.883890000">
        <ele>843.000</ele>
      </trkpt>
      <trkpt lat="45.452390000" lon="5.883900000">
        <ele>844.000</ele>
      </trkpt>
      <trkpt lat="45.452450000" lon="5.883910000">
        <ele>844.000</ele>
      </trkpt>
      <trkpt lat="45.452510000" lon="5.883930000">
        <ele>845.000</ele>
      </trkpt>
      <trkpt lat="45.452600000" lon="5.883990000">
        <ele>845.000</ele>
      </trkpt>
      <trkpt lat="45.452720000" lon="5.884050000">
        <ele>846.000</ele>
      </trkpt>
      <trkpt lat="45.452840000" lon="5.884130000">
        <ele>846.000</ele>
      </trkpt>
      <trkpt lat="45.453070000" lon="5.884270000">
        <ele>847.000</ele>
      </trkpt>
      <trkpt lat="45.453140000" lon="5.884300000">
        <ele>848.000</ele>
      </trkpt>
      <trkpt lat="45.453200000" lon="5.884300000">
        <ele>848.000</ele>
      </trkpt>
      <trkpt lat="45.453290000" lon="5.884300000">
        <ele>849.000</ele>
      </trkpt>
      <trkpt lat="45.453480000" lon="5.884270000">
        <ele>849.000</ele>
      </trkpt>
      <trkpt lat="45.453740000" lon="5.884160000">
        <ele>850.000</ele>
      </trkpt>
      <trkpt lat="45.453850000" lon="5.884130000">
        <ele>851.000</ele>
      </trkpt>
      <trkpt lat="45.453950000" lon="5.884110000">
        <ele>852.000</ele>
      </trkpt>
      <trkpt lat="45.454020000" lon="5.884120000">
        <ele>853.000</ele>
      </trkpt>
      <trkpt lat="45.454080000" lon="5.884140000">
        <ele>853.000</ele>
      </trkpt>
      <trkpt lat="45.454160000" lon="5.884190000">
        <ele>854.000</ele>
      </trkpt>
      <trkpt lat="45.454250000" lon="5.884270000">
        <ele>855.000</ele>
      </trkpt>
      <trkpt lat="45.454370000" lon="5.884390000">
        <ele>856.000</ele>
      </trkpt>
      <trkpt lat="45.454540000" lon="5.884560000">
        <ele>858.000</ele>
      </trkpt>
      <trkpt lat="45.455480000" lon="5.885550000">
        <ele>863.000</ele>
      </trkpt>
      <trkpt lat="45.455530000" lon="5.885620000">
        <ele>867.000</ele>
      </trkpt>
      <trkpt lat="45.455570000" lon="5.885710000">
        <ele>869.000</ele>
      </trkpt>
      <trkpt lat="45.455600000" lon="5.885790000">
        <ele>871.000</ele>
      </trkpt>
      <trkpt lat="45.455610000" lon="5.885870000">
        <ele>873.000</ele>
      </trkpt>
      <trkpt lat="45.455610000" lon="5.885950000">
        <ele>874.000</ele>
      </trkpt>
      <trkpt lat="45.455570000" lon="5.886450000">
        <ele>875.000</ele>
      </trkpt>
      <trkpt lat="45.455570000" lon="5.886590000">
        <ele>876.000</ele>
      </trkpt>
      <trkpt lat="45.455580000" lon="5.886720000">
        <ele>877.000</ele>
      </trkpt>
      <trkpt lat="45.455610000" lon="5.886850000">
        <ele>878.000</ele>
      </trkpt>
      <trkpt lat="45.455660000" lon="5.886980000">
        <ele>879.000</ele>
      </trkpt>
      <trkpt lat="45.455730000" lon="5.887130000">
        <ele>880.000</ele>
      </trkpt>
      <trkpt lat="45.455850000" lon="5.887380000">
        <ele>881.000</ele>
      </trkpt>
      <trkpt lat="45.455910000" lon="5.887520000">
        <ele>882.000</ele>
      </trkpt>
      <trkpt lat="45.455940000" lon="5.887630000">
        <ele>883.000</ele>
      </trkpt>
      <trkpt lat="45.455970000" lon="5.887780000">
        <ele>884.000</ele>
      </trkpt>
      <trkpt lat="45.455990000" lon="5.887970000">
        <ele>885.000</ele>
      </trkpt>
      <trkpt lat="45.456030000" lon="5.888520000">
        <ele>887.000</ele>
      </trkpt>
      <trkpt lat="45.456060000" lon="5.888800000">
        <ele>889.000</ele>
      </trkpt>
      <trkpt lat="45.456110000" lon="5.889090000">
        <ele>891.000</ele>
      </trkpt>
      <trkpt lat="45.456190000" lon="5.889410000">
        <ele>894.000</ele>
      </trkpt>
      <trkpt lat="45.456280000" lon="5.889690000">
        <ele>896.000</ele>
      </trkpt>
      <trkpt lat="45.456380000" lon="5.889910000">
        <ele>899.000</ele>
      </trkpt>
      <trkpt lat="45.456440000" lon="5.890060000">
        <ele>901.000</ele>
      </trkpt>
      <trkpt lat="45.456450000" lon="5.890110000">
        <ele>903.000</ele>
      </trkpt>
      <trkpt lat="45.456470000" lon="5.890160000">
        <ele>904.000</ele>
      </trkpt>
      <trkpt lat="45.456570000" lon="5.890410000">
        <ele>905.000</ele>
      </trkpt>
      <trkpt lat="45.456650000" lon="5.890550000">
        <ele>906.000</ele>
      </trkpt>
      <trkpt lat="45.456720000" lon="5.890670000">
        <ele>907.000</ele>
      </trkpt>
      <trkpt lat="45.456860000" lon="5.890870000">
        <ele>908.000</ele>
      </trkpt>
      <trkpt lat="45.457030000" lon="5.891060000">
        <ele>908.000</ele>
      </trkpt>
      <trkpt lat="45.457280000" lon="5.891310000">
        <ele>909.000</ele>
      </trkpt>
      <trkpt lat="45.457360000" lon="5.891400000">
        <ele>909.000</ele>
      </trkpt>
      <trkpt lat="45.457410000" lon="5.891480000">
        <ele>909.000</ele>
      </trkpt>
      <trkpt lat="45.457420000" lon="5.891490000">
        <ele>910.000</ele>
      </trkpt>
      <trkpt lat="45.457460000" lon="5.891540000">
        <ele>910.000</ele>
      </trkpt>
      <trkpt lat="45.458180000" lon="5.892520000">
        <ele>910.000</ele>
      </trkpt>
      <trkpt lat="45.458430000" lon="5.892820000">
        <ele>911.000</ele>
      </trkpt>
      <trkpt lat="45.458820000" lon="5.893280000">
        <ele>913.000</ele>
      </trkpt>
      <trkpt lat="45.458920000" lon="5.893410000">
        <ele>915.000</ele>
      </trkpt>
      <trkpt lat="45.459000000" lon="5.893520000">
        <ele>916.000</ele>
      </trkpt>
      <trkpt lat="45.459080000" lon="5.893660000">
        <ele>917.000</ele>
      </trkpt>
      <trkpt lat="45.459220000" lon="5.893950000">
        <ele>918.000</ele>
      </trkpt>
      <trkpt lat="45.459300000" lon="5.894070000">
        <ele>919.000</ele>
      </trkpt>
      <trkpt lat="45.459380000" lon="5.894190000">
        <ele>920.000</ele>
      </trkpt>
      <trkpt lat="45.459390000" lon="5.894200000">
        <ele>921.000</ele>
      </trkpt>
      <trkpt lat="45.459460000" lon="5.894290000">
        <ele>922.000</ele>
      </trkpt>
      <trkpt lat="45.459510000" lon="5.894360000">
        <ele>922.000</ele>
      </trkpt>
      <trkpt lat="45.459570000" lon="5.894400000">
        <ele>923.000</ele>
      </trkpt>
      <trkpt lat="45.459610000" lon="5.894420000">
        <ele>924.000</ele>
      </trkpt>
      <trkpt lat="45.459690000" lon="5.894430000">
        <ele>924.000</ele>
      </trkpt>
      <trkpt lat="45.459780000" lon="5.894430000">
        <ele>925.000</ele>
      </trkpt>
      <trkpt lat="45.459840000" lon="5.894430000">
        <ele>926.000</ele>
      </trkpt>
      <trkpt lat="45.459850000" lon="5.894430000">
        <ele>927.000</ele>
      </trkpt>
      <trkpt lat="45.459910000" lon="5.894450000">
        <ele>927.000</ele>
      </trkpt>
      <trkpt lat="45.460030000" lon="5.894540000">
        <ele>928.000</ele>
      </trkpt>
      <trkpt lat="45.460190000" lon="5.894730000">
        <ele>930.000</ele>
      </trkpt>
      <trkpt lat="45.460660000" lon="5.895460000">
        <ele>933.000</ele>
      </trkpt>
      <trkpt lat="45.460880000" lon="5.895760000">
        <ele>937.000</ele>
      </trkpt>
      <trkpt lat="45.461020000" lon="5.895930000">
        <ele>940.000</ele>
      </trkpt>
      <trkpt lat="45.461170000" lon="5.896080000">
        <ele>942.000</ele>
      </trkpt>
      <trkpt lat="45.461240000" lon="5.896140000">
        <ele>944.000</ele>
      </trkpt>
      <trkpt lat="45.461320000" lon="5.896190000">
        <ele>945.000</ele>
      </trkpt>
      <trkpt lat="45.461410000" lon="5.896230000">
        <ele>946.000</ele>
      </trkpt>
      <trkpt lat="45.461540000" lon="5.896260000">
        <ele>947.000</ele>
      </trkpt>
      <trkpt lat="45.462000000" lon="5.896320000">
        <ele>948.000</ele>
      </trkpt>
      <trkpt lat="45.462150000" lon="5.896330000">
        <ele>949.000</ele>
      </trkpt>
      <trkpt lat="45.462250000" lon="5.896320000">
        <ele>949.000</ele>
      </trkpt>
      <trkpt lat="45.462510000" lon="5.896270000">
        <ele>950.000</ele>
      </trkpt>
      <trkpt lat="45.462570000" lon="5.896270000">
        <ele>951.000</ele>
      </trkpt>
      <trkpt lat="45.462630000" lon="5.896280000">
        <ele>951.000</ele>
      </trkpt>
      <trkpt lat="45.462690000" lon="5.896320000">
        <ele>952.000</ele>
      </trkpt>
      <trkpt lat="45.462760000" lon="5.896380000">
        <ele>952.000</ele>
      </trkpt>
      <trkpt lat="45.462830000" lon="5.896470000">
        <ele>952.000</ele>
      </trkpt>
      <trkpt lat="45.463020000" lon="5.896790000">
        <ele>954.000</ele>
      </trkpt>
      <trkpt lat="45.463220000" lon="5.897070000">
        <ele>956.000</ele>
      </trkpt>
      <trkpt lat="45.463300000" lon="5.897150000">
        <ele>957.000</ele>
      </trkpt>
      <trkpt lat="45.463440000" lon="5.897260000">
        <ele>959.000</ele>
      </trkpt>
      <trkpt lat="45.463680000" lon="5.897410000">
        <ele>961.000</ele>
      </trkpt>
      <trkpt lat="45.463750000" lon="5.897480000">
        <ele>963.000</ele>
      </trkpt>
      <trkpt lat="45.463810000" lon="5.897540000">
        <ele>964.000</ele>
      </trkpt>
      <trkpt lat="45.463940000" lon="5.897740000">
        <ele>966.000</ele>
      </trkpt>
      <trkpt lat="45.464040000" lon="5.897890000">
        <ele>968.000</ele>
      </trkpt>
      <trkpt lat="45.464130000" lon="5.897990000">
        <ele>969.000</ele>
      </trkpt>
      <trkpt lat="45.464160000" lon="5.898050000">
        <ele>970.000</ele>
      </trkpt>
      <trkpt lat="45.464170000" lon="5.898100000">
        <ele>971.000</ele>
      </trkpt>
      <trkpt lat="45.464170000" lon="5.898160000">
        <ele>972.000</ele>
      </trkpt>
      <trkpt lat="45.464170000" lon="5.898200000">
        <ele>972.000</ele>
      </trkpt>
      <trkpt lat="45.464150000" lon="5.898240000">
        <ele>972.000</ele>
      </trkpt>
      <trkpt lat="45.464120000" lon="5.898260000">
        <ele>972.000</ele>
      </trkpt>
      <trkpt lat="45.464100000" lon="5.898270000">
        <ele>973.000</ele>
      </trkpt>
      <trkpt lat="45.464010000" lon="5.898240000">
        <ele>973.000</ele>
      </trkpt>
      <trkpt lat="45.463870000" lon="5.898170000">
        <ele>973.000</ele>
      </trkpt>
      <trkpt lat="45.463740000" lon="5.898120000">
        <ele>973.000</ele>
      </trkpt>
      <trkpt lat="45.463670000" lon="5.898090000">
        <ele>973.000</ele>
      </trkpt>
      <trkpt lat="45.463600000" lon="5.898030000">
        <ele>974.000</ele>
      </trkpt>
      <trkpt lat="45.463190000" lon="5.897590000">
        <ele>974.000</ele>
      </trkpt>
      <trkpt lat="45.463140000" lon="5.897540000">
        <ele>975.000</ele>
      </trkpt>
      <trkpt lat="45.463100000" lon="5.897520000">
        <ele>975.000</ele>
      </trkpt>
      <trkpt lat="45.463060000" lon="5.897520000">
        <ele>975.000</ele>
      </trkpt>
      <trkpt lat="45.463030000" lon="5.897530000">
        <ele>975.000</ele>
      </trkpt>
      <trkpt lat="45.463010000" lon="5.897550000">
        <ele>975.000</ele>
      </trkpt>
      <trkpt lat="45.462990000" lon="5.897580000">
        <ele>976.000</ele>
      </trkpt>
      <trkpt lat="45.462990000" lon="5.897630000">
        <ele>976.000</ele>
      </trkpt>
      <trkpt lat="45.463000000" lon="5.897680000">
        <ele>976.000</ele>
      </trkpt>
      <trkpt lat="45.463040000" lon="5.897760000">
        <ele>976.000</ele>
      </trkpt>
      <trkpt lat="45.463100000" lon="5.897860000">
        <ele>976.000</ele>
      </trkpt>
      <trkpt lat="45.463170000" lon="5.898000000">
        <ele>976.000</ele>
      </trkpt>
      <trkpt lat="45.463220000" lon="5.898140000">
        <ele>977.000</ele>
      </trkpt>
      <trkpt lat="45.463310000" lon="5.898430000">
        <ele>977.000</ele>
      </trkpt>
      <trkpt lat="45.463370000" lon="5.898590000">
        <ele>978.000</ele>
      </trkpt>
      <trkpt lat="45.463450000" lon="5.898770000">
        <ele>979.000</ele>
      </trkpt>
      <trkpt lat="45.463560000" lon="5.898980000">
        <ele>980.000</ele>
      </trkpt>
      <trkpt lat="45.463660000" lon="5.899190000">
        <ele>981.000</ele>
      </trkpt>
      <trkpt lat="45.463720000" lon="5.899300000">
        <ele>982.000</ele>
      </trkpt>
      <trkpt lat="45.463780000" lon="5.899360000">
        <ele>983.000</ele>
      </trkpt>
      <trkpt lat="45.463880000" lon="5.899430000">
        <ele>984.000</ele>
      </trkpt>
      <trkpt lat="45.464000000" lon="5.899480000">
        <ele>984.000</ele>
      </trkpt>
      <trkpt lat="45.464070000" lon="5.899500000">
        <ele>985.000</ele>
      </trkpt>
      <trkpt lat="45.464140000" lon="5.899520000">
        <ele>986.000</ele>
      </trkpt>
      <trkpt lat="45.464370000" lon="5.899610000">
        <ele>987.000</ele>
      </trkpt>
      <trkpt lat="45.464640000" lon="5.899660000">
        <ele>988.000</ele>
      </trkpt>
      <trkpt lat="45.464820000" lon="5.899710000">
        <ele>989.000</ele>
      </trkpt>
      <trkpt lat="45.464910000" lon="5.899720000">
        <ele>990.000</ele>
      </trkpt>
      <trkpt lat="45.465010000" lon="5.899730000">
        <ele>991.000</ele>
      </trkpt>
      <trkpt lat="45.465090000" lon="5.899740000">
        <ele>992.000</ele>
      </trkpt>
      <trkpt lat="45.465180000" lon="5.899760000">
        <ele>993.000</ele>
      </trkpt>
      <trkpt lat="45.465250000" lon="5.899790000">
        <ele>993.000</ele>
      </trkpt>
      <trkpt lat="45.465310000" lon="5.899840000">
        <ele>994.000</ele>
      </trkpt>
      <trkpt lat="45.465380000" lon="5.899910000">
        <ele>994.000</ele>
      </trkpt>
      <trkpt lat="45.465510000" lon="5.900070000">
        <ele>995.000</ele>
      </trkpt>
      <trkpt lat="45.465580000" lon="5.900140000">
        <ele>996.000</ele>
      </trkpt>
      <trkpt lat="45.465640000" lon="5.900180000">
        <ele>996.000</ele>
      </trkpt>
      <trkpt lat="45.465680000" lon="5.900190000">
        <ele>997.000</ele>
      </trkpt>
      <trkpt lat="45.465720000" lon="5.900200000">
        <ele>997.000</ele>
      </trkpt>
      <trkpt lat="45.465790000" lon="5.900200000">
        <ele>998.000</ele>
      </trkpt>
      <trkpt lat="45.465840000" lon="5.900170000">
        <ele>998.000</ele>
      </trkpt>
      <trkpt lat="45.465900000" lon="5.900140000">
        <ele>999.000</ele>
      </trkpt>
      <trkpt lat="45.465960000" lon="5.900080000">
        <ele>999.000</ele>
      </trkpt>
      <trkpt lat="45.466070000" lon="5.899960000">
        <ele>1000.000</ele>
      </trkpt>
      <trkpt lat="45.466140000" lon="5.899920000">
        <ele>1000.000</ele>
      </trkpt>
      <trkpt lat="45.466270000" lon="5.899880000">
        <ele>1001.000</ele>
      </trkpt>
      <trkpt lat="45.466340000" lon="5.899870000">
        <ele>1001.000</ele>
      </trkpt>
      <trkpt lat="45.466420000" lon="5.899880000">
        <ele>1002.000</ele>
      </trkpt>
      <trkpt lat="45.466480000" lon="5.899900000">
        <ele>1003.000</ele>
      </trkpt>
      <trkpt lat="45.466540000" lon="5.899940000">
        <ele>1003.000</ele>
      </trkpt>
      <trkpt lat="45.466700000" lon="5.900070000">
        <ele>1004.000</ele>
      </trkpt>
      <trkpt lat="45.466880000" lon="5.900180000">
        <ele>1006.000</ele>
      </trkpt>
      <trkpt lat="45.467030000" lon="5.900260000">
        <ele>1007.000</ele>
      </trkpt>
      <trkpt lat="45.467330000" lon="5.900380000">
        <ele>1009.000</ele>
      </trkpt>
      <trkpt lat="45.467390000" lon="5.900410000">
        <ele>1011.000</ele>
      </trkpt>
      <trkpt lat="45.467460000" lon="5.900470000">
        <ele>1012.000</ele>
      </trkpt>
      <trkpt lat="45.467520000" lon="5.900550000">
        <ele>1014.000</ele>
      </trkpt>
      <trkpt lat="45.467630000" lon="5.900750000">
        <ele>1015.000</ele>
      </trkpt>
      <trkpt lat="45.467720000" lon="5.900930000">
        <ele>1016.000</ele>
      </trkpt>
      <trkpt lat="45.467810000" lon="5.901060000">
        <ele>1018.000</ele>
      </trkpt>
      <trkpt lat="45.467950000" lon="5.901180000">
        <ele>1019.000</ele>
      </trkpt>
      <trkpt lat="45.468090000" lon="5.901300000">
        <ele>1021.000</ele>
      </trkpt>
      <trkpt lat="45.468160000" lon="5.901370000">
        <ele>1022.000</ele>
      </trkpt>
      <trkpt lat="45.468250000" lon="5.901490000">
        <ele>1023.000</ele>
      </trkpt>
      <trkpt lat="45.468310000" lon="5.901610000">
        <ele>1024.000</ele>
      </trkpt>
      <trkpt lat="45.468400000" lon="5.901720000">
        <ele>1025.000</ele>
      </trkpt>
      <trkpt lat="45.468480000" lon="5.901780000">
        <ele>1026.000</ele>
      </trkpt>
      <trkpt lat="45.468670000" lon="5.901870000">
        <ele>1027.000</ele>
      </trkpt>
      <trkpt lat="45.468770000" lon="5.901940000">
        <ele>1028.000</ele>
      </trkpt>
      <trkpt lat="45.468880000" lon="5.902030000">
        <ele>1029.000</ele>
      </trkpt>
      <trkpt lat="45.468900000" lon="5.902060000">
        <ele>1030.000</ele>
      </trkpt>
      <trkpt lat="45.468960000" lon="5.902130000">
        <ele>1031.000</ele>
      </trkpt>
      <trkpt lat="45.468980000" lon="5.902160000">
        <ele>1031.000</ele>
      </trkpt>
      <trkpt lat="45.468980000" lon="5.902160000">
        <ele>1031.000</ele>
      </trkpt>
      <trkpt lat="45.469050000" lon="5.902250000">
        <ele>1032.000</ele>
      </trkpt>
      <trkpt lat="45.469150000" lon="5.902390000">
        <ele>1033.000</ele>
      </trkpt>
      <trkpt lat="45.469270000" lon="5.902530000">
        <ele>1033.000</ele>
      </trkpt>
      <trkpt lat="45.469350000" lon="5.902600000">
        <ele>1034.000</ele>
      </trkpt>
      <trkpt lat="45.469430000" lon="5.902650000">
        <ele>1035.000</ele>
      </trkpt>
      <trkpt lat="45.469550000" lon="5.902720000">
        <ele>1036.000</ele>
      </trkpt>
      <trkpt lat="45.470050000" lon="5.902920000">
        <ele>1037.000</ele>
      </trkpt>
      <trkpt lat="45.470130000" lon="5.902940000">
        <ele>1038.000</ele>
      </trkpt>
      <trkpt lat="45.470270000" lon="5.902950000">
        <ele>1039.000</ele>
      </trkpt>
      <trkpt lat="45.470340000" lon="5.902970000">
        <ele>1040.000</ele>
      </trkpt>
      <trkpt lat="45.470400000" lon="5.903010000">
        <ele>1040.000</ele>
      </trkpt>
      <trkpt lat="45.470440000" lon="5.903060000">
        <ele>1041.000</ele>
      </trkpt>
      <trkpt lat="45.470490000" lon="5.903140000">
        <ele>1041.000</ele>
      </trkpt>
      <trkpt lat="45.470530000" lon="5.903240000">
        <ele>1042.000</ele>
      </trkpt>
      <trkpt lat="45.470570000" lon="5.903370000">
        <ele>1042.000</ele>
      </trkpt>
      <trkpt lat="45.470610000" lon="5.903540000">
        <ele>1043.000</ele>
      </trkpt>
      <trkpt lat="45.470650000" lon="5.903790000">
        <ele>1043.000</ele>
      </trkpt>
      <trkpt lat="45.470680000" lon="5.903930000">
        <ele>1044.000</ele>
      </trkpt>
      <trkpt lat="45.470720000" lon="5.904040000">
        <ele>1044.000</ele>
      </trkpt>
      <trkpt lat="45.470770000" lon="5.904140000">
        <ele>1045.000</ele>
      </trkpt>
      <trkpt lat="45.470820000" lon="5.904230000">
        <ele>1046.000</ele>
      </trkpt>
      <trkpt lat="45.470980000" lon="5.904440000">
        <ele>1046.000</ele>
      </trkpt>
      <trkpt lat="45.471100000" lon="5.904560000">
        <ele>1047.000</ele>
      </trkpt>
      <trkpt lat="45.471360000" lon="5.904840000">
        <ele>1049.000</ele>
      </trkpt>
      <trkpt lat="45.471590000" lon="5.905070000">
        <ele>1050.000</ele>
      </trkpt>
      <trkpt lat="45.471830000" lon="5.905360000">
        <ele>1052.000</ele>
      </trkpt>
      <trkpt lat="45.471910000" lon="5.905450000">
        <ele>1053.000</ele>
      </trkpt>
      <trkpt lat="45.471990000" lon="5.905520000">
        <ele>1055.000</ele>
      </trkpt>
      <trkpt lat="45.472080000" lon="5.905570000">
        <ele>1056.000</ele>
      </trkpt>
      <trkpt lat="45.472210000" lon="5.905620000">
        <ele>1057.000</ele>
      </trkpt>
      <trkpt lat="45.472430000" lon="5.905700000">
        <ele>1057.000</ele>
      </trkpt>
      <trkpt lat="45.472530000" lon="5.905760000">
        <ele>1058.000</ele>
      </trkpt>
      <trkpt lat="45.472610000" lon="5.905830000">
        <ele>1058.000</ele>
      </trkpt>
      <trkpt lat="45.472940000" lon="5.906180000">
        <ele>1059.000</ele>
      </trkpt>
      <trkpt lat="45.473020000" lon="5.906250000">
        <ele>1060.000</ele>
      </trkpt>
      <trkpt lat="45.473190000" lon="5.906380000">
        <ele>1060.000</ele>
      </trkpt>
      <trkpt lat="45.473690000" lon="5.906740000">
        <ele>1061.000</ele>
      </trkpt>
      <trkpt lat="45.473780000" lon="5.906790000">
        <ele>1061.000</ele>
      </trkpt>
      <trkpt lat="45.473850000" lon="5.906820000">
        <ele>1062.000</ele>
      </trkpt>
      <trkpt lat="45.473920000" lon="5.906830000">
        <ele>1062.000</ele>
      </trkpt>
      <trkpt lat="45.473990000" lon="5.906830000">
        <ele>1063.000</ele>
      </trkpt>
      <trkpt lat="45.474090000" lon="5.906810000">
        <ele>1063.000</ele>
      </trkpt>
      <trkpt lat="45.474280000" lon="5.906760000">
        <ele>1065.000</ele>
      </trkpt>
      <trkpt lat="45.474410000" lon="5.906720000">
        <ele>1066.000</ele>
      </trkpt>
      <trkpt lat="45.474490000" lon="5.906680000">
        <ele>1067.000</ele>
      </trkpt>
      <trkpt lat="45.474540000" lon="5.906640000">
        <ele>1068.000</ele>
      </trkpt>
      <trkpt lat="45.474610000" lon="5.906580000">
        <ele>1069.000</ele>
      </trkpt>
      <trkpt lat="45.474700000" lon="5.906480000">
        <ele>1069.000</ele>
      </trkpt>
      <trkpt lat="45.474850000" lon="5.906320000">
        <ele>1071.000</ele>
      </trkpt>
      <trkpt lat="45.474900000" lon="5.906280000">
        <ele>1072.000</ele>
      </trkpt>
      <trkpt lat="45.474960000" lon="5.906270000">
        <ele>1073.000</ele>
      </trkpt>
      <trkpt lat="45.474990000" lon="5.906270000">
        <ele>1073.000</ele>
      </trkpt>
      <trkpt lat="45.475050000" lon="5.906280000">
        <ele>1074.000</ele>
      </trkpt>
      <trkpt lat="45.475090000" lon="5.906320000">
        <ele>1074.000</ele>
      </trkpt>
      <trkpt lat="45.475140000" lon="5.906370000">
        <ele>1075.000</ele>
      </trkpt>
      <trkpt lat="45.475220000" lon="5.906470000">
        <ele>1076.000</ele>
      </trkpt>
      <trkpt lat="45.475300000" lon="5.906590000">
        <ele>1077.000</ele>
      </trkpt>
      <trkpt lat="45.475350000" lon="5.906710000">
        <ele>1078.000</ele>
      </trkpt>
      <trkpt lat="45.475410000" lon="5.906860000">
        <ele>1079.000</ele>
      </trkpt>
      <trkpt lat="45.475500000" lon="5.907170000">
        <ele>1080.000</ele>
      </trkpt>
      <trkpt lat="45.475550000" lon="5.907310000">
        <ele>1081.000</ele>
      </trkpt>
      <trkpt lat="45.475590000" lon="5.907400000">
        <ele>1082.000</ele>
      </trkpt>
      <trkpt lat="45.475640000" lon="5.907510000">
        <ele>1084.000</ele>
      </trkpt>
      <trkpt lat="45.475700000" lon="5.907600000">
        <ele>1085.000</ele>
      </trkpt>
      <trkpt lat="45.475810000" lon="5.907720000">
        <ele>1086.000</ele>
      </trkpt>
      <trkpt lat="45.475950000" lon="5.907880000">
        <ele>1087.000</ele>
      </trkpt>
      <trkpt lat="45.476050000" lon="5.908020000">
        <ele>1088.000</ele>
      </trkpt>
      <trkpt lat="45.476330000" lon="5.908430000">
        <ele>1091.000</ele>
      </trkpt>
      <trkpt lat="45.476420000" lon="5.908530000">
        <ele>1093.000</ele>
      </trkpt>
      <trkpt lat="45.476670000" lon="5.908800000">
        <ele>1095.000</ele>
      </trkpt>
      <trkpt lat="45.476780000" lon="5.908930000">
        <ele>1097.000</ele>
      </trkpt>
      <trkpt lat="45.476880000" lon="5.909060000">
        <ele>1098.000</ele>
      </trkpt>
      <trkpt lat="45.476940000" lon="5.909180000">
        <ele>1100.000</ele>
      </trkpt>
      <trkpt lat="45.476990000" lon="5.909280000">
        <ele>1101.000</ele>
      </trkpt>
      <trkpt lat="45.477080000" lon="5.909520000">
        <ele>1102.000</ele>
      </trkpt>
      <trkpt lat="45.477130000" lon="5.909610000">
        <ele>1103.000</ele>
      </trkpt>
      <trkpt lat="45.477180000" lon="5.909670000">
        <ele>1104.000</ele>
      </trkpt>
      <trkpt lat="45.477230000" lon="5.909720000">
        <ele>1105.000</ele>
      </trkpt>
      <trkpt lat="45.477310000" lon="5.909770000">
        <ele>1105.000</ele>
      </trkpt>
      <trkpt lat="45.477410000" lon="5.909810000">
        <ele>1106.000</ele>
      </trkpt>
      <trkpt lat="45.477520000" lon="5.909880000">
        <ele>1107.000</ele>
      </trkpt>
      <trkpt lat="45.477580000" lon="5.909920000">
        <ele>1108.000</ele>
      </trkpt>
      <trkpt lat="45.477640000" lon="5.909960000">
        <ele>1108.000</ele>
      </trkpt>
      <trkpt lat="45.477690000" lon="5.910020000">
        <ele>1109.000</ele>
      </trkpt>
      <trkpt lat="45.477740000" lon="5.910120000">
        <ele>1110.000</ele>
      </trkpt>
      <trkpt lat="45.477790000" lon="5.910240000">
        <ele>1110.000</ele>
      </trkpt>
      <trkpt lat="45.477860000" lon="5.910450000">
        <ele>1111.000</ele>
      </trkpt>
      <trkpt lat="45.478000000" lon="5.910900000">
        <ele>1113.000</ele>
      </trkpt>
      <trkpt lat="45.478060000" lon="5.911080000">
        <ele>1114.000</ele>
      </trkpt>
      <trkpt lat="45.478270000" lon="5.911550000">
        <ele>1115.000</ele>
      </trkpt>
      <trkpt lat="45.478500000" lon="5.912050000">
        <ele>1117.000</ele>
      </trkpt>
      <trkpt lat="45.478620000" lon="5.912280000">
        <ele>1119.000</ele>
      </trkpt>
      <trkpt lat="45.478730000" lon="5.912470000">
        <ele>1121.000</ele>
      </trkpt>
      <trkpt lat="45.478840000" lon="5.912610000">
        <ele>1122.000</ele>
      </trkpt>
      <trkpt lat="45.478950000" lon="5.912750000">
        <ele>1123.000</ele>
      </trkpt>
      <trkpt lat="45.479060000" lon="5.912880000">
        <ele>1124.000</ele>
      </trkpt>
      <trkpt lat="45.479210000" lon="5.913100000">
        <ele>1125.000</ele>
      </trkpt>
      <trkpt lat="45.480040000" lon="5.914430000">
        <ele>1128.000</ele>
      </trkpt>
      <trkpt lat="45.480230000" lon="5.914730000">
        <ele>1129.000</ele>
      </trkpt>
      <trkpt lat="45.480310000" lon="5.914830000">
        <ele>1131.000</ele>
      </trkpt>
      <trkpt lat="45.480370000" lon="5.914890000">
        <ele>1132.000</ele>
      </trkpt>
      <trkpt lat="45.480490000" lon="5.914980000">
        <ele>1133.000</ele>
      </trkpt>
      <trkpt lat="45.480480000" lon="5.915030000">
        <ele>1133.000</ele>
      </trkpt>
      <trkpt lat="45.480480000" lon="5.915080000">
        <ele>1134.000</ele>
      </trkpt>
      <trkpt lat="45.480490000" lon="5.915110000">
        <ele>1134.000</ele>
      </trkpt>
      <trkpt lat="45.480500000" lon="5.915170000">
        <ele>1134.000</ele>
      </trkpt>
      <trkpt lat="45.480540000" lon="5.915200000">
        <ele>1134.000</ele>
      </trkpt>
      <trkpt lat="45.480580000" lon="5.915220000">
        <ele>1133.000</ele>
      </trkpt>
      <trkpt lat="45.480820000" lon="5.915280000">
        <ele>1133.000</ele>
      </trkpt>
      <trkpt lat="45.481020000" lon="5.915300000">
        <ele>1132.000</ele>
      </trkpt>
      <trkpt lat="45.481250000" lon="5.915280000">
        <ele>1131.000</ele>
      </trkpt>
      <trkpt lat="45.481420000" lon="5.915280000">
        <ele>1130.000</ele>
      </trkpt>
      <trkpt lat="45.481490000" lon="5.915290000">
        <ele>1129.000</ele>
      </trkpt>
      <trkpt lat="45.481540000" lon="5.915310000">
        <ele>1129.000</ele>
      </trkpt>
      <trkpt lat="45.481600000" lon="5.915370000">
        <ele>1128.000</ele>
      </trkpt>
      <trkpt lat="45.481630000" lon="5.915410000">
        <ele>1128.000</ele>
      </trkpt>
      <trkpt lat="45.481670000" lon="5.915500000">
        <ele>1127.000</ele>
      </trkpt>
      <trkpt lat="45.481780000" lon="5.915860000">
        <ele>1127.000</ele>
      </trkpt>
      <trkpt lat="45.481810000" lon="5.915920000">
        <ele>1126.000</ele>
      </trkpt>
      <trkpt lat="45.481860000" lon="5.916010000">
        <ele>1125.000</ele>
      </trkpt>
      <trkpt lat="45.481950000" lon="5.916120000">
        <ele>1125.000</ele>
      </trkpt>
      <trkpt lat="45.482010000" lon="5.916200000">
        <ele>1124.000</ele>
      </trkpt>
      <trkpt lat="45.482040000" lon="5.916270000">
        <ele>1123.000</ele>
      </trkpt>
      <trkpt lat="45.482080000" lon="5.916370000">
        <ele>1123.000</ele>
      </trkpt>
      <trkpt lat="45.482100000" lon="5.916470000">
        <ele>1122.000</ele>
      </trkpt>
      <trkpt lat="45.482130000" lon="5.916600000">
        <ele>1121.000</ele>
      </trkpt>
      <trkpt lat="45.482140000" lon="5.916720000">
        <ele>1121.000</ele>
      </trkpt>
      <trkpt lat="45.482140000" lon="5.916820000">
        <ele>1120.000</ele>
      </trkpt>
      <trkpt lat="45.482090000" lon="5.916990000">
        <ele>1119.000</ele>
      </trkpt>
      <trkpt lat="45.481970000" lon="5.917300000">
        <ele>1118.000</ele>
      </trkpt>
      <trkpt lat="45.481930000" lon="5.917400000">
        <ele>1117.000</ele>
      </trkpt>
      <trkpt lat="45.481890000" lon="5.917450000">
        <ele>1116.000</ele>
      </trkpt>
      <trkpt lat="45.481850000" lon="5.917470000">
        <ele>1115.000</ele>
      </trkpt>
      <trkpt lat="45.481820000" lon="5.917480000">
        <ele>1114.000</ele>
      </trkpt>
      <trkpt lat="45.481780000" lon="5.917470000">
        <ele>1114.000</ele>
      </trkpt>
      <trkpt lat="45.481740000" lon="5.917460000">
        <ele>1113.000</ele>
      </trkpt>
      <trkpt lat="45.481580000" lon="5.917340000">
        <ele>1112.000</ele>
      </trkpt>
      <trkpt lat="45.481520000" lon="5.917320000">
        <ele>1112.000</ele>
      </trkpt>
      <trkpt lat="45.481430000" lon="5.917290000">
        <ele>1111.000</ele>
      </trkpt>
      <trkpt lat="45.481240000" lon="5.917300000">
        <ele>1110.000</ele>
      </trkpt>
      <trkpt lat="45.480920000" lon="5.917330000">
        <ele>1108.000</ele>
      </trkpt>
      <trkpt lat="45.480790000" lon="5.917350000">
        <ele>1106.000</ele>
      </trkpt>
      <trkpt lat="45.480720000" lon="5.917380000">
        <ele>1105.000</ele>
      </trkpt>
      <trkpt lat="45.480660000" lon="5.917420000">
        <ele>1104.000</ele>
      </trkpt>
      <trkpt lat="45.480610000" lon="5.917490000">
        <ele>1103.000</ele>
      </trkpt>
      <trkpt lat="45.480580000" lon="5.917570000">
        <ele>1102.000</ele>
      </trkpt>
      <trkpt lat="45.480530000" lon="5.917750000">
        <ele>1101.000</ele>
      </trkpt>
      <trkpt lat="45.480500000" lon="5.917860000">
        <ele>1100.000</ele>
      </trkpt>
      <trkpt lat="45.480470000" lon="5.917910000">
        <ele>1100.000</ele>
      </trkpt>
      <trkpt lat="45.480440000" lon="5.917960000">
        <ele>1099.000</ele>
      </trkpt>
      <trkpt lat="45.480350000" lon="5.918020000">
        <ele>1098.000</ele>
      </trkpt>
      <trkpt lat="45.480210000" lon="5.918080000">
        <ele>1097.000</ele>
      </trkpt>
      <trkpt lat="45.480100000" lon="5.918170000">
        <ele>1096.000</ele>
      </trkpt>
      <trkpt lat="45.480070000" lon="5.918260000">
        <ele>1095.000</ele>
      </trkpt>
      <trkpt lat="45.480040000" lon="5.918340000">
        <ele>1094.000</ele>
      </trkpt>
      <trkpt lat="45.480050000" lon="5.918420000">
        <ele>1094.000</ele>
      </trkpt>
      <trkpt lat="45.480060000" lon="5.918490000">
        <ele>1093.000</ele>
      </trkpt>
      <trkpt lat="45.480100000" lon="5.918570000">
        <ele>1092.000</ele>
      </trkpt>
      <trkpt lat="45.480150000" lon="5.918620000">
        <ele>1092.000</ele>
      </trkpt>
      <trkpt lat="45.480220000" lon="5.918650000">
        <ele>1091.000</ele>
      </trkpt>
      <trkpt lat="45.480270000" lon="5.918640000">
        <ele>1090.000</ele>
      </trkpt>
      <trkpt lat="45.480470000" lon="5.918570000">
        <ele>1089.000</ele>
      </trkpt>
      <trkpt lat="45.480540000" lon="5.918550000">
        <ele>1088.000</ele>
      </trkpt>
      <trkpt lat="45.480610000" lon="5.918540000">
        <ele>1087.000</ele>
      </trkpt>
      <trkpt lat="45.480680000" lon="5.918570000">
        <ele>1086.000</ele>
      </trkpt>
      <trkpt lat="45.480810000" lon="5.918640000">
        <ele>1085.000</ele>
      </trkpt>
      <trkpt lat="45.480980000" lon="5.918730000">
        <ele>1082.000</ele>
      </trkpt>
      <trkpt lat="45.481110000" lon="5.918760000">
        <ele>1080.000</ele>
      </trkpt>
      <trkpt lat="45.481270000" lon="5.918780000">
        <ele>1077.000</ele>
      </trkpt>
      <trkpt lat="45.481390000" lon="5.918780000">
        <ele>1075.000</ele>
      </trkpt>
      <trkpt lat="45.481470000" lon="5.918820000">
        <ele>1073.000</ele>
      </trkpt>
      <trkpt lat="45.481500000" lon="5.918840000">
        <ele>1071.000</ele>
      </trkpt>
      <trkpt lat="45.481520000" lon="5.918880000">
        <ele>1070.000</ele>
      </trkpt>
      <trkpt lat="45.481530000" lon="5.918940000">
        <ele>1069.000</ele>
      </trkpt>
      <trkpt lat="45.481530000" lon="5.919000000">
        <ele>1068.000</ele>
      </trkpt>
      <trkpt lat="45.481520000" lon="5.919080000">
        <ele>1067.000</ele>
      </trkpt>
      <trkpt lat="45.481480000" lon="5.919150000">
        <ele>1066.000</ele>
      </trkpt>
      <trkpt lat="45.481330000" lon="5.919390000">
        <ele>1064.000</ele>
      </trkpt>
      <trkpt lat="45.481200000" lon="5.919680000">
        <ele>1061.000</ele>
      </trkpt>
      <trkpt lat="45.481160000" lon="5.919770000">
        <ele>1058.000</ele>
      </trkpt>
      <trkpt lat="45.481080000" lon="5.919860000">
        <ele>1056.000</ele>
      </trkpt>
      <trkpt lat="45.481000000" lon="5.919930000">
        <ele>1054.000</ele>
      </trkpt>
      <trkpt lat="45.480830000" lon="5.920050000">
        <ele>1052.000</ele>
      </trkpt>
      <trkpt lat="45.480720000" lon="5.920180000">
        <ele>1051.000</ele>
      </trkpt>
      <trkpt lat="45.480650000" lon="5.920240000">
        <ele>1049.000</ele>
      </trkpt>
      <trkpt lat="45.480590000" lon="5.920270000">
        <ele>1048.000</ele>
      </trkpt>
      <trkpt lat="45.480530000" lon="5.920270000">
        <ele>1047.000</ele>
      </trkpt>
      <trkpt lat="45.480430000" lon="5.920240000">
        <ele>1046.000</ele>
      </trkpt>
      <trkpt lat="45.480210000" lon="5.920130000">
        <ele>1045.000</ele>
      </trkpt>
      <trkpt lat="45.479900000" lon="5.920000000">
        <ele>1043.000</ele>
      </trkpt>
      <trkpt lat="45.479820000" lon="5.919990000">
        <ele>1042.000</ele>
      </trkpt>
      <trkpt lat="45.479760000" lon="5.920000000">
        <ele>1041.000</ele>
      </trkpt>
      <trkpt lat="45.479680000" lon="5.920040000">
        <ele>1039.000</ele>
      </trkpt>
      <trkpt lat="45.479580000" lon="5.920140000">
        <ele>1038.000</ele>
      </trkpt>
      <trkpt lat="45.479510000" lon="5.920260000">
        <ele>1037.000</ele>
      </trkpt>
      <trkpt lat="45.479400000" lon="5.920470000">
        <ele>1036.000</ele>
      </trkpt>
      <trkpt lat="45.479340000" lon="5.920630000">
        <ele>1035.000</ele>
      </trkpt>
      <trkpt lat="45.479280000" lon="5.920740000">
        <ele>1033.000</ele>
      </trkpt>
      <trkpt lat="45.479210000" lon="5.920800000">
        <ele>1032.000</ele>
      </trkpt>
      <trkpt lat="45.478740000" lon="5.920980000">
        <ele>1029.000</ele>
      </trkpt>
      <trkpt lat="45.478620000" lon="5.921040000">
        <ele>1026.000</ele>
      </trkpt>
      <trkpt lat="45.478460000" lon="5.921150000">
        <ele>1024.000</ele>
      </trkpt>
      <trkpt lat="45.478360000" lon="5.921190000">
        <ele>1022.000</ele>
      </trkpt>
      <trkpt lat="45.478200000" lon="5.921210000">
        <ele>1019.000</ele>
      </trkpt>
      <trkpt lat="45.478080000" lon="5.921240000">
        <ele>1017.000</ele>
      </trkpt>
      <trkpt lat="45.477890000" lon="5.921330000">
        <ele>1015.000</ele>
      </trkpt>
      <trkpt lat="45.477730000" lon="5.921420000">
        <ele>1013.000</ele>
      </trkpt>
      <trkpt lat="45.477490000" lon="5.921550000">
        <ele>1010.000</ele>
      </trkpt>
      <trkpt lat="45.477390000" lon="5.921620000">
        <ele>1008.000</ele>
      </trkpt>
      <trkpt lat="45.477330000" lon="5.921690000">
        <ele>1006.000</ele>
      </trkpt>
      <trkpt lat="45.477270000" lon="5.921790000">
        <ele>1004.000</ele>
      </trkpt>
      <trkpt lat="45.477200000" lon="5.922050000">
        <ele>1002.000</ele>
      </trkpt>
      <trkpt lat="45.477120000" lon="5.922370000">
        <ele>1000.000</ele>
      </trkpt>
      <trkpt lat="45.477100000" lon="5.922550000">
        <ele>998.000</ele>
      </trkpt>
      <trkpt lat="45.477110000" lon="5.922680000">
        <ele>996.000</ele>
      </trkpt>
      <trkpt lat="45.477140000" lon="5.922810000">
        <ele>994.000</ele>
      </trkpt>
      <trkpt lat="45.477270000" lon="5.923250000">
        <ele>991.000</ele>
      </trkpt>
      <trkpt lat="45.477340000" lon="5.923610000">
        <ele>988.000</ele>
      </trkpt>
      <trkpt lat="45.477440000" lon="5.923980000">
        <ele>986.000</ele>
      </trkpt>
      <trkpt lat="45.477470000" lon="5.924130000">
        <ele>983.000</ele>
      </trkpt>
      <trkpt lat="45.477470000" lon="5.924280000">
        <ele>982.000</ele>
      </trkpt>
      <trkpt lat="45.477450000" lon="5.924390000">
        <ele>980.000</ele>
      </trkpt>
      <trkpt lat="45.477260000" lon="5.925070000">
        <ele>978.000</ele>
      </trkpt>
      <trkpt lat="45.477240000" lon="5.925190000">
        <ele>976.000</ele>
      </trkpt>
      <trkpt lat="45.477240000" lon="5.925280000">
        <ele>974.000</ele>
      </trkpt>
      <trkpt lat="45.477250000" lon="5.925390000">
        <ele>973.000</ele>
      </trkpt>
      <trkpt lat="45.477320000" lon="5.925720000">
        <ele>972.000</ele>
      </trkpt>
      <trkpt lat="45.477350000" lon="5.925900000">
        <ele>970.000</ele>
      </trkpt>
      <trkpt lat="45.477360000" lon="5.926080000">
        <ele>969.000</ele>
      </trkpt>
      <trkpt lat="45.477360000" lon="5.926300000">
        <ele>968.000</ele>
      </trkpt>
      <trkpt lat="45.477390000" lon="5.926610000">
        <ele>966.000</ele>
      </trkpt>
      <trkpt lat="45.477490000" lon="5.927430000">
        <ele>962.000</ele>
      </trkpt>
      <trkpt lat="45.477500000" lon="5.927560000">
        <ele>960.000</ele>
      </trkpt>
      <trkpt lat="45.477490000" lon="5.927700000">
        <ele>958.000</ele>
      </trkpt>
      <trkpt lat="45.477480000" lon="5.927850000">
        <ele>956.000</ele>
      </trkpt>
      <trkpt lat="45.477480000" lon="5.927990000">
        <ele>954.000</ele>
      </trkpt>
      <trkpt lat="45.477490000" lon="5.928090000">
        <ele>953.000</ele>
      </trkpt>
      <trkpt lat="45.477520000" lon="5.928200000">
        <ele>952.000</ele>
      </trkpt>
      <trkpt lat="45.477570000" lon="5.928350000">
        <ele>951.000</ele>
      </trkpt>
      <trkpt lat="45.477640000" lon="5.928530000">
        <ele>949.000</ele>
      </trkpt>
      <trkpt lat="45.477680000" lon="5.928670000">
        <ele>948.000</ele>
      </trkpt>
      <trkpt lat="45.477710000" lon="5.928810000">
        <ele>947.000</ele>
      </trkpt>
      <trkpt lat="45.477760000" lon="5.929040000">
        <ele>945.000</ele>
      </trkpt>
      <trkpt lat="45.477830000" lon="5.929440000">
        <ele>944.000</ele>
      </trkpt>
      <trkpt lat="45.477840000" lon="5.929550000">
        <ele>942.000</ele>
      </trkpt>
      <trkpt lat="45.477850000" lon="5.929660000">
        <ele>941.000</ele>
      </trkpt>
      <trkpt lat="45.477820000" lon="5.930020000">
        <ele>939.000</ele>
      </trkpt>
      <trkpt lat="45.477830000" lon="5.930130000">
        <ele>938.000</ele>
      </trkpt>
      <trkpt lat="45.477850000" lon="5.930300000">
        <ele>936.000</ele>
      </trkpt>
      <trkpt lat="45.477860000" lon="5.930480000">
        <ele>935.000</ele>
      </trkpt>
      <trkpt lat="45.477870000" lon="5.930670000">
        <ele>934.000</ele>
      </trkpt>
      <trkpt lat="45.477870000" lon="5.930840000">
        <ele>932.000</ele>
      </trkpt>
      <trkpt lat="45.477860000" lon="5.930980000">
        <ele>931.000</ele>
      </trkpt>
      <trkpt lat="45.477830000" lon="5.931270000">
        <ele>930.000</ele>
      </trkpt>
      <trkpt lat="45.477790000" lon="5.931690000">
        <ele>928.000</ele>
      </trkpt>
      <trkpt lat="45.477770000" lon="5.931970000">
        <ele>926.000</ele>
      </trkpt>
      <trkpt lat="45.477740000" lon="5.932110000">
        <ele>925.000</ele>
      </trkpt>
      <trkpt lat="45.477710000" lon="5.932240000">
        <ele>924.000</ele>
      </trkpt>
      <trkpt lat="45.477670000" lon="5.932380000">
        <ele>923.000</ele>
      </trkpt>
      <trkpt lat="45.477590000" lon="5.932550000">
        <ele>922.000</ele>
      </trkpt>
      <trkpt lat="45.477580000" lon="5.932620000">
        <ele>921.000</ele>
      </trkpt>
      <trkpt lat="45.477570000" lon="5.932690000">
        <ele>920.000</ele>
      </trkpt>
      <trkpt lat="45.477570000" lon="5.932780000">
        <ele>920.000</ele>
      </trkpt>
      <trkpt lat="45.477590000" lon="5.932870000">
        <ele>919.000</ele>
      </trkpt>
      <trkpt lat="45.477620000" lon="5.932960000">
        <ele>919.000</ele>
      </trkpt>
      <trkpt lat="45.477650000" lon="5.933060000">
        <ele>918.000</ele>
      </trkpt>
      <trkpt lat="45.477700000" lon="5.933150000">
        <ele>918.000</ele>
      </trkpt>
      <trkpt lat="45.477760000" lon="5.933220000">
        <ele>917.000</ele>
      </trkpt>
      <trkpt lat="45.477800000" lon="5.933260000">
        <ele>917.000</ele>
      </trkpt>
      <trkpt lat="45.477860000" lon="5.933300000">
        <ele>916.000</ele>
      </trkpt>
      <trkpt lat="45.478070000" lon="5.933400000">
        <ele>915.000</ele>
      </trkpt>
      <trkpt lat="45.478160000" lon="5.933480000">
        <ele>914.000</ele>
      </trkpt>
      <trkpt lat="45.478210000" lon="5.933540000">
        <ele>914.000</ele>
      </trkpt>
      <trkpt lat="45.478250000" lon="5.933620000">
        <ele>913.000</ele>
      </trkpt>
      <trkpt lat="45.478270000" lon="5.933680000">
        <ele>912.000</ele>
      </trkpt>
      <trkpt lat="45.478270000" lon="5.933760000">
        <ele>912.000</ele>
      </trkpt>
      <trkpt lat="45.478270000" lon="5.933810000">
        <ele>912.000</ele>
      </trkpt>
      <trkpt lat="45.478250000" lon="5.933870000">
        <ele>911.000</ele>
      </trkpt>
      <trkpt lat="45.478230000" lon="5.933910000">
        <ele>911.000</ele>
      </trkpt>
      <trkpt lat="45.478200000" lon="5.933930000">
        <ele>911.000</ele>
      </trkpt>
      <trkpt lat="45.478160000" lon="5.933940000">
        <ele>910.000</ele>
      </trkpt>
      <trkpt lat="45.478110000" lon="5.933930000">
        <ele>910.000</ele>
      </trkpt>
      <trkpt lat="45.478070000" lon="5.933910000">
        <ele>910.000</ele>
      </trkpt>
      <trkpt lat="45.477990000" lon="5.933860000">
        <ele>909.000</ele>
      </trkpt>
      <trkpt lat="45.477920000" lon="5.933790000">
        <ele>909.000</ele>
      </trkpt>
      <trkpt lat="45.477860000" lon="5.933760000">
        <ele>908.000</ele>
      </trkpt>
      <trkpt lat="45.477790000" lon="5.933740000">
        <ele>908.000</ele>
      </trkpt>
      <trkpt lat="45.477720000" lon="5.933740000">
        <ele>907.000</ele>
      </trkpt>
      <trkpt lat="45.477670000" lon="5.933750000">
        <ele>907.000</ele>
      </trkpt>
      <trkpt lat="45.477580000" lon="5.933790000">
        <ele>906.000</ele>
      </trkpt>
      <trkpt lat="45.477540000" lon="5.933830000">
        <ele>906.000</ele>
      </trkpt>
      <trkpt lat="45.477470000" lon="5.933890000">
        <ele>905.000</ele>
      </trkpt>
      <trkpt lat="45.477430000" lon="5.933960000">
        <ele>905.000</ele>
      </trkpt>
      <trkpt lat="45.477390000" lon="5.934020000">
        <ele>904.000</ele>
      </trkpt>
      <trkpt lat="45.477370000" lon="5.934100000">
        <ele>904.000</ele>
      </trkpt>
      <trkpt lat="45.477360000" lon="5.934180000">
        <ele>903.000</ele>
      </trkpt>
      <trkpt lat="45.477360000" lon="5.934280000">
        <ele>903.000</ele>
      </trkpt>
      <trkpt lat="45.477380000" lon="5.934390000">
        <ele>902.000</ele>
      </trkpt>
      <trkpt lat="45.477400000" lon="5.934470000">
        <ele>902.000</ele>
      </trkpt>
      <trkpt lat="45.477430000" lon="5.934560000">
        <ele>901.000</ele>
      </trkpt>
      <trkpt lat="45.477470000" lon="5.934630000">
        <ele>901.000</ele>
      </trkpt>
      <trkpt lat="45.477530000" lon="5.934700000">
        <ele>900.000</ele>
      </trkpt>
      <trkpt lat="45.477610000" lon="5.934790000">
        <ele>899.000</ele>
      </trkpt>
      <trkpt lat="45.477710000" lon="5.934870000">
        <ele>898.000</ele>
      </trkpt>
      <trkpt lat="45.477780000" lon="5.934920000">
        <ele>897.000</ele>
      </trkpt>
      <trkpt lat="45.477910000" lon="5.934990000">
        <ele>896.000</ele>
      </trkpt>
      <trkpt lat="45.477980000" lon="5.935010000">
        <ele>895.000</ele>
      </trkpt>
      <trkpt lat="45.478040000" lon="5.935020000">
        <ele>893.000</ele>
      </trkpt>
      <trkpt lat="45.478160000" lon="5.935030000">
        <ele>892.000</ele>
      </trkpt>
      <trkpt lat="45.478220000" lon="5.935030000">
        <ele>891.000</ele>
      </trkpt>
      <trkpt lat="45.478280000" lon="5.935050000">
        <ele>890.000</ele>
      </trkpt>
      <trkpt lat="45.478340000" lon="5.935090000">
        <ele>889.000</ele>
      </trkpt>
      <trkpt lat="45.478380000" lon="5.935140000">
        <ele>888.000</ele>
      </trkpt>
      <trkpt lat="45.478430000" lon="5.935210000">
        <ele>888.000</ele>
      </trkpt>
      <trkpt lat="45.478530000" lon="5.935470000">
        <ele>886.000</ele>
      </trkpt>
      <trkpt lat="45.478590000" lon="5.935580000">
        <ele>885.000</ele>
      </trkpt>
      <trkpt lat="45.478640000" lon="5.935640000">
        <ele>883.000</ele>
      </trkpt>
      <trkpt lat="45.478710000" lon="5.935710000">
        <ele>882.000</ele>
      </trkpt>
      <trkpt lat="45.478760000" lon="5.935740000">
        <ele>881.000</ele>
      </trkpt>
      <trkpt lat="45.478810000" lon="5.935760000">
        <ele>880.000</ele>
      </trkpt>
      <trkpt lat="45.478860000" lon="5.935770000">
        <ele>880.000</ele>
      </trkpt>
      <trkpt lat="45.478970000" lon="5.935760000">
        <ele>879.000</ele>
      </trkpt>
      <trkpt lat="45.479100000" lon="5.935730000">
        <ele>877.000</ele>
      </trkpt>
      <trkpt lat="45.479160000" lon="5.935720000">
        <ele>876.000</ele>
      </trkpt>
      <trkpt lat="45.479210000" lon="5.935740000">
        <ele>876.000</ele>
      </trkpt>
      <trkpt lat="45.479240000" lon="5.935770000">
        <ele>875.000</ele>
      </trkpt>
      <trkpt lat="45.479260000" lon="5.935840000">
        <ele>874.000</ele>
      </trkpt>
      <trkpt lat="45.479260000" lon="5.935840000">
        <ele>874.000</ele>
      </trkpt>
      <trkpt lat="45.479260000" lon="5.935890000">
        <ele>874.000</ele>
      </trkpt>
      <trkpt lat="45.479240000" lon="5.935950000">
        <ele>873.000</ele>
      </trkpt>
      <trkpt lat="45.479220000" lon="5.936010000">
        <ele>873.000</ele>
      </trkpt>
      <trkpt lat="45.479050000" lon="5.936240000">
        <ele>872.000</ele>
      </trkpt>
      <trkpt lat="45.479010000" lon="5.936280000">
        <ele>871.000</ele>
      </trkpt>
      <trkpt lat="45.478940000" lon="5.936350000">
        <ele>870.000</ele>
      </trkpt>
      <trkpt lat="45.478860000" lon="5.936400000">
        <ele>869.000</ele>
      </trkpt>
      <trkpt lat="45.478790000" lon="5.936440000">
        <ele>868.000</ele>
      </trkpt>
      <trkpt lat="45.478560000" lon="5.936500000">
        <ele>867.000</ele>
      </trkpt>
      <trkpt lat="45.478480000" lon="5.936540000">
        <ele>866.000</ele>
      </trkpt>
      <trkpt lat="45.478420000" lon="5.936580000">
        <ele>865.000</ele>
      </trkpt>
      <trkpt lat="45.478350000" lon="5.936680000">
        <ele>864.000</ele>
      </trkpt>
      <trkpt lat="45.478300000" lon="5.936790000">
        <ele>863.000</ele>
      </trkpt>
      <trkpt lat="45.478230000" lon="5.937020000">
        <ele>861.000</ele>
      </trkpt>
      <trkpt lat="45.478120000" lon="5.937450000">
        <ele>859.000</ele>
      </trkpt>
      <trkpt lat="45.478090000" lon="5.937540000">
        <ele>858.000</ele>
      </trkpt>
      <trkpt lat="45.478020000" lon="5.937700000">
        <ele>856.000</ele>
      </trkpt>
      <trkpt lat="45.477970000" lon="5.937810000">
        <ele>855.000</ele>
      </trkpt>
      <trkpt lat="45.477920000" lon="5.937900000">
        <ele>853.000</ele>
      </trkpt>
      <trkpt lat="45.477780000" lon="5.938180000">
        <ele>852.000</ele>
      </trkpt>
      <trkpt lat="45.477720000" lon="5.938310000">
        <ele>850.000</ele>
      </trkpt>
      <trkpt lat="45.477660000" lon="5.938520000">
        <ele>848.000</ele>
      </trkpt>
      <trkpt lat="45.477510000" lon="5.939040000">
        <ele>845.000</ele>
      </trkpt>
      <trkpt lat="45.477450000" lon="5.939310000">
        <ele>843.000</ele>
      </trkpt>
      <trkpt lat="45.477440000" lon="5.939490000">
        <ele>840.000</ele>
      </trkpt>
      <trkpt lat="45.477450000" lon="5.939660000">
        <ele>838.000</ele>
      </trkpt>
      <trkpt lat="45.477490000" lon="5.939960000">
        <ele>836.000</ele>
      </trkpt>
      <trkpt lat="45.477510000" lon="5.940150000">
        <ele>834.000</ele>
      </trkpt>
      <trkpt lat="45.477510000" lon="5.940330000">
        <ele>832.000</ele>
      </trkpt>
      <trkpt lat="45.477510000" lon="5.940710000">
        <ele>830.000</ele>
      </trkpt>
      <trkpt lat="45.477500000" lon="5.940830000">
        <ele>827.000</ele>
      </trkpt>
      <trkpt lat="45.477470000" lon="5.940960000">
        <ele>826.000</ele>
      </trkpt>
      <trkpt lat="45.477450000" lon="5.941020000">
        <ele>824.000</ele>
      </trkpt>
      <trkpt lat="45.477420000" lon="5.941090000">
        <ele>823.000</ele>
      </trkpt>
      <trkpt lat="45.477380000" lon="5.941130000">
        <ele>822.000</ele>
      </trkpt>
      <trkpt lat="45.477330000" lon="5.941170000">
        <ele>821.000</ele>
      </trkpt>
      <trkpt lat="45.477260000" lon="5.941180000">
        <ele>820.000</ele>
      </trkpt>
      <trkpt lat="45.477190000" lon="5.941170000">
        <ele>819.000</ele>
      </trkpt>
      <trkpt lat="45.477020000" lon="5.941110000">
        <ele>818.000</ele>
      </trkpt>
      <trkpt lat="45.476960000" lon="5.941110000">
        <ele>817.000</ele>
      </trkpt>
      <trkpt lat="45.476910000" lon="5.941120000">
        <ele>816.000</ele>
      </trkpt>
      <trkpt lat="45.476740000" lon="5.941210000">
        <ele>814.000</ele>
      </trkpt>
      <trkpt lat="45.476490000" lon="5.941420000">
        <ele>812.000</ele>
      </trkpt>
      <trkpt lat="45.476430000" lon="5.941490000">
        <ele>810.000</ele>
      </trkpt>
      <trkpt lat="45.476350000" lon="5.941570000">
        <ele>809.000</ele>
      </trkpt>
      <trkpt lat="45.476220000" lon="5.941740000">
        <ele>807.000</ele>
      </trkpt>
      <trkpt lat="45.476170000" lon="5.941830000">
        <ele>805.000</ele>
      </trkpt>
      <trkpt lat="45.476130000" lon="5.941960000">
        <ele>804.000</ele>
      </trkpt>
      <trkpt lat="45.476130000" lon="5.942030000">
        <ele>803.000</ele>
      </trkpt>
      <trkpt lat="45.476140000" lon="5.942080000">
        <ele>802.000</ele>
      </trkpt>
      <trkpt lat="45.476150000" lon="5.942130000">
        <ele>801.000</ele>
      </trkpt>
      <trkpt lat="45.476170000" lon="5.942170000">
        <ele>800.000</ele>
      </trkpt>
      <trkpt lat="45.476210000" lon="5.942200000">
        <ele>800.000</ele>
      </trkpt>
      <trkpt lat="45.476240000" lon="5.942220000">
        <ele>799.000</ele>
      </trkpt>
      <trkpt lat="45.476350000" lon="5.942220000">
        <ele>798.000</ele>
      </trkpt>
      <trkpt lat="45.476690000" lon="5.942150000">
        <ele>796.000</ele>
      </trkpt>
      <trkpt lat="45.476790000" lon="5.942170000">
        <ele>795.000</ele>
      </trkpt>
      <trkpt lat="45.476870000" lon="5.942220000">
        <ele>793.000</ele>
      </trkpt>
      <trkpt lat="45.477080000" lon="5.942460000">
        <ele>791.000</ele>
      </trkpt>
      <trkpt lat="45.477170000" lon="5.942510000">
        <ele>789.000</ele>
      </trkpt>
      <trkpt lat="45.477280000" lon="5.942540000">
        <ele>788.000</ele>
      </trkpt>
      <trkpt lat="45.477400000" lon="5.942530000">
        <ele>786.000</ele>
      </trkpt>
      <trkpt lat="45.477630000" lon="5.942470000">
        <ele>784.000</ele>
      </trkpt>
      <trkpt lat="45.477840000" lon="5.942400000">
        <ele>781.000</ele>
      </trkpt>
      <trkpt lat="45.477930000" lon="5.942390000">
        <ele>779.000</ele>
      </trkpt>
      <trkpt lat="45.478000000" lon="5.942400000">
        <ele>777.000</ele>
      </trkpt>
      <trkpt lat="45.478070000" lon="5.942440000">
        <ele>776.000</ele>
      </trkpt>
      <trkpt lat="45.478230000" lon="5.942550000">
        <ele>774.000</ele>
      </trkpt>
      <trkpt lat="45.478360000" lon="5.942660000">
        <ele>772.000</ele>
      </trkpt>
      <trkpt lat="45.478420000" lon="5.942730000">
        <ele>770.000</ele>
      </trkpt>
      <trkpt lat="45.478460000" lon="5.942810000">
        <ele>769.000</ele>
      </trkpt>
      <trkpt lat="45.478470000" lon="5.942880000">
        <ele>768.000</ele>
      </trkpt>
      <trkpt lat="45.478480000" lon="5.942960000">
        <ele>767.000</ele>
      </trkpt>
      <trkpt lat="45.478460000" lon="5.943050000">
        <ele>766.000</ele>
      </trkpt>
      <trkpt lat="45.478440000" lon="5.943130000">
        <ele>765.000</ele>
      </trkpt>
      <trkpt lat="45.478410000" lon="5.943200000">
        <ele>764.000</ele>
      </trkpt>
      <trkpt lat="45.478310000" lon="5.943350000">
        <ele>762.000</ele>
      </trkpt>
      <trkpt lat="45.478170000" lon="5.943590000">
        <ele>760.000</ele>
      </trkpt>
      <trkpt lat="45.478110000" lon="5.943750000">
        <ele>759.000</ele>
      </trkpt>
      <trkpt lat="45.478080000" lon="5.943990000">
        <ele>757.000</ele>
      </trkpt>
      <trkpt lat="45.478060000" lon="5.944190000">
        <ele>755.000</ele>
      </trkpt>
      <trkpt lat="45.478040000" lon="5.944350000">
        <ele>754.000</ele>
      </trkpt>
      <trkpt lat="45.478010000" lon="5.944460000">
        <ele>752.000</ele>
      </trkpt>
      <trkpt lat="45.477960000" lon="5.944530000">
        <ele>751.000</ele>
      </trkpt>
      <trkpt lat="45.477890000" lon="5.944610000">
        <ele>750.000</ele>
      </trkpt>
      <trkpt lat="45.477740000" lon="5.944720000">
        <ele>749.000</ele>
      </trkpt>
      <trkpt lat="45.477670000" lon="5.944800000">
        <ele>747.000</ele>
      </trkpt>
      <trkpt lat="45.477600000" lon="5.944920000">
        <ele>746.000</ele>
      </trkpt>
      <trkpt lat="45.477560000" lon="5.945040000">
        <ele>745.000</ele>
      </trkpt>
      <trkpt lat="45.477540000" lon="5.945140000">
        <ele>744.000</ele>
      </trkpt>
      <trkpt lat="45.477520000" lon="5.945230000">
        <ele>743.000</ele>
      </trkpt>
      <trkpt lat="45.477530000" lon="5.945340000">
        <ele>742.000</ele>
      </trkpt>
      <trkpt lat="45.477560000" lon="5.945460000">
        <ele>741.000</ele>
      </trkpt>
      <trkpt lat="45.477640000" lon="5.945720000">
        <ele>740.000</ele>
      </trkpt>
      <trkpt lat="45.477890000" lon="5.946490000">
        <ele>737.000</ele>
      </trkpt>
      <trkpt lat="45.478100000" lon="5.947030000">
        <ele>733.000</ele>
      </trkpt>
      <trkpt lat="45.478140000" lon="5.947210000">
        <ele>730.000</ele>
      </trkpt>
      <trkpt lat="45.478170000" lon="5.947400000">
        <ele>727.000</ele>
      </trkpt>
      <trkpt lat="45.478180000" lon="5.947660000">
        <ele>725.000</ele>
      </trkpt>
      <trkpt lat="45.478170000" lon="5.947850000">
        <ele>723.000</ele>
      </trkpt>
      <trkpt lat="45.478140000" lon="5.948040000">
        <ele>721.000</ele>
      </trkpt>
      <trkpt lat="45.478090000" lon="5.948260000">
        <ele>719.000</ele>
      </trkpt>
      <trkpt lat="45.478020000" lon="5.948530000">
        <ele>717.000</ele>
      </trkpt>
      <trkpt lat="45.477990000" lon="5.948770000">
        <ele>715.000</ele>
      </trkpt>
      <trkpt lat="45.477980000" lon="5.948880000">
        <ele>713.000</ele>
      </trkpt>
      <trkpt lat="45.477990000" lon="5.948990000">
        <ele>711.000</ele>
      </trkpt>
      <trkpt lat="45.478090000" lon="5.949600000">
        <ele>710.000</ele>
      </trkpt>
      <trkpt lat="45.478090000" lon="5.949700000">
        <ele>708.000</ele>
      </trkpt>
      <trkpt lat="45.478080000" lon="5.949780000">
        <ele>707.000</ele>
      </trkpt>
      <trkpt lat="45.478070000" lon="5.949850000">
        <ele>707.000</ele>
      </trkpt>
      <trkpt lat="45.478050000" lon="5.949900000">
        <ele>706.000</ele>
      </trkpt>
      <trkpt lat="45.478010000" lon="5.949940000">
        <ele>706.000</ele>
      </trkpt>
      <trkpt lat="45.477970000" lon="5.949980000">
        <ele>705.000</ele>
      </trkpt>
      <trkpt lat="45.477910000" lon="5.950000000">
        <ele>705.000</ele>
      </trkpt>
      <trkpt lat="45.477860000" lon="5.950000000">
        <ele>705.000</ele>
      </trkpt>
      <trkpt lat="45.477820000" lon="5.949980000">
        <ele>704.000</ele>
      </trkpt>
      <trkpt lat="45.477770000" lon="5.949940000">
        <ele>704.000</ele>
      </trkpt>
      <trkpt lat="45.477730000" lon="5.949890000">
        <ele>704.000</ele>
      </trkpt>
      <trkpt lat="45.477670000" lon="5.949800000">
        <ele>703.000</ele>
      </trkpt>
      <trkpt lat="45.477560000" lon="5.949500000">
        <ele>703.000</ele>
      </trkpt>
      <trkpt lat="45.477530000" lon="5.949430000">
        <ele>702.000</ele>
      </trkpt>
      <trkpt lat="45.477500000" lon="5.949400000">
        <ele>702.000</ele>
      </trkpt>
      <trkpt lat="45.477450000" lon="5.949380000">
        <ele>701.000</ele>
      </trkpt>
      <trkpt lat="45.477410000" lon="5.949380000">
        <ele>701.000</ele>
      </trkpt>
      <trkpt lat="45.477360000" lon="5.949400000">
        <ele>701.000</ele>
      </trkpt>
      <trkpt lat="45.477320000" lon="5.949440000">
        <ele>700.000</ele>
      </trkpt>
      <trkpt lat="45.477290000" lon="5.949500000">
        <ele>700.000</ele>
      </trkpt>
      <trkpt lat="45.477270000" lon="5.949570000">
        <ele>700.000</ele>
      </trkpt>
      <trkpt lat="45.477270000" lon="5.949650000">
        <ele>699.000</ele>
      </trkpt>
      <trkpt lat="45.477330000" lon="5.950010000">
        <ele>699.000</ele>
      </trkpt>
      <trkpt lat="45.477340000" lon="5.950120000">
        <ele>698.000</ele>
      </trkpt>
      <trkpt lat="45.477350000" lon="5.950240000">
        <ele>697.000</ele>
      </trkpt>
      <trkpt lat="45.477340000" lon="5.950380000">
        <ele>697.000</ele>
      </trkpt>
      <trkpt lat="45.477350000" lon="5.950500000">
        <ele>696.000</ele>
      </trkpt>
      <trkpt lat="45.477370000" lon="5.950600000">
        <ele>695.000</ele>
      </trkpt>
      <trkpt lat="45.477410000" lon="5.950680000">
        <ele>694.000</ele>
      </trkpt>
      <trkpt lat="45.477450000" lon="5.950720000">
        <ele>694.000</ele>
      </trkpt>
      <trkpt lat="45.477500000" lon="5.950760000">
        <ele>693.000</ele>
      </trkpt>
      <trkpt lat="45.477630000" lon="5.950770000">
        <ele>693.000</ele>
      </trkpt>
      <trkpt lat="45.477740000" lon="5.950750000">
        <ele>692.000</ele>
      </trkpt>
      <trkpt lat="45.477860000" lon="5.950750000">
        <ele>691.000</ele>
      </trkpt>
      <trkpt lat="45.477940000" lon="5.950770000">
        <ele>690.000</ele>
      </trkpt>
      <trkpt lat="45.478020000" lon="5.950810000">
        <ele>689.000</ele>
      </trkpt>
      <trkpt lat="45.478420000" lon="5.951060000">
        <ele>687.000</ele>
      </trkpt>
      <trkpt lat="45.478530000" lon="5.951100000">
        <ele>686.000</ele>
      </trkpt>
      <trkpt lat="45.478740000" lon="5.951150000">
        <ele>684.000</ele>
      </trkpt>
      <trkpt lat="45.479080000" lon="5.951200000">
        <ele>682.000</ele>
      </trkpt>
      <trkpt lat="45.479160000" lon="5.951230000">
        <ele>681.000</ele>
      </trkpt>
      <trkpt lat="45.479230000" lon="5.951280000">
        <ele>680.000</ele>
      </trkpt>
      <trkpt lat="45.479500000" lon="5.951580000">
        <ele>678.000</ele>
      </trkpt>
      <trkpt lat="45.479590000" lon="5.951660000">
        <ele>677.000</ele>
      </trkpt>
      <trkpt lat="45.479710000" lon="5.951740000">
        <ele>676.000</ele>
      </trkpt>
      <trkpt lat="45.479790000" lon="5.951790000">
        <ele>675.000</ele>
      </trkpt>
      <trkpt lat="45.479840000" lon="5.951810000">
        <ele>674.000</ele>
      </trkpt>
      <trkpt lat="45.479900000" lon="5.951820000">
        <ele>674.000</ele>
      </trkpt>
      <trkpt lat="45.479950000" lon="5.951810000">
        <ele>673.000</ele>
      </trkpt>
      <trkpt lat="45.480000000" lon="5.951780000">
        <ele>673.000</ele>
      </trkpt>
      <trkpt lat="45.480060000" lon="5.951730000">
        <ele>672.000</ele>
      </trkpt>
      <trkpt lat="45.480100000" lon="5.951650000">
        <ele>672.000</ele>
      </trkpt>
      <trkpt lat="45.480140000" lon="5.951490000">
        <ele>672.000</ele>
      </trkpt>
      <trkpt lat="45.480180000" lon="5.951260000">
        <ele>671.000</ele>
      </trkpt>
      <trkpt lat="45.480200000" lon="5.951070000">
        <ele>670.000</ele>
      </trkpt>
      <trkpt lat="45.480210000" lon="5.950930000">
        <ele>670.000</ele>
      </trkpt>
      <trkpt lat="45.480180000" lon="5.950570000">
        <ele>669.000</ele>
      </trkpt>
      <trkpt lat="45.480170000" lon="5.950330000">
        <ele>669.000</ele>
      </trkpt>
      <trkpt lat="45.480190000" lon="5.949880000">
        <ele>668.000</ele>
      </trkpt>
      <trkpt lat="45.480240000" lon="5.949240000">
        <ele>667.000</ele>
      </trkpt>
      <trkpt lat="45.480250000" lon="5.949070000">
        <ele>666.000</ele>
      </trkpt>
      <trkpt lat="45.480240000" lon="5.948940000">
        <ele>665.000</ele>
      </trkpt>
      <trkpt lat="45.480240000" lon="5.948810000">
        <ele>665.000</ele>
      </trkpt>
      <trkpt lat="45.480260000" lon="5.948700000">
        <ele>664.000</ele>
      </trkpt>
      <trkpt lat="45.480300000" lon="5.948640000">
        <ele>664.000</ele>
      </trkpt>
      <trkpt lat="45.480340000" lon="5.948600000">
        <ele>664.000</ele>
      </trkpt>
      <trkpt lat="45.480390000" lon="5.948580000">
        <ele>663.000</ele>
      </trkpt>
      <trkpt lat="45.480450000" lon="5.948570000">
        <ele>663.000</ele>
      </trkpt>
      <trkpt lat="45.480500000" lon="5.948600000">
        <ele>662.000</ele>
      </trkpt>
      <trkpt lat="45.480550000" lon="5.948630000">
        <ele>662.000</ele>
      </trkpt>
      <trkpt lat="45.480580000" lon="5.948700000">
        <ele>662.000</ele>
      </trkpt>
      <trkpt lat="45.480600000" lon="5.948760000">
        <ele>661.000</ele>
      </trkpt>
      <trkpt lat="45.480610000" lon="5.948850000">
        <ele>661.000</ele>
      </trkpt>
      <trkpt lat="45.480600000" lon="5.948980000">
        <ele>661.000</ele>
      </trkpt>
      <trkpt lat="45.480580000" lon="5.949160000">
        <ele>660.000</ele>
      </trkpt>
      <trkpt lat="45.480530000" lon="5.949370000">
        <ele>659.000</ele>
      </trkpt>
      <trkpt lat="45.480500000" lon="5.949660000">
        <ele>658.000</ele>
      </trkpt>
      <trkpt lat="45.480500000" lon="5.949900000">
        <ele>658.000</ele>
      </trkpt>
      <trkpt lat="45.480510000" lon="5.950070000">
        <ele>657.000</ele>
      </trkpt>
      <trkpt lat="45.480540000" lon="5.950190000">
        <ele>656.000</ele>
      </trkpt>
      <trkpt lat="45.480630000" lon="5.950550000">
        <ele>655.000</ele>
      </trkpt>
      <trkpt lat="45.480880000" lon="5.951410000">
        <ele>653.000</ele>
      </trkpt>
      <trkpt lat="45.480920000" lon="5.951620000">
        <ele>651.000</ele>
      </trkpt>
      <trkpt lat="45.480940000" lon="5.951780000">
        <ele>649.000</ele>
      </trkpt>
      <trkpt lat="45.480960000" lon="5.952250000">
        <ele>647.000</ele>
      </trkpt>
      <trkpt lat="45.480940000" lon="5.952460000">
        <ele>646.000</ele>
      </trkpt>
      <trkpt lat="45.480910000" lon="5.952610000">
        <ele>644.000</ele>
      </trkpt>
      <trkpt lat="45.480830000" lon="5.952830000">
        <ele>643.000</ele>
      </trkpt>
      <trkpt lat="45.480690000" lon="5.953140000">
        <ele>641.000</ele>
      </trkpt>
      <trkpt lat="45.480620000" lon="5.953270000">
        <ele>639.000</ele>
      </trkpt>
      <trkpt lat="45.480540000" lon="5.953340000">
        <ele>638.000</ele>
      </trkpt>
      <trkpt lat="45.480460000" lon="5.953400000">
        <ele>637.000</ele>
      </trkpt>
      <trkpt lat="45.480210000" lon="5.953520000">
        <ele>636.000</ele>
      </trkpt>
      <trkpt lat="45.480060000" lon="5.953660000">
        <ele>634.000</ele>
      </trkpt>
      <trkpt lat="45.479900000" lon="5.953830000">
        <ele>632.000</ele>
      </trkpt>
      <trkpt lat="45.479650000" lon="5.954090000">
        <ele>630.000</ele>
      </trkpt>
      <trkpt lat="45.479570000" lon="5.954190000">
        <ele>629.000</ele>
      </trkpt>
      <trkpt lat="45.479480000" lon="5.954320000">
        <ele>627.000</ele>
      </trkpt>
      <trkpt lat="45.479310000" lon="5.954610000">
        <ele>625.000</ele>
      </trkpt>
      <trkpt lat="45.479250000" lon="5.954720000">
        <ele>624.000</ele>
      </trkpt>
      <trkpt lat="45.478990000" lon="5.955080000">
        <ele>622.000</ele>
      </trkpt>
      <trkpt lat="45.478760000" lon="5.955360000">
        <ele>619.000</ele>
      </trkpt>
      <trkpt lat="45.478570000" lon="5.955700000">
        <ele>616.000</ele>
      </trkpt>
      <trkpt lat="45.478360000" lon="5.955940000">
        <ele>613.000</ele>
      </trkpt>
      <trkpt lat="45.478230000" lon="5.956100000">
        <ele>610.000</ele>
      </trkpt>
      <trkpt lat="45.478130000" lon="5.956290000">
        <ele>608.000</ele>
      </trkpt>
      <trkpt lat="45.478020000" lon="5.956550000">
        <ele>605.000</ele>
      </trkpt>
      <trkpt lat="45.477820000" lon="5.957070000">
        <ele>601.000</ele>
      </trkpt>
      <trkpt lat="45.477760000" lon="5.957290000">
        <ele>598.000</ele>
      </trkpt>
      <trkpt lat="45.477710000" lon="5.957560000">
        <ele>595.000</ele>
      </trkpt>
      <trkpt lat="45.477680000" lon="5.957770000">
        <ele>593.000</ele>
      </trkpt>
      <trkpt lat="45.477680000" lon="5.958000000">
        <ele>590.000</ele>
      </trkpt>
      <trkpt lat="45.477690000" lon="5.958660000">
        <ele>585.000</ele>
      </trkpt>
      <trkpt lat="45.477710000" lon="5.959650000">
        <ele>578.000</ele>
      </trkpt>
      <trkpt lat="45.477700000" lon="5.959980000">
        <ele>572.000</ele>
      </trkpt>
      <trkpt lat="45.477680000" lon="5.960250000">
        <ele>567.000</ele>
      </trkpt>
      <trkpt lat="45.477630000" lon="5.960470000">
        <ele>563.000</ele>
      </trkpt>
      <trkpt lat="45.477580000" lon="5.960720000">
        <ele>560.000</ele>
      </trkpt>
      <trkpt lat="45.477500000" lon="5.961110000">
        <ele>558.000</ele>
      </trkpt>
      <trkpt lat="45.477470000" lon="5.961340000">
        <ele>557.000</ele>
      </trkpt>
      <trkpt lat="45.477460000" lon="5.961520000">
        <ele>555.000</ele>
      </trkpt>
      <trkpt lat="45.477460000" lon="5.962000000">
        <ele>554.000</ele>
      </trkpt>
      <trkpt lat="45.477450000" lon="5.962300000">
        <ele>553.000</ele>
      </trkpt>
      <trkpt lat="45.477430000" lon="5.962510000">
        <ele>552.000</ele>
      </trkpt>
      <trkpt lat="45.477390000" lon="5.962890000">
        <ele>551.000</ele>
      </trkpt>
      <trkpt lat="45.477380000" lon="5.963100000">
        <ele>549.000</ele>
      </trkpt>
      <trkpt lat="45.477400000" lon="5.963270000">
        <ele>548.000</ele>
      </trkpt>
      <trkpt lat="45.477420000" lon="5.963470000">
        <ele>546.000</ele>
      </trkpt>
      <trkpt lat="45.477580000" lon="5.964410000">
        <ele>542.000</ele>
      </trkpt>
      <trkpt lat="45.477620000" lon="5.964720000">
        <ele>538.000</ele>
      </trkpt>
      <trkpt lat="45.477650000" lon="5.964990000">
        <ele>535.000</ele>
      </trkpt>
      <trkpt lat="45.477650000" lon="5.965210000">
        <ele>532.000</ele>
      </trkpt>
      <trkpt lat="45.477660000" lon="5.965380000">
        <ele>529.000</ele>
      </trkpt>
      <trkpt lat="45.477650000" lon="5.965520000">
        <ele>527.000</ele>
      </trkpt>
      <trkpt lat="45.477620000" lon="5.965610000">
        <ele>525.000</ele>
      </trkpt>
      <trkpt lat="45.477600000" lon="5.965690000">
        <ele>524.000</ele>
      </trkpt>
      <trkpt lat="45.477520000" lon="5.965810000">
        <ele>523.000</ele>
      </trkpt>
      <trkpt lat="45.477480000" lon="5.965850000">
        <ele>522.000</ele>
      </trkpt>
      <trkpt lat="45.477420000" lon="5.965870000">
        <ele>521.000</ele>
      </trkpt>
      <trkpt lat="45.477360000" lon="5.965880000">
        <ele>520.000</ele>
      </trkpt>
      <trkpt lat="45.477240000" lon="5.965880000">
        <ele>519.000</ele>
      </trkpt>
      <trkpt lat="45.477170000" lon="5.965900000">
        <ele>518.000</ele>
      </trkpt>
      <trkpt lat="45.477110000" lon="5.965950000">
        <ele>517.000</ele>
      </trkpt>
      <trkpt lat="45.477050000" lon="5.966010000">
        <ele>517.000</ele>
      </trkpt>
      <trkpt lat="45.477030000" lon="5.966080000">
        <ele>516.000</ele>
      </trkpt>
      <trkpt lat="45.477030000" lon="5.966160000">
        <ele>515.000</ele>
      </trkpt>
      <trkpt lat="45.477040000" lon="5.966220000">
        <ele>515.000</ele>
      </trkpt>
      <trkpt lat="45.477070000" lon="5.966270000">
        <ele>514.000</ele>
      </trkpt>
      <trkpt lat="45.477110000" lon="5.966300000">
        <ele>514.000</ele>
      </trkpt>
      <trkpt lat="45.477150000" lon="5.966340000">
        <ele>513.000</ele>
      </trkpt>
      <trkpt lat="45.477210000" lon="5.966360000">
        <ele>513.000</ele>
      </trkpt>
      <trkpt lat="45.477500000" lon="5.966370000">
        <ele>511.000</ele>
      </trkpt>
      <trkpt lat="45.477590000" lon="5.966390000">
        <ele>510.000</ele>
      </trkpt>
      <trkpt lat="45.477660000" lon="5.966420000">
        <ele>509.000</ele>
      </trkpt>
      <trkpt lat="45.477720000" lon="5.966490000">
        <ele>508.000</ele>
      </trkpt>
      <trkpt lat="45.477760000" lon="5.966550000">
        <ele>507.000</ele>
      </trkpt>
      <trkpt lat="45.477810000" lon="5.966660000">
        <ele>507.000</ele>
      </trkpt>
      <trkpt lat="45.477870000" lon="5.966820000">
        <ele>506.000</ele>
      </trkpt>
      <trkpt lat="45.477900000" lon="5.966920000">
        <ele>505.000</ele>
      </trkpt>
      <trkpt lat="45.477970000" lon="5.967180000">
        <ele>503.000</ele>
      </trkpt>
      <trkpt lat="45.478000000" lon="5.967270000">
        <ele>502.000</ele>
      </trkpt>
      <trkpt lat="45.478040000" lon="5.967330000">
        <ele>501.000</ele>
      </trkpt>
      <trkpt lat="45.478090000" lon="5.967400000">
        <ele>500.000</ele>
      </trkpt>
      <trkpt lat="45.478140000" lon="5.967440000">
        <ele>499.000</ele>
      </trkpt>
      <trkpt lat="45.478220000" lon="5.967460000">
        <ele>498.000</ele>
      </trkpt>
      <trkpt lat="45.478390000" lon="5.967470000">
        <ele>497.000</ele>
      </trkpt>
      <trkpt lat="45.478510000" lon="5.967470000">
        <ele>495.000</ele>
      </trkpt>
      <trkpt lat="45.478630000" lon="5.967480000">
        <ele>494.000</ele>
      </trkpt>
      <trkpt lat="45.478790000" lon="5.967520000">
        <ele>492.000</ele>
      </trkpt>
      <trkpt lat="45.478920000" lon="5.967560000">
        <ele>490.000</ele>
      </trkpt>
      <trkpt lat="45.479090000" lon="5.967630000">
        <ele>489.000</ele>
      </trkpt>
      <trkpt lat="45.479140000" lon="5.967660000">
        <ele>487.000</ele>
      </trkpt>
      <trkpt lat="45.479160000" lon="5.967690000">
        <ele>486.000</ele>
      </trkpt>
      <trkpt lat="45.479180000" lon="5.967740000">
        <ele>485.000</ele>
      </trkpt>
      <trkpt lat="45.479170000" lon="5.967790000">
        <ele>484.000</ele>
      </trkpt>
      <trkpt lat="45.479160000" lon="5.967860000">
        <ele>484.000</ele>
      </trkpt>
      <trkpt lat="45.479130000" lon="5.967940000">
        <ele>483.000</ele>
      </trkpt>
      <trkpt lat="45.479080000" lon="5.968040000">
        <ele>482.000</ele>
      </trkpt>
      <trkpt lat="45.478930000" lon="5.968280000">
        <ele>481.000</ele>
      </trkpt>
      <trkpt lat="45.478860000" lon="5.968440000">
        <ele>480.000</ele>
      </trkpt>
      <trkpt lat="45.478810000" lon="5.968550000">
        <ele>479.000</ele>
      </trkpt>
      <trkpt lat="45.478790000" lon="5.968580000">
        <ele>478.000</ele>
      </trkpt>
      <trkpt lat="45.478770000" lon="5.968620000">
        <ele>478.000</ele>
      </trkpt>
      <trkpt lat="45.478730000" lon="5.968680000">
        <ele>477.000</ele>
      </trkpt>
      <trkpt lat="45.478590000" lon="5.968880000">
        <ele>476.000</ele>
      </trkpt>
      <trkpt lat="45.478390000" lon="5.969110000">
        <ele>475.000</ele>
      </trkpt>
      <trkpt lat="45.478260000" lon="5.969280000">
        <ele>473.000</ele>
      </trkpt>
      <trkpt lat="45.478200000" lon="5.969370000">
        <ele>472.000</ele>
      </trkpt>
      <trkpt lat="45.478150000" lon="5.969480000">
        <ele>471.000</ele>
      </trkpt>
      <trkpt lat="45.478120000" lon="5.969600000">
        <ele>470.000</ele>
      </trkpt>
      <trkpt lat="45.478100000" lon="5.969700000">
        <ele>469.000</ele>
      </trkpt>
      <trkpt lat="45.478090000" lon="5.969850000">
        <ele>469.000</ele>
      </trkpt>
      <trkpt lat="45.478090000" lon="5.969900000">
        <ele>468.000</ele>
      </trkpt>
      <trkpt lat="45.478090000" lon="5.970020000">
        <ele>467.000</ele>
      </trkpt>
      <trkpt lat="45.478140000" lon="5.970070000">
        <ele>467.000</ele>
      </trkpt>
      <trkpt lat="45.478200000" lon="5.970160000">
        <ele>466.000</ele>
      </trkpt>
      <trkpt lat="45.478300000" lon="5.970340000">
        <ele>465.000</ele>
      </trkpt>
      <trkpt lat="45.478370000" lon="5.970510000">
        <ele>464.000</ele>
      </trkpt>
      <trkpt lat="45.478420000" lon="5.970650000">
        <ele>463.000</ele>
      </trkpt>
      <trkpt lat="45.478420000" lon="5.970690000">
        <ele>463.000</ele>
      </trkpt>
      <trkpt lat="45.478430000" lon="5.970780000">
        <ele>462.000</ele>
      </trkpt>
      <trkpt lat="45.478430000" lon="5.971000000">
        <ele>461.000</ele>
      </trkpt>
      <trkpt lat="45.478420000" lon="5.971260000">
        <ele>460.000</ele>
      </trkpt>
      <trkpt lat="45.478430000" lon="5.971460000">
        <ele>459.000</ele>
      </trkpt>
      <trkpt lat="45.478450000" lon="5.971660000">
        <ele>458.000</ele>
      </trkpt>
      <trkpt lat="45.478470000" lon="5.971810000">
        <ele>457.000</ele>
      </trkpt>
      <trkpt lat="45.478500000" lon="5.971960000">
        <ele>456.000</ele>
      </trkpt>
      <trkpt lat="45.478570000" lon="5.972160000">
        <ele>455.000</ele>
      </trkpt>
      <trkpt lat="45.478720000" lon="5.972530000">
        <ele>454.000</ele>
      </trkpt>
      <trkpt lat="45.478790000" lon="5.972700000">
        <ele>452.000</ele>
      </trkpt>
      <trkpt lat="45.478820000" lon="5.972800000">
        <ele>451.000</ele>
      </trkpt>
      <trkpt lat="45.478830000" lon="5.972900000">
        <ele>450.000</ele>
      </trkpt>
      <trkpt lat="45.478830000" lon="5.973020000">
        <ele>449.000</ele>
      </trkpt>
      <trkpt lat="45.478830000" lon="5.973110000">
        <ele>448.000</ele>
      </trkpt>
      <trkpt lat="45.478810000" lon="5.973190000">
        <ele>447.000</ele>
      </trkpt>
      <trkpt lat="45.478760000" lon="5.973330000">
        <ele>447.000</ele>
      </trkpt>
      <trkpt lat="45.478720000" lon="5.973440000">
        <ele>446.000</ele>
      </trkpt>
      <trkpt lat="45.478620000" lon="5.973660000">
        <ele>445.000</ele>
      </trkpt>
      <trkpt lat="45.478550000" lon="5.973820000">
        <ele>443.000</ele>
      </trkpt>
      <trkpt lat="45.478500000" lon="5.973970000">
        <ele>442.000</ele>
      </trkpt>
      <trkpt lat="45.478480000" lon="5.974090000">
        <ele>441.000</ele>
      </trkpt>
      <trkpt lat="45.478480000" lon="5.974200000">
        <ele>440.000</ele>
      </trkpt>
      <trkpt lat="45.478490000" lon="5.974300000">
        <ele>440.000</ele>
      </trkpt>
      <trkpt lat="45.478520000" lon="5.974420000">
        <ele>439.000</ele>
      </trkpt>
      <trkpt lat="45.478560000" lon="5.974520000">
        <ele>438.000</ele>
      </trkpt>
      <trkpt lat="45.478610000" lon="5.974600000">
        <ele>437.000</ele>
      </trkpt>
      <trkpt lat="45.478660000" lon="5.974670000">
        <ele>436.000</ele>
      </trkpt>
      <trkpt lat="45.478740000" lon="5.974730000">
        <ele>436.000</ele>
      </trkpt>
      <trkpt lat="45.478900000" lon="5.974820000">
        <ele>435.000</ele>
      </trkpt>
      <trkpt lat="45.479280000" lon="5.975010000">
        <ele>433.000</ele>
      </trkpt>
      <trkpt lat="45.479370000" lon="5.975070000">
        <ele>431.000</ele>
      </trkpt>
      <trkpt lat="45.479440000" lon="5.975170000">
        <ele>430.000</ele>
      </trkpt>
      <trkpt lat="45.479470000" lon="5.975240000">
        <ele>429.000</ele>
      </trkpt>
      <trkpt lat="45.479500000" lon="5.975320000">
        <ele>428.000</ele>
      </trkpt>
      <trkpt lat="45.479510000" lon="5.975390000">
        <ele>428.000</ele>
      </trkpt>
      <trkpt lat="45.479520000" lon="5.975460000">
        <ele>427.000</ele>
      </trkpt>
      <trkpt lat="45.479510000" lon="5.975550000">
        <ele>427.000</ele>
      </trkpt>
      <trkpt lat="45.479470000" lon="5.975710000">
        <ele>426.000</ele>
      </trkpt>
      <trkpt lat="45.479420000" lon="5.975790000">
        <ele>425.000</ele>
      </trkpt>
      <trkpt lat="45.479370000" lon="5.975840000">
        <ele>425.000</ele>
      </trkpt>
      <trkpt lat="45.479310000" lon="5.975890000">
        <ele>424.000</ele>
      </trkpt>
      <trkpt lat="45.479210000" lon="5.975960000">
        <ele>423.000</ele>
      </trkpt>
      <trkpt lat="45.478950000" lon="5.976100000">
        <ele>422.000</ele>
      </trkpt>
      <trkpt lat="45.478860000" lon="5.976140000">
        <ele>421.000</ele>
      </trkpt>
      <trkpt lat="45.478770000" lon="5.976160000">
        <ele>420.000</ele>
      </trkpt>
      <trkpt lat="45.478680000" lon="5.976170000">
        <ele>419.000</ele>
      </trkpt>
      <trkpt lat="45.478580000" lon="5.976170000">
        <ele>419.000</ele>
      </trkpt>
      <trkpt lat="45.477980000" lon="5.976100000">
        <ele>417.000</ele>
      </trkpt>
      <trkpt lat="45.477830000" lon="5.976070000">
        <ele>416.000</ele>
      </trkpt>
      <trkpt lat="45.477630000" lon="5.976020000">
        <ele>415.000</ele>
      </trkpt>
      <trkpt lat="45.477240000" lon="5.975850000">
        <ele>413.000</ele>
      </trkpt>
      <trkpt lat="45.477070000" lon="5.975790000">
        <ele>412.000</ele>
      </trkpt>
      <trkpt lat="45.476960000" lon="5.975760000">
        <ele>411.000</ele>
      </trkpt>
      <trkpt lat="45.476800000" lon="5.975730000">
        <ele>410.000</ele>
      </trkpt>
      <trkpt lat="45.476590000" lon="5.975700000">
        <ele>409.000</ele>
      </trkpt>
      <trkpt lat="45.476430000" lon="5.975690000">
        <ele>408.000</ele>
      </trkpt>
      <trkpt lat="45.476410000" lon="5.975690000">
        <ele>407.000</ele>
      </trkpt>
      <trkpt lat="45.476340000" lon="5.975670000">
        <ele>406.000</ele>
      </trkpt>
      <trkpt lat="45.476220000" lon="5.975640000">
        <ele>405.000</ele>
      </trkpt>
      <trkpt lat="45.476010000" lon="5.975580000">
        <ele>404.000</ele>
      </trkpt>
      <trkpt lat="45.475890000" lon="5.975570000">
        <ele>402.000</ele>
      </trkpt>
      <trkpt lat="45.475810000" lon="5.975570000">
        <ele>401.000</ele>
      </trkpt>
      <trkpt lat="45.475730000" lon="5.975580000">
        <ele>400.000</ele>
      </trkpt>
      <trkpt lat="45.475700000" lon="5.975600000">
        <ele>399.000</ele>
      </trkpt>
      <trkpt lat="45.475500000" lon="5.975710000">
        <ele>398.000</ele>
      </trkpt>
      <trkpt lat="45.475360000" lon="5.975800000">
        <ele>397.000</ele>
      </trkpt>
      <trkpt lat="45.475170000" lon="5.975950000">
        <ele>395.000</ele>
      </trkpt>
      <trkpt lat="45.475000000" lon="5.976070000">
        <ele>394.000</ele>
      </trkpt>
      <trkpt lat="45.474840000" lon="5.976160000">
        <ele>392.000</ele>
      </trkpt>
      <trkpt lat="45.474740000" lon="5.976210000">
        <ele>391.000</ele>
      </trkpt>
      <trkpt lat="45.474640000" lon="5.976240000">
        <ele>390.000</ele>
      </trkpt>
      <trkpt lat="45.473970000" lon="5.976370000">
        <ele>388.000</ele>
      </trkpt>
      <trkpt lat="45.473280000" lon="5.976630000">
        <ele>385.000</ele>
      </trkpt>
      <trkpt lat="45.473080000" lon="5.976720000">
        <ele>383.000</ele>
      </trkpt>
      <trkpt lat="45.472430000" lon="5.977020000">
        <ele>380.000</ele>
      </trkpt>
      <trkpt lat="45.472040000" lon="5.977270000">
        <ele>377.000</ele>
      </trkpt>
      <trkpt lat="45.471690000" lon="5.977500000">
        <ele>373.000</ele>
      </trkpt>
      <trkpt lat="45.471360000" lon="5.977690000">
        <ele>370.000</ele>
      </trkpt>
      <trkpt lat="45.471130000" lon="5.977850000">
        <ele>368.000</ele>
      </trkpt>
      <trkpt lat="45.470980000" lon="5.977930000">
        <ele>366.000</ele>
      </trkpt>
      <trkpt lat="45.470860000" lon="5.977990000">
        <ele>365.000</ele>
      </trkpt>
      <trkpt lat="45.470490000" lon="5.978110000">
        <ele>363.000</ele>
      </trkpt>
      <trkpt lat="45.469960000" lon="5.978240000">
        <ele>361.000</ele>
      </trkpt>
      <trkpt lat="45.469350000" lon="5.978410000">
        <ele>359.000</ele>
      </trkpt>
      <trkpt lat="45.469050000" lon="5.978520000">
        <ele>356.000</ele>
      </trkpt>
      <trkpt lat="45.468570000" lon="5.978710000">
        <ele>353.000</ele>
      </trkpt>
      <trkpt lat="45.468410000" lon="5.978770000">
        <ele>349.000</ele>
      </trkpt>
      <trkpt lat="45.468300000" lon="5.978860000">
        <ele>347.000</ele>
      </trkpt>
      <trkpt lat="45.468170000" lon="5.978990000">
        <ele>344.000</ele>
      </trkpt>
      <trkpt lat="45.468090000" lon="5.979100000">
        <ele>342.000</ele>
      </trkpt>
      <trkpt lat="45.467960000" lon="5.979310000">
        <ele>340.000</ele>
      </trkpt>
      <trkpt lat="45.467670000" lon="5.979850000">
        <ele>337.000</ele>
      </trkpt>
      <trkpt lat="45.467380000" lon="5.980360000">
        <ele>333.000</ele>
      </trkpt>
      <trkpt lat="45.467200000" lon="5.980650000">
        <ele>330.000</ele>
      </trkpt>
      <trkpt lat="45.467080000" lon="5.980870000">
        <ele>327.000</ele>
      </trkpt>
      <trkpt lat="45.467040000" lon="5.980990000">
        <ele>325.000</ele>
      </trkpt>
      <trkpt lat="45.466960000" lon="5.981320000">
        <ele>322.000</ele>
      </trkpt>
      <trkpt lat="45.466920000" lon="5.981480000">
        <ele>320.000</ele>
      </trkpt>
      <trkpt lat="45.466910000" lon="5.981540000">
        <ele>319.000</ele>
      </trkpt>
      <trkpt lat="45.466900000" lon="5.981600000">
        <ele>318.000</ele>
      </trkpt>
      <trkpt lat="45.466870000" lon="5.981740000">
        <ele>317.000</ele>
      </trkpt>
      <trkpt lat="45.466770000" lon="5.982250000">
        <ele>315.000</ele>
      </trkpt>
      <trkpt lat="45.466620000" lon="5.983050000">
        <ele>311.000</ele>
      </trkpt>
      <trkpt lat="45.466590000" lon="5.983270000">
        <ele>309.000</ele>
      </trkpt>
      <trkpt lat="45.466480000" lon="5.983890000">
        <ele>306.000</ele>
      </trkpt>
      <trkpt lat="45.466390000" lon="5.984270000">
        <ele>303.000</ele>
      </trkpt>
      <trkpt lat="45.466350000" lon="5.984390000">
        <ele>301.000</ele>
      </trkpt>
      <trkpt lat="45.466310000" lon="5.984500000">
        <ele>299.000</ele>
      </trkpt>
      <trkpt lat="45.466200000" lon="5.984690000">
        <ele>298.000</ele>
      </trkpt>
      <trkpt lat="45.466110000" lon="5.984900000">
        <ele>296.000</ele>
      </trkpt>
      <trkpt lat="45.466030000" lon="5.985040000">
        <ele>295.000</ele>
      </trkpt>
      <trkpt lat="45.465950000" lon="5.985220000">
        <ele>294.000</ele>
      </trkpt>
      <trkpt lat="45.465870000" lon="5.985440000">
        <ele>293.000</ele>
      </trkpt>
      <trkpt lat="45.465830000" lon="5.985600000">
        <ele>293.000</ele>
      </trkpt>
      <trkpt lat="45.465750000" lon="5.985930000">
        <ele>292.000</ele>
      </trkpt>
      <trkpt lat="45.465700000" lon="5.986120000">
        <ele>291.000</ele>
      </trkpt>
      <trkpt lat="45.465670000" lon="5.986280000">
        <ele>290.000</ele>
      </trkpt>
      <trkpt lat="45.465660000" lon="5.986340000">
        <ele>290.000</ele>
      </trkpt>
      <trkpt lat="45.465640000" lon="5.986390000">
        <ele>289.000</ele>
      </trkpt>
      <trkpt lat="45.465600000" lon="5.986450000">
        <ele>289.000</ele>
      </trkpt>
      <trkpt lat="45.465530000" lon="5.986530000">
        <ele>288.000</ele>
      </trkpt>
      <trkpt lat="45.465490000" lon="5.986600000">
        <ele>288.000</ele>
      </trkpt>
      <trkpt lat="45.465470000" lon="5.986650000">
        <ele>288.000</ele>
      </trkpt>
      <trkpt lat="45.465460000" lon="5.986760000">
        <ele>288.000</ele>
      </trkpt>
      <trkpt lat="45.465490000" lon="5.987180000">
        <ele>287.000</ele>
      </trkpt>
      <trkpt lat="45.465500000" lon="5.987330000">
        <ele>286.000</ele>
      </trkpt>
      <trkpt lat="45.465500000" lon="5.987510000">
        <ele>286.000</ele>
      </trkpt>
      <trkpt lat="45.465490000" lon="5.987670000">
        <ele>286.000</ele>
      </trkpt>
      <trkpt lat="45.465480000" lon="5.987820000">
        <ele>285.000</ele>
      </trkpt>
      <trkpt lat="45.465450000" lon="5.987930000">
        <ele>285.000</ele>
      </trkpt>
      <trkpt lat="45.465430000" lon="5.987990000">
        <ele>285.000</ele>
      </trkpt>
      <trkpt lat="45.465450000" lon="5.988020000">
        <ele>285.000</ele>
      </trkpt>
      <trkpt lat="45.465470000" lon="5.988080000">
        <ele>285.000</ele>
      </trkpt>
      <trkpt lat="45.465490000" lon="5.988150000">
        <ele>285.000</ele>
      </trkpt>
      <trkpt lat="45.465550000" lon="5.988710000">
        <ele>285.000</ele>
      </trkpt>
      <trkpt lat="45.465620000" lon="5.989300000">
        <ele>284.000</ele>
      </trkpt>
      <trkpt lat="45.465650000" lon="5.989540000">
        <ele>284.000</ele>
      </trkpt>
      <trkpt lat="45.465690000" lon="5.989670000">
        <ele>284.000</ele>
      </trkpt>
      <trkpt lat="45.465720000" lon="5.989940000">
        <ele>284.000</ele>
      </trkpt>
      <trkpt lat="45.465720000" lon="5.990010000">
        <ele>283.000</ele>
      </trkpt>
      <trkpt lat="45.465800000" lon="5.990000000">
        <ele>283.000</ele>
      </trkpt>
      <trkpt lat="45.465860000" lon="5.989990000">
        <ele>283.000</ele>
      </trkpt>
      <trkpt lat="45.466130000" lon="5.989940000">
        <ele>283.000</ele>
      </trkpt>
      <trkpt lat="45.466320000" lon="5.989900000">
        <ele>282.000</ele>
      </trkpt>
      <trkpt lat="45.466320000" lon="5.989900000">
        <ele>282.000</ele>
      </trkpt>
      <trkpt lat="45.466400000" lon="5.989890000">
        <ele>282.000</ele>
      </trkpt>
      <trkpt lat="45.466630000" lon="5.989840000">
        <ele>281.000</ele>
      </trkpt>
      <trkpt lat="45.466750000" lon="5.989820000">
        <ele>281.000</ele>
      </trkpt>
      <trkpt lat="45.466840000" lon="5.989800000">
        <ele>280.000</ele>
      </trkpt>
      <trkpt lat="45.466920000" lon="5.989780000">
        <ele>280.000</ele>
      </trkpt>
      <trkpt lat="45.466960000" lon="5.989780000">
        <ele>280.000</ele>
      </trkpt>
      <trkpt lat="45.467300000" lon="5.989720000">
        <ele>279.000</ele>
      </trkpt>
      <trkpt lat="45.467720000" lon="5.989640000">
        <ele>279.000</ele>
      </trkpt>
      <trkpt lat="45.467910000" lon="5.989590000">
        <ele>278.000</ele>
      </trkpt>
      <trkpt lat="45.468040000" lon="5.989570000">
        <ele>277.000</ele>
      </trkpt>
      <trkpt lat="45.468070000" lon="5.989550000">
        <ele>276.000</ele>
      </trkpt>
      <trkpt lat="45.468130000" lon="5.989520000">
        <ele>276.000</ele>
      </trkpt>
      <trkpt lat="45.468190000" lon="5.989450000">
        <ele>275.000</ele>
      </trkpt>
      <trkpt lat="45.468260000" lon="5.989410000">
        <ele>275.000</ele>
      </trkpt>
      <trkpt lat="45.468320000" lon="5.989390000">
        <ele>275.000</ele>
      </trkpt>
      <trkpt lat="45.468340000" lon="5.989450000">
        <ele>274.000</ele>
      </trkpt>
      <trkpt lat="45.468400000" lon="5.989500000">
        <ele>274.000</ele>
      </trkpt>
      <trkpt lat="45.468440000" lon="5.989490000">
        <ele>274.000</ele>
      </trkpt>
      <trkpt lat="45.468620000" lon="5.989450000">
        <ele>273.000</ele>
      </trkpt>
      <trkpt lat="45.468690000" lon="5.989420000">
        <ele>273.000</ele>
      </trkpt>
      <trkpt lat="45.468770000" lon="5.989400000">
        <ele>273.000</ele>
      </trkpt>
      <trkpt lat="45.468810000" lon="5.989400000">
        <ele>272.000</ele>
      </trkpt>
      <trkpt lat="45.468910000" lon="5.989390000">
        <ele>272.000</ele>
      </trkpt>
      <trkpt lat="45.468980000" lon="5.989380000">
        <ele>272.000</ele>
      </trkpt>
      <trkpt lat="45.469110000" lon="5.989380000">
        <ele>271.000</ele>
      </trkpt>
      <trkpt lat="45.470010000" lon="5.989190000">
        <ele>271.000</ele>
      </trkpt>
      <trkpt lat="45.470490000" lon="5.989100000">
        <ele>270.000</ele>
      </trkpt>
      <trkpt lat="45.470540000" lon="5.989720000">
        <ele>269.000</ele>
      </trkpt>
      <trkpt lat="45.470550000" lon="5.990340000">
        <ele>268.000</ele>
      </trkpt>
      <trkpt lat="45.470540000" lon="5.990380000">
        <ele>268.000</ele>
      </trkpt>
      <trkpt lat="45.470560000" lon="5.990450000">
        <ele>268.000</ele>
      </trkpt>
      <trkpt lat="45.470490000" lon="5.990610000">
        <ele>268.000</ele>
      </trkpt>
      <trkpt lat="45.470440000" lon="5.990850000">
        <ele>267.000</ele>
      </trkpt>
      <trkpt lat="45.470430000" lon="5.991070000">
        <ele>267.000</ele>
      </trkpt>
      <trkpt lat="45.470380000" lon="5.991230000">
        <ele>267.000</ele>
      </trkpt>
      <trkpt lat="45.470170000" lon="5.992020000">
        <ele>267.000</ele>
      </trkpt>
      <trkpt lat="45.470070000" lon="5.992380000">
        <ele>267.000</ele>
      </trkpt>
      <trkpt lat="45.470040000" lon="5.992480000">
        <ele>267.000</ele>
      </trkpt>
      <trkpt lat="45.470040000" lon="5.992480000">
        <ele>267.000</ele>
      </trkpt>
      <trkpt lat="45.469480000" lon="5.994590000">
        <ele>267.000</ele>
      </trkpt>
      <trkpt lat="45.469380000" lon="5.995010000">
        <ele>267.000</ele>
      </trkpt>
      <trkpt lat="45.469210000" lon="5.996220000">
        <ele>267.000</ele>
      </trkpt>
      <trkpt lat="45.469050000" lon="5.997460000">
        <ele>267.000</ele>
      </trkpt>
      <trkpt lat="45.468790000" lon="5.999400000">
        <ele>267.000</ele>
      </trkpt>
      <trkpt lat="45.468680000" lon="5.999880000">
        <ele>267.000</ele>
      </trkpt>
      <trkpt lat="45.468490000" lon="6.000360000">
        <ele>267.000</ele>
      </trkpt>
      <trkpt lat="45.468290000" lon="6.000820000">
        <ele>267.000</ele>
      </trkpt>
      <trkpt lat="45.468050000" lon="6.001220000">
        <ele>267.000</ele>
      </trkpt>
      <trkpt lat="45.468140000" lon="6.001920000">
        <ele>267.000</ele>
      </trkpt>
      <trkpt lat="45.468160000" lon="6.001990000">
        <ele>266.000</ele>
      </trkpt>
      <trkpt lat="45.468240000" lon="6.002310000">
        <ele>266.000</ele>
      </trkpt>
      <trkpt lat="45.468470000" lon="6.002710000">
        <ele>266.000</ele>
      </trkpt>
      <trkpt lat="45.468610000" lon="6.002980000">
        <ele>266.000</ele>
      </trkpt>
      <trkpt lat="45.469320000" lon="6.003830000">
        <ele>265.000</ele>
      </trkpt>
      <trkpt lat="45.469990000" lon="6.005170000">
        <ele>264.000</ele>
      </trkpt>
      <trkpt lat="45.470190000" lon="6.005400000">
        <ele>263.000</ele>
      </trkpt>
      <trkpt lat="45.470390000" lon="6.005550000">
        <ele>263.000</ele>
      </trkpt>
      <trkpt lat="45.470390000" lon="6.005550000">
        <ele>263.000</ele>
      </trkpt>
      <trkpt lat="45.470670000" lon="6.005750000">
        <ele>262.000</ele>
      </trkpt>
      <trkpt lat="45.471540000" lon="6.006150000">
        <ele>262.000</ele>
      </trkpt>
      <trkpt lat="45.471880000" lon="6.006380000">
        <ele>262.000</ele>
      </trkpt>
      <trkpt lat="45.473390000" lon="6.007830000">
        <ele>261.000</ele>
      </trkpt>
      <trkpt lat="45.473460000" lon="6.007900000">
        <ele>261.000</ele>
      </trkpt>
      <trkpt lat="45.474240000" lon="6.008520000">
        <ele>261.000</ele>
      </trkpt>
      <trkpt lat="45.477060000" lon="6.010650000">
        <ele>261.000</ele>
      </trkpt>
      <trkpt lat="45.477300000" lon="6.010840000">
        <ele>261.000</ele>
      </trkpt>
      <trkpt lat="45.479400000" lon="6.012460000">
        <ele>260.000</ele>
      </trkpt>
      <trkpt lat="45.479620000" lon="6.012720000">
        <ele>260.000</ele>
      </trkpt>
      <trkpt lat="45.479870000" lon="6.013130000">
        <ele>259.000</ele>
      </trkpt>
      <trkpt lat="45.480570000" lon="6.014380000">
        <ele>260.000</ele>
      </trkpt>
      <trkpt lat="45.480720000" lon="6.014590000">
        <ele>260.000</ele>
      </trkpt>
      <trkpt lat="45.481360000" lon="6.015260000">
        <ele>260.000</ele>
      </trkpt>
      <trkpt lat="45.481800000" lon="6.015710000">
        <ele>260.000</ele>
      </trkpt>
      <trkpt lat="45.482260000" lon="6.016190000">
        <ele>260.000</ele>
      </trkpt>
      <trkpt lat="45.483180000" lon="6.017120000">
        <ele>260.000</ele>
      </trkpt>
      <trkpt lat="45.483350000" lon="6.017320000">
        <ele>260.000</ele>
      </trkpt>
      <trkpt lat="45.483530000" lon="6.017610000">
        <ele>260.000</ele>
      </trkpt>
      <trkpt lat="45.483720000" lon="6.017920000">
        <ele>260.000</ele>
      </trkpt>
      <trkpt lat="45.483840000" lon="6.018030000">
        <ele>260.000</ele>
      </trkpt>
      <trkpt lat="45.483940000" lon="6.018090000">
        <ele>260.000</ele>
      </trkpt>
      <trkpt lat="45.484420000" lon="6.018330000">
        <ele>260.000</ele>
      </trkpt>
      <trkpt lat="45.484510000" lon="6.018410000">
        <ele>260.000</ele>
      </trkpt>
      <trkpt lat="45.484560000" lon="6.018450000">
        <ele>260.000</ele>
      </trkpt>
      <trkpt lat="45.484720000" lon="6.018590000">
        <ele>260.000</ele>
      </trkpt>
      <trkpt lat="45.485860000" lon="6.019720000">
        <ele>260.000</ele>
      </trkpt>
      <trkpt lat="45.486660000" lon="6.020500000">
        <ele>260.000</ele>
      </trkpt>
      <trkpt lat="45.487050000" lon="6.020870000">
        <ele>260.000</ele>
      </trkpt>
      <trkpt lat="45.487180000" lon="6.020980000">
        <ele>260.000</ele>
      </trkpt>
      <trkpt lat="45.487360000" lon="6.021120000">
        <ele>260.000</ele>
      </trkpt>
      <trkpt lat="45.487440000" lon="6.021170000">
        <ele>260.000</ele>
      </trkpt>
      <trkpt lat="45.487610000" lon="6.021240000">
        <ele>260.000</ele>
      </trkpt>
      <trkpt lat="45.488280000" lon="6.021480000">
        <ele>261.000</ele>
      </trkpt>
      <trkpt lat="45.488440000" lon="6.021560000">
        <ele>261.000</ele>
      </trkpt>
      <trkpt lat="45.488590000" lon="6.021650000">
        <ele>261.000</ele>
      </trkpt>
      <trkpt lat="45.488730000" lon="6.021750000">
        <ele>262.000</ele>
      </trkpt>
      <trkpt lat="45.488840000" lon="6.021850000">
        <ele>262.000</ele>
      </trkpt>
      <trkpt lat="45.488960000" lon="6.021970000">
        <ele>262.000</ele>
      </trkpt>
      <trkpt lat="45.489130000" lon="6.022180000">
        <ele>262.000</ele>
      </trkpt>
      <trkpt lat="45.489230000" lon="6.022350000">
        <ele>262.000</ele>
      </trkpt>
      <trkpt lat="45.489330000" lon="6.022540000">
        <ele>262.000</ele>
      </trkpt>
      <trkpt lat="45.489420000" lon="6.022740000">
        <ele>262.000</ele>
      </trkpt>
      <trkpt lat="45.489820000" lon="6.023710000">
        <ele>262.000</ele>
      </trkpt>
      <trkpt lat="45.489940000" lon="6.023970000">
        <ele>262.000</ele>
      </trkpt>
      <trkpt lat="45.490050000" lon="6.024180000">
        <ele>262.000</ele>
      </trkpt>
      <trkpt lat="45.490180000" lon="6.024370000">
        <ele>262.000</ele>
      </trkpt>
      <trkpt lat="45.490310000" lon="6.024530000">
        <ele>262.000</ele>
      </trkpt>
      <trkpt lat="45.490430000" lon="6.024680000">
        <ele>262.000</ele>
      </trkpt>
      <trkpt lat="45.491300000" lon="6.025660000">
        <ele>262.000</ele>
      </trkpt>
      <trkpt lat="45.493150000" lon="6.027750000">
        <ele>262.000</ele>
      </trkpt>
      <trkpt lat="45.493370000" lon="6.027990000">
        <ele>263.000</ele>
      </trkpt>
      <trkpt lat="45.494340000" lon="6.029040000">
        <ele>263.000</ele>
      </trkpt>
      <trkpt lat="45.494510000" lon="6.029260000">
        <ele>263.000</ele>
      </trkpt>
      <trkpt lat="45.494700000" lon="6.029490000">
        <ele>263.000</ele>
      </trkpt>
      <trkpt lat="45.494940000" lon="6.029790000">
        <ele>263.000</ele>
      </trkpt>
      <trkpt lat="45.495180000" lon="6.030080000">
        <ele>262.000</ele>
      </trkpt>
      <trkpt lat="45.495570000" lon="6.030540000">
        <ele>262.000</ele>
      </trkpt>
      <trkpt lat="45.496210000" lon="6.031260000">
        <ele>262.000</ele>
      </trkpt>
      <trkpt lat="45.496450000" lon="6.031540000">
        <ele>262.000</ele>
      </trkpt>
      <trkpt lat="45.497390000" lon="6.032660000">
        <ele>261.000</ele>
      </trkpt>
      <trkpt lat="45.497610000" lon="6.032950000">
        <ele>261.000</ele>
      </trkpt>
      <trkpt lat="45.497700000" lon="6.033100000">
        <ele>261.000</ele>
      </trkpt>
      <trkpt lat="45.497760000" lon="6.033260000">
        <ele>261.000</ele>
      </trkpt>
      <trkpt lat="45.497800000" lon="6.033400000">
        <ele>261.000</ele>
      </trkpt>
      <trkpt lat="45.497830000" lon="6.033530000">
        <ele>261.000</ele>
      </trkpt>
      <trkpt lat="45.497860000" lon="6.033770000">
        <ele>261.000</ele>
      </trkpt>
      <trkpt lat="45.497890000" lon="6.034000000">
        <ele>262.000</ele>
      </trkpt>
      <trkpt lat="45.497950000" lon="6.034520000">
        <ele>262.000</ele>
      </trkpt>
      <trkpt lat="45.497970000" lon="6.034690000">
        <ele>262.000</ele>
      </trkpt>
      <trkpt lat="45.498060000" lon="6.035370000">
        <ele>263.000</ele>
      </trkpt>
      <trkpt lat="45.498130000" lon="6.035870000">
        <ele>263.000</ele>
      </trkpt>
      <trkpt lat="45.498180000" lon="6.036060000">
        <ele>264.000</ele>
      </trkpt>
      <trkpt lat="45.498290000" lon="6.036500000">
        <ele>266.000</ele>
      </trkpt>
      <trkpt lat="45.498510000" lon="6.037400000">
        <ele>269.000</ele>
      </trkpt>
      <trkpt lat="45.498760000" lon="6.038140000">
        <ele>274.000</ele>
      </trkpt>
      <trkpt lat="45.498860000" lon="6.038440000">
        <ele>277.000</ele>
      </trkpt>
      <trkpt lat="45.498990000" lon="6.038740000">
        <ele>280.000</ele>
      </trkpt>
      <trkpt lat="45.499070000" lon="6.038900000">
        <ele>282.000</ele>
      </trkpt>
      <trkpt lat="45.499160000" lon="6.039050000">
        <ele>283.000</ele>
      </trkpt>
      <trkpt lat="45.499270000" lon="6.039190000">
        <ele>284.000</ele>
      </trkpt>
      <trkpt lat="45.499390000" lon="6.039330000">
        <ele>285.000</ele>
      </trkpt>
      <trkpt lat="45.499500000" lon="6.039410000">
        <ele>286.000</ele>
      </trkpt>
      <trkpt lat="45.499620000" lon="6.039490000">
        <ele>287.000</ele>
      </trkpt>
      <trkpt lat="45.499630000" lon="6.039530000">
        <ele>287.000</ele>
      </trkpt>
      <trkpt lat="45.499640000" lon="6.039560000">
        <ele>288.000</ele>
      </trkpt>
      <trkpt lat="45.499660000" lon="6.039580000">
        <ele>288.000</ele>
      </trkpt>
      <trkpt lat="45.499680000" lon="6.039600000">
        <ele>288.000</ele>
      </trkpt>
      <trkpt lat="45.499700000" lon="6.039590000">
        <ele>288.000</ele>
      </trkpt>
      <trkpt lat="45.499720000" lon="6.039580000">
        <ele>288.000</ele>
      </trkpt>
      <trkpt lat="45.499740000" lon="6.039560000">
        <ele>288.000</ele>
      </trkpt>
      <trkpt lat="45.499750000" lon="6.039540000">
        <ele>288.000</ele>
      </trkpt>
      <trkpt lat="45.499880000" lon="6.039560000">
        <ele>289.000</ele>
      </trkpt>
      <trkpt lat="45.499980000" lon="6.039580000">
        <ele>289.000</ele>
      </trkpt>
      <trkpt lat="45.500050000" lon="6.039580000">
        <ele>289.000</ele>
      </trkpt>
      <trkpt lat="45.500140000" lon="6.039570000">
        <ele>289.000</ele>
      </trkpt>
      <trkpt lat="45.500230000" lon="6.039560000">
        <ele>290.000</ele>
      </trkpt>
      <trkpt lat="45.500310000" lon="6.039530000">
        <ele>290.000</ele>
      </trkpt>
      <trkpt lat="45.500440000" lon="6.039480000">
        <ele>290.000</ele>
      </trkpt>
      <trkpt lat="45.501030000" lon="6.039120000">
        <ele>289.000</ele>
      </trkpt>
      <trkpt lat="45.501940000" lon="6.038540000">
        <ele>288.000</ele>
      </trkpt>
      <trkpt lat="45.502520000" lon="6.038190000">
        <ele>287.000</ele>
      </trkpt>
      <trkpt lat="45.502640000" lon="6.038130000">
        <ele>286.000</ele>
      </trkpt>
      <trkpt lat="45.502910000" lon="6.038640000">
        <ele>285.000</ele>
      </trkpt>
      <trkpt lat="45.503120000" lon="6.038970000">
        <ele>286.000</ele>
      </trkpt>
      <trkpt lat="45.503150000" lon="6.039000000">
        <ele>286.000</ele>
      </trkpt>
      <trkpt lat="45.503150000" lon="6.039060000">
        <ele>286.000</ele>
      </trkpt>
      <trkpt lat="45.503230000" lon="6.039220000">
        <ele>286.000</ele>
      </trkpt>
      <trkpt lat="45.503240000" lon="6.039270000">
        <ele>286.000</ele>
      </trkpt>
      <trkpt lat="45.503230000" lon="6.039320000">
        <ele>287.000</ele>
      </trkpt>
      <trkpt lat="45.503230000" lon="6.039370000">
        <ele>287.000</ele>
      </trkpt>
      <trkpt lat="45.503240000" lon="6.039420000">
        <ele>287.000</ele>
      </trkpt>
      <trkpt lat="45.503210000" lon="6.039440000">
        <ele>287.000</ele>
      </trkpt>
      <trkpt lat="45.503190000" lon="6.039470000">
        <ele>287.000</ele>
      </trkpt>
      <trkpt lat="45.503080000" lon="6.039640000">
        <ele>287.000</ele>
      </trkpt>
      <trkpt lat="45.502850000" lon="6.039960000">
        <ele>288.000</ele>
      </trkpt>
      <trkpt lat="45.502610000" lon="6.040280000">
        <ele>288.000</ele>
      </trkpt>
      <trkpt lat="45.501900000" lon="6.041300000">
        <ele>288.000</ele>
      </trkpt>
      <trkpt lat="45.501740000" lon="6.041530000">
        <ele>287.000</ele>
      </trkpt>
      <trkpt lat="45.501440000" lon="6.042060000">
        <ele>286.000</ele>
      </trkpt>
      <trkpt lat="45.501200000" lon="6.042620000">
        <ele>285.000</ele>
      </trkpt>
      <trkpt lat="45.500870000" lon="6.043400000">
        <ele>285.000</ele>
      </trkpt>
      <trkpt lat="45.500770000" lon="6.043630000">
        <ele>285.000</ele>
      </trkpt>
      <trkpt lat="45.500670000" lon="6.043880000">
        <ele>285.000</ele>
      </trkpt>
      <trkpt lat="45.500480000" lon="6.044360000">
        <ele>286.000</ele>
      </trkpt>
      <trkpt lat="45.500410000" lon="6.044500000">
        <ele>286.000</ele>
      </trkpt>
      <trkpt lat="45.500260000" lon="6.044870000">
        <ele>287.000</ele>
      </trkpt>
      <trkpt lat="45.500200000" lon="6.044980000">
        <ele>288.000</ele>
      </trkpt>
      <trkpt lat="45.500110000" lon="6.045100000">
        <ele>288.000</ele>
      </trkpt>
      <trkpt lat="45.500100000" lon="6.045120000">
        <ele>288.000</ele>
      </trkpt>
      <trkpt lat="45.500040000" lon="6.045200000">
        <ele>288.000</ele>
      </trkpt>
      <trkpt lat="45.500020000" lon="6.045220000">
        <ele>288.000</ele>
      </trkpt>
      <trkpt lat="45.500000000" lon="6.045260000">
        <ele>288.000</ele>
      </trkpt>
      <trkpt lat="45.499970000" lon="6.045320000">
        <ele>288.000</ele>
      </trkpt>
      <trkpt lat="45.499960000" lon="6.045380000">
        <ele>288.000</ele>
      </trkpt>
      <trkpt lat="45.499950000" lon="6.045450000">
        <ele>288.000</ele>
      </trkpt>
      <trkpt lat="45.499960000" lon="6.045510000">
        <ele>288.000</ele>
      </trkpt>
      <trkpt lat="45.499990000" lon="6.045570000">
        <ele>288.000</ele>
      </trkpt>
      <trkpt lat="45.500010000" lon="6.045610000">
        <ele>288.000</ele>
      </trkpt>
      <trkpt lat="45.500070000" lon="6.045740000">
        <ele>288.000</ele>
      </trkpt>
      <trkpt lat="45.500090000" lon="6.045830000">
        <ele>288.000</ele>
      </trkpt>
      <trkpt lat="45.500110000" lon="6.045910000">
        <ele>288.000</ele>
      </trkpt>
      <trkpt lat="45.500160000" lon="6.046140000">
        <ele>288.000</ele>
      </trkpt>
      <trkpt lat="45.500260000" lon="6.047150000">
        <ele>288.000</ele>
      </trkpt>
      <trkpt lat="45.500280000" lon="6.047350000">
        <ele>288.000</ele>
      </trkpt>
      <trkpt lat="45.500310000" lon="6.047580000">
        <ele>289.000</ele>
      </trkpt>
      <trkpt lat="45.500320000" lon="6.047640000">
        <ele>289.000</ele>
      </trkpt>
      <trkpt lat="45.500320000" lon="6.047640000">
        <ele>289.000</ele>
      </trkpt>
      <trkpt lat="45.500330000" lon="6.047910000">
        <ele>289.000</ele>
      </trkpt>
      <trkpt lat="45.500330000" lon="6.048040000">
        <ele>290.000</ele>
      </trkpt>
      <trkpt lat="45.500330000" lon="6.048160000">
        <ele>290.000</ele>
      </trkpt>
      <trkpt lat="45.500340000" lon="6.048240000">
        <ele>290.000</ele>
      </trkpt>
      <trkpt lat="45.500350000" lon="6.048310000">
        <ele>290.000</ele>
      </trkpt>
      <trkpt lat="45.500350000" lon="6.048380000">
        <ele>290.000</ele>
      </trkpt>
      <trkpt lat="45.500350000" lon="6.048430000">
        <ele>291.000</ele>
      </trkpt>
      <trkpt lat="45.500350000" lon="6.048470000">
        <ele>291.000</ele>
      </trkpt>
      <trkpt lat="45.500330000" lon="6.048500000">
        <ele>291.000</ele>
      </trkpt>
      <trkpt lat="45.500300000" lon="6.048540000">
        <ele>291.000</ele>
      </trkpt>
      <trkpt lat="45.500270000" lon="6.048580000">
        <ele>291.000</ele>
      </trkpt>
      <trkpt lat="45.500240000" lon="6.048600000">
        <ele>291.000</ele>
      </trkpt>
      <trkpt lat="45.500210000" lon="6.048610000">
        <ele>291.000</ele>
      </trkpt>
      <trkpt lat="45.500140000" lon="6.048630000">
        <ele>292.000</ele>
      </trkpt>
      <trkpt lat="45.500020000" lon="6.048670000">
        <ele>292.000</ele>
      </trkpt>
      <trkpt lat="45.499760000" lon="6.048690000">
        <ele>292.000</ele>
      </trkpt>
      <trkpt lat="45.499660000" lon="6.048700000">
        <ele>293.000</ele>
      </trkpt>
      <trkpt lat="45.499610000" lon="6.048700000">
        <ele>293.000</ele>
      </trkpt>
      <trkpt lat="45.499610000" lon="6.048670000">
        <ele>293.000</ele>
      </trkpt>
      <trkpt lat="45.499600000" lon="6.048640000">
        <ele>293.000</ele>
      </trkpt>
      <trkpt lat="45.499580000" lon="6.048610000">
        <ele>294.000</ele>
      </trkpt>
      <trkpt lat="45.499560000" lon="6.048590000">
        <ele>294.000</ele>
      </trkpt>
      <trkpt lat="45.499540000" lon="6.048580000">
        <ele>294.000</ele>
      </trkpt>
      <trkpt lat="45.499520000" lon="6.048580000">
        <ele>294.000</ele>
      </trkpt>
      <trkpt lat="45.499490000" lon="6.048590000">
        <ele>294.000</ele>
      </trkpt>
      <trkpt lat="45.499470000" lon="6.048600000">
        <ele>294.000</ele>
      </trkpt>
      <trkpt lat="45.499440000" lon="6.048560000">
        <ele>294.000</ele>
      </trkpt>
      <trkpt lat="45.499400000" lon="6.048500000">
        <ele>294.000</ele>
      </trkpt>
      <trkpt lat="45.499370000" lon="6.048460000">
        <ele>294.000</ele>
      </trkpt>
      <trkpt lat="45.499330000" lon="6.048430000">
        <ele>294.000</ele>
      </trkpt>
      <trkpt lat="45.499310000" lon="6.048420000">
        <ele>294.000</ele>
      </trkpt>
      <trkpt lat="45.499280000" lon="6.048410000">
        <ele>294.000</ele>
      </trkpt>
      <trkpt lat="45.499240000" lon="6.048420000">
        <ele>294.000</ele>
      </trkpt>
      <trkpt lat="45.499200000" lon="6.048420000">
        <ele>294.000</ele>
      </trkpt>
      <trkpt lat="45.499160000" lon="6.048450000">
        <ele>294.000</ele>
      </trkpt>
      <trkpt lat="45.499130000" lon="6.048490000">
        <ele>294.000</ele>
      </trkpt>
      <trkpt lat="45.499100000" lon="6.048560000">
        <ele>294.000</ele>
      </trkpt>
      <trkpt lat="45.499080000" lon="6.048620000">
        <ele>293.000</ele>
      </trkpt>
      <trkpt lat="45.499030000" lon="6.048770000">
        <ele>293.000</ele>
      </trkpt>
      <trkpt lat="45.498990000" lon="6.048880000">
        <ele>293.000</ele>
      </trkpt>
      <trkpt lat="45.498940000" lon="6.049010000">
        <ele>293.000</ele>
      </trkpt>
      <trkpt lat="45.498880000" lon="6.049150000">
        <ele>293.000</ele>
      </trkpt>
      <trkpt lat="45.498850000" lon="6.049290000">
        <ele>292.000</ele>
      </trkpt>
      <trkpt lat="45.498820000" lon="6.049480000">
        <ele>292.000</ele>
      </trkpt>
      <trkpt lat="45.498770000" lon="6.049780000">
        <ele>292.000</ele>
      </trkpt>
      <trkpt lat="45.498600000" lon="6.050440000">
        <ele>291.000</ele>
      </trkpt>
      <trkpt lat="45.498530000" lon="6.050680000">
        <ele>290.000</ele>
      </trkpt>
      <trkpt lat="45.498360000" lon="6.051180000">
        <ele>289.000</ele>
      </trkpt>
      <trkpt lat="45.498330000" lon="6.051310000">
        <ele>289.000</ele>
      </trkpt>
      <trkpt lat="45.498310000" lon="6.051430000">
        <ele>288.000</ele>
      </trkpt>
      <trkpt lat="45.498240000" lon="6.051770000">
        <ele>287.000</ele>
      </trkpt>
      <trkpt lat="45.498090000" lon="6.052670000">
        <ele>286.000</ele>
      </trkpt>
      <trkpt lat="45.497990000" lon="6.053350000">
        <ele>284.000</ele>
      </trkpt>
      <trkpt lat="45.497960000" lon="6.053690000">
        <ele>283.000</ele>
      </trkpt>
      <trkpt lat="45.497980000" lon="6.054380000">
        <ele>281.000</ele>
      </trkpt>
      <trkpt lat="45.497960000" lon="6.054510000">
        <ele>280.000</ele>
      </trkpt>
      <trkpt lat="45.497910000" lon="6.054620000">
        <ele>278.000</ele>
      </trkpt>
      <trkpt lat="45.497940000" lon="6.054690000">
        <ele>278.000</ele>
      </trkpt>
      <trkpt lat="45.497970000" lon="6.054740000">
        <ele>277.000</ele>
      </trkpt>
      <trkpt lat="45.498010000" lon="6.054860000">
        <ele>276.000</ele>
      </trkpt>
      <trkpt lat="45.498010000" lon="6.054970000">
        <ele>276.000</ele>
      </trkpt>
      <trkpt lat="45.498050000" lon="6.055930000">
        <ele>274.000</ele>
      </trkpt>
      <trkpt lat="45.498070000" lon="6.056520000">
        <ele>273.000</ele>
      </trkpt>
      <trkpt lat="45.498080000" lon="6.056790000">
        <ele>272.000</ele>
      </trkpt>
      <trkpt lat="45.498080000" lon="6.056860000">
        <ele>272.000</ele>
      </trkpt>
      <trkpt lat="45.498140000" lon="6.057010000">
        <ele>272.000</ele>
      </trkpt>
      <trkpt lat="45.498210000" lon="6.057220000">
        <ele>272.000</ele>
      </trkpt>
      <trkpt lat="45.498330000" lon="6.057550000">
        <ele>272.000</ele>
      </trkpt>
      <trkpt lat="45.498510000" lon="6.058000000">
        <ele>272.000</ele>
      </trkpt>
      <trkpt lat="45.498560000" lon="6.058130000">
        <ele>272.000</ele>
      </trkpt>
      <trkpt lat="45.498610000" lon="6.058230000">
        <ele>272.000</ele>
      </trkpt>
      <trkpt lat="45.498990000" lon="6.058740000">
        <ele>272.000</ele>
      </trkpt>
      <trkpt lat="45.499190000" lon="6.059210000">
        <ele>272.000</ele>
      </trkpt>
      <trkpt lat="45.499140000" lon="6.059290000">
        <ele>272.000</ele>
      </trkpt>
      <trkpt lat="45.498890000" lon="6.059640000">
        <ele>271.000</ele>
      </trkpt>
      <trkpt lat="45.499040000" lon="6.060040000">
        <ele>271.000</ele>
      </trkpt>
      <trkpt lat="45.499430000" lon="6.061080000">
        <ele>270.000</ele>
      </trkpt>
      <trkpt lat="45.500190000" lon="6.063170000">
        <ele>268.000</ele>
      </trkpt>
      <trkpt lat="45.500340000" lon="6.063570000">
        <ele>267.000</ele>
      </trkpt>
      <trkpt lat="45.500340000" lon="6.063570000">
        <ele>267.000</ele>
      </trkpt>
      <trkpt lat="45.500460000" lon="6.063870000">
        <ele>266.000</ele>
      </trkpt>
      <trkpt lat="45.501780000" lon="6.067340000">
        <ele>266.000</ele>
      </trkpt>
      <trkpt lat="45.501990000" lon="6.067660000">
        <ele>266.000</ele>
      </trkpt>
      <trkpt lat="45.502030000" lon="6.067720000">
        <ele>266.000</ele>
      </trkpt>
      <trkpt lat="45.502010000" lon="6.067770000">
        <ele>266.000</ele>
      </trkpt>
      <trkpt lat="45.502000000" lon="6.067830000">
        <ele>266.000</ele>
      </trkpt>
      <trkpt lat="45.502000000" lon="6.067890000">
        <ele>266.000</ele>
      </trkpt>
      <trkpt lat="45.502020000" lon="6.067950000">
        <ele>266.000</ele>
      </trkpt>
      <trkpt lat="45.502050000" lon="6.067990000">
        <ele>266.000</ele>
      </trkpt>
      <trkpt lat="45.502080000" lon="6.068030000">
        <ele>266.000</ele>
      </trkpt>
      <trkpt lat="45.502120000" lon="6.068040000">
        <ele>266.000</ele>
      </trkpt>
      <trkpt lat="45.502160000" lon="6.068040000">
        <ele>266.000</ele>
      </trkpt>
      <trkpt lat="45.502180000" lon="6.068130000">
        <ele>266.000</ele>
      </trkpt>
      <trkpt lat="45.502280000" lon="6.068620000">
        <ele>266.000</ele>
      </trkpt>
      <trkpt lat="45.502480000" lon="6.069190000">
        <ele>266.000</ele>
      </trkpt>
      <trkpt lat="45.502510000" lon="6.069260000">
        <ele>266.000</ele>
      </trkpt>
      <trkpt lat="45.502580000" lon="6.069450000">
        <ele>266.000</ele>
      </trkpt>
      <trkpt lat="45.503890000" lon="6.072970000">
        <ele>267.000</ele>
      </trkpt>
      <trkpt lat="45.504590000" lon="6.074770000">
        <ele>267.000</ele>
      </trkpt>
      <trkpt lat="45.504690000" lon="6.075030000">
        <ele>267.000</ele>
      </trkpt>
      <trkpt lat="45.505190000" lon="6.076330000">
        <ele>267.000</ele>
      </trkpt>
      <trkpt lat="45.505400000" lon="6.076870000">
        <ele>267.000</ele>
      </trkpt>
      <trkpt lat="45.506350000" lon="6.078940000">
        <ele>267.000</ele>
      </trkpt>
      <trkpt lat="45.507060000" lon="6.080450000">
        <ele>267.000</ele>
      </trkpt>
      <trkpt lat="45.508130000" lon="6.082380000">
        <ele>267.000</ele>
      </trkpt>
      <trkpt lat="45.508820000" lon="6.083420000">
        <ele>268.000</ele>
      </trkpt>
      <trkpt lat="45.511210000" lon="6.087390000">
        <ele>269.000</ele>
      </trkpt>
      <trkpt lat="45.513900000" lon="6.091760000">
        <ele>269.000</ele>
      </trkpt>
      <trkpt lat="45.517110000" lon="6.097010000">
        <ele>271.000</ele>
      </trkpt>
      <trkpt lat="45.519620000" lon="6.101150000">
        <ele>272.000</ele>
      </trkpt>
      <trkpt lat="45.522180000" lon="6.105310000">
        <ele>272.000</ele>
      </trkpt>
      <trkpt lat="45.522230000" lon="6.105380000">
        <ele>272.000</ele>
      </trkpt>
      <trkpt lat="45.522290000" lon="6.105460000">
        <ele>272.000</ele>
      </trkpt>
      <trkpt lat="45.522570000" lon="6.105890000">
        <ele>272.000</ele>
      </trkpt>
      <trkpt lat="45.525250000" lon="6.110290000">
        <ele>273.000</ele>
      </trkpt>
      <trkpt lat="45.525430000" lon="6.110570000">
        <ele>273.000</ele>
      </trkpt>
      <trkpt lat="45.528070000" lon="6.114850000">
        <ele>273.000</ele>
      </trkpt>
      <trkpt lat="45.529010000" lon="6.116370000">
        <ele>274.000</ele>
      </trkpt>
      <trkpt lat="45.529810000" lon="6.117670000">
        <ele>274.000</ele>
      </trkpt>
      <trkpt lat="45.530580000" lon="6.118950000">
        <ele>274.000</ele>
      </trkpt>
      <trkpt lat="45.530950000" lon="6.119570000">
        <ele>274.000</ele>
      </trkpt>
      <trkpt lat="45.531620000" lon="6.120700000">
        <ele>274.000</ele>
      </trkpt>
      <trkpt lat="45.531880000" lon="6.121060000">
        <ele>274.000</ele>
      </trkpt>
      <trkpt lat="45.533050000" lon="6.122950000">
        <ele>274.000</ele>
      </trkpt>
      <trkpt lat="45.534090000" lon="6.124630000">
        <ele>275.000</ele>
      </trkpt>
      <trkpt lat="45.541310000" lon="6.136390000">
        <ele>276.000</ele>
      </trkpt>
      <trkpt lat="45.542470000" lon="6.138280000">
        <ele>278.000</ele>
      </trkpt>
      <trkpt lat="45.543770000" lon="6.140500000">
        <ele>279.000</ele>
      </trkpt>
      <trkpt lat="45.545170000" lon="6.142710000">
        <ele>279.000</ele>
      </trkpt>
      <trkpt lat="45.545880000" lon="6.143990000">
        <ele>279.000</ele>
      </trkpt>
      <trkpt lat="45.546660000" lon="6.145500000">
        <ele>280.000</ele>
      </trkpt>
      <trkpt lat="45.547590000" lon="6.147370000">
        <ele>281.000</ele>
      </trkpt>
      <trkpt lat="45.548470000" lon="6.149410000">
        <ele>281.000</ele>
      </trkpt>
      <trkpt lat="45.549500000" lon="6.152030000">
        <ele>282.000</ele>
      </trkpt>
      <trkpt lat="45.551350000" lon="6.158130000">
        <ele>282.000</ele>
      </trkpt>
      <trkpt lat="45.551400000" lon="6.158430000">
        <ele>282.000</ele>
      </trkpt>
      <trkpt lat="45.551460000" lon="6.158640000">
        <ele>282.000</ele>
      </trkpt>
      <trkpt lat="45.551570000" lon="6.159020000">
        <ele>283.000</ele>
      </trkpt>
      <trkpt lat="45.551900000" lon="6.160170000">
        <ele>283.000</ele>
      </trkpt>
      <trkpt lat="45.551930000" lon="6.160260000">
        <ele>283.000</ele>
      </trkpt>
      <trkpt lat="45.551960000" lon="6.160370000">
        <ele>283.000</ele>
      </trkpt>
      <trkpt lat="45.552340000" lon="6.161670000">
        <ele>284.000</ele>
      </trkpt>
      <trkpt lat="45.554140000" lon="6.167960000">
        <ele>284.000</ele>
      </trkpt>
      <trkpt lat="45.554600000" lon="6.169550000">
        <ele>284.000</ele>
      </trkpt>
      <trkpt lat="45.554690000" lon="6.169780000">
        <ele>285.000</ele>
      </trkpt>
      <trkpt lat="45.555210000" lon="6.171730000">
        <ele>286.000</ele>
      </trkpt>
      <trkpt lat="45.556540000" lon="6.176380000">
        <ele>286.000</ele>
      </trkpt>
      <trkpt lat="45.556570000" lon="6.176460000">
        <ele>286.000</ele>
      </trkpt>
      <trkpt lat="45.556700000" lon="6.176930000">
        <ele>286.000</ele>
      </trkpt>
      <trkpt lat="45.556850000" lon="6.177430000">
        <ele>286.000</ele>
      </trkpt>
      <trkpt lat="45.557150000" lon="6.178450000">
        <ele>286.000</ele>
      </trkpt>
      <trkpt lat="45.559060000" lon="6.185140000">
        <ele>288.000</ele>
      </trkpt>
      <trkpt lat="45.559370000" lon="6.186210000">
        <ele>289.000</ele>
      </trkpt>
      <trkpt lat="45.559430000" lon="6.186440000">
        <ele>289.000</ele>
      </trkpt>
      <trkpt lat="45.559650000" lon="6.187190000">
        <ele>289.000</ele>
      </trkpt>
      <trkpt lat="45.560330000" lon="6.189550000">
        <ele>289.000</ele>
      </trkpt>
      <trkpt lat="45.560610000" lon="6.190510000">
        <ele>289.000</ele>
      </trkpt>
      <trkpt lat="45.561770000" lon="6.194540000">
        <ele>290.000</ele>
      </trkpt>
      <trkpt lat="45.562070000" lon="6.195620000">
        <ele>291.000</ele>
      </trkpt>
      <trkpt lat="45.562130000" lon="6.195810000">
        <ele>292.000</ele>
      </trkpt>
      <trkpt lat="45.562210000" lon="6.196070000">
        <ele>292.000</ele>
      </trkpt>
      <trkpt lat="45.562830000" lon="6.198230000">
        <ele>291.000</ele>
      </trkpt>
      <trkpt lat="45.563290000" lon="6.200130000">
        <ele>291.000</ele>
      </trkpt>
      <trkpt lat="45.563560000" lon="6.201140000">
        <ele>291.000</ele>
      </trkpt>
      <trkpt lat="45.563950000" lon="6.202540000">
        <ele>291.000</ele>
      </trkpt>
      <trkpt lat="45.565790000" lon="6.209120000">
        <ele>291.000</ele>
      </trkpt>
      <trkpt lat="45.566040000" lon="6.210010000">
        <ele>291.000</ele>
      </trkpt>
      <trkpt lat="45.566290000" lon="6.210900000">
        <ele>291.000</ele>
      </trkpt>
      <trkpt lat="45.568620000" lon="6.219010000">
        <ele>293.000</ele>
      </trkpt>
      <trkpt lat="45.569260000" lon="6.221380000">
        <ele>294.000</ele>
      </trkpt>
      <trkpt lat="45.570300000" lon="6.224890000">
        <ele>294.000</ele>
      </trkpt>
      <trkpt lat="45.570310000" lon="6.224920000">
        <ele>294.000</ele>
      </trkpt>
      <trkpt lat="45.570320000" lon="6.224940000">
        <ele>294.000</ele>
      </trkpt>
      <trkpt lat="45.570320000" lon="6.224970000">
        <ele>294.000</ele>
      </trkpt>
      <trkpt lat="45.571110000" lon="6.227880000">
        <ele>294.000</ele>
      </trkpt>
      <trkpt lat="45.571380000" lon="6.228780000">
        <ele>293.000</ele>
      </trkpt>
      <trkpt lat="45.573160000" lon="6.235130000">
        <ele>293.000</ele>
      </trkpt>
      <trkpt lat="45.574040000" lon="6.238240000">
        <ele>292.000</ele>
      </trkpt>
      <trkpt lat="45.574340000" lon="6.239280000">
        <ele>292.000</ele>
      </trkpt>
      <trkpt lat="45.579320000" lon="6.256830000">
        <ele>294.000</ele>
      </trkpt>
      <trkpt lat="45.581550000" lon="6.264590000">
        <ele>296.000</ele>
      </trkpt>
      <trkpt lat="45.581930000" lon="6.265990000">
        <ele>298.000</ele>
      </trkpt>
      <trkpt lat="45.582290000" lon="6.266840000">
        <ele>299.000</ele>
      </trkpt>
      <trkpt lat="45.582350000" lon="6.266940000">
        <ele>299.000</ele>
      </trkpt>
      <trkpt lat="45.582350000" lon="6.266940000">
        <ele>300.000</ele>
      </trkpt>
      <trkpt lat="45.582500000" lon="6.267240000">
        <ele>300.000</ele>
      </trkpt>
      <trkpt lat="45.582720000" lon="6.267620000">
        <ele>300.000</ele>
      </trkpt>
      <trkpt lat="45.582910000" lon="6.267920000">
        <ele>300.000</ele>
      </trkpt>
      <trkpt lat="45.583100000" lon="6.268200000">
        <ele>300.000</ele>
      </trkpt>
      <trkpt lat="45.583510000" lon="6.268690000">
        <ele>300.000</ele>
      </trkpt>
      <trkpt lat="45.583840000" lon="6.269040000">
        <ele>300.000</ele>
      </trkpt>
      <trkpt lat="45.584010000" lon="6.269270000">
        <ele>300.000</ele>
      </trkpt>
      <trkpt lat="45.584070000" lon="6.269300000">
        <ele>300.000</ele>
      </trkpt>
      <trkpt lat="45.584180000" lon="6.269380000">
        <ele>300.000</ele>
      </trkpt>
      <trkpt lat="45.584210000" lon="6.269420000">
        <ele>300.000</ele>
      </trkpt>
      <trkpt lat="45.584220000" lon="6.269460000">
        <ele>300.000</ele>
      </trkpt>
      <trkpt lat="45.584230000" lon="6.269510000">
        <ele>300.000</ele>
      </trkpt>
      <trkpt lat="45.584210000" lon="6.269610000">
        <ele>300.000</ele>
      </trkpt>
      <trkpt lat="45.584190000" lon="6.269710000">
        <ele>300.000</ele>
      </trkpt>
      <trkpt lat="45.583620000" lon="6.270820000">
        <ele>300.000</ele>
      </trkpt>
      <trkpt lat="45.583570000" lon="6.270920000">
        <ele>300.000</ele>
      </trkpt>
      <trkpt lat="45.583460000" lon="6.271130000">
        <ele>300.000</ele>
      </trkpt>
      <trkpt lat="45.583240000" lon="6.271560000">
        <ele>300.000</ele>
      </trkpt>
      <trkpt lat="45.583000000" lon="6.272030000">
        <ele>300.000</ele>
      </trkpt>
      <trkpt lat="45.582880000" lon="6.272270000">
        <ele>300.000</ele>
      </trkpt>
      <trkpt lat="45.582590000" lon="6.272830000">
        <ele>300.000</ele>
      </trkpt>
      <trkpt lat="45.582220000" lon="6.273570000">
        <ele>300.000</ele>
      </trkpt>
      <trkpt lat="45.582170000" lon="6.273660000">
        <ele>300.000</ele>
      </trkpt>
      <trkpt lat="45.582010000" lon="6.273980000">
        <ele>300.000</ele>
      </trkpt>
      <trkpt lat="45.582010000" lon="6.274040000">
        <ele>300.000</ele>
      </trkpt>
      <trkpt lat="45.582020000" lon="6.274090000">
        <ele>300.000</ele>
      </trkpt>
      <trkpt lat="45.582030000" lon="6.274130000">
        <ele>300.000</ele>
      </trkpt>
      <trkpt lat="45.582050000" lon="6.274170000">
        <ele>300.000</ele>
      </trkpt>
      <trkpt lat="45.582070000" lon="6.274200000">
        <ele>300.000</ele>
      </trkpt>
      <trkpt lat="45.583000000" lon="6.275160000">
        <ele>301.000</ele>
      </trkpt>
      <trkpt lat="45.584200000" lon="6.276380000">
        <ele>302.000</ele>
      </trkpt>
      <trkpt lat="45.584200000" lon="6.276380000">
        <ele>302.000</ele>
      </trkpt>
      <trkpt lat="45.586120000" lon="6.278350000">
        <ele>301.000</ele>
      </trkpt>
      <trkpt lat="45.588690000" lon="6.280950000">
        <ele>300.000</ele>
      </trkpt>
      <trkpt lat="45.589280000" lon="6.281600000">
        <ele>300.000</ele>
      </trkpt>
      <trkpt lat="45.589370000" lon="6.281700000">
        <ele>300.000</ele>
      </trkpt>
      <trkpt lat="45.591060000" lon="6.283710000">
        <ele>300.000</ele>
      </trkpt>
      <trkpt lat="45.592720000" lon="6.285950000">
        <ele>300.000</ele>
      </trkpt>
      <trkpt lat="45.593370000" lon="6.286840000">
        <ele>300.000</ele>
      </trkpt>
      <trkpt lat="45.594310000" lon="6.288160000">
        <ele>300.000</ele>
      </trkpt>
      <trkpt lat="45.594410000" lon="6.288300000">
        <ele>300.000</ele>
      </trkpt>
      <trkpt lat="45.597500000" lon="6.293730000">
        <ele>299.000</ele>
      </trkpt>
      <trkpt lat="45.598210000" lon="6.294970000">
        <ele>299.000</ele>
      </trkpt>
      <trkpt lat="45.598560000" lon="6.295620000">
        <ele>299.000</ele>
      </trkpt>
      <trkpt lat="45.599230000" lon="6.296880000">
        <ele>300.000</ele>
      </trkpt>
      <trkpt lat="45.599610000" lon="6.297610000">
        <ele>300.000</ele>
      </trkpt>
      <trkpt lat="45.599860000" lon="6.298090000">
        <ele>301.000</ele>
      </trkpt>
      <trkpt lat="45.600070000" lon="6.298510000">
        <ele>301.000</ele>
      </trkpt>
      <trkpt lat="45.600170000" lon="6.298730000">
        <ele>301.000</ele>
      </trkpt>
      <trkpt lat="45.600250000" lon="6.298910000">
        <ele>302.000</ele>
      </trkpt>
      <trkpt lat="45.600340000" lon="6.299160000">
        <ele>302.000</ele>
      </trkpt>
      <trkpt lat="45.600390000" lon="6.299350000">
        <ele>302.000</ele>
      </trkpt>
      <trkpt lat="45.600950000" lon="6.301350000">
        <ele>302.000</ele>
      </trkpt>
      <trkpt lat="45.601030000" lon="6.301640000">
        <ele>302.000</ele>
      </trkpt>
      <trkpt lat="45.601090000" lon="6.301870000">
        <ele>302.000</ele>
      </trkpt>
      <trkpt lat="45.601370000" lon="6.302870000">
        <ele>303.000</ele>
      </trkpt>
      <trkpt lat="45.601420000" lon="6.303050000">
        <ele>304.000</ele>
      </trkpt>
      <trkpt lat="45.601520000" lon="6.303320000">
        <ele>305.000</ele>
      </trkpt>
      <trkpt lat="45.601610000" lon="6.303520000">
        <ele>306.000</ele>
      </trkpt>
      <trkpt lat="45.601730000" lon="6.303700000">
        <ele>307.000</ele>
      </trkpt>
      <trkpt lat="45.601800000" lon="6.303790000">
        <ele>308.000</ele>
      </trkpt>
      <trkpt lat="45.601910000" lon="6.303890000">
        <ele>308.000</ele>
      </trkpt>
      <trkpt lat="45.602030000" lon="6.303980000">
        <ele>309.000</ele>
      </trkpt>
      <trkpt lat="45.602220000" lon="6.304070000">
        <ele>309.000</ele>
      </trkpt>
      <trkpt lat="45.603190000" lon="6.304550000">
        <ele>311.000</ele>
      </trkpt>
      <trkpt lat="45.603260000" lon="6.304620000">
        <ele>312.000</ele>
      </trkpt>
      <trkpt lat="45.603340000" lon="6.304700000">
        <ele>312.000</ele>
      </trkpt>
      <trkpt lat="45.603370000" lon="6.304740000">
        <ele>313.000</ele>
      </trkpt>
      <trkpt lat="45.603440000" lon="6.304860000">
        <ele>313.000</ele>
      </trkpt>
      <trkpt lat="45.603500000" lon="6.304990000">
        <ele>314.000</ele>
      </trkpt>
      <trkpt lat="45.603560000" lon="6.305180000">
        <ele>314.000</ele>
      </trkpt>
      <trkpt lat="45.603670000" lon="6.305580000">
        <ele>314.000</ele>
      </trkpt>
      <trkpt lat="45.603720000" lon="6.305840000">
        <ele>314.000</ele>
      </trkpt>
      <trkpt lat="45.604350000" lon="6.308510000">
        <ele>312.000</ele>
      </trkpt>
      <trkpt lat="45.604390000" lon="6.308640000">
        <ele>311.000</ele>
      </trkpt>
      <trkpt lat="45.604450000" lon="6.308770000">
        <ele>311.000</ele>
      </trkpt>
      <trkpt lat="45.604520000" lon="6.308890000">
        <ele>311.000</ele>
      </trkpt>
      <trkpt lat="45.604590000" lon="6.308980000">
        <ele>311.000</ele>
      </trkpt>
      <trkpt lat="45.604760000" lon="6.309200000">
        <ele>311.000</ele>
      </trkpt>
      <trkpt lat="45.605200000" lon="6.309650000">
        <ele>311.000</ele>
      </trkpt>
      <trkpt lat="45.606290000" lon="6.310770000">
        <ele>313.000</ele>
      </trkpt>
      <trkpt lat="45.609490000" lon="6.314100000">
        <ele>315.000</ele>
      </trkpt>
      <trkpt lat="45.611210000" lon="6.316050000">
        <ele>320.000</ele>
      </trkpt>
      <trkpt lat="45.611560000" lon="6.316460000">
        <ele>323.000</ele>
      </trkpt>
      <trkpt lat="45.611740000" lon="6.316590000">
        <ele>325.000</ele>
      </trkpt>
      <trkpt lat="45.611730000" lon="6.316690000">
        <ele>326.000</ele>
      </trkpt>
      <trkpt lat="45.611770000" lon="6.316780000">
        <ele>326.000</ele>
      </trkpt>
      <trkpt lat="45.611820000" lon="6.316810000">
        <ele>327.000</ele>
      </trkpt>
      <trkpt lat="45.611890000" lon="6.316790000">
        <ele>327.000</ele>
      </trkpt>
      <trkpt lat="45.611920000" lon="6.316740000">
        <ele>327.000</ele>
      </trkpt>
      <trkpt lat="45.612130000" lon="6.316880000">
        <ele>327.000</ele>
      </trkpt>
      <trkpt lat="45.612450000" lon="6.316990000">
        <ele>327.000</ele>
      </trkpt>
      <trkpt lat="45.613240000" lon="6.317100000">
        <ele>326.000</ele>
      </trkpt>
      <trkpt lat="45.613470000" lon="6.317140000">
        <ele>326.000</ele>
      </trkpt>
      <trkpt lat="45.613580000" lon="6.317150000">
        <ele>325.000</ele>
      </trkpt>
      <trkpt lat="45.614140000" lon="6.317230000">
        <ele>325.000</ele>
      </trkpt>
      <trkpt lat="45.614280000" lon="6.317260000">
        <ele>325.000</ele>
      </trkpt>
      <trkpt lat="45.614400000" lon="6.317310000">
        <ele>326.000</ele>
      </trkpt>
      <trkpt lat="45.614500000" lon="6.317380000">
        <ele>326.000</ele>
      </trkpt>
      <trkpt lat="45.614600000" lon="6.317480000">
        <ele>326.000</ele>
      </trkpt>
      <trkpt lat="45.614670000" lon="6.317580000">
        <ele>326.000</ele>
      </trkpt>
      <trkpt lat="45.614720000" lon="6.317670000">
        <ele>326.000</ele>
      </trkpt>
      <trkpt lat="45.614750000" lon="6.317760000">
        <ele>326.000</ele>
      </trkpt>
      <trkpt lat="45.614790000" lon="6.317870000">
        <ele>326.000</ele>
      </trkpt>
      <trkpt lat="45.614830000" lon="6.318170000">
        <ele>326.000</ele>
      </trkpt>
      <trkpt lat="45.614840000" lon="6.318240000">
        <ele>326.000</ele>
      </trkpt>
      <trkpt lat="45.614860000" lon="6.318370000">
        <ele>326.000</ele>
      </trkpt>
      <trkpt lat="45.614880000" lon="6.318580000">
        <ele>327.000</ele>
      </trkpt>
      <trkpt lat="45.614940000" lon="6.318890000">
        <ele>327.000</ele>
      </trkpt>
      <trkpt lat="45.614990000" lon="6.319040000">
        <ele>327.000</ele>
      </trkpt>
      <trkpt lat="45.615010000" lon="6.319110000">
        <ele>327.000</ele>
      </trkpt>
      <trkpt lat="45.615360000" lon="6.320170000">
        <ele>327.000</ele>
      </trkpt>
      <trkpt lat="45.615450000" lon="6.320570000">
        <ele>328.000</ele>
      </trkpt>
      <trkpt lat="45.615530000" lon="6.321030000">
        <ele>328.000</ele>
      </trkpt>
      <trkpt lat="45.615590000" lon="6.322140000">
        <ele>329.000</ele>
      </trkpt>
      <trkpt lat="45.615600000" lon="6.322370000">
        <ele>331.000</ele>
      </trkpt>
      <trkpt lat="45.615620000" lon="6.322590000">
        <ele>332.000</ele>
      </trkpt>
      <trkpt lat="45.615660000" lon="6.323150000">
        <ele>333.000</ele>
      </trkpt>
      <trkpt lat="45.615660000" lon="6.323200000">
        <ele>334.000</ele>
      </trkpt>
      <trkpt lat="45.615670000" lon="6.323360000">
        <ele>335.000</ele>
      </trkpt>
      <trkpt lat="45.615710000" lon="6.323990000">
        <ele>336.000</ele>
      </trkpt>
      <trkpt lat="45.615750000" lon="6.324400000">
        <ele>337.000</ele>
      </trkpt>
      <trkpt lat="45.615760000" lon="6.324510000">
        <ele>337.000</ele>
      </trkpt>
      <trkpt lat="45.615760000" lon="6.324630000">
        <ele>337.000</ele>
      </trkpt>
      <trkpt lat="45.615770000" lon="6.324700000">
        <ele>337.000</ele>
      </trkpt>
      <trkpt lat="45.615770000" lon="6.324740000">
        <ele>337.000</ele>
      </trkpt>
      <trkpt lat="45.615780000" lon="6.324830000">
        <ele>337.000</ele>
      </trkpt>
      <trkpt lat="45.615860000" lon="6.325890000">
        <ele>336.000</ele>
      </trkpt>
      <trkpt lat="45.615900000" lon="6.326480000">
        <ele>335.000</ele>
      </trkpt>
      <trkpt lat="45.615910000" lon="6.326630000">
        <ele>335.000</ele>
      </trkpt>
      <trkpt lat="45.615930000" lon="6.326870000">
        <ele>334.000</ele>
      </trkpt>
      <trkpt lat="45.615960000" lon="6.327030000">
        <ele>333.000</ele>
      </trkpt>
      <trkpt lat="45.615970000" lon="6.327080000">
        <ele>333.000</ele>
      </trkpt>
      <trkpt lat="45.616040000" lon="6.327290000">
        <ele>332.000</ele>
      </trkpt>
      <trkpt lat="45.616110000" lon="6.327470000">
        <ele>331.000</ele>
      </trkpt>
      <trkpt lat="45.616230000" lon="6.327720000">
        <ele>331.000</ele>
      </trkpt>
      <trkpt lat="45.616730000" lon="6.328570000">
        <ele>329.000</ele>
      </trkpt>
      <trkpt lat="45.617220000" lon="6.329400000">
        <ele>326.000</ele>
      </trkpt>
      <trkpt lat="45.617330000" lon="6.329670000">
        <ele>324.000</ele>
      </trkpt>
      <trkpt lat="45.617430000" lon="6.329980000">
        <ele>323.000</ele>
      </trkpt>
      <trkpt lat="45.617510000" lon="6.330230000">
        <ele>322.000</ele>
      </trkpt>
      <trkpt lat="45.617740000" lon="6.330960000">
        <ele>321.000</ele>
      </trkpt>
      <trkpt lat="45.617940000" lon="6.331510000">
        <ele>321.000</ele>
      </trkpt>
      <trkpt lat="45.618000000" lon="6.331670000">
        <ele>320.000</ele>
      </trkpt>
      <trkpt lat="45.618000000" lon="6.331670000">
        <ele>320.000</ele>
      </trkpt>
      <trkpt lat="45.618090000" lon="6.331890000">
        <ele>320.000</ele>
      </trkpt>
      <trkpt lat="45.618260000" lon="6.332210000">
        <ele>320.000</ele>
      </trkpt>
      <trkpt lat="45.618390000" lon="6.332420000">
        <ele>320.000</ele>
      </trkpt>
      <trkpt lat="45.618600000" lon="6.332700000">
        <ele>320.000</ele>
      </trkpt>
      <trkpt lat="45.618890000" lon="6.332980000">
        <ele>320.000</ele>
      </trkpt>
      <trkpt lat="45.619410000" lon="6.333380000">
        <ele>320.000</ele>
      </trkpt>
      <trkpt lat="45.619770000" lon="6.333660000">
        <ele>320.000</ele>
      </trkpt>
      <trkpt lat="45.620980000" lon="6.334610000">
        <ele>323.000</ele>
      </trkpt>
      <trkpt lat="45.621020000" lon="6.334640000">
        <ele>325.000</ele>
      </trkpt>
      <trkpt lat="45.621180000" lon="6.334780000">
        <ele>327.000</ele>
      </trkpt>
      <trkpt lat="45.621430000" lon="6.334970000">
        <ele>328.000</ele>
      </trkpt>
      <trkpt lat="45.621480000" lon="6.335010000">
        <ele>329.000</ele>
      </trkpt>
      <trkpt lat="45.621550000" lon="6.335060000">
        <ele>330.000</ele>
      </trkpt>
      <trkpt lat="45.621580000" lon="6.335080000">
        <ele>330.000</ele>
      </trkpt>
      <trkpt lat="45.621630000" lon="6.335120000">
        <ele>331.000</ele>
      </trkpt>
      <trkpt lat="45.621730000" lon="6.335230000">
        <ele>331.000</ele>
      </trkpt>
      <trkpt lat="45.621750000" lon="6.335250000">
        <ele>331.000</ele>
      </trkpt>
      <trkpt lat="45.621840000" lon="6.335340000">
        <ele>331.000</ele>
      </trkpt>
      <trkpt lat="45.621950000" lon="6.335520000">
        <ele>330.000</ele>
      </trkpt>
      <trkpt lat="45.622040000" lon="6.335700000">
        <ele>330.000</ele>
      </trkpt>
      <trkpt lat="45.622150000" lon="6.335940000">
        <ele>330.000</ele>
      </trkpt>
      <trkpt lat="45.622320000" lon="6.336310000">
        <ele>330.000</ele>
      </trkpt>
      <trkpt lat="45.622420000" lon="6.336570000">
        <ele>329.000</ele>
      </trkpt>
      <trkpt lat="45.622930000" lon="6.337780000">
        <ele>328.000</ele>
      </trkpt>
      <trkpt lat="45.622950000" lon="6.337830000">
        <ele>328.000</ele>
      </trkpt>
      <trkpt lat="45.623120000" lon="6.338240000">
        <ele>327.000</ele>
      </trkpt>
      <trkpt lat="45.623250000" lon="6.338550000">
        <ele>327.000</ele>
      </trkpt>
      <trkpt lat="45.623660000" lon="6.339530000">
        <ele>327.000</ele>
      </trkpt>
      <trkpt lat="45.623810000" lon="6.339810000">
        <ele>327.000</ele>
      </trkpt>
      <trkpt lat="45.624000000" lon="6.340070000">
        <ele>327.000</ele>
      </trkpt>
      <trkpt lat="45.624240000" lon="6.340320000">
        <ele>328.000</ele>
      </trkpt>
      <trkpt lat="45.624490000" lon="6.340540000">
        <ele>328.000</ele>
      </trkpt>
      <trkpt lat="45.624790000" lon="6.340810000">
        <ele>329.000</ele>
      </trkpt>
      <trkpt lat="45.624850000" lon="6.340850000">
        <ele>329.000</ele>
      </trkpt>
      <trkpt lat="45.624880000" lon="6.340890000">
        <ele>329.000</ele>
      </trkpt>
      <trkpt lat="45.624950000" lon="6.340950000">
        <ele>329.000</ele>
      </trkpt>
      <trkpt lat="45.624980000" lon="6.340970000">
        <ele>330.000</ele>
      </trkpt>
      <trkpt lat="45.624990000" lon="6.340990000">
        <ele>330.000</ele>
      </trkpt>
      <trkpt lat="45.625020000" lon="6.341010000">
        <ele>330.000</ele>
      </trkpt>
      <trkpt lat="45.625050000" lon="6.341040000">
        <ele>330.000</ele>
      </trkpt>
      <trkpt lat="45.625080000" lon="6.341070000">
        <ele>330.000</ele>
      </trkpt>
      <trkpt lat="45.625140000" lon="6.341120000">
        <ele>330.000</ele>
      </trkpt>
      <trkpt lat="45.625250000" lon="6.341200000">
        <ele>330.000</ele>
      </trkpt>
      <trkpt lat="45.625410000" lon="6.341300000">
        <ele>331.000</ele>
      </trkpt>
      <trkpt lat="45.625580000" lon="6.341390000">
        <ele>331.000</ele>
      </trkpt>
      <trkpt lat="45.626280000" lon="6.341730000">
        <ele>331.000</ele>
      </trkpt>
      <trkpt lat="45.626850000" lon="6.342000000">
        <ele>330.000</ele>
      </trkpt>
      <trkpt lat="45.626910000" lon="6.342030000">
        <ele>329.000</ele>
      </trkpt>
      <trkpt lat="45.628700000" lon="6.342900000">
        <ele>328.000</ele>
      </trkpt>
      <trkpt lat="45.628900000" lon="6.343000000">
        <ele>327.000</ele>
      </trkpt>
      <trkpt lat="45.629420000" lon="6.343250000">
        <ele>325.000</ele>
      </trkpt>
      <trkpt lat="45.629640000" lon="6.343370000">
        <ele>324.000</ele>
      </trkpt>
      <trkpt lat="45.629760000" lon="6.343470000">
        <ele>323.000</ele>
      </trkpt>
      <trkpt lat="45.629780000" lon="6.343490000">
        <ele>323.000</ele>
      </trkpt>
      <trkpt lat="45.629840000" lon="6.343550000">
        <ele>322.000</ele>
      </trkpt>
      <trkpt lat="45.629870000" lon="6.343590000">
        <ele>322.000</ele>
      </trkpt>
      <trkpt lat="45.629880000" lon="6.343610000">
        <ele>322.000</ele>
      </trkpt>
      <trkpt lat="45.629940000" lon="6.343690000">
        <ele>322.000</ele>
      </trkpt>
      <trkpt lat="45.630000000" lon="6.343800000">
        <ele>321.000</ele>
      </trkpt>
      <trkpt lat="45.630140000" lon="6.344060000">
        <ele>321.000</ele>
      </trkpt>
      <trkpt lat="45.630360000" lon="6.344460000">
        <ele>321.000</ele>
      </trkpt>
      <trkpt lat="45.630540000" lon="6.344790000">
        <ele>320.000</ele>
      </trkpt>
      <trkpt lat="45.630680000" lon="6.345040000">
        <ele>320.000</ele>
      </trkpt>
      <trkpt lat="45.630810000" lon="6.345220000">
        <ele>321.000</ele>
      </trkpt>
      <trkpt lat="45.630950000" lon="6.345360000">
        <ele>321.000</ele>
      </trkpt>
      <trkpt lat="45.631060000" lon="6.345450000">
        <ele>321.000</ele>
      </trkpt>
      <trkpt lat="45.631190000" lon="6.345530000">
        <ele>321.000</ele>
      </trkpt>
      <trkpt lat="45.631860000" lon="6.345780000">
        <ele>322.000</ele>
      </trkpt>
      <trkpt lat="45.632010000" lon="6.345860000">
        <ele>323.000</ele>
      </trkpt>
      <trkpt lat="45.632160000" lon="6.345950000">
        <ele>323.000</ele>
      </trkpt>
      <trkpt lat="45.632280000" lon="6.346040000">
        <ele>323.000</ele>
      </trkpt>
      <trkpt lat="45.632350000" lon="6.346120000">
        <ele>323.000</ele>
      </trkpt>
      <trkpt lat="45.632520000" lon="6.346340000">
        <ele>323.000</ele>
      </trkpt>
      <trkpt lat="45.632670000" lon="6.346640000">
        <ele>323.000</ele>
      </trkpt>
      <trkpt lat="45.632770000" lon="6.346970000">
        <ele>323.000</ele>
      </trkpt>
      <trkpt lat="45.632840000" lon="6.347410000">
        <ele>323.000</ele>
      </trkpt>
      <trkpt lat="45.633030000" lon="6.348890000">
        <ele>323.000</ele>
      </trkpt>
      <trkpt lat="45.633070000" lon="6.349200000">
        <ele>323.000</ele>
      </trkpt>
      <trkpt lat="45.633190000" lon="6.350200000">
        <ele>323.000</ele>
      </trkpt>
      <trkpt lat="45.633230000" lon="6.350550000">
        <ele>322.000</ele>
      </trkpt>
      <trkpt lat="45.633270000" lon="6.350780000">
        <ele>322.000</ele>
      </trkpt>
      <trkpt lat="45.633350000" lon="6.351080000">
        <ele>321.000</ele>
      </trkpt>
      <trkpt lat="45.633420000" lon="6.351290000">
        <ele>321.000</ele>
      </trkpt>
      <trkpt lat="45.633490000" lon="6.351450000">
        <ele>320.000</ele>
      </trkpt>
      <trkpt lat="45.633590000" lon="6.351630000">
        <ele>320.000</ele>
      </trkpt>
      <trkpt lat="45.633690000" lon="6.351800000">
        <ele>320.000</ele>
      </trkpt>
      <trkpt lat="45.633810000" lon="6.351980000">
        <ele>320.000</ele>
      </trkpt>
      <trkpt lat="45.633830000" lon="6.352010000">
        <ele>320.000</ele>
      </trkpt>
      <trkpt lat="45.633860000" lon="6.352060000">
        <ele>320.000</ele>
      </trkpt>
      <trkpt lat="45.633920000" lon="6.352130000">
        <ele>320.000</ele>
      </trkpt>
      <trkpt lat="45.633940000" lon="6.352170000">
        <ele>320.000</ele>
      </trkpt>
      <trkpt lat="45.635090000" lon="6.353770000">
        <ele>321.000</ele>
      </trkpt>
      <trkpt lat="45.635330000" lon="6.354140000">
        <ele>321.000</ele>
      </trkpt>
      <trkpt lat="45.635410000" lon="6.354290000">
        <ele>321.000</ele>
      </trkpt>
      <trkpt lat="45.635610000" lon="6.354520000">
        <ele>321.000</ele>
      </trkpt>
      <trkpt lat="45.635980000" lon="6.355040000">
        <ele>321.000</ele>
      </trkpt>
      <trkpt lat="45.636160000" lon="6.355290000">
        <ele>321.000</ele>
      </trkpt>
      <trkpt lat="45.636230000" lon="6.355410000">
        <ele>321.000</ele>
      </trkpt>
      <trkpt lat="45.636440000" lon="6.355690000">
        <ele>321.000</ele>
      </trkpt>
      <trkpt lat="45.636560000" lon="6.355860000">
        <ele>321.000</ele>
      </trkpt>
      <trkpt lat="45.637030000" lon="6.356540000">
        <ele>321.000</ele>
      </trkpt>
      <trkpt lat="45.637300000" lon="6.356910000">
        <ele>321.000</ele>
      </trkpt>
      <trkpt lat="45.637480000" lon="6.357170000">
        <ele>322.000</ele>
      </trkpt>
      <trkpt lat="45.637920000" lon="6.357790000">
        <ele>322.000</ele>
      </trkpt>
      <trkpt lat="45.637990000" lon="6.357910000">
        <ele>323.000</ele>
      </trkpt>
      <trkpt lat="45.638120000" lon="6.358100000">
        <ele>323.000</ele>
      </trkpt>
      <trkpt lat="45.638530000" lon="6.358680000">
        <ele>323.000</ele>
      </trkpt>
      <trkpt lat="45.639530000" lon="6.360110000">
        <ele>323.000</ele>
      </trkpt>
      <trkpt lat="45.639610000" lon="6.360220000">
        <ele>323.000</ele>
      </trkpt>
      <trkpt lat="45.639680000" lon="6.360320000">
        <ele>323.000</ele>
      </trkpt>
      <trkpt lat="45.639910000" lon="6.360620000">
        <ele>323.000</ele>
      </trkpt>
      <trkpt lat="45.641060000" lon="6.362380000">
        <ele>323.000</ele>
      </trkpt>
      <trkpt lat="45.641280000" lon="6.362720000">
        <ele>324.000</ele>
      </trkpt>
      <trkpt lat="45.641360000" lon="6.362850000">
        <ele>324.000</ele>
      </trkpt>
      <trkpt lat="45.642050000" lon="6.363950000">
        <ele>324.000</ele>
      </trkpt>
      <trkpt lat="45.642100000" lon="6.364040000">
        <ele>324.000</ele>
      </trkpt>
      <trkpt lat="45.642190000" lon="6.364180000">
        <ele>324.000</ele>
      </trkpt>
      <trkpt lat="45.642200000" lon="6.364200000">
        <ele>324.000</ele>
      </trkpt>
      <trkpt lat="45.642300000" lon="6.364340000">
        <ele>324.000</ele>
      </trkpt>
      <trkpt lat="45.642390000" lon="6.364590000">
        <ele>324.000</ele>
      </trkpt>
      <trkpt lat="45.642410000" lon="6.364640000">
        <ele>324.000</ele>
      </trkpt>
      <trkpt lat="45.642410000" lon="6.364690000">
        <ele>324.000</ele>
      </trkpt>
      <trkpt lat="45.642410000" lon="6.364740000">
        <ele>324.000</ele>
      </trkpt>
      <trkpt lat="45.642420000" lon="6.364780000">
        <ele>324.000</ele>
      </trkpt>
      <trkpt lat="45.642440000" lon="6.364810000">
        <ele>324.000</ele>
      </trkpt>
      <trkpt lat="45.642460000" lon="6.364840000">
        <ele>324.000</ele>
      </trkpt>
      <trkpt lat="45.642490000" lon="6.364860000">
        <ele>324.000</ele>
      </trkpt>
      <trkpt lat="45.642530000" lon="6.364870000">
        <ele>324.000</ele>
      </trkpt>
      <trkpt lat="45.642690000" lon="6.365050000">
        <ele>324.000</ele>
      </trkpt>
      <trkpt lat="45.642840000" lon="6.365330000">
        <ele>324.000</ele>
      </trkpt>
      <trkpt lat="45.642920000" lon="6.365470000">
        <ele>324.000</ele>
      </trkpt>
      <trkpt lat="45.643220000" lon="6.366000000">
        <ele>324.000</ele>
      </trkpt>
      <trkpt lat="45.643640000" lon="6.366750000">
        <ele>324.000</ele>
      </trkpt>
      <trkpt lat="45.644080000" lon="6.367530000">
        <ele>324.000</ele>
      </trkpt>
      <trkpt lat="45.644200000" lon="6.367750000">
        <ele>324.000</ele>
      </trkpt>
      <trkpt lat="45.644260000" lon="6.367840000">
        <ele>324.000</ele>
      </trkpt>
      <trkpt lat="45.644610000" lon="6.368470000">
        <ele>324.000</ele>
      </trkpt>
      <trkpt lat="45.644660000" lon="6.368540000">
        <ele>324.000</ele>
      </trkpt>
      <trkpt lat="45.644700000" lon="6.368630000">
        <ele>324.000</ele>
      </trkpt>
      <trkpt lat="45.644710000" lon="6.368650000">
        <ele>324.000</ele>
      </trkpt>
      <trkpt lat="45.644760000" lon="6.368720000">
        <ele>324.000</ele>
      </trkpt>
      <trkpt lat="45.644820000" lon="6.368820000">
        <ele>324.000</ele>
      </trkpt>
      <trkpt lat="45.644900000" lon="6.368950000">
        <ele>325.000</ele>
      </trkpt>
      <trkpt lat="45.644960000" lon="6.369050000">
        <ele>325.000</ele>
      </trkpt>
      <trkpt lat="45.645350000" lon="6.369720000">
        <ele>325.000</ele>
      </trkpt>
      <trkpt lat="45.645710000" lon="6.370300000">
        <ele>325.000</ele>
      </trkpt>
      <trkpt lat="45.645760000" lon="6.370390000">
        <ele>325.000</ele>
      </trkpt>
      <trkpt lat="45.645890000" lon="6.370590000">
        <ele>326.000</ele>
      </trkpt>
      <trkpt lat="45.646080000" lon="6.370890000">
        <ele>326.000</ele>
      </trkpt>
      <trkpt lat="45.646550000" lon="6.371660000">
        <ele>326.000</ele>
      </trkpt>
      <trkpt lat="45.646760000" lon="6.371960000">
        <ele>327.000</ele>
      </trkpt>
      <trkpt lat="45.646890000" lon="6.372150000">
        <ele>327.000</ele>
      </trkpt>
      <trkpt lat="45.646930000" lon="6.372210000">
        <ele>327.000</ele>
      </trkpt>
      <trkpt lat="45.646990000" lon="6.372290000">
        <ele>327.000</ele>
      </trkpt>
      <trkpt lat="45.647100000" lon="6.372440000">
        <ele>327.000</ele>
      </trkpt>
      <trkpt lat="45.647220000" lon="6.372560000">
        <ele>327.000</ele>
      </trkpt>
      <trkpt lat="45.647350000" lon="6.372730000">
        <ele>327.000</ele>
      </trkpt>
      <trkpt lat="45.647540000" lon="6.372980000">
        <ele>327.000</ele>
      </trkpt>
      <trkpt lat="45.647580000" lon="6.373040000">
        <ele>327.000</ele>
      </trkpt>
      <trkpt lat="45.647660000" lon="6.373150000">
        <ele>327.000</ele>
      </trkpt>
      <trkpt lat="45.647800000" lon="6.373340000">
        <ele>327.000</ele>
      </trkpt>
      <trkpt lat="45.647890000" lon="6.373460000">
        <ele>327.000</ele>
      </trkpt>
      <trkpt lat="45.648040000" lon="6.373690000">
        <ele>327.000</ele>
      </trkpt>
      <trkpt lat="45.648120000" lon="6.373800000">
        <ele>327.000</ele>
      </trkpt>
      <trkpt lat="45.648230000" lon="6.373970000">
        <ele>327.000</ele>
      </trkpt>
      <trkpt lat="45.648540000" lon="6.374380000">
        <ele>327.000</ele>
      </trkpt>
      <trkpt lat="45.648580000" lon="6.374430000">
        <ele>327.000</ele>
      </trkpt>
      <trkpt lat="45.648750000" lon="6.374650000">
        <ele>327.000</ele>
      </trkpt>
      <trkpt lat="45.648820000" lon="6.374750000">
        <ele>328.000</ele>
      </trkpt>
      <trkpt lat="45.649200000" lon="6.375250000">
        <ele>328.000</ele>
      </trkpt>
      <trkpt lat="45.649280000" lon="6.375390000">
        <ele>328.000</ele>
      </trkpt>
      <trkpt lat="45.649460000" lon="6.375600000">
        <ele>328.000</ele>
      </trkpt>
      <trkpt lat="45.649500000" lon="6.375630000">
        <ele>328.000</ele>
      </trkpt>
      <trkpt lat="45.649700000" lon="6.375660000">
        <ele>328.000</ele>
      </trkpt>
      <trkpt lat="45.649730000" lon="6.375680000">
        <ele>329.000</ele>
      </trkpt>
      <trkpt lat="45.649780000" lon="6.375730000">
        <ele>329.000</ele>
      </trkpt>
      <trkpt lat="45.649830000" lon="6.375810000">
        <ele>329.000</ele>
      </trkpt>
      <trkpt lat="45.649880000" lon="6.375920000">
        <ele>329.000</ele>
      </trkpt>
      <trkpt lat="45.649900000" lon="6.376020000">
        <ele>329.000</ele>
      </trkpt>
      <trkpt lat="45.649930000" lon="6.376140000">
        <ele>329.000</ele>
      </trkpt>
      <trkpt lat="45.649960000" lon="6.376240000">
        <ele>329.000</ele>
      </trkpt>
      <trkpt lat="45.649990000" lon="6.376310000">
        <ele>329.000</ele>
      </trkpt>
      <trkpt lat="45.650050000" lon="6.376390000">
        <ele>329.000</ele>
      </trkpt>
      <trkpt lat="45.650070000" lon="6.376420000">
        <ele>329.000</ele>
      </trkpt>
      <trkpt lat="45.650150000" lon="6.376540000">
        <ele>329.000</ele>
      </trkpt>
      <trkpt lat="45.650560000" lon="6.377090000">
        <ele>329.000</ele>
      </trkpt>
      <trkpt lat="45.650660000" lon="6.377230000">
        <ele>329.000</ele>
      </trkpt>
      <trkpt lat="45.650730000" lon="6.377320000">
        <ele>329.000</ele>
      </trkpt>
      <trkpt lat="45.650960000" lon="6.377620000">
        <ele>329.000</ele>
      </trkpt>
      <trkpt lat="45.651150000" lon="6.377880000">
        <ele>329.000</ele>
      </trkpt>
      <trkpt lat="45.652270000" lon="6.379380000">
        <ele>329.000</ele>
      </trkpt>
      <trkpt lat="45.653800000" lon="6.381400000">
        <ele>330.000</ele>
      </trkpt>
      <trkpt lat="45.653860000" lon="6.381480000">
        <ele>330.000</ele>
      </trkpt>
      <trkpt lat="45.654160000" lon="6.381890000">
        <ele>330.000</ele>
      </trkpt>
      <trkpt lat="45.654160000" lon="6.381890000">
        <ele>331.000</ele>
      </trkpt>
      <trkpt lat="45.654210000" lon="6.381960000">
        <ele>331.000</ele>
      </trkpt>
      <trkpt lat="45.654540000" lon="6.382430000">
        <ele>331.000</ele>
      </trkpt>
      <trkpt lat="45.654620000" lon="6.382540000">
        <ele>331.000</ele>
      </trkpt>
      <trkpt lat="45.654880000" lon="6.382850000">
        <ele>332.000</ele>
      </trkpt>
      <trkpt lat="45.654990000" lon="6.383010000">
        <ele>332.000</ele>
      </trkpt>
      <trkpt lat="45.655510000" lon="6.383600000">
        <ele>333.000</ele>
      </trkpt>
      <trkpt lat="45.656640000" lon="6.384950000">
        <ele>334.000</ele>
      </trkpt>
      <trkpt lat="45.656720000" lon="6.385060000">
        <ele>336.000</ele>
      </trkpt>
      <trkpt lat="45.656770000" lon="6.385120000">
        <ele>337.000</ele>
      </trkpt>
      <trkpt lat="45.656900000" lon="6.385290000">
        <ele>338.000</ele>
      </trkpt>
      <trkpt lat="45.657000000" lon="6.385430000">
        <ele>338.000</ele>
      </trkpt>
      <trkpt lat="45.657290000" lon="6.385790000">
        <ele>338.000</ele>
      </trkpt>
      <trkpt lat="45.657540000" lon="6.386040000">
        <ele>338.000</ele>
      </trkpt>
      <trkpt lat="45.657740000" lon="6.386230000">
        <ele>337.000</ele>
      </trkpt>
      <trkpt lat="45.657790000" lon="6.386250000">
        <ele>337.000</ele>
      </trkpt>
      <trkpt lat="45.657840000" lon="6.386260000">
        <ele>337.000</ele>
      </trkpt>
      <trkpt lat="45.657880000" lon="6.386260000">
        <ele>337.000</ele>
      </trkpt>
      <trkpt lat="45.657910000" lon="6.386250000">
        <ele>336.000</ele>
      </trkpt>
      <trkpt lat="45.657930000" lon="6.386240000">
        <ele>336.000</ele>
      </trkpt>
      <trkpt lat="45.658000000" lon="6.386190000">
        <ele>336.000</ele>
      </trkpt>
      <trkpt lat="45.658680000" lon="6.385420000">
        <ele>335.000</ele>
      </trkpt>
      <trkpt lat="45.658730000" lon="6.385390000">
        <ele>335.000</ele>
      </trkpt>
      <trkpt lat="45.658790000" lon="6.385370000">
        <ele>334.000</ele>
      </trkpt>
      <trkpt lat="45.658850000" lon="6.385370000">
        <ele>334.000</ele>
      </trkpt>
      <trkpt lat="45.658910000" lon="6.385380000">
        <ele>334.000</ele>
      </trkpt>
      <trkpt lat="45.658950000" lon="6.385410000">
        <ele>334.000</ele>
      </trkpt>
      <trkpt lat="45.659000000" lon="6.385470000">
        <ele>334.000</ele>
      </trkpt>
      <trkpt lat="45.659050000" lon="6.385550000">
        <ele>334.000</ele>
      </trkpt>
      <trkpt lat="45.659210000" lon="6.385930000">
        <ele>334.000</ele>
      </trkpt>
      <trkpt lat="45.659230000" lon="6.385980000">
        <ele>334.000</ele>
      </trkpt>
      <trkpt lat="45.659380000" lon="6.386320000">
        <ele>334.000</ele>
      </trkpt>
      <trkpt lat="45.659570000" lon="6.386630000">
        <ele>334.000</ele>
      </trkpt>
      <trkpt lat="45.659630000" lon="6.386710000">
        <ele>334.000</ele>
      </trkpt>
      <trkpt lat="45.659680000" lon="6.386770000">
        <ele>334.000</ele>
      </trkpt>
      <trkpt lat="45.659730000" lon="6.386830000">
        <ele>334.000</ele>
      </trkpt>
      <trkpt lat="45.659810000" lon="6.386900000">
        <ele>334.000</ele>
      </trkpt>
      <trkpt lat="45.659890000" lon="6.386980000">
        <ele>334.000</ele>
      </trkpt>
      <trkpt lat="45.660040000" lon="6.387110000">
        <ele>334.000</ele>
      </trkpt>
      <trkpt lat="45.660670000" lon="6.387590000">
        <ele>334.000</ele>
      </trkpt>
      <trkpt lat="45.660900000" lon="6.387740000">
        <ele>334.000</ele>
      </trkpt>
      <trkpt lat="45.661070000" lon="6.387820000">
        <ele>334.000</ele>
      </trkpt>
      <trkpt lat="45.661250000" lon="6.387890000">
        <ele>334.000</ele>
      </trkpt>
      <trkpt lat="45.661420000" lon="6.387950000">
        <ele>335.000</ele>
      </trkpt>
      <trkpt lat="45.661520000" lon="6.387980000">
        <ele>335.000</ele>
      </trkpt>
      <trkpt lat="45.661640000" lon="6.387970000">
        <ele>335.000</ele>
      </trkpt>
      <trkpt lat="45.661740000" lon="6.387960000">
        <ele>335.000</ele>
      </trkpt>
      <trkpt lat="45.661920000" lon="6.387930000">
        <ele>335.000</ele>
      </trkpt>
      <trkpt lat="45.662020000" lon="6.387940000">
        <ele>336.000</ele>
      </trkpt>
      <trkpt lat="45.662180000" lon="6.387910000">
        <ele>336.000</ele>
      </trkpt>
      <trkpt lat="45.662260000" lon="6.387910000">
        <ele>336.000</ele>
      </trkpt>
      <trkpt lat="45.662300000" lon="6.387920000">
        <ele>336.000</ele>
      </trkpt>
      <trkpt lat="45.662350000" lon="6.387950000">
        <ele>336.000</ele>
      </trkpt>
      <trkpt lat="45.662390000" lon="6.388050000">
        <ele>336.000</ele>
      </trkpt>
      <trkpt lat="45.662470000" lon="6.388150000">
        <ele>336.000</ele>
      </trkpt>
      <trkpt lat="45.662540000" lon="6.388200000">
        <ele>336.000</ele>
      </trkpt>
      <trkpt lat="45.662620000" lon="6.388230000">
        <ele>336.000</ele>
      </trkpt>
      <trkpt lat="45.662690000" lon="6.388230000">
        <ele>336.000</ele>
      </trkpt>
      <trkpt lat="45.662750000" lon="6.388220000">
        <ele>337.000</ele>
      </trkpt>
      <trkpt lat="45.662960000" lon="6.388160000">
        <ele>337.000</ele>
      </trkpt>
      <trkpt lat="45.663020000" lon="6.388130000">
        <ele>337.000</ele>
      </trkpt>
      <trkpt lat="45.663070000" lon="6.388090000">
        <ele>337.000</ele>
      </trkpt>
      <trkpt lat="45.663130000" lon="6.388020000">
        <ele>337.000</ele>
      </trkpt>
      <trkpt lat="45.663210000" lon="6.388010000">
        <ele>337.000</ele>
      </trkpt>
      <trkpt lat="45.663260000" lon="6.388010000">
        <ele>337.000</ele>
      </trkpt>
      <trkpt lat="45.663330000" lon="6.388020000">
        <ele>337.000</ele>
      </trkpt>
      <trkpt lat="45.663390000" lon="6.388050000">
        <ele>337.000</ele>
      </trkpt>
      <trkpt lat="45.663430000" lon="6.388080000">
        <ele>337.000</ele>
      </trkpt>
      <trkpt lat="45.663450000" lon="6.388110000">
        <ele>337.000</ele>
      </trkpt>
      <trkpt lat="45.663480000" lon="6.388140000">
        <ele>337.000</ele>
      </trkpt>
      <trkpt lat="45.663650000" lon="6.388400000">
        <ele>337.000</ele>
      </trkpt>
      <trkpt lat="45.663910000" lon="6.388720000">
        <ele>337.000</ele>
      </trkpt>
      <trkpt lat="45.664070000" lon="6.388860000">
        <ele>337.000</ele>
      </trkpt>
      <trkpt lat="45.664210000" lon="6.388960000">
        <ele>337.000</ele>
      </trkpt>
      <trkpt lat="45.664280000" lon="6.389000000">
        <ele>337.000</ele>
      </trkpt>
      <trkpt lat="45.664360000" lon="6.389050000">
        <ele>336.000</ele>
      </trkpt>
      <trkpt lat="45.664500000" lon="6.389110000">
        <ele>336.000</ele>
      </trkpt>
      <trkpt lat="45.664670000" lon="6.389180000">
        <ele>336.000</ele>
      </trkpt>
      <trkpt lat="45.664750000" lon="6.389230000">
        <ele>336.000</ele>
      </trkpt>
      <trkpt lat="45.664800000" lon="6.389270000">
        <ele>336.000</ele>
      </trkpt>
      <trkpt lat="45.664850000" lon="6.389310000">
        <ele>336.000</ele>
      </trkpt>
      <trkpt lat="45.664870000" lon="6.389340000">
        <ele>336.000</ele>
      </trkpt>
      <trkpt lat="45.664890000" lon="6.389370000">
        <ele>336.000</ele>
      </trkpt>
      <trkpt lat="45.664910000" lon="6.389420000">
        <ele>336.000</ele>
      </trkpt>
      <trkpt lat="45.664910000" lon="6.389490000">
        <ele>336.000</ele>
      </trkpt>
      <trkpt lat="45.664920000" lon="6.389560000">
        <ele>336.000</ele>
      </trkpt>
      <trkpt lat="45.664930000" lon="6.389620000">
        <ele>336.000</ele>
      </trkpt>
      <trkpt lat="45.664950000" lon="6.389660000">
        <ele>336.000</ele>
      </trkpt>
      <trkpt lat="45.664970000" lon="6.389720000">
        <ele>336.000</ele>
      </trkpt>
      <trkpt lat="45.665000000" lon="6.389760000">
        <ele>336.000</ele>
      </trkpt>
      <trkpt lat="45.665030000" lon="6.389790000">
        <ele>336.000</ele>
      </trkpt>
      <trkpt lat="45.665060000" lon="6.389930000">
        <ele>336.000</ele>
      </trkpt>
      <trkpt lat="45.665060000" lon="6.389970000">
        <ele>336.000</ele>
      </trkpt>
      <trkpt lat="45.665050000" lon="6.390270000">
        <ele>336.000</ele>
      </trkpt>
      <trkpt lat="45.665050000" lon="6.390390000">
        <ele>336.000</ele>
      </trkpt>
      <trkpt lat="45.665070000" lon="6.390480000">
        <ele>336.000</ele>
      </trkpt>
      <trkpt lat="45.665090000" lon="6.390550000">
        <ele>336.000</ele>
      </trkpt>
      <trkpt lat="45.665120000" lon="6.390620000">
        <ele>336.000</ele>
      </trkpt>
      <trkpt lat="45.665170000" lon="6.390700000">
        <ele>336.000</ele>
      </trkpt>
      <trkpt lat="45.665230000" lon="6.390760000">
        <ele>336.000</ele>
      </trkpt>
      <trkpt lat="45.665280000" lon="6.390800000">
        <ele>336.000</ele>
      </trkpt>
      <trkpt lat="45.665350000" lon="6.390830000">
        <ele>336.000</ele>
      </trkpt>
      <trkpt lat="45.665440000" lon="6.390870000">
        <ele>336.000</ele>
      </trkpt>
      <trkpt lat="45.665650000" lon="6.390930000">
        <ele>336.000</ele>
      </trkpt>
      <trkpt lat="45.666030000" lon="6.391000000">
        <ele>336.000</ele>
      </trkpt>
      <trkpt lat="45.666270000" lon="6.391060000">
        <ele>336.000</ele>
      </trkpt>
      <trkpt lat="45.666690000" lon="6.391170000">
        <ele>337.000</ele>
      </trkpt>
      <trkpt lat="45.667120000" lon="6.391260000">
        <ele>337.000</ele>
      </trkpt>
      <trkpt lat="45.667560000" lon="6.391340000">
        <ele>338.000</ele>
      </trkpt>
      <trkpt lat="45.668000000" lon="6.391410000">
        <ele>338.000</ele>
      </trkpt>
      <trkpt lat="45.668270000" lon="6.391460000">
        <ele>339.000</ele>
      </trkpt>
      <trkpt lat="45.668540000" lon="6.391520000">
        <ele>339.000</ele>
      </trkpt>
      <trkpt lat="45.668710000" lon="6.391570000">
        <ele>339.000</ele>
      </trkpt>
      <trkpt lat="45.668880000" lon="6.391640000">
        <ele>339.000</ele>
      </trkpt>
      <trkpt lat="45.669230000" lon="6.391770000">
        <ele>339.000</ele>
      </trkpt>
      <trkpt lat="45.669740000" lon="6.391990000">
        <ele>339.000</ele>
      </trkpt>
      <trkpt lat="45.669990000" lon="6.392100000">
        <ele>339.000</ele>
      </trkpt>
      <trkpt lat="45.670260000" lon="6.392180000">
        <ele>339.000</ele>
      </trkpt>
      <trkpt lat="45.671390000" lon="6.392510000">
        <ele>340.000</ele>
      </trkpt>
      <trkpt lat="45.672320000" lon="6.392780000">
        <ele>342.000</ele>
      </trkpt>
      <trkpt lat="45.672320000" lon="6.392780000">
        <ele>343.000</ele>
      </trkpt>
      <trkpt lat="45.673240000" lon="6.393050000">
        <ele>344.000</ele>
      </trkpt>
      <trkpt lat="45.675080000" lon="6.393580000">
        <ele>344.000</ele>
      </trkpt>
      <trkpt lat="45.675620000" lon="6.393750000">
        <ele>345.000</ele>
      </trkpt>
      <trkpt lat="45.676120000" lon="6.393920000">
        <ele>345.000</ele>
      </trkpt>
      <trkpt lat="45.676420000" lon="6.394020000">
        <ele>346.000</ele>
      </trkpt>
      <trkpt lat="45.676650000" lon="6.394090000">
        <ele>347.000</ele>
      </trkpt>
      <trkpt lat="45.677010000" lon="6.394150000">
        <ele>347.000</ele>
      </trkpt>
      <trkpt lat="45.677370000" lon="6.394210000">
        <ele>347.000</ele>
      </trkpt>
      <trkpt lat="45.677720000" lon="6.394260000">
        <ele>347.000</ele>
      </trkpt>
      <trkpt lat="45.678080000" lon="6.394320000">
        <ele>347.000</ele>
      </trkpt>
      <trkpt lat="45.678390000" lon="6.394380000">
        <ele>347.000</ele>
      </trkpt>
      <trkpt lat="45.678690000" lon="6.394460000">
        <ele>346.000</ele>
      </trkpt>
      <trkpt lat="45.679000000" lon="6.394560000">
        <ele>346.000</ele>
      </trkpt>
      <trkpt lat="45.679300000" lon="6.394660000">
        <ele>345.000</ele>
      </trkpt>
      <trkpt lat="45.679880000" lon="6.394870000">
        <ele>346.000</ele>
      </trkpt>
      <trkpt lat="45.680390000" lon="6.395050000">
        <ele>346.000</ele>
      </trkpt>
      <trkpt lat="45.680640000" lon="6.395110000">
        <ele>346.000</ele>
      </trkpt>
      <trkpt lat="45.680900000" lon="6.395180000">
        <ele>347.000</ele>
      </trkpt>
      <trkpt lat="45.681380000" lon="6.395300000">
        <ele>347.000</ele>
      </trkpt>
      <trkpt lat="45.681710000" lon="6.395370000">
        <ele>347.000</ele>
      </trkpt>
      <trkpt lat="45.681910000" lon="6.395480000">
        <ele>348.000</ele>
      </trkpt>
      <trkpt lat="45.681970000" lon="6.395520000">
        <ele>348.000</ele>
      </trkpt>
      <trkpt lat="45.682010000" lon="6.395550000">
        <ele>348.000</ele>
      </trkpt>
      <trkpt lat="45.682060000" lon="6.395600000">
        <ele>348.000</ele>
      </trkpt>
      <trkpt lat="45.682080000" lon="6.395650000">
        <ele>348.000</ele>
      </trkpt>
      <trkpt lat="45.682120000" lon="6.395690000">
        <ele>348.000</ele>
      </trkpt>
      <trkpt lat="45.682150000" lon="6.395710000">
        <ele>348.000</ele>
      </trkpt>
      <trkpt lat="45.682180000" lon="6.395730000">
        <ele>348.000</ele>
      </trkpt>
      <trkpt lat="45.682210000" lon="6.395740000">
        <ele>348.000</ele>
      </trkpt>
      <trkpt lat="45.682250000" lon="6.395740000">
        <ele>348.000</ele>
      </trkpt>
      <trkpt lat="45.682280000" lon="6.395730000">
        <ele>348.000</ele>
      </trkpt>
      <trkpt lat="45.682300000" lon="6.395720000">
        <ele>348.000</ele>
      </trkpt>
      <trkpt lat="45.682370000" lon="6.395720000">
        <ele>348.000</ele>
      </trkpt>
      <trkpt lat="45.682410000" lon="6.395740000">
        <ele>348.000</ele>
      </trkpt>
      <trkpt lat="45.682440000" lon="6.395750000">
        <ele>348.000</ele>
      </trkpt>
      <trkpt lat="45.682460000" lon="6.395760000">
        <ele>348.000</ele>
      </trkpt>
      <trkpt lat="45.682490000" lon="6.395780000">
        <ele>348.000</ele>
      </trkpt>
      <trkpt lat="45.682720000" lon="6.395950000">
        <ele>348.000</ele>
      </trkpt>
      <trkpt lat="45.683100000" lon="6.396240000">
        <ele>349.000</ele>
      </trkpt>
      <trkpt lat="45.683470000" lon="6.396530000">
        <ele>349.000</ele>
      </trkpt>
      <trkpt lat="45.683900000" lon="6.396850000">
        <ele>349.000</ele>
      </trkpt>
      <trkpt lat="45.684630000" lon="6.397330000">
        <ele>350.000</ele>
      </trkpt>
      <trkpt lat="45.686550000" lon="6.398570000">
        <ele>351.000</ele>
      </trkpt>
      <trkpt lat="45.686550000" lon="6.398570000">
        <ele>351.000</ele>
      </trkpt>
      <trkpt lat="45.686610000" lon="6.398600000">
        <ele>352.000</ele>
      </trkpt>
      <trkpt lat="45.687440000" lon="6.399140000">
        <ele>351.000</ele>
      </trkpt>
      <trkpt lat="45.688270000" lon="6.399670000">
        <ele>351.000</ele>
      </trkpt>
      <trkpt lat="45.689530000" lon="6.400470000">
        <ele>354.000</ele>
      </trkpt>
      <trkpt lat="45.689800000" lon="6.400620000">
        <ele>357.000</ele>
      </trkpt>
      <trkpt lat="45.690070000" lon="6.400770000">
        <ele>360.000</ele>
      </trkpt>
      <trkpt lat="45.690230000" lon="6.400840000">
        <ele>362.000</ele>
      </trkpt>
      <trkpt lat="45.690400000" lon="6.400920000">
        <ele>362.000</ele>
      </trkpt>
      <trkpt lat="45.690850000" lon="6.401110000">
        <ele>362.000</ele>
      </trkpt>
      <trkpt lat="45.691200000" lon="6.401240000">
        <ele>362.000</ele>
      </trkpt>
      <trkpt lat="45.691470000" lon="6.401330000">
        <ele>361.000</ele>
      </trkpt>
      <trkpt lat="45.692210000" lon="6.401550000">
        <ele>359.000</ele>
      </trkpt>
      <trkpt lat="45.692470000" lon="6.401630000">
        <ele>358.000</ele>
      </trkpt>
      <trkpt lat="45.692600000" lon="6.401670000">
        <ele>357.000</ele>
      </trkpt>
      <trkpt lat="45.692730000" lon="6.401710000">
        <ele>357.000</ele>
      </trkpt>
      <trkpt lat="45.692850000" lon="6.401760000">
        <ele>356.000</ele>
      </trkpt>
      <trkpt lat="45.693010000" lon="6.401820000">
        <ele>356.000</ele>
      </trkpt>
      <trkpt lat="45.693220000" lon="6.401910000">
        <ele>356.000</ele>
      </trkpt>
      <trkpt lat="45.693320000" lon="6.401960000">
        <ele>356.000</ele>
      </trkpt>
      <trkpt lat="45.693460000" lon="6.402020000">
        <ele>356.000</ele>
      </trkpt>
      <trkpt lat="45.693610000" lon="6.402100000">
        <ele>356.000</ele>
      </trkpt>
      <trkpt lat="45.693860000" lon="6.402240000">
        <ele>356.000</ele>
      </trkpt>
      <trkpt lat="45.694120000" lon="6.402400000">
        <ele>356.000</ele>
      </trkpt>
      <trkpt lat="45.694290000" lon="6.402510000">
        <ele>357.000</ele>
      </trkpt>
      <trkpt lat="45.694470000" lon="6.402620000">
        <ele>357.000</ele>
      </trkpt>
      <trkpt lat="45.694610000" lon="6.402700000">
        <ele>357.000</ele>
      </trkpt>
      <trkpt lat="45.694780000" lon="6.402790000">
        <ele>357.000</ele>
      </trkpt>
      <trkpt lat="45.695040000" lon="6.402920000">
        <ele>358.000</ele>
      </trkpt>
      <trkpt lat="45.695190000" lon="6.402990000">
        <ele>358.000</ele>
      </trkpt>
      <trkpt lat="45.695400000" lon="6.403070000">
        <ele>358.000</ele>
      </trkpt>
      <trkpt lat="45.697890000" lon="6.404150000">
        <ele>360.000</ele>
      </trkpt>
      <trkpt lat="45.700380000" lon="6.405220000">
        <ele>362.000</ele>
      </trkpt>
      <trkpt lat="45.701250000" lon="6.405590000">
        <ele>362.000</ele>
      </trkpt>
      <trkpt lat="45.701530000" lon="6.405710000">
        <ele>363.000</ele>
      </trkpt>
      <trkpt lat="45.701900000" lon="6.405850000">
        <ele>363.000</ele>
      </trkpt>
      <trkpt lat="45.702280000" lon="6.405970000">
        <ele>363.000</ele>
      </trkpt>
      <trkpt lat="45.702540000" lon="6.406030000">
        <ele>363.000</ele>
      </trkpt>
      <trkpt lat="45.703010000" lon="6.406120000">
        <ele>363.000</ele>
      </trkpt>
      <trkpt lat="45.703240000" lon="6.406150000">
        <ele>363.000</ele>
      </trkpt>
      <trkpt lat="45.703470000" lon="6.406170000">
        <ele>364.000</ele>
      </trkpt>
      <trkpt lat="45.703730000" lon="6.406180000">
        <ele>364.000</ele>
      </trkpt>
      <trkpt lat="45.703990000" lon="6.406180000">
        <ele>364.000</ele>
      </trkpt>
      <trkpt lat="45.704460000" lon="6.406160000">
        <ele>365.000</ele>
      </trkpt>
      <trkpt lat="45.705030000" lon="6.406140000">
        <ele>365.000</ele>
      </trkpt>
      <trkpt lat="45.705900000" lon="6.406100000">
        <ele>365.000</ele>
      </trkpt>
      <trkpt lat="45.707300000" lon="6.406050000">
        <ele>366.000</ele>
      </trkpt>
      <trkpt lat="45.708090000" lon="6.406010000">
        <ele>366.000</ele>
      </trkpt>
      <trkpt lat="45.709320000" lon="6.405960000">
        <ele>366.000</ele>
      </trkpt>
      <trkpt lat="45.709610000" lon="6.405960000">
        <ele>366.000</ele>
      </trkpt>
      <trkpt lat="45.709880000" lon="6.405970000">
        <ele>366.000</ele>
      </trkpt>
      <trkpt lat="45.710130000" lon="6.405990000">
        <ele>367.000</ele>
      </trkpt>
      <trkpt lat="45.710360000" lon="6.406010000">
        <ele>367.000</ele>
      </trkpt>
      <trkpt lat="45.710650000" lon="6.406060000">
        <ele>367.000</ele>
      </trkpt>
      <trkpt lat="45.710910000" lon="6.406120000">
        <ele>367.000</ele>
      </trkpt>
      <trkpt lat="45.711140000" lon="6.406180000">
        <ele>367.000</ele>
      </trkpt>
      <trkpt lat="45.711300000" lon="6.406230000">
        <ele>367.000</ele>
      </trkpt>
      <trkpt lat="45.711470000" lon="6.406280000">
        <ele>368.000</ele>
      </trkpt>
      <trkpt lat="45.711680000" lon="6.406360000">
        <ele>368.000</ele>
      </trkpt>
      <trkpt lat="45.711890000" lon="6.406440000">
        <ele>368.000</ele>
      </trkpt>
      <trkpt lat="45.712080000" lon="6.406520000">
        <ele>368.000</ele>
      </trkpt>
      <trkpt lat="45.712450000" lon="6.406690000">
        <ele>369.000</ele>
      </trkpt>
      <trkpt lat="45.718570000" lon="6.409590000">
        <ele>372.000</ele>
      </trkpt>
      <trkpt lat="45.718800000" lon="6.409700000">
        <ele>374.000</ele>
      </trkpt>
      <trkpt lat="45.719020000" lon="6.409810000">
        <ele>375.000</ele>
      </trkpt>
      <trkpt lat="45.719250000" lon="6.409920000">
        <ele>376.000</ele>
      </trkpt>
      <trkpt lat="45.719460000" lon="6.410040000">
        <ele>377.000</ele>
      </trkpt>
      <trkpt lat="45.719680000" lon="6.410170000">
        <ele>377.000</ele>
      </trkpt>
      <trkpt lat="45.719890000" lon="6.410300000">
        <ele>377.000</ele>
      </trkpt>
      <trkpt lat="45.720210000" lon="6.410510000">
        <ele>378.000</ele>
      </trkpt>
      <trkpt lat="45.720540000" lon="6.410740000">
        <ele>378.000</ele>
      </trkpt>
      <trkpt lat="45.720840000" lon="6.410960000">
        <ele>378.000</ele>
      </trkpt>
      <trkpt lat="45.721160000" lon="6.411210000">
        <ele>379.000</ele>
      </trkpt>
      <trkpt lat="45.725660000" lon="6.414990000">
        <ele>380.000</ele>
      </trkpt>
      <trkpt lat="45.727750000" lon="6.416740000">
        <ele>381.000</ele>
      </trkpt>
      <trkpt lat="45.728260000" lon="6.417170000">
        <ele>382.000</ele>
      </trkpt>
      <trkpt lat="45.731790000" lon="6.420140000">
        <ele>385.000</ele>
      </trkpt>
      <trkpt lat="45.732940000" lon="6.421110000">
        <ele>388.000</ele>
      </trkpt>
      <trkpt lat="45.733490000" lon="6.421570000">
        <ele>389.000</ele>
      </trkpt>
      <trkpt lat="45.733990000" lon="6.421980000">
        <ele>391.000</ele>
      </trkpt>
      <trkpt lat="45.734320000" lon="6.422240000">
        <ele>393.000</ele>
      </trkpt>
      <trkpt lat="45.734500000" lon="6.422370000">
        <ele>394.000</ele>
      </trkpt>
      <trkpt lat="45.734700000" lon="6.422510000">
        <ele>395.000</ele>
      </trkpt>
      <trkpt lat="45.734850000" lon="6.422600000">
        <ele>396.000</ele>
      </trkpt>
      <trkpt lat="45.735010000" lon="6.422690000">
        <ele>397.000</ele>
      </trkpt>
      <trkpt lat="45.735330000" lon="6.422870000">
        <ele>398.000</ele>
      </trkpt>
      <trkpt lat="45.735550000" lon="6.422980000">
        <ele>398.000</ele>
      </trkpt>
      <trkpt lat="45.735780000" lon="6.423080000">
        <ele>398.000</ele>
      </trkpt>
      <trkpt lat="45.735930000" lon="6.423140000">
        <ele>399.000</ele>
      </trkpt>
      <trkpt lat="45.736080000" lon="6.423200000">
        <ele>399.000</ele>
      </trkpt>
      <trkpt lat="45.736310000" lon="6.423270000">
        <ele>399.000</ele>
      </trkpt>
      <trkpt lat="45.736450000" lon="6.423310000">
        <ele>398.000</ele>
      </trkpt>
      <trkpt lat="45.736600000" lon="6.423350000">
        <ele>398.000</ele>
      </trkpt>
      <trkpt lat="45.736760000" lon="6.423400000">
        <ele>398.000</ele>
      </trkpt>
      <trkpt lat="45.736890000" lon="6.423420000">
        <ele>398.000</ele>
      </trkpt>
      <trkpt lat="45.737000000" lon="6.423440000">
        <ele>398.000</ele>
      </trkpt>
      <trkpt lat="45.737250000" lon="6.423470000">
        <ele>398.000</ele>
      </trkpt>
      <trkpt lat="45.737680000" lon="6.423540000">
        <ele>398.000</ele>
      </trkpt>
      <trkpt lat="45.738390000" lon="6.423590000">
        <ele>398.000</ele>
      </trkpt>
      <trkpt lat="45.738550000" lon="6.423590000">
        <ele>398.000</ele>
      </trkpt>
      <trkpt lat="45.738710000" lon="6.423590000">
        <ele>398.000</ele>
      </trkpt>
      <trkpt lat="45.738850000" lon="6.423570000">
        <ele>398.000</ele>
      </trkpt>
      <trkpt lat="45.739040000" lon="6.423540000">
        <ele>398.000</ele>
      </trkpt>
      <trkpt lat="45.739220000" lon="6.423500000">
        <ele>398.000</ele>
      </trkpt>
      <trkpt lat="45.739340000" lon="6.423480000">
        <ele>398.000</ele>
      </trkpt>
      <trkpt lat="45.739450000" lon="6.423460000">
        <ele>399.000</ele>
      </trkpt>
      <trkpt lat="45.739560000" lon="6.423420000">
        <ele>399.000</ele>
      </trkpt>
      <trkpt lat="45.739640000" lon="6.423400000">
        <ele>399.000</ele>
      </trkpt>
      <trkpt lat="45.739770000" lon="6.423350000">
        <ele>400.000</ele>
      </trkpt>
      <trkpt lat="45.739880000" lon="6.423310000">
        <ele>400.000</ele>
      </trkpt>
      <trkpt lat="45.740220000" lon="6.423160000">
        <ele>400.000</ele>
      </trkpt>
      <trkpt lat="45.740570000" lon="6.423010000">
        <ele>401.000</ele>
      </trkpt>
      <trkpt lat="45.740750000" lon="6.422920000">
        <ele>402.000</ele>
      </trkpt>
      <trkpt lat="45.741130000" lon="6.422740000">
        <ele>403.000</ele>
      </trkpt>
      <trkpt lat="45.741350000" lon="6.422700000">
        <ele>404.000</ele>
      </trkpt>
      <trkpt lat="45.741390000" lon="6.422740000">
        <ele>404.000</ele>
      </trkpt>
      <trkpt lat="45.741420000" lon="6.422760000">
        <ele>404.000</ele>
      </trkpt>
      <trkpt lat="45.741430000" lon="6.422760000">
        <ele>405.000</ele>
      </trkpt>
      <trkpt lat="45.741470000" lon="6.422760000">
        <ele>405.000</ele>
      </trkpt>
      <trkpt lat="45.741530000" lon="6.422720000">
        <ele>405.000</ele>
      </trkpt>
      <trkpt lat="45.741550000" lon="6.422690000">
        <ele>405.000</ele>
      </trkpt>
      <trkpt lat="45.741570000" lon="6.422650000">
        <ele>405.000</ele>
      </trkpt>
      <trkpt lat="45.741580000" lon="6.422600000">
        <ele>405.000</ele>
      </trkpt>
      <trkpt lat="45.741730000" lon="6.422480000">
        <ele>406.000</ele>
      </trkpt>
      <trkpt lat="45.742430000" lon="6.422130000">
        <ele>406.000</ele>
      </trkpt>
      <trkpt lat="45.742790000" lon="6.421960000">
        <ele>407.000</ele>
      </trkpt>
      <trkpt lat="45.743200000" lon="6.421760000">
        <ele>407.000</ele>
      </trkpt>
      <trkpt lat="45.743210000" lon="6.421750000">
        <ele>408.000</ele>
      </trkpt>
      <trkpt lat="45.743530000" lon="6.421610000">
        <ele>408.000</ele>
      </trkpt>
      <trkpt lat="45.743790000" lon="6.421490000">
        <ele>408.000</ele>
      </trkpt>
      <trkpt lat="45.743920000" lon="6.421430000">
        <ele>407.000</ele>
      </trkpt>
      <trkpt lat="45.744100000" lon="6.421350000">
        <ele>407.000</ele>
      </trkpt>
      <trkpt lat="45.744190000" lon="6.421310000">
        <ele>407.000</ele>
      </trkpt>
      <trkpt lat="45.744410000" lon="6.421210000">
        <ele>407.000</ele>
      </trkpt>
      <trkpt lat="45.744460000" lon="6.421180000">
        <ele>407.000</ele>
      </trkpt>
      <trkpt lat="45.744650000" lon="6.421100000">
        <ele>407.000</ele>
      </trkpt>
      <trkpt lat="45.744750000" lon="6.421050000">
        <ele>407.000</ele>
      </trkpt>
      <trkpt lat="45.744820000" lon="6.420990000">
        <ele>407.000</ele>
      </trkpt>
      <trkpt lat="45.745020000" lon="6.420900000">
        <ele>407.000</ele>
      </trkpt>
      <trkpt lat="45.745070000" lon="6.420860000">
        <ele>407.000</ele>
      </trkpt>
      <trkpt lat="45.745160000" lon="6.420780000">
        <ele>407.000</ele>
      </trkpt>
      <trkpt lat="45.745280000" lon="6.420710000">
        <ele>407.000</ele>
      </trkpt>
      <trkpt lat="45.745350000" lon="6.420740000">
        <ele>407.000</ele>
      </trkpt>
      <trkpt lat="45.745400000" lon="6.420740000">
        <ele>407.000</ele>
      </trkpt>
      <trkpt lat="45.745450000" lon="6.420730000">
        <ele>407.000</ele>
      </trkpt>
      <trkpt lat="45.745510000" lon="6.420680000">
        <ele>407.000</ele>
      </trkpt>
      <trkpt lat="45.745550000" lon="6.420580000">
        <ele>407.000</ele>
      </trkpt>
      <trkpt lat="45.745560000" lon="6.420470000">
        <ele>408.000</ele>
      </trkpt>
      <trkpt lat="45.745560000" lon="6.420400000">
        <ele>408.000</ele>
      </trkpt>
      <trkpt lat="45.745520000" lon="6.420320000">
        <ele>408.000</ele>
      </trkpt>
      <trkpt lat="45.745500000" lon="6.420280000">
        <ele>408.000</ele>
      </trkpt>
      <trkpt lat="45.745470000" lon="6.420100000">
        <ele>408.000</ele>
      </trkpt>
      <trkpt lat="45.745460000" lon="6.419970000">
        <ele>408.000</ele>
      </trkpt>
      <trkpt lat="45.745470000" lon="6.419820000">
        <ele>408.000</ele>
      </trkpt>
      <trkpt lat="45.745490000" lon="6.419720000">
        <ele>408.000</ele>
      </trkpt>
      <trkpt lat="45.745530000" lon="6.419610000">
        <ele>408.000</ele>
      </trkpt>
      <trkpt lat="45.745580000" lon="6.419520000">
        <ele>408.000</ele>
      </trkpt>
      <trkpt lat="45.745630000" lon="6.419460000">
        <ele>408.000</ele>
      </trkpt>
      <trkpt lat="45.745670000" lon="6.419420000">
        <ele>409.000</ele>
      </trkpt>
      <trkpt lat="45.745840000" lon="6.419290000">
        <ele>409.000</ele>
      </trkpt>
      <trkpt lat="45.745910000" lon="6.419230000">
        <ele>409.000</ele>
      </trkpt>
      <trkpt lat="45.745970000" lon="6.419150000">
        <ele>409.000</ele>
      </trkpt>
      <trkpt lat="45.746030000" lon="6.419040000">
        <ele>409.000</ele>
      </trkpt>
      <trkpt lat="45.747060000" lon="6.416500000">
        <ele>411.000</ele>
      </trkpt>
      <trkpt lat="45.747130000" lon="6.416280000">
        <ele>412.000</ele>
      </trkpt>
      <trkpt lat="45.747190000" lon="6.415860000">
        <ele>412.000</ele>
      </trkpt>
      <trkpt lat="45.747220000" lon="6.415720000">
        <ele>413.000</ele>
      </trkpt>
      <trkpt lat="45.747240000" lon="6.415650000">
        <ele>413.000</ele>
      </trkpt>
      <trkpt lat="45.747290000" lon="6.415580000">
        <ele>414.000</ele>
      </trkpt>
      <trkpt lat="45.747340000" lon="6.415530000">
        <ele>414.000</ele>
      </trkpt>
      <trkpt lat="45.747400000" lon="6.415510000">
        <ele>414.000</ele>
      </trkpt>
      <trkpt lat="45.747480000" lon="6.415480000">
        <ele>414.000</ele>
      </trkpt>
      <trkpt lat="45.747520000" lon="6.415510000">
        <ele>414.000</ele>
      </trkpt>
      <trkpt lat="45.747570000" lon="6.415520000">
        <ele>414.000</ele>
      </trkpt>
      <trkpt lat="45.747640000" lon="6.415490000">
        <ele>414.000</ele>
      </trkpt>
      <trkpt lat="45.747770000" lon="6.415530000">
        <ele>415.000</ele>
      </trkpt>
      <trkpt lat="45.747910000" lon="6.415600000">
        <ele>415.000</ele>
      </trkpt>
      <trkpt lat="45.747970000" lon="6.415650000">
        <ele>415.000</ele>
      </trkpt>
      <trkpt lat="45.748240000" lon="6.415880000">
        <ele>415.000</ele>
      </trkpt>
      <trkpt lat="45.748330000" lon="6.415950000">
        <ele>415.000</ele>
      </trkpt>
      <trkpt lat="45.748400000" lon="6.416000000">
        <ele>415.000</ele>
      </trkpt>
      <trkpt lat="45.748470000" lon="6.416060000">
        <ele>416.000</ele>
      </trkpt>
      <trkpt lat="45.748850000" lon="6.416370000">
        <ele>417.000</ele>
      </trkpt>
      <trkpt lat="45.748960000" lon="6.416460000">
        <ele>418.000</ele>
      </trkpt>
      <trkpt lat="45.749050000" lon="6.416540000">
        <ele>419.000</ele>
      </trkpt>
      <trkpt lat="45.749100000" lon="6.416580000">
        <ele>420.000</ele>
      </trkpt>
      <trkpt lat="45.749360000" lon="6.416780000">
        <ele>421.000</ele>
      </trkpt>
      <trkpt lat="45.749520000" lon="6.416910000">
        <ele>422.000</ele>
      </trkpt>
      <trkpt lat="45.749590000" lon="6.416970000">
        <ele>423.000</ele>
      </trkpt>
      <trkpt lat="45.749740000" lon="6.417100000">
        <ele>424.000</ele>
      </trkpt>
      <trkpt lat="45.749890000" lon="6.417220000">
        <ele>425.000</ele>
      </trkpt>
      <trkpt lat="45.749900000" lon="6.417230000">
        <ele>426.000</ele>
      </trkpt>
      <trkpt lat="45.749990000" lon="6.417030000">
        <ele>427.000</ele>
      </trkpt>
      <trkpt lat="45.749990000" lon="6.417030000">
        <ele>427.000</ele>
      </trkpt>
      <trkpt lat="45.749900000" lon="6.417230000">
        <ele>427.000</ele>
      </trkpt>
      <trkpt lat="45.750110000" lon="6.417400000">
        <ele>428.000</ele>
      </trkpt>
      <trkpt lat="45.750290000" lon="6.417410000">
        <ele>429.000</ele>
      </trkpt>
      <trkpt lat="45.750420000" lon="6.417420000">
        <ele>430.000</ele>
      </trkpt>
      <trkpt lat="45.750910000" lon="6.417330000">
        <ele>432.000</ele>
      </trkpt>
      <trkpt lat="45.751010000" lon="6.417340000">
        <ele>433.000</ele>
      </trkpt>
      <trkpt lat="45.751180000" lon="6.417360000">
        <ele>435.000</ele>
      </trkpt>
      <trkpt lat="45.751820000" lon="6.417500000">
        <ele>437.000</ele>
      </trkpt>
      <trkpt lat="45.751910000" lon="6.417540000">
        <ele>439.000</ele>
      </trkpt>
      <trkpt lat="45.752010000" lon="6.417590000">
        <ele>441.000</ele>
      </trkpt>
      <trkpt lat="45.752120000" lon="6.417670000">
        <ele>442.000</ele>
      </trkpt>
      <trkpt lat="45.752560000" lon="6.418040000">
        <ele>444.000</ele>
      </trkpt>
      <trkpt lat="45.753150000" lon="6.418520000">
        <ele>447.000</ele>
      </trkpt>
      <trkpt lat="45.753380000" lon="6.418670000">
        <ele>450.000</ele>
      </trkpt>
      <trkpt lat="45.753520000" lon="6.418720000">
        <ele>452.000</ele>
      </trkpt>
      <trkpt lat="45.753800000" lon="6.418790000">
        <ele>453.000</ele>
      </trkpt>
      <trkpt lat="45.753910000" lon="6.418820000">
        <ele>455.000</ele>
      </trkpt>
      <trkpt lat="45.754310000" lon="6.418960000">
        <ele>457.000</ele>
      </trkpt>
      <trkpt lat="45.754580000" lon="6.419040000">
        <ele>458.000</ele>
      </trkpt>
      <trkpt lat="45.754710000" lon="6.419080000">
        <ele>460.000</ele>
      </trkpt>
      <trkpt lat="45.754900000" lon="6.419120000">
        <ele>461.000</ele>
      </trkpt>
      <trkpt lat="45.755040000" lon="6.419170000">
        <ele>462.000</ele>
      </trkpt>
      <trkpt lat="45.755140000" lon="6.419200000">
        <ele>463.000</ele>
      </trkpt>
      <trkpt lat="45.755230000" lon="6.419340000">
        <ele>464.000</ele>
      </trkpt>
      <trkpt lat="45.755270000" lon="6.419450000">
        <ele>465.000</ele>
      </trkpt>
      <trkpt lat="45.755270000" lon="6.419630000">
        <ele>466.000</ele>
      </trkpt>
      <trkpt lat="45.755200000" lon="6.419810000">
        <ele>466.000</ele>
      </trkpt>
      <trkpt lat="45.755150000" lon="6.419860000">
        <ele>467.000</ele>
      </trkpt>
      <trkpt lat="45.755120000" lon="6.419890000">
        <ele>468.000</ele>
      </trkpt>
      <trkpt lat="45.755040000" lon="6.419940000">
        <ele>468.000</ele>
      </trkpt>
      <trkpt lat="45.754990000" lon="6.419940000">
        <ele>468.000</ele>
      </trkpt>
      <trkpt lat="45.754990000" lon="6.419940000">
        <ele>469.000</ele>
      </trkpt>
      <trkpt lat="45.754640000" lon="6.419970000">
        <ele>470.000</ele>
      </trkpt>
      <trkpt lat="45.754540000" lon="6.420030000">
        <ele>470.000</ele>
      </trkpt>
      <trkpt lat="45.754260000" lon="6.420340000">
        <ele>471.000</ele>
      </trkpt>
      <trkpt lat="45.754040000" lon="6.420600000">
        <ele>473.000</ele>
      </trkpt>
      <trkpt lat="45.754000000" lon="6.420640000">
        <ele>474.000</ele>
      </trkpt>
      <trkpt lat="45.753880000" lon="6.420800000">
        <ele>475.000</ele>
      </trkpt>
      <trkpt lat="45.753820000" lon="6.420870000">
        <ele>475.000</ele>
      </trkpt>
      <trkpt lat="45.753610000" lon="6.421120000">
        <ele>476.000</ele>
      </trkpt>
      <trkpt lat="45.753520000" lon="6.421170000">
        <ele>477.000</ele>
      </trkpt>
      <trkpt lat="45.753440000" lon="6.421170000">
        <ele>477.000</ele>
      </trkpt>
      <trkpt lat="45.753300000" lon="6.421180000">
        <ele>478.000</ele>
      </trkpt>
      <trkpt lat="45.753160000" lon="6.421200000">
        <ele>479.000</ele>
      </trkpt>
      <trkpt lat="45.753080000" lon="6.421260000">
        <ele>479.000</ele>
      </trkpt>
      <trkpt lat="45.753040000" lon="6.421300000">
        <ele>479.000</ele>
      </trkpt>
      <trkpt lat="45.752980000" lon="6.421460000">
        <ele>480.000</ele>
      </trkpt>
      <trkpt lat="45.752980000" lon="6.421600000">
        <ele>480.000</ele>
      </trkpt>
      <trkpt lat="45.753010000" lon="6.421700000">
        <ele>481.000</ele>
      </trkpt>
      <trkpt lat="45.753050000" lon="6.421750000">
        <ele>481.000</ele>
      </trkpt>
      <trkpt lat="45.753080000" lon="6.421790000">
        <ele>481.000</ele>
      </trkpt>
      <trkpt lat="45.753130000" lon="6.421800000">
        <ele>482.000</ele>
      </trkpt>
      <trkpt lat="45.753220000" lon="6.421810000">
        <ele>482.000</ele>
      </trkpt>
      <trkpt lat="45.753340000" lon="6.421810000">
        <ele>482.000</ele>
      </trkpt>
      <trkpt lat="45.754770000" lon="6.421780000">
        <ele>484.000</ele>
      </trkpt>
      <trkpt lat="45.754880000" lon="6.421780000">
        <ele>486.000</ele>
      </trkpt>
      <trkpt lat="45.754960000" lon="6.421770000">
        <ele>487.000</ele>
      </trkpt>
      <trkpt lat="45.755240000" lon="6.421750000">
        <ele>488.000</ele>
      </trkpt>
      <trkpt lat="45.755500000" lon="6.421670000">
        <ele>490.000</ele>
      </trkpt>
      <trkpt lat="45.755680000" lon="6.421570000">
        <ele>491.000</ele>
      </trkpt>
      <trkpt lat="45.755850000" lon="6.421450000">
        <ele>492.000</ele>
      </trkpt>
      <trkpt lat="45.756160000" lon="6.421210000">
        <ele>493.000</ele>
      </trkpt>
      <trkpt lat="45.756240000" lon="6.421140000">
        <ele>494.000</ele>
      </trkpt>
      <trkpt lat="45.756460000" lon="6.420980000">
        <ele>495.000</ele>
      </trkpt>
      <trkpt lat="45.756720000" lon="6.420780000">
        <ele>497.000</ele>
      </trkpt>
      <trkpt lat="45.756910000" lon="6.420680000">
        <ele>498.000</ele>
      </trkpt>
      <trkpt lat="45.757300000" lon="6.420500000">
        <ele>499.000</ele>
      </trkpt>
      <trkpt lat="45.757390000" lon="6.420470000">
        <ele>500.000</ele>
      </trkpt>
      <trkpt lat="45.757440000" lon="6.420440000">
        <ele>501.000</ele>
      </trkpt>
      <trkpt lat="45.757470000" lon="6.420430000">
        <ele>502.000</ele>
      </trkpt>
      <trkpt lat="45.757580000" lon="6.420380000">
        <ele>503.000</ele>
      </trkpt>
      <trkpt lat="45.757740000" lon="6.420300000">
        <ele>503.000</ele>
      </trkpt>
      <trkpt lat="45.757790000" lon="6.420280000">
        <ele>504.000</ele>
      </trkpt>
      <trkpt lat="45.757850000" lon="6.420230000">
        <ele>504.000</ele>
      </trkpt>
      <trkpt lat="45.757910000" lon="6.420180000">
        <ele>505.000</ele>
      </trkpt>
      <trkpt lat="45.758020000" lon="6.420070000">
        <ele>505.000</ele>
      </trkpt>
      <trkpt lat="45.758080000" lon="6.420030000">
        <ele>506.000</ele>
      </trkpt>
      <trkpt lat="45.758220000" lon="6.419910000">
        <ele>506.000</ele>
      </trkpt>
      <trkpt lat="45.758290000" lon="6.419870000">
        <ele>507.000</ele>
      </trkpt>
      <trkpt lat="45.758340000" lon="6.419850000">
        <ele>507.000</ele>
      </trkpt>
      <trkpt lat="45.758380000" lon="6.419850000">
        <ele>508.000</ele>
      </trkpt>
      <trkpt lat="45.758400000" lon="6.419860000">
        <ele>508.000</ele>
      </trkpt>
      <trkpt lat="45.758410000" lon="6.419880000">
        <ele>508.000</ele>
      </trkpt>
      <trkpt lat="45.758420000" lon="6.419890000">
        <ele>508.000</ele>
      </trkpt>
      <trkpt lat="45.758430000" lon="6.419910000">
        <ele>508.000</ele>
      </trkpt>
      <trkpt lat="45.758430000" lon="6.419950000">
        <ele>509.000</ele>
      </trkpt>
      <trkpt lat="45.758430000" lon="6.420000000">
        <ele>509.000</ele>
      </trkpt>
      <trkpt lat="45.758410000" lon="6.420060000">
        <ele>509.000</ele>
      </trkpt>
      <trkpt lat="45.758410000" lon="6.420120000">
        <ele>509.000</ele>
      </trkpt>
      <trkpt lat="45.758370000" lon="6.420200000">
        <ele>509.000</ele>
      </trkpt>
      <trkpt lat="45.758270000" lon="6.420400000">
        <ele>510.000</ele>
      </trkpt>
      <trkpt lat="45.758220000" lon="6.420510000">
        <ele>510.000</ele>
      </trkpt>
      <trkpt lat="45.758140000" lon="6.420670000">
        <ele>511.000</ele>
      </trkpt>
      <trkpt lat="45.758060000" lon="6.420820000">
        <ele>511.000</ele>
      </trkpt>
      <trkpt lat="45.757880000" lon="6.421110000">
        <ele>512.000</ele>
      </trkpt>
      <trkpt lat="45.757500000" lon="6.421710000">
        <ele>514.000</ele>
      </trkpt>
      <trkpt lat="45.757110000" lon="6.422290000">
        <ele>516.000</ele>
      </trkpt>
      <trkpt lat="45.756560000" lon="6.423030000">
        <ele>519.000</ele>
      </trkpt>
      <trkpt lat="45.756440000" lon="6.423180000">
        <ele>522.000</ele>
      </trkpt>
      <trkpt lat="45.756370000" lon="6.423250000">
        <ele>524.000</ele>
      </trkpt>
      <trkpt lat="45.756160000" lon="6.423390000">
        <ele>526.000</ele>
      </trkpt>
      <trkpt lat="45.756160000" lon="6.423390000">
        <ele>527.000</ele>
      </trkpt>
      <trkpt lat="45.755810000" lon="6.423630000">
        <ele>529.000</ele>
      </trkpt>
      <trkpt lat="45.755690000" lon="6.423760000">
        <ele>531.000</ele>
      </trkpt>
      <trkpt lat="45.755600000" lon="6.423900000">
        <ele>532.000</ele>
      </trkpt>
      <trkpt lat="45.755100000" lon="6.424730000">
        <ele>535.000</ele>
      </trkpt>
      <trkpt lat="45.754730000" lon="6.425350000">
        <ele>539.000</ele>
      </trkpt>
      <trkpt lat="45.754650000" lon="6.425460000">
        <ele>541.000</ele>
      </trkpt>
      <trkpt lat="45.754510000" lon="6.425680000">
        <ele>544.000</ele>
      </trkpt>
      <trkpt lat="45.754430000" lon="6.425770000">
        <ele>546.000</ele>
      </trkpt>
      <trkpt lat="45.754360000" lon="6.425830000">
        <ele>547.000</ele>
      </trkpt>
      <trkpt lat="45.754310000" lon="6.425860000">
        <ele>548.000</ele>
      </trkpt>
      <trkpt lat="45.754260000" lon="6.425890000">
        <ele>549.000</ele>
      </trkpt>
      <trkpt lat="45.754060000" lon="6.425930000">
        <ele>549.000</ele>
      </trkpt>
      <trkpt lat="45.754020000" lon="6.425940000">
        <ele>550.000</ele>
      </trkpt>
      <trkpt lat="45.753980000" lon="6.425990000">
        <ele>551.000</ele>
      </trkpt>
      <trkpt lat="45.753960000" lon="6.426030000">
        <ele>551.000</ele>
      </trkpt>
      <trkpt lat="45.753940000" lon="6.426100000">
        <ele>551.000</ele>
      </trkpt>
      <trkpt lat="45.753940000" lon="6.426170000">
        <ele>552.000</ele>
      </trkpt>
      <trkpt lat="45.753950000" lon="6.426230000">
        <ele>552.000</ele>
      </trkpt>
      <trkpt lat="45.753990000" lon="6.426310000">
        <ele>552.000</ele>
      </trkpt>
      <trkpt lat="45.754020000" lon="6.426340000">
        <ele>553.000</ele>
      </trkpt>
      <trkpt lat="45.754060000" lon="6.426360000">
        <ele>553.000</ele>
      </trkpt>
      <trkpt lat="45.754110000" lon="6.426360000">
        <ele>553.000</ele>
      </trkpt>
      <trkpt lat="45.754310000" lon="6.426270000">
        <ele>554.000</ele>
      </trkpt>
      <trkpt lat="45.754380000" lon="6.426240000">
        <ele>554.000</ele>
      </trkpt>
      <trkpt lat="45.754630000" lon="6.426180000">
        <ele>555.000</ele>
      </trkpt>
      <trkpt lat="45.754980000" lon="6.426120000">
        <ele>556.000</ele>
      </trkpt>
      <trkpt lat="45.755090000" lon="6.426090000">
        <ele>557.000</ele>
      </trkpt>
      <trkpt lat="45.755170000" lon="6.426060000">
        <ele>558.000</ele>
      </trkpt>
      <trkpt lat="45.755320000" lon="6.425960000">
        <ele>559.000</ele>
      </trkpt>
      <trkpt lat="45.755560000" lon="6.425810000">
        <ele>560.000</ele>
      </trkpt>
      <trkpt lat="45.755710000" lon="6.425750000">
        <ele>561.000</ele>
      </trkpt>
      <trkpt lat="45.755790000" lon="6.425730000">
        <ele>562.000</ele>
      </trkpt>
      <trkpt lat="45.756030000" lon="6.425720000">
        <ele>563.000</ele>
      </trkpt>
      <trkpt lat="45.756360000" lon="6.425750000">
        <ele>565.000</ele>
      </trkpt>
      <trkpt lat="45.756480000" lon="6.425740000">
        <ele>566.000</ele>
      </trkpt>
      <trkpt lat="45.756600000" lon="6.425680000">
        <ele>567.000</ele>
      </trkpt>
      <trkpt lat="45.756830000" lon="6.425480000">
        <ele>568.000</ele>
      </trkpt>
      <trkpt lat="45.756900000" lon="6.425440000">
        <ele>569.000</ele>
      </trkpt>
      <trkpt lat="45.756940000" lon="6.425430000">
        <ele>570.000</ele>
      </trkpt>
      <trkpt lat="45.756990000" lon="6.425430000">
        <ele>570.000</ele>
      </trkpt>
      <trkpt lat="45.757020000" lon="6.425450000">
        <ele>571.000</ele>
      </trkpt>
      <trkpt lat="45.757060000" lon="6.425490000">
        <ele>571.000</ele>
      </trkpt>
      <trkpt lat="45.757090000" lon="6.425550000">
        <ele>571.000</ele>
      </trkpt>
      <trkpt lat="45.757090000" lon="6.425620000">
        <ele>572.000</ele>
      </trkpt>
      <trkpt lat="45.757090000" lon="6.425680000">
        <ele>572.000</ele>
      </trkpt>
      <trkpt lat="45.757070000" lon="6.425730000">
        <ele>572.000</ele>
      </trkpt>
      <trkpt lat="45.757040000" lon="6.425780000">
        <ele>572.000</ele>
      </trkpt>
      <trkpt lat="45.756730000" lon="6.426160000">
        <ele>573.000</ele>
      </trkpt>
      <trkpt lat="45.756620000" lon="6.426240000">
        <ele>574.000</ele>
      </trkpt>
      <trkpt lat="45.756460000" lon="6.426330000">
        <ele>575.000</ele>
      </trkpt>
      <trkpt lat="45.756190000" lon="6.426450000">
        <ele>576.000</ele>
      </trkpt>
      <trkpt lat="45.756040000" lon="6.426530000">
        <ele>577.000</ele>
      </trkpt>
      <trkpt lat="45.755590000" lon="6.426840000">
        <ele>578.000</ele>
      </trkpt>
      <trkpt lat="45.755020000" lon="6.427280000">
        <ele>580.000</ele>
      </trkpt>
      <trkpt lat="45.754970000" lon="6.427330000">
        <ele>582.000</ele>
      </trkpt>
      <trkpt lat="45.754930000" lon="6.427410000">
        <ele>583.000</ele>
      </trkpt>
      <trkpt lat="45.754930000" lon="6.427470000">
        <ele>584.000</ele>
      </trkpt>
      <trkpt lat="45.754930000" lon="6.427530000">
        <ele>584.000</ele>
      </trkpt>
      <trkpt lat="45.754950000" lon="6.427580000">
        <ele>585.000</ele>
      </trkpt>
      <trkpt lat="45.754950000" lon="6.427610000">
        <ele>585.000</ele>
      </trkpt>
      <trkpt lat="45.755000000" lon="6.427660000">
        <ele>585.000</ele>
      </trkpt>
      <trkpt lat="45.755040000" lon="6.427680000">
        <ele>585.000</ele>
      </trkpt>
      <trkpt lat="45.755070000" lon="6.427690000">
        <ele>586.000</ele>
      </trkpt>
      <trkpt lat="45.755100000" lon="6.427690000">
        <ele>586.000</ele>
      </trkpt>
      <trkpt lat="45.755150000" lon="6.427670000">
        <ele>586.000</ele>
      </trkpt>
      <trkpt lat="45.755200000" lon="6.427610000">
        <ele>586.000</ele>
      </trkpt>
      <trkpt lat="45.755270000" lon="6.427400000">
        <ele>587.000</ele>
      </trkpt>
      <trkpt lat="45.755330000" lon="6.427300000">
        <ele>587.000</ele>
      </trkpt>
      <trkpt lat="45.755400000" lon="6.427240000">
        <ele>587.000</ele>
      </trkpt>
      <trkpt lat="45.755550000" lon="6.427110000">
        <ele>588.000</ele>
      </trkpt>
      <trkpt lat="45.755650000" lon="6.427080000">
        <ele>589.000</ele>
      </trkpt>
      <trkpt lat="45.755900000" lon="6.427070000">
        <ele>590.000</ele>
      </trkpt>
      <trkpt lat="45.756050000" lon="6.427050000">
        <ele>591.000</ele>
      </trkpt>
      <trkpt lat="45.756360000" lon="6.426920000">
        <ele>593.000</ele>
      </trkpt>
      <trkpt lat="45.756510000" lon="6.426890000">
        <ele>595.000</ele>
      </trkpt>
      <trkpt lat="45.756690000" lon="6.426900000">
        <ele>597.000</ele>
      </trkpt>
      <trkpt lat="45.757040000" lon="6.426970000">
        <ele>600.000</ele>
      </trkpt>
      <trkpt lat="45.757310000" lon="6.426990000">
        <ele>603.000</ele>
      </trkpt>
      <trkpt lat="45.757440000" lon="6.426990000">
        <ele>605.000</ele>
      </trkpt>
      <trkpt lat="45.757580000" lon="6.426950000">
        <ele>606.000</ele>
      </trkpt>
      <trkpt lat="45.757760000" lon="6.426840000">
        <ele>608.000</ele>
      </trkpt>
      <trkpt lat="45.757930000" lon="6.426670000">
        <ele>608.000</ele>
      </trkpt>
      <trkpt lat="45.758180000" lon="6.426380000">
        <ele>609.000</ele>
      </trkpt>
      <trkpt lat="45.758370000" lon="6.426220000">
        <ele>610.000</ele>
      </trkpt>
      <trkpt lat="45.758530000" lon="6.426110000">
        <ele>610.000</ele>
      </trkpt>
      <trkpt lat="45.758740000" lon="6.426040000">
        <ele>610.000</ele>
      </trkpt>
      <trkpt lat="45.758800000" lon="6.426000000">
        <ele>611.000</ele>
      </trkpt>
      <trkpt lat="45.758860000" lon="6.425930000">
        <ele>611.000</ele>
      </trkpt>
      <trkpt lat="45.759030000" lon="6.425610000">
        <ele>611.000</ele>
      </trkpt>
      <trkpt lat="45.759240000" lon="6.425330000">
        <ele>611.000</ele>
      </trkpt>
      <trkpt lat="45.759480000" lon="6.425030000">
        <ele>612.000</ele>
      </trkpt>
      <trkpt lat="45.759580000" lon="6.424960000">
        <ele>612.000</ele>
      </trkpt>
      <trkpt lat="45.759880000" lon="6.424870000">
        <ele>613.000</ele>
      </trkpt>
      <trkpt lat="45.760220000" lon="6.424640000">
        <ele>614.000</ele>
      </trkpt>
      <trkpt lat="45.760820000" lon="6.424330000">
        <ele>615.000</ele>
      </trkpt>
      <trkpt lat="45.760860000" lon="6.424310000">
        <ele>615.000</ele>
      </trkpt>
      <trkpt lat="45.760900000" lon="6.424310000">
        <ele>616.000</ele>
      </trkpt>
      <trkpt lat="45.760930000" lon="6.424320000">
        <ele>616.000</ele>
      </trkpt>
      <trkpt lat="45.760950000" lon="6.424330000">
        <ele>617.000</ele>
      </trkpt>
      <trkpt lat="45.760980000" lon="6.424350000">
        <ele>617.000</ele>
      </trkpt>
      <trkpt lat="45.761000000" lon="6.424380000">
        <ele>617.000</ele>
      </trkpt>
      <trkpt lat="45.761020000" lon="6.424460000">
        <ele>617.000</ele>
      </trkpt>
      <trkpt lat="45.761020000" lon="6.424500000">
        <ele>618.000</ele>
      </trkpt>
      <trkpt lat="45.761020000" lon="6.424540000">
        <ele>618.000</ele>
      </trkpt>
      <trkpt lat="45.761000000" lon="6.424600000">
        <ele>618.000</ele>
      </trkpt>
      <trkpt lat="45.760950000" lon="6.424670000">
        <ele>618.000</ele>
      </trkpt>
      <trkpt lat="45.760910000" lon="6.424690000">
        <ele>619.000</ele>
      </trkpt>
      <trkpt lat="45.760740000" lon="6.424720000">
        <ele>619.000</ele>
      </trkpt>
      <trkpt lat="45.760630000" lon="6.424750000">
        <ele>620.000</ele>
      </trkpt>
      <trkpt lat="45.760510000" lon="6.424830000">
        <ele>620.000</ele>
      </trkpt>
      <trkpt lat="45.760460000" lon="6.424870000">
        <ele>621.000</ele>
      </trkpt>
      <trkpt lat="45.760370000" lon="6.424980000">
        <ele>621.000</ele>
      </trkpt>
      <trkpt lat="45.759700000" lon="6.425820000">
        <ele>623.000</ele>
      </trkpt>
      <trkpt lat="45.759230000" lon="6.426550000">
        <ele>628.000</ele>
      </trkpt>
      <trkpt lat="45.758850000" lon="6.427330000">
        <ele>633.000</ele>
      </trkpt>
      <trkpt lat="45.758520000" lon="6.428050000">
        <ele>639.000</ele>
      </trkpt>
      <trkpt lat="45.758470000" lon="6.428130000">
        <ele>643.000</ele>
      </trkpt>
      <trkpt lat="45.758420000" lon="6.428210000">
        <ele>646.000</ele>
      </trkpt>
      <trkpt lat="45.758370000" lon="6.428270000">
        <ele>648.000</ele>
      </trkpt>
      <trkpt lat="45.758310000" lon="6.428330000">
        <ele>649.000</ele>
      </trkpt>
      <trkpt lat="45.758210000" lon="6.428400000">
        <ele>650.000</ele>
      </trkpt>
      <trkpt lat="45.758140000" lon="6.428430000">
        <ele>650.000</ele>
      </trkpt>
      <trkpt lat="45.758050000" lon="6.428450000">
        <ele>651.000</ele>
      </trkpt>
      <trkpt lat="45.757960000" lon="6.428450000">
        <ele>651.000</ele>
      </trkpt>
      <trkpt lat="45.757700000" lon="6.428380000">
        <ele>651.000</ele>
      </trkpt>
      <trkpt lat="45.757590000" lon="6.428370000">
        <ele>651.000</ele>
      </trkpt>
      <trkpt lat="45.757030000" lon="6.428410000">
        <ele>651.000</ele>
      </trkpt>
      <trkpt lat="45.756960000" lon="6.428420000">
        <ele>651.000</ele>
      </trkpt>
      <trkpt lat="45.756890000" lon="6.428440000">
        <ele>651.000</ele>
      </trkpt>
      <trkpt lat="45.756820000" lon="6.428480000">
        <ele>651.000</ele>
      </trkpt>
      <trkpt lat="45.756770000" lon="6.428530000">
        <ele>652.000</ele>
      </trkpt>
      <trkpt lat="45.756670000" lon="6.428690000">
        <ele>652.000</ele>
      </trkpt>
      <trkpt lat="45.756620000" lon="6.428820000">
        <ele>652.000</ele>
      </trkpt>
      <trkpt lat="45.756600000" lon="6.428940000">
        <ele>652.000</ele>
      </trkpt>
      <trkpt lat="45.756570000" lon="6.429270000">
        <ele>652.000</ele>
      </trkpt>
      <trkpt lat="45.756550000" lon="6.429370000">
        <ele>653.000</ele>
      </trkpt>
      <trkpt lat="45.756510000" lon="6.429480000">
        <ele>653.000</ele>
      </trkpt>
      <trkpt lat="45.755780000" lon="6.431170000">
        <ele>654.000</ele>
      </trkpt>
      <trkpt lat="45.755710000" lon="6.431400000">
        <ele>655.000</ele>
      </trkpt>
      <trkpt lat="45.755570000" lon="6.431750000">
        <ele>657.000</ele>
      </trkpt>
      <trkpt lat="45.755500000" lon="6.431970000">
        <ele>659.000</ele>
      </trkpt>
      <trkpt lat="45.755460000" lon="6.432120000">
        <ele>660.000</ele>
      </trkpt>
      <trkpt lat="45.755450000" lon="6.432250000">
        <ele>661.000</ele>
      </trkpt>
      <trkpt lat="45.755460000" lon="6.432560000">
        <ele>662.000</ele>
      </trkpt>
      <trkpt lat="45.755500000" lon="6.433100000">
        <ele>664.000</ele>
      </trkpt>
      <trkpt lat="45.755550000" lon="6.433430000">
        <ele>666.000</ele>
      </trkpt>
      <trkpt lat="45.755610000" lon="6.434130000">
        <ele>669.000</ele>
      </trkpt>
      <trkpt lat="45.755620000" lon="6.434330000">
        <ele>671.000</ele>
      </trkpt>
      <trkpt lat="45.755630000" lon="6.434600000">
        <ele>674.000</ele>
      </trkpt>
      <trkpt lat="45.755610000" lon="6.435080000">
        <ele>676.000</ele>
      </trkpt>
      <trkpt lat="45.755620000" lon="6.435220000">
        <ele>678.000</ele>
      </trkpt>
      <trkpt lat="45.755640000" lon="6.435370000">
        <ele>680.000</ele>
      </trkpt>
      <trkpt lat="45.755710000" lon="6.435630000">
        <ele>682.000</ele>
      </trkpt>
      <trkpt lat="45.755760000" lon="6.435800000">
        <ele>684.000</ele>
      </trkpt>
      <trkpt lat="45.755830000" lon="6.435980000">
        <ele>685.000</ele>
      </trkpt>
      <trkpt lat="45.755920000" lon="6.436190000">
        <ele>687.000</ele>
      </trkpt>
      <trkpt lat="45.756030000" lon="6.436350000">
        <ele>689.000</ele>
      </trkpt>
      <trkpt lat="45.756230000" lon="6.436560000">
        <ele>691.000</ele>
      </trkpt>
      <trkpt lat="45.756270000" lon="6.436610000">
        <ele>692.000</ele>
      </trkpt>
      <trkpt lat="45.756300000" lon="6.436690000">
        <ele>694.000</ele>
      </trkpt>
      <trkpt lat="45.756330000" lon="6.436790000">
        <ele>695.000</ele>
      </trkpt>
      <trkpt lat="45.756330000" lon="6.436890000">
        <ele>696.000</ele>
      </trkpt>
      <trkpt lat="45.756350000" lon="6.436980000">
        <ele>697.000</ele>
      </trkpt>
      <trkpt lat="45.756380000" lon="6.437070000">
        <ele>698.000</ele>
      </trkpt>
      <trkpt lat="45.756470000" lon="6.437310000">
        <ele>700.000</ele>
      </trkpt>
      <trkpt lat="45.756560000" lon="6.437470000">
        <ele>702.000</ele>
      </trkpt>
      <trkpt lat="45.756890000" lon="6.437970000">
        <ele>705.000</ele>
      </trkpt>
      <trkpt lat="45.756890000" lon="6.437970000">
        <ele>708.000</ele>
      </trkpt>
      <trkpt lat="45.756950000" lon="6.438050000">
        <ele>710.000</ele>
      </trkpt>
      <trkpt lat="45.757180000" lon="6.438520000">
        <ele>713.000</ele>
      </trkpt>
      <trkpt lat="45.757370000" lon="6.438890000">
        <ele>717.000</ele>
      </trkpt>
      <trkpt lat="45.757450000" lon="6.439080000">
        <ele>719.000</ele>
      </trkpt>
      <trkpt lat="45.757550000" lon="6.439350000">
        <ele>719.000</ele>
      </trkpt>
      <trkpt lat="45.757630000" lon="6.439540000">
        <ele>718.000</ele>
      </trkpt>
      <trkpt lat="45.757710000" lon="6.439670000">
        <ele>718.000</ele>
      </trkpt>
      <trkpt lat="45.757860000" lon="6.439870000">
        <ele>716.000</ele>
      </trkpt>
      <trkpt lat="45.758040000" lon="6.440120000">
        <ele>714.000</ele>
      </trkpt>
      <trkpt lat="45.758280000" lon="6.440550000">
        <ele>711.000</ele>
      </trkpt>
      <trkpt lat="45.758350000" lon="6.440620000">
        <ele>708.000</ele>
      </trkpt>
      <trkpt lat="45.758430000" lon="6.440650000">
        <ele>706.000</ele>
      </trkpt>
      <trkpt lat="45.758470000" lon="6.440650000">
        <ele>704.000</ele>
      </trkpt>
      <trkpt lat="45.758530000" lon="6.440620000">
        <ele>703.000</ele>
      </trkpt>
      <trkpt lat="45.758590000" lon="6.440570000">
        <ele>702.000</ele>
      </trkpt>
      <trkpt lat="45.758670000" lon="6.440460000">
        <ele>701.000</ele>
      </trkpt>
      <trkpt lat="45.758720000" lon="6.440420000">
        <ele>701.000</ele>
      </trkpt>
      <trkpt lat="45.758770000" lon="6.440400000">
        <ele>700.000</ele>
      </trkpt>
      <trkpt lat="45.758830000" lon="6.440410000">
        <ele>700.000</ele>
      </trkpt>
      <trkpt lat="45.758880000" lon="6.440430000">
        <ele>700.000</ele>
      </trkpt>
      <trkpt lat="45.758920000" lon="6.440470000">
        <ele>700.000</ele>
      </trkpt>
      <trkpt lat="45.758950000" lon="6.440530000">
        <ele>700.000</ele>
      </trkpt>
      <trkpt lat="45.759040000" lon="6.440940000">
        <ele>700.000</ele>
      </trkpt>
      <trkpt lat="45.759080000" lon="6.441040000">
        <ele>700.000</ele>
      </trkpt>
      <trkpt lat="45.759210000" lon="6.441200000">
        <ele>700.000</ele>
      </trkpt>
      <trkpt lat="45.759450000" lon="6.441390000">
        <ele>700.000</ele>
      </trkpt>
      <trkpt lat="45.759510000" lon="6.441480000">
        <ele>700.000</ele>
      </trkpt>
      <trkpt lat="45.759740000" lon="6.441930000">
        <ele>700.000</ele>
      </trkpt>
      <trkpt lat="45.759820000" lon="6.442040000">
        <ele>700.000</ele>
      </trkpt>
      <trkpt lat="45.759910000" lon="6.442120000">
        <ele>700.000</ele>
      </trkpt>
      <trkpt lat="45.760160000" lon="6.442290000">
        <ele>699.000</ele>
      </trkpt>
      <trkpt lat="45.760240000" lon="6.442350000">
        <ele>699.000</ele>
      </trkpt>
      <trkpt lat="45.760380000" lon="6.442540000">
        <ele>698.000</ele>
      </trkpt>
      <trkpt lat="45.760390000" lon="6.442600000">
        <ele>697.000</ele>
      </trkpt>
      <trkpt lat="45.760400000" lon="6.442670000">
        <ele>696.000</ele>
      </trkpt>
      <trkpt lat="45.760390000" lon="6.442710000">
        <ele>696.000</ele>
      </trkpt>
      <trkpt lat="45.760370000" lon="6.442760000">
        <ele>696.000</ele>
      </trkpt>
      <trkpt lat="45.760340000" lon="6.442790000">
        <ele>695.000</ele>
      </trkpt>
      <trkpt lat="45.760310000" lon="6.442810000">
        <ele>695.000</ele>
      </trkpt>
      <trkpt lat="45.760220000" lon="6.442830000">
        <ele>695.000</ele>
      </trkpt>
      <trkpt lat="45.760130000" lon="6.442830000">
        <ele>694.000</ele>
      </trkpt>
      <trkpt lat="45.760050000" lon="6.442850000">
        <ele>694.000</ele>
      </trkpt>
      <trkpt lat="45.759670000" lon="6.442980000">
        <ele>692.000</ele>
      </trkpt>
      <trkpt lat="45.759480000" lon="6.443030000">
        <ele>691.000</ele>
      </trkpt>
      <trkpt lat="45.759190000" lon="6.443070000">
        <ele>690.000</ele>
      </trkpt>
      <trkpt lat="45.758930000" lon="6.443090000">
        <ele>690.000</ele>
      </trkpt>
      <trkpt lat="45.758650000" lon="6.443100000">
        <ele>691.000</ele>
      </trkpt>
      <trkpt lat="45.758430000" lon="6.443140000">
        <ele>692.000</ele>
      </trkpt>
      <trkpt lat="45.757940000" lon="6.443300000">
        <ele>696.000</ele>
      </trkpt>
      <trkpt lat="45.757840000" lon="6.443310000">
        <ele>698.000</ele>
      </trkpt>
      <trkpt lat="45.757610000" lon="6.443340000">
        <ele>701.000</ele>
      </trkpt>
      <trkpt lat="45.757520000" lon="6.443370000">
        <ele>703.000</ele>
      </trkpt>
      <trkpt lat="45.757280000" lon="6.443530000">
        <ele>705.000</ele>
      </trkpt>
      <trkpt lat="45.757210000" lon="6.443560000">
        <ele>707.000</ele>
      </trkpt>
      <trkpt lat="45.757140000" lon="6.443570000">
        <ele>709.000</ele>
      </trkpt>
      <trkpt lat="45.757010000" lon="6.443580000">
        <ele>710.000</ele>
      </trkpt>
      <trkpt lat="45.756860000" lon="6.443570000">
        <ele>712.000</ele>
      </trkpt>
      <trkpt lat="45.756670000" lon="6.443530000">
        <ele>714.000</ele>
      </trkpt>
      <trkpt lat="45.756590000" lon="6.443540000">
        <ele>715.000</ele>
      </trkpt>
      <trkpt lat="45.756500000" lon="6.443580000">
        <ele>716.000</ele>
      </trkpt>
      <trkpt lat="45.756310000" lon="6.443690000">
        <ele>718.000</ele>
      </trkpt>
      <trkpt lat="45.756190000" lon="6.443740000">
        <ele>719.000</ele>
      </trkpt>
      <trkpt lat="45.755920000" lon="6.443780000">
        <ele>721.000</ele>
      </trkpt>
      <trkpt lat="45.755830000" lon="6.443830000">
        <ele>723.000</ele>
      </trkpt>
      <trkpt lat="45.755790000" lon="6.443890000">
        <ele>724.000</ele>
      </trkpt>
      <trkpt lat="45.755780000" lon="6.443950000">
        <ele>725.000</ele>
      </trkpt>
      <trkpt lat="45.755790000" lon="6.444010000">
        <ele>726.000</ele>
      </trkpt>
      <trkpt lat="45.755810000" lon="6.444070000">
        <ele>727.000</ele>
      </trkpt>
      <trkpt lat="45.755850000" lon="6.444110000">
        <ele>728.000</ele>
      </trkpt>
      <trkpt lat="45.755880000" lon="6.444130000">
        <ele>728.000</ele>
      </trkpt>
      <trkpt lat="45.756000000" lon="6.444190000">
        <ele>729.000</ele>
      </trkpt>
      <trkpt lat="45.756100000" lon="6.444230000">
        <ele>730.000</ele>
      </trkpt>
      <trkpt lat="45.756240000" lon="6.444260000">
        <ele>730.000</ele>
      </trkpt>
      <trkpt lat="45.756340000" lon="6.444250000">
        <ele>731.000</ele>
      </trkpt>
      <trkpt lat="45.756470000" lon="6.444230000">
        <ele>732.000</ele>
      </trkpt>
      <trkpt lat="45.756560000" lon="6.444190000">
        <ele>733.000</ele>
      </trkpt>
      <trkpt lat="45.756670000" lon="6.444120000">
        <ele>734.000</ele>
      </trkpt>
      <trkpt lat="45.756750000" lon="6.444090000">
        <ele>734.000</ele>
      </trkpt>
      <trkpt lat="45.756790000" lon="6.444090000">
        <ele>735.000</ele>
      </trkpt>
      <trkpt lat="45.756830000" lon="6.444110000">
        <ele>735.000</ele>
      </trkpt>
      <trkpt lat="45.756850000" lon="6.444140000">
        <ele>736.000</ele>
      </trkpt>
      <trkpt lat="45.756850000" lon="6.444190000">
        <ele>736.000</ele>
      </trkpt>
      <trkpt lat="45.756850000" lon="6.444210000">
        <ele>736.000</ele>
      </trkpt>
      <trkpt lat="45.756840000" lon="6.444250000">
        <ele>736.000</ele>
      </trkpt>
      <trkpt lat="45.756820000" lon="6.444290000">
        <ele>737.000</ele>
      </trkpt>
      <trkpt lat="45.756720000" lon="6.444370000">
        <ele>737.000</ele>
      </trkpt>
      <trkpt lat="45.756530000" lon="6.444510000">
        <ele>738.000</ele>
      </trkpt>
      <trkpt lat="45.756400000" lon="6.444580000">
        <ele>739.000</ele>
      </trkpt>
      <trkpt lat="45.756180000" lon="6.444640000">
        <ele>740.000</ele>
      </trkpt>
      <trkpt lat="45.755920000" lon="6.444670000">
        <ele>741.000</ele>
      </trkpt>
      <trkpt lat="45.755800000" lon="6.444710000">
        <ele>742.000</ele>
      </trkpt>
      <trkpt lat="45.755720000" lon="6.444770000">
        <ele>743.000</ele>
      </trkpt>
      <trkpt lat="45.755690000" lon="6.444790000">
        <ele>744.000</ele>
      </trkpt>
      <trkpt lat="45.755480000" lon="6.445050000">
        <ele>746.000</ele>
      </trkpt>
      <trkpt lat="45.755370000" lon="6.445230000">
        <ele>747.000</ele>
      </trkpt>
      <trkpt lat="45.755160000" lon="6.445590000">
        <ele>749.000</ele>
      </trkpt>
      <trkpt lat="45.755090000" lon="6.445750000">
        <ele>751.000</ele>
      </trkpt>
      <trkpt lat="45.755050000" lon="6.445860000">
        <ele>753.000</ele>
      </trkpt>
      <trkpt lat="45.755010000" lon="6.445950000">
        <ele>754.000</ele>
      </trkpt>
      <trkpt lat="45.754980000" lon="6.446100000">
        <ele>755.000</ele>
      </trkpt>
      <trkpt lat="45.754960000" lon="6.446250000">
        <ele>756.000</ele>
      </trkpt>
      <trkpt lat="45.754960000" lon="6.446440000">
        <ele>758.000</ele>
      </trkpt>
      <trkpt lat="45.754980000" lon="6.446600000">
        <ele>759.000</ele>
      </trkpt>
      <trkpt lat="45.755010000" lon="6.446810000">
        <ele>760.000</ele>
      </trkpt>
      <trkpt lat="45.755050000" lon="6.446950000">
        <ele>761.000</ele>
      </trkpt>
      <trkpt lat="45.755240000" lon="6.447490000">
        <ele>764.000</ele>
      </trkpt>
      <trkpt lat="45.755270000" lon="6.447660000">
        <ele>765.000</ele>
      </trkpt>
      <trkpt lat="45.755320000" lon="6.447970000">
        <ele>768.000</ele>
      </trkpt>
      <trkpt lat="45.755360000" lon="6.448140000">
        <ele>769.000</ele>
      </trkpt>
      <trkpt lat="45.755420000" lon="6.448350000">
        <ele>771.000</ele>
      </trkpt>
      <trkpt lat="45.755530000" lon="6.448640000">
        <ele>773.000</ele>
      </trkpt>
      <trkpt lat="45.755630000" lon="6.448830000">
        <ele>775.000</ele>
      </trkpt>
      <trkpt lat="45.755800000" lon="6.449070000">
        <ele>777.000</ele>
      </trkpt>
      <trkpt lat="45.755850000" lon="6.449180000">
        <ele>779.000</ele>
      </trkpt>
      <trkpt lat="45.755890000" lon="6.449310000">
        <ele>780.000</ele>
      </trkpt>
      <trkpt lat="45.755910000" lon="6.449410000">
        <ele>782.000</ele>
      </trkpt>
      <trkpt lat="45.755930000" lon="6.449720000">
        <ele>783.000</ele>
      </trkpt>
      <trkpt lat="45.755930000" lon="6.449810000">
        <ele>785.000</ele>
      </trkpt>
      <trkpt lat="45.755950000" lon="6.449920000">
        <ele>786.000</ele>
      </trkpt>
      <trkpt lat="45.755970000" lon="6.449990000">
        <ele>787.000</ele>
      </trkpt>
      <trkpt lat="45.756140000" lon="6.450280000">
        <ele>788.000</ele>
      </trkpt>
      <trkpt lat="45.756210000" lon="6.450440000">
        <ele>790.000</ele>
      </trkpt>
      <trkpt lat="45.756320000" lon="6.450740000">
        <ele>791.000</ele>
      </trkpt>
      <trkpt lat="45.756490000" lon="6.451500000">
        <ele>794.000</ele>
      </trkpt>
      <trkpt lat="45.756520000" lon="6.451770000">
        <ele>797.000</ele>
      </trkpt>
      <trkpt lat="45.756520000" lon="6.451940000">
        <ele>799.000</ele>
      </trkpt>
      <trkpt lat="45.756520000" lon="6.452160000">
        <ele>801.000</ele>
      </trkpt>
      <trkpt lat="45.756520000" lon="6.452300000">
        <ele>802.000</ele>
      </trkpt>
      <trkpt lat="45.756530000" lon="6.452460000">
        <ele>803.000</ele>
      </trkpt>
      <trkpt lat="45.756590000" lon="6.452870000">
        <ele>804.000</ele>
      </trkpt>
      <trkpt lat="45.756700000" lon="6.453530000">
        <ele>805.000</ele>
      </trkpt>
      <trkpt lat="45.756760000" lon="6.453790000">
        <ele>806.000</ele>
      </trkpt>
      <trkpt lat="45.756790000" lon="6.453950000">
        <ele>807.000</ele>
      </trkpt>
      <trkpt lat="45.756800000" lon="6.454090000">
        <ele>808.000</ele>
      </trkpt>
      <trkpt lat="45.756800000" lon="6.454420000">
        <ele>809.000</ele>
      </trkpt>
      <trkpt lat="45.756810000" lon="6.454660000">
        <ele>809.000</ele>
      </trkpt>
      <trkpt lat="45.756850000" lon="6.455210000">
        <ele>810.000</ele>
      </trkpt>
      <trkpt lat="45.756840000" lon="6.455340000">
        <ele>810.000</ele>
      </trkpt>
      <trkpt lat="45.756830000" lon="6.455530000">
        <ele>810.000</ele>
      </trkpt>
      <trkpt lat="45.756820000" lon="6.455750000">
        <ele>811.000</ele>
      </trkpt>
      <trkpt lat="45.756820000" lon="6.455920000">
        <ele>811.000</ele>
      </trkpt>
      <trkpt lat="45.756810000" lon="6.456070000">
        <ele>811.000</ele>
      </trkpt>
      <trkpt lat="45.756790000" lon="6.456230000">
        <ele>811.000</ele>
      </trkpt>
      <trkpt lat="45.756780000" lon="6.456380000">
        <ele>811.000</ele>
      </trkpt>
      <trkpt lat="45.756780000" lon="6.456520000">
        <ele>811.000</ele>
      </trkpt>
      <trkpt lat="45.756790000" lon="6.456620000">
        <ele>811.000</ele>
      </trkpt>
      <trkpt lat="45.756820000" lon="6.456770000">
        <ele>811.000</ele>
      </trkpt>
      <trkpt lat="45.756840000" lon="6.456860000">
        <ele>811.000</ele>
      </trkpt>
      <trkpt lat="45.756840000" lon="6.457000000">
        <ele>811.000</ele>
      </trkpt>
      <trkpt lat="45.756840000" lon="6.457080000">
        <ele>812.000</ele>
      </trkpt>
      <trkpt lat="45.756860000" lon="6.457170000">
        <ele>812.000</ele>
      </trkpt>
      <trkpt lat="45.756920000" lon="6.457340000">
        <ele>813.000</ele>
      </trkpt>
      <trkpt lat="45.756940000" lon="6.457420000">
        <ele>814.000</ele>
      </trkpt>
      <trkpt lat="45.756940000" lon="6.457490000">
        <ele>815.000</ele>
      </trkpt>
      <trkpt lat="45.756940000" lon="6.457700000">
        <ele>817.000</ele>
      </trkpt>
      <trkpt lat="45.756950000" lon="6.457860000">
        <ele>818.000</ele>
      </trkpt>
      <trkpt lat="45.756980000" lon="6.458010000">
        <ele>820.000</ele>
      </trkpt>
      <trkpt lat="45.757020000" lon="6.458130000">
        <ele>821.000</ele>
      </trkpt>
      <trkpt lat="45.757070000" lon="6.458230000">
        <ele>823.000</ele>
      </trkpt>
      <trkpt lat="45.757210000" lon="6.458420000">
        <ele>825.000</ele>
      </trkpt>
      <trkpt lat="45.757280000" lon="6.458520000">
        <ele>827.000</ele>
      </trkpt>
      <trkpt lat="45.757340000" lon="6.458670000">
        <ele>829.000</ele>
      </trkpt>
      <trkpt lat="45.757380000" lon="6.458830000">
        <ele>830.000</ele>
      </trkpt>
      <trkpt lat="45.757400000" lon="6.459010000">
        <ele>832.000</ele>
      </trkpt>
      <trkpt lat="45.757450000" lon="6.459600000">
        <ele>836.000</ele>
      </trkpt>
      <trkpt lat="45.757480000" lon="6.459830000">
        <ele>838.000</ele>
      </trkpt>
      <trkpt lat="45.757510000" lon="6.459970000">
        <ele>840.000</ele>
      </trkpt>
      <trkpt lat="45.757730000" lon="6.460480000">
        <ele>842.000</ele>
      </trkpt>
      <trkpt lat="45.758010000" lon="6.461180000">
        <ele>845.000</ele>
      </trkpt>
      <trkpt lat="45.758160000" lon="6.461440000">
        <ele>847.000</ele>
      </trkpt>
      <trkpt lat="45.758540000" lon="6.461820000">
        <ele>850.000</ele>
      </trkpt>
      <trkpt lat="45.758990000" lon="6.462380000">
        <ele>852.000</ele>
      </trkpt>
      <trkpt lat="45.759220000" lon="6.462700000">
        <ele>853.000</ele>
      </trkpt>
      <trkpt lat="45.759310000" lon="6.462870000">
        <ele>854.000</ele>
      </trkpt>
      <trkpt lat="45.759360000" lon="6.462990000">
        <ele>855.000</ele>
      </trkpt>
      <trkpt lat="45.759400000" lon="6.463100000">
        <ele>856.000</ele>
      </trkpt>
      <trkpt lat="45.759410000" lon="6.463180000">
        <ele>856.000</ele>
      </trkpt>
      <trkpt lat="45.759460000" lon="6.463300000">
        <ele>857.000</ele>
      </trkpt>
      <trkpt lat="45.759490000" lon="6.463360000">
        <ele>857.000</ele>
      </trkpt>
      <trkpt lat="45.759550000" lon="6.463410000">
        <ele>857.000</ele>
      </trkpt>
      <trkpt lat="45.759600000" lon="6.463430000">
        <ele>858.000</ele>
      </trkpt>
      <trkpt lat="45.759660000" lon="6.463440000">
        <ele>858.000</ele>
      </trkpt>
      <trkpt lat="45.759730000" lon="6.463420000">
        <ele>858.000</ele>
      </trkpt>
      <trkpt lat="45.759850000" lon="6.463350000">
        <ele>858.000</ele>
      </trkpt>
      <trkpt lat="45.759960000" lon="6.463260000">
        <ele>858.000</ele>
      </trkpt>
      <trkpt lat="45.760190000" lon="6.463140000">
        <ele>859.000</ele>
      </trkpt>
      <trkpt lat="45.760260000" lon="6.463140000">
        <ele>860.000</ele>
      </trkpt>
      <trkpt lat="45.760360000" lon="6.463160000">
        <ele>860.000</ele>
      </trkpt>
      <trkpt lat="45.760520000" lon="6.463260000">
        <ele>861.000</ele>
      </trkpt>
      <trkpt lat="45.760730000" lon="6.463470000">
        <ele>861.000</ele>
      </trkpt>
      <trkpt lat="45.760800000" lon="6.463530000">
        <ele>862.000</ele>
      </trkpt>
      <trkpt lat="45.760940000" lon="6.463580000">
        <ele>863.000</ele>
      </trkpt>
      <trkpt lat="45.761060000" lon="6.463630000">
        <ele>863.000</ele>
      </trkpt>
      <trkpt lat="45.761210000" lon="6.463690000">
        <ele>864.000</ele>
      </trkpt>
      <trkpt lat="45.761480000" lon="6.463910000">
        <ele>865.000</ele>
      </trkpt>
      <trkpt lat="45.761570000" lon="6.463970000">
        <ele>866.000</ele>
      </trkpt>
      <trkpt lat="45.761900000" lon="6.464050000">
        <ele>866.000</ele>
      </trkpt>
      <trkpt lat="45.762030000" lon="6.464100000">
        <ele>867.000</ele>
      </trkpt>
      <trkpt lat="45.762150000" lon="6.464170000">
        <ele>867.000</ele>
      </trkpt>
      <trkpt lat="45.762210000" lon="6.464260000">
        <ele>867.000</ele>
      </trkpt>
      <trkpt lat="45.762280000" lon="6.464390000">
        <ele>867.000</ele>
      </trkpt>
      <trkpt lat="45.762310000" lon="6.464530000">
        <ele>867.000</ele>
      </trkpt>
      <trkpt lat="45.762320000" lon="6.464720000">
        <ele>867.000</ele>
      </trkpt>
      <trkpt lat="45.762320000" lon="6.465080000">
        <ele>867.000</ele>
      </trkpt>
      <trkpt lat="45.762330000" lon="6.465260000">
        <ele>867.000</ele>
      </trkpt>
      <trkpt lat="45.762320000" lon="6.465580000">
        <ele>867.000</ele>
      </trkpt>
      <trkpt lat="45.762340000" lon="6.465800000">
        <ele>867.000</ele>
      </trkpt>
      <trkpt lat="45.762360000" lon="6.465970000">
        <ele>867.000</ele>
      </trkpt>
      <trkpt lat="45.762390000" lon="6.466030000">
        <ele>868.000</ele>
      </trkpt>
      <trkpt lat="45.762410000" lon="6.466080000">
        <ele>868.000</ele>
      </trkpt>
      <trkpt lat="45.762460000" lon="6.466140000">
        <ele>868.000</ele>
      </trkpt>
      <trkpt lat="45.762530000" lon="6.466190000">
        <ele>869.000</ele>
      </trkpt>
      <trkpt lat="45.762600000" lon="6.466220000">
        <ele>869.000</ele>
      </trkpt>
      <trkpt lat="45.762710000" lon="6.466250000">
        <ele>870.000</ele>
      </trkpt>
      <trkpt lat="45.762780000" lon="6.466260000">
        <ele>870.000</ele>
      </trkpt>
      <trkpt lat="45.762870000" lon="6.466230000">
        <ele>871.000</ele>
      </trkpt>
      <trkpt lat="45.762920000" lon="6.466240000">
        <ele>871.000</ele>
      </trkpt>
      <trkpt lat="45.762980000" lon="6.466250000">
        <ele>872.000</ele>
      </trkpt>
      <trkpt lat="45.763050000" lon="6.466290000">
        <ele>872.000</ele>
      </trkpt>
      <trkpt lat="45.763130000" lon="6.466350000">
        <ele>873.000</ele>
      </trkpt>
      <trkpt lat="45.763220000" lon="6.466450000">
        <ele>874.000</ele>
      </trkpt>
      <trkpt lat="45.763350000" lon="6.466610000">
        <ele>874.000</ele>
      </trkpt>
      <trkpt lat="45.763760000" lon="6.467250000">
        <ele>877.000</ele>
      </trkpt>
      <trkpt lat="45.764110000" lon="6.467730000">
        <ele>879.000</ele>
      </trkpt>
      <trkpt lat="45.764460000" lon="6.468150000">
        <ele>883.000</ele>
      </trkpt>
      <trkpt lat="45.764580000" lon="6.468390000">
        <ele>886.000</ele>
      </trkpt>
      <trkpt lat="45.764690000" lon="6.468590000">
        <ele>888.000</ele>
      </trkpt>
      <trkpt lat="45.764830000" lon="6.468780000">
        <ele>891.000</ele>
      </trkpt>
      <trkpt lat="45.765610000" lon="6.469320000">
        <ele>895.000</ele>
      </trkpt>
      <trkpt lat="45.765820000" lon="6.469420000">
        <ele>899.000</ele>
      </trkpt>
      <trkpt lat="45.766130000" lon="6.469540000">
        <ele>903.000</ele>
      </trkpt>
      <trkpt lat="45.766610000" lon="6.469670000">
        <ele>906.000</ele>
      </trkpt>
      <trkpt lat="45.766770000" lon="6.469760000">
        <ele>910.000</ele>
      </trkpt>
      <trkpt lat="45.766910000" lon="6.469850000">
        <ele>912.000</ele>
      </trkpt>
      <trkpt lat="45.767050000" lon="6.470020000">
        <ele>914.000</ele>
      </trkpt>
      <trkpt lat="45.767200000" lon="6.470270000">
        <ele>917.000</ele>
      </trkpt>
      <trkpt lat="45.767540000" lon="6.470680000">
        <ele>920.000</ele>
      </trkpt>
      <trkpt lat="45.767760000" lon="6.470870000">
        <ele>922.000</ele>
      </trkpt>
      <trkpt lat="45.767950000" lon="6.471080000">
        <ele>923.000</ele>
      </trkpt>
      <trkpt lat="45.768090000" lon="6.471170000">
        <ele>924.000</ele>
      </trkpt>
      <trkpt lat="45.768320000" lon="6.471300000">
        <ele>925.000</ele>
      </trkpt>
      <trkpt lat="45.768730000" lon="6.471560000">
        <ele>926.000</ele>
      </trkpt>
      <trkpt lat="45.769020000" lon="6.471700000">
        <ele>927.000</ele>
      </trkpt>
      <trkpt lat="45.769250000" lon="6.471750000">
        <ele>927.000</ele>
      </trkpt>
      <trkpt lat="45.769540000" lon="6.471790000">
        <ele>928.000</ele>
      </trkpt>
      <trkpt lat="45.769680000" lon="6.471820000">
        <ele>930.000</ele>
      </trkpt>
      <trkpt lat="45.769780000" lon="6.471850000">
        <ele>931.000</ele>
      </trkpt>
      <trkpt lat="45.770110000" lon="6.472060000">
        <ele>932.000</ele>
      </trkpt>
      <trkpt lat="45.770370000" lon="6.472310000">
        <ele>934.000</ele>
      </trkpt>
      <trkpt lat="45.770440000" lon="6.472360000">
        <ele>936.000</ele>
      </trkpt>
      <trkpt lat="45.770520000" lon="6.472390000">
        <ele>937.000</ele>
      </trkpt>
      <trkpt lat="45.771230000" lon="6.472390000">
        <ele>940.000</ele>
      </trkpt>
      <trkpt lat="45.771310000" lon="6.472370000">
        <ele>942.000</ele>
      </trkpt>
      <trkpt lat="45.771370000" lon="6.472330000">
        <ele>943.000</ele>
      </trkpt>
      <trkpt lat="45.771420000" lon="6.472300000">
        <ele>944.000</ele>
      </trkpt>
      <trkpt lat="45.771570000" lon="6.472220000">
        <ele>944.000</ele>
      </trkpt>
      <trkpt lat="45.771640000" lon="6.472220000">
        <ele>944.000</ele>
      </trkpt>
      <trkpt lat="45.771740000" lon="6.472250000">
        <ele>944.000</ele>
      </trkpt>
      <trkpt lat="45.771840000" lon="6.472330000">
        <ele>944.000</ele>
      </trkpt>
      <trkpt lat="45.771950000" lon="6.472430000">
        <ele>944.000</ele>
      </trkpt>
      <trkpt lat="45.772010000" lon="6.472480000">
        <ele>944.000</ele>
      </trkpt>
      <trkpt lat="45.772070000" lon="6.472500000">
        <ele>943.000</ele>
      </trkpt>
      <trkpt lat="45.772130000" lon="6.472500000">
        <ele>943.000</ele>
      </trkpt>
      <trkpt lat="45.772200000" lon="6.472490000">
        <ele>943.000</ele>
      </trkpt>
      <trkpt lat="45.772240000" lon="6.472510000">
        <ele>943.000</ele>
      </trkpt>
      <trkpt lat="45.772260000" lon="6.472520000">
        <ele>943.000</ele>
      </trkpt>
      <trkpt lat="45.772290000" lon="6.472540000">
        <ele>943.000</ele>
      </trkpt>
      <trkpt lat="45.772310000" lon="6.472570000">
        <ele>943.000</ele>
      </trkpt>
      <trkpt lat="45.772440000" lon="6.472850000">
        <ele>942.000</ele>
      </trkpt>
      <trkpt lat="45.772450000" lon="6.472870000">
        <ele>942.000</ele>
      </trkpt>
      <trkpt lat="45.772490000" lon="6.472950000">
        <ele>942.000</ele>
      </trkpt>
      <trkpt lat="45.772500000" lon="6.472970000">
        <ele>942.000</ele>
      </trkpt>
      <trkpt lat="45.772530000" lon="6.473050000">
        <ele>942.000</ele>
      </trkpt>
      <trkpt lat="45.772610000" lon="6.473240000">
        <ele>941.000</ele>
      </trkpt>
      <trkpt lat="45.772690000" lon="6.473410000">
        <ele>941.000</ele>
      </trkpt>
      <trkpt lat="45.772750000" lon="6.473520000">
        <ele>941.000</ele>
      </trkpt>
      <trkpt lat="45.772840000" lon="6.473630000">
        <ele>942.000</ele>
      </trkpt>
      <trkpt lat="45.773060000" lon="6.473850000">
        <ele>943.000</ele>
      </trkpt>
      <trkpt lat="45.773110000" lon="6.473910000">
        <ele>944.000</ele>
      </trkpt>
      <trkpt lat="45.773240000" lon="6.474040000">
        <ele>945.000</ele>
      </trkpt>
      <trkpt lat="45.773320000" lon="6.474100000">
        <ele>946.000</ele>
      </trkpt>
      <trkpt lat="45.773380000" lon="6.474120000">
        <ele>947.000</ele>
      </trkpt>
      <trkpt lat="45.773400000" lon="6.474120000">
        <ele>948.000</ele>
      </trkpt>
      <trkpt lat="45.773430000" lon="6.474120000">
        <ele>948.000</ele>
      </trkpt>
      <trkpt lat="45.773470000" lon="6.474100000">
        <ele>949.000</ele>
      </trkpt>
      <trkpt lat="45.773520000" lon="6.474080000">
        <ele>949.000</ele>
      </trkpt>
      <trkpt lat="45.773590000" lon="6.474000000">
        <ele>950.000</ele>
      </trkpt>
      <trkpt lat="45.773660000" lon="6.473880000">
        <ele>950.000</ele>
      </trkpt>
      <trkpt lat="45.773710000" lon="6.473810000">
        <ele>951.000</ele>
      </trkpt>
      <trkpt lat="45.773760000" lon="6.473750000">
        <ele>952.000</ele>
      </trkpt>
      <trkpt lat="45.773790000" lon="6.473740000">
        <ele>952.000</ele>
      </trkpt>
      <trkpt lat="45.773830000" lon="6.473730000">
        <ele>953.000</ele>
      </trkpt>
      <trkpt lat="45.773870000" lon="6.473750000">
        <ele>953.000</ele>
      </trkpt>
      <trkpt lat="45.773920000" lon="6.473790000">
        <ele>954.000</ele>
      </trkpt>
      <trkpt lat="45.774050000" lon="6.473960000">
        <ele>955.000</ele>
      </trkpt>
      <trkpt lat="45.774090000" lon="6.474010000">
        <ele>956.000</ele>
      </trkpt>
      <trkpt lat="45.774110000" lon="6.474060000">
        <ele>956.000</ele>
      </trkpt>
      <trkpt lat="45.774150000" lon="6.474190000">
        <ele>957.000</ele>
      </trkpt>
      <trkpt lat="45.774250000" lon="6.474530000">
        <ele>959.000</ele>
      </trkpt>
      <trkpt lat="45.774300000" lon="6.474780000">
        <ele>960.000</ele>
      </trkpt>
      <trkpt lat="45.774310000" lon="6.474970000">
        <ele>962.000</ele>
      </trkpt>
      <trkpt lat="45.774310000" lon="6.475100000">
        <ele>963.000</ele>
      </trkpt>
      <trkpt lat="45.774270000" lon="6.475390000">
        <ele>965.000</ele>
      </trkpt>
      <trkpt lat="45.774280000" lon="6.475510000">
        <ele>967.000</ele>
      </trkpt>
      <trkpt lat="45.774310000" lon="6.475640000">
        <ele>968.000</ele>
      </trkpt>
      <trkpt lat="45.774360000" lon="6.475740000">
        <ele>970.000</ele>
      </trkpt>
      <trkpt lat="45.774460000" lon="6.475880000">
        <ele>971.000</ele>
      </trkpt>
      <trkpt lat="45.774590000" lon="6.476030000">
        <ele>973.000</ele>
      </trkpt>
      <trkpt lat="45.774740000" lon="6.476180000">
        <ele>974.000</ele>
      </trkpt>
      <trkpt lat="45.775030000" lon="6.476660000">
        <ele>977.000</ele>
      </trkpt>
      <trkpt lat="45.775490000" lon="6.477150000">
        <ele>980.000</ele>
      </trkpt>
      <trkpt lat="45.775600000" lon="6.477250000">
        <ele>981.000</ele>
      </trkpt>
      <trkpt lat="45.775750000" lon="6.477340000">
        <ele>983.000</ele>
      </trkpt>
      <trkpt lat="45.775930000" lon="6.477400000">
        <ele>983.000</ele>
      </trkpt>
      <trkpt lat="45.776040000" lon="6.477480000">
        <ele>984.000</ele>
      </trkpt>
      <trkpt lat="45.776390000" lon="6.477860000">
        <ele>985.000</ele>
      </trkpt>
      <trkpt lat="45.776470000" lon="6.477910000">
        <ele>985.000</ele>
      </trkpt>
      <trkpt lat="45.776540000" lon="6.477940000">
        <ele>986.000</ele>
      </trkpt>
      <trkpt lat="45.776600000" lon="6.477950000">
        <ele>986.000</ele>
      </trkpt>
      <trkpt lat="45.776690000" lon="6.477940000">
        <ele>986.000</ele>
      </trkpt>
      <trkpt lat="45.776810000" lon="6.477910000">
        <ele>987.000</ele>
      </trkpt>
      <trkpt lat="45.776910000" lon="6.477900000">
        <ele>987.000</ele>
      </trkpt>
      <trkpt lat="45.776990000" lon="6.477920000">
        <ele>988.000</ele>
      </trkpt>
      <trkpt lat="45.777140000" lon="6.477970000">
        <ele>989.000</ele>
      </trkpt>
      <trkpt lat="45.777300000" lon="6.478050000">
        <ele>990.000</ele>
      </trkpt>
      <trkpt lat="45.777910000" lon="6.478400000">
        <ele>992.000</ele>
      </trkpt>
      <trkpt lat="45.778060000" lon="6.478540000">
        <ele>994.000</ele>
      </trkpt>
      <trkpt lat="45.778170000" lon="6.478670000">
        <ele>995.000</ele>
      </trkpt>
      <trkpt lat="45.778300000" lon="6.478860000">
        <ele>997.000</ele>
      </trkpt>
      <trkpt lat="45.778380000" lon="6.479010000">
        <ele>998.000</ele>
      </trkpt>
      <trkpt lat="45.778440000" lon="6.479160000">
        <ele>999.000</ele>
      </trkpt>
      <trkpt lat="45.778590000" lon="6.479660000">
        <ele>1000.000</ele>
      </trkpt>
      <trkpt lat="45.778660000" lon="6.479810000">
        <ele>1001.000</ele>
      </trkpt>
      <trkpt lat="45.778740000" lon="6.479960000">
        <ele>1002.000</ele>
      </trkpt>
      <trkpt lat="45.778830000" lon="6.480070000">
        <ele>1003.000</ele>
      </trkpt>
      <trkpt lat="45.778920000" lon="6.480140000">
        <ele>1004.000</ele>
      </trkpt>
      <trkpt lat="45.779120000" lon="6.480240000">
        <ele>1005.000</ele>
      </trkpt>
      <trkpt lat="45.779230000" lon="6.480320000">
        <ele>1006.000</ele>
      </trkpt>
      <trkpt lat="45.779320000" lon="6.480420000">
        <ele>1007.000</ele>
      </trkpt>
      <trkpt lat="45.779490000" lon="6.480690000">
        <ele>1008.000</ele>
      </trkpt>
      <trkpt lat="45.779640000" lon="6.480850000">
        <ele>1008.000</ele>
      </trkpt>
      <trkpt lat="45.779760000" lon="6.480930000">
        <ele>1008.000</ele>
      </trkpt>
      <trkpt lat="45.779920000" lon="6.480980000">
        <ele>1008.000</ele>
      </trkpt>
      <trkpt lat="45.780090000" lon="6.481030000">
        <ele>1008.000</ele>
      </trkpt>
      <trkpt lat="45.780500000" lon="6.481260000">
        <ele>1007.000</ele>
      </trkpt>
      <trkpt lat="45.780680000" lon="6.481330000">
        <ele>1007.000</ele>
      </trkpt>
      <trkpt lat="45.781200000" lon="6.481390000">
        <ele>1006.000</ele>
      </trkpt>
      <trkpt lat="45.781380000" lon="6.481390000">
        <ele>1004.000</ele>
      </trkpt>
      <trkpt lat="45.781690000" lon="6.481250000">
        <ele>1003.000</ele>
      </trkpt>
      <trkpt lat="45.781800000" lon="6.481220000">
        <ele>1001.000</ele>
      </trkpt>
      <trkpt lat="45.781810000" lon="6.481220000">
        <ele>1000.000</ele>
      </trkpt>
      <trkpt lat="45.781810000" lon="6.481220000">
        <ele>1000.000</ele>
      </trkpt>
      <trkpt lat="45.782070000" lon="6.481190000">
        <ele>998.000</ele>
      </trkpt>
      <trkpt lat="45.782250000" lon="6.481280000">
        <ele>997.000</ele>
      </trkpt>
      <trkpt lat="45.782390000" lon="6.481340000">
        <ele>996.000</ele>
      </trkpt>
      <trkpt lat="45.782560000" lon="6.481380000">
        <ele>995.000</ele>
      </trkpt>
      <trkpt lat="45.782820000" lon="6.481390000">
        <ele>993.000</ele>
      </trkpt>
      <trkpt lat="45.783210000" lon="6.481320000">
        <ele>991.000</ele>
      </trkpt>
      <trkpt lat="45.783860000" lon="6.481250000">
        <ele>985.000</ele>
      </trkpt>
      <trkpt lat="45.784060000" lon="6.481270000">
        <ele>979.000</ele>
      </trkpt>
      <trkpt lat="45.784230000" lon="6.481360000">
        <ele>974.000</ele>
      </trkpt>
      <trkpt lat="45.784380000" lon="6.481450000">
        <ele>969.000</ele>
      </trkpt>
      <trkpt lat="45.784470000" lon="6.481490000">
        <ele>966.000</ele>
      </trkpt>
      <trkpt lat="45.784620000" lon="6.481510000">
        <ele>962.000</ele>
      </trkpt>
      <trkpt lat="45.785050000" lon="6.481550000">
        <ele>957.000</ele>
      </trkpt>
      <trkpt lat="45.785110000" lon="6.481570000">
        <ele>953.000</ele>
      </trkpt>
      <trkpt lat="45.785140000" lon="6.481590000">
        <ele>950.000</ele>
      </trkpt>
      <trkpt lat="45.785180000" lon="6.481660000">
        <ele>948.000</ele>
      </trkpt>
      <trkpt lat="45.785210000" lon="6.481740000">
        <ele>947.000</ele>
      </trkpt>
      <trkpt lat="45.785260000" lon="6.482050000">
        <ele>945.000</ele>
      </trkpt>
      <trkpt lat="45.785310000" lon="6.482150000">
        <ele>944.000</ele>
      </trkpt>
      <trkpt lat="45.785370000" lon="6.482200000">
        <ele>943.000</ele>
      </trkpt>
      <trkpt lat="45.785450000" lon="6.482240000">
        <ele>942.000</ele>
      </trkpt>
      <trkpt lat="45.785620000" lon="6.482250000">
        <ele>941.000</ele>
      </trkpt>
      <trkpt lat="45.785770000" lon="6.482240000">
        <ele>940.000</ele>
      </trkpt>
      <trkpt lat="45.785890000" lon="6.482230000">
        <ele>939.000</ele>
      </trkpt>
      <trkpt lat="45.785980000" lon="6.482200000">
        <ele>938.000</ele>
      </trkpt>
      <trkpt lat="45.786080000" lon="6.482150000">
        <ele>937.000</ele>
      </trkpt>
      <trkpt lat="45.786320000" lon="6.481950000">
        <ele>936.000</ele>
      </trkpt>
      <trkpt lat="45.786500000" lon="6.481830000">
        <ele>934.000</ele>
      </trkpt>
      <trkpt lat="45.786640000" lon="6.481770000">
        <ele>933.000</ele>
      </trkpt>
      <trkpt lat="45.786740000" lon="6.481750000">
        <ele>932.000</ele>
      </trkpt>
      <trkpt lat="45.786870000" lon="6.481750000">
        <ele>930.000</ele>
      </trkpt>
      <trkpt lat="45.787200000" lon="6.481760000">
        <ele>929.000</ele>
      </trkpt>
      <trkpt lat="45.787490000" lon="6.481800000">
        <ele>926.000</ele>
      </trkpt>
      <trkpt lat="45.787600000" lon="6.481840000">
        <ele>925.000</ele>
      </trkpt>
      <trkpt lat="45.787730000" lon="6.481910000">
        <ele>923.000</ele>
      </trkpt>
      <trkpt lat="45.787820000" lon="6.481990000">
        <ele>922.000</ele>
      </trkpt>
      <trkpt lat="45.788090000" lon="6.482260000">
        <ele>920.000</ele>
      </trkpt>
      <trkpt lat="45.788190000" lon="6.482340000">
        <ele>918.000</ele>
      </trkpt>
      <trkpt lat="45.788260000" lon="6.482390000">
        <ele>916.000</ele>
      </trkpt>
      <trkpt lat="45.788420000" lon="6.482450000">
        <ele>915.000</ele>
      </trkpt>
      <trkpt lat="45.789010000" lon="6.482620000">
        <ele>912.000</ele>
      </trkpt>
      <trkpt lat="45.789230000" lon="6.482700000">
        <ele>909.000</ele>
      </trkpt>
      <trkpt lat="45.789410000" lon="6.482790000">
        <ele>907.000</ele>
      </trkpt>
      <trkpt lat="45.789500000" lon="6.482840000">
        <ele>905.000</ele>
      </trkpt>
      <trkpt lat="45.789610000" lon="6.482930000">
        <ele>903.000</ele>
      </trkpt>
      <trkpt lat="45.789780000" lon="6.483130000">
        <ele>901.000</ele>
      </trkpt>
      <trkpt lat="45.789860000" lon="6.483210000">
        <ele>900.000</ele>
      </trkpt>
      <trkpt lat="45.790130000" lon="6.483340000">
        <ele>898.000</ele>
      </trkpt>
      <trkpt lat="45.790210000" lon="6.483390000">
        <ele>897.000</ele>
      </trkpt>
      <trkpt lat="45.790310000" lon="6.483490000">
        <ele>896.000</ele>
      </trkpt>
      <trkpt lat="45.790370000" lon="6.483600000">
        <ele>895.000</ele>
      </trkpt>
      <trkpt lat="45.790370000" lon="6.483690000">
        <ele>894.000</ele>
      </trkpt>
      <trkpt lat="45.790370000" lon="6.483930000">
        <ele>893.000</ele>
      </trkpt>
      <trkpt lat="45.790380000" lon="6.484030000">
        <ele>893.000</ele>
      </trkpt>
      <trkpt lat="45.790410000" lon="6.484120000">
        <ele>892.000</ele>
      </trkpt>
      <trkpt lat="45.790460000" lon="6.484210000">
        <ele>892.000</ele>
      </trkpt>
      <trkpt lat="45.790510000" lon="6.484250000">
        <ele>891.000</ele>
      </trkpt>
      <trkpt lat="45.790570000" lon="6.484280000">
        <ele>891.000</ele>
      </trkpt>
      <trkpt lat="45.790660000" lon="6.484300000">
        <ele>890.000</ele>
      </trkpt>
      <trkpt lat="45.790750000" lon="6.484290000">
        <ele>890.000</ele>
      </trkpt>
      <trkpt lat="45.790810000" lon="6.484260000">
        <ele>889.000</ele>
      </trkpt>
      <trkpt lat="45.790850000" lon="6.484200000">
        <ele>889.000</ele>
      </trkpt>
      <trkpt lat="45.790860000" lon="6.484150000">
        <ele>888.000</ele>
      </trkpt>
      <trkpt lat="45.790870000" lon="6.484090000">
        <ele>888.000</ele>
      </trkpt>
      <trkpt lat="45.790850000" lon="6.484010000">
        <ele>888.000</ele>
      </trkpt>
      <trkpt lat="45.790820000" lon="6.483950000">
        <ele>887.000</ele>
      </trkpt>
      <trkpt lat="45.790650000" lon="6.483740000">
        <ele>887.000</ele>
      </trkpt>
      <trkpt lat="45.790610000" lon="6.483650000">
        <ele>886.000</ele>
      </trkpt>
      <trkpt lat="45.790610000" lon="6.483580000">
        <ele>885.000</ele>
      </trkpt>
      <trkpt lat="45.790620000" lon="6.483530000">
        <ele>885.000</ele>
      </trkpt>
      <trkpt lat="45.790650000" lon="6.483490000">
        <ele>884.000</ele>
      </trkpt>
      <trkpt lat="45.790690000" lon="6.483470000">
        <ele>884.000</ele>
      </trkpt>
      <trkpt lat="45.790720000" lon="6.483480000">
        <ele>884.000</ele>
      </trkpt>
      <trkpt lat="45.790760000" lon="6.483500000">
        <ele>883.000</ele>
      </trkpt>
      <trkpt lat="45.790800000" lon="6.483550000">
        <ele>883.000</ele>
      </trkpt>
      <trkpt lat="45.790930000" lon="6.483740000">
        <ele>882.000</ele>
      </trkpt>
      <trkpt lat="45.791080000" lon="6.483910000">
        <ele>880.000</ele>
      </trkpt>
      <trkpt lat="45.791210000" lon="6.484070000">
        <ele>879.000</ele>
      </trkpt>
      <trkpt lat="45.791350000" lon="6.484270000">
        <ele>877.000</ele>
      </trkpt>
      <trkpt lat="45.791400000" lon="6.484290000">
        <ele>876.000</ele>
      </trkpt>
      <trkpt lat="45.791450000" lon="6.484290000">
        <ele>875.000</ele>
      </trkpt>
      <trkpt lat="45.791490000" lon="6.484260000">
        <ele>874.000</ele>
      </trkpt>
      <trkpt lat="45.791530000" lon="6.484200000">
        <ele>873.000</ele>
      </trkpt>
      <trkpt lat="45.791550000" lon="6.484130000">
        <ele>873.000</ele>
      </trkpt>
      <trkpt lat="45.791550000" lon="6.484020000">
        <ele>872.000</ele>
      </trkpt>
      <trkpt lat="45.791530000" lon="6.483890000">
        <ele>871.000</ele>
      </trkpt>
      <trkpt lat="45.791490000" lon="6.483770000">
        <ele>870.000</ele>
      </trkpt>
      <trkpt lat="45.791430000" lon="6.483670000">
        <ele>869.000</ele>
      </trkpt>
      <trkpt lat="45.791370000" lon="6.483580000">
        <ele>868.000</ele>
      </trkpt>
      <trkpt lat="45.791310000" lon="6.483530000">
        <ele>868.000</ele>
      </trkpt>
      <trkpt lat="45.791150000" lon="6.483430000">
        <ele>867.000</ele>
      </trkpt>
      <trkpt lat="45.791090000" lon="6.483350000">
        <ele>866.000</ele>
      </trkpt>
      <trkpt lat="45.791060000" lon="6.483290000">
        <ele>865.000</ele>
      </trkpt>
      <trkpt lat="45.791060000" lon="6.483210000">
        <ele>865.000</ele>
      </trkpt>
      <trkpt lat="45.791080000" lon="6.483140000">
        <ele>864.000</ele>
      </trkpt>
      <trkpt lat="45.791120000" lon="6.483070000">
        <ele>864.000</ele>
      </trkpt>
      <trkpt lat="45.791170000" lon="6.483010000">
        <ele>863.000</ele>
      </trkpt>
      <trkpt lat="45.791270000" lon="6.482940000">
        <ele>863.000</ele>
      </trkpt>
      <trkpt lat="45.791360000" lon="6.482910000">
        <ele>862.000</ele>
      </trkpt>
      <trkpt lat="45.791510000" lon="6.482920000">
        <ele>861.000</ele>
      </trkpt>
      <trkpt lat="45.791620000" lon="6.482890000">
        <ele>860.000</ele>
      </trkpt>
      <trkpt lat="45.791710000" lon="6.482840000">
        <ele>860.000</ele>
      </trkpt>
      <trkpt lat="45.791830000" lon="6.482720000">
        <ele>859.000</ele>
      </trkpt>
      <trkpt lat="45.791890000" lon="6.482670000">
        <ele>858.000</ele>
      </trkpt>
      <trkpt lat="45.792150000" lon="6.482600000">
        <ele>857.000</ele>
      </trkpt>
      <trkpt lat="45.792200000" lon="6.482570000">
        <ele>856.000</ele>
      </trkpt>
      <trkpt lat="45.792440000" lon="6.482360000">
        <ele>855.000</ele>
      </trkpt>
      <trkpt lat="45.792560000" lon="6.482270000">
        <ele>854.000</ele>
      </trkpt>
      <trkpt lat="45.792640000" lon="6.482240000">
        <ele>852.000</ele>
      </trkpt>
      <trkpt lat="45.792730000" lon="6.482210000">
        <ele>851.000</ele>
      </trkpt>
      <trkpt lat="45.792840000" lon="6.482210000">
        <ele>850.000</ele>
      </trkpt>
      <trkpt lat="45.792950000" lon="6.482230000">
        <ele>849.000</ele>
      </trkpt>
      <trkpt lat="45.793060000" lon="6.482260000">
        <ele>848.000</ele>
      </trkpt>
      <trkpt lat="45.793130000" lon="6.482320000">
        <ele>847.000</ele>
      </trkpt>
      <trkpt lat="45.793160000" lon="6.482380000">
        <ele>846.000</ele>
      </trkpt>
      <trkpt lat="45.793180000" lon="6.482450000">
        <ele>845.000</ele>
      </trkpt>
      <trkpt lat="45.793180000" lon="6.482530000">
        <ele>844.000</ele>
      </trkpt>
      <trkpt lat="45.793160000" lon="6.482620000">
        <ele>843.000</ele>
      </trkpt>
      <trkpt lat="45.793130000" lon="6.482660000">
        <ele>843.000</ele>
      </trkpt>
      <trkpt lat="45.793090000" lon="6.482710000">
        <ele>842.000</ele>
      </trkpt>
      <trkpt lat="45.793020000" lon="6.482730000">
        <ele>842.000</ele>
      </trkpt>
      <trkpt lat="45.792960000" lon="6.482730000">
        <ele>841.000</ele>
      </trkpt>
      <trkpt lat="45.792740000" lon="6.482700000">
        <ele>840.000</ele>
      </trkpt>
      <trkpt lat="45.792690000" lon="6.482710000">
        <ele>839.000</ele>
      </trkpt>
      <trkpt lat="45.792630000" lon="6.482740000">
        <ele>838.000</ele>
      </trkpt>
      <trkpt lat="45.792580000" lon="6.482820000">
        <ele>837.000</ele>
      </trkpt>
      <trkpt lat="45.792550000" lon="6.482920000">
        <ele>836.000</ele>
      </trkpt>
      <trkpt lat="45.792550000" lon="6.483020000">
        <ele>835.000</ele>
      </trkpt>
      <trkpt lat="45.792590000" lon="6.483120000">
        <ele>834.000</ele>
      </trkpt>
      <trkpt lat="45.792650000" lon="6.483180000">
        <ele>833.000</ele>
      </trkpt>
      <trkpt lat="45.792830000" lon="6.483220000">
        <ele>832.000</ele>
      </trkpt>
      <trkpt lat="45.792950000" lon="6.483270000">
        <ele>831.000</ele>
      </trkpt>
      <trkpt lat="45.793560000" lon="6.483590000">
        <ele>828.000</ele>
      </trkpt>
      <trkpt lat="45.793670000" lon="6.483660000">
        <ele>826.000</ele>
      </trkpt>
      <trkpt lat="45.793740000" lon="6.483720000">
        <ele>825.000</ele>
      </trkpt>
      <trkpt lat="45.793800000" lon="6.483790000">
        <ele>823.000</ele>
      </trkpt>
      <trkpt lat="45.793880000" lon="6.483940000">
        <ele>822.000</ele>
      </trkpt>
      <trkpt lat="45.794010000" lon="6.484250000">
        <ele>820.000</ele>
      </trkpt>
      <trkpt lat="45.794080000" lon="6.484460000">
        <ele>819.000</ele>
      </trkpt>
      <trkpt lat="45.794110000" lon="6.484630000">
        <ele>817.000</ele>
      </trkpt>
      <trkpt lat="45.794160000" lon="6.485240000">
        <ele>816.000</ele>
      </trkpt>
      <trkpt lat="45.794180000" lon="6.485400000">
        <ele>815.000</ele>
      </trkpt>
      <trkpt lat="45.794200000" lon="6.485520000">
        <ele>814.000</ele>
      </trkpt>
      <trkpt lat="45.794210000" lon="6.485610000">
        <ele>813.000</ele>
      </trkpt>
      <trkpt lat="45.794190000" lon="6.485670000">
        <ele>812.000</ele>
      </trkpt>
      <trkpt lat="45.794150000" lon="6.485740000">
        <ele>812.000</ele>
      </trkpt>
      <trkpt lat="45.794000000" lon="6.485820000">
        <ele>811.000</ele>
      </trkpt>
      <trkpt lat="45.793900000" lon="6.485870000">
        <ele>810.000</ele>
      </trkpt>
      <trkpt lat="45.793840000" lon="6.485910000">
        <ele>810.000</ele>
      </trkpt>
      <trkpt lat="45.793800000" lon="6.485980000">
        <ele>810.000</ele>
      </trkpt>
      <trkpt lat="45.793790000" lon="6.486080000">
        <ele>809.000</ele>
      </trkpt>
      <trkpt lat="45.793810000" lon="6.486160000">
        <ele>809.000</ele>
      </trkpt>
      <trkpt lat="45.793860000" lon="6.486220000">
        <ele>808.000</ele>
      </trkpt>
      <trkpt lat="45.793940000" lon="6.486240000">
        <ele>808.000</ele>
      </trkpt>
      <trkpt lat="45.794260000" lon="6.486210000">
        <ele>807.000</ele>
      </trkpt>
      <trkpt lat="45.794350000" lon="6.486180000">
        <ele>807.000</ele>
      </trkpt>
      <trkpt lat="45.794430000" lon="6.486110000">
        <ele>806.000</ele>
      </trkpt>
      <trkpt lat="45.794470000" lon="6.486050000">
        <ele>806.000</ele>
      </trkpt>
      <trkpt lat="45.794500000" lon="6.485990000">
        <ele>806.000</ele>
      </trkpt>
      <trkpt lat="45.794520000" lon="6.485920000">
        <ele>805.000</ele>
      </trkpt>
      <trkpt lat="45.794520000" lon="6.485820000">
        <ele>805.000</ele>
      </trkpt>
      <trkpt lat="45.794430000" lon="6.485420000">
        <ele>805.000</ele>
      </trkpt>
      <trkpt lat="45.794420000" lon="6.485310000">
        <ele>805.000</ele>
      </trkpt>
      <trkpt lat="45.794440000" lon="6.485200000">
        <ele>804.000</ele>
      </trkpt>
      <trkpt lat="45.794480000" lon="6.485100000">
        <ele>804.000</ele>
      </trkpt>
      <trkpt lat="45.794630000" lon="6.484910000">
        <ele>804.000</ele>
      </trkpt>
      <trkpt lat="45.794650000" lon="6.484830000">
        <ele>804.000</ele>
      </trkpt>
      <trkpt lat="45.794660000" lon="6.484730000">
        <ele>804.000</ele>
      </trkpt>
      <trkpt lat="45.794630000" lon="6.484590000">
        <ele>804.000</ele>
      </trkpt>
      <trkpt lat="45.794560000" lon="6.484430000">
        <ele>803.000</ele>
      </trkpt>
      <trkpt lat="45.794450000" lon="6.484260000">
        <ele>803.000</ele>
      </trkpt>
      <trkpt lat="45.794390000" lon="6.484110000">
        <ele>803.000</ele>
      </trkpt>
      <trkpt lat="45.794370000" lon="6.484020000">
        <ele>803.000</ele>
      </trkpt>
      <trkpt lat="45.794370000" lon="6.483880000">
        <ele>802.000</ele>
      </trkpt>
      <trkpt lat="45.794410000" lon="6.483410000">
        <ele>801.000</ele>
      </trkpt>
      <trkpt lat="45.794450000" lon="6.483250000">
        <ele>800.000</ele>
      </trkpt>
      <trkpt lat="45.794470000" lon="6.483200000">
        <ele>799.000</ele>
      </trkpt>
      <trkpt lat="45.794510000" lon="6.483170000">
        <ele>798.000</ele>
      </trkpt>
      <trkpt lat="45.794570000" lon="6.483150000">
        <ele>797.000</ele>
      </trkpt>
      <trkpt lat="45.794620000" lon="6.483180000">
        <ele>797.000</ele>
      </trkpt>
      <trkpt lat="45.794650000" lon="6.483220000">
        <ele>796.000</ele>
      </trkpt>
      <trkpt lat="45.794690000" lon="6.483300000">
        <ele>795.000</ele>
      </trkpt>
      <trkpt lat="45.794710000" lon="6.483390000">
        <ele>795.000</ele>
      </trkpt>
      <trkpt lat="45.794720000" lon="6.483470000">
        <ele>794.000</ele>
      </trkpt>
      <trkpt lat="45.794660000" lon="6.483500000">
        <ele>794.000</ele>
      </trkpt>
      <trkpt lat="45.794650000" lon="6.483520000">
        <ele>793.000</ele>
      </trkpt>
      <trkpt lat="45.794630000" lon="6.483550000">
        <ele>793.000</ele>
      </trkpt>
      <trkpt lat="45.794600000" lon="6.483580000">
        <ele>792.000</ele>
      </trkpt>
      <trkpt lat="45.794580000" lon="6.483630000">
        <ele>792.000</ele>
      </trkpt>
      <trkpt lat="45.794550000" lon="6.483700000">
        <ele>791.000</ele>
      </trkpt>
      <trkpt lat="45.794530000" lon="6.483780000">
        <ele>791.000</ele>
      </trkpt>
      <trkpt lat="45.794530000" lon="6.483840000">
        <ele>791.000</ele>
      </trkpt>
      <trkpt lat="45.794520000" lon="6.483940000">
        <ele>790.000</ele>
      </trkpt>
      <trkpt lat="45.794540000" lon="6.484030000">
        <ele>789.000</ele>
      </trkpt>
      <trkpt lat="45.794550000" lon="6.484100000">
        <ele>789.000</ele>
      </trkpt>
      <trkpt lat="45.794580000" lon="6.484190000">
        <ele>788.000</ele>
      </trkpt>
      <trkpt lat="45.794720000" lon="6.484520000">
        <ele>787.000</ele>
      </trkpt>
      <trkpt lat="45.794850000" lon="6.484850000">
        <ele>786.000</ele>
      </trkpt>
      <trkpt lat="45.794870000" lon="6.484940000">
        <ele>786.000</ele>
      </trkpt>
      <trkpt lat="45.794880000" lon="6.485020000">
        <ele>785.000</ele>
      </trkpt>
      <trkpt lat="45.794870000" lon="6.485120000">
        <ele>785.000</ele>
      </trkpt>
      <trkpt lat="45.794860000" lon="6.485250000">
        <ele>785.000</ele>
      </trkpt>
      <trkpt lat="45.794850000" lon="6.485390000">
        <ele>784.000</ele>
      </trkpt>
      <trkpt lat="45.794850000" lon="6.485480000">
        <ele>784.000</ele>
      </trkpt>
      <trkpt lat="45.794860000" lon="6.485540000">
        <ele>784.000</ele>
      </trkpt>
      <trkpt lat="45.794880000" lon="6.485640000">
        <ele>784.000</ele>
      </trkpt>
      <trkpt lat="45.794950000" lon="6.485890000">
        <ele>784.000</ele>
      </trkpt>
      <trkpt lat="45.794960000" lon="6.485930000">
        <ele>784.000</ele>
      </trkpt>
      <trkpt lat="45.794960000" lon="6.485990000">
        <ele>784.000</ele>
      </trkpt>
      <trkpt lat="45.794960000" lon="6.486040000">
        <ele>784.000</ele>
      </trkpt>
      <trkpt lat="45.794950000" lon="6.486100000">
        <ele>784.000</ele>
      </trkpt>
      <trkpt lat="45.794930000" lon="6.486180000">
        <ele>784.000</ele>
      </trkpt>
      <trkpt lat="45.794900000" lon="6.486240000">
        <ele>784.000</ele>
      </trkpt>
      <trkpt lat="45.794850000" lon="6.486320000">
        <ele>784.000</ele>
      </trkpt>
      <trkpt lat="45.794790000" lon="6.486410000">
        <ele>784.000</ele>
      </trkpt>
      <trkpt lat="45.794740000" lon="6.486500000">
        <ele>784.000</ele>
      </trkpt>
      <trkpt lat="45.794650000" lon="6.486720000">
        <ele>784.000</ele>
      </trkpt>
      <trkpt lat="45.794600000" lon="6.486810000">
        <ele>784.000</ele>
      </trkpt>
      <trkpt lat="45.794560000" lon="6.486880000">
        <ele>784.000</ele>
      </trkpt>
      <trkpt lat="45.794530000" lon="6.486930000">
        <ele>783.000</ele>
      </trkpt>
      <trkpt lat="45.794480000" lon="6.486980000">
        <ele>783.000</ele>
      </trkpt>
      <trkpt lat="45.794440000" lon="6.487000000">
        <ele>783.000</ele>
      </trkpt>
      <trkpt lat="45.794410000" lon="6.487000000">
        <ele>783.000</ele>
      </trkpt>
      <trkpt lat="45.794370000" lon="6.487000000">
        <ele>782.000</ele>
      </trkpt>
      <trkpt lat="45.794290000" lon="6.486990000">
        <ele>782.000</ele>
      </trkpt>
      <trkpt lat="45.794240000" lon="6.486980000">
        <ele>782.000</ele>
      </trkpt>
      <trkpt lat="45.794190000" lon="6.486970000">
        <ele>781.000</ele>
      </trkpt>
      <trkpt lat="45.794140000" lon="6.486970000">
        <ele>781.000</ele>
      </trkpt>
      <trkpt lat="45.794090000" lon="6.486980000">
        <ele>780.000</ele>
      </trkpt>
      <trkpt lat="45.793970000" lon="6.487040000">
        <ele>780.000</ele>
      </trkpt>
      <trkpt lat="45.793930000" lon="6.487050000">
        <ele>779.000</ele>
      </trkpt>
      <trkpt lat="45.793870000" lon="6.487050000">
        <ele>779.000</ele>
      </trkpt>
      <trkpt lat="45.793780000" lon="6.487030000">
        <ele>778.000</ele>
      </trkpt>
      <trkpt lat="45.793610000" lon="6.486980000">
        <ele>777.000</ele>
      </trkpt>
      <trkpt lat="45.793460000" lon="6.486930000">
        <ele>777.000</ele>
      </trkpt>
      <trkpt lat="45.793450000" lon="6.486980000">
        <ele>776.000</ele>
      </trkpt>
      <trkpt lat="45.793440000" lon="6.487010000">
        <ele>775.000</ele>
      </trkpt>
      <trkpt lat="45.793360000" lon="6.487380000">
        <ele>774.000</ele>
      </trkpt>
      <trkpt lat="45.793350000" lon="6.487450000">
        <ele>773.000</ele>
      </trkpt>
      <trkpt lat="45.793350000" lon="6.487500000">
        <ele>773.000</ele>
      </trkpt>
      <trkpt lat="45.793370000" lon="6.487540000">
        <ele>772.000</ele>
      </trkpt>
      <trkpt lat="45.793400000" lon="6.487580000">
        <ele>772.000</ele>
      </trkpt>
      <trkpt lat="45.793570000" lon="6.487690000">
        <ele>771.000</ele>
      </trkpt>
      <trkpt lat="45.793960000" lon="6.487860000">
        <ele>771.000</ele>
      </trkpt>
      <trkpt lat="45.794140000" lon="6.487990000">
        <ele>772.000</ele>
      </trkpt>
      <trkpt lat="45.794460000" lon="6.488210000">
        <ele>773.000</ele>
      </trkpt>
      <trkpt lat="45.794700000" lon="6.488370000">
        <ele>774.000</ele>
      </trkpt>
      <trkpt lat="45.794820000" lon="6.488400000">
        <ele>775.000</ele>
      </trkpt>
      <trkpt lat="45.794880000" lon="6.488440000">
        <ele>776.000</ele>
      </trkpt>
      <trkpt lat="45.795030000" lon="6.488590000">
        <ele>777.000</ele>
      </trkpt>
      <trkpt lat="45.795170000" lon="6.488690000">
        <ele>778.000</ele>
      </trkpt>
      <trkpt lat="45.795500000" lon="6.488880000">
        <ele>779.000</ele>
      </trkpt>
      <trkpt lat="45.795640000" lon="6.488940000">
        <ele>780.000</ele>
      </trkpt>
      <trkpt lat="45.795790000" lon="6.488950000">
        <ele>781.000</ele>
      </trkpt>
      <trkpt lat="45.795810000" lon="6.488970000">
        <ele>782.000</ele>
      </trkpt>
      <trkpt lat="45.795830000" lon="6.489000000">
        <ele>782.000</ele>
      </trkpt>
      <trkpt lat="45.795850000" lon="6.489050000">
        <ele>782.000</ele>
      </trkpt>
      <trkpt lat="45.795840000" lon="6.489120000">
        <ele>783.000</ele>
      </trkpt>
      <trkpt lat="45.795830000" lon="6.489150000">
        <ele>783.000</ele>
      </trkpt>
      <trkpt lat="45.795810000" lon="6.489180000">
        <ele>783.000</ele>
      </trkpt>
      <trkpt lat="45.795780000" lon="6.489190000">
        <ele>783.000</ele>
      </trkpt>
      <trkpt lat="45.795740000" lon="6.489190000">
        <ele>784.000</ele>
      </trkpt>
      <trkpt lat="45.795670000" lon="6.489170000">
        <ele>784.000</ele>
      </trkpt>
      <trkpt lat="45.795360000" lon="6.488970000">
        <ele>784.000</ele>
      </trkpt>
      <trkpt lat="45.794950000" lon="6.488810000">
        <ele>785.000</ele>
      </trkpt>
      <trkpt lat="45.794490000" lon="6.488710000">
        <ele>787.000</ele>
      </trkpt>
      <trkpt lat="45.794360000" lon="6.488670000">
        <ele>788.000</ele>
      </trkpt>
      <trkpt lat="45.794170000" lon="6.488550000">
        <ele>790.000</ele>
      </trkpt>
      <trkpt lat="45.794010000" lon="6.488490000">
        <ele>792.000</ele>
      </trkpt>
      <trkpt lat="45.793430000" lon="6.488370000">
        <ele>795.000</ele>
      </trkpt>
      <trkpt lat="45.793020000" lon="6.488260000">
        <ele>799.000</ele>
      </trkpt>
      <trkpt lat="45.792400000" lon="6.487980000">
        <ele>804.000</ele>
      </trkpt>
      <trkpt lat="45.792340000" lon="6.487970000">
        <ele>808.000</ele>
      </trkpt>
      <trkpt lat="45.792300000" lon="6.487980000">
        <ele>811.000</ele>
      </trkpt>
      <trkpt lat="45.792220000" lon="6.488010000">
        <ele>813.000</ele>
      </trkpt>
      <trkpt lat="45.792100000" lon="6.488070000">
        <ele>815.000</ele>
      </trkpt>
      <trkpt lat="45.791890000" lon="6.488140000">
        <ele>818.000</ele>
      </trkpt>
      <trkpt lat="45.791860000" lon="6.488160000">
        <ele>820.000</ele>
      </trkpt>
      <trkpt lat="45.791840000" lon="6.488180000">
        <ele>822.000</ele>
      </trkpt>
      <trkpt lat="45.791820000" lon="6.488230000">
        <ele>823.000</ele>
      </trkpt>
      <trkpt lat="45.791820000" lon="6.488290000">
        <ele>824.000</ele>
      </trkpt>
      <trkpt lat="45.791830000" lon="6.488320000">
        <ele>825.000</ele>
      </trkpt>
      <trkpt lat="45.791840000" lon="6.488350000">
        <ele>826.000</ele>
      </trkpt>
      <trkpt lat="45.791880000" lon="6.488390000">
        <ele>827.000</ele>
      </trkpt>
      <trkpt lat="45.791940000" lon="6.488420000">
        <ele>828.000</ele>
      </trkpt>
      <trkpt lat="45.791970000" lon="6.488420000">
        <ele>829.000</ele>
      </trkpt>
      <trkpt lat="45.792030000" lon="6.488420000">
        <ele>829.000</ele>
      </trkpt>
      <trkpt lat="45.792370000" lon="6.488320000">
        <ele>832.000</ele>
      </trkpt>
      <trkpt lat="45.792440000" lon="6.488320000">
        <ele>834.000</ele>
      </trkpt>
      <trkpt lat="45.792520000" lon="6.488350000">
        <ele>836.000</ele>
      </trkpt>
      <trkpt lat="45.792610000" lon="6.488430000">
        <ele>838.000</ele>
      </trkpt>
      <trkpt lat="45.793080000" lon="6.488870000">
        <ele>843.000</ele>
      </trkpt>
      <trkpt lat="45.793640000" lon="6.489210000">
        <ele>848.000</ele>
      </trkpt>
      <trkpt lat="45.794070000" lon="6.489520000">
        <ele>852.000</ele>
      </trkpt>
      <trkpt lat="45.794700000" lon="6.490080000">
        <ele>857.000</ele>
      </trkpt>
      <trkpt lat="45.794890000" lon="6.490310000">
        <ele>861.000</ele>
      </trkpt>
      <trkpt lat="45.794910000" lon="6.490350000">
        <ele>864.000</ele>
      </trkpt>
      <trkpt lat="45.794920000" lon="6.490390000">
        <ele>866.000</ele>
      </trkpt>
      <trkpt lat="45.794930000" lon="6.490480000">
        <ele>868.000</ele>
      </trkpt>
      <trkpt lat="45.794930000" lon="6.490570000">
        <ele>869.000</ele>
      </trkpt>
      <trkpt lat="45.794900000" lon="6.490960000">
        <ele>871.000</ele>
      </trkpt>
      <trkpt lat="45.794900000" lon="6.491200000">
        <ele>873.000</ele>
      </trkpt>
      <trkpt lat="45.794940000" lon="6.491460000">
        <ele>876.000</ele>
      </trkpt>
      <trkpt lat="45.795010000" lon="6.491740000">
        <ele>878.000</ele>
      </trkpt>
      <trkpt lat="45.795070000" lon="6.491930000">
        <ele>880.000</ele>
      </trkpt>
      <trkpt lat="45.795140000" lon="6.492070000">
        <ele>882.000</ele>
      </trkpt>
      <trkpt lat="45.795210000" lon="6.492170000">
        <ele>884.000</ele>
      </trkpt>
      <trkpt lat="45.795310000" lon="6.492260000">
        <ele>885.000</ele>
      </trkpt>
      <trkpt lat="45.795800000" lon="6.492610000">
        <ele>889.000</ele>
      </trkpt>
      <trkpt lat="45.795930000" lon="6.492760000">
        <ele>891.000</ele>
      </trkpt>
      <trkpt lat="45.796130000" lon="6.493100000">
        <ele>894.000</ele>
      </trkpt>
      <trkpt lat="45.796130000" lon="6.493100000">
        <ele>895.000</ele>
      </trkpt>
      <trkpt lat="45.796260000" lon="6.493320000">
        <ele>897.000</ele>
      </trkpt>
      <trkpt lat="45.796550000" lon="6.493800000">
        <ele>899.000</ele>
      </trkpt>
      <trkpt lat="45.796640000" lon="6.493990000">
        <ele>900.000</ele>
      </trkpt>
      <trkpt lat="45.797130000" lon="6.495070000">
        <ele>903.000</ele>
      </trkpt>
      <trkpt lat="45.797200000" lon="6.495290000">
        <ele>906.000</ele>
      </trkpt>
      <trkpt lat="45.797280000" lon="6.495470000">
        <ele>908.000</ele>
      </trkpt>
      <trkpt lat="45.797540000" lon="6.495920000">
        <ele>909.000</ele>
      </trkpt>
      <trkpt lat="45.797660000" lon="6.496110000">
        <ele>911.000</ele>
      </trkpt>
      <trkpt lat="45.797900000" lon="6.496430000">
        <ele>912.000</ele>
      </trkpt>
      <trkpt lat="45.798150000" lon="6.496820000">
        <ele>914.000</ele>
      </trkpt>
      <trkpt lat="45.798260000" lon="6.496950000">
        <ele>915.000</ele>
      </trkpt>
      <trkpt lat="45.798530000" lon="6.497190000">
        <ele>917.000</ele>
      </trkpt>
      <trkpt lat="45.799080000" lon="6.497870000">
        <ele>920.000</ele>
      </trkpt>
      <trkpt lat="45.799360000" lon="6.498170000">
        <ele>924.000</ele>
      </trkpt>
      <trkpt lat="45.799590000" lon="6.498380000">
        <ele>927.000</ele>
      </trkpt>
      <trkpt lat="45.800380000" lon="6.498980000">
        <ele>933.000</ele>
      </trkpt>
      <trkpt lat="45.800810000" lon="6.499340000">
        <ele>937.000</ele>
      </trkpt>
      <trkpt lat="45.800980000" lon="6.499510000">
        <ele>941.000</ele>
      </trkpt>
      <trkpt lat="45.801090000" lon="6.499640000">
        <ele>944.000</ele>
      </trkpt>
      <trkpt lat="45.801420000" lon="6.500110000">
        <ele>946.000</ele>
      </trkpt>
      <trkpt lat="45.801520000" lon="6.500270000">
        <ele>949.000</ele>
      </trkpt>
      <trkpt lat="45.801590000" lon="6.500440000">
        <ele>950.000</ele>
      </trkpt>
      <trkpt lat="45.801620000" lon="6.500550000">
        <ele>952.000</ele>
      </trkpt>
      <trkpt lat="45.801640000" lon="6.500670000">
        <ele>953.000</ele>
      </trkpt>
      <trkpt lat="45.801630000" lon="6.500790000">
        <ele>954.000</ele>
      </trkpt>
      <trkpt lat="45.801590000" lon="6.500930000">
        <ele>955.000</ele>
      </trkpt>
      <trkpt lat="45.801460000" lon="6.501180000">
        <ele>956.000</ele>
      </trkpt>
      <trkpt lat="45.801370000" lon="6.501360000">
        <ele>958.000</ele>
      </trkpt>
      <trkpt lat="45.801350000" lon="6.501480000">
        <ele>959.000</ele>
      </trkpt>
      <trkpt lat="45.801360000" lon="6.501560000">
        <ele>960.000</ele>
      </trkpt>
      <trkpt lat="45.801400000" lon="6.501630000">
        <ele>961.000</ele>
      </trkpt>
      <trkpt lat="45.801460000" lon="6.501670000">
        <ele>962.000</ele>
      </trkpt>
      <trkpt lat="45.801590000" lon="6.501730000">
        <ele>963.000</ele>
      </trkpt>
      <trkpt lat="45.801720000" lon="6.501780000">
        <ele>964.000</ele>
      </trkpt>
      <trkpt lat="45.801810000" lon="6.501790000">
        <ele>965.000</ele>
      </trkpt>
      <trkpt lat="45.802070000" lon="6.501790000">
        <ele>967.000</ele>
      </trkpt>
      <trkpt lat="45.802150000" lon="6.501830000">
        <ele>968.000</ele>
      </trkpt>
      <trkpt lat="45.802220000" lon="6.501890000">
        <ele>970.000</ele>
      </trkpt>
      <trkpt lat="45.802330000" lon="6.502050000">
        <ele>971.000</ele>
      </trkpt>
      <trkpt lat="45.802490000" lon="6.502360000">
        <ele>973.000</ele>
      </trkpt>
      <trkpt lat="45.802900000" lon="6.503110000">
        <ele>976.000</ele>
      </trkpt>
      <trkpt lat="45.803190000" lon="6.503490000">
        <ele>980.000</ele>
      </trkpt>
      <trkpt lat="45.803230000" lon="6.503560000">
        <ele>982.000</ele>
      </trkpt>
      <trkpt lat="45.803250000" lon="6.503630000">
        <ele>984.000</ele>
      </trkpt>
      <trkpt lat="45.803250000" lon="6.503690000">
        <ele>985.000</ele>
      </trkpt>
      <trkpt lat="45.803240000" lon="6.503740000">
        <ele>986.000</ele>
      </trkpt>
      <trkpt lat="45.803210000" lon="6.503780000">
        <ele>987.000</ele>
      </trkpt>
      <trkpt lat="45.803170000" lon="6.503800000">
        <ele>988.000</ele>
      </trkpt>
      <trkpt lat="45.803120000" lon="6.503780000">
        <ele>988.000</ele>
      </trkpt>
      <trkpt lat="45.803080000" lon="6.503740000">
        <ele>989.000</ele>
      </trkpt>
      <trkpt lat="45.802910000" lon="6.503440000">
        <ele>990.000</ele>
      </trkpt>
      <trkpt lat="45.802760000" lon="6.503230000">
        <ele>992.000</ele>
      </trkpt>
      <trkpt lat="45.802570000" lon="6.503000000">
        <ele>993.000</ele>
      </trkpt>
      <trkpt lat="45.802400000" lon="6.502850000">
        <ele>995.000</ele>
      </trkpt>
      <trkpt lat="45.802150000" lon="6.502690000">
        <ele>997.000</ele>
      </trkpt>
      <trkpt lat="45.801980000" lon="6.502600000">
        <ele>998.000</ele>
      </trkpt>
      <trkpt lat="45.801780000" lon="6.502530000">
        <ele>1000.000</ele>
      </trkpt>
      <trkpt lat="45.801650000" lon="6.502500000">
        <ele>1002.000</ele>
      </trkpt>
      <trkpt lat="45.801320000" lon="6.502470000">
        <ele>1004.000</ele>
      </trkpt>
      <trkpt lat="45.801060000" lon="6.502430000">
        <ele>1006.000</ele>
      </trkpt>
      <trkpt lat="45.800960000" lon="6.502400000">
        <ele>1007.000</ele>
      </trkpt>
      <trkpt lat="45.800890000" lon="6.502340000">
        <ele>1009.000</ele>
      </trkpt>
      <trkpt lat="45.800810000" lon="6.502230000">
        <ele>1010.000</ele>
      </trkpt>
      <trkpt lat="45.800690000" lon="6.501970000">
        <ele>1013.000</ele>
      </trkpt>
      <trkpt lat="45.800620000" lon="6.501850000">
        <ele>1014.000</ele>
      </trkpt>
      <trkpt lat="45.800520000" lon="6.501740000">
        <ele>1016.000</ele>
      </trkpt>
      <trkpt lat="45.799860000" lon="6.501160000">
        <ele>1021.000</ele>
      </trkpt>
      <trkpt lat="45.799550000" lon="6.500900000">
        <ele>1026.000</ele>
      </trkpt>
      <trkpt lat="45.799180000" lon="6.500520000">
        <ele>1031.000</ele>
      </trkpt>
      <trkpt lat="45.798560000" lon="6.499970000">
        <ele>1036.000</ele>
      </trkpt>
      <trkpt lat="45.798420000" lon="6.499890000">
        <ele>1041.000</ele>
      </trkpt>
      <trkpt lat="45.798280000" lon="6.499830000">
        <ele>1044.000</ele>
      </trkpt>
      <trkpt lat="45.798070000" lon="6.499800000">
        <ele>1047.000</ele>
      </trkpt>
      <trkpt lat="45.797880000" lon="6.499770000">
        <ele>1050.000</ele>
      </trkpt>
      <trkpt lat="45.797740000" lon="6.499690000">
        <ele>1052.000</ele>
      </trkpt>
      <trkpt lat="45.797580000" lon="6.499570000">
        <ele>1053.000</ele>
      </trkpt>
      <trkpt lat="45.797110000" lon="6.499300000">
        <ele>1055.000</ele>
      </trkpt>
      <trkpt lat="45.796930000" lon="6.499160000">
        <ele>1056.000</ele>
      </trkpt>
      <trkpt lat="45.796690000" lon="6.498910000">
        <ele>1057.000</ele>
      </trkpt>
      <trkpt lat="45.796460000" lon="6.498640000">
        <ele>1058.000</ele>
      </trkpt>
      <trkpt lat="45.795990000" lon="6.498220000">
        <ele>1059.000</ele>
      </trkpt>
      <trkpt lat="45.795810000" lon="6.498090000">
        <ele>1061.000</ele>
      </trkpt>
      <trkpt lat="45.795650000" lon="6.498020000">
        <ele>1063.000</ele>
      </trkpt>
      <trkpt lat="45.795280000" lon="6.497950000">
        <ele>1066.000</ele>
      </trkpt>
      <trkpt lat="45.795170000" lon="6.497940000">
        <ele>1068.000</ele>
      </trkpt>
      <trkpt lat="45.795110000" lon="6.497920000">
        <ele>1070.000</ele>
      </trkpt>
      <trkpt lat="45.795060000" lon="6.497890000">
        <ele>1072.000</ele>
      </trkpt>
      <trkpt lat="45.795020000" lon="6.497840000">
        <ele>1073.000</ele>
      </trkpt>
      <trkpt lat="45.794970000" lon="6.497750000">
        <ele>1074.000</ele>
      </trkpt>
      <trkpt lat="45.794930000" lon="6.497630000">
        <ele>1075.000</ele>
      </trkpt>
      <trkpt lat="45.794880000" lon="6.497500000">
        <ele>1077.000</ele>
      </trkpt>
      <trkpt lat="45.794770000" lon="6.497330000">
        <ele>1078.000</ele>
      </trkpt>
      <trkpt lat="45.794600000" lon="6.497110000">
        <ele>1080.000</ele>
      </trkpt>
      <trkpt lat="45.794020000" lon="6.496490000">
        <ele>1085.000</ele>
      </trkpt>
      <trkpt lat="45.793560000" lon="6.496070000">
        <ele>1090.000</ele>
      </trkpt>
      <trkpt lat="45.793290000" lon="6.495870000">
        <ele>1094.000</ele>
      </trkpt>
      <trkpt lat="45.793140000" lon="6.495780000">
        <ele>1097.000</ele>
      </trkpt>
      <trkpt lat="45.793140000" lon="6.495780000">
        <ele>1099.000</ele>
      </trkpt>
      <trkpt lat="45.793020000" lon="6.495710000">
        <ele>1100.000</ele>
      </trkpt>
      <trkpt lat="45.792680000" lon="6.495570000">
        <ele>1103.000</ele>
      </trkpt>
      <trkpt lat="45.791900000" lon="6.495190000">
        <ele>1106.000</ele>
      </trkpt>
      <trkpt lat="45.791260000" lon="6.494880000">
        <ele>1110.000</ele>
      </trkpt>
      <trkpt lat="45.790470000" lon="6.494520000">
        <ele>1114.000</ele>
      </trkpt>
      <trkpt lat="45.790160000" lon="6.494420000">
        <ele>1117.000</ele>
      </trkpt>
      <trkpt lat="45.789830000" lon="6.494380000">
        <ele>1121.000</ele>
      </trkpt>
      <trkpt lat="45.789570000" lon="6.494380000">
        <ele>1124.000</ele>
      </trkpt>
      <trkpt lat="45.789110000" lon="6.494340000">
        <ele>1128.000</ele>
      </trkpt>
      <trkpt lat="45.788690000" lon="6.494300000">
        <ele>1133.000</ele>
      </trkpt>
      <trkpt lat="45.787760000" lon="6.494270000">
        <ele>1140.000</ele>
      </trkpt>
      <trkpt lat="45.787520000" lon="6.494230000">
        <ele>1144.000</ele>
      </trkpt>
      <trkpt lat="45.787260000" lon="6.494150000">
        <ele>1148.000</ele>
      </trkpt>
      <trkpt lat="45.786810000" lon="6.493970000">
        <ele>1150.000</ele>
      </trkpt>
      <trkpt lat="45.786480000" lon="6.493850000">
        <ele>1152.000</ele>
      </trkpt>
      <trkpt lat="45.786350000" lon="6.493850000">
        <ele>1154.000</ele>
      </trkpt>
      <trkpt lat="45.786220000" lon="6.493870000">
        <ele>1155.000</ele>
      </trkpt>
      <trkpt lat="45.786070000" lon="6.493930000">
        <ele>1156.000</ele>
      </trkpt>
      <trkpt lat="45.785960000" lon="6.494000000">
        <ele>1156.000</ele>
      </trkpt>
      <trkpt lat="45.785910000" lon="6.494070000">
        <ele>1157.000</ele>
      </trkpt>
      <trkpt lat="45.785880000" lon="6.494140000">
        <ele>1157.000</ele>
      </trkpt>
      <trkpt lat="45.785870000" lon="6.494210000">
        <ele>1158.000</ele>
      </trkpt>
      <trkpt lat="45.785880000" lon="6.494280000">
        <ele>1158.000</ele>
      </trkpt>
      <trkpt lat="45.785910000" lon="6.494350000">
        <ele>1159.000</ele>
      </trkpt>
      <trkpt lat="45.785950000" lon="6.494380000">
        <ele>1159.000</ele>
      </trkpt>
      <trkpt lat="45.786030000" lon="6.494400000">
        <ele>1159.000</ele>
      </trkpt>
      <trkpt lat="45.786160000" lon="6.494420000">
        <ele>1160.000</ele>
      </trkpt>
      <trkpt lat="45.786250000" lon="6.494460000">
        <ele>1161.000</ele>
      </trkpt>
      <trkpt lat="45.786320000" lon="6.494520000">
        <ele>1161.000</ele>
      </trkpt>
      <trkpt lat="45.786390000" lon="6.494610000">
        <ele>1162.000</ele>
      </trkpt>
      <trkpt lat="45.786480000" lon="6.494760000">
        <ele>1163.000</ele>
      </trkpt>
      <trkpt lat="45.786580000" lon="6.494900000">
        <ele>1163.000</ele>
      </trkpt>
      <trkpt lat="45.786750000" lon="6.495090000">
        <ele>1164.000</ele>
      </trkpt>
      <trkpt lat="45.786870000" lon="6.495190000">
        <ele>1165.000</ele>
      </trkpt>
      <trkpt lat="45.787080000" lon="6.495330000">
        <ele>1167.000</ele>
      </trkpt>
      <trkpt lat="45.787300000" lon="6.495400000">
        <ele>1168.000</ele>
      </trkpt>
      <trkpt lat="45.787510000" lon="6.495560000">
        <ele>1170.000</ele>
      </trkpt>
      <trkpt lat="45.787710000" lon="6.495780000">
        <ele>1172.000</ele>
      </trkpt>
      <trkpt lat="45.788290000" lon="6.496410000">
        <ele>1175.000</ele>
      </trkpt>
      <trkpt lat="45.788470000" lon="6.496630000">
        <ele>1179.000</ele>
      </trkpt>
      <trkpt lat="45.788670000" lon="6.496880000">
        <ele>1182.000</ele>
      </trkpt>
      <trkpt lat="45.788980000" lon="6.497210000">
        <ele>1186.000</ele>
      </trkpt>
      <trkpt lat="45.789090000" lon="6.497330000">
        <ele>1188.000</ele>
      </trkpt>
      <trkpt lat="45.789090000" lon="6.497330000">
        <ele>1190.000</ele>
      </trkpt>
      <trkpt lat="45.789390000" lon="6.497670000">
        <ele>1192.000</ele>
      </trkpt>
      <trkpt lat="45.790170000" lon="6.498540000">
        <ele>1196.000</ele>
      </trkpt>
      <trkpt lat="45.790210000" lon="6.498620000">
        <ele>1199.000</ele>
      </trkpt>
      <trkpt lat="45.790220000" lon="6.498690000">
        <ele>1201.000</ele>
      </trkpt>
      <trkpt lat="45.790230000" lon="6.498800000">
        <ele>1203.000</ele>
      </trkpt>
      <trkpt lat="45.790220000" lon="6.498930000">
        <ele>1204.000</ele>
      </trkpt>
      <trkpt lat="45.790200000" lon="6.499070000">
        <ele>1205.000</ele>
      </trkpt>
      <trkpt lat="45.790120000" lon="6.499410000">
        <ele>1206.000</ele>
      </trkpt>
      <trkpt lat="45.790080000" lon="6.499630000">
        <ele>1207.000</ele>
      </trkpt>
      <trkpt lat="45.790070000" lon="6.499730000">
        <ele>1207.000</ele>
      </trkpt>
      <trkpt lat="45.790070000" lon="6.499810000">
        <ele>1208.000</ele>
      </trkpt>
      <trkpt lat="45.790090000" lon="6.499950000">
        <ele>1208.000</ele>
      </trkpt>
      <trkpt lat="45.790160000" lon="6.500250000">
        <ele>1208.000</ele>
      </trkpt>
      <trkpt lat="45.790210000" lon="6.500370000">
        <ele>1209.000</ele>
      </trkpt>
      <trkpt lat="45.790310000" lon="6.500440000">
        <ele>1209.000</ele>
      </trkpt>
      <trkpt lat="45.790400000" lon="6.500470000">
        <ele>1209.000</ele>
      </trkpt>
      <trkpt lat="45.790620000" lon="6.500560000">
        <ele>1209.000</ele>
      </trkpt>
      <trkpt lat="45.790720000" lon="6.500610000">
        <ele>1209.000</ele>
      </trkpt>
      <trkpt lat="45.791070000" lon="6.500790000">
        <ele>1210.000</ele>
      </trkpt>
      <trkpt lat="45.791430000" lon="6.500980000">
        <ele>1210.000</ele>
      </trkpt>
      <trkpt lat="45.791640000" lon="6.501120000">
        <ele>1211.000</ele>
      </trkpt>
    </trkseg>
  </trk>
</gpx>
